measurement_id,visit_occurrence_id,person_id,measurement_concept_id,measurement_source_value,measurement_date,measurement_type_concept_id,value_as_number,value_as_concept_id,unit_concept_id,range_low,range_high,unit_source_value,value_source_value
600001,600001,600001,3000963,,2022-07-04,32856,12.8,,8713,12,17,g/dL,12.8
600002,600001,600001,3010813,,2022-07-04,32856,7,,8848,4,10,10^3/uL,7.0
600003,600001,600001,3017732,,2022-07-04,32856,2.3,,8848,1.5,7.5,10^3/uL,2.3
600004,600001,600001,3024929,,2022-07-04,32856,271.9,,8848,150,400,10^3/uL,271.9
600005,600001,600001,3016723,,2022-07-04,32856,0.86,,8840,0.6,1.2,mg/dL,0.86
600006,600001,600001,3013721,,2022-07-04,32856,24.8,,8645,0,40,U/L,24.8
600007,600001,600001,3006923,,2022-07-04,32856,24.8,,8645,0,40,U/L,24.8
600008,600001,600001,3020491,,2022-07-04,32856,4.58,,8713,3.5,5.2,g/dL,4.58
600009,600001,600001,3024128,,2022-07-04,32856,0.93,,8840,0.2,1.2,mg/dL,0.93
600010,600001,600001,3022250,,2022-07-04,32856,273.1,,8645,120,250,U/L,273.1
600011,600001,600001,3006315,,2022-07-04,32856,2.9,,8859,0.8,2.2,mg/L,2.9
600012,600001,600001,3036277,,2022-07-04,32856,164.6,,8582,150,185,cm,164.6
600013,600001,600001,3025315,,2022-07-04,32856,59.7,,9529,45,90,kg,59.7
600014,600002,600001,3000963,,2022-07-24,32856,13.2,,8713,12,17,g/dL,13.2
600015,600002,600001,3010813,,2022-07-24,32856,7.6,,8848,4,10,10^3/uL,7.6
600016,600002,600001,3017732,,2022-07-24,32856,4.1,,8848,1.5,7.5,10^3/uL,4.1
600017,600002,600001,3024929,,2022-07-24,32856,212,,8848,150,400,10^3/uL,212.0
600018,600002,600001,3016723,,2022-07-24,32856,1.04,,8840,0.6,1.2,mg/dL,1.04
600019,600002,600001,3013721,,2022-07-24,32856,12.9,,8645,0,40,U/L,12.9
600020,600002,600001,3006923,,2022-07-24,32856,57.7,,8645,0,40,U/L,57.7
600021,600003,600001,3000963,,2022-08-14,32856,11.7,,8713,12,17,g/dL,11.7
600022,600003,600001,3010813,,2022-08-14,32856,7.5,,8848,4,10,10^3/uL,7.5
600023,600003,600001,3017732,,2022-08-14,32856,6.1,,8848,1.5,7.5,10^3/uL,6.1
600024,600003,600001,3024929,,2022-08-14,32856,135.3,,8848,150,400,10^3/uL,135.3
600025,600003,600001,3016723,,2022-08-14,32856,0.45,,8840,0.6,1.2,mg/dL,0.45
600026,600003,600001,3013721,,2022-08-14,32856,68.4,,8645,0,40,U/L,68.4
600027,600003,600001,3006923,,2022-08-14,32856,21.1,,8645,0,40,U/L,21.1
600028,600004,600001,3000963,,2022-09-04,32856,9.8,,8713,12,17,g/dL,9.8
600029,600004,600001,3010813,,2022-09-04,32856,10.7,,8848,4,10,10^3/uL,10.7
600030,600004,600001,3017732,,2022-09-04,32856,7.8,,8848,1.5,7.5,10^3/uL,7.8
600031,600004,600001,3024929,,2022-09-04,32856,203.1,,8848,150,400,10^3/uL,203.1
600032,600004,600001,3016723,,2022-09-04,32856,1.22,,8840,0.6,1.2,mg/dL,1.22
600033,600004,600001,3013721,,2022-09-04,32856,41.7,,8645,0,40,U/L,41.7
600034,600004,600001,3006923,,2022-09-04,32856,29.5,,8645,0,40,U/L,29.5
600035,600005,600001,3000963,,2022-09-25,32856,10.3,,8713,12,17,g/dL,10.3
600036,600005,600001,3010813,,2022-09-25,32856,6.9,,8848,4,10,10^3/uL,6.9
600037,600005,600001,3017732,,2022-09-25,32856,1,,8848,1.5,7.5,10^3/uL,1.0
600038,600005,600001,3024929,,2022-09-25,32856,286.3,,8848,150,400,10^3/uL,286.3
600039,600005,600001,3016723,,2022-09-25,32856,0.95,,8840,0.6,1.2,mg/dL,0.95
600040,600005,600001,3013721,,2022-09-25,32856,16.1,,8645,0,40,U/L,16.1
600041,600005,600001,3006923,,2022-09-25,32856,18,,8645,0,40,U/L,18.0
600042,600006,600001,3000963,,2022-10-16,32856,15.5,,8713,12,17,g/dL,15.5
600043,600006,600001,3010813,,2022-10-16,32856,7.8,,8848,4,10,10^3/uL,7.8
600044,600006,600001,3017732,,2022-10-16,32856,2.7,,8848,1.5,7.5,10^3/uL,2.7
600045,600006,600001,3024929,,2022-10-16,32856,316.3,,8848,150,400,10^3/uL,316.3
600046,600006,600001,3016723,,2022-10-16,32856,0.81,,8840,0.6,1.2,mg/dL,0.81
600047,600006,600001,3013721,,2022-10-16,32856,42.3,,8645,0,40,U/L,42.3
600048,600006,600001,3006923,,2022-10-16,32856,88,,8645,0,40,U/L,88.0
600049,600007,600001,3000963,,2022-11-06,32856,11.7,,8713,12,17,g/dL,11.7
600050,600007,600001,3010813,,2022-11-06,32856,6.1,,8848,4,10,10^3/uL,6.1
600051,600007,600001,3017732,,2022-11-06,32856,0.4,,8848,1.5,7.5,10^3/uL,0.4
600052,600007,600001,3024929,,2022-11-06,32856,241.7,,8848,150,400,10^3/uL,241.7
600053,600007,600001,3016723,,2022-11-06,32856,0.81,,8840,0.6,1.2,mg/dL,0.81
600054,600007,600001,3013721,,2022-11-06,32856,13.1,,8645,0,40,U/L,13.1
600055,600007,600001,3006923,,2022-11-06,32856,1.9,,8645,0,40,U/L,1.9
600056,600013,600001,3000963,,2023-03-11,32856,12.7,,8713,12,17,g/dL,12.7
600057,600013,600001,3022250,,2023-03-11,32856,243.3,,8645,120,250,U/L,243.3
600058,600014,600001,3000963,,2023-07-27,32856,9,,8713,12,17,g/dL,9.0
600059,600014,600001,3022250,,2023-07-27,32856,105.2,,8645,120,250,U/L,105.2
600060,600015,600001,3000963,,2023-12-14,32856,12.3,,8713,12,17,g/dL,12.3
600061,600015,600001,3022250,,2023-12-14,32856,368.1,,8645,120,250,U/L,368.1
600062,600016,600001,3000963,,2024-04-14,32856,7.8,,8713,12,17,g/dL,7.8
600063,600016,600001,3022250,,2024-04-14,32856,326.2,,8645,120,250,U/L,326.2
600064,600018,600001,3000963,,2024-07-06,32856,12.3,,8713,12,17,g/dL,12.3
600065,600018,600001,3010813,,2024-07-06,32856,4.2,,8848,4,10,10^3/uL,4.2
600066,600018,600001,3017732,,2024-07-06,32856,3.4,,8848,1.5,7.5,10^3/uL,3.4
600067,600018,600001,3024929,,2024-07-06,32856,138.1,,8848,150,400,10^3/uL,138.1
600068,600018,600001,3016723,,2024-07-06,32856,0.94,,8840,0.6,1.2,mg/dL,0.94
600069,600018,600001,3013721,,2024-07-06,32856,44.4,,8645,0,40,U/L,44.4
600070,600018,600001,3006923,,2024-07-06,32856,13.7,,8645,0,40,U/L,13.7
600071,600019,600001,3000963,,2024-07-27,32856,12.2,,8713,12,17,g/dL,12.2
600072,600019,600001,3010813,,2024-07-27,32856,6.4,,8848,4,10,10^3/uL,6.4
600073,600019,600001,3017732,,2024-07-27,32856,0,,8848,1.5,7.5,10^3/uL,0.0
600074,600019,600001,3024929,,2024-07-27,32856,147.6,,8848,150,400,10^3/uL,147.6
600075,600019,600001,3016723,,2024-07-27,32856,0.96,,8840,0.6,1.2,mg/dL,0.96
600076,600019,600001,3013721,,2024-07-27,32856,53.6,,8645,0,40,U/L,53.6
600077,600019,600001,3006923,,2024-07-27,32856,56.3,,8645,0,40,U/L,56.3
600078,600020,600001,3000963,,2024-08-17,32856,14.4,,8713,12,17,g/dL,14.4
600079,600020,600001,3010813,,2024-08-17,32856,6.2,,8848,4,10,10^3/uL,6.2
600080,600020,600001,3017732,,2024-08-17,32856,2.9,,8848,1.5,7.5,10^3/uL,2.9
600081,600020,600001,3024929,,2024-08-17,32856,267.8,,8848,150,400,10^3/uL,267.8
600082,600020,600001,3016723,,2024-08-17,32856,0.81,,8840,0.6,1.2,mg/dL,0.81
600083,600020,600001,3013721,,2024-08-17,32856,57.8,,8645,0,40,U/L,57.8
600084,600020,600001,3006923,,2024-08-17,32856,32,,8645,0,40,U/L,32.0
600085,600024,600001,3020460,,2024-10-15,32856,58.4,,8859,0,5,mg/L,58.4
600086,600024,600001,3010813,,2024-10-15,32856,5.1,,8848,4,10,10^3/uL,5.1
600087,600024,600001,3017732,,2024-10-15,32856,1.2,,8848,1.5,7.5,10^3/uL,1.2
600088,600026,600001,3000963,,2025-03-04,32856,12.6,,8713,12,17,g/dL,12.6
600089,600026,600001,3022250,,2025-03-04,32856,381.7,,8645,120,250,U/L,381.7
600090,600027,600001,3000963,,2025-06-17,32856,14.6,,8713,12,17,g/dL,14.6
600091,600027,600001,3022250,,2025-06-17,32856,34.2,,8645,120,250,U/L,34.2
600092,600028,600001,3000963,,2025-10-01,32856,11.2,,8713,12,17,g/dL,11.2
600093,600028,600001,3022250,,2025-10-01,32856,104.7,,8645,120,250,U/L,104.7
600094,600029,600001,3000963,,2026-01-09,32856,11.7,,8713,12,17,g/dL,11.7
600095,600029,600001,3022250,,2026-01-09,32856,175,,8645,120,250,U/L,175.0
600096,600030,600001,3000963,,2026-05-02,32856,15.8,,8713,12,17,g/dL,15.8
600097,600030,600001,3022250,,2026-05-02,32856,274.7,,8645,120,250,U/L,274.7
600098,600031,600002,3000963,,2022-09-14,32856,11.8,,8713,12,17,g/dL,11.8
600099,600031,600002,3010813,,2022-09-14,32856,6.5,,8848,4,10,10^3/uL,6.5
600100,600031,600002,3017732,,2022-09-14,32856,2.2,,8848,1.5,7.5,10^3/uL,2.2
600101,600031,600002,3024929,,2022-09-14,32856,144,,8848,150,400,10^3/uL,144.0
600102,600031,600002,3016723,,2022-09-14,32856,0.82,,8840,0.6,1.2,mg/dL,0.82
600103,600031,600002,3013721,,2022-09-14,32856,49.3,,8645,0,40,U/L,49.3
600104,600031,600002,3006923,,2022-09-14,32856,37.1,,8645,0,40,U/L,37.1
600105,600031,600002,3020491,,2022-09-14,32856,3.91,,8713,3.5,5.2,g/dL,3.91
600106,600031,600002,3024128,,2022-09-14,32856,0.49,,8840,0.2,1.2,mg/dL,0.49
600107,600031,600002,3022250,,2022-09-14,32856,160.3,,8645,120,250,U/L,160.3
600108,600031,600002,3006315,,2022-09-14,32856,4.4,,8859,0.8,2.2,mg/L,4.4
600109,600031,600002,3036277,,2022-09-14,32856,171.3,,8582,150,185,cm,171.3
600110,600031,600002,3025315,,2022-09-14,32856,65.9,,9529,45,90,kg,65.9
600111,600032,600002,3000963,,2022-10-09,32856,11.5,,8713,12,17,g/dL,11.5
600112,600032,600002,3010813,,2022-10-09,32856,3.9,,8848,4,10,10^3/uL,3.9
600113,600032,600002,3017732,,2022-10-09,32856,3.8,,8848,1.5,7.5,10^3/uL,3.8
600114,600032,600002,3024929,,2022-10-09,32856,263.8,,8848,150,400,10^3/uL,263.8
600115,600032,600002,3016723,,2022-10-09,32856,0.79,,8840,0.6,1.2,mg/dL,0.79
600116,600032,600002,3013721,,2022-10-09,32856,60.2,,8645,0,40,U/L,60.2
600117,600032,600002,3006923,,2022-10-09,32856,25.6,,8645,0,40,U/L,25.6
600118,600033,600002,3000963,,2022-10-30,32856,10.3,,8713,12,17,g/dL,10.3
600119,600033,600002,3010813,,2022-10-30,32856,7.7,,8848,4,10,10^3/uL,7.7
600120,600033,600002,3017732,,2022-10-30,32856,5.7,,8848,1.5,7.5,10^3/uL,5.7
600121,600033,600002,3024929,,2022-10-30,32856,165.6,,8848,150,400,10^3/uL,165.6
600122,600033,600002,3016723,,2022-10-30,32856,1.05,,8840,0.6,1.2,mg/dL,1.05
600123,600033,600002,3013721,,2022-10-30,32856,54.2,,8645,0,40,U/L,54.2
600124,600033,600002,3006923,,2022-10-30,32856,32.1,,8645,0,40,U/L,32.1
600125,600034,600002,3000963,,2022-11-20,32856,9.9,,8713,12,17,g/dL,9.9
600126,600034,600002,3010813,,2022-11-20,32856,3.8,,8848,4,10,10^3/uL,3.8
600127,600034,600002,3017732,,2022-11-20,32856,5,,8848,1.5,7.5,10^3/uL,5.0
600128,600034,600002,3024929,,2022-11-20,32856,231.6,,8848,150,400,10^3/uL,231.6
600129,600034,600002,3016723,,2022-11-20,32856,1.01,,8840,0.6,1.2,mg/dL,1.01
600130,600034,600002,3013721,,2022-11-20,32856,27.3,,8645,0,40,U/L,27.3
600131,600034,600002,3006923,,2022-11-20,32856,86.1,,8645,0,40,U/L,86.1
600132,600035,600002,3000963,,2022-12-11,32856,8.6,,8713,12,17,g/dL,8.6
600133,600035,600002,3010813,,2022-12-11,32856,9.1,,8848,4,10,10^3/uL,9.1
600134,600035,600002,3017732,,2022-12-11,32856,1.9,,8848,1.5,7.5,10^3/uL,1.9
600135,600035,600002,3024929,,2022-12-11,32856,193.5,,8848,150,400,10^3/uL,193.5
600136,600035,600002,3016723,,2022-12-11,32856,0.51,,8840,0.6,1.2,mg/dL,0.51
600137,600035,600002,3013721,,2022-12-11,32856,64.9,,8645,0,40,U/L,64.9
600138,600035,600002,3006923,,2022-12-11,32856,39.1,,8645,0,40,U/L,39.1
600139,600036,600002,3000963,,2023-01-01,32856,9.9,,8713,12,17,g/dL,9.9
600140,600036,600002,3010813,,2023-01-01,32856,5.1,,8848,4,10,10^3/uL,5.1
600141,600036,600002,3017732,,2023-01-01,32856,2,,8848,1.5,7.5,10^3/uL,2.0
600142,600036,600002,3024929,,2023-01-01,32856,163.5,,8848,150,400,10^3/uL,163.5
600143,600036,600002,3016723,,2023-01-01,32856,0.95,,8840,0.6,1.2,mg/dL,0.95
600144,600036,600002,3013721,,2023-01-01,32856,15.7,,8645,0,40,U/L,15.7
600145,600036,600002,3006923,,2023-01-01,32856,63.9,,8645,0,40,U/L,63.9
600146,600037,600002,3000963,,2023-01-22,32856,13.8,,8713,12,17,g/dL,13.8
600147,600037,600002,3010813,,2023-01-22,32856,2.8,,8848,4,10,10^3/uL,2.8
600148,600037,600002,3017732,,2023-01-22,32856,0,,8848,1.5,7.5,10^3/uL,0
600149,600037,600002,3024929,,2023-01-22,32856,298.5,,8848,150,400,10^3/uL,298.5
600150,600037,600002,3016723,,2023-01-22,32856,1.21,,8840,0.6,1.2,mg/dL,1.21
600151,600037,600002,3013721,,2023-01-22,32856,14.2,,8645,0,40,U/L,14.2
600152,600037,600002,3006923,,2023-01-22,32856,34.3,,8645,0,40,U/L,34.3
600153,600042,600002,3000963,,2023-06-16,32856,8.3,,8713,12,17,g/dL,8.3
600154,600042,600002,3022250,,2023-06-16,32856,319.6,,8645,120,250,U/L,319.6
600155,600043,600002,3000963,,2023-12-10,32856,14.3,,8713,12,17,g/dL,14.3
600156,600043,600002,3022250,,2023-12-10,32856,302.6,,8645,120,250,U/L,302.6
600157,600044,600002,3000963,,2024-05-09,32856,14.3,,8713,12,17,g/dL,14.3
600158,600044,600002,3022250,,2024-05-09,32856,301.1,,8645,120,250,U/L,301.1
600159,600045,600002,3000963,,2024-09-01,32856,10.7,,8713,12,17,g/dL,10.7
600160,600045,600002,3022250,,2024-09-01,32856,261.2,,8645,120,250,U/L,261.2
600161,600046,600002,3000963,,2024-12-08,32856,9.3,,8713,12,17,g/dL,9.3
600162,600046,600002,3022250,,2024-12-08,32856,208.1,,8645,120,250,U/L,208.1
600163,600047,600002,3000963,,2025-06-01,32856,11.9,,8713,12,17,g/dL,11.9
600164,600047,600002,3022250,,2025-06-01,32856,323.9,,8645,120,250,U/L,323.9
600165,600048,600002,3000963,,2025-11-14,32856,11.4,,8713,12,17,g/dL,11.4
600166,600048,600002,3022250,,2025-11-14,32856,252.9,,8645,120,250,U/L,252.9
600167,600049,600002,3000963,,2026-02-28,32856,12.4,,8713,12,17,g/dL,12.4
600168,600049,600002,3022250,,2026-02-28,32856,248.9,,8645,120,250,U/L,248.9
600169,600050,600003,3000963,,2023-01-29,32856,10.4,,8713,12,17,g/dL,10.4
600170,600050,600003,3010813,,2023-01-29,32856,8.3,,8848,4,10,10^3/uL,8.3
600171,600050,600003,3017732,,2023-01-29,32856,3.6,,8848,1.5,7.5,10^3/uL,3.6
600172,600050,600003,3024929,,2023-01-29,32856,135.1,,8848,150,400,10^3/uL,135.1
600173,600050,600003,3016723,,2023-01-29,32856,0.91,,8840,0.6,1.2,mg/dL,0.91
600174,600050,600003,3013721,,2023-01-29,32856,32.6,,8645,0,40,U/L,32.6
600175,600050,600003,3006923,,2023-01-29,32856,64.7,,8645,0,40,U/L,64.7
600176,600050,600003,3020491,,2023-01-29,32856,3.57,,8713,3.5,5.2,g/dL,3.57
600177,600050,600003,3024128,,2023-01-29,32856,1.04,,8840,0.2,1.2,mg/dL,1.04
600178,600050,600003,3022250,,2023-01-29,32856,301.2,,8645,120,250,U/L,301.2
600179,600050,600003,3006315,,2023-01-29,32856,2.6,,8859,0.8,2.2,mg/L,2.6
600180,600050,600003,3036277,,2023-01-29,32856,160.9,,8582,150,185,cm,160.9
600181,600050,600003,3025315,,2023-01-29,32856,51.5,,9529,45,90,kg,51.5
600182,600051,600003,3000963,,2023-02-17,32856,12.1,,8713,12,17,g/dL,12.1
600183,600051,600003,3010813,,2023-02-17,32856,5.8,,8848,4,10,10^3/uL,5.8
600184,600051,600003,3017732,,2023-02-17,32856,3,,8848,1.5,7.5,10^3/uL,3.0
600185,600051,600003,3024929,,2023-02-17,32856,199.7,,8848,150,400,10^3/uL,199.7
600186,600051,600003,3016723,,2023-02-17,32856,0.87,,8840,0.6,1.2,mg/dL,0.87
600187,600051,600003,3013721,,2023-02-17,32856,23.6,,8645,0,40,U/L,23.6
600188,600051,600003,3006923,,2023-02-17,32856,18.9,,8645,0,40,U/L,18.9
600189,600052,600003,3000963,,2023-03-10,32856,11.9,,8713,12,17,g/dL,11.9
600190,600052,600003,3010813,,2023-03-10,32856,9.4,,8848,4,10,10^3/uL,9.4
600191,600052,600003,3017732,,2023-03-10,32856,4.2,,8848,1.5,7.5,10^3/uL,4.2
600192,600052,600003,3024929,,2023-03-10,32856,248.5,,8848,150,400,10^3/uL,248.5
600193,600052,600003,3016723,,2023-03-10,32856,0.7,,8840,0.6,1.2,mg/dL,0.7
600194,600052,600003,3013721,,2023-03-10,32856,16,,8645,0,40,U/L,16.0
600195,600052,600003,3006923,,2023-03-10,32856,60.8,,8645,0,40,U/L,60.8
600196,600055,600003,3000963,,2023-04-03,32856,15.1,,8713,12,17,g/dL,15.1
600197,600055,600003,3010813,,2023-04-03,32856,5.3,,8848,4,10,10^3/uL,5.3
600198,600055,600003,3017732,,2023-04-03,32856,4.3,,8848,1.5,7.5,10^3/uL,4.3
600199,600055,600003,3024929,,2023-04-03,32856,268.4,,8848,150,400,10^3/uL,268.4
600200,600055,600003,3016723,,2023-04-03,32856,0.9,,8840,0.6,1.2,mg/dL,0.9
600201,600055,600003,3013721,,2023-04-03,32856,43.2,,8645,0,40,U/L,43.2
600202,600055,600003,3006923,,2023-04-03,32856,68.6,,8645,0,40,U/L,68.6
600203,600056,600003,3000963,,2023-04-24,32856,15.2,,8713,12,17,g/dL,15.2
600204,600056,600003,3010813,,2023-04-24,32856,7.1,,8848,4,10,10^3/uL,7.1
600205,600056,600003,3017732,,2023-04-24,32856,4.7,,8848,1.5,7.5,10^3/uL,4.7
600206,600056,600003,3024929,,2023-04-24,32856,247.5,,8848,150,400,10^3/uL,247.5
600207,600056,600003,3016723,,2023-04-24,32856,0.84,,8840,0.6,1.2,mg/dL,0.84
600208,600056,600003,3013721,,2023-04-24,32856,20.9,,8645,0,40,U/L,20.9
600209,600056,600003,3006923,,2023-04-24,32856,63.9,,8645,0,40,U/L,63.9
600210,600057,600003,3000963,,2023-05-15,32856,11.4,,8713,12,17,g/dL,11.4
600211,600057,600003,3010813,,2023-05-15,32856,5,,8848,4,10,10^3/uL,5.0
600212,600057,600003,3017732,,2023-05-15,32856,4.6,,8848,1.5,7.5,10^3/uL,4.6
600213,600057,600003,3024929,,2023-05-15,32856,287.6,,8848,150,400,10^3/uL,287.6
600214,600057,600003,3016723,,2023-05-15,32856,0.94,,8840,0.6,1.2,mg/dL,0.94
600215,600057,600003,3013721,,2023-05-15,32856,26.2,,8645,0,40,U/L,26.2
600216,600057,600003,3006923,,2023-05-15,32856,29.2,,8645,0,40,U/L,29.2
600217,600060,600003,3020460,,2023-07-22,32856,201.9,,8859,0,5,mg/L,201.9
600218,600060,600003,3010813,,2023-07-22,32856,6.4,,8848,4,10,10^3/uL,6.4
600219,600060,600003,3017732,,2023-07-22,32856,0,,8848,1.5,7.5,10^3/uL,0
600220,600062,600003,3000963,,2023-12-09,32856,11.3,,8713,12,17,g/dL,11.3
600221,600062,600003,3022250,,2023-12-09,32856,155.6,,8645,120,250,U/L,155.6
600222,600063,600003,3000963,,2024-04-13,32856,10.7,,8713,12,17,g/dL,10.7
600223,600063,600003,3022250,,2024-04-13,32856,456,,8645,120,250,U/L,456.0
600224,600064,600003,3000963,,2024-10-03,32856,12.1,,8713,12,17,g/dL,12.1
600225,600064,600003,3022250,,2024-10-03,32856,347.8,,8645,120,250,U/L,347.8
600226,600065,600003,3000963,,2025-01-02,32856,9.2,,8713,12,17,g/dL,9.2
600227,600065,600003,3022250,,2025-01-02,32856,153.9,,8645,120,250,U/L,153.9
600228,600066,600003,3000963,,2025-05-13,32856,14.8,,8713,12,17,g/dL,14.8
600229,600066,600003,3022250,,2025-05-13,32856,236.4,,8645,120,250,U/L,236.4
600230,600067,600003,3000963,,2025-10-14,32856,14.3,,8713,12,17,g/dL,14.3
600231,600067,600003,3022250,,2025-10-14,32856,260.9,,8645,120,250,U/L,260.9
600232,600068,600003,3000963,,2026-04-02,32856,11.6,,8713,12,17,g/dL,11.6
600233,600068,600003,3022250,,2026-04-02,32856,238.3,,8645,120,250,U/L,238.3
600234,600069,600003,3000963,,2026-07-31,32856,12.6,,8713,12,17,g/dL,12.6
600235,600069,600003,3022250,,2026-07-31,32856,432.7,,8645,120,250,U/L,432.7
600236,600070,600004,3000963,,2023-05-23,32856,11.3,,8713,12,17,g/dL,11.3
600237,600070,600004,3010813,,2023-05-23,32856,6,,8848,4,10,10^3/uL,6.0
600238,600070,600004,3017732,,2023-05-23,32856,7.3,,8848,1.5,7.5,10^3/uL,7.3
600239,600070,600004,3024929,,2023-05-23,32856,336.9,,8848,150,400,10^3/uL,336.9
600240,600070,600004,3016723,,2023-05-23,32856,0.78,,8840,0.6,1.2,mg/dL,0.78
600241,600070,600004,3013721,,2023-05-23,32856,51.5,,8645,0,40,U/L,51.5
600242,600070,600004,3006923,,2023-05-23,32856,39.3,,8645,0,40,U/L,39.3
600243,600070,600004,3020491,,2023-05-23,32856,4.7,,8713,3.5,5.2,g/dL,4.7
600244,600070,600004,3024128,,2023-05-23,32856,0,,8840,0.2,1.2,mg/dL,0
600245,600070,600004,3022250,,2023-05-23,32856,459.5,,8645,120,250,U/L,459.5
600246,600070,600004,3006315,,2023-05-23,32856,3.6,,8859,0.8,2.2,mg/L,3.6
600247,600070,600004,3036277,,2023-05-23,32856,172.4,,8582,150,185,cm,172.4
600248,600070,600004,3025315,,2023-05-23,32856,74.7,,9529,45,90,kg,74.7
600249,600071,600004,3000963,,2023-06-06,32856,12.4,,8713,12,17,g/dL,12.4
600250,600071,600004,3010813,,2023-06-06,32856,6.8,,8848,4,10,10^3/uL,6.8
600251,600071,600004,3017732,,2023-06-06,32856,6.6,,8848,1.5,7.5,10^3/uL,6.6
600252,600071,600004,3024929,,2023-06-06,32856,149,,8848,150,400,10^3/uL,149.0
600253,600071,600004,3016723,,2023-06-06,32856,0.47,,8840,0.6,1.2,mg/dL,0.47
600254,600071,600004,3013721,,2023-06-06,32856,74.9,,8645,0,40,U/L,74.9
600255,600071,600004,3006923,,2023-06-06,32856,54.3,,8645,0,40,U/L,54.3
600256,600072,600004,3000963,,2023-06-27,32856,14.6,,8713,12,17,g/dL,14.6
600257,600072,600004,3010813,,2023-06-27,32856,8.6,,8848,4,10,10^3/uL,8.6
600258,600072,600004,3017732,,2023-06-27,32856,1.7,,8848,1.5,7.5,10^3/uL,1.7
600259,600072,600004,3024929,,2023-06-27,32856,305.6,,8848,150,400,10^3/uL,305.6
600260,600072,600004,3016723,,2023-06-27,32856,0.56,,8840,0.6,1.2,mg/dL,0.56
600261,600072,600004,3013721,,2023-06-27,32856,60.3,,8645,0,40,U/L,60.3
600262,600072,600004,3006923,,2023-06-27,32856,46.6,,8645,0,40,U/L,46.6
600263,600073,600004,3000963,,2023-07-18,32856,13,,8713,12,17,g/dL,13.0
600264,600073,600004,3010813,,2023-07-18,32856,4.7,,8848,4,10,10^3/uL,4.7
600265,600073,600004,3017732,,2023-07-18,32856,5.4,,8848,1.5,7.5,10^3/uL,5.4
600266,600073,600004,3024929,,2023-07-18,32856,159,,8848,150,400,10^3/uL,159.0
600267,600073,600004,3016723,,2023-07-18,32856,0.9,,8840,0.6,1.2,mg/dL,0.9
600268,600073,600004,3013721,,2023-07-18,32856,66.5,,8645,0,40,U/L,66.5
600269,600073,600004,3006923,,2023-07-18,32856,65.7,,8645,0,40,U/L,65.7
600270,600074,600004,3000963,,2023-08-08,32856,14.7,,8713,12,17,g/dL,14.7
600271,600074,600004,3010813,,2023-08-08,32856,9,,8848,4,10,10^3/uL,9.0
600272,600074,600004,3017732,,2023-08-08,32856,4.9,,8848,1.5,7.5,10^3/uL,4.9
600273,600074,600004,3024929,,2023-08-08,32856,223.8,,8848,150,400,10^3/uL,223.8
600274,600074,600004,3016723,,2023-08-08,32856,1.52,,8840,0.6,1.2,mg/dL,1.52
600275,600074,600004,3013721,,2023-08-08,32856,41.8,,8645,0,40,U/L,41.8
600276,600074,600004,3006923,,2023-08-08,32856,0,,8645,0,40,U/L,0
600277,600075,600004,3000963,,2023-08-29,32856,11.5,,8713,12,17,g/dL,11.5
600278,600075,600004,3010813,,2023-08-29,32856,3.4,,8848,4,10,10^3/uL,3.4
600279,600075,600004,3017732,,2023-08-29,32856,0,,8848,1.5,7.5,10^3/uL,0
600280,600075,600004,3024929,,2023-08-29,32856,164.2,,8848,150,400,10^3/uL,164.2
600281,600075,600004,3016723,,2023-08-29,32856,1.07,,8840,0.6,1.2,mg/dL,1.07
600282,600075,600004,3013721,,2023-08-29,32856,3.9,,8645,0,40,U/L,3.9
600283,600075,600004,3006923,,2023-08-29,32856,71.1,,8645,0,40,U/L,71.1
600284,600076,600004,3000963,,2023-09-19,32856,14.7,,8713,12,17,g/dL,14.7
600285,600076,600004,3010813,,2023-09-19,32856,7.6,,8848,4,10,10^3/uL,7.6
600286,600076,600004,3017732,,2023-09-19,32856,4.4,,8848,1.5,7.5,10^3/uL,4.4
600287,600076,600004,3024929,,2023-09-19,32856,280.1,,8848,150,400,10^3/uL,280.1
600288,600076,600004,3016723,,2023-09-19,32856,0.82,,8840,0.6,1.2,mg/dL,0.82
600289,600076,600004,3013721,,2023-09-19,32856,24.2,,8645,0,40,U/L,24.2
600290,600076,600004,3006923,,2023-09-19,32856,65.5,,8645,0,40,U/L,65.5
600291,600083,600004,3000963,,2024-01-21,32856,12.4,,8713,12,17,g/dL,12.4
600292,600083,600004,3022250,,2024-01-21,32856,260.9,,8645,120,250,U/L,260.9
600293,600084,600004,3000963,,2024-07-09,32856,11.6,,8713,12,17,g/dL,11.6
600294,600084,600004,3022250,,2024-07-09,32856,239.9,,8645,120,250,U/L,239.9
600295,600086,600004,3000963,,2024-09-12,32856,13.2,,8713,12,17,g/dL,13.2
600296,600086,600004,3010813,,2024-09-12,32856,9.1,,8848,4,10,10^3/uL,9.1
600297,600086,600004,3017732,,2024-09-12,32856,6,,8848,1.5,7.5,10^3/uL,6.0
600298,600086,600004,3024929,,2024-09-12,32856,160.4,,8848,150,400,10^3/uL,160.4
600299,600086,600004,3016723,,2024-09-12,32856,1.02,,8840,0.6,1.2,mg/dL,1.02
600300,600086,600004,3013721,,2024-09-12,32856,20.6,,8645,0,40,U/L,20.6
600301,600086,600004,3006923,,2024-09-12,32856,38,,8645,0,40,U/L,38.0
600302,600087,600004,3000963,,2024-10-03,32856,11.3,,8713,12,17,g/dL,11.3
600303,600087,600004,3010813,,2024-10-03,32856,3.6,,8848,4,10,10^3/uL,3.6
600304,600087,600004,3017732,,2024-10-03,32856,4.8,,8848,1.5,7.5,10^3/uL,4.8
600305,600087,600004,3024929,,2024-10-03,32856,124.9,,8848,150,400,10^3/uL,124.9
600306,600087,600004,3016723,,2024-10-03,32856,0.82,,8840,0.6,1.2,mg/dL,0.82
600307,600087,600004,3013721,,2024-10-03,32856,40.7,,8645,0,40,U/L,40.7
600308,600087,600004,3006923,,2024-10-03,32856,47.9,,8645,0,40,U/L,47.9
600309,600088,600004,3000963,,2024-10-24,32856,13.3,,8713,12,17,g/dL,13.3
600310,600088,600004,3010813,,2024-10-24,32856,8.9,,8848,4,10,10^3/uL,8.9
600311,600088,600004,3017732,,2024-10-24,32856,4.1,,8848,1.5,7.5,10^3/uL,4.1
600312,600088,600004,3024929,,2024-10-24,32856,193.9,,8848,150,400,10^3/uL,193.9
600313,600088,600004,3016723,,2024-10-24,32856,1.06,,8840,0.6,1.2,mg/dL,1.06
600314,600088,600004,3013721,,2024-10-24,32856,56.6,,8645,0,40,U/L,56.6
600315,600088,600004,3006923,,2024-10-24,32856,0,,8645,0,40,U/L,0
600316,600093,600004,3020460,,2024-12-30,32856,196.3,,8859,0,5,mg/L,196.3
600317,600093,600004,3010813,,2024-12-30,32856,10.9,,8848,4,10,10^3/uL,10.9
600318,600093,600004,3017732,,2024-12-30,32856,2.8,,8848,1.5,7.5,10^3/uL,2.8
600319,600096,600005,3000963,,2022-11-01,32856,11.1,,8713,12,17,g/dL,11.1
600320,600096,600005,3010813,,2022-11-01,32856,9.1,,8848,4,10,10^3/uL,9.1
600321,600096,600005,3017732,,2022-11-01,32856,3.7,,8848,1.5,7.5,10^3/uL,3.7
600322,600096,600005,3024929,,2022-11-01,32856,218,,8848,150,400,10^3/uL,218.0
600323,600096,600005,3016723,,2022-11-01,32856,0.76,,8840,0.6,1.2,mg/dL,0.76
600324,600096,600005,3013721,,2022-11-01,32856,44.3,,8645,0,40,U/L,44.3
600325,600096,600005,3006923,,2022-11-01,32856,69.1,,8645,0,40,U/L,69.1
600326,600096,600005,3020491,,2022-11-01,32856,3.87,,8713,3.5,5.2,g/dL,3.87
600327,600096,600005,3024128,,2022-11-01,32856,0.79,,8840,0.2,1.2,mg/dL,0.79
600328,600096,600005,3022250,,2022-11-01,32856,407.9,,8645,120,250,U/L,407.9
600329,600096,600005,3006315,,2022-11-01,32856,3,,8859,0.8,2.2,mg/L,3.0
600330,600096,600005,3036277,,2022-11-01,32856,147.1,,8582,150,185,cm,147.1
600331,600096,600005,3025315,,2022-11-01,32856,65.6,,9529,45,90,kg,65.6
600332,600097,600005,3000963,,2022-11-19,32856,16.2,,8713,12,17,g/dL,16.2
600333,600097,600005,3010813,,2022-11-19,32856,6.5,,8848,4,10,10^3/uL,6.5
600334,600097,600005,3017732,,2022-11-19,32856,2.6,,8848,1.5,7.5,10^3/uL,2.6
600335,600097,600005,3024929,,2022-11-19,32856,271.6,,8848,150,400,10^3/uL,271.6
600336,600097,600005,3016723,,2022-11-19,32856,0.46,,8840,0.6,1.2,mg/dL,0.46
600337,600097,600005,3013721,,2022-11-19,32856,38.5,,8645,0,40,U/L,38.5
600338,600097,600005,3006923,,2022-11-19,32856,53.7,,8645,0,40,U/L,53.7
600339,600098,600005,3000963,,2022-12-10,32856,11.8,,8713,12,17,g/dL,11.8
600340,600098,600005,3010813,,2022-12-10,32856,5.5,,8848,4,10,10^3/uL,5.5
600341,600098,600005,3017732,,2022-12-10,32856,4,,8848,1.5,7.5,10^3/uL,4.0
600342,600098,600005,3024929,,2022-12-10,32856,240.8,,8848,150,400,10^3/uL,240.8
600343,600098,600005,3016723,,2022-12-10,32856,0.59,,8840,0.6,1.2,mg/dL,0.59
600344,600098,600005,3013721,,2022-12-10,32856,52,,8645,0,40,U/L,52.0
600345,600098,600005,3006923,,2022-12-10,32856,30.4,,8645,0,40,U/L,30.4
600346,600099,600005,3000963,,2022-12-31,32856,13.8,,8713,12,17,g/dL,13.8
600347,600099,600005,3010813,,2022-12-31,32856,8.4,,8848,4,10,10^3/uL,8.4
600348,600099,600005,3017732,,2022-12-31,32856,1.8,,8848,1.5,7.5,10^3/uL,1.8
600349,600099,600005,3024929,,2022-12-31,32856,334.7,,8848,150,400,10^3/uL,334.7
600350,600099,600005,3016723,,2022-12-31,32856,0.94,,8840,0.6,1.2,mg/dL,0.94
600351,600099,600005,3013721,,2022-12-31,32856,25.9,,8645,0,40,U/L,25.9
600352,600099,600005,3006923,,2022-12-31,32856,9.2,,8645,0,40,U/L,9.2
600353,600100,600005,3000963,,2023-01-21,32856,10.3,,8713,12,17,g/dL,10.3
600354,600100,600005,3010813,,2023-01-21,32856,6.6,,8848,4,10,10^3/uL,6.6
600355,600100,600005,3017732,,2023-01-21,32856,4.4,,8848,1.5,7.5,10^3/uL,4.4
600356,600100,600005,3024929,,2023-01-21,32856,106.7,,8848,150,400,10^3/uL,106.7
600357,600100,600005,3016723,,2023-01-21,32856,0.95,,8840,0.6,1.2,mg/dL,0.95
600358,600100,600005,3013721,,2023-01-21,32856,0,,8645,0,40,U/L,0
600359,600100,600005,3006923,,2023-01-21,32856,39.3,,8645,0,40,U/L,39.3
600360,600101,600005,3000963,,2023-02-11,32856,9.8,,8713,12,17,g/dL,9.8
600361,600101,600005,3010813,,2023-02-11,32856,3.9,,8848,4,10,10^3/uL,3.9
600362,600101,600005,3017732,,2023-02-11,32856,1.1,,8848,1.5,7.5,10^3/uL,1.1
600363,600101,600005,3024929,,2023-02-11,32856,238.7,,8848,150,400,10^3/uL,238.7
600364,600101,600005,3016723,,2023-02-11,32856,1.01,,8840,0.6,1.2,mg/dL,1.01
600365,600101,600005,3013721,,2023-02-11,32856,50.8,,8645,0,40,U/L,50.8
600366,600101,600005,3006923,,2023-02-11,32856,65.3,,8645,0,40,U/L,65.3
600367,600102,600005,3000963,,2023-03-04,32856,10.9,,8713,12,17,g/dL,10.9
600368,600102,600005,3010813,,2023-03-04,32856,6.4,,8848,4,10,10^3/uL,6.4
600369,600102,600005,3017732,,2023-03-04,32856,1.7,,8848,1.5,7.5,10^3/uL,1.7
600370,600102,600005,3024929,,2023-03-04,32856,273.7,,8848,150,400,10^3/uL,273.7
600371,600102,600005,3016723,,2023-03-04,32856,0.43,,8840,0.6,1.2,mg/dL,0.43
600372,600102,600005,3013721,,2023-03-04,32856,22.8,,8645,0,40,U/L,22.8
600373,600102,600005,3006923,,2023-03-04,32856,14.7,,8645,0,40,U/L,14.7
600374,600107,600005,3000963,,2023-07-16,32856,13,,8713,12,17,g/dL,13.0
600375,600107,600005,3022250,,2023-07-16,32856,231,,8645,120,250,U/L,231.0
600376,600108,600005,3000963,,2023-11-29,32856,12.6,,8713,12,17,g/dL,12.6
600377,600108,600005,3022250,,2023-11-29,32856,336.9,,8645,120,250,U/L,336.9
600378,600109,600005,3000963,,2024-05-20,32856,11,,8713,12,17,g/dL,11.0
600379,600109,600005,3022250,,2024-05-20,32856,200.9,,8645,120,250,U/L,200.9
600380,600110,600005,3000963,,2024-08-23,32856,12.2,,8713,12,17,g/dL,12.2
600381,600110,600005,3022250,,2024-08-23,32856,373.2,,8645,120,250,U/L,373.2
600382,600111,600005,3000963,,2024-12-27,32856,13.6,,8713,12,17,g/dL,13.6
600383,600111,600005,3022250,,2024-12-27,32856,377,,8645,120,250,U/L,377.0
600384,600112,600005,3000963,,2025-05-01,32856,12.8,,8713,12,17,g/dL,12.8
600385,600112,600005,3022250,,2025-05-01,32856,193.3,,8645,120,250,U/L,193.3
600386,600113,600005,3000963,,2025-10-02,32856,12.9,,8713,12,17,g/dL,12.9
600387,600113,600005,3022250,,2025-10-02,32856,224.8,,8645,120,250,U/L,224.8
600388,600114,600005,3000963,,2026-03-13,32856,12.2,,8713,12,17,g/dL,12.2
600389,600114,600005,3022250,,2026-03-13,32856,163.2,,8645,120,250,U/L,163.2
600390,600115,600005,3000963,,2026-08-05,32856,12.2,,8713,12,17,g/dL,12.2
600391,600115,600005,3022250,,2026-08-05,32856,284.7,,8645,120,250,U/L,284.7
600392,600116,600006,3000963,,2020-02-12,32856,10.7,,8713,12,17,g/dL,10.7
600393,600116,600006,3010813,,2020-02-12,32856,9,,8848,4,10,10^3/uL,9.0
600394,600116,600006,3017732,,2020-02-12,32856,3.1,,8848,1.5,7.5,10^3/uL,3.1
600395,600116,600006,3024929,,2020-02-12,32856,267.8,,8848,150,400,10^3/uL,267.8
600396,600116,600006,3016723,,2020-02-12,32856,0.23,,8840,0.6,1.2,mg/dL,0.23
600397,600116,600006,3013721,,2020-02-12,32856,12.1,,8645,0,40,U/L,12.1
600398,600116,600006,3006923,,2020-02-12,32856,34.5,,8645,0,40,U/L,34.5
600399,600116,600006,3020491,,2020-02-12,32856,4.21,,8713,3.5,5.2,g/dL,4.21
600400,600116,600006,3024128,,2020-02-12,32856,0.57,,8840,0.2,1.2,mg/dL,0.57
600401,600116,600006,3022250,,2020-02-12,32856,450.6,,8645,120,250,U/L,450.6
600402,600116,600006,3006315,,2020-02-12,32856,3.7,,8859,0.8,2.2,mg/L,3.7
600403,600116,600006,3036277,,2020-02-12,32856,170.8,,8582,150,185,cm,170.8
600404,600116,600006,3025315,,2020-02-12,32856,71.8,,9529,45,90,kg,71.8
600405,600117,600006,3000963,,2020-02-27,32856,13.6,,8713,12,17,g/dL,13.6
600406,600117,600006,3010813,,2020-02-27,32856,6.1,,8848,4,10,10^3/uL,6.1
600407,600117,600006,3017732,,2020-02-27,32856,5.4,,8848,1.5,7.5,10^3/uL,5.4
600408,600117,600006,3024929,,2020-02-27,32856,275.5,,8848,150,400,10^3/uL,275.5
600409,600117,600006,3016723,,2020-02-27,32856,0.86,,8840,0.6,1.2,mg/dL,0.86
600410,600117,600006,3013721,,2020-02-27,32856,38.2,,8645,0,40,U/L,38.2
600411,600117,600006,3006923,,2020-02-27,32856,83.8,,8645,0,40,U/L,83.8
600412,600118,600006,3000963,,2020-03-19,32856,11.3,,8713,12,17,g/dL,11.3
600413,600118,600006,3010813,,2020-03-19,32856,7.8,,8848,4,10,10^3/uL,7.8
600414,600118,600006,3017732,,2020-03-19,32856,1.2,,8848,1.5,7.5,10^3/uL,1.2
600415,600118,600006,3024929,,2020-03-19,32856,185.3,,8848,150,400,10^3/uL,185.3
600416,600118,600006,3016723,,2020-03-19,32856,1.1,,8840,0.6,1.2,mg/dL,1.1
600417,600118,600006,3013721,,2020-03-19,32856,36.8,,8645,0,40,U/L,36.8
600418,600118,600006,3006923,,2020-03-19,32856,29.1,,8645,0,40,U/L,29.1
600419,600119,600006,3000963,,2020-04-09,32856,10.8,,8713,12,17,g/dL,10.8
600420,600119,600006,3010813,,2020-04-09,32856,2.8,,8848,4,10,10^3/uL,2.8
600421,600119,600006,3017732,,2020-04-09,32856,1.6,,8848,1.5,7.5,10^3/uL,1.6
600422,600119,600006,3024929,,2020-04-09,32856,242.4,,8848,150,400,10^3/uL,242.4
600423,600119,600006,3016723,,2020-04-09,32856,0.7,,8840,0.6,1.2,mg/dL,0.7
600424,600119,600006,3013721,,2020-04-09,32856,71.5,,8645,0,40,U/L,71.5
600425,600119,600006,3006923,,2020-04-09,32856,49.6,,8645,0,40,U/L,49.6
600426,600120,600006,3000963,,2020-04-30,32856,12.9,,8713,12,17,g/dL,12.9
600427,600120,600006,3010813,,2020-04-30,32856,6.8,,8848,4,10,10^3/uL,6.8
600428,600120,600006,3017732,,2020-04-30,32856,5.1,,8848,1.5,7.5,10^3/uL,5.1
600429,600120,600006,3024929,,2020-04-30,32856,281.2,,8848,150,400,10^3/uL,281.2
600430,600120,600006,3016723,,2020-04-30,32856,1.24,,8840,0.6,1.2,mg/dL,1.24
600431,600120,600006,3013721,,2020-04-30,32856,30.6,,8645,0,40,U/L,30.6
600432,600120,600006,3006923,,2020-04-30,32856,0.3,,8645,0,40,U/L,0.3
600433,600121,600006,3000963,,2020-05-21,32856,12.2,,8713,12,17,g/dL,12.2
600434,600121,600006,3010813,,2020-05-21,32856,5.2,,8848,4,10,10^3/uL,5.2
600435,600121,600006,3017732,,2020-05-21,32856,3,,8848,1.5,7.5,10^3/uL,3.0
600436,600121,600006,3024929,,2020-05-21,32856,259.2,,8848,150,400,10^3/uL,259.2
600437,600121,600006,3016723,,2020-05-21,32856,1.39,,8840,0.6,1.2,mg/dL,1.39
600438,600121,600006,3013721,,2020-05-21,32856,51.1,,8645,0,40,U/L,51.1
600439,600121,600006,3006923,,2020-05-21,32856,73.8,,8645,0,40,U/L,73.8
600440,600122,600006,3000963,,2020-06-11,32856,10.7,,8713,12,17,g/dL,10.7
600441,600122,600006,3010813,,2020-06-11,32856,7.1,,8848,4,10,10^3/uL,7.1
600442,600122,600006,3017732,,2020-06-11,32856,3.1,,8848,1.5,7.5,10^3/uL,3.1
600443,600122,600006,3024929,,2020-06-11,32856,100,,8848,150,400,10^3/uL,100.0
600444,600122,600006,3016723,,2020-06-11,32856,0.73,,8840,0.6,1.2,mg/dL,0.73
600445,600122,600006,3013721,,2020-06-11,32856,42.7,,8645,0,40,U/L,42.7
600446,600122,600006,3006923,,2020-06-11,32856,85,,8645,0,40,U/L,85.0
600447,600126,600006,3000963,,2020-11-09,32856,12.3,,8713,12,17,g/dL,12.3
600448,600126,600006,3022250,,2020-11-09,32856,145.4,,8645,120,250,U/L,145.4
600449,600127,600006,3000963,,2021-04-08,32856,14.2,,8713,12,17,g/dL,14.2
600450,600127,600006,3022250,,2021-04-08,32856,227.2,,8645,120,250,U/L,227.2
600451,600128,600006,3000963,,2021-07-05,32856,9.8,,8713,12,17,g/dL,9.8
600452,600128,600006,3022250,,2021-07-05,32856,244.1,,8645,120,250,U/L,244.1
600453,600129,600006,3000963,,2021-11-28,32856,16.7,,8713,12,17,g/dL,16.7
600454,600129,600006,3022250,,2021-11-28,32856,339.3,,8645,120,250,U/L,339.3
600455,600130,600006,3000963,,2022-04-22,32856,12.9,,8713,12,17,g/dL,12.9
600456,600130,600006,3022250,,2022-04-22,32856,75.7,,8645,120,250,U/L,75.7
600457,600131,600006,3000963,,2022-07-31,32856,11.3,,8713,12,17,g/dL,11.3
600458,600131,600006,3022250,,2022-07-31,32856,227.7,,8645,120,250,U/L,227.7
600459,600132,600006,3000963,,2023-01-20,32856,12.6,,8713,12,17,g/dL,12.6
600460,600132,600006,3022250,,2023-01-20,32856,291.9,,8645,120,250,U/L,291.9
600461,600133,600006,3000963,,2023-07-20,32856,13.2,,8713,12,17,g/dL,13.2
600462,600133,600006,3022250,,2023-07-20,32856,201.9,,8645,120,250,U/L,201.9
600463,600134,600006,3000963,,2023-11-30,32856,13.2,,8713,12,17,g/dL,13.2
600464,600134,600006,3022250,,2023-11-30,32856,252.5,,8645,120,250,U/L,252.5
600465,600135,600006,3000963,,2024-04-11,32856,12.5,,8713,12,17,g/dL,12.5
600466,600135,600006,3022250,,2024-04-11,32856,320.4,,8645,120,250,U/L,320.4
600467,600136,600006,3000963,,2024-10-02,32856,10.9,,8713,12,17,g/dL,10.9
600468,600136,600006,3022250,,2024-10-02,32856,140.4,,8645,120,250,U/L,140.4
600469,600137,600006,3000963,,2025-02-02,32856,12.2,,8713,12,17,g/dL,12.2
600470,600137,600006,3022250,,2025-02-02,32856,356.8,,8645,120,250,U/L,356.8
600471,600138,600007,3000963,,2020-03-06,32856,13.4,,8713,12,17,g/dL,13.4
600472,600138,600007,3010813,,2020-03-06,32856,8.6,,8848,4,10,10^3/uL,8.6
600473,600138,600007,3017732,,2020-03-06,32856,5.3,,8848,1.5,7.5,10^3/uL,5.3
600474,600138,600007,3024929,,2020-03-06,32856,211.9,,8848,150,400,10^3/uL,211.9
600475,600138,600007,3016723,,2020-03-06,32856,0.82,,8840,0.6,1.2,mg/dL,0.82
600476,600138,600007,3013721,,2020-03-06,32856,32.3,,8645,0,40,U/L,32.3
600477,600138,600007,3006923,,2020-03-06,32856,29.6,,8645,0,40,U/L,29.6
600478,600138,600007,3020491,,2020-03-06,32856,4.45,,8713,3.5,5.2,g/dL,4.45
600479,600138,600007,3024128,,2020-03-06,32856,0.74,,8840,0.2,1.2,mg/dL,0.74
600480,600138,600007,3022250,,2020-03-06,32856,569.6,,8645,120,250,U/L,569.6
600481,600138,600007,3006315,,2020-03-06,32856,0.3,,8859,0.8,2.2,mg/L,0.3
600482,600138,600007,3036277,,2020-03-06,32856,154.3,,8582,150,185,cm,154.3
600483,600138,600007,3025315,,2020-03-06,32856,52.5,,9529,45,90,kg,52.5
600484,600139,600007,3000963,,2020-03-20,32856,9.9,,8713,12,17,g/dL,9.9
600485,600139,600007,3010813,,2020-03-20,32856,5.5,,8848,4,10,10^3/uL,5.5
600486,600139,600007,3017732,,2020-03-20,32856,1.1,,8848,1.5,7.5,10^3/uL,1.1
600487,600139,600007,3024929,,2020-03-20,32856,249.6,,8848,150,400,10^3/uL,249.6
600488,600139,600007,3016723,,2020-03-20,32856,1.1,,8840,0.6,1.2,mg/dL,1.1
600489,600139,600007,3013721,,2020-03-20,32856,18.8,,8645,0,40,U/L,18.8
600490,600139,600007,3006923,,2020-03-20,32856,78.6,,8645,0,40,U/L,78.6
600491,600140,600007,3000963,,2020-04-10,32856,10,,8713,12,17,g/dL,10.0
600492,600140,600007,3010813,,2020-04-10,32856,4.8,,8848,4,10,10^3/uL,4.8
600493,600140,600007,3017732,,2020-04-10,32856,3.3,,8848,1.5,7.5,10^3/uL,3.3
600494,600140,600007,3024929,,2020-04-10,32856,219.6,,8848,150,400,10^3/uL,219.6
600495,600140,600007,3016723,,2020-04-10,32856,0.19,,8840,0.6,1.2,mg/dL,0.19
600496,600140,600007,3013721,,2020-04-10,32856,64.7,,8645,0,40,U/L,64.7
600497,600140,600007,3006923,,2020-04-10,32856,118.7,,8645,0,40,U/L,118.7
600498,600141,600007,3000963,,2020-05-01,32856,12.8,,8713,12,17,g/dL,12.8
600499,600141,600007,3010813,,2020-05-01,32856,6.1,,8848,4,10,10^3/uL,6.1
600500,600141,600007,3017732,,2020-05-01,32856,5.2,,8848,1.5,7.5,10^3/uL,5.2
600501,600141,600007,3024929,,2020-05-01,32856,210.4,,8848,150,400,10^3/uL,210.4
600502,600141,600007,3016723,,2020-05-01,32856,0.71,,8840,0.6,1.2,mg/dL,0.71
600503,600141,600007,3013721,,2020-05-01,32856,67.4,,8645,0,40,U/L,67.4
600504,600141,600007,3006923,,2020-05-01,32856,6.9,,8645,0,40,U/L,6.9
600505,600142,600007,3000963,,2020-05-22,32856,12.6,,8713,12,17,g/dL,12.6
600506,600142,600007,3010813,,2020-05-22,32856,7.1,,8848,4,10,10^3/uL,7.1
600507,600142,600007,3017732,,2020-05-22,32856,1.2,,8848,1.5,7.5,10^3/uL,1.2
600508,600142,600007,3024929,,2020-05-22,32856,144.2,,8848,150,400,10^3/uL,144.2
600509,600142,600007,3016723,,2020-05-22,32856,0.66,,8840,0.6,1.2,mg/dL,0.66
600510,600142,600007,3013721,,2020-05-22,32856,39.3,,8645,0,40,U/L,39.3
600511,600142,600007,3006923,,2020-05-22,32856,18.8,,8645,0,40,U/L,18.8
600512,600147,600007,3000963,,2020-11-25,32856,11.6,,8713,12,17,g/dL,11.6
600513,600147,600007,3022250,,2020-11-25,32856,234.3,,8645,120,250,U/L,234.3
600514,600148,600007,3000963,,2021-04-29,32856,12.4,,8713,12,17,g/dL,12.4
600515,600148,600007,3022250,,2021-04-29,32856,321.5,,8645,120,250,U/L,321.5
600516,600149,600007,3000963,,2021-08-30,32856,14.6,,8713,12,17,g/dL,14.6
600517,600149,600007,3022250,,2021-08-30,32856,95,,8645,120,250,U/L,95.0
600518,600150,600007,3000963,,2022-02-28,32856,15.6,,8713,12,17,g/dL,15.6
600519,600150,600007,3022250,,2022-02-28,32856,255.1,,8645,120,250,U/L,255.1
600520,600151,600007,3000963,,2022-08-29,32856,12.8,,8713,12,17,g/dL,12.8
600521,600151,600007,3022250,,2022-08-29,32856,285.5,,8645,120,250,U/L,285.5
600522,600152,600007,3000963,,2023-02-07,32856,13.2,,8713,12,17,g/dL,13.2
600523,600152,600007,3022250,,2023-02-07,32856,337.2,,8645,120,250,U/L,337.2
600524,600153,600007,3000963,,2023-06-27,32856,14.2,,8713,12,17,g/dL,14.2
600525,600153,600007,3022250,,2023-06-27,32856,348.8,,8645,120,250,U/L,348.8
600526,600154,600007,3000963,,2023-11-12,32856,14.6,,8713,12,17,g/dL,14.6
600527,600154,600007,3022250,,2023-11-12,32856,248,,8645,120,250,U/L,248.0
600528,600155,600007,3000963,,2024-04-25,32856,13.3,,8713,12,17,g/dL,13.3
600529,600155,600007,3022250,,2024-04-25,32856,258.3,,8645,120,250,U/L,258.3
600530,600156,600007,3000963,,2024-10-20,32856,13.5,,8713,12,17,g/dL,13.5
600531,600156,600007,3022250,,2024-10-20,32856,201,,8645,120,250,U/L,201.0
600532,600157,600007,3000963,,2025-02-26,32856,11.8,,8713,12,17,g/dL,11.8
600533,600157,600007,3022250,,2025-02-26,32856,459.9,,8645,120,250,U/L,459.9
600534,600158,600007,3000963,,2025-08-09,32856,10.1,,8713,12,17,g/dL,10.1
600535,600158,600007,3022250,,2025-08-09,32856,523,,8645,120,250,U/L,523.0
600536,600159,600008,3000963,,2021-10-11,32856,12.7,,8713,12,17,g/dL,12.7
600537,600159,600008,3010813,,2021-10-11,32856,2.5,,8848,4,10,10^3/uL,2.5
600538,600159,600008,3017732,,2021-10-11,32856,4.7,,8848,1.5,7.5,10^3/uL,4.7
600539,600159,600008,3024929,,2021-10-11,32856,176.4,,8848,150,400,10^3/uL,176.4
600540,600159,600008,3016723,,2021-10-11,32856,1.11,,8840,0.6,1.2,mg/dL,1.11
600541,600159,600008,3013721,,2021-10-11,32856,48.2,,8645,0,40,U/L,48.2
600542,600159,600008,3006923,,2021-10-11,32856,52.1,,8645,0,40,U/L,52.1
600543,600159,600008,3020491,,2021-10-11,32856,4.5,,8713,3.5,5.2,g/dL,4.5
600544,600159,600008,3024128,,2021-10-11,32856,0.83,,8840,0.2,1.2,mg/dL,0.83
600545,600159,600008,3022250,,2021-10-11,32856,301.7,,8645,120,250,U/L,301.7
600546,600159,600008,3006315,,2021-10-11,32856,3.3,,8859,0.8,2.2,mg/L,3.3
600547,600159,600008,3036277,,2021-10-11,32856,166.8,,8582,150,185,cm,166.8
600548,600159,600008,3025315,,2021-10-11,32856,42.3,,9529,45,90,kg,42.3
600549,600160,600008,3000963,,2021-11-04,32856,15.5,,8713,12,17,g/dL,15.5
600550,600160,600008,3010813,,2021-11-04,32856,6.3,,8848,4,10,10^3/uL,6.3
600551,600160,600008,3017732,,2021-11-04,32856,4,,8848,1.5,7.5,10^3/uL,4.0
600552,600160,600008,3024929,,2021-11-04,32856,244.2,,8848,150,400,10^3/uL,244.2
600553,600160,600008,3016723,,2021-11-04,32856,0.97,,8840,0.6,1.2,mg/dL,0.97
600554,600160,600008,3013721,,2021-11-04,32856,39.2,,8645,0,40,U/L,39.2
600555,600160,600008,3006923,,2021-11-04,32856,67.2,,8645,0,40,U/L,67.2
600556,600161,600008,3000963,,2021-11-25,32856,10.8,,8713,12,17,g/dL,10.8
600557,600161,600008,3010813,,2021-11-25,32856,8.1,,8848,4,10,10^3/uL,8.1
600558,600161,600008,3017732,,2021-11-25,32856,2.7,,8848,1.5,7.5,10^3/uL,2.7
600559,600161,600008,3024929,,2021-11-25,32856,305,,8848,150,400,10^3/uL,305.0
600560,600161,600008,3016723,,2021-11-25,32856,0.73,,8840,0.6,1.2,mg/dL,0.73
600561,600161,600008,3013721,,2021-11-25,32856,17.5,,8645,0,40,U/L,17.5
600562,600161,600008,3006923,,2021-11-25,32856,64,,8645,0,40,U/L,64.0
600563,600162,600008,3000963,,2021-12-16,32856,10.4,,8713,12,17,g/dL,10.4
600564,600162,600008,3010813,,2021-12-16,32856,3.2,,8848,4,10,10^3/uL,3.2
600565,600162,600008,3017732,,2021-12-16,32856,2.3,,8848,1.5,7.5,10^3/uL,2.3
600566,600162,600008,3024929,,2021-12-16,32856,167.4,,8848,150,400,10^3/uL,167.4
600567,600162,600008,3016723,,2021-12-16,32856,0.39,,8840,0.6,1.2,mg/dL,0.39
600568,600162,600008,3013721,,2021-12-16,32856,42.1,,8645,0,40,U/L,42.1
600569,600162,600008,3006923,,2021-12-16,32856,32.6,,8645,0,40,U/L,32.6
600570,600163,600008,3000963,,2022-01-06,32856,10.2,,8713,12,17,g/dL,10.2
600571,600163,600008,3010813,,2022-01-06,32856,5,,8848,4,10,10^3/uL,5.0
600572,600163,600008,3017732,,2022-01-06,32856,3.4,,8848,1.5,7.5,10^3/uL,3.4
600573,600163,600008,3024929,,2022-01-06,32856,170.3,,8848,150,400,10^3/uL,170.3
600574,600163,600008,3016723,,2022-01-06,32856,0.89,,8840,0.6,1.2,mg/dL,0.89
600575,600163,600008,3013721,,2022-01-06,32856,39.4,,8645,0,40,U/L,39.4
600576,600163,600008,3006923,,2022-01-06,32856,64.4,,8645,0,40,U/L,64.4
600577,600164,600008,3000963,,2022-01-27,32856,11.4,,8713,12,17,g/dL,11.4
600578,600164,600008,3010813,,2022-01-27,32856,7.4,,8848,4,10,10^3/uL,7.4
600579,600164,600008,3017732,,2022-01-27,32856,1.4,,8848,1.5,7.5,10^3/uL,1.4
600580,600164,600008,3024929,,2022-01-27,32856,241.9,,8848,150,400,10^3/uL,241.9
600581,600164,600008,3016723,,2022-01-27,32856,1.04,,8840,0.6,1.2,mg/dL,1.04
600582,600164,600008,3013721,,2022-01-27,32856,15.5,,8645,0,40,U/L,15.5
600583,600164,600008,3006923,,2022-01-27,32856,60.8,,8645,0,40,U/L,60.8
600584,600165,600008,3000963,,2022-02-17,32856,12.6,,8713,12,17,g/dL,12.6
600585,600165,600008,3010813,,2022-02-17,32856,6.5,,8848,4,10,10^3/uL,6.5
600586,600165,600008,3017732,,2022-02-17,32856,0.8,,8848,1.5,7.5,10^3/uL,0.8
600587,600165,600008,3024929,,2022-02-17,32856,217.5,,8848,150,400,10^3/uL,217.5
600588,600165,600008,3016723,,2022-02-17,32856,0.89,,8840,0.6,1.2,mg/dL,0.89
600589,600165,600008,3013721,,2022-02-17,32856,8.6,,8645,0,40,U/L,8.6
600590,600165,600008,3006923,,2022-02-17,32856,46.2,,8645,0,40,U/L,46.2
600591,600170,600008,3000963,,2022-06-05,32856,12.3,,8713,12,17,g/dL,12.3
600592,600170,600008,3022250,,2022-06-05,32856,90.4,,8645,120,250,U/L,90.4
600593,600171,600008,3000963,,2022-10-29,32856,11.8,,8713,12,17,g/dL,11.8
600594,600171,600008,3022250,,2022-10-29,32856,119.2,,8645,120,250,U/L,119.2
600595,600172,600008,3000963,,2023-02-02,32856,11.7,,8713,12,17,g/dL,11.7
600596,600172,600008,3022250,,2023-02-02,32856,267.4,,8645,120,250,U/L,267.4
600597,600173,600008,3000963,,2023-07-12,32856,15.2,,8713,12,17,g/dL,15.2
600598,600173,600008,3022250,,2023-07-12,32856,238.8,,8645,120,250,U/L,238.8
600599,600174,600008,3000963,,2023-12-28,32856,11.2,,8713,12,17,g/dL,11.2
600600,600174,600008,3022250,,2023-12-28,32856,127,,8645,120,250,U/L,127.0
600601,600175,600008,3000963,,2024-05-08,32856,10,,8713,12,17,g/dL,10.0
600602,600175,600008,3022250,,2024-05-08,32856,298.1,,8645,120,250,U/L,298.1
600603,600176,600008,3000963,,2024-08-16,32856,11.3,,8713,12,17,g/dL,11.3
600604,600176,600008,3022250,,2024-08-16,32856,296.9,,8645,120,250,U/L,296.9
600605,600177,600008,3000963,,2025-02-09,32856,13.5,,8713,12,17,g/dL,13.5
600606,600177,600008,3022250,,2025-02-09,32856,253.4,,8645,120,250,U/L,253.4
600607,600178,600008,3000963,,2025-05-13,32856,13.5,,8713,12,17,g/dL,13.5
600608,600178,600008,3022250,,2025-05-13,32856,286.4,,8645,120,250,U/L,286.4
600609,600179,600008,3000963,,2025-08-24,32856,15.7,,8713,12,17,g/dL,15.7
600610,600179,600008,3022250,,2025-08-24,32856,246.1,,8645,120,250,U/L,246.1
600611,600180,600008,3000963,,2025-12-23,32856,13.6,,8713,12,17,g/dL,13.6
600612,600180,600008,3022250,,2025-12-23,32856,294.4,,8645,120,250,U/L,294.4
600613,600181,600008,3000963,,2026-05-01,32856,12,,8713,12,17,g/dL,12.0
600614,600181,600008,3022250,,2026-05-01,32856,256,,8645,120,250,U/L,256.0
600615,600182,600009,3000963,,2023-02-19,32856,14.8,,8713,12,17,g/dL,14.8
600616,600182,600009,3010813,,2023-02-19,32856,6.1,,8848,4,10,10^3/uL,6.1
600617,600182,600009,3017732,,2023-02-19,32856,5.2,,8848,1.5,7.5,10^3/uL,5.2
600618,600182,600009,3024929,,2023-02-19,32856,295.7,,8848,150,400,10^3/uL,295.7
600619,600182,600009,3016723,,2023-02-19,32856,0.81,,8840,0.6,1.2,mg/dL,0.81
600620,600182,600009,3013721,,2023-02-19,32856,0,,8645,0,40,U/L,0
600621,600182,600009,3006923,,2023-02-19,32856,80.9,,8645,0,40,U/L,80.9
600622,600182,600009,3020491,,2023-02-19,32856,3.92,,8713,3.5,5.2,g/dL,3.92
600623,600182,600009,3024128,,2023-02-19,32856,1.05,,8840,0.2,1.2,mg/dL,1.05
600624,600182,600009,3022250,,2023-02-19,32856,90.6,,8645,120,250,U/L,90.6
600625,600182,600009,3006315,,2023-02-19,32856,0.8,,8859,0.8,2.2,mg/L,0.8
600626,600182,600009,3036277,,2023-02-19,32856,154.6,,8582,150,185,cm,154.6
600627,600182,600009,3025315,,2023-02-19,32856,61.5,,9529,45,90,kg,61.5
600628,600183,600009,3000963,,2023-03-15,32856,15.1,,8713,12,17,g/dL,15.1
600629,600183,600009,3010813,,2023-03-15,32856,8.5,,8848,4,10,10^3/uL,8.5
600630,600183,600009,3017732,,2023-03-15,32856,3.5,,8848,1.5,7.5,10^3/uL,3.5
600631,600183,600009,3024929,,2023-03-15,32856,244.6,,8848,150,400,10^3/uL,244.6
600632,600183,600009,3016723,,2023-03-15,32856,1.13,,8840,0.6,1.2,mg/dL,1.13
600633,600183,600009,3013721,,2023-03-15,32856,29.8,,8645,0,40,U/L,29.8
600634,600183,600009,3006923,,2023-03-15,32856,27.8,,8645,0,40,U/L,27.8
600635,600184,600009,3000963,,2023-03-29,32856,11.9,,8713,12,17,g/dL,11.9
600636,600184,600009,3010813,,2023-03-29,32856,6.6,,8848,4,10,10^3/uL,6.6
600637,600184,600009,3017732,,2023-03-29,32856,3.8,,8848,1.5,7.5,10^3/uL,3.8
600638,600184,600009,3024929,,2023-03-29,32856,159.6,,8848,150,400,10^3/uL,159.6
600639,600184,600009,3016723,,2023-03-29,32856,0.79,,8840,0.6,1.2,mg/dL,0.79
600640,600184,600009,3013721,,2023-03-29,32856,58.2,,8645,0,40,U/L,58.2
600641,600184,600009,3006923,,2023-03-29,32856,33.6,,8645,0,40,U/L,33.6
600642,600185,600009,3000963,,2023-04-12,32856,13.4,,8713,12,17,g/dL,13.4
600643,600185,600009,3010813,,2023-04-12,32856,7.4,,8848,4,10,10^3/uL,7.4
600644,600185,600009,3017732,,2023-04-12,32856,3.8,,8848,1.5,7.5,10^3/uL,3.8
600645,600185,600009,3024929,,2023-04-12,32856,183.7,,8848,150,400,10^3/uL,183.7
600646,600185,600009,3016723,,2023-04-12,32856,1.28,,8840,0.6,1.2,mg/dL,1.28
600647,600185,600009,3013721,,2023-04-12,32856,3.3,,8645,0,40,U/L,3.3
600648,600185,600009,3006923,,2023-04-12,32856,3.3,,8645,0,40,U/L,3.3
600649,600186,600009,3000963,,2023-04-26,32856,10.3,,8713,12,17,g/dL,10.3
600650,600186,600009,3010813,,2023-04-26,32856,4.3,,8848,4,10,10^3/uL,4.3
600651,600186,600009,3017732,,2023-04-26,32856,2.2,,8848,1.5,7.5,10^3/uL,2.2
600652,600186,600009,3024929,,2023-04-26,32856,122.1,,8848,150,400,10^3/uL,122.1
600653,600186,600009,3016723,,2023-04-26,32856,0.98,,8840,0.6,1.2,mg/dL,0.98
600654,600186,600009,3013721,,2023-04-26,32856,50.6,,8645,0,40,U/L,50.6
600655,600186,600009,3006923,,2023-04-26,32856,33.8,,8645,0,40,U/L,33.8
600656,600187,600009,3000963,,2023-05-10,32856,12.2,,8713,12,17,g/dL,12.2
600657,600187,600009,3010813,,2023-05-10,32856,7.1,,8848,4,10,10^3/uL,7.1
600658,600187,600009,3017732,,2023-05-10,32856,7.1,,8848,1.5,7.5,10^3/uL,7.1
600659,600187,600009,3024929,,2023-05-10,32856,178.9,,8848,150,400,10^3/uL,178.9
600660,600187,600009,3016723,,2023-05-10,32856,0.69,,8840,0.6,1.2,mg/dL,0.69
600661,600187,600009,3013721,,2023-05-10,32856,39.7,,8645,0,40,U/L,39.7
600662,600187,600009,3006923,,2023-05-10,32856,15,,8645,0,40,U/L,15.0
600663,600188,600009,3000963,,2023-05-24,32856,12.7,,8713,12,17,g/dL,12.7
600664,600188,600009,3010813,,2023-05-24,32856,3.5,,8848,4,10,10^3/uL,3.5
600665,600188,600009,3017732,,2023-05-24,32856,0,,8848,1.5,7.5,10^3/uL,0
600666,600188,600009,3024929,,2023-05-24,32856,121.9,,8848,150,400,10^3/uL,121.9
600667,600188,600009,3016723,,2023-05-24,32856,1.34,,8840,0.6,1.2,mg/dL,1.34
600668,600188,600009,3013721,,2023-05-24,32856,9.9,,8645,0,40,U/L,9.9
600669,600188,600009,3006923,,2023-05-24,32856,26.8,,8645,0,40,U/L,26.8
600670,600189,600009,3000963,,2023-06-07,32856,13.5,,8713,12,17,g/dL,13.5
600671,600189,600009,3010813,,2023-06-07,32856,7.4,,8848,4,10,10^3/uL,7.4
600672,600189,600009,3017732,,2023-06-07,32856,4.2,,8848,1.5,7.5,10^3/uL,4.2
600673,600189,600009,3024929,,2023-06-07,32856,205.5,,8848,150,400,10^3/uL,205.5
600674,600189,600009,3016723,,2023-06-07,32856,1.05,,8840,0.6,1.2,mg/dL,1.05
600675,600189,600009,3013721,,2023-06-07,32856,25.9,,8645,0,40,U/L,25.9
600676,600189,600009,3006923,,2023-06-07,32856,32.5,,8645,0,40,U/L,32.5
600677,600190,600009,3000963,,2023-06-21,32856,10.2,,8713,12,17,g/dL,10.2
600678,600190,600009,3010813,,2023-06-21,32856,3.2,,8848,4,10,10^3/uL,3.2
600679,600190,600009,3017732,,2023-06-21,32856,3.3,,8848,1.5,7.5,10^3/uL,3.3
600680,600190,600009,3024929,,2023-06-21,32856,162.9,,8848,150,400,10^3/uL,162.9
600681,600190,600009,3016723,,2023-06-21,32856,1.07,,8840,0.6,1.2,mg/dL,1.07
600682,600190,600009,3013721,,2023-06-21,32856,44.9,,8645,0,40,U/L,44.9
600683,600190,600009,3006923,,2023-06-21,32856,58.4,,8645,0,40,U/L,58.4
600684,600197,600009,3000963,,2023-12-17,32856,13.1,,8713,12,17,g/dL,13.1
600685,600197,600009,3022250,,2023-12-17,32856,110.3,,8645,120,250,U/L,110.3
600686,600198,600009,3000963,,2024-05-27,32856,10.9,,8713,12,17,g/dL,10.9
600687,600198,600009,3022250,,2024-05-27,32856,213.3,,8645,120,250,U/L,213.3
600688,600199,600009,3000963,,2024-10-05,32856,10.4,,8713,12,17,g/dL,10.4
600689,600199,600009,3022250,,2024-10-05,32856,179,,8645,120,250,U/L,179.0
600690,600200,600009,3000963,,2025-01-13,32856,13.3,,8713,12,17,g/dL,13.3
600691,600200,600009,3022250,,2025-01-13,32856,268.6,,8645,120,250,U/L,268.6
600692,600201,600009,3000963,,2025-05-14,32856,10.1,,8713,12,17,g/dL,10.1
600693,600201,600009,3022250,,2025-05-14,32856,350.5,,8645,120,250,U/L,350.5
600694,600202,600009,3000963,,2025-11-04,32856,14.1,,8713,12,17,g/dL,14.1
600695,600202,600009,3022250,,2025-11-04,32856,245.1,,8645,120,250,U/L,245.1
600696,600203,600009,3000963,,2026-04-29,32856,11,,8713,12,17,g/dL,11.0
600697,600203,600009,3022250,,2026-04-29,32856,529.8,,8645,120,250,U/L,529.8
600698,600204,600010,3000963,,2023-02-16,32856,11.7,,8713,12,17,g/dL,11.7
600699,600204,600010,3010813,,2023-02-16,32856,7.6,,8848,4,10,10^3/uL,7.6
600700,600204,600010,3017732,,2023-02-16,32856,4.3,,8848,1.5,7.5,10^3/uL,4.3
600701,600204,600010,3024929,,2023-02-16,32856,250.9,,8848,150,400,10^3/uL,250.9
600702,600204,600010,3016723,,2023-02-16,32856,1.11,,8840,0.6,1.2,mg/dL,1.11
600703,600204,600010,3013721,,2023-02-16,32856,39.2,,8645,0,40,U/L,39.2
600704,600204,600010,3006923,,2023-02-16,32856,41.1,,8645,0,40,U/L,41.1
600705,600204,600010,3020491,,2023-02-16,32856,3.63,,8713,3.5,5.2,g/dL,3.63
600706,600204,600010,3024128,,2023-02-16,32856,1.47,,8840,0.2,1.2,mg/dL,1.47
600707,600204,600010,3022250,,2023-02-16,32856,266.4,,8645,120,250,U/L,266.4
600708,600204,600010,3006315,,2023-02-16,32856,2.8,,8859,0.8,2.2,mg/L,2.8
600709,600204,600010,3036277,,2023-02-16,32856,178,,8582,150,185,cm,178.0
600710,600204,600010,3025315,,2023-02-16,32856,67.7,,9529,45,90,kg,67.7
600711,600205,600010,3000963,,2023-06-12,32856,13.3,,8713,12,17,g/dL,13.3
600712,600205,600010,3022250,,2023-06-12,32856,212.9,,8645,120,250,U/L,212.9
600713,600206,600010,3000963,,2023-09-09,32856,11.7,,8713,12,17,g/dL,11.7
600714,600206,600010,3022250,,2023-09-09,32856,160.9,,8645,120,250,U/L,160.9
600715,600207,600010,3000963,,2024-02-04,32856,11.4,,8713,12,17,g/dL,11.4
600716,600207,600010,3022250,,2024-02-04,32856,176.9,,8645,120,250,U/L,176.9
600717,600208,600010,3000963,,2024-05-08,32856,16.3,,8713,12,17,g/dL,16.3
600718,600208,600010,3022250,,2024-05-08,32856,228.5,,8645,120,250,U/L,228.5
600719,600209,600010,3000963,,2024-09-16,32856,11.6,,8713,12,17,g/dL,11.6
600720,600209,600010,3022250,,2024-09-16,32856,20,,8645,120,250,U/L,20
600721,600210,600010,3000963,,2025-01-02,32856,12.8,,8713,12,17,g/dL,12.8
600722,600210,600010,3022250,,2025-01-02,32856,362.9,,8645,120,250,U/L,362.9
600723,600211,600010,3000963,,2025-07-06,32856,11.8,,8713,12,17,g/dL,11.8
600724,600211,600010,3022250,,2025-07-06,32856,52.5,,8645,120,250,U/L,52.5
600725,600212,600010,3000963,,2025-12-12,32856,11.9,,8713,12,17,g/dL,11.9
600726,600212,600010,3022250,,2025-12-12,32856,104.7,,8645,120,250,U/L,104.7
600727,600213,600010,3000963,,2026-06-12,32856,10.9,,8713,12,17,g/dL,10.9
600728,600213,600010,3022250,,2026-06-12,32856,158.5,,8645,120,250,U/L,158.5
600729,600214,600011,3000963,,2022-09-01,32856,11.8,,8713,12,17,g/dL,11.8
600730,600214,600011,3010813,,2022-09-01,32856,10.7,,8848,4,10,10^3/uL,10.7
600731,600214,600011,3017732,,2022-09-01,32856,4.6,,8848,1.5,7.5,10^3/uL,4.6
600732,600214,600011,3024929,,2022-09-01,32856,130.8,,8848,150,400,10^3/uL,130.8
600733,600214,600011,3016723,,2022-09-01,32856,1.11,,8840,0.6,1.2,mg/dL,1.11
600734,600214,600011,3013721,,2022-09-01,32856,40.3,,8645,0,40,U/L,40.3
600735,600214,600011,3006923,,2022-09-01,32856,61,,8645,0,40,U/L,61.0
600736,600214,600011,3020491,,2022-09-01,32856,3.52,,8713,3.5,5.2,g/dL,3.52
600737,600214,600011,3024128,,2022-09-01,32856,0.94,,8840,0.2,1.2,mg/dL,0.94
600738,600214,600011,3022250,,2022-09-01,32856,303,,8645,120,250,U/L,303.0
600739,600214,600011,3006315,,2022-09-01,32856,2.6,,8859,0.8,2.2,mg/L,2.6
600740,600214,600011,3036277,,2022-09-01,32856,154.9,,8582,150,185,cm,154.9
600741,600214,600011,3025315,,2022-09-01,32856,63.6,,9529,45,90,kg,63.6
600742,600215,600011,3000963,,2022-12-27,32856,10,,8713,12,17,g/dL,10.0
600743,600215,600011,3022250,,2022-12-27,32856,269.2,,8645,120,250,U/L,269.2
600744,600216,600011,3000963,,2023-04-03,32856,13.9,,8713,12,17,g/dL,13.9
600745,600216,600011,3022250,,2023-04-03,32856,308.6,,8645,120,250,U/L,308.6
600746,600217,600011,3000963,,2023-10-01,32856,11,,8713,12,17,g/dL,11.0
600747,600217,600011,3022250,,2023-10-01,32856,295,,8645,120,250,U/L,295.0
600748,600218,600011,3000963,,2024-02-09,32856,11.6,,8713,12,17,g/dL,11.6
600749,600218,600011,3022250,,2024-02-09,32856,259.9,,8645,120,250,U/L,259.9
600750,600219,600011,3000963,,2024-05-24,32856,13.5,,8713,12,17,g/dL,13.5
600751,600219,600011,3022250,,2024-05-24,32856,315.8,,8645,120,250,U/L,315.8
600752,600220,600011,3000963,,2024-09-09,32856,10.7,,8713,12,17,g/dL,10.7
600753,600220,600011,3022250,,2024-09-09,32856,324.1,,8645,120,250,U/L,324.1
600754,600221,600011,3000963,,2025-02-02,32856,12.6,,8713,12,17,g/dL,12.6
600755,600221,600011,3022250,,2025-02-02,32856,236.1,,8645,120,250,U/L,236.1
600756,600222,600011,3000963,,2025-07-21,32856,14.5,,8713,12,17,g/dL,14.5
600757,600222,600011,3022250,,2025-07-21,32856,404.4,,8645,120,250,U/L,404.4
600758,600223,600011,3000963,,2025-11-10,32856,10.2,,8713,12,17,g/dL,10.2
600759,600223,600011,3022250,,2025-11-10,32856,441.8,,8645,120,250,U/L,441.8
600760,600224,600011,3000963,,2026-04-03,32856,14.5,,8713,12,17,g/dL,14.5
600761,600224,600011,3022250,,2026-04-03,32856,242.6,,8645,120,250,U/L,242.6
600762,600225,600012,3000963,,2023-04-16,32856,12.8,,8713,12,17,g/dL,12.8
600763,600225,600012,3010813,,2023-04-16,32856,10.1,,8848,4,10,10^3/uL,10.1
600764,600225,600012,3017732,,2023-04-16,32856,4.6,,8848,1.5,7.5,10^3/uL,4.6
600765,600225,600012,3024929,,2023-04-16,32856,168.1,,8848,150,400,10^3/uL,168.1
600766,600225,600012,3016723,,2023-04-16,32856,1.11,,8840,0.6,1.2,mg/dL,1.11
600767,600225,600012,3013721,,2023-04-16,32856,40.3,,8645,0,40,U/L,40.3
600768,600225,600012,3006923,,2023-04-16,32856,50.5,,8645,0,40,U/L,50.5
600769,600225,600012,3020491,,2023-04-16,32856,4.28,,8713,3.5,5.2,g/dL,4.28
600770,600225,600012,3024128,,2023-04-16,32856,1.21,,8840,0.2,1.2,mg/dL,1.21
600771,600225,600012,3022250,,2023-04-16,32856,336.4,,8645,120,250,U/L,336.4
600772,600225,600012,3006315,,2023-04-16,32856,4.7,,8859,0.8,2.2,mg/L,4.7
600773,600225,600012,3036277,,2023-04-16,32856,174.6,,8582,150,185,cm,174.6
600774,600225,600012,3025315,,2023-04-16,32856,75.9,,9529,45,90,kg,75.9
600775,600226,600012,3000963,,2023-04-26,32856,13.6,,8713,12,17,g/dL,13.6
600776,600226,600012,3010813,,2023-04-26,32856,4,,8848,4,10,10^3/uL,4.0
600777,600226,600012,3017732,,2023-04-26,32856,3.9,,8848,1.5,7.5,10^3/uL,3.9
600778,600226,600012,3024929,,2023-04-26,32856,260.9,,8848,150,400,10^3/uL,260.9
600779,600226,600012,3016723,,2023-04-26,32856,0.97,,8840,0.6,1.2,mg/dL,0.97
600780,600226,600012,3013721,,2023-04-26,32856,34.1,,8645,0,40,U/L,34.1
600781,600226,600012,3006923,,2023-04-26,32856,40.5,,8645,0,40,U/L,40.5
600782,600227,600012,3000963,,2023-05-17,32856,11.8,,8713,12,17,g/dL,11.8
600783,600227,600012,3010813,,2023-05-17,32856,3.8,,8848,4,10,10^3/uL,3.8
600784,600227,600012,3017732,,2023-05-17,32856,2.4,,8848,1.5,7.5,10^3/uL,2.4
600785,600227,600012,3024929,,2023-05-17,32856,131.6,,8848,150,400,10^3/uL,131.6
600786,600227,600012,3016723,,2023-05-17,32856,1.12,,8840,0.6,1.2,mg/dL,1.12
600787,600227,600012,3013721,,2023-05-17,32856,15.7,,8645,0,40,U/L,15.7
600788,600227,600012,3006923,,2023-05-17,32856,67.4,,8645,0,40,U/L,67.4
600789,600228,600012,3000963,,2023-06-07,32856,8.9,,8713,12,17,g/dL,8.9
600790,600228,600012,3010813,,2023-06-07,32856,8.2,,8848,4,10,10^3/uL,8.2
600791,600228,600012,3017732,,2023-06-07,32856,5.5,,8848,1.5,7.5,10^3/uL,5.5
600792,600228,600012,3024929,,2023-06-07,32856,274.1,,8848,150,400,10^3/uL,274.1
600793,600228,600012,3016723,,2023-06-07,32856,1.19,,8840,0.6,1.2,mg/dL,1.19
600794,600228,600012,3013721,,2023-06-07,32856,31,,8645,0,40,U/L,31.0
600795,600228,600012,3006923,,2023-06-07,32856,40.5,,8645,0,40,U/L,40.5
600796,600229,600012,3000963,,2023-06-28,32856,13.1,,8713,12,17,g/dL,13.1
600797,600229,600012,3010813,,2023-06-28,32856,6,,8848,4,10,10^3/uL,6.0
600798,600229,600012,3017732,,2023-06-28,32856,2.7,,8848,1.5,7.5,10^3/uL,2.7
600799,600229,600012,3024929,,2023-06-28,32856,213,,8848,150,400,10^3/uL,213.0
600800,600229,600012,3016723,,2023-06-28,32856,0.95,,8840,0.6,1.2,mg/dL,0.95
600801,600229,600012,3013721,,2023-06-28,32856,63.9,,8645,0,40,U/L,63.9
600802,600229,600012,3006923,,2023-06-28,32856,25.2,,8645,0,40,U/L,25.2
600803,600230,600012,3000963,,2023-07-19,32856,11.1,,8713,12,17,g/dL,11.1
600804,600230,600012,3010813,,2023-07-19,32856,4.8,,8848,4,10,10^3/uL,4.8
600805,600230,600012,3017732,,2023-07-19,32856,1.6,,8848,1.5,7.5,10^3/uL,1.6
600806,600230,600012,3024929,,2023-07-19,32856,210,,8848,150,400,10^3/uL,210.0
600807,600230,600012,3016723,,2023-07-19,32856,1.09,,8840,0.6,1.2,mg/dL,1.09
600808,600230,600012,3013721,,2023-07-19,32856,74.3,,8645,0,40,U/L,74.3
600809,600230,600012,3006923,,2023-07-19,32856,55,,8645,0,40,U/L,55.0
600810,600231,600012,3000963,,2023-08-09,32856,14.4,,8713,12,17,g/dL,14.4
600811,600231,600012,3010813,,2023-08-09,32856,11.8,,8848,4,10,10^3/uL,11.8
600812,600231,600012,3017732,,2023-08-09,32856,1.2,,8848,1.5,7.5,10^3/uL,1.2
600813,600231,600012,3024929,,2023-08-09,32856,202.8,,8848,150,400,10^3/uL,202.8
600814,600231,600012,3016723,,2023-08-09,32856,0.99,,8840,0.6,1.2,mg/dL,0.99
600815,600231,600012,3013721,,2023-08-09,32856,44.5,,8645,0,40,U/L,44.5
600816,600231,600012,3006923,,2023-08-09,32856,47.3,,8645,0,40,U/L,47.3
600817,600237,600012,3000963,,2023-10-21,32856,10.3,,8713,12,17,g/dL,10.3
600818,600237,600012,3010813,,2023-10-21,32856,12.9,,8848,4,10,10^3/uL,12.9
600819,600237,600012,3017732,,2023-10-21,32856,4.3,,8848,1.5,7.5,10^3/uL,4.3
600820,600237,600012,3024929,,2023-10-21,32856,253.5,,8848,150,400,10^3/uL,253.5
600821,600237,600012,3016723,,2023-10-21,32856,0.87,,8840,0.6,1.2,mg/dL,0.87
600822,600237,600012,3013721,,2023-10-21,32856,35,,8645,0,40,U/L,35.0
600823,600237,600012,3006923,,2023-10-21,32856,35.2,,8645,0,40,U/L,35.2
600824,600238,600012,3000963,,2023-12-16,32856,10,,8713,12,17,g/dL,10.0
600825,600238,600012,3010813,,2023-12-16,32856,3.5,,8848,4,10,10^3/uL,3.5
600826,600238,600012,3017732,,2023-12-16,32856,5.7,,8848,1.5,7.5,10^3/uL,5.7
600827,600238,600012,3024929,,2023-12-16,32856,250.9,,8848,150,400,10^3/uL,250.9
600828,600238,600012,3016723,,2023-12-16,32856,1.05,,8840,0.6,1.2,mg/dL,1.05
600829,600238,600012,3013721,,2023-12-16,32856,5.1,,8645,0,40,U/L,5.1
600830,600238,600012,3006923,,2023-12-16,32856,12.5,,8645,0,40,U/L,12.5
600831,600239,600012,3000963,,2024-02-10,32856,11.1,,8713,12,17,g/dL,11.1
600832,600239,600012,3010813,,2024-02-10,32856,5,,8848,4,10,10^3/uL,5.0
600833,600239,600012,3017732,,2024-02-10,32856,1.7,,8848,1.5,7.5,10^3/uL,1.7
600834,600239,600012,3024929,,2024-02-10,32856,252.1,,8848,150,400,10^3/uL,252.1
600835,600239,600012,3016723,,2024-02-10,32856,1.08,,8840,0.6,1.2,mg/dL,1.08
600836,600239,600012,3013721,,2024-02-10,32856,28.5,,8645,0,40,U/L,28.5
600837,600239,600012,3006923,,2024-02-10,32856,76,,8645,0,40,U/L,76.0
600838,600240,600012,3000963,,2024-04-06,32856,9.9,,8713,12,17,g/dL,9.9
600839,600240,600012,3010813,,2024-04-06,32856,3.9,,8848,4,10,10^3/uL,3.9
600840,600240,600012,3017732,,2024-04-06,32856,1.5,,8848,1.5,7.5,10^3/uL,1.5
600841,600240,600012,3024929,,2024-04-06,32856,273.3,,8848,150,400,10^3/uL,273.3
600842,600240,600012,3016723,,2024-04-06,32856,0.65,,8840,0.6,1.2,mg/dL,0.65
600843,600240,600012,3013721,,2024-04-06,32856,33.7,,8645,0,40,U/L,33.7
600844,600240,600012,3006923,,2024-04-06,32856,26,,8645,0,40,U/L,26.0
600845,600241,600012,3000963,,2024-06-01,32856,10.7,,8713,12,17,g/dL,10.7
600846,600241,600012,3010813,,2024-06-01,32856,8.1,,8848,4,10,10^3/uL,8.1
600847,600241,600012,3017732,,2024-06-01,32856,2.3,,8848,1.5,7.5,10^3/uL,2.3
600848,600241,600012,3024929,,2024-06-01,32856,323.8,,8848,150,400,10^3/uL,323.8
600849,600241,600012,3016723,,2024-06-01,32856,1.33,,8840,0.6,1.2,mg/dL,1.33
600850,600241,600012,3013721,,2024-06-01,32856,58.7,,8645,0,40,U/L,58.7
600851,600241,600012,3006923,,2024-06-01,32856,31.8,,8645,0,40,U/L,31.8
600852,600242,600012,3000963,,2024-07-27,32856,9.7,,8713,12,17,g/dL,9.7
600853,600242,600012,3010813,,2024-07-27,32856,4.3,,8848,4,10,10^3/uL,4.3
600854,600242,600012,3017732,,2024-07-27,32856,4.2,,8848,1.5,7.5,10^3/uL,4.2
600855,600242,600012,3024929,,2024-07-27,32856,194.5,,8848,150,400,10^3/uL,194.5
600856,600242,600012,3016723,,2024-07-27,32856,1.04,,8840,0.6,1.2,mg/dL,1.04
600857,600242,600012,3013721,,2024-07-27,32856,34.8,,8645,0,40,U/L,34.8
600858,600242,600012,3006923,,2024-07-27,32856,56.4,,8645,0,40,U/L,56.4
600859,600243,600012,3000963,,2024-09-21,32856,13.1,,8713,12,17,g/dL,13.1
600860,600243,600012,3010813,,2024-09-21,32856,8.8,,8848,4,10,10^3/uL,8.8
600861,600243,600012,3017732,,2024-09-21,32856,2.5,,8848,1.5,7.5,10^3/uL,2.5
600862,600243,600012,3024929,,2024-09-21,32856,187.2,,8848,150,400,10^3/uL,187.2
600863,600243,600012,3016723,,2024-09-21,32856,1.31,,8840,0.6,1.2,mg/dL,1.31
600864,600243,600012,3013721,,2024-09-21,32856,63.2,,8645,0,40,U/L,63.2
600865,600243,600012,3006923,,2024-09-21,32856,0,,8645,0,40,U/L,0
600866,600244,600012,3000963,,2024-11-16,32856,11.7,,8713,12,17,g/dL,11.7
600867,600244,600012,3010813,,2024-11-16,32856,8.4,,8848,4,10,10^3/uL,8.4
600868,600244,600012,3017732,,2024-11-16,32856,0,,8848,1.5,7.5,10^3/uL,0
600869,600244,600012,3024929,,2024-11-16,32856,215.9,,8848,150,400,10^3/uL,215.9
600870,600244,600012,3016723,,2024-11-16,32856,1.08,,8840,0.6,1.2,mg/dL,1.08
600871,600244,600012,3013721,,2024-11-16,32856,15.1,,8645,0,40,U/L,15.1
600872,600244,600012,3006923,,2024-11-16,32856,57.5,,8645,0,40,U/L,57.5
600873,600245,600012,3000963,,2025-02-27,32856,11.5,,8713,12,17,g/dL,11.5
600874,600245,600012,3022250,,2025-02-27,32856,318.4,,8645,120,250,U/L,318.4
600875,600246,600012,3000963,,2025-08-03,32856,11.3,,8713,12,17,g/dL,11.3
600876,600246,600012,3022250,,2025-08-03,32856,458.4,,8645,120,250,U/L,458.4
600877,600247,600012,3000963,,2025-12-25,32856,14.7,,8713,12,17,g/dL,14.7
600878,600247,600012,3022250,,2025-12-25,32856,325.6,,8645,120,250,U/L,325.6
600879,600248,600012,3000963,,2026-05-02,32856,12.1,,8713,12,17,g/dL,12.1
600880,600248,600012,3022250,,2026-05-02,32856,128.9,,8645,120,250,U/L,128.9
600881,600249,600013,3000963,,2024-03-31,32856,13.5,,8713,12,17,g/dL,13.5
600882,600249,600013,3010813,,2024-03-31,32856,7,,8848,4,10,10^3/uL,7.0
600883,600249,600013,3017732,,2024-03-31,32856,4.4,,8848,1.5,7.5,10^3/uL,4.4
600884,600249,600013,3024929,,2024-03-31,32856,320.6,,8848,150,400,10^3/uL,320.6
600885,600249,600013,3016723,,2024-03-31,32856,0.72,,8840,0.6,1.2,mg/dL,0.72
600886,600249,600013,3013721,,2024-03-31,32856,10.5,,8645,0,40,U/L,10.5
600887,600249,600013,3006923,,2024-03-31,32856,10.9,,8645,0,40,U/L,10.9
600888,600249,600013,3020491,,2024-03-31,32856,4.12,,8713,3.5,5.2,g/dL,4.12
600889,600249,600013,3024128,,2024-03-31,32856,0.86,,8840,0.2,1.2,mg/dL,0.86
600890,600249,600013,3022250,,2024-03-31,32856,89.1,,8645,120,250,U/L,89.1
600891,600249,600013,3006315,,2024-03-31,32856,1.4,,8859,0.8,2.2,mg/L,1.4
600892,600249,600013,3036277,,2024-03-31,32856,165.4,,8582,150,185,cm,165.4
600893,600249,600013,3025315,,2024-03-31,32856,61,,9529,45,90,kg,61.0
600894,600250,600013,3000963,,2024-04-11,32856,12.1,,8713,12,17,g/dL,12.1
600895,600250,600013,3010813,,2024-04-11,32856,5.4,,8848,4,10,10^3/uL,5.4
600896,600250,600013,3017732,,2024-04-11,32856,2.1,,8848,1.5,7.5,10^3/uL,2.1
600897,600250,600013,3024929,,2024-04-11,32856,212.3,,8848,150,400,10^3/uL,212.3
600898,600250,600013,3016723,,2024-04-11,32856,1.08,,8840,0.6,1.2,mg/dL,1.08
600899,600250,600013,3013721,,2024-04-11,32856,61.8,,8645,0,40,U/L,61.8
600900,600250,600013,3006923,,2024-04-11,32856,33.5,,8645,0,40,U/L,33.5
600901,600251,600013,3000963,,2024-05-02,32856,12.9,,8713,12,17,g/dL,12.9
600902,600251,600013,3010813,,2024-05-02,32856,7.5,,8848,4,10,10^3/uL,7.5
600903,600251,600013,3017732,,2024-05-02,32856,2,,8848,1.5,7.5,10^3/uL,2.0
600904,600251,600013,3024929,,2024-05-02,32856,273.5,,8848,150,400,10^3/uL,273.5
600905,600251,600013,3016723,,2024-05-02,32856,1.31,,8840,0.6,1.2,mg/dL,1.31
600906,600251,600013,3013721,,2024-05-02,32856,45.2,,8645,0,40,U/L,45.2
600907,600251,600013,3006923,,2024-05-02,32856,20.4,,8645,0,40,U/L,20.4
600908,600252,600013,3000963,,2024-05-23,32856,13.1,,8713,12,17,g/dL,13.1
600909,600252,600013,3010813,,2024-05-23,32856,9.5,,8848,4,10,10^3/uL,9.5
600910,600252,600013,3017732,,2024-05-23,32856,5.4,,8848,1.5,7.5,10^3/uL,5.4
600911,600252,600013,3024929,,2024-05-23,32856,292.4,,8848,150,400,10^3/uL,292.4
600912,600252,600013,3016723,,2024-05-23,32856,0.53,,8840,0.6,1.2,mg/dL,0.53
600913,600252,600013,3013721,,2024-05-23,32856,37.9,,8645,0,40,U/L,37.9
600914,600252,600013,3006923,,2024-05-23,32856,15,,8645,0,40,U/L,15.0
600915,600253,600013,3000963,,2024-06-13,32856,13.7,,8713,12,17,g/dL,13.7
600916,600253,600013,3010813,,2024-06-13,32856,5.8,,8848,4,10,10^3/uL,5.8
600917,600253,600013,3017732,,2024-06-13,32856,1.3,,8848,1.5,7.5,10^3/uL,1.3
600918,600253,600013,3024929,,2024-06-13,32856,151.5,,8848,150,400,10^3/uL,151.5
600919,600253,600013,3016723,,2024-06-13,32856,1.18,,8840,0.6,1.2,mg/dL,1.18
600920,600253,600013,3013721,,2024-06-13,32856,0,,8645,0,40,U/L,0
600921,600253,600013,3006923,,2024-06-13,32856,69.3,,8645,0,40,U/L,69.3
600922,600254,600013,3000963,,2024-07-04,32856,12.2,,8713,12,17,g/dL,12.2
600923,600254,600013,3010813,,2024-07-04,32856,5.2,,8848,4,10,10^3/uL,5.2
600924,600254,600013,3017732,,2024-07-04,32856,0,,8848,1.5,7.5,10^3/uL,0
600925,600254,600013,3024929,,2024-07-04,32856,250.8,,8848,150,400,10^3/uL,250.8
600926,600254,600013,3016723,,2024-07-04,32856,0.82,,8840,0.6,1.2,mg/dL,0.82
600927,600254,600013,3013721,,2024-07-04,32856,19.1,,8645,0,40,U/L,19.1
600928,600254,600013,3006923,,2024-07-04,32856,3.9,,8645,0,40,U/L,3.9
600929,600255,600013,3000963,,2024-07-25,32856,9.9,,8713,12,17,g/dL,9.9
600930,600255,600013,3010813,,2024-07-25,32856,4.2,,8848,4,10,10^3/uL,4.2
600931,600255,600013,3017732,,2024-07-25,32856,1.7,,8848,1.5,7.5,10^3/uL,1.7
600932,600255,600013,3024929,,2024-07-25,32856,232.6,,8848,150,400,10^3/uL,232.6
600933,600255,600013,3016723,,2024-07-25,32856,0.85,,8840,0.6,1.2,mg/dL,0.85
600934,600255,600013,3013721,,2024-07-25,32856,48.2,,8645,0,40,U/L,48.2
600935,600255,600013,3006923,,2024-07-25,32856,26.2,,8645,0,40,U/L,26.2
600936,600262,600013,3000963,,2024-12-21,32856,15.4,,8713,12,17,g/dL,15.4
600937,600262,600013,3022250,,2024-12-21,32856,178.1,,8645,120,250,U/L,178.1
600938,600263,600013,3000963,,2025-05-27,32856,12.6,,8713,12,17,g/dL,12.6
600939,600263,600013,3022250,,2025-05-27,32856,262.7,,8645,120,250,U/L,262.7
600940,600264,600013,3000963,,2025-08-24,32856,15.6,,8713,12,17,g/dL,15.6
600941,600264,600013,3022250,,2025-08-24,32856,313,,8645,120,250,U/L,313.0
600942,600265,600013,3000963,,2026-02-15,32856,13.3,,8713,12,17,g/dL,13.3
600943,600265,600013,3022250,,2026-02-15,32856,404.9,,8645,120,250,U/L,404.9
600944,600266,600013,3000963,,2026-06-12,32856,9.4,,8713,12,17,g/dL,9.4
600945,600266,600013,3022250,,2026-06-12,32856,447,,8645,120,250,U/L,447.0
600946,600267,600014,3000963,,2019-06-18,32856,13.8,,8713,12,17,g/dL,13.8
600947,600267,600014,3010813,,2019-06-18,32856,11,,8848,4,10,10^3/uL,11.0
600948,600267,600014,3017732,,2019-06-18,32856,4.9,,8848,1.5,7.5,10^3/uL,4.9
600949,600267,600014,3024929,,2019-06-18,32856,172.3,,8848,150,400,10^3/uL,172.3
600950,600267,600014,3016723,,2019-06-18,32856,0.98,,8840,0.6,1.2,mg/dL,0.98
600951,600267,600014,3013721,,2019-06-18,32856,54,,8645,0,40,U/L,54.0
600952,600267,600014,3006923,,2019-06-18,32856,40.8,,8645,0,40,U/L,40.8
600953,600267,600014,3020491,,2019-06-18,32856,3.8,,8713,3.5,5.2,g/dL,3.8
600954,600267,600014,3024128,,2019-06-18,32856,0.53,,8840,0.2,1.2,mg/dL,0.53
600955,600267,600014,3022250,,2019-06-18,32856,259.5,,8645,120,250,U/L,259.5
600956,600267,600014,3006315,,2019-06-18,32856,1.5,,8859,0.8,2.2,mg/L,1.5
600957,600267,600014,3036277,,2019-06-18,32856,168.8,,8582,150,185,cm,168.8
600958,600267,600014,3025315,,2019-06-18,32856,68.2,,9529,45,90,kg,68.2
600959,600268,600014,3000963,,2019-10-04,32856,13.6,,8713,12,17,g/dL,13.6
600960,600268,600014,3022250,,2019-10-04,32856,20,,8645,120,250,U/L,20
600961,600269,600014,3000963,,2020-02-24,32856,12.6,,8713,12,17,g/dL,12.6
600962,600269,600014,3022250,,2020-02-24,32856,153,,8645,120,250,U/L,153.0
600963,600270,600014,3000963,,2020-08-02,32856,12.7,,8713,12,17,g/dL,12.7
600964,600270,600014,3022250,,2020-08-02,32856,236.6,,8645,120,250,U/L,236.6
600965,600271,600014,3000963,,2021-01-21,32856,13.1,,8713,12,17,g/dL,13.1
600966,600271,600014,3022250,,2021-01-21,32856,214,,8645,120,250,U/L,214.0
600967,600272,600014,3000963,,2021-06-20,32856,12.7,,8713,12,17,g/dL,12.7
600968,600272,600014,3022250,,2021-06-20,32856,288.4,,8645,120,250,U/L,288.4
600969,600273,600014,3000963,,2021-12-09,32856,14.6,,8713,12,17,g/dL,14.6
600970,600273,600014,3022250,,2021-12-09,32856,163.9,,8645,120,250,U/L,163.9
600971,600274,600014,3000963,,2022-03-31,32856,9.8,,8713,12,17,g/dL,9.8
600972,600274,600014,3022250,,2022-03-31,32856,164.5,,8645,120,250,U/L,164.5
600973,600275,600014,3000963,,2022-08-16,32856,12.7,,8713,12,17,g/dL,12.7
600974,600275,600014,3022250,,2022-08-16,32856,204.2,,8645,120,250,U/L,204.2
600975,600276,600014,3000963,,2022-12-14,32856,12.7,,8713,12,17,g/dL,12.7
600976,600276,600014,3022250,,2022-12-14,32856,121.2,,8645,120,250,U/L,121.2
600977,600277,600014,3000963,,2023-03-09,32856,13,,8713,12,17,g/dL,13.0
600978,600277,600014,3022250,,2023-03-09,32856,121.4,,8645,120,250,U/L,121.4
600979,600278,600014,3000963,,2023-08-17,32856,10.7,,8713,12,17,g/dL,10.7
600980,600278,600014,3022250,,2023-08-17,32856,291.2,,8645,120,250,U/L,291.2
600981,600279,600014,3000963,,2024-01-16,32856,16.1,,8713,12,17,g/dL,16.1
600982,600279,600014,3022250,,2024-01-16,32856,135.6,,8645,120,250,U/L,135.6
600983,600280,600015,3000963,,2022-05-23,32856,11.4,,8713,12,17,g/dL,11.4
600984,600280,600015,3010813,,2022-05-23,32856,7.7,,8848,4,10,10^3/uL,7.7
600985,600280,600015,3017732,,2022-05-23,32856,2.7,,8848,1.5,7.5,10^3/uL,2.7
600986,600280,600015,3024929,,2022-05-23,32856,196.6,,8848,150,400,10^3/uL,196.6
600987,600280,600015,3016723,,2022-05-23,32856,1.17,,8840,0.6,1.2,mg/dL,1.17
600988,600280,600015,3013721,,2022-05-23,32856,60.1,,8645,0,40,U/L,60.1
600989,600280,600015,3006923,,2022-05-23,32856,55.4,,8645,0,40,U/L,55.4
600990,600280,600015,3020491,,2022-05-23,32856,4.22,,8713,3.5,5.2,g/dL,4.22
600991,600280,600015,3024128,,2022-05-23,32856,0.58,,8840,0.2,1.2,mg/dL,0.58
600992,600280,600015,3022250,,2022-05-23,32856,710.2,,8645,120,250,U/L,710.2
600993,600280,600015,3006315,,2022-05-23,32856,4.5,,8859,0.8,2.2,mg/L,4.5
600994,600280,600015,3036277,,2022-05-23,32856,170.1,,8582,150,185,cm,170.1
600995,600280,600015,3025315,,2022-05-23,32856,52,,9529,45,90,kg,52.0
600996,600281,600015,3000963,,2022-06-05,32856,13.4,,8713,12,17,g/dL,13.4
600997,600281,600015,3010813,,2022-06-05,32856,8.2,,8848,4,10,10^3/uL,8.2
600998,600281,600015,3017732,,2022-06-05,32856,5,,8848,1.5,7.5,10^3/uL,5.0
600999,600281,600015,3024929,,2022-06-05,32856,42.1,,8848,150,400,10^3/uL,42.1
601000,600281,600015,3016723,,2022-06-05,32856,1.35,,8840,0.6,1.2,mg/dL,1.35
601001,600281,600015,3013721,,2022-06-05,32856,23.9,,8645,0,40,U/L,23.9
601002,600281,600015,3006923,,2022-06-05,32856,28.8,,8645,0,40,U/L,28.8
601003,600282,600015,3000963,,2022-06-26,32856,14,,8713,12,17,g/dL,14.0
601004,600282,600015,3010813,,2022-06-26,32856,6.8,,8848,4,10,10^3/uL,6.8
601005,600282,600015,3017732,,2022-06-26,32856,2.4,,8848,1.5,7.5,10^3/uL,2.4
601006,600282,600015,3024929,,2022-06-26,32856,221.8,,8848,150,400,10^3/uL,221.8
601007,600282,600015,3016723,,2022-06-26,32856,0.93,,8840,0.6,1.2,mg/dL,0.93
601008,600282,600015,3013721,,2022-06-26,32856,41.5,,8645,0,40,U/L,41.5
601009,600282,600015,3006923,,2022-06-26,32856,56.4,,8645,0,40,U/L,56.4
601010,600283,600015,3000963,,2022-07-17,32856,11.2,,8713,12,17,g/dL,11.2
601011,600283,600015,3010813,,2022-07-17,32856,5.7,,8848,4,10,10^3/uL,5.7
601012,600283,600015,3017732,,2022-07-17,32856,1.4,,8848,1.5,7.5,10^3/uL,1.4
601013,600283,600015,3024929,,2022-07-17,32856,298,,8848,150,400,10^3/uL,298.0
601014,600283,600015,3016723,,2022-07-17,32856,0.58,,8840,0.6,1.2,mg/dL,0.58
601015,600283,600015,3013721,,2022-07-17,32856,82.4,,8645,0,40,U/L,82.4
601016,600283,600015,3006923,,2022-07-17,32856,33.7,,8645,0,40,U/L,33.7
601017,600284,600015,3000963,,2022-08-07,32856,12.1,,8713,12,17,g/dL,12.1
601018,600284,600015,3010813,,2022-08-07,32856,9.7,,8848,4,10,10^3/uL,9.7
601019,600284,600015,3017732,,2022-08-07,32856,5.7,,8848,1.5,7.5,10^3/uL,5.7
601020,600284,600015,3024929,,2022-08-07,32856,147.2,,8848,150,400,10^3/uL,147.2
601021,600284,600015,3016723,,2022-08-07,32856,0.5,,8840,0.6,1.2,mg/dL,0.5
601022,600284,600015,3013721,,2022-08-07,32856,40.2,,8645,0,40,U/L,40.2
601023,600284,600015,3006923,,2022-08-07,32856,15.8,,8645,0,40,U/L,15.8
601024,600285,600015,3000963,,2022-08-28,32856,13.3,,8713,12,17,g/dL,13.3
601025,600285,600015,3010813,,2022-08-28,32856,7.6,,8848,4,10,10^3/uL,7.6
601026,600285,600015,3017732,,2022-08-28,32856,0.9,,8848,1.5,7.5,10^3/uL,0.9
601027,600285,600015,3024929,,2022-08-28,32856,194.3,,8848,150,400,10^3/uL,194.3
601028,600285,600015,3016723,,2022-08-28,32856,0.73,,8840,0.6,1.2,mg/dL,0.73
601029,600285,600015,3013721,,2022-08-28,32856,45.5,,8645,0,40,U/L,45.5
601030,600285,600015,3006923,,2022-08-28,32856,79.7,,8645,0,40,U/L,79.7
601031,600286,600015,3000963,,2022-09-18,32856,11.8,,8713,12,17,g/dL,11.8
601032,600286,600015,3010813,,2022-09-18,32856,4.7,,8848,4,10,10^3/uL,4.7
601033,600286,600015,3017732,,2022-09-18,32856,0,,8848,1.5,7.5,10^3/uL,0
601034,600286,600015,3024929,,2022-09-18,32856,240.8,,8848,150,400,10^3/uL,240.8
601035,600286,600015,3016723,,2022-09-18,32856,1.08,,8840,0.6,1.2,mg/dL,1.08
601036,600286,600015,3013721,,2022-09-18,32856,46.8,,8645,0,40,U/L,46.8
601037,600286,600015,3006923,,2022-09-18,32856,50.2,,8645,0,40,U/L,50.2
601038,600291,600015,3000963,,2023-02-08,32856,11.6,,8713,12,17,g/dL,11.6
601039,600291,600015,3022250,,2023-02-08,32856,366.9,,8645,120,250,U/L,366.9
601040,600292,600015,3000963,,2023-06-13,32856,13.9,,8713,12,17,g/dL,13.9
601041,600292,600015,3022250,,2023-06-13,32856,236,,8645,120,250,U/L,236.0
601042,600293,600015,3000963,,2023-10-31,32856,15.6,,8713,12,17,g/dL,15.6
601043,600293,600015,3022250,,2023-10-31,32856,320.5,,8645,120,250,U/L,320.5
601044,600294,600015,3000963,,2024-02-08,32856,12.5,,8713,12,17,g/dL,12.5
601045,600294,600015,3022250,,2024-02-08,32856,218.8,,8645,120,250,U/L,218.8
601046,600295,600015,3000963,,2024-07-21,32856,13,,8713,12,17,g/dL,13.0
601047,600295,600015,3022250,,2024-07-21,32856,282.9,,8645,120,250,U/L,282.9
601048,600296,600015,3000963,,2024-12-11,32856,13.1,,8713,12,17,g/dL,13.1
601049,600296,600015,3022250,,2024-12-11,32856,191.9,,8645,120,250,U/L,191.9
601050,600297,600015,3000963,,2025-06-12,32856,12.8,,8713,12,17,g/dL,12.8
601051,600297,600015,3022250,,2025-06-12,32856,20,,8645,120,250,U/L,20
601052,600298,600015,3000963,,2025-11-06,32856,14.2,,8713,12,17,g/dL,14.2
601053,600298,600015,3022250,,2025-11-06,32856,190.1,,8645,120,250,U/L,190.1
601054,600299,600015,3000963,,2026-03-23,32856,12.2,,8713,12,17,g/dL,12.2
601055,600299,600015,3022250,,2026-03-23,32856,101.4,,8645,120,250,U/L,101.4
601056,600300,600016,3000963,,2024-07-26,32856,13.8,,8713,12,17,g/dL,13.8
601057,600300,600016,3010813,,2024-07-26,32856,6.2,,8848,4,10,10^3/uL,6.2
601058,600300,600016,3017732,,2024-07-26,32856,6.8,,8848,1.5,7.5,10^3/uL,6.8
601059,600300,600016,3024929,,2024-07-26,32856,253.5,,8848,150,400,10^3/uL,253.5
601060,600300,600016,3016723,,2024-07-26,32856,1.05,,8840,0.6,1.2,mg/dL,1.05
601061,600300,600016,3013721,,2024-07-26,32856,35.9,,8645,0,40,U/L,35.9
601062,600300,600016,3006923,,2024-07-26,32856,9.7,,8645,0,40,U/L,9.7
601063,600300,600016,3020491,,2024-07-26,32856,4.62,,8713,3.5,5.2,g/dL,4.62
601064,600300,600016,3024128,,2024-07-26,32856,0.73,,8840,0.2,1.2,mg/dL,0.73
601065,600300,600016,3022250,,2024-07-26,32856,222.1,,8645,120,250,U/L,222.1
601066,600300,600016,3006315,,2024-07-26,32856,2.1,,8859,0.8,2.2,mg/L,2.1
601067,600300,600016,3036277,,2024-07-26,32856,155.5,,8582,150,185,cm,155.5
601068,600300,600016,3025315,,2024-07-26,32856,51,,9529,45,90,kg,51.0
601069,600301,600016,3000963,,2024-08-12,32856,12.5,,8713,12,17,g/dL,12.5
601070,600301,600016,3010813,,2024-08-12,32856,7.1,,8848,4,10,10^3/uL,7.1
601071,600301,600016,3017732,,2024-08-12,32856,5.3,,8848,1.5,7.5,10^3/uL,5.3
601072,600301,600016,3024929,,2024-08-12,32856,210.2,,8848,150,400,10^3/uL,210.2
601073,600301,600016,3016723,,2024-08-12,32856,0.74,,8840,0.6,1.2,mg/dL,0.74
601074,600301,600016,3013721,,2024-08-12,32856,75.7,,8645,0,40,U/L,75.7
601075,600301,600016,3006923,,2024-08-12,32856,54.4,,8645,0,40,U/L,54.4
601076,600302,600016,3000963,,2024-09-02,32856,9.1,,8713,12,17,g/dL,9.1
601077,600302,600016,3010813,,2024-09-02,32856,6.9,,8848,4,10,10^3/uL,6.9
601078,600302,600016,3017732,,2024-09-02,32856,2.7,,8848,1.5,7.5,10^3/uL,2.7
601079,600302,600016,3024929,,2024-09-02,32856,293.1,,8848,150,400,10^3/uL,293.1
601080,600302,600016,3016723,,2024-09-02,32856,0.43,,8840,0.6,1.2,mg/dL,0.43
601081,600302,600016,3013721,,2024-09-02,32856,23,,8645,0,40,U/L,23.0
601082,600302,600016,3006923,,2024-09-02,32856,57.6,,8645,0,40,U/L,57.6
601083,600303,600016,3000963,,2024-09-23,32856,11.6,,8713,12,17,g/dL,11.6
601084,600303,600016,3010813,,2024-09-23,32856,3.6,,8848,4,10,10^3/uL,3.6
601085,600303,600016,3017732,,2024-09-23,32856,3.6,,8848,1.5,7.5,10^3/uL,3.6
601086,600303,600016,3024929,,2024-09-23,32856,208.4,,8848,150,400,10^3/uL,208.4
601087,600303,600016,3016723,,2024-09-23,32856,0.49,,8840,0.6,1.2,mg/dL,0.49
601088,600303,600016,3013721,,2024-09-23,32856,37.1,,8645,0,40,U/L,37.1
601089,600303,600016,3006923,,2024-09-23,32856,25.3,,8645,0,40,U/L,25.3
601090,600304,600016,3000963,,2024-10-14,32856,10.4,,8713,12,17,g/dL,10.4
601091,600304,600016,3010813,,2024-10-14,32856,5.1,,8848,4,10,10^3/uL,5.1
601092,600304,600016,3017732,,2024-10-14,32856,3,,8848,1.5,7.5,10^3/uL,3.0
601093,600304,600016,3024929,,2024-10-14,32856,144.8,,8848,150,400,10^3/uL,144.8
601094,600304,600016,3016723,,2024-10-14,32856,1.29,,8840,0.6,1.2,mg/dL,1.29
601095,600304,600016,3013721,,2024-10-14,32856,21.2,,8645,0,40,U/L,21.2
601096,600304,600016,3006923,,2024-10-14,32856,22.9,,8645,0,40,U/L,22.9
601097,600305,600016,3000963,,2024-11-04,32856,8.7,,8713,12,17,g/dL,8.7
601098,600305,600016,3010813,,2024-11-04,32856,8.7,,8848,4,10,10^3/uL,8.7
601099,600305,600016,3017732,,2024-11-04,32856,4.8,,8848,1.5,7.5,10^3/uL,4.8
601100,600305,600016,3024929,,2024-11-04,32856,227.2,,8848,150,400,10^3/uL,227.2
601101,600305,600016,3016723,,2024-11-04,32856,0.92,,8840,0.6,1.2,mg/dL,0.92
601102,600305,600016,3013721,,2024-11-04,32856,0,,8645,0,40,U/L,0
601103,600305,600016,3006923,,2024-11-04,32856,66.8,,8645,0,40,U/L,66.8
601104,600306,600016,3000963,,2024-11-25,32856,13.1,,8713,12,17,g/dL,13.1
601105,600306,600016,3010813,,2024-11-25,32856,6.7,,8848,4,10,10^3/uL,6.7
601106,600306,600016,3017732,,2024-11-25,32856,5.1,,8848,1.5,7.5,10^3/uL,5.1
601107,600306,600016,3024929,,2024-11-25,32856,235.4,,8848,150,400,10^3/uL,235.4
601108,600306,600016,3016723,,2024-11-25,32856,0.39,,8840,0.6,1.2,mg/dL,0.39
601109,600306,600016,3013721,,2024-11-25,32856,68.9,,8645,0,40,U/L,68.9
601110,600306,600016,3006923,,2024-11-25,32856,61.1,,8645,0,40,U/L,61.1
601111,600311,600016,3000963,,2025-04-27,32856,13.8,,8713,12,17,g/dL,13.8
601112,600311,600016,3022250,,2025-04-27,32856,301.3,,8645,120,250,U/L,301.3
601113,600312,600016,3000963,,2025-09-24,32856,11.9,,8713,12,17,g/dL,11.9
601114,600312,600016,3022250,,2025-09-24,32856,336.5,,8645,120,250,U/L,336.5
601115,600313,600016,3000963,,2026-01-09,32856,14,,8713,12,17,g/dL,14.0
601116,600313,600016,3022250,,2026-01-09,32856,44.2,,8645,120,250,U/L,44.2
601117,600314,600016,3000963,,2026-05-18,32856,13,,8713,12,17,g/dL,13.0
601118,600314,600016,3022250,,2026-05-18,32856,100.6,,8645,120,250,U/L,100.6
601119,600315,600017,3000963,,2022-05-09,32856,13.7,,8713,12,17,g/dL,13.7
601120,600315,600017,3010813,,2022-05-09,32856,10.2,,8848,4,10,10^3/uL,10.2
601121,600315,600017,3017732,,2022-05-09,32856,5.2,,8848,1.5,7.5,10^3/uL,5.2
601122,600315,600017,3024929,,2022-05-09,32856,160.5,,8848,150,400,10^3/uL,160.5
601123,600315,600017,3016723,,2022-05-09,32856,1.1,,8840,0.6,1.2,mg/dL,1.1
601124,600315,600017,3013721,,2022-05-09,32856,38.5,,8645,0,40,U/L,38.5
601125,600315,600017,3006923,,2022-05-09,32856,45.4,,8645,0,40,U/L,45.4
601126,600315,600017,3020491,,2022-05-09,32856,3.82,,8713,3.5,5.2,g/dL,3.82
601127,600315,600017,3024128,,2022-05-09,32856,0.06,,8840,0.2,1.2,mg/dL,0.06
601128,600315,600017,3022250,,2022-05-09,32856,414.7,,8645,120,250,U/L,414.7
601129,600315,600017,3006315,,2022-05-09,32856,1.8,,8859,0.8,2.2,mg/L,1.8
601130,600315,600017,3036277,,2022-05-09,32856,175.7,,8582,150,185,cm,175.7
601131,600315,600017,3025315,,2022-05-09,32856,67.3,,9529,45,90,kg,67.3
601132,600316,600017,3000963,,2022-05-19,32856,11.9,,8713,12,17,g/dL,11.9
601133,600316,600017,3010813,,2022-05-19,32856,3.6,,8848,4,10,10^3/uL,3.6
601134,600316,600017,3017732,,2022-05-19,32856,2.9,,8848,1.5,7.5,10^3/uL,2.9
601135,600316,600017,3024929,,2022-05-19,32856,195,,8848,150,400,10^3/uL,195.0
601136,600316,600017,3016723,,2022-05-19,32856,1.18,,8840,0.6,1.2,mg/dL,1.18
601137,600316,600017,3013721,,2022-05-19,32856,14.2,,8645,0,40,U/L,14.2
601138,600316,600017,3006923,,2022-05-19,32856,63.2,,8645,0,40,U/L,63.2
601139,600317,600017,3000963,,2022-06-09,32856,13.8,,8713,12,17,g/dL,13.8
601140,600317,600017,3010813,,2022-06-09,32856,7.1,,8848,4,10,10^3/uL,7.1
601141,600317,600017,3017732,,2022-06-09,32856,3.8,,8848,1.5,7.5,10^3/uL,3.8
601142,600317,600017,3024929,,2022-06-09,32856,168.6,,8848,150,400,10^3/uL,168.6
601143,600317,600017,3016723,,2022-06-09,32856,0.85,,8840,0.6,1.2,mg/dL,0.85
601144,600317,600017,3013721,,2022-06-09,32856,64.2,,8645,0,40,U/L,64.2
601145,600317,600017,3006923,,2022-06-09,32856,65.6,,8645,0,40,U/L,65.6
601146,600318,600017,3000963,,2022-06-30,32856,11.1,,8713,12,17,g/dL,11.1
601147,600318,600017,3010813,,2022-06-30,32856,8.3,,8848,4,10,10^3/uL,8.3
601148,600318,600017,3017732,,2022-06-30,32856,2.6,,8848,1.5,7.5,10^3/uL,2.6
601149,600318,600017,3024929,,2022-06-30,32856,231,,8848,150,400,10^3/uL,231.0
601150,600318,600017,3016723,,2022-06-30,32856,1.1,,8840,0.6,1.2,mg/dL,1.1
601151,600318,600017,3013721,,2022-06-30,32856,18.6,,8645,0,40,U/L,18.6
601152,600318,600017,3006923,,2022-06-30,32856,39.6,,8645,0,40,U/L,39.6
601153,600319,600017,3000963,,2022-07-21,32856,12.5,,8713,12,17,g/dL,12.5
601154,600319,600017,3010813,,2022-07-21,32856,5.8,,8848,4,10,10^3/uL,5.8
601155,600319,600017,3017732,,2022-07-21,32856,3.2,,8848,1.5,7.5,10^3/uL,3.2
601156,600319,600017,3024929,,2022-07-21,32856,251,,8848,150,400,10^3/uL,251.0
601157,600319,600017,3016723,,2022-07-21,32856,1.36,,8840,0.6,1.2,mg/dL,1.36
601158,600319,600017,3013721,,2022-07-21,32856,43.5,,8645,0,40,U/L,43.5
601159,600319,600017,3006923,,2022-07-21,32856,29.7,,8645,0,40,U/L,29.7
601160,600320,600017,3000963,,2022-08-11,32856,11.7,,8713,12,17,g/dL,11.7
601161,600320,600017,3010813,,2022-08-11,32856,9.5,,8848,4,10,10^3/uL,9.5
601162,600320,600017,3017732,,2022-08-11,32856,4.3,,8848,1.5,7.5,10^3/uL,4.3
601163,600320,600017,3024929,,2022-08-11,32856,149.6,,8848,150,400,10^3/uL,149.6
601164,600320,600017,3016723,,2022-08-11,32856,0.66,,8840,0.6,1.2,mg/dL,0.66
601165,600320,600017,3013721,,2022-08-11,32856,17.8,,8645,0,40,U/L,17.8
601166,600320,600017,3006923,,2022-08-11,32856,34,,8645,0,40,U/L,34.0
601167,600321,600017,3000963,,2022-09-01,32856,10.6,,8713,12,17,g/dL,10.6
601168,600321,600017,3010813,,2022-09-01,32856,7.9,,8848,4,10,10^3/uL,7.9
601169,600321,600017,3017732,,2022-09-01,32856,0,,8848,1.5,7.5,10^3/uL,0
601170,600321,600017,3024929,,2022-09-01,32856,316.5,,8848,150,400,10^3/uL,316.5
601171,600321,600017,3016723,,2022-09-01,32856,0.91,,8840,0.6,1.2,mg/dL,0.91
601172,600321,600017,3013721,,2022-09-01,32856,74.8,,8645,0,40,U/L,74.8
601173,600321,600017,3006923,,2022-09-01,32856,61.5,,8645,0,40,U/L,61.5
601174,600328,600017,3000963,,2023-01-07,32856,11.9,,8713,12,17,g/dL,11.9
601175,600328,600017,3022250,,2023-01-07,32856,194.3,,8645,120,250,U/L,194.3
601176,600329,600017,3000963,,2023-06-14,32856,12.6,,8713,12,17,g/dL,12.6
601177,600329,600017,3022250,,2023-06-14,32856,389.1,,8645,120,250,U/L,389.1
601178,600330,600017,3000963,,2023-09-26,32856,10.5,,8713,12,17,g/dL,10.5
601179,600330,600017,3022250,,2023-09-26,32856,360.6,,8645,120,250,U/L,360.6
601180,600331,600017,3000963,,2024-03-24,32856,13.8,,8713,12,17,g/dL,13.8
601181,600331,600017,3022250,,2024-03-24,32856,197.3,,8645,120,250,U/L,197.3
601182,600332,600017,3000963,,2024-08-28,32856,15.8,,8713,12,17,g/dL,15.8
601183,600332,600017,3022250,,2024-08-28,32856,201.4,,8645,120,250,U/L,201.4
601184,600333,600017,3000963,,2025-02-22,32856,12.2,,8713,12,17,g/dL,12.2
601185,600333,600017,3022250,,2025-02-22,32856,424,,8645,120,250,U/L,424.0
601186,600334,600017,3000963,,2025-07-08,32856,11.5,,8713,12,17,g/dL,11.5
601187,600334,600017,3022250,,2025-07-08,32856,457.7,,8645,120,250,U/L,457.7
601188,600335,600017,3000963,,2025-12-20,32856,11.8,,8713,12,17,g/dL,11.8
601189,600335,600017,3022250,,2025-12-20,32856,281,,8645,120,250,U/L,281.0
601190,600336,600017,3000963,,2026-04-17,32856,13.3,,8713,12,17,g/dL,13.3
601191,600336,600017,3022250,,2026-04-17,32856,166.4,,8645,120,250,U/L,166.4
601192,600337,600018,3000963,,2024-08-20,32856,13.1,,8713,12,17,g/dL,13.1
601193,600337,600018,3010813,,2024-08-20,32856,7.3,,8848,4,10,10^3/uL,7.3
601194,600337,600018,3017732,,2024-08-20,32856,4.1,,8848,1.5,7.5,10^3/uL,4.1
601195,600337,600018,3024929,,2024-08-20,32856,139,,8848,150,400,10^3/uL,139.0
601196,600337,600018,3016723,,2024-08-20,32856,0.49,,8840,0.6,1.2,mg/dL,0.49
601197,600337,600018,3013721,,2024-08-20,32856,3.2,,8645,0,40,U/L,3.2
601198,600337,600018,3006923,,2024-08-20,32856,39,,8645,0,40,U/L,39.0
601199,600337,600018,3020491,,2024-08-20,32856,3.4,,8713,3.5,5.2,g/dL,3.4
601200,600337,600018,3024128,,2024-08-20,32856,1.27,,8840,0.2,1.2,mg/dL,1.27
601201,600337,600018,3022250,,2024-08-20,32856,509.4,,8645,120,250,U/L,509.4
601202,600337,600018,3006315,,2024-08-20,32856,3.9,,8859,0.8,2.2,mg/L,3.9
601203,600337,600018,3036277,,2024-08-20,32856,160.6,,8582,150,185,cm,160.6
601204,600337,600018,3025315,,2024-08-20,32856,51,,9529,45,90,kg,51.0
601205,600338,600018,3000963,,2024-09-13,32856,12,,8713,12,17,g/dL,12.0
601206,600338,600018,3010813,,2024-09-13,32856,7.5,,8848,4,10,10^3/uL,7.5
601207,600338,600018,3017732,,2024-09-13,32856,3,,8848,1.5,7.5,10^3/uL,3.0
601208,600338,600018,3024929,,2024-09-13,32856,95.9,,8848,150,400,10^3/uL,95.9
601209,600338,600018,3016723,,2024-09-13,32856,0.92,,8840,0.6,1.2,mg/dL,0.92
601210,600338,600018,3013721,,2024-09-13,32856,36,,8645,0,40,U/L,36.0
601211,600338,600018,3006923,,2024-09-13,32856,58.8,,8645,0,40,U/L,58.8
601212,600339,600018,3000963,,2024-10-04,32856,10,,8713,12,17,g/dL,10.0
601213,600339,600018,3010813,,2024-10-04,32856,9,,8848,4,10,10^3/uL,9.0
601214,600339,600018,3017732,,2024-10-04,32856,6.5,,8848,1.5,7.5,10^3/uL,6.5
601215,600339,600018,3024929,,2024-10-04,32856,286.3,,8848,150,400,10^3/uL,286.3
601216,600339,600018,3016723,,2024-10-04,32856,0.68,,8840,0.6,1.2,mg/dL,0.68
601217,600339,600018,3013721,,2024-10-04,32856,28.5,,8645,0,40,U/L,28.5
601218,600339,600018,3006923,,2024-10-04,32856,49.7,,8645,0,40,U/L,49.7
601219,600340,600018,3000963,,2024-10-25,32856,10.8,,8713,12,17,g/dL,10.8
601220,600340,600018,3010813,,2024-10-25,32856,10.3,,8848,4,10,10^3/uL,10.3
601221,600340,600018,3017732,,2024-10-25,32856,3.4,,8848,1.5,7.5,10^3/uL,3.4
601222,600340,600018,3024929,,2024-10-25,32856,283.1,,8848,150,400,10^3/uL,283.1
601223,600340,600018,3016723,,2024-10-25,32856,0.53,,8840,0.6,1.2,mg/dL,0.53
601224,600340,600018,3013721,,2024-10-25,32856,43.4,,8645,0,40,U/L,43.4
601225,600340,600018,3006923,,2024-10-25,32856,53.6,,8645,0,40,U/L,53.6
601226,600341,600018,3000963,,2024-11-15,32856,10.6,,8713,12,17,g/dL,10.6
601227,600341,600018,3010813,,2024-11-15,32856,8,,8848,4,10,10^3/uL,8.0
601228,600341,600018,3017732,,2024-11-15,32856,2.7,,8848,1.5,7.5,10^3/uL,2.7
601229,600341,600018,3024929,,2024-11-15,32856,221.8,,8848,150,400,10^3/uL,221.8
601230,600341,600018,3016723,,2024-11-15,32856,0.94,,8840,0.6,1.2,mg/dL,0.94
601231,600341,600018,3013721,,2024-11-15,32856,22.8,,8645,0,40,U/L,22.8
601232,600341,600018,3006923,,2024-11-15,32856,58.8,,8645,0,40,U/L,58.8
601233,600342,600018,3000963,,2024-12-06,32856,14.5,,8713,12,17,g/dL,14.5
601234,600342,600018,3010813,,2024-12-06,32856,6.1,,8848,4,10,10^3/uL,6.1
601235,600342,600018,3017732,,2024-12-06,32856,2.7,,8848,1.5,7.5,10^3/uL,2.7
601236,600342,600018,3024929,,2024-12-06,32856,199.9,,8848,150,400,10^3/uL,199.9
601237,600342,600018,3016723,,2024-12-06,32856,0.82,,8840,0.6,1.2,mg/dL,0.82
601238,600342,600018,3013721,,2024-12-06,32856,25.8,,8645,0,40,U/L,25.8
601239,600342,600018,3006923,,2024-12-06,32856,36.1,,8645,0,40,U/L,36.1
601240,600343,600018,3000963,,2024-12-27,32856,12.7,,8713,12,17,g/dL,12.7
601241,600343,600018,3010813,,2024-12-27,32856,10.4,,8848,4,10,10^3/uL,10.4
601242,600343,600018,3017732,,2024-12-27,32856,2.4,,8848,1.5,7.5,10^3/uL,2.4
601243,600343,600018,3024929,,2024-12-27,32856,217.8,,8848,150,400,10^3/uL,217.8
601244,600343,600018,3016723,,2024-12-27,32856,1.06,,8840,0.6,1.2,mg/dL,1.06
601245,600343,600018,3013721,,2024-12-27,32856,59.4,,8645,0,40,U/L,59.4
601246,600343,600018,3006923,,2024-12-27,32856,60.9,,8645,0,40,U/L,60.9
601247,600346,600018,3000963,,2025-02-25,32856,11.1,,8713,12,17,g/dL,11.1
601248,600346,600018,3010813,,2025-02-25,32856,7.2,,8848,4,10,10^3/uL,7.2
601249,600346,600018,3017732,,2025-02-25,32856,2.4,,8848,1.5,7.5,10^3/uL,2.4
601250,600346,600018,3024929,,2025-02-25,32856,242.5,,8848,150,400,10^3/uL,242.5
601251,600346,600018,3016723,,2025-02-25,32856,0.59,,8840,0.6,1.2,mg/dL,0.59
601252,600346,600018,3013721,,2025-02-25,32856,44.5,,8645,0,40,U/L,44.5
601253,600346,600018,3006923,,2025-02-25,32856,29.7,,8645,0,40,U/L,29.7
601254,600347,600018,3000963,,2025-04-22,32856,12,,8713,12,17,g/dL,12.0
601255,600347,600018,3010813,,2025-04-22,32856,6.9,,8848,4,10,10^3/uL,6.9
601256,600347,600018,3017732,,2025-04-22,32856,4.4,,8848,1.5,7.5,10^3/uL,4.4
601257,600347,600018,3024929,,2025-04-22,32856,169.7,,8848,150,400,10^3/uL,169.7
601258,600347,600018,3016723,,2025-04-22,32856,0.87,,8840,0.6,1.2,mg/dL,0.87
601259,600347,600018,3013721,,2025-04-22,32856,24.8,,8645,0,40,U/L,24.8
601260,600347,600018,3006923,,2025-04-22,32856,40.4,,8645,0,40,U/L,40.4
601261,600348,600018,3000963,,2025-06-17,32856,10.8,,8713,12,17,g/dL,10.8
601262,600348,600018,3010813,,2025-06-17,32856,8.7,,8848,4,10,10^3/uL,8.7
601263,600348,600018,3017732,,2025-06-17,32856,2.1,,8848,1.5,7.5,10^3/uL,2.1
601264,600348,600018,3024929,,2025-06-17,32856,189.2,,8848,150,400,10^3/uL,189.2
601265,600348,600018,3016723,,2025-06-17,32856,0.94,,8840,0.6,1.2,mg/dL,0.94
601266,600348,600018,3013721,,2025-06-17,32856,30.8,,8645,0,40,U/L,30.8
601267,600348,600018,3006923,,2025-06-17,32856,68.8,,8645,0,40,U/L,68.8
601268,600349,600018,3000963,,2025-08-12,32856,9.1,,8713,12,17,g/dL,9.1
601269,600349,600018,3010813,,2025-08-12,32856,7.6,,8848,4,10,10^3/uL,7.6
601270,600349,600018,3017732,,2025-08-12,32856,0,,8848,1.5,7.5,10^3/uL,0
601271,600349,600018,3024929,,2025-08-12,32856,188.2,,8848,150,400,10^3/uL,188.2
601272,600349,600018,3016723,,2025-08-12,32856,0.71,,8840,0.6,1.2,mg/dL,0.71
601273,600349,600018,3013721,,2025-08-12,32856,33.9,,8645,0,40,U/L,33.9
601274,600349,600018,3006923,,2025-08-12,32856,4.6,,8645,0,40,U/L,4.6
601275,600350,600018,3000963,,2025-12-01,32856,14.8,,8713,12,17,g/dL,14.8
601276,600350,600018,3022250,,2025-12-01,32856,220.7,,8645,120,250,U/L,220.7
601277,600351,600018,3000963,,2026-05-26,32856,13.3,,8713,12,17,g/dL,13.3
601278,600351,600018,3022250,,2026-05-26,32856,139.9,,8645,120,250,U/L,139.9
601279,600352,600019,3000963,,2021-08-07,32856,12.2,,8713,12,17,g/dL,12.2
601280,600352,600019,3010813,,2021-08-07,32856,2.2,,8848,4,10,10^3/uL,2.2
601281,600352,600019,3017732,,2021-08-07,32856,3.2,,8848,1.5,7.5,10^3/uL,3.2
601282,600352,600019,3024929,,2021-08-07,32856,342.3,,8848,150,400,10^3/uL,342.3
601283,600352,600019,3016723,,2021-08-07,32856,0.46,,8840,0.6,1.2,mg/dL,0.46
601284,600352,600019,3013721,,2021-08-07,32856,0,,8645,0,40,U/L,0
601285,600352,600019,3006923,,2021-08-07,32856,54.2,,8645,0,40,U/L,54.2
601286,600352,600019,3020491,,2021-08-07,32856,4.12,,8713,3.5,5.2,g/dL,4.12
601287,600352,600019,3024128,,2021-08-07,32856,0.98,,8840,0.2,1.2,mg/dL,0.98
601288,600352,600019,3022250,,2021-08-07,32856,343.3,,8645,120,250,U/L,343.3
601289,600352,600019,3006315,,2021-08-07,32856,3.6,,8859,0.8,2.2,mg/L,3.6
601290,600352,600019,3036277,,2021-08-07,32856,181.2,,8582,150,185,cm,181.2
601291,600352,600019,3025315,,2021-08-07,32856,63.4,,9529,45,90,kg,63.4
601292,600353,600019,3000963,,2021-08-18,32856,11.1,,8713,12,17,g/dL,11.1
601293,600353,600019,3010813,,2021-08-18,32856,6.3,,8848,4,10,10^3/uL,6.3
601294,600353,600019,3017732,,2021-08-18,32856,3.2,,8848,1.5,7.5,10^3/uL,3.2
601295,600353,600019,3024929,,2021-08-18,32856,239.6,,8848,150,400,10^3/uL,239.6
601296,600353,600019,3016723,,2021-08-18,32856,1.04,,8840,0.6,1.2,mg/dL,1.04
601297,600353,600019,3013721,,2021-08-18,32856,36.5,,8645,0,40,U/L,36.5
601298,600353,600019,3006923,,2021-08-18,32856,60.3,,8645,0,40,U/L,60.3
601299,600354,600019,3000963,,2021-09-01,32856,10.6,,8713,12,17,g/dL,10.6
601300,600354,600019,3010813,,2021-09-01,32856,4.7,,8848,4,10,10^3/uL,4.7
601301,600354,600019,3017732,,2021-09-01,32856,3.1,,8848,1.5,7.5,10^3/uL,3.1
601302,600354,600019,3024929,,2021-09-01,32856,244.5,,8848,150,400,10^3/uL,244.5
601303,600354,600019,3016723,,2021-09-01,32856,0.88,,8840,0.6,1.2,mg/dL,0.88
601304,600354,600019,3013721,,2021-09-01,32856,19.9,,8645,0,40,U/L,19.9
601305,600354,600019,3006923,,2021-09-01,32856,36.6,,8645,0,40,U/L,36.6
601306,600355,600019,3000963,,2021-09-15,32856,12.4,,8713,12,17,g/dL,12.4
601307,600355,600019,3010813,,2021-09-15,32856,6.7,,8848,4,10,10^3/uL,6.7
601308,600355,600019,3017732,,2021-09-15,32856,3.2,,8848,1.5,7.5,10^3/uL,3.2
601309,600355,600019,3024929,,2021-09-15,32856,179.7,,8848,150,400,10^3/uL,179.7
601310,600355,600019,3016723,,2021-09-15,32856,0.88,,8840,0.6,1.2,mg/dL,0.88
601311,600355,600019,3013721,,2021-09-15,32856,59.6,,8645,0,40,U/L,59.6
601312,600355,600019,3006923,,2021-09-15,32856,62.4,,8645,0,40,U/L,62.4
601313,600356,600019,3000963,,2021-09-29,32856,14.3,,8713,12,17,g/dL,14.3
601314,600356,600019,3010813,,2021-09-29,32856,7.3,,8848,4,10,10^3/uL,7.3
601315,600356,600019,3017732,,2021-09-29,32856,3.6,,8848,1.5,7.5,10^3/uL,3.6
601316,600356,600019,3024929,,2021-09-29,32856,210.3,,8848,150,400,10^3/uL,210.3
601317,600356,600019,3016723,,2021-09-29,32856,0.65,,8840,0.6,1.2,mg/dL,0.65
601318,600356,600019,3013721,,2021-09-29,32856,53.3,,8645,0,40,U/L,53.3
601319,600356,600019,3006923,,2021-09-29,32856,22.6,,8645,0,40,U/L,22.6
601320,600357,600019,3000963,,2021-10-13,32856,11.4,,8713,12,17,g/dL,11.4
601321,600357,600019,3010813,,2021-10-13,32856,7.1,,8848,4,10,10^3/uL,7.1
601322,600357,600019,3017732,,2021-10-13,32856,3.7,,8848,1.5,7.5,10^3/uL,3.7
601323,600357,600019,3024929,,2021-10-13,32856,160.1,,8848,150,400,10^3/uL,160.1
601324,600357,600019,3016723,,2021-10-13,32856,0.88,,8840,0.6,1.2,mg/dL,0.88
601325,600357,600019,3013721,,2021-10-13,32856,41.5,,8645,0,40,U/L,41.5
601326,600357,600019,3006923,,2021-10-13,32856,45.3,,8645,0,40,U/L,45.3
601327,600358,600019,3000963,,2021-10-27,32856,10.2,,8713,12,17,g/dL,10.2
601328,600358,600019,3010813,,2021-10-27,32856,4.7,,8848,4,10,10^3/uL,4.7
601329,600358,600019,3017732,,2021-10-27,32856,2.8,,8848,1.5,7.5,10^3/uL,2.8
601330,600358,600019,3024929,,2021-10-27,32856,288.5,,8848,150,400,10^3/uL,288.5
601331,600358,600019,3016723,,2021-10-27,32856,0.78,,8840,0.6,1.2,mg/dL,0.78
601332,600358,600019,3013721,,2021-10-27,32856,0,,8645,0,40,U/L,0
601333,600358,600019,3006923,,2021-10-27,32856,43.2,,8645,0,40,U/L,43.2
601334,600359,600019,3000963,,2021-11-10,32856,13.3,,8713,12,17,g/dL,13.3
601335,600359,600019,3010813,,2021-11-10,32856,6.6,,8848,4,10,10^3/uL,6.6
601336,600359,600019,3017732,,2021-11-10,32856,2.4,,8848,1.5,7.5,10^3/uL,2.4
601337,600359,600019,3024929,,2021-11-10,32856,221,,8848,150,400,10^3/uL,221.0
601338,600359,600019,3016723,,2021-11-10,32856,0.73,,8840,0.6,1.2,mg/dL,0.73
601339,600359,600019,3013721,,2021-11-10,32856,43,,8645,0,40,U/L,43.0
601340,600359,600019,3006923,,2021-11-10,32856,26.6,,8645,0,40,U/L,26.6
601341,600360,600019,3000963,,2021-11-24,32856,10.7,,8713,12,17,g/dL,10.7
601342,600360,600019,3010813,,2021-11-24,32856,5.5,,8848,4,10,10^3/uL,5.5
601343,600360,600019,3017732,,2021-11-24,32856,1.9,,8848,1.5,7.5,10^3/uL,1.9
601344,600360,600019,3024929,,2021-11-24,32856,266,,8848,150,400,10^3/uL,266.0
601345,600360,600019,3016723,,2021-11-24,32856,0.66,,8840,0.6,1.2,mg/dL,0.66
601346,600360,600019,3013721,,2021-11-24,32856,51.7,,8645,0,40,U/L,51.7
601347,600360,600019,3006923,,2021-11-24,32856,25.7,,8645,0,40,U/L,25.7
601348,600368,600019,3000963,,2022-05-23,32856,13.5,,8713,12,17,g/dL,13.5
601349,600368,600019,3022250,,2022-05-23,32856,226.6,,8645,120,250,U/L,226.6
601350,600369,600019,3000963,,2022-10-19,32856,13.6,,8713,12,17,g/dL,13.6
601351,600369,600019,3022250,,2022-10-19,32856,164.7,,8645,120,250,U/L,164.7
601352,600370,600019,3000963,,2023-02-14,32856,12.5,,8713,12,17,g/dL,12.5
601353,600370,600019,3022250,,2023-02-14,32856,357.7,,8645,120,250,U/L,357.7
601354,600371,600019,3000963,,2023-06-15,32856,13,,8713,12,17,g/dL,13.0
601355,600371,600019,3022250,,2023-06-15,32856,210.1,,8645,120,250,U/L,210.1
601356,600372,600019,3000963,,2023-10-26,32856,13.4,,8713,12,17,g/dL,13.4
601357,600372,600019,3022250,,2023-10-26,32856,144.2,,8645,120,250,U/L,144.2
601358,600373,600019,3000963,,2024-02-04,32856,7.9,,8713,12,17,g/dL,7.9
601359,600373,600019,3022250,,2024-02-04,32856,162.1,,8645,120,250,U/L,162.1
601360,600374,600019,3000963,,2024-05-25,32856,11.9,,8713,12,17,g/dL,11.9
601361,600374,600019,3022250,,2024-05-25,32856,214,,8645,120,250,U/L,214.0
601362,600375,600019,3000963,,2024-10-05,32856,15.6,,8713,12,17,g/dL,15.6
601363,600375,600019,3022250,,2024-10-05,32856,358.2,,8645,120,250,U/L,358.2
601364,600376,600019,3000963,,2025-01-25,32856,11.4,,8713,12,17,g/dL,11.4
601365,600376,600019,3022250,,2025-01-25,32856,82.1,,8645,120,250,U/L,82.1
601366,600377,600019,3000963,,2025-04-25,32856,12.4,,8713,12,17,g/dL,12.4
601367,600377,600019,3022250,,2025-04-25,32856,280.2,,8645,120,250,U/L,280.2
601368,600378,600019,3000963,,2025-09-27,32856,11.9,,8713,12,17,g/dL,11.9
601369,600378,600019,3022250,,2025-09-27,32856,183.4,,8645,120,250,U/L,183.4
601370,600379,600019,3000963,,2026-03-30,32856,14.7,,8713,12,17,g/dL,14.7
601371,600379,600019,3022250,,2026-03-30,32856,204.1,,8645,120,250,U/L,204.1
601372,600380,600020,3000963,,2022-01-11,32856,13.8,,8713,12,17,g/dL,13.8
601373,600380,600020,3010813,,2022-01-11,32856,11.7,,8848,4,10,10^3/uL,11.7
601374,600380,600020,3017732,,2022-01-11,32856,6.8,,8848,1.5,7.5,10^3/uL,6.8
601375,600380,600020,3024929,,2022-01-11,32856,194.2,,8848,150,400,10^3/uL,194.2
601376,600380,600020,3016723,,2022-01-11,32856,1.3,,8840,0.6,1.2,mg/dL,1.3
601377,600380,600020,3013721,,2022-01-11,32856,49.9,,8645,0,40,U/L,49.9
601378,600380,600020,3006923,,2022-01-11,32856,69.1,,8645,0,40,U/L,69.1
601379,600380,600020,3020491,,2022-01-11,32856,4.41,,8713,3.5,5.2,g/dL,4.41
601380,600380,600020,3024128,,2022-01-11,32856,1.62,,8840,0.2,1.2,mg/dL,1.62
601381,600380,600020,3022250,,2022-01-11,32856,214.4,,8645,120,250,U/L,214.4
601382,600380,600020,3006315,,2022-01-11,32856,4.7,,8859,0.8,2.2,mg/L,4.7
601383,600380,600020,3036277,,2022-01-11,32856,155.8,,8582,150,185,cm,155.8
601384,600380,600020,3025315,,2022-01-11,32856,56,,9529,45,90,kg,56.0
601385,600381,600020,3000963,,2022-01-29,32856,13.8,,8713,12,17,g/dL,13.8
601386,600381,600020,3010813,,2022-01-29,32856,9,,8848,4,10,10^3/uL,9.0
601387,600381,600020,3017732,,2022-01-29,32856,4.7,,8848,1.5,7.5,10^3/uL,4.7
601388,600381,600020,3024929,,2022-01-29,32856,339,,8848,150,400,10^3/uL,339.0
601389,600381,600020,3016723,,2022-01-29,32856,1.06,,8840,0.6,1.2,mg/dL,1.06
601390,600381,600020,3013721,,2022-01-29,32856,0,,8645,0,40,U/L,0
601391,600381,600020,3006923,,2022-01-29,32856,16.3,,8645,0,40,U/L,16.3
601392,600382,600020,3000963,,2022-02-19,32856,10.3,,8713,12,17,g/dL,10.3
601393,600382,600020,3010813,,2022-02-19,32856,5.2,,8848,4,10,10^3/uL,5.2
601394,600382,600020,3017732,,2022-02-19,32856,2.4,,8848,1.5,7.5,10^3/uL,2.4
601395,600382,600020,3024929,,2022-02-19,32856,333.5,,8848,150,400,10^3/uL,333.5
601396,600382,600020,3016723,,2022-02-19,32856,0.65,,8840,0.6,1.2,mg/dL,0.65
601397,600382,600020,3013721,,2022-02-19,32856,52.7,,8645,0,40,U/L,52.7
601398,600382,600020,3006923,,2022-02-19,32856,39.2,,8645,0,40,U/L,39.2
601399,600383,600020,3000963,,2022-03-12,32856,15.1,,8713,12,17,g/dL,15.1
601400,600383,600020,3010813,,2022-03-12,32856,6,,8848,4,10,10^3/uL,6.0
601401,600383,600020,3017732,,2022-03-12,32856,3.4,,8848,1.5,7.5,10^3/uL,3.4
601402,600383,600020,3024929,,2022-03-12,32856,138.5,,8848,150,400,10^3/uL,138.5
601403,600383,600020,3016723,,2022-03-12,32856,0.67,,8840,0.6,1.2,mg/dL,0.67
601404,600383,600020,3013721,,2022-03-12,32856,65.9,,8645,0,40,U/L,65.9
601405,600383,600020,3006923,,2022-03-12,32856,101.1,,8645,0,40,U/L,101.1
601406,600384,600020,3000963,,2022-04-02,32856,12.7,,8713,12,17,g/dL,12.7
601407,600384,600020,3010813,,2022-04-02,32856,5.3,,8848,4,10,10^3/uL,5.3
601408,600384,600020,3017732,,2022-04-02,32856,0,,8848,1.5,7.5,10^3/uL,0
601409,600384,600020,3024929,,2022-04-02,32856,269.4,,8848,150,400,10^3/uL,269.4
601410,600384,600020,3016723,,2022-04-02,32856,0.53,,8840,0.6,1.2,mg/dL,0.53
601411,600384,600020,3013721,,2022-04-02,32856,22.6,,8645,0,40,U/L,22.6
601412,600384,600020,3006923,,2022-04-02,32856,68.8,,8645,0,40,U/L,68.8
601413,600388,600020,3000963,,2022-10-20,32856,14.1,,8713,12,17,g/dL,14.1
601414,600388,600020,3022250,,2022-10-20,32856,406.5,,8645,120,250,U/L,406.5
601415,600389,600020,3000963,,2023-03-20,32856,14.8,,8713,12,17,g/dL,14.8
601416,600389,600020,3022250,,2023-03-20,32856,203.2,,8645,120,250,U/L,203.2
601417,600391,600020,3000963,,2023-05-21,32856,12.4,,8713,12,17,g/dL,12.4
601418,600391,600020,3010813,,2023-05-21,32856,8.5,,8848,4,10,10^3/uL,8.5
601419,600391,600020,3017732,,2023-05-21,32856,3.8,,8848,1.5,7.5,10^3/uL,3.8
601420,600391,600020,3024929,,2023-05-21,32856,170.1,,8848,150,400,10^3/uL,170.1
601421,600391,600020,3016723,,2023-05-21,32856,0.79,,8840,0.6,1.2,mg/dL,0.79
601422,600391,600020,3013721,,2023-05-21,32856,25.6,,8645,0,40,U/L,25.6
601423,600391,600020,3006923,,2023-05-21,32856,18.6,,8645,0,40,U/L,18.6
601424,600392,600020,3000963,,2023-06-11,32856,11.3,,8713,12,17,g/dL,11.3
601425,600392,600020,3010813,,2023-06-11,32856,11.2,,8848,4,10,10^3/uL,11.2
601426,600392,600020,3017732,,2023-06-11,32856,1.8,,8848,1.5,7.5,10^3/uL,1.8
601427,600392,600020,3024929,,2023-06-11,32856,73.8,,8848,150,400,10^3/uL,73.8
601428,600392,600020,3016723,,2023-06-11,32856,0.52,,8840,0.6,1.2,mg/dL,0.52
601429,600392,600020,3013721,,2023-06-11,32856,43.1,,8645,0,40,U/L,43.1
601430,600392,600020,3006923,,2023-06-11,32856,3.8,,8645,0,40,U/L,3.8
601431,600393,600020,3000963,,2023-07-02,32856,11.6,,8713,12,17,g/dL,11.6
601432,600393,600020,3010813,,2023-07-02,32856,6.7,,8848,4,10,10^3/uL,6.7
601433,600393,600020,3017732,,2023-07-02,32856,2.4,,8848,1.5,7.5,10^3/uL,2.4
601434,600393,600020,3024929,,2023-07-02,32856,235.2,,8848,150,400,10^3/uL,235.2
601435,600393,600020,3016723,,2023-07-02,32856,0.52,,8840,0.6,1.2,mg/dL,0.52
601436,600393,600020,3013721,,2023-07-02,32856,50.1,,8645,0,40,U/L,50.1
601437,600393,600020,3006923,,2023-07-02,32856,64.8,,8645,0,40,U/L,64.8
601438,600396,600020,3020460,,2023-09-09,32856,67.9,,8859,0,5,mg/L,67.9
601439,600396,600020,3010813,,2023-09-09,32856,8.4,,8848,4,10,10^3/uL,8.4
601440,600396,600020,3017732,,2023-09-09,32856,3.9,,8848,1.5,7.5,10^3/uL,3.9
601441,600398,600020,3000963,,2024-01-27,32856,9.9,,8713,12,17,g/dL,9.9
601442,600398,600020,3022250,,2024-01-27,32856,118.1,,8645,120,250,U/L,118.1
601443,600399,600020,3000963,,2024-06-16,32856,11.7,,8713,12,17,g/dL,11.7
601444,600399,600020,3022250,,2024-06-16,32856,242.2,,8645,120,250,U/L,242.2
601445,600400,600020,3000963,,2024-11-14,32856,15.4,,8713,12,17,g/dL,15.4
601446,600400,600020,3022250,,2024-11-14,32856,326.7,,8645,120,250,U/L,326.7
601447,600401,600020,3000963,,2025-04-22,32856,13.2,,8713,12,17,g/dL,13.2
601448,600401,600020,3022250,,2025-04-22,32856,140,,8645,120,250,U/L,140.0
601449,600402,600020,3000963,,2025-09-03,32856,12,,8713,12,17,g/dL,12.0
601450,600402,600020,3022250,,2025-09-03,32856,181.7,,8645,120,250,U/L,181.7
601451,600403,600020,3000963,,2025-12-24,32856,11.4,,8713,12,17,g/dL,11.4
601452,600403,600020,3022250,,2025-12-24,32856,218.1,,8645,120,250,U/L,218.1
601453,600404,600020,3000963,,2026-04-16,32856,13.6,,8713,12,17,g/dL,13.6
601454,600404,600020,3022250,,2026-04-16,32856,318.7,,8645,120,250,U/L,318.7
601455,600405,600021,3000963,,2022-12-26,32856,9.9,,8713,12,17,g/dL,9.9
601456,600405,600021,3010813,,2022-12-26,32856,3.2,,8848,4,10,10^3/uL,3.2
601457,600405,600021,3017732,,2022-12-26,32856,0.7,,8848,1.5,7.5,10^3/uL,0.7
601458,600405,600021,3024929,,2022-12-26,32856,314.6,,8848,150,400,10^3/uL,314.6
601459,600405,600021,3016723,,2022-12-26,32856,1.02,,8840,0.6,1.2,mg/dL,1.02
601460,600405,600021,3013721,,2022-12-26,32856,46,,8645,0,40,U/L,46.0
601461,600405,600021,3006923,,2022-12-26,32856,58.2,,8645,0,40,U/L,58.2
601462,600405,600021,3020491,,2022-12-26,32856,3.83,,8713,3.5,5.2,g/dL,3.83
601463,600405,600021,3024128,,2022-12-26,32856,0.94,,8840,0.2,1.2,mg/dL,0.94
601464,600405,600021,3022250,,2022-12-26,32856,552.7,,8645,120,250,U/L,552.7
601465,600405,600021,3006315,,2022-12-26,32856,3.4,,8859,0.8,2.2,mg/L,3.4
601466,600405,600021,3036277,,2022-12-26,32856,180.8,,8582,150,185,cm,180.8
601467,600405,600021,3025315,,2022-12-26,32856,52.5,,9529,45,90,kg,52.5
601468,600406,600021,3000963,,2023-01-20,32856,16.5,,8713,12,17,g/dL,16.5
601469,600406,600021,3010813,,2023-01-20,32856,7.9,,8848,4,10,10^3/uL,7.9
601470,600406,600021,3017732,,2023-01-20,32856,5.5,,8848,1.5,7.5,10^3/uL,5.5
601471,600406,600021,3024929,,2023-01-20,32856,131.7,,8848,150,400,10^3/uL,131.7
601472,600406,600021,3016723,,2023-01-20,32856,1.03,,8840,0.6,1.2,mg/dL,1.03
601473,600406,600021,3013721,,2023-01-20,32856,89.4,,8645,0,40,U/L,89.4
601474,600406,600021,3006923,,2023-01-20,32856,43.3,,8645,0,40,U/L,43.3
601475,600407,600021,3000963,,2023-02-10,32856,11.6,,8713,12,17,g/dL,11.6
601476,600407,600021,3010813,,2023-02-10,32856,8.6,,8848,4,10,10^3/uL,8.6
601477,600407,600021,3017732,,2023-02-10,32856,0,,8848,1.5,7.5,10^3/uL,0
601478,600407,600021,3024929,,2023-02-10,32856,276.2,,8848,150,400,10^3/uL,276.2
601479,600407,600021,3016723,,2023-02-10,32856,1.12,,8840,0.6,1.2,mg/dL,1.12
601480,600407,600021,3013721,,2023-02-10,32856,41.6,,8645,0,40,U/L,41.6
601481,600407,600021,3006923,,2023-02-10,32856,25,,8645,0,40,U/L,25.0
601482,600408,600021,3000963,,2023-03-03,32856,13.7,,8713,12,17,g/dL,13.7
601483,600408,600021,3010813,,2023-03-03,32856,2.3,,8848,4,10,10^3/uL,2.3
601484,600408,600021,3017732,,2023-03-03,32856,0,,8848,1.5,7.5,10^3/uL,0
601485,600408,600021,3024929,,2023-03-03,32856,153.5,,8848,150,400,10^3/uL,153.5
601486,600408,600021,3016723,,2023-03-03,32856,1.04,,8840,0.6,1.2,mg/dL,1.04
601487,600408,600021,3013721,,2023-03-03,32856,40.2,,8645,0,40,U/L,40.2
601488,600408,600021,3006923,,2023-03-03,32856,37.3,,8645,0,40,U/L,37.3
601489,600409,600021,3000963,,2023-03-24,32856,13.8,,8713,12,17,g/dL,13.8
601490,600409,600021,3010813,,2023-03-24,32856,4.3,,8848,4,10,10^3/uL,4.3
601491,600409,600021,3017732,,2023-03-24,32856,3.3,,8848,1.5,7.5,10^3/uL,3.3
601492,600409,600021,3024929,,2023-03-24,32856,189.8,,8848,150,400,10^3/uL,189.8
601493,600409,600021,3016723,,2023-03-24,32856,0.99,,8840,0.6,1.2,mg/dL,0.99
601494,600409,600021,3013721,,2023-03-24,32856,18.3,,8645,0,40,U/L,18.3
601495,600409,600021,3006923,,2023-03-24,32856,0,,8645,0,40,U/L,0
601496,600410,600021,3000963,,2023-04-14,32856,12,,8713,12,17,g/dL,12.0
601497,600410,600021,3010813,,2023-04-14,32856,6,,8848,4,10,10^3/uL,6.0
601498,600410,600021,3017732,,2023-04-14,32856,4.9,,8848,1.5,7.5,10^3/uL,4.9
601499,600410,600021,3024929,,2023-04-14,32856,111.9,,8848,150,400,10^3/uL,111.9
601500,600410,600021,3016723,,2023-04-14,32856,0.8,,8840,0.6,1.2,mg/dL,0.8
601501,600410,600021,3013721,,2023-04-14,32856,38.2,,8645,0,40,U/L,38.2
601502,600410,600021,3006923,,2023-04-14,32856,34.6,,8645,0,40,U/L,34.6
601503,600411,600021,3000963,,2023-05-05,32856,11.1,,8713,12,17,g/dL,11.1
601504,600411,600021,3010813,,2023-05-05,32856,6.3,,8848,4,10,10^3/uL,6.3
601505,600411,600021,3017732,,2023-05-05,32856,3,,8848,1.5,7.5,10^3/uL,3.0
601506,600411,600021,3024929,,2023-05-05,32856,252.8,,8848,150,400,10^3/uL,252.8
601507,600411,600021,3016723,,2023-05-05,32856,1.05,,8840,0.6,1.2,mg/dL,1.05
601508,600411,600021,3013721,,2023-05-05,32856,60,,8645,0,40,U/L,60.0
601509,600411,600021,3006923,,2023-05-05,32856,42.4,,8645,0,40,U/L,42.4
601510,600415,600021,3000963,,2023-09-18,32856,11.4,,8713,12,17,g/dL,11.4
601511,600415,600021,3022250,,2023-09-18,32856,109.8,,8645,120,250,U/L,109.8
601512,600416,600021,3000963,,2024-02-28,32856,12.3,,8713,12,17,g/dL,12.3
601513,600416,600021,3022250,,2024-02-28,32856,214.5,,8645,120,250,U/L,214.5
601514,600417,600021,3000963,,2024-08-21,32856,11.7,,8713,12,17,g/dL,11.7
601515,600417,600021,3022250,,2024-08-21,32856,68.3,,8645,120,250,U/L,68.3
601516,600418,600021,3000963,,2024-12-23,32856,10.5,,8713,12,17,g/dL,10.5
601517,600418,600021,3022250,,2024-12-23,32856,233.6,,8645,120,250,U/L,233.6
601518,600419,600021,3000963,,2025-04-17,32856,12.8,,8713,12,17,g/dL,12.8
601519,600419,600021,3022250,,2025-04-17,32856,205.9,,8645,120,250,U/L,205.9
601520,600420,600021,3000963,,2025-07-17,32856,11.2,,8713,12,17,g/dL,11.2
601521,600420,600021,3022250,,2025-07-17,32856,345.8,,8645,120,250,U/L,345.8
601522,600421,600021,3000963,,2025-12-07,32856,14.1,,8713,12,17,g/dL,14.1
601523,600421,600021,3022250,,2025-12-07,32856,246.7,,8645,120,250,U/L,246.7
601524,600422,600021,3000963,,2026-03-03,32856,11.5,,8713,12,17,g/dL,11.5
601525,600422,600021,3022250,,2026-03-03,32856,197.3,,8645,120,250,U/L,197.3
601526,600423,600021,3000963,,2026-06-27,32856,12.6,,8713,12,17,g/dL,12.6
601527,600423,600021,3022250,,2026-06-27,32856,435.2,,8645,120,250,U/L,435.2
601528,600424,600022,3000963,,2024-03-16,32856,14.3,,8713,12,17,g/dL,14.3
601529,600424,600022,3010813,,2024-03-16,32856,6,,8848,4,10,10^3/uL,6.0
601530,600424,600022,3017732,,2024-03-16,32856,3.8,,8848,1.5,7.5,10^3/uL,3.8
601531,600424,600022,3024929,,2024-03-16,32856,146.9,,8848,150,400,10^3/uL,146.9
601532,600424,600022,3016723,,2024-03-16,32856,0.97,,8840,0.6,1.2,mg/dL,0.97
601533,600424,600022,3013721,,2024-03-16,32856,33.9,,8645,0,40,U/L,33.9
601534,600424,600022,3006923,,2024-03-16,32856,0,,8645,0,40,U/L,0
601535,600424,600022,3020491,,2024-03-16,32856,3.48,,8713,3.5,5.2,g/dL,3.48
601536,600424,600022,3024128,,2024-03-16,32856,1.11,,8840,0.2,1.2,mg/dL,1.11
601537,600424,600022,3022250,,2024-03-16,32856,252.9,,8645,120,250,U/L,252.9
601538,600424,600022,3006315,,2024-03-16,32856,3.1,,8859,0.8,2.2,mg/L,3.1
601539,600424,600022,3036277,,2024-03-16,32856,160.1,,8582,150,185,cm,160.1
601540,600424,600022,3025315,,2024-03-16,32856,60.2,,9529,45,90,kg,60.2
601541,600425,600022,3000963,,2024-03-31,32856,14.9,,8713,12,17,g/dL,14.9
601542,600425,600022,3010813,,2024-03-31,32856,7.1,,8848,4,10,10^3/uL,7.1
601543,600425,600022,3017732,,2024-03-31,32856,5.7,,8848,1.5,7.5,10^3/uL,5.7
601544,600425,600022,3024929,,2024-03-31,32856,236.7,,8848,150,400,10^3/uL,236.7
601545,600425,600022,3016723,,2024-03-31,32856,0.9,,8840,0.6,1.2,mg/dL,0.9
601546,600425,600022,3013721,,2024-03-31,32856,52.6,,8645,0,40,U/L,52.6
601547,600425,600022,3006923,,2024-03-31,32856,20.1,,8645,0,40,U/L,20.1
601548,600426,600022,3000963,,2024-04-21,32856,9.2,,8713,12,17,g/dL,9.2
601549,600426,600022,3010813,,2024-04-21,32856,2.4,,8848,4,10,10^3/uL,2.4
601550,600426,600022,3017732,,2024-04-21,32856,1.5,,8848,1.5,7.5,10^3/uL,1.5
601551,600426,600022,3024929,,2024-04-21,32856,163,,8848,150,400,10^3/uL,163.0
601552,600426,600022,3016723,,2024-04-21,32856,1.27,,8840,0.6,1.2,mg/dL,1.27
601553,600426,600022,3013721,,2024-04-21,32856,21.4,,8645,0,40,U/L,21.4
601554,600426,600022,3006923,,2024-04-21,32856,30.2,,8645,0,40,U/L,30.2
601555,600427,600022,3000963,,2024-05-12,32856,11.6,,8713,12,17,g/dL,11.6
601556,600427,600022,3010813,,2024-05-12,32856,8.3,,8848,4,10,10^3/uL,8.3
601557,600427,600022,3017732,,2024-05-12,32856,2.6,,8848,1.5,7.5,10^3/uL,2.6
601558,600427,600022,3024929,,2024-05-12,32856,257.1,,8848,150,400,10^3/uL,257.1
601559,600427,600022,3016723,,2024-05-12,32856,0.87,,8840,0.6,1.2,mg/dL,0.87
601560,600427,600022,3013721,,2024-05-12,32856,50.5,,8645,0,40,U/L,50.5
601561,600427,600022,3006923,,2024-05-12,32856,64,,8645,0,40,U/L,64.0
601562,600428,600022,3000963,,2024-06-02,32856,11.9,,8713,12,17,g/dL,11.9
601563,600428,600022,3010813,,2024-06-02,32856,3.2,,8848,4,10,10^3/uL,3.2
601564,600428,600022,3017732,,2024-06-02,32856,2,,8848,1.5,7.5,10^3/uL,2.0
601565,600428,600022,3024929,,2024-06-02,32856,170.7,,8848,150,400,10^3/uL,170.7
601566,600428,600022,3016723,,2024-06-02,32856,0.47,,8840,0.6,1.2,mg/dL,0.47
601567,600428,600022,3013721,,2024-06-02,32856,35.9,,8645,0,40,U/L,35.9
601568,600428,600022,3006923,,2024-06-02,32856,70.9,,8645,0,40,U/L,70.9
601569,600429,600022,3000963,,2024-06-23,32856,14.4,,8713,12,17,g/dL,14.4
601570,600429,600022,3010813,,2024-06-23,32856,6.1,,8848,4,10,10^3/uL,6.1
601571,600429,600022,3017732,,2024-06-23,32856,2.1,,8848,1.5,7.5,10^3/uL,2.1
601572,600429,600022,3024929,,2024-06-23,32856,204.8,,8848,150,400,10^3/uL,204.8
601573,600429,600022,3016723,,2024-06-23,32856,1.21,,8840,0.6,1.2,mg/dL,1.21
601574,600429,600022,3013721,,2024-06-23,32856,39.4,,8645,0,40,U/L,39.4
601575,600429,600022,3006923,,2024-06-23,32856,53.4,,8645,0,40,U/L,53.4
601576,600430,600022,3000963,,2024-07-14,32856,13.5,,8713,12,17,g/dL,13.5
601577,600430,600022,3010813,,2024-07-14,32856,10.5,,8848,4,10,10^3/uL,10.5
601578,600430,600022,3017732,,2024-07-14,32856,3.7,,8848,1.5,7.5,10^3/uL,3.7
601579,600430,600022,3024929,,2024-07-14,32856,222.6,,8848,150,400,10^3/uL,222.6
601580,600430,600022,3016723,,2024-07-14,32856,0.78,,8840,0.6,1.2,mg/dL,0.78
601581,600430,600022,3013721,,2024-07-14,32856,25,,8645,0,40,U/L,25.0
601582,600430,600022,3006923,,2024-07-14,32856,9.7,,8645,0,40,U/L,9.7
601583,600437,600022,3000963,,2024-12-13,32856,12.2,,8713,12,17,g/dL,12.2
601584,600437,600022,3022250,,2024-12-13,32856,309.7,,8645,120,250,U/L,309.7
601585,600438,600022,3000963,,2025-04-24,32856,13.8,,8713,12,17,g/dL,13.8
601586,600438,600022,3022250,,2025-04-24,32856,167.7,,8645,120,250,U/L,167.7
601587,600439,600022,3000963,,2025-09-19,32856,10.9,,8713,12,17,g/dL,10.9
601588,600439,600022,3022250,,2025-09-19,32856,217,,8645,120,250,U/L,217.0
601589,600440,600022,3000963,,2026-03-07,32856,13,,8713,12,17,g/dL,13.0
601590,600440,600022,3022250,,2026-03-07,32856,174.8,,8645,120,250,U/L,174.8
601591,600441,600022,3000963,,2026-06-14,32856,11.7,,8713,12,17,g/dL,11.7
601592,600441,600022,3022250,,2026-06-14,32856,302.3,,8645,120,250,U/L,302.3
601593,600442,600023,3000963,,2019-12-08,32856,10.8,,8713,12,17,g/dL,10.8
601594,600442,600023,3010813,,2019-12-08,32856,5.5,,8848,4,10,10^3/uL,5.5
601595,600442,600023,3017732,,2019-12-08,32856,5.7,,8848,1.5,7.5,10^3/uL,5.7
601596,600442,600023,3024929,,2019-12-08,32856,194.3,,8848,150,400,10^3/uL,194.3
601597,600442,600023,3016723,,2019-12-08,32856,0.75,,8840,0.6,1.2,mg/dL,0.75
601598,600442,600023,3013721,,2019-12-08,32856,56.3,,8645,0,40,U/L,56.3
601599,600442,600023,3006923,,2019-12-08,32856,82.1,,8645,0,40,U/L,82.1
601600,600442,600023,3020491,,2019-12-08,32856,4.27,,8713,3.5,5.2,g/dL,4.27
601601,600442,600023,3024128,,2019-12-08,32856,1.11,,8840,0.2,1.2,mg/dL,1.11
601602,600442,600023,3022250,,2019-12-08,32856,248.7,,8645,120,250,U/L,248.7
601603,600442,600023,3006315,,2019-12-08,32856,3.6,,8859,0.8,2.2,mg/L,3.6
601604,600442,600023,3036277,,2019-12-08,32856,169.6,,8582,150,185,cm,169.6
601605,600442,600023,3025315,,2019-12-08,32856,64,,9529,45,90,kg,64.0
601606,600443,600023,3000963,,2019-12-28,32856,11.2,,8713,12,17,g/dL,11.2
601607,600443,600023,3010813,,2019-12-28,32856,4.2,,8848,4,10,10^3/uL,4.2
601608,600443,600023,3017732,,2019-12-28,32856,5,,8848,1.5,7.5,10^3/uL,5.0
601609,600443,600023,3024929,,2019-12-28,32856,276.7,,8848,150,400,10^3/uL,276.7
601610,600443,600023,3016723,,2019-12-28,32856,0.95,,8840,0.6,1.2,mg/dL,0.95
601611,600443,600023,3013721,,2019-12-28,32856,65.7,,8645,0,40,U/L,65.7
601612,600443,600023,3006923,,2019-12-28,32856,101.9,,8645,0,40,U/L,101.9
601613,600444,600023,3000963,,2020-01-18,32856,11,,8713,12,17,g/dL,11.0
601614,600444,600023,3010813,,2020-01-18,32856,3.6,,8848,4,10,10^3/uL,3.6
601615,600444,600023,3017732,,2020-01-18,32856,0,,8848,1.5,7.5,10^3/uL,0
601616,600444,600023,3024929,,2020-01-18,32856,245.9,,8848,150,400,10^3/uL,245.9
601617,600444,600023,3016723,,2020-01-18,32856,0.77,,8840,0.6,1.2,mg/dL,0.77
601618,600444,600023,3013721,,2020-01-18,32856,35.1,,8645,0,40,U/L,35.1
601619,600444,600023,3006923,,2020-01-18,32856,83.6,,8645,0,40,U/L,83.6
601620,600445,600023,3000963,,2020-02-08,32856,12.8,,8713,12,17,g/dL,12.8
601621,600445,600023,3010813,,2020-02-08,32856,4.4,,8848,4,10,10^3/uL,4.4
601622,600445,600023,3017732,,2020-02-08,32856,0.7,,8848,1.5,7.5,10^3/uL,0.7
601623,600445,600023,3024929,,2020-02-08,32856,285.3,,8848,150,400,10^3/uL,285.3
601624,600445,600023,3016723,,2020-02-08,32856,0.43,,8840,0.6,1.2,mg/dL,0.43
601625,600445,600023,3013721,,2020-02-08,32856,39.8,,8645,0,40,U/L,39.8
601626,600445,600023,3006923,,2020-02-08,32856,24.1,,8645,0,40,U/L,24.1
601627,600446,600023,3000963,,2020-02-29,32856,16.1,,8713,12,17,g/dL,16.1
601628,600446,600023,3010813,,2020-02-29,32856,6.3,,8848,4,10,10^3/uL,6.3
601629,600446,600023,3017732,,2020-02-29,32856,2.6,,8848,1.5,7.5,10^3/uL,2.6
601630,600446,600023,3024929,,2020-02-29,32856,217.5,,8848,150,400,10^3/uL,217.5
601631,600446,600023,3016723,,2020-02-29,32856,1.2,,8840,0.6,1.2,mg/dL,1.2
601632,600446,600023,3013721,,2020-02-29,32856,25.8,,8645,0,40,U/L,25.8
601633,600446,600023,3006923,,2020-02-29,32856,30.4,,8645,0,40,U/L,30.4
601634,600447,600023,3000963,,2020-03-21,32856,12.3,,8713,12,17,g/dL,12.3
601635,600447,600023,3010813,,2020-03-21,32856,4.2,,8848,4,10,10^3/uL,4.2
601636,600447,600023,3017732,,2020-03-21,32856,3.3,,8848,1.5,7.5,10^3/uL,3.3
601637,600447,600023,3024929,,2020-03-21,32856,250.7,,8848,150,400,10^3/uL,250.7
601638,600447,600023,3016723,,2020-03-21,32856,0.98,,8840,0.6,1.2,mg/dL,0.98
601639,600447,600023,3013721,,2020-03-21,32856,21.6,,8645,0,40,U/L,21.6
601640,600447,600023,3006923,,2020-03-21,32856,0,,8645,0,40,U/L,0
601641,600448,600023,3000963,,2020-04-11,32856,11.8,,8713,12,17,g/dL,11.8
601642,600448,600023,3010813,,2020-04-11,32856,8.3,,8848,4,10,10^3/uL,8.3
601643,600448,600023,3017732,,2020-04-11,32856,1.9,,8848,1.5,7.5,10^3/uL,1.9
601644,600448,600023,3024929,,2020-04-11,32856,124.9,,8848,150,400,10^3/uL,124.9
601645,600448,600023,3016723,,2020-04-11,32856,1.06,,8840,0.6,1.2,mg/dL,1.06
601646,600448,600023,3013721,,2020-04-11,32856,49,,8645,0,40,U/L,49.0
601647,600448,600023,3006923,,2020-04-11,32856,80.1,,8645,0,40,U/L,80.1
601648,600453,600023,3000963,,2020-08-20,32856,13.3,,8713,12,17,g/dL,13.3
601649,600453,600023,3022250,,2020-08-20,32856,269,,8645,120,250,U/L,269.0
601650,600454,600023,3000963,,2020-12-25,32856,9.7,,8713,12,17,g/dL,9.7
601651,600454,600023,3022250,,2020-12-25,32856,341.6,,8645,120,250,U/L,341.6
601652,600455,600023,3000963,,2021-06-08,32856,11.1,,8713,12,17,g/dL,11.1
601653,600455,600023,3022250,,2021-06-08,32856,241,,8645,120,250,U/L,241.0
601654,600456,600023,3000963,,2021-09-30,32856,13.7,,8713,12,17,g/dL,13.7
601655,600456,600023,3022250,,2021-09-30,32856,20,,8645,120,250,U/L,20
601656,600457,600023,3000963,,2022-02-03,32856,13.1,,8713,12,17,g/dL,13.1
601657,600457,600023,3022250,,2022-02-03,32856,114.6,,8645,120,250,U/L,114.6
601658,600458,600023,3000963,,2022-05-26,32856,13.9,,8713,12,17,g/dL,13.9
601659,600458,600023,3022250,,2022-05-26,32856,90.5,,8645,120,250,U/L,90.5
601660,600459,600023,3000963,,2022-09-10,32856,11.9,,8713,12,17,g/dL,11.9
601661,600459,600023,3022250,,2022-09-10,32856,342.4,,8645,120,250,U/L,342.4
601662,600460,600023,3000963,,2023-02-05,32856,12.8,,8713,12,17,g/dL,12.8
601663,600460,600023,3022250,,2023-02-05,32856,387.4,,8645,120,250,U/L,387.4
601664,600461,600023,3000963,,2023-07-06,32856,12.3,,8713,12,17,g/dL,12.3
601665,600461,600023,3022250,,2023-07-06,32856,303.8,,8645,120,250,U/L,303.8
601666,600462,600023,3000963,,2024-01-03,32856,10.4,,8713,12,17,g/dL,10.4
601667,600462,600023,3022250,,2024-01-03,32856,39.4,,8645,120,250,U/L,39.4
601668,600463,600023,3000963,,2024-06-19,32856,10.3,,8713,12,17,g/dL,10.3
601669,600463,600023,3022250,,2024-06-19,32856,168.9,,8645,120,250,U/L,168.9
601670,600464,600023,3000963,,2024-12-17,32856,10.2,,8713,12,17,g/dL,10.2
601671,600464,600023,3022250,,2024-12-17,32856,100,,8645,120,250,U/L,100.0
601672,600465,600024,3000963,,2023-12-04,32856,13.1,,8713,12,17,g/dL,13.1
601673,600465,600024,3010813,,2023-12-04,32856,8.1,,8848,4,10,10^3/uL,8.1
601674,600465,600024,3017732,,2023-12-04,32856,6.2,,8848,1.5,7.5,10^3/uL,6.2
601675,600465,600024,3024929,,2023-12-04,32856,194.4,,8848,150,400,10^3/uL,194.4
601676,600465,600024,3016723,,2023-12-04,32856,0.77,,8840,0.6,1.2,mg/dL,0.77
601677,600465,600024,3013721,,2023-12-04,32856,78.8,,8645,0,40,U/L,78.8
601678,600465,600024,3006923,,2023-12-04,32856,38.9,,8645,0,40,U/L,38.9
601679,600465,600024,3020491,,2023-12-04,32856,3.9,,8713,3.5,5.2,g/dL,3.9
601680,600465,600024,3024128,,2023-12-04,32856,0.61,,8840,0.2,1.2,mg/dL,0.61
601681,600465,600024,3022250,,2023-12-04,32856,305.4,,8645,120,250,U/L,305.4
601682,600465,600024,3006315,,2023-12-04,32856,0,,8859,0.8,2.2,mg/L,0
601683,600465,600024,3036277,,2023-12-04,32856,151.6,,8582,150,185,cm,151.6
601684,600465,600024,3025315,,2023-12-04,32856,52.7,,9529,45,90,kg,52.7
601685,600466,600024,3000963,,2023-12-14,32856,16.3,,8713,12,17,g/dL,16.3
601686,600466,600024,3010813,,2023-12-14,32856,9.6,,8848,4,10,10^3/uL,9.6
601687,600466,600024,3017732,,2023-12-14,32856,3,,8848,1.5,7.5,10^3/uL,3.0
601688,600466,600024,3024929,,2023-12-14,32856,184.3,,8848,150,400,10^3/uL,184.3
601689,600466,600024,3016723,,2023-12-14,32856,1.22,,8840,0.6,1.2,mg/dL,1.22
601690,600466,600024,3013721,,2023-12-14,32856,39.3,,8645,0,40,U/L,39.3
601691,600466,600024,3006923,,2023-12-14,32856,52.8,,8645,0,40,U/L,52.8
601692,600467,600024,3000963,,2024-01-04,32856,10.8,,8713,12,17,g/dL,10.8
601693,600467,600024,3010813,,2024-01-04,32856,7.6,,8848,4,10,10^3/uL,7.6
601694,600467,600024,3017732,,2024-01-04,32856,0,,8848,1.5,7.5,10^3/uL,0.0
601695,600467,600024,3024929,,2024-01-04,32856,145.2,,8848,150,400,10^3/uL,145.2
601696,600467,600024,3016723,,2024-01-04,32856,0.8,,8840,0.6,1.2,mg/dL,0.8
601697,600467,600024,3013721,,2024-01-04,32856,36.3,,8645,0,40,U/L,36.3
601698,600467,600024,3006923,,2024-01-04,32856,67.2,,8645,0,40,U/L,67.2
601699,600468,600024,3000963,,2024-01-25,32856,13.3,,8713,12,17,g/dL,13.3
601700,600468,600024,3010813,,2024-01-25,32856,6.7,,8848,4,10,10^3/uL,6.7
601701,600468,600024,3017732,,2024-01-25,32856,1.9,,8848,1.5,7.5,10^3/uL,1.9
601702,600468,600024,3024929,,2024-01-25,32856,214.6,,8848,150,400,10^3/uL,214.6
601703,600468,600024,3016723,,2024-01-25,32856,1.03,,8840,0.6,1.2,mg/dL,1.03
601704,600468,600024,3013721,,2024-01-25,32856,41.1,,8645,0,40,U/L,41.1
601705,600468,600024,3006923,,2024-01-25,32856,41.3,,8645,0,40,U/L,41.3
601706,600469,600024,3000963,,2024-02-15,32856,11.1,,8713,12,17,g/dL,11.1
601707,600469,600024,3010813,,2024-02-15,32856,6,,8848,4,10,10^3/uL,6.0
601708,600469,600024,3017732,,2024-02-15,32856,3.1,,8848,1.5,7.5,10^3/uL,3.1
601709,600469,600024,3024929,,2024-02-15,32856,213.2,,8848,150,400,10^3/uL,213.2
601710,600469,600024,3016723,,2024-02-15,32856,1.32,,8840,0.6,1.2,mg/dL,1.32
601711,600469,600024,3013721,,2024-02-15,32856,51.8,,8645,0,40,U/L,51.8
601712,600469,600024,3006923,,2024-02-15,32856,70.8,,8645,0,40,U/L,70.8
601713,600474,600024,3000963,,2024-08-24,32856,11.9,,8713,12,17,g/dL,11.9
601714,600474,600024,3022250,,2024-08-24,32856,370.7,,8645,120,250,U/L,370.7
601715,600475,600024,3000963,,2024-11-29,32856,11.2,,8713,12,17,g/dL,11.2
601716,600475,600024,3022250,,2024-11-29,32856,308.7,,8645,120,250,U/L,308.7
601717,600476,600024,3000963,,2025-04-12,32856,15,,8713,12,17,g/dL,15.0
601718,600476,600024,3022250,,2025-04-12,32856,326,,8645,120,250,U/L,326.0
601719,600477,600024,3000963,,2025-08-07,32856,13.6,,8713,12,17,g/dL,13.6
601720,600477,600024,3022250,,2025-08-07,32856,247.9,,8645,120,250,U/L,247.9
601721,600478,600024,3000963,,2026-01-12,32856,12.8,,8713,12,17,g/dL,12.8
601722,600478,600024,3022250,,2026-01-12,32856,387,,8645,120,250,U/L,387.0
601723,600479,600024,3000963,,2026-05-21,32856,13.6,,8713,12,17,g/dL,13.6
601724,600479,600024,3022250,,2026-05-21,32856,275,,8645,120,250,U/L,275.0
601725,600480,600025,3000963,,2024-09-12,32856,14,,8713,12,17,g/dL,14.0
601726,600480,600025,3010813,,2024-09-12,32856,6.9,,8848,4,10,10^3/uL,6.9
601727,600480,600025,3017732,,2024-09-12,32856,3.4,,8848,1.5,7.5,10^3/uL,3.4
601728,600480,600025,3024929,,2024-09-12,32856,206.6,,8848,150,400,10^3/uL,206.6
601729,600480,600025,3016723,,2024-09-12,32856,1.12,,8840,0.6,1.2,mg/dL,1.12
601730,600480,600025,3013721,,2024-09-12,32856,6.4,,8645,0,40,U/L,6.4
601731,600480,600025,3006923,,2024-09-12,32856,45,,8645,0,40,U/L,45.0
601732,600480,600025,3020491,,2024-09-12,32856,4.7,,8713,3.5,5.2,g/dL,4.7
601733,600480,600025,3024128,,2024-09-12,32856,0.63,,8840,0.2,1.2,mg/dL,0.63
601734,600480,600025,3022250,,2024-09-12,32856,380,,8645,120,250,U/L,380.0
601735,600480,600025,3006315,,2024-09-12,32856,2.5,,8859,0.8,2.2,mg/L,2.5
601736,600480,600025,3036277,,2024-09-12,32856,176.2,,8582,150,185,cm,176.2
601737,600480,600025,3025315,,2024-09-12,32856,76.9,,9529,45,90,kg,76.9
601738,600481,600025,3000963,,2024-09-30,32856,11.9,,8713,12,17,g/dL,11.9
601739,600481,600025,3010813,,2024-09-30,32856,5.3,,8848,4,10,10^3/uL,5.3
601740,600481,600025,3017732,,2024-09-30,32856,2.3,,8848,1.5,7.5,10^3/uL,2.3
601741,600481,600025,3024929,,2024-09-30,32856,173,,8848,150,400,10^3/uL,173.0
601742,600481,600025,3016723,,2024-09-30,32856,0.64,,8840,0.6,1.2,mg/dL,0.64
601743,600481,600025,3013721,,2024-09-30,32856,42.8,,8645,0,40,U/L,42.8
601744,600481,600025,3006923,,2024-09-30,32856,11.8,,8645,0,40,U/L,11.8
601745,600482,600025,3000963,,2024-10-21,32856,14.9,,8713,12,17,g/dL,14.9
601746,600482,600025,3010813,,2024-10-21,32856,7.7,,8848,4,10,10^3/uL,7.7
601747,600482,600025,3017732,,2024-10-21,32856,2.5,,8848,1.5,7.5,10^3/uL,2.5
601748,600482,600025,3024929,,2024-10-21,32856,276.9,,8848,150,400,10^3/uL,276.9
601749,600482,600025,3016723,,2024-10-21,32856,0.92,,8840,0.6,1.2,mg/dL,0.92
601750,600482,600025,3013721,,2024-10-21,32856,35.9,,8645,0,40,U/L,35.9
601751,600482,600025,3006923,,2024-10-21,32856,55.5,,8645,0,40,U/L,55.5
601752,600483,600025,3000963,,2024-11-11,32856,10.9,,8713,12,17,g/dL,10.9
601753,600483,600025,3010813,,2024-11-11,32856,2.5,,8848,4,10,10^3/uL,2.5
601754,600483,600025,3017732,,2024-11-11,32856,1.3,,8848,1.5,7.5,10^3/uL,1.3
601755,600483,600025,3024929,,2024-11-11,32856,213.4,,8848,150,400,10^3/uL,213.4
601756,600483,600025,3016723,,2024-11-11,32856,0.81,,8840,0.6,1.2,mg/dL,0.81
601757,600483,600025,3013721,,2024-11-11,32856,64.5,,8645,0,40,U/L,64.5
601758,600483,600025,3006923,,2024-11-11,32856,11.4,,8645,0,40,U/L,11.4
601759,600484,600025,3000963,,2024-12-02,32856,7.8,,8713,12,17,g/dL,7.8
601760,600484,600025,3010813,,2024-12-02,32856,6.1,,8848,4,10,10^3/uL,6.1
601761,600484,600025,3017732,,2024-12-02,32856,1.3,,8848,1.5,7.5,10^3/uL,1.3
601762,600484,600025,3024929,,2024-12-02,32856,272.6,,8848,150,400,10^3/uL,272.6
601763,600484,600025,3016723,,2024-12-02,32856,0.6,,8840,0.6,1.2,mg/dL,0.6
601764,600484,600025,3013721,,2024-12-02,32856,31.1,,8645,0,40,U/L,31.1
601765,600484,600025,3006923,,2024-12-02,32856,39.2,,8645,0,40,U/L,39.2
601766,600485,600025,3000963,,2024-12-23,32856,12.6,,8713,12,17,g/dL,12.6
601767,600485,600025,3010813,,2024-12-23,32856,3.3,,8848,4,10,10^3/uL,3.3
601768,600485,600025,3017732,,2024-12-23,32856,4.1,,8848,1.5,7.5,10^3/uL,4.1
601769,600485,600025,3024929,,2024-12-23,32856,117.3,,8848,150,400,10^3/uL,117.3
601770,600485,600025,3016723,,2024-12-23,32856,1.05,,8840,0.6,1.2,mg/dL,1.05
601771,600485,600025,3013721,,2024-12-23,32856,0,,8645,0,40,U/L,0
601772,600485,600025,3006923,,2024-12-23,32856,33.9,,8645,0,40,U/L,33.9
601773,600486,600025,3000963,,2025-01-13,32856,12.9,,8713,12,17,g/dL,12.9
601774,600486,600025,3010813,,2025-01-13,32856,9.9,,8848,4,10,10^3/uL,9.9
601775,600486,600025,3017732,,2025-01-13,32856,2.2,,8848,1.5,7.5,10^3/uL,2.2
601776,600486,600025,3024929,,2025-01-13,32856,220.7,,8848,150,400,10^3/uL,220.7
601777,600486,600025,3016723,,2025-01-13,32856,0.41,,8840,0.6,1.2,mg/dL,0.41
601778,600486,600025,3013721,,2025-01-13,32856,29.9,,8645,0,40,U/L,29.9
601779,600486,600025,3006923,,2025-01-13,32856,22.5,,8645,0,40,U/L,22.5
601780,600490,600025,3000963,,2025-05-22,32856,10.7,,8713,12,17,g/dL,10.7
601781,600490,600025,3022250,,2025-05-22,32856,300.5,,8645,120,250,U/L,300.5
601782,600491,600025,3000963,,2025-10-01,32856,11.7,,8713,12,17,g/dL,11.7
601783,600491,600025,3022250,,2025-10-01,32856,529.8,,8645,120,250,U/L,529.8
601784,600492,600025,3000963,,2026-03-10,32856,15.7,,8713,12,17,g/dL,15.7
601785,600492,600025,3022250,,2026-03-10,32856,260.5,,8645,120,250,U/L,260.5
601786,600493,600026,3000963,,2023-02-27,32856,10.7,,8713,12,17,g/dL,10.7
601787,600493,600026,3010813,,2023-02-27,32856,9.1,,8848,4,10,10^3/uL,9.1
601788,600493,600026,3017732,,2023-02-27,32856,4.2,,8848,1.5,7.5,10^3/uL,4.2
601789,600493,600026,3024929,,2023-02-27,32856,314.9,,8848,150,400,10^3/uL,314.9
601790,600493,600026,3016723,,2023-02-27,32856,1.14,,8840,0.6,1.2,mg/dL,1.14
601791,600493,600026,3013721,,2023-02-27,32856,0,,8645,0,40,U/L,0
601792,600493,600026,3006923,,2023-02-27,32856,46.3,,8645,0,40,U/L,46.3
601793,600493,600026,3020491,,2023-02-27,32856,3.89,,8713,3.5,5.2,g/dL,3.89
601794,600493,600026,3024128,,2023-02-27,32856,0.49,,8840,0.2,1.2,mg/dL,0.49
601795,600493,600026,3022250,,2023-02-27,32856,441.6,,8645,120,250,U/L,441.6
601796,600493,600026,3006315,,2023-02-27,32856,2.9,,8859,0.8,2.2,mg/L,2.9
601797,600493,600026,3036277,,2023-02-27,32856,158,,8582,150,185,cm,158.0
601798,600493,600026,3025315,,2023-02-27,32856,50.1,,9529,45,90,kg,50.1
601799,600494,600026,3000963,,2023-03-17,32856,12.1,,8713,12,17,g/dL,12.1
601800,600494,600026,3010813,,2023-03-17,32856,4,,8848,4,10,10^3/uL,4.0
601801,600494,600026,3017732,,2023-03-17,32856,5,,8848,1.5,7.5,10^3/uL,5.0
601802,600494,600026,3024929,,2023-03-17,32856,147.8,,8848,150,400,10^3/uL,147.8
601803,600494,600026,3016723,,2023-03-17,32856,0.77,,8840,0.6,1.2,mg/dL,0.77
601804,600494,600026,3013721,,2023-03-17,32856,0,,8645,0,40,U/L,0
601805,600494,600026,3006923,,2023-03-17,32856,32.7,,8645,0,40,U/L,32.7
601806,600495,600026,3000963,,2023-04-07,32856,11,,8713,12,17,g/dL,11.0
601807,600495,600026,3010813,,2023-04-07,32856,4.9,,8848,4,10,10^3/uL,4.9
601808,600495,600026,3017732,,2023-04-07,32856,5,,8848,1.5,7.5,10^3/uL,5.0
601809,600495,600026,3024929,,2023-04-07,32856,198.4,,8848,150,400,10^3/uL,198.4
601810,600495,600026,3016723,,2023-04-07,32856,0.95,,8840,0.6,1.2,mg/dL,0.95
601811,600495,600026,3013721,,2023-04-07,32856,79.4,,8645,0,40,U/L,79.4
601812,600495,600026,3006923,,2023-04-07,32856,111.5,,8645,0,40,U/L,111.5
601813,600496,600026,3000963,,2023-04-28,32856,12.1,,8713,12,17,g/dL,12.1
601814,600496,600026,3010813,,2023-04-28,32856,5.5,,8848,4,10,10^3/uL,5.5
601815,600496,600026,3017732,,2023-04-28,32856,1.4,,8848,1.5,7.5,10^3/uL,1.4
601816,600496,600026,3024929,,2023-04-28,32856,197,,8848,150,400,10^3/uL,197.0
601817,600496,600026,3016723,,2023-04-28,32856,1,,8840,0.6,1.2,mg/dL,1.0
601818,600496,600026,3013721,,2023-04-28,32856,42.9,,8645,0,40,U/L,42.9
601819,600496,600026,3006923,,2023-04-28,32856,50.2,,8645,0,40,U/L,50.2
601820,600497,600026,3000963,,2023-05-19,32856,11.3,,8713,12,17,g/dL,11.3
601821,600497,600026,3010813,,2023-05-19,32856,6.7,,8848,4,10,10^3/uL,6.7
601822,600497,600026,3017732,,2023-05-19,32856,1.4,,8848,1.5,7.5,10^3/uL,1.4
601823,600497,600026,3024929,,2023-05-19,32856,267.9,,8848,150,400,10^3/uL,267.9
601824,600497,600026,3016723,,2023-05-19,32856,0.9,,8840,0.6,1.2,mg/dL,0.9
601825,600497,600026,3013721,,2023-05-19,32856,31.9,,8645,0,40,U/L,31.9
601826,600497,600026,3006923,,2023-05-19,32856,48.2,,8645,0,40,U/L,48.2
601827,600498,600026,3000963,,2023-06-09,32856,11.2,,8713,12,17,g/dL,11.2
601828,600498,600026,3010813,,2023-06-09,32856,5.5,,8848,4,10,10^3/uL,5.5
601829,600498,600026,3017732,,2023-06-09,32856,2.5,,8848,1.5,7.5,10^3/uL,2.5
601830,600498,600026,3024929,,2023-06-09,32856,139.8,,8848,150,400,10^3/uL,139.8
601831,600498,600026,3016723,,2023-06-09,32856,0.92,,8840,0.6,1.2,mg/dL,0.92
601832,600498,600026,3013721,,2023-06-09,32856,9,,8645,0,40,U/L,9.0
601833,600498,600026,3006923,,2023-06-09,32856,93,,8645,0,40,U/L,93.0
601834,600499,600026,3000963,,2023-06-30,32856,12.6,,8713,12,17,g/dL,12.6
601835,600499,600026,3010813,,2023-06-30,32856,7.5,,8848,4,10,10^3/uL,7.5
601836,600499,600026,3017732,,2023-06-30,32856,0.8,,8848,1.5,7.5,10^3/uL,0.8
601837,600499,600026,3024929,,2023-06-30,32856,240.9,,8848,150,400,10^3/uL,240.9
601838,600499,600026,3016723,,2023-06-30,32856,0.99,,8840,0.6,1.2,mg/dL,0.99
601839,600499,600026,3013721,,2023-06-30,32856,61.6,,8645,0,40,U/L,61.6
601840,600499,600026,3006923,,2023-06-30,32856,43.7,,8645,0,40,U/L,43.7
601841,600504,600026,3000963,,2023-11-18,32856,12,,8713,12,17,g/dL,12.0
601842,600504,600026,3022250,,2023-11-18,32856,258,,8645,120,250,U/L,258.0
601843,600505,600026,3000963,,2024-04-26,32856,14.2,,8713,12,17,g/dL,14.2
601844,600505,600026,3022250,,2024-04-26,32856,370.8,,8645,120,250,U/L,370.8
601845,600506,600026,3000963,,2024-10-28,32856,11.9,,8713,12,17,g/dL,11.9
601846,600506,600026,3022250,,2024-10-28,32856,378.7,,8645,120,250,U/L,378.7
601847,600507,600026,3000963,,2025-04-23,32856,13,,8713,12,17,g/dL,13.0
601848,600507,600026,3022250,,2025-04-23,32856,264.6,,8645,120,250,U/L,264.6
601849,600508,600026,3000963,,2025-08-04,32856,13,,8713,12,17,g/dL,13.0
601850,600508,600026,3022250,,2025-08-04,32856,88.6,,8645,120,250,U/L,88.6
601851,600509,600026,3000963,,2026-01-12,32856,11.7,,8713,12,17,g/dL,11.7
601852,600509,600026,3022250,,2026-01-12,32856,364.7,,8645,120,250,U/L,364.7
601853,600510,600026,3000963,,2026-06-11,32856,12.6,,8713,12,17,g/dL,12.6
601854,600510,600026,3022250,,2026-06-11,32856,226.6,,8645,120,250,U/L,226.6
601855,600511,600027,3000963,,2021-03-03,32856,16.6,,8713,12,17,g/dL,16.6
601856,600511,600027,3010813,,2021-03-03,32856,8,,8848,4,10,10^3/uL,8.0
601857,600511,600027,3017732,,2021-03-03,32856,5.5,,8848,1.5,7.5,10^3/uL,5.5
601858,600511,600027,3024929,,2021-03-03,32856,303.8,,8848,150,400,10^3/uL,303.8
601859,600511,600027,3016723,,2021-03-03,32856,0.73,,8840,0.6,1.2,mg/dL,0.73
601860,600511,600027,3013721,,2021-03-03,32856,51.1,,8645,0,40,U/L,51.1
601861,600511,600027,3006923,,2021-03-03,32856,31,,8645,0,40,U/L,31.0
601862,600511,600027,3020491,,2021-03-03,32856,3.45,,8713,3.5,5.2,g/dL,3.45
601863,600511,600027,3024128,,2021-03-03,32856,0.84,,8840,0.2,1.2,mg/dL,0.84
601864,600511,600027,3022250,,2021-03-03,32856,381.9,,8645,120,250,U/L,381.9
601865,600511,600027,3006315,,2021-03-03,32856,3.7,,8859,0.8,2.2,mg/L,3.7
601866,600511,600027,3036277,,2021-03-03,32856,158.5,,8582,150,185,cm,158.5
601867,600511,600027,3025315,,2021-03-03,32856,52.5,,9529,45,90,kg,52.5
601868,600512,600027,3000963,,2021-03-15,32856,15.5,,8713,12,17,g/dL,15.5
601869,600512,600027,3010813,,2021-03-15,32856,12.1,,8848,4,10,10^3/uL,12.1
601870,600512,600027,3017732,,2021-03-15,32856,1.9,,8848,1.5,7.5,10^3/uL,1.9
601871,600512,600027,3024929,,2021-03-15,32856,268.7,,8848,150,400,10^3/uL,268.7
601872,600512,600027,3016723,,2021-03-15,32856,1.12,,8840,0.6,1.2,mg/dL,1.12
601873,600512,600027,3013721,,2021-03-15,32856,36,,8645,0,40,U/L,36.0
601874,600512,600027,3006923,,2021-03-15,32856,81.9,,8645,0,40,U/L,81.9
601875,600513,600027,3000963,,2021-04-05,32856,13.4,,8713,12,17,g/dL,13.4
601876,600513,600027,3010813,,2021-04-05,32856,1.3,,8848,4,10,10^3/uL,1.3
601877,600513,600027,3017732,,2021-04-05,32856,1.6,,8848,1.5,7.5,10^3/uL,1.6
601878,600513,600027,3024929,,2021-04-05,32856,233.4,,8848,150,400,10^3/uL,233.4
601879,600513,600027,3016723,,2021-04-05,32856,1.29,,8840,0.6,1.2,mg/dL,1.29
601880,600513,600027,3013721,,2021-04-05,32856,54.9,,8645,0,40,U/L,54.9
601881,600513,600027,3006923,,2021-04-05,32856,0,,8645,0,40,U/L,0
601882,600514,600027,3000963,,2021-04-26,32856,12.8,,8713,12,17,g/dL,12.8
601883,600514,600027,3010813,,2021-04-26,32856,8.7,,8848,4,10,10^3/uL,8.7
601884,600514,600027,3017732,,2021-04-26,32856,0.5,,8848,1.5,7.5,10^3/uL,0.5
601885,600514,600027,3024929,,2021-04-26,32856,186.2,,8848,150,400,10^3/uL,186.2
601886,600514,600027,3016723,,2021-04-26,32856,0.81,,8840,0.6,1.2,mg/dL,0.81
601887,600514,600027,3013721,,2021-04-26,32856,70.2,,8645,0,40,U/L,70.2
601888,600514,600027,3006923,,2021-04-26,32856,38.2,,8645,0,40,U/L,38.2
601889,600515,600027,3000963,,2021-05-17,32856,13.8,,8713,12,17,g/dL,13.8
601890,600515,600027,3010813,,2021-05-17,32856,4.7,,8848,4,10,10^3/uL,4.7
601891,600515,600027,3017732,,2021-05-17,32856,6.5,,8848,1.5,7.5,10^3/uL,6.5
601892,600515,600027,3024929,,2021-05-17,32856,138.6,,8848,150,400,10^3/uL,138.6
601893,600515,600027,3016723,,2021-05-17,32856,0.59,,8840,0.6,1.2,mg/dL,0.59
601894,600515,600027,3013721,,2021-05-17,32856,21.7,,8645,0,40,U/L,21.7
601895,600515,600027,3006923,,2021-05-17,32856,11.6,,8645,0,40,U/L,11.6
601896,600516,600027,3000963,,2021-06-07,32856,13.7,,8713,12,17,g/dL,13.7
601897,600516,600027,3010813,,2021-06-07,32856,8.4,,8848,4,10,10^3/uL,8.4
601898,600516,600027,3017732,,2021-06-07,32856,6.3,,8848,1.5,7.5,10^3/uL,6.3
601899,600516,600027,3024929,,2021-06-07,32856,214.2,,8848,150,400,10^3/uL,214.2
601900,600516,600027,3016723,,2021-06-07,32856,0.81,,8840,0.6,1.2,mg/dL,0.81
601901,600516,600027,3013721,,2021-06-07,32856,38.9,,8645,0,40,U/L,38.9
601902,600516,600027,3006923,,2021-06-07,32856,30.9,,8645,0,40,U/L,30.9
601903,600517,600027,3000963,,2021-06-28,32856,11.9,,8713,12,17,g/dL,11.9
601904,600517,600027,3010813,,2021-06-28,32856,5.1,,8848,4,10,10^3/uL,5.1
601905,600517,600027,3017732,,2021-06-28,32856,6.4,,8848,1.5,7.5,10^3/uL,6.4
601906,600517,600027,3024929,,2021-06-28,32856,219.7,,8848,150,400,10^3/uL,219.7
601907,600517,600027,3016723,,2021-06-28,32856,0.73,,8840,0.6,1.2,mg/dL,0.73
601908,600517,600027,3013721,,2021-06-28,32856,43.7,,8645,0,40,U/L,43.7
601909,600517,600027,3006923,,2021-06-28,32856,41.7,,8645,0,40,U/L,41.7
601910,600523,600027,3000963,,2021-11-03,32856,17,,8713,12,17,g/dL,17.0
601911,600523,600027,3022250,,2021-11-03,32856,367.3,,8645,120,250,U/L,367.3
601912,600524,600027,3000963,,2022-02-25,32856,10.9,,8713,12,17,g/dL,10.9
601913,600524,600027,3022250,,2022-02-25,32856,295.9,,8645,120,250,U/L,295.9
601914,600525,600027,3000963,,2022-06-23,32856,12.4,,8713,12,17,g/dL,12.4
601915,600525,600027,3022250,,2022-06-23,32856,270.6,,8645,120,250,U/L,270.6
601916,600526,600027,3000963,,2022-10-16,32856,12.2,,8713,12,17,g/dL,12.2
601917,600526,600027,3022250,,2022-10-16,32856,195.8,,8645,120,250,U/L,195.8
601918,600527,600027,3000963,,2023-03-16,32856,14.1,,8713,12,17,g/dL,14.1
601919,600527,600027,3022250,,2023-03-16,32856,276.7,,8645,120,250,U/L,276.7
601920,600528,600027,3000963,,2023-08-28,32856,14.2,,8713,12,17,g/dL,14.2
601921,600528,600027,3022250,,2023-08-28,32856,303.1,,8645,120,250,U/L,303.1
601922,600529,600027,3000963,,2024-02-18,32856,11.5,,8713,12,17,g/dL,11.5
601923,600529,600027,3022250,,2024-02-18,32856,218.3,,8645,120,250,U/L,218.3
601924,600530,600027,3000963,,2024-07-23,32856,13.4,,8713,12,17,g/dL,13.4
601925,600530,600027,3022250,,2024-07-23,32856,232.7,,8645,120,250,U/L,232.7
601926,600531,600027,3000963,,2025-01-01,32856,15,,8713,12,17,g/dL,15.0
601927,600531,600027,3022250,,2025-01-01,32856,355.5,,8645,120,250,U/L,355.5
601928,600532,600027,3000963,,2025-06-25,32856,12.6,,8713,12,17,g/dL,12.6
601929,600532,600027,3022250,,2025-06-25,32856,204.7,,8645,120,250,U/L,204.7
601930,600533,600027,3000963,,2025-12-01,32856,13.9,,8713,12,17,g/dL,13.9
601931,600533,600027,3022250,,2025-12-01,32856,390.8,,8645,120,250,U/L,390.8
601932,600534,600027,3000963,,2026-02-25,32856,11.6,,8713,12,17,g/dL,11.6
601933,600534,600027,3022250,,2026-02-25,32856,165.5,,8645,120,250,U/L,165.5
601934,600535,600028,3000963,,2019-05-05,32856,11.5,,8713,12,17,g/dL,11.5
601935,600535,600028,3010813,,2019-05-05,32856,8,,8848,4,10,10^3/uL,8.0
601936,600535,600028,3017732,,2019-05-05,32856,3,,8848,1.5,7.5,10^3/uL,3.0
601937,600535,600028,3024929,,2019-05-05,32856,275.7,,8848,150,400,10^3/uL,275.7
601938,600535,600028,3016723,,2019-05-05,32856,0.81,,8840,0.6,1.2,mg/dL,0.81
601939,600535,600028,3013721,,2019-05-05,32856,44,,8645,0,40,U/L,44.0
601940,600535,600028,3006923,,2019-05-05,32856,90.7,,8645,0,40,U/L,90.7
601941,600535,600028,3020491,,2019-05-05,32856,4.46,,8713,3.5,5.2,g/dL,4.46
601942,600535,600028,3024128,,2019-05-05,32856,1.5,,8840,0.2,1.2,mg/dL,1.5
601943,600535,600028,3022250,,2019-05-05,32856,336.1,,8645,120,250,U/L,336.1
601944,600535,600028,3006315,,2019-05-05,32856,2.3,,8859,0.8,2.2,mg/L,2.3
601945,600535,600028,3036277,,2019-05-05,32856,167.4,,8582,150,185,cm,167.4
601946,600535,600028,3025315,,2019-05-05,32856,77.9,,9529,45,90,kg,77.9
601947,600536,600028,3000963,,2019-05-16,32856,13.9,,8713,12,17,g/dL,13.9
601948,600536,600028,3010813,,2019-05-16,32856,9,,8848,4,10,10^3/uL,9.0
601949,600536,600028,3017732,,2019-05-16,32856,3.6,,8848,1.5,7.5,10^3/uL,3.6
601950,600536,600028,3024929,,2019-05-16,32856,242.9,,8848,150,400,10^3/uL,242.9
601951,600536,600028,3016723,,2019-05-16,32856,0.69,,8840,0.6,1.2,mg/dL,0.69
601952,600536,600028,3013721,,2019-05-16,32856,38.1,,8645,0,40,U/L,38.1
601953,600536,600028,3006923,,2019-05-16,32856,58.4,,8645,0,40,U/L,58.4
601954,600537,600028,3000963,,2019-05-30,32856,9.4,,8713,12,17,g/dL,9.4
601955,600537,600028,3010813,,2019-05-30,32856,4.6,,8848,4,10,10^3/uL,4.6
601956,600537,600028,3017732,,2019-05-30,32856,2.2,,8848,1.5,7.5,10^3/uL,2.2
601957,600537,600028,3024929,,2019-05-30,32856,326.8,,8848,150,400,10^3/uL,326.8
601958,600537,600028,3016723,,2019-05-30,32856,0.57,,8840,0.6,1.2,mg/dL,0.57
601959,600537,600028,3013721,,2019-05-30,32856,39.8,,8645,0,40,U/L,39.8
601960,600537,600028,3006923,,2019-05-30,32856,66.7,,8645,0,40,U/L,66.7
601961,600538,600028,3000963,,2019-06-13,32856,9.9,,8713,12,17,g/dL,9.9
601962,600538,600028,3010813,,2019-06-13,32856,9,,8848,4,10,10^3/uL,9.0
601963,600538,600028,3017732,,2019-06-13,32856,0,,8848,1.5,7.5,10^3/uL,0
601964,600538,600028,3024929,,2019-06-13,32856,253.9,,8848,150,400,10^3/uL,253.9
601965,600538,600028,3016723,,2019-06-13,32856,0.89,,8840,0.6,1.2,mg/dL,0.89
601966,600538,600028,3013721,,2019-06-13,32856,7.1,,8645,0,40,U/L,7.1
601967,600538,600028,3006923,,2019-06-13,32856,42.1,,8645,0,40,U/L,42.1
601968,600539,600028,3000963,,2019-06-27,32856,11.5,,8713,12,17,g/dL,11.5
601969,600539,600028,3010813,,2019-06-27,32856,7.9,,8848,4,10,10^3/uL,7.9
601970,600539,600028,3017732,,2019-06-27,32856,2.5,,8848,1.5,7.5,10^3/uL,2.5
601971,600539,600028,3024929,,2019-06-27,32856,244.3,,8848,150,400,10^3/uL,244.3
601972,600539,600028,3016723,,2019-06-27,32856,0.94,,8840,0.6,1.2,mg/dL,0.94
601973,600539,600028,3013721,,2019-06-27,32856,26.3,,8645,0,40,U/L,26.3
601974,600539,600028,3006923,,2019-06-27,32856,52.4,,8645,0,40,U/L,52.4
601975,600540,600028,3000963,,2019-07-11,32856,10.3,,8713,12,17,g/dL,10.3
601976,600540,600028,3010813,,2019-07-11,32856,4.1,,8848,4,10,10^3/uL,4.1
601977,600540,600028,3017732,,2019-07-11,32856,5.1,,8848,1.5,7.5,10^3/uL,5.1
601978,600540,600028,3024929,,2019-07-11,32856,162.3,,8848,150,400,10^3/uL,162.3
601979,600540,600028,3016723,,2019-07-11,32856,1.17,,8840,0.6,1.2,mg/dL,1.17
601980,600540,600028,3013721,,2019-07-11,32856,0,,8645,0,40,U/L,0
601981,600540,600028,3006923,,2019-07-11,32856,22.2,,8645,0,40,U/L,22.2
601982,600541,600028,3000963,,2019-07-25,32856,10.8,,8713,12,17,g/dL,10.8
601983,600541,600028,3010813,,2019-07-25,32856,9.7,,8848,4,10,10^3/uL,9.7
601984,600541,600028,3017732,,2019-07-25,32856,1.3,,8848,1.5,7.5,10^3/uL,1.3
601985,600541,600028,3024929,,2019-07-25,32856,191.7,,8848,150,400,10^3/uL,191.7
601986,600541,600028,3016723,,2019-07-25,32856,0.89,,8840,0.6,1.2,mg/dL,0.89
601987,600541,600028,3013721,,2019-07-25,32856,22.6,,8645,0,40,U/L,22.6
601988,600541,600028,3006923,,2019-07-25,32856,56.8,,8645,0,40,U/L,56.8
601989,600542,600028,3000963,,2019-08-08,32856,9.1,,8713,12,17,g/dL,9.1
601990,600542,600028,3010813,,2019-08-08,32856,6.3,,8848,4,10,10^3/uL,6.3
601991,600542,600028,3017732,,2019-08-08,32856,6.1,,8848,1.5,7.5,10^3/uL,6.1
601992,600542,600028,3024929,,2019-08-08,32856,218.4,,8848,150,400,10^3/uL,218.4
601993,600542,600028,3016723,,2019-08-08,32856,0.97,,8840,0.6,1.2,mg/dL,0.97
601994,600542,600028,3013721,,2019-08-08,32856,23.6,,8645,0,40,U/L,23.6
601995,600542,600028,3006923,,2019-08-08,32856,18.2,,8645,0,40,U/L,18.2
601996,600543,600028,3000963,,2019-08-22,32856,12.1,,8713,12,17,g/dL,12.1
601997,600543,600028,3010813,,2019-08-22,32856,7.8,,8848,4,10,10^3/uL,7.8
601998,600543,600028,3017732,,2019-08-22,32856,1.4,,8848,1.5,7.5,10^3/uL,1.4
601999,600543,600028,3024929,,2019-08-22,32856,198.9,,8848,150,400,10^3/uL,198.9
602000,600543,600028,3016723,,2019-08-22,32856,1.05,,8840,0.6,1.2,mg/dL,1.05
602001,600543,600028,3013721,,2019-08-22,32856,31.9,,8645,0,40,U/L,31.9
602002,600543,600028,3006923,,2019-08-22,32856,29.7,,8645,0,40,U/L,29.7
602003,600544,600028,3000963,,2019-09-05,32856,12.7,,8713,12,17,g/dL,12.7
602004,600544,600028,3010813,,2019-09-05,32856,5.1,,8848,4,10,10^3/uL,5.1
602005,600544,600028,3017732,,2019-09-05,32856,2.1,,8848,1.5,7.5,10^3/uL,2.1
602006,600544,600028,3024929,,2019-09-05,32856,199.5,,8848,150,400,10^3/uL,199.5
602007,600544,600028,3016723,,2019-09-05,32856,0.74,,8840,0.6,1.2,mg/dL,0.74
602008,600544,600028,3013721,,2019-09-05,32856,17.9,,8645,0,40,U/L,17.9
602009,600544,600028,3006923,,2019-09-05,32856,48.4,,8645,0,40,U/L,48.4
602010,600545,600028,3000963,,2019-09-19,32856,11.7,,8713,12,17,g/dL,11.7
602011,600545,600028,3010813,,2019-09-19,32856,5.7,,8848,4,10,10^3/uL,5.7
602012,600545,600028,3017732,,2019-09-19,32856,2.1,,8848,1.5,7.5,10^3/uL,2.1
602013,600545,600028,3024929,,2019-09-19,32856,237.7,,8848,150,400,10^3/uL,237.7
602014,600545,600028,3016723,,2019-09-19,32856,1.15,,8840,0.6,1.2,mg/dL,1.15
602015,600545,600028,3013721,,2019-09-19,32856,11,,8645,0,40,U/L,11.0
602016,600545,600028,3006923,,2019-09-19,32856,41.8,,8645,0,40,U/L,41.8
602017,600546,600028,3000963,,2019-10-03,32856,13.8,,8713,12,17,g/dL,13.8
602018,600546,600028,3010813,,2019-10-03,32856,6.4,,8848,4,10,10^3/uL,6.4
602019,600546,600028,3017732,,2019-10-03,32856,0.7,,8848,1.5,7.5,10^3/uL,0.7
602020,600546,600028,3024929,,2019-10-03,32856,321.7,,8848,150,400,10^3/uL,321.7
602021,600546,600028,3016723,,2019-10-03,32856,0.98,,8840,0.6,1.2,mg/dL,0.98
602022,600546,600028,3013721,,2019-10-03,32856,35.8,,8645,0,40,U/L,35.8
602023,600546,600028,3006923,,2019-10-03,32856,50.4,,8645,0,40,U/L,50.4
602024,600547,600028,3000963,,2019-10-17,32856,13.1,,8713,12,17,g/dL,13.1
602025,600547,600028,3010813,,2019-10-17,32856,4.4,,8848,4,10,10^3/uL,4.4
602026,600547,600028,3017732,,2019-10-17,32856,2.5,,8848,1.5,7.5,10^3/uL,2.5
602027,600547,600028,3024929,,2019-10-17,32856,268.9,,8848,150,400,10^3/uL,268.9
602028,600547,600028,3016723,,2019-10-17,32856,1.01,,8840,0.6,1.2,mg/dL,1.01
602029,600547,600028,3013721,,2019-10-17,32856,39.7,,8645,0,40,U/L,39.7
602030,600547,600028,3006923,,2019-10-17,32856,54.1,,8645,0,40,U/L,54.1
602031,600553,600028,3000963,,2020-02-24,32856,12.3,,8713,12,17,g/dL,12.3
602032,600553,600028,3022250,,2020-02-24,32856,252.8,,8645,120,250,U/L,252.8
602033,600554,600028,3000963,,2020-06-11,32856,10.8,,8713,12,17,g/dL,10.8
602034,600554,600028,3022250,,2020-06-11,32856,336.3,,8645,120,250,U/L,336.3
602035,600555,600028,3000963,,2020-09-16,32856,13,,8713,12,17,g/dL,13.0
602036,600555,600028,3022250,,2020-09-16,32856,436.6,,8645,120,250,U/L,436.6
602037,600556,600028,3000963,,2021-03-02,32856,14.5,,8713,12,17,g/dL,14.5
602038,600556,600028,3022250,,2021-03-02,32856,215.5,,8645,120,250,U/L,215.5
602039,600557,600028,3000963,,2021-07-07,32856,13.4,,8713,12,17,g/dL,13.4
602040,600557,600028,3022250,,2021-07-07,32856,267.7,,8645,120,250,U/L,267.7
602041,600558,600028,3000963,,2021-11-09,32856,14.9,,8713,12,17,g/dL,14.9
602042,600558,600028,3022250,,2021-11-09,32856,31.5,,8645,120,250,U/L,31.5
602043,600559,600028,3000963,,2022-05-13,32856,13.5,,8713,12,17,g/dL,13.5
602044,600559,600028,3022250,,2022-05-13,32856,330.1,,8645,120,250,U/L,330.1
602045,600560,600028,3000963,,2022-08-17,32856,11.6,,8713,12,17,g/dL,11.6
602046,600560,600028,3022250,,2022-08-17,32856,305.9,,8645,120,250,U/L,305.9
602047,600561,600028,3000963,,2022-12-27,32856,12.6,,8713,12,17,g/dL,12.6
602048,600561,600028,3022250,,2022-12-27,32856,162.1,,8645,120,250,U/L,162.1
602049,600562,600028,3000963,,2023-03-27,32856,12.6,,8713,12,17,g/dL,12.6
602050,600562,600028,3022250,,2023-03-27,32856,476.7,,8645,120,250,U/L,476.7
602051,600563,600028,3000963,,2023-07-07,32856,12.2,,8713,12,17,g/dL,12.2
602052,600563,600028,3022250,,2023-07-07,32856,293.3,,8645,120,250,U/L,293.3
602053,600564,600028,3000963,,2023-11-30,32856,13.8,,8713,12,17,g/dL,13.8
602054,600564,600028,3022250,,2023-11-30,32856,195.5,,8645,120,250,U/L,195.5
602055,600565,600029,3000963,,2021-12-21,32856,12.8,,8713,12,17,g/dL,12.8
602056,600565,600029,3010813,,2021-12-21,32856,6.6,,8848,4,10,10^3/uL,6.6
602057,600565,600029,3017732,,2021-12-21,32856,7.1,,8848,1.5,7.5,10^3/uL,7.1
602058,600565,600029,3024929,,2021-12-21,32856,145.6,,8848,150,400,10^3/uL,145.6
602059,600565,600029,3016723,,2021-12-21,32856,0.38,,8840,0.6,1.2,mg/dL,0.38
602060,600565,600029,3013721,,2021-12-21,32856,30.1,,8645,0,40,U/L,30.1
602061,600565,600029,3006923,,2021-12-21,32856,14.6,,8645,0,40,U/L,14.6
602062,600565,600029,3020491,,2021-12-21,32856,3.92,,8713,3.5,5.2,g/dL,3.92
602063,600565,600029,3024128,,2021-12-21,32856,0.37,,8840,0.2,1.2,mg/dL,0.37
602064,600565,600029,3022250,,2021-12-21,32856,498.1,,8645,120,250,U/L,498.1
602065,600565,600029,3006315,,2021-12-21,32856,2.9,,8859,0.8,2.2,mg/L,2.9
602066,600565,600029,3036277,,2021-12-21,32856,164.7,,8582,150,185,cm,164.7
602067,600565,600029,3025315,,2021-12-21,32856,74.9,,9529,45,90,kg,74.9
602068,600566,600029,3000963,,2022-01-08,32856,15.9,,8713,12,17,g/dL,15.9
602069,600566,600029,3010813,,2022-01-08,32856,6.5,,8848,4,10,10^3/uL,6.5
602070,600566,600029,3017732,,2022-01-08,32856,4,,8848,1.5,7.5,10^3/uL,4.0
602071,600566,600029,3024929,,2022-01-08,32856,173.3,,8848,150,400,10^3/uL,173.3
602072,600566,600029,3016723,,2022-01-08,32856,0.97,,8840,0.6,1.2,mg/dL,0.97
602073,600566,600029,3013721,,2022-01-08,32856,24.3,,8645,0,40,U/L,24.3
602074,600566,600029,3006923,,2022-01-08,32856,37.2,,8645,0,40,U/L,37.2
602075,600567,600029,3000963,,2022-01-29,32856,10.6,,8713,12,17,g/dL,10.6
602076,600567,600029,3010813,,2022-01-29,32856,7.8,,8848,4,10,10^3/uL,7.8
602077,600567,600029,3017732,,2022-01-29,32856,5.2,,8848,1.5,7.5,10^3/uL,5.2
602078,600567,600029,3024929,,2022-01-29,32856,153.2,,8848,150,400,10^3/uL,153.2
602079,600567,600029,3016723,,2022-01-29,32856,0.9,,8840,0.6,1.2,mg/dL,0.9
602080,600567,600029,3013721,,2022-01-29,32856,67.1,,8645,0,40,U/L,67.1
602081,600567,600029,3006923,,2022-01-29,32856,48.1,,8645,0,40,U/L,48.1
602082,600568,600029,3000963,,2022-02-19,32856,14.2,,8713,12,17,g/dL,14.2
602083,600568,600029,3010813,,2022-02-19,32856,10.1,,8848,4,10,10^3/uL,10.1
602084,600568,600029,3017732,,2022-02-19,32856,4,,8848,1.5,7.5,10^3/uL,4.0
602085,600568,600029,3024929,,2022-02-19,32856,254.5,,8848,150,400,10^3/uL,254.5
602086,600568,600029,3016723,,2022-02-19,32856,1.14,,8840,0.6,1.2,mg/dL,1.14
602087,600568,600029,3013721,,2022-02-19,32856,26.7,,8645,0,40,U/L,26.7
602088,600568,600029,3006923,,2022-02-19,32856,27.8,,8645,0,40,U/L,27.8
602089,600569,600029,3000963,,2022-03-12,32856,10.1,,8713,12,17,g/dL,10.1
602090,600569,600029,3010813,,2022-03-12,32856,7.9,,8848,4,10,10^3/uL,7.9
602091,600569,600029,3017732,,2022-03-12,32856,1.7,,8848,1.5,7.5,10^3/uL,1.7
602092,600569,600029,3024929,,2022-03-12,32856,183.7,,8848,150,400,10^3/uL,183.7
602093,600569,600029,3016723,,2022-03-12,32856,0.87,,8840,0.6,1.2,mg/dL,0.87
602094,600569,600029,3013721,,2022-03-12,32856,39.8,,8645,0,40,U/L,39.8
602095,600569,600029,3006923,,2022-03-12,32856,22.3,,8645,0,40,U/L,22.3
602096,600575,600029,3000963,,2022-10-08,32856,11.9,,8713,12,17,g/dL,11.9
602097,600575,600029,3022250,,2022-10-08,32856,380,,8645,120,250,U/L,380.0
602098,600576,600029,3000963,,2023-03-27,32856,14,,8713,12,17,g/dL,14.0
602099,600576,600029,3022250,,2023-03-27,32856,306.1,,8645,120,250,U/L,306.1
602100,600577,600029,3000963,,2023-07-20,32856,14.8,,8713,12,17,g/dL,14.8
602101,600577,600029,3022250,,2023-07-20,32856,409.3,,8645,120,250,U/L,409.3
602102,600578,600029,3000963,,2023-12-22,32856,12.6,,8713,12,17,g/dL,12.6
602103,600578,600029,3022250,,2023-12-22,32856,278.1,,8645,120,250,U/L,278.1
602104,600579,600029,3000963,,2024-05-10,32856,12.3,,8713,12,17,g/dL,12.3
602105,600579,600029,3022250,,2024-05-10,32856,202.3,,8645,120,250,U/L,202.3
602106,600580,600029,3000963,,2024-09-03,32856,11.3,,8713,12,17,g/dL,11.3
602107,600580,600029,3022250,,2024-09-03,32856,439.5,,8645,120,250,U/L,439.5
602108,600581,600029,3000963,,2024-12-15,32856,12.5,,8713,12,17,g/dL,12.5
602109,600581,600029,3022250,,2024-12-15,32856,104.4,,8645,120,250,U/L,104.4
602110,600582,600029,3000963,,2025-04-07,32856,13.5,,8713,12,17,g/dL,13.5
602111,600582,600029,3022250,,2025-04-07,32856,238.6,,8645,120,250,U/L,238.6
602112,600583,600029,3000963,,2025-08-22,32856,13.6,,8713,12,17,g/dL,13.6
602113,600583,600029,3022250,,2025-08-22,32856,135.8,,8645,120,250,U/L,135.8
602114,600584,600029,3000963,,2026-01-23,32856,11.6,,8713,12,17,g/dL,11.6
602115,600584,600029,3022250,,2026-01-23,32856,143,,8645,120,250,U/L,143.0
602116,600585,600029,3000963,,2026-06-15,32856,11.2,,8713,12,17,g/dL,11.2
602117,600585,600029,3022250,,2026-06-15,32856,98,,8645,120,250,U/L,98.0
602118,600586,600030,3000963,,2022-11-15,32856,11,,8713,12,17,g/dL,11.0
602119,600586,600030,3010813,,2022-11-15,32856,1.1,,8848,4,10,10^3/uL,1.1
602120,600586,600030,3017732,,2022-11-15,32856,3.3,,8848,1.5,7.5,10^3/uL,3.3
602121,600586,600030,3024929,,2022-11-15,32856,138.1,,8848,150,400,10^3/uL,138.1
602122,600586,600030,3016723,,2022-11-15,32856,0.56,,8840,0.6,1.2,mg/dL,0.56
602123,600586,600030,3013721,,2022-11-15,32856,30.1,,8645,0,40,U/L,30.1
602124,600586,600030,3006923,,2022-11-15,32856,0,,8645,0,40,U/L,0
602125,600586,600030,3020491,,2022-11-15,32856,4.41,,8713,3.5,5.2,g/dL,4.41
602126,600586,600030,3024128,,2022-11-15,32856,0.48,,8840,0.2,1.2,mg/dL,0.48
602127,600586,600030,3022250,,2022-11-15,32856,238.2,,8645,120,250,U/L,238.2
602128,600586,600030,3006315,,2022-11-15,32856,3.9,,8859,0.8,2.2,mg/L,3.9
602129,600586,600030,3036277,,2022-11-15,32856,152.6,,8582,150,185,cm,152.6
602130,600586,600030,3025315,,2022-11-15,32856,63.2,,9529,45,90,kg,63.2
602131,600587,600030,3000963,,2022-12-09,32856,15.7,,8713,12,17,g/dL,15.7
602132,600587,600030,3010813,,2022-12-09,32856,5.3,,8848,4,10,10^3/uL,5.3
602133,600587,600030,3017732,,2022-12-09,32856,5.5,,8848,1.5,7.5,10^3/uL,5.5
602134,600587,600030,3024929,,2022-12-09,32856,260.5,,8848,150,400,10^3/uL,260.5
602135,600587,600030,3016723,,2022-12-09,32856,0.48,,8840,0.6,1.2,mg/dL,0.48
602136,600587,600030,3013721,,2022-12-09,32856,48,,8645,0,40,U/L,48.0
602137,600587,600030,3006923,,2022-12-09,32856,16.5,,8645,0,40,U/L,16.5
602138,600588,600030,3000963,,2022-12-30,32856,12,,8713,12,17,g/dL,12.0
602139,600588,600030,3010813,,2022-12-30,32856,4.3,,8848,4,10,10^3/uL,4.3
602140,600588,600030,3017732,,2022-12-30,32856,2.8,,8848,1.5,7.5,10^3/uL,2.8
602141,600588,600030,3024929,,2022-12-30,32856,189.7,,8848,150,400,10^3/uL,189.7
602142,600588,600030,3016723,,2022-12-30,32856,1.1,,8840,0.6,1.2,mg/dL,1.1
602143,600588,600030,3013721,,2022-12-30,32856,52.3,,8645,0,40,U/L,52.3
602144,600588,600030,3006923,,2022-12-30,32856,65.5,,8645,0,40,U/L,65.5
602145,600589,600030,3000963,,2023-01-20,32856,13.8,,8713,12,17,g/dL,13.8
602146,600589,600030,3010813,,2023-01-20,32856,4.6,,8848,4,10,10^3/uL,4.6
602147,600589,600030,3017732,,2023-01-20,32856,2.3,,8848,1.5,7.5,10^3/uL,2.3
602148,600589,600030,3024929,,2023-01-20,32856,276.1,,8848,150,400,10^3/uL,276.1
602149,600589,600030,3016723,,2023-01-20,32856,0.84,,8840,0.6,1.2,mg/dL,0.84
602150,600589,600030,3013721,,2023-01-20,32856,0,,8645,0,40,U/L,0
602151,600589,600030,3006923,,2023-01-20,32856,46.5,,8645,0,40,U/L,46.5
602152,600590,600030,3000963,,2023-02-10,32856,13.3,,8713,12,17,g/dL,13.3
602153,600590,600030,3010813,,2023-02-10,32856,0.1,,8848,4,10,10^3/uL,0.1
602154,600590,600030,3017732,,2023-02-10,32856,3.3,,8848,1.5,7.5,10^3/uL,3.3
602155,600590,600030,3024929,,2023-02-10,32856,106.1,,8848,150,400,10^3/uL,106.1
602156,600590,600030,3016723,,2023-02-10,32856,1.08,,8840,0.6,1.2,mg/dL,1.08
602157,600590,600030,3013721,,2023-02-10,32856,58.7,,8645,0,40,U/L,58.7
602158,600590,600030,3006923,,2023-02-10,32856,49.2,,8645,0,40,U/L,49.2
602159,600591,600030,3000963,,2023-03-03,32856,11.2,,8713,12,17,g/dL,11.2
602160,600591,600030,3010813,,2023-03-03,32856,3.3,,8848,4,10,10^3/uL,3.3
602161,600591,600030,3017732,,2023-03-03,32856,0.9,,8848,1.5,7.5,10^3/uL,0.9
602162,600591,600030,3024929,,2023-03-03,32856,283.1,,8848,150,400,10^3/uL,283.1
602163,600591,600030,3016723,,2023-03-03,32856,0.65,,8840,0.6,1.2,mg/dL,0.65
602164,600591,600030,3013721,,2023-03-03,32856,24.4,,8645,0,40,U/L,24.4
602165,600591,600030,3006923,,2023-03-03,32856,51.7,,8645,0,40,U/L,51.7
602166,600592,600030,3000963,,2023-03-24,32856,13.4,,8713,12,17,g/dL,13.4
602167,600592,600030,3010813,,2023-03-24,32856,7,,8848,4,10,10^3/uL,7.0
602168,600592,600030,3017732,,2023-03-24,32856,1.9,,8848,1.5,7.5,10^3/uL,1.9
602169,600592,600030,3024929,,2023-03-24,32856,160.2,,8848,150,400,10^3/uL,160.2
602170,600592,600030,3016723,,2023-03-24,32856,0.92,,8840,0.6,1.2,mg/dL,0.92
602171,600592,600030,3013721,,2023-03-24,32856,62.1,,8645,0,40,U/L,62.1
602172,600592,600030,3006923,,2023-03-24,32856,58.8,,8645,0,40,U/L,58.8
602173,600598,600030,3000963,,2023-08-16,32856,10.3,,8713,12,17,g/dL,10.3
602174,600598,600030,3022250,,2023-08-16,32856,316.5,,8645,120,250,U/L,316.5
602175,600599,600030,3000963,,2024-01-12,32856,14.3,,8713,12,17,g/dL,14.3
602176,600599,600030,3022250,,2024-01-12,32856,83.6,,8645,120,250,U/L,83.6
602177,600600,600030,3000963,,2024-04-15,32856,10.4,,8713,12,17,g/dL,10.4
602178,600600,600030,3022250,,2024-04-15,32856,122.9,,8645,120,250,U/L,122.9
602179,600601,600030,3000963,,2024-09-09,32856,10.7,,8713,12,17,g/dL,10.7
602180,600601,600030,3022250,,2024-09-09,32856,233,,8645,120,250,U/L,233.0
602181,600602,600030,3000963,,2025-02-08,32856,13.5,,8713,12,17,g/dL,13.5
602182,600602,600030,3022250,,2025-02-08,32856,270.3,,8645,120,250,U/L,270.3
602183,600603,600030,3000963,,2025-05-30,32856,13.4,,8713,12,17,g/dL,13.4
602184,600603,600030,3022250,,2025-05-30,32856,289.6,,8645,120,250,U/L,289.6
602185,600604,600030,3000963,,2025-10-01,32856,9.5,,8713,12,17,g/dL,9.5
602186,600604,600030,3022250,,2025-10-01,32856,191.7,,8645,120,250,U/L,191.7
602187,600605,600030,3000963,,2026-03-07,32856,14.9,,8713,12,17,g/dL,14.9
602188,600605,600030,3022250,,2026-03-07,32856,268.2,,8645,120,250,U/L,268.2
602189,600606,600030,3000963,,2026-07-08,32856,13.4,,8713,12,17,g/dL,13.4
602190,600606,600030,3022250,,2026-07-08,32856,450.3,,8645,120,250,U/L,450.3
602191,600607,600031,3000963,,2019-09-03,32856,12.3,,8713,12,17,g/dL,12.3
602192,600607,600031,3010813,,2019-09-03,32856,10.4,,8848,4,10,10^3/uL,10.4
602193,600607,600031,3017732,,2019-09-03,32856,2.1,,8848,1.5,7.5,10^3/uL,2.1
602194,600607,600031,3024929,,2019-09-03,32856,197.5,,8848,150,400,10^3/uL,197.5
602195,600607,600031,3016723,,2019-09-03,32856,0.8,,8840,0.6,1.2,mg/dL,0.8
602196,600607,600031,3013721,,2019-09-03,32856,65.4,,8645,0,40,U/L,65.4
602197,600607,600031,3006923,,2019-09-03,32856,0,,8645,0,40,U/L,0
602198,600607,600031,3020491,,2019-09-03,32856,4.12,,8713,3.5,5.2,g/dL,4.12
602199,600607,600031,3024128,,2019-09-03,32856,0.95,,8840,0.2,1.2,mg/dL,0.95
602200,600607,600031,3022250,,2019-09-03,32856,188.3,,8645,120,250,U/L,188.3
602201,600607,600031,3006315,,2019-09-03,32856,1.7,,8859,0.8,2.2,mg/L,1.7
602202,600607,600031,3036277,,2019-09-03,32856,170.7,,8582,150,185,cm,170.7
602203,600607,600031,3025315,,2019-09-03,32856,65.7,,9529,45,90,kg,65.7
602204,600608,600031,3000963,,2019-09-26,32856,10.6,,8713,12,17,g/dL,10.6
602205,600608,600031,3010813,,2019-09-26,32856,4.5,,8848,4,10,10^3/uL,4.5
602206,600608,600031,3017732,,2019-09-26,32856,4.2,,8848,1.5,7.5,10^3/uL,4.2
602207,600608,600031,3024929,,2019-09-26,32856,150,,8848,150,400,10^3/uL,150.0
602208,600608,600031,3016723,,2019-09-26,32856,1.09,,8840,0.6,1.2,mg/dL,1.09
602209,600608,600031,3013721,,2019-09-26,32856,0,,8645,0,40,U/L,0
602210,600608,600031,3006923,,2019-09-26,32856,37.3,,8645,0,40,U/L,37.3
602211,600609,600031,3000963,,2019-10-17,32856,11.8,,8713,12,17,g/dL,11.8
602212,600609,600031,3010813,,2019-10-17,32856,7.7,,8848,4,10,10^3/uL,7.7
602213,600609,600031,3017732,,2019-10-17,32856,3,,8848,1.5,7.5,10^3/uL,3.0
602214,600609,600031,3024929,,2019-10-17,32856,220.1,,8848,150,400,10^3/uL,220.1
602215,600609,600031,3016723,,2019-10-17,32856,0.36,,8840,0.6,1.2,mg/dL,0.36
602216,600609,600031,3013721,,2019-10-17,32856,46.5,,8645,0,40,U/L,46.5
602217,600609,600031,3006923,,2019-10-17,32856,22.9,,8645,0,40,U/L,22.9
602218,600610,600031,3000963,,2019-11-07,32856,9.3,,8713,12,17,g/dL,9.3
602219,600610,600031,3010813,,2019-11-07,32856,5.9,,8848,4,10,10^3/uL,5.9
602220,600610,600031,3017732,,2019-11-07,32856,3.1,,8848,1.5,7.5,10^3/uL,3.1
602221,600610,600031,3024929,,2019-11-07,32856,259.6,,8848,150,400,10^3/uL,259.6
602222,600610,600031,3016723,,2019-11-07,32856,0.79,,8840,0.6,1.2,mg/dL,0.79
602223,600610,600031,3013721,,2019-11-07,32856,57.2,,8645,0,40,U/L,57.2
602224,600610,600031,3006923,,2019-11-07,32856,32.5,,8645,0,40,U/L,32.5
602225,600611,600031,3000963,,2019-11-28,32856,10.8,,8713,12,17,g/dL,10.8
602226,600611,600031,3010813,,2019-11-28,32856,8.3,,8848,4,10,10^3/uL,8.3
602227,600611,600031,3017732,,2019-11-28,32856,3.9,,8848,1.5,7.5,10^3/uL,3.9
602228,600611,600031,3024929,,2019-11-28,32856,288.2,,8848,150,400,10^3/uL,288.2
602229,600611,600031,3016723,,2019-11-28,32856,0.95,,8840,0.6,1.2,mg/dL,0.95
602230,600611,600031,3013721,,2019-11-28,32856,18.3,,8645,0,40,U/L,18.3
602231,600611,600031,3006923,,2019-11-28,32856,28.6,,8645,0,40,U/L,28.6
602232,600615,600031,3000963,,2020-03-23,32856,11.8,,8713,12,17,g/dL,11.8
602233,600615,600031,3022250,,2020-03-23,32856,374.9,,8645,120,250,U/L,374.9
602234,600616,600031,3000963,,2020-07-03,32856,15,,8713,12,17,g/dL,15.0
602235,600616,600031,3022250,,2020-07-03,32856,240.7,,8645,120,250,U/L,240.7
602236,600617,600031,3000963,,2020-10-19,32856,11.1,,8713,12,17,g/dL,11.1
602237,600617,600031,3022250,,2020-10-19,32856,268.2,,8645,120,250,U/L,268.2
602238,600618,600031,3000963,,2021-03-04,32856,16,,8713,12,17,g/dL,16.0
602239,600618,600031,3022250,,2021-03-04,32856,271.7,,8645,120,250,U/L,271.7
602240,600619,600031,3000963,,2021-08-06,32856,12.8,,8713,12,17,g/dL,12.8
602241,600619,600031,3022250,,2021-08-06,32856,328.7,,8645,120,250,U/L,328.7
602242,600620,600031,3000963,,2022-01-11,32856,14.3,,8713,12,17,g/dL,14.3
602243,600620,600031,3022250,,2022-01-11,32856,238.1,,8645,120,250,U/L,238.1
602244,600621,600031,3000963,,2022-07-15,32856,14.2,,8713,12,17,g/dL,14.2
602245,600621,600031,3022250,,2022-07-15,32856,275.3,,8645,120,250,U/L,275.3
602246,600622,600031,3000963,,2022-11-21,32856,11.9,,8713,12,17,g/dL,11.9
602247,600622,600031,3022250,,2022-11-21,32856,95.1,,8645,120,250,U/L,95.1
602248,600623,600031,3000963,,2023-04-08,32856,11.4,,8713,12,17,g/dL,11.4
602249,600623,600031,3022250,,2023-04-08,32856,146.7,,8645,120,250,U/L,146.7
602250,600624,600031,3000963,,2023-08-06,32856,11.6,,8713,12,17,g/dL,11.6
602251,600624,600031,3022250,,2023-08-06,32856,159.7,,8645,120,250,U/L,159.7
602252,600625,600031,3000963,,2023-11-29,32856,11.8,,8713,12,17,g/dL,11.8
602253,600625,600031,3022250,,2023-11-29,32856,309.9,,8645,120,250,U/L,309.9
602254,600626,600031,3000963,,2024-05-28,32856,15,,8713,12,17,g/dL,15.0
602255,600626,600031,3022250,,2024-05-28,32856,414.9,,8645,120,250,U/L,414.9
602256,600627,600032,3000963,,2019-07-16,32856,13.7,,8713,12,17,g/dL,13.7
602257,600627,600032,3010813,,2019-07-16,32856,8,,8848,4,10,10^3/uL,8.0
602258,600627,600032,3017732,,2019-07-16,32856,7,,8848,1.5,7.5,10^3/uL,7.0
602259,600627,600032,3024929,,2019-07-16,32856,218.1,,8848,150,400,10^3/uL,218.1
602260,600627,600032,3016723,,2019-07-16,32856,0.87,,8840,0.6,1.2,mg/dL,0.87
602261,600627,600032,3013721,,2019-07-16,32856,50.4,,8645,0,40,U/L,50.4
602262,600627,600032,3006923,,2019-07-16,32856,24.1,,8645,0,40,U/L,24.1
602263,600627,600032,3020491,,2019-07-16,32856,3.57,,8713,3.5,5.2,g/dL,3.57
602264,600627,600032,3024128,,2019-07-16,32856,0.56,,8840,0.2,1.2,mg/dL,0.56
602265,600627,600032,3022250,,2019-07-16,32856,189.3,,8645,120,250,U/L,189.3
602266,600627,600032,3006315,,2019-07-16,32856,1.2,,8859,0.8,2.2,mg/L,1.2
602267,600627,600032,3036277,,2019-07-16,32856,170.4,,8582,150,185,cm,170.4
602268,600627,600032,3025315,,2019-07-16,32856,71.7,,9529,45,90,kg,71.7
602269,600628,600032,3000963,,2019-07-30,32856,14.2,,8713,12,17,g/dL,14.2
602270,600628,600032,3010813,,2019-07-30,32856,10.2,,8848,4,10,10^3/uL,10.2
602271,600628,600032,3017732,,2019-07-30,32856,2.7,,8848,1.5,7.5,10^3/uL,2.7
602272,600628,600032,3024929,,2019-07-30,32856,146.3,,8848,150,400,10^3/uL,146.3
602273,600628,600032,3016723,,2019-07-30,32856,1.02,,8840,0.6,1.2,mg/dL,1.02
602274,600628,600032,3013721,,2019-07-30,32856,39.7,,8645,0,40,U/L,39.7
602275,600628,600032,3006923,,2019-07-30,32856,29.5,,8645,0,40,U/L,29.5
602276,600629,600032,3000963,,2019-08-20,32856,13.7,,8713,12,17,g/dL,13.7
602277,600629,600032,3010813,,2019-08-20,32856,9.2,,8848,4,10,10^3/uL,9.2
602278,600629,600032,3017732,,2019-08-20,32856,2,,8848,1.5,7.5,10^3/uL,2.0
602279,600629,600032,3024929,,2019-08-20,32856,246.9,,8848,150,400,10^3/uL,246.9
602280,600629,600032,3016723,,2019-08-20,32856,0.83,,8840,0.6,1.2,mg/dL,0.83
602281,600629,600032,3013721,,2019-08-20,32856,41.5,,8645,0,40,U/L,41.5
602282,600629,600032,3006923,,2019-08-20,32856,35.9,,8645,0,40,U/L,35.9
602283,600630,600032,3000963,,2019-09-10,32856,11.8,,8713,12,17,g/dL,11.8
602284,600630,600032,3010813,,2019-09-10,32856,7.8,,8848,4,10,10^3/uL,7.8
602285,600630,600032,3017732,,2019-09-10,32856,1.4,,8848,1.5,7.5,10^3/uL,1.4
602286,600630,600032,3024929,,2019-09-10,32856,228.8,,8848,150,400,10^3/uL,228.8
602287,600630,600032,3016723,,2019-09-10,32856,0.73,,8840,0.6,1.2,mg/dL,0.73
602288,600630,600032,3013721,,2019-09-10,32856,50.1,,8645,0,40,U/L,50.1
602289,600630,600032,3006923,,2019-09-10,32856,31.8,,8645,0,40,U/L,31.8
602290,600631,600032,3000963,,2019-10-01,32856,11.7,,8713,12,17,g/dL,11.7
602291,600631,600032,3010813,,2019-10-01,32856,4.4,,8848,4,10,10^3/uL,4.4
602292,600631,600032,3017732,,2019-10-01,32856,3.7,,8848,1.5,7.5,10^3/uL,3.7
602293,600631,600032,3024929,,2019-10-01,32856,133.1,,8848,150,400,10^3/uL,133.1
602294,600631,600032,3016723,,2019-10-01,32856,0.48,,8840,0.6,1.2,mg/dL,0.48
602295,600631,600032,3013721,,2019-10-01,32856,59,,8645,0,40,U/L,59.0
602296,600631,600032,3006923,,2019-10-01,32856,36.5,,8645,0,40,U/L,36.5
602297,600632,600032,3000963,,2019-10-22,32856,11.4,,8713,12,17,g/dL,11.4
602298,600632,600032,3010813,,2019-10-22,32856,4.2,,8848,4,10,10^3/uL,4.2
602299,600632,600032,3017732,,2019-10-22,32856,1.4,,8848,1.5,7.5,10^3/uL,1.4
602300,600632,600032,3024929,,2019-10-22,32856,152.3,,8848,150,400,10^3/uL,152.3
602301,600632,600032,3016723,,2019-10-22,32856,1.27,,8840,0.6,1.2,mg/dL,1.27
602302,600632,600032,3013721,,2019-10-22,32856,54.4,,8645,0,40,U/L,54.4
602303,600632,600032,3006923,,2019-10-22,32856,42.6,,8645,0,40,U/L,42.6
602304,600633,600032,3000963,,2019-11-12,32856,13.1,,8713,12,17,g/dL,13.1
602305,600633,600032,3010813,,2019-11-12,32856,7.1,,8848,4,10,10^3/uL,7.1
602306,600633,600032,3017732,,2019-11-12,32856,2.2,,8848,1.5,7.5,10^3/uL,2.2
602307,600633,600032,3024929,,2019-11-12,32856,225.6,,8848,150,400,10^3/uL,225.6
602308,600633,600032,3016723,,2019-11-12,32856,0.85,,8840,0.6,1.2,mg/dL,0.85
602309,600633,600032,3013721,,2019-11-12,32856,32,,8645,0,40,U/L,32.0
602310,600633,600032,3006923,,2019-11-12,32856,76.1,,8645,0,40,U/L,76.1
602311,600639,600032,3000963,,2020-04-12,32856,12.2,,8713,12,17,g/dL,12.2
602312,600639,600032,3022250,,2020-04-12,32856,143.9,,8645,120,250,U/L,143.9
602313,600640,600032,3000963,,2020-08-15,32856,14.7,,8713,12,17,g/dL,14.7
602314,600640,600032,3022250,,2020-08-15,32856,228.1,,8645,120,250,U/L,228.1
602315,600641,600032,3000963,,2020-12-01,32856,13,,8713,12,17,g/dL,13.0
602316,600641,600032,3022250,,2020-12-01,32856,225.4,,8645,120,250,U/L,225.4
602317,600642,600032,3000963,,2021-03-06,32856,12.4,,8713,12,17,g/dL,12.4
602318,600642,600032,3022250,,2021-03-06,32856,224.5,,8645,120,250,U/L,224.5
602319,600643,600032,3000963,,2021-07-30,32856,13.9,,8713,12,17,g/dL,13.9
602320,600643,600032,3022250,,2021-07-30,32856,20,,8645,120,250,U/L,20
602321,600644,600032,3000963,,2021-12-30,32856,11.6,,8713,12,17,g/dL,11.6
602322,600644,600032,3022250,,2021-12-30,32856,116.5,,8645,120,250,U/L,116.5
602323,600646,600032,3000963,,2022-03-19,32856,12.9,,8713,12,17,g/dL,12.9
602324,600646,600032,3010813,,2022-03-19,32856,6.9,,8848,4,10,10^3/uL,6.9
602325,600646,600032,3017732,,2022-03-19,32856,2.4,,8848,1.5,7.5,10^3/uL,2.4
602326,600646,600032,3024929,,2022-03-19,32856,205.5,,8848,150,400,10^3/uL,205.5
602327,600646,600032,3016723,,2022-03-19,32856,1.18,,8840,0.6,1.2,mg/dL,1.18
602328,600646,600032,3013721,,2022-03-19,32856,47.2,,8645,0,40,U/L,47.2
602329,600646,600032,3006923,,2022-03-19,32856,59.8,,8645,0,40,U/L,59.8
602330,600647,600032,3000963,,2022-04-09,32856,8.4,,8713,12,17,g/dL,8.4
602331,600647,600032,3010813,,2022-04-09,32856,5.4,,8848,4,10,10^3/uL,5.4
602332,600647,600032,3017732,,2022-04-09,32856,5.7,,8848,1.5,7.5,10^3/uL,5.7
602333,600647,600032,3024929,,2022-04-09,32856,194.4,,8848,150,400,10^3/uL,194.4
602334,600647,600032,3016723,,2022-04-09,32856,0.86,,8840,0.6,1.2,mg/dL,0.86
602335,600647,600032,3013721,,2022-04-09,32856,19.3,,8645,0,40,U/L,19.3
602336,600647,600032,3006923,,2022-04-09,32856,26.5,,8645,0,40,U/L,26.5
602337,600648,600032,3000963,,2022-04-30,32856,10.2,,8713,12,17,g/dL,10.2
602338,600648,600032,3010813,,2022-04-30,32856,6.7,,8848,4,10,10^3/uL,6.7
602339,600648,600032,3017732,,2022-04-30,32856,2.2,,8848,1.5,7.5,10^3/uL,2.2
602340,600648,600032,3024929,,2022-04-30,32856,274,,8848,150,400,10^3/uL,274.0
602341,600648,600032,3016723,,2022-04-30,32856,0.64,,8840,0.6,1.2,mg/dL,0.64
602342,600648,600032,3013721,,2022-04-30,32856,21,,8645,0,40,U/L,21.0
602343,600648,600032,3006923,,2022-04-30,32856,37.9,,8645,0,40,U/L,37.9
602344,600652,600032,3000963,,2022-08-30,32856,12.4,,8713,12,17,g/dL,12.4
602345,600652,600032,3022250,,2022-08-30,32856,247.7,,8645,120,250,U/L,247.7
602346,600653,600032,3000963,,2023-02-16,32856,10.4,,8713,12,17,g/dL,10.4
602347,600653,600032,3022250,,2023-02-16,32856,355.9,,8645,120,250,U/L,355.9
602348,600654,600032,3000963,,2023-07-09,32856,13.6,,8713,12,17,g/dL,13.6
602349,600654,600032,3022250,,2023-07-09,32856,210.6,,8645,120,250,U/L,210.6
602350,600655,600032,3000963,,2023-11-15,32856,13.3,,8713,12,17,g/dL,13.3
602351,600655,600032,3022250,,2023-11-15,32856,261,,8645,120,250,U/L,261.0
602352,600656,600032,3000963,,2024-03-07,32856,12.8,,8713,12,17,g/dL,12.8
602353,600656,600032,3022250,,2024-03-07,32856,267.1,,8645,120,250,U/L,267.1
602354,600657,600032,3000963,,2024-09-07,32856,11.1,,8713,12,17,g/dL,11.1
602355,600657,600032,3022250,,2024-09-07,32856,130.7,,8645,120,250,U/L,130.7
602356,600658,600032,3000963,,2025-02-27,32856,10.4,,8713,12,17,g/dL,10.4
602357,600658,600032,3022250,,2025-02-27,32856,319,,8645,120,250,U/L,319.0
602358,600659,600032,3000963,,2025-06-07,32856,15.3,,8713,12,17,g/dL,15.3
602359,600659,600032,3022250,,2025-06-07,32856,252.8,,8645,120,250,U/L,252.8
602360,600660,600032,3000963,,2025-11-19,32856,10.2,,8713,12,17,g/dL,10.2
602361,600660,600032,3022250,,2025-11-19,32856,284.5,,8645,120,250,U/L,284.5
602362,600661,600032,3000963,,2026-05-22,32856,13.1,,8713,12,17,g/dL,13.1
602363,600661,600032,3022250,,2026-05-22,32856,80.2,,8645,120,250,U/L,80.2
602364,600662,600033,3000963,,2022-08-18,32856,14.6,,8713,12,17,g/dL,14.6
602365,600662,600033,3010813,,2022-08-18,32856,2.8,,8848,4,10,10^3/uL,2.8
602366,600662,600033,3017732,,2022-08-18,32856,5.2,,8848,1.5,7.5,10^3/uL,5.2
602367,600662,600033,3024929,,2022-08-18,32856,193.1,,8848,150,400,10^3/uL,193.1
602368,600662,600033,3016723,,2022-08-18,32856,0.91,,8840,0.6,1.2,mg/dL,0.91
602369,600662,600033,3013721,,2022-08-18,32856,34.6,,8645,0,40,U/L,34.6
602370,600662,600033,3006923,,2022-08-18,32856,86.5,,8645,0,40,U/L,86.5
602371,600662,600033,3020491,,2022-08-18,32856,4.67,,8713,3.5,5.2,g/dL,4.67
602372,600662,600033,3024128,,2022-08-18,32856,1.23,,8840,0.2,1.2,mg/dL,1.23
602373,600662,600033,3022250,,2022-08-18,32856,438.8,,8645,120,250,U/L,438.8
602374,600662,600033,3006315,,2022-08-18,32856,4.4,,8859,0.8,2.2,mg/L,4.4
602375,600662,600033,3036277,,2022-08-18,32856,168.7,,8582,150,185,cm,168.7
602376,600662,600033,3025315,,2022-08-18,32856,49.3,,9529,45,90,kg,49.3
602377,600663,600033,3000963,,2022-09-07,32856,12.6,,8713,12,17,g/dL,12.6
602378,600663,600033,3010813,,2022-09-07,32856,6.8,,8848,4,10,10^3/uL,6.8
602379,600663,600033,3017732,,2022-09-07,32856,2.4,,8848,1.5,7.5,10^3/uL,2.4
602380,600663,600033,3024929,,2022-09-07,32856,262.2,,8848,150,400,10^3/uL,262.2
602381,600663,600033,3016723,,2022-09-07,32856,0.93,,8840,0.6,1.2,mg/dL,0.93
602382,600663,600033,3013721,,2022-09-07,32856,31.2,,8645,0,40,U/L,31.2
602383,600663,600033,3006923,,2022-09-07,32856,51.3,,8645,0,40,U/L,51.3
602384,600664,600033,3000963,,2022-09-28,32856,11,,8713,12,17,g/dL,11.0
602385,600664,600033,3010813,,2022-09-28,32856,7.6,,8848,4,10,10^3/uL,7.6
602386,600664,600033,3017732,,2022-09-28,32856,1.2,,8848,1.5,7.5,10^3/uL,1.2
602387,600664,600033,3024929,,2022-09-28,32856,206.5,,8848,150,400,10^3/uL,206.5
602388,600664,600033,3016723,,2022-09-28,32856,0.63,,8840,0.6,1.2,mg/dL,0.63
602389,600664,600033,3013721,,2022-09-28,32856,13.7,,8645,0,40,U/L,13.7
602390,600664,600033,3006923,,2022-09-28,32856,61.3,,8645,0,40,U/L,61.3
602391,600665,600033,3000963,,2022-10-19,32856,11.7,,8713,12,17,g/dL,11.7
602392,600665,600033,3010813,,2022-10-19,32856,5.9,,8848,4,10,10^3/uL,5.9
602393,600665,600033,3017732,,2022-10-19,32856,1.4,,8848,1.5,7.5,10^3/uL,1.4
602394,600665,600033,3024929,,2022-10-19,32856,293,,8848,150,400,10^3/uL,293.0
602395,600665,600033,3016723,,2022-10-19,32856,1.03,,8840,0.6,1.2,mg/dL,1.03
602396,600665,600033,3013721,,2022-10-19,32856,64.7,,8645,0,40,U/L,64.7
602397,600665,600033,3006923,,2022-10-19,32856,0,,8645,0,40,U/L,0
602398,600666,600033,3000963,,2022-11-09,32856,10.6,,8713,12,17,g/dL,10.6
602399,600666,600033,3010813,,2022-11-09,32856,5.7,,8848,4,10,10^3/uL,5.7
602400,600666,600033,3017732,,2022-11-09,32856,2.1,,8848,1.5,7.5,10^3/uL,2.1
602401,600666,600033,3024929,,2022-11-09,32856,213.6,,8848,150,400,10^3/uL,213.6
602402,600666,600033,3016723,,2022-11-09,32856,0.92,,8840,0.6,1.2,mg/dL,0.92
602403,600666,600033,3013721,,2022-11-09,32856,32.3,,8645,0,40,U/L,32.3
602404,600666,600033,3006923,,2022-11-09,32856,45.9,,8645,0,40,U/L,45.9
602405,600667,600033,3000963,,2022-11-30,32856,11.3,,8713,12,17,g/dL,11.3
602406,600667,600033,3010813,,2022-11-30,32856,10.4,,8848,4,10,10^3/uL,10.4
602407,600667,600033,3017732,,2022-11-30,32856,1.3,,8848,1.5,7.5,10^3/uL,1.3
602408,600667,600033,3024929,,2022-11-30,32856,355,,8848,150,400,10^3/uL,355.0
602409,600667,600033,3016723,,2022-11-30,32856,0.38,,8840,0.6,1.2,mg/dL,0.38
602410,600667,600033,3013721,,2022-11-30,32856,43.1,,8645,0,40,U/L,43.1
602411,600667,600033,3006923,,2022-11-30,32856,44.7,,8645,0,40,U/L,44.7
602412,600668,600033,3000963,,2022-12-21,32856,12.6,,8713,12,17,g/dL,12.6
602413,600668,600033,3010813,,2022-12-21,32856,5.6,,8848,4,10,10^3/uL,5.6
602414,600668,600033,3017732,,2022-12-21,32856,4.4,,8848,1.5,7.5,10^3/uL,4.4
602415,600668,600033,3024929,,2022-12-21,32856,249.9,,8848,150,400,10^3/uL,249.9
602416,600668,600033,3016723,,2022-12-21,32856,1.22,,8840,0.6,1.2,mg/dL,1.22
602417,600668,600033,3013721,,2022-12-21,32856,35.4,,8645,0,40,U/L,35.4
602418,600668,600033,3006923,,2022-12-21,32856,20.5,,8645,0,40,U/L,20.5
602419,600674,600033,3000963,,2023-04-24,32856,13.7,,8713,12,17,g/dL,13.7
602420,600674,600033,3022250,,2023-04-24,32856,329.5,,8645,120,250,U/L,329.5
602421,600675,600033,3000963,,2023-09-23,32856,14,,8713,12,17,g/dL,14.0
602422,600675,600033,3022250,,2023-09-23,32856,250.4,,8645,120,250,U/L,250.4
602423,600676,600033,3000963,,2024-02-29,32856,10.7,,8713,12,17,g/dL,10.7
602424,600676,600033,3022250,,2024-02-29,32856,27,,8645,120,250,U/L,27.0
602425,600677,600033,3000963,,2024-07-29,32856,13.5,,8713,12,17,g/dL,13.5
602426,600677,600033,3022250,,2024-07-29,32856,20,,8645,120,250,U/L,20
602427,600678,600033,3000963,,2024-11-27,32856,13.4,,8713,12,17,g/dL,13.4
602428,600678,600033,3022250,,2024-11-27,32856,277.1,,8645,120,250,U/L,277.1
602429,600679,600033,3000963,,2025-04-01,32856,12.1,,8713,12,17,g/dL,12.1
602430,600679,600033,3022250,,2025-04-01,32856,247.1,,8645,120,250,U/L,247.1
602431,600680,600033,3000963,,2025-08-17,32856,10.8,,8713,12,17,g/dL,10.8
602432,600680,600033,3022250,,2025-08-17,32856,161.8,,8645,120,250,U/L,161.8
602433,600681,600033,3000963,,2026-02-07,32856,12.4,,8713,12,17,g/dL,12.4
602434,600681,600033,3022250,,2026-02-07,32856,265.6,,8645,120,250,U/L,265.6
602435,600682,600033,3000963,,2026-06-12,32856,13.9,,8713,12,17,g/dL,13.9
602436,600682,600033,3022250,,2026-06-12,32856,344.9,,8645,120,250,U/L,344.9
602437,600683,600034,3000963,,2021-12-23,32856,13.6,,8713,12,17,g/dL,13.6
602438,600683,600034,3010813,,2021-12-23,32856,4.8,,8848,4,10,10^3/uL,4.8
602439,600683,600034,3017732,,2021-12-23,32856,6.1,,8848,1.5,7.5,10^3/uL,6.1
602440,600683,600034,3024929,,2021-12-23,32856,148.4,,8848,150,400,10^3/uL,148.4
602441,600683,600034,3016723,,2021-12-23,32856,0.67,,8840,0.6,1.2,mg/dL,0.67
602442,600683,600034,3013721,,2021-12-23,32856,38.8,,8645,0,40,U/L,38.8
602443,600683,600034,3006923,,2021-12-23,32856,30,,8645,0,40,U/L,30.0
602444,600683,600034,3020491,,2021-12-23,32856,3.53,,8713,3.5,5.2,g/dL,3.53
602445,600683,600034,3024128,,2021-12-23,32856,0.42,,8840,0.2,1.2,mg/dL,0.42
602446,600683,600034,3022250,,2021-12-23,32856,209.7,,8645,120,250,U/L,209.7
602447,600683,600034,3006315,,2021-12-23,32856,3.5,,8859,0.8,2.2,mg/L,3.5
602448,600683,600034,3036277,,2021-12-23,32856,158.2,,8582,150,185,cm,158.2
602449,600683,600034,3025315,,2021-12-23,32856,47.1,,9529,45,90,kg,47.1
602450,600684,600034,3000963,,2022-01-15,32856,13,,8713,12,17,g/dL,13.0
602451,600684,600034,3010813,,2022-01-15,32856,5,,8848,4,10,10^3/uL,5.0
602452,600684,600034,3017732,,2022-01-15,32856,3.2,,8848,1.5,7.5,10^3/uL,3.2
602453,600684,600034,3024929,,2022-01-15,32856,119.7,,8848,150,400,10^3/uL,119.7
602454,600684,600034,3016723,,2022-01-15,32856,0.7,,8840,0.6,1.2,mg/dL,0.7
602455,600684,600034,3013721,,2022-01-15,32856,52.3,,8645,0,40,U/L,52.3
602456,600684,600034,3006923,,2022-01-15,32856,35.1,,8645,0,40,U/L,35.1
602457,600685,600034,3000963,,2022-02-05,32856,12.1,,8713,12,17,g/dL,12.1
602458,600685,600034,3010813,,2022-02-05,32856,5.8,,8848,4,10,10^3/uL,5.8
602459,600685,600034,3017732,,2022-02-05,32856,0.9,,8848,1.5,7.5,10^3/uL,0.9
602460,600685,600034,3024929,,2022-02-05,32856,266.1,,8848,150,400,10^3/uL,266.1
602461,600685,600034,3016723,,2022-02-05,32856,0.93,,8840,0.6,1.2,mg/dL,0.93
602462,600685,600034,3013721,,2022-02-05,32856,21.5,,8645,0,40,U/L,21.5
602463,600685,600034,3006923,,2022-02-05,32856,40.6,,8645,0,40,U/L,40.6
602464,600686,600034,3000963,,2022-02-26,32856,8.1,,8713,12,17,g/dL,8.1
602465,600686,600034,3010813,,2022-02-26,32856,11.1,,8848,4,10,10^3/uL,11.1
602466,600686,600034,3017732,,2022-02-26,32856,2.9,,8848,1.5,7.5,10^3/uL,2.9
602467,600686,600034,3024929,,2022-02-26,32856,235.5,,8848,150,400,10^3/uL,235.5
602468,600686,600034,3016723,,2022-02-26,32856,1.16,,8840,0.6,1.2,mg/dL,1.16
602469,600686,600034,3013721,,2022-02-26,32856,71.1,,8645,0,40,U/L,71.1
602470,600686,600034,3006923,,2022-02-26,32856,71.3,,8645,0,40,U/L,71.3
602471,600687,600034,3000963,,2022-03-19,32856,9.1,,8713,12,17,g/dL,9.1
602472,600687,600034,3010813,,2022-03-19,32856,2.5,,8848,4,10,10^3/uL,2.5
602473,600687,600034,3017732,,2022-03-19,32856,2,,8848,1.5,7.5,10^3/uL,2.0
602474,600687,600034,3024929,,2022-03-19,32856,167.7,,8848,150,400,10^3/uL,167.7
602475,600687,600034,3016723,,2022-03-19,32856,1.03,,8840,0.6,1.2,mg/dL,1.03
602476,600687,600034,3013721,,2022-03-19,32856,13.7,,8645,0,40,U/L,13.7
602477,600687,600034,3006923,,2022-03-19,32856,94.6,,8645,0,40,U/L,94.6
602478,600692,600034,3000963,,2022-10-05,32856,13.1,,8713,12,17,g/dL,13.1
602479,600692,600034,3022250,,2022-10-05,32856,161.6,,8645,120,250,U/L,161.6
602480,600693,600034,3000963,,2023-01-31,32856,12.3,,8713,12,17,g/dL,12.3
602481,600693,600034,3022250,,2023-01-31,32856,434.2,,8645,120,250,U/L,434.2
602482,600694,600034,3000963,,2023-05-25,32856,13.2,,8713,12,17,g/dL,13.2
602483,600694,600034,3022250,,2023-05-25,32856,300.9,,8645,120,250,U/L,300.9
602484,600695,600034,3000963,,2023-10-06,32856,12,,8713,12,17,g/dL,12.0
602485,600695,600034,3022250,,2023-10-06,32856,434.8,,8645,120,250,U/L,434.8
602486,600696,600034,3000963,,2024-03-25,32856,14.7,,8713,12,17,g/dL,14.7
602487,600696,600034,3022250,,2024-03-25,32856,234.3,,8645,120,250,U/L,234.3
602488,600697,600034,3000963,,2024-08-22,32856,12.6,,8713,12,17,g/dL,12.6
602489,600697,600034,3022250,,2024-08-22,32856,217,,8645,120,250,U/L,217.0
602490,600698,600034,3000963,,2025-02-18,32856,12.2,,8713,12,17,g/dL,12.2
602491,600698,600034,3022250,,2025-02-18,32856,355.6,,8645,120,250,U/L,355.6
602492,600699,600034,3000963,,2025-07-20,32856,11.2,,8713,12,17,g/dL,11.2
602493,600699,600034,3022250,,2025-07-20,32856,236.5,,8645,120,250,U/L,236.5
602494,600700,600034,3000963,,2025-12-23,32856,16.4,,8713,12,17,g/dL,16.4
602495,600700,600034,3022250,,2025-12-23,32856,323.6,,8645,120,250,U/L,323.6
602496,600701,600034,3000963,,2026-04-09,32856,13.9,,8713,12,17,g/dL,13.9
602497,600701,600034,3022250,,2026-04-09,32856,369.2,,8645,120,250,U/L,369.2
602498,600702,600035,3000963,,2020-03-18,32856,12.2,,8713,12,17,g/dL,12.2
602499,600702,600035,3010813,,2020-03-18,32856,7.4,,8848,4,10,10^3/uL,7.4
602500,600702,600035,3017732,,2020-03-18,32856,4.4,,8848,1.5,7.5,10^3/uL,4.4
602501,600702,600035,3024929,,2020-03-18,32856,178.7,,8848,150,400,10^3/uL,178.7
602502,600702,600035,3016723,,2020-03-18,32856,1.09,,8840,0.6,1.2,mg/dL,1.09
602503,600702,600035,3013721,,2020-03-18,32856,59.6,,8645,0,40,U/L,59.6
602504,600702,600035,3006923,,2020-03-18,32856,15,,8645,0,40,U/L,15.0
602505,600702,600035,3020491,,2020-03-18,32856,3.68,,8713,3.5,5.2,g/dL,3.68
602506,600702,600035,3024128,,2020-03-18,32856,0.92,,8840,0.2,1.2,mg/dL,0.92
602507,600702,600035,3022250,,2020-03-18,32856,420.4,,8645,120,250,U/L,420.4
602508,600702,600035,3006315,,2020-03-18,32856,1.8,,8859,0.8,2.2,mg/L,1.8
602509,600702,600035,3036277,,2020-03-18,32856,169.8,,8582,150,185,cm,169.8
602510,600702,600035,3025315,,2020-03-18,32856,69.5,,9529,45,90,kg,69.5
602511,600703,600035,3000963,,2020-03-29,32856,14.9,,8713,12,17,g/dL,14.9
602512,600703,600035,3010813,,2020-03-29,32856,9.5,,8848,4,10,10^3/uL,9.5
602513,600703,600035,3017732,,2020-03-29,32856,5.7,,8848,1.5,7.5,10^3/uL,5.7
602514,600703,600035,3024929,,2020-03-29,32856,340.7,,8848,150,400,10^3/uL,340.7
602515,600703,600035,3016723,,2020-03-29,32856,1.24,,8840,0.6,1.2,mg/dL,1.24
602516,600703,600035,3013721,,2020-03-29,32856,65.7,,8645,0,40,U/L,65.7
602517,600703,600035,3006923,,2020-03-29,32856,2.4,,8645,0,40,U/L,2.4
602518,600704,600035,3000963,,2020-04-19,32856,13.6,,8713,12,17,g/dL,13.6
602519,600704,600035,3010813,,2020-04-19,32856,7,,8848,4,10,10^3/uL,7.0
602520,600704,600035,3017732,,2020-04-19,32856,2.8,,8848,1.5,7.5,10^3/uL,2.8
602521,600704,600035,3024929,,2020-04-19,32856,110,,8848,150,400,10^3/uL,110.0
602522,600704,600035,3016723,,2020-04-19,32856,0.65,,8840,0.6,1.2,mg/dL,0.65
602523,600704,600035,3013721,,2020-04-19,32856,45.9,,8645,0,40,U/L,45.9
602524,600704,600035,3006923,,2020-04-19,32856,32.6,,8645,0,40,U/L,32.6
602525,600705,600035,3000963,,2020-05-10,32856,11.9,,8713,12,17,g/dL,11.9
602526,600705,600035,3010813,,2020-05-10,32856,7.1,,8848,4,10,10^3/uL,7.1
602527,600705,600035,3017732,,2020-05-10,32856,1.5,,8848,1.5,7.5,10^3/uL,1.5
602528,600705,600035,3024929,,2020-05-10,32856,230,,8848,150,400,10^3/uL,230.0
602529,600705,600035,3016723,,2020-05-10,32856,0.73,,8840,0.6,1.2,mg/dL,0.73
602530,600705,600035,3013721,,2020-05-10,32856,44.4,,8645,0,40,U/L,44.4
602531,600705,600035,3006923,,2020-05-10,32856,80.9,,8645,0,40,U/L,80.9
602532,600706,600035,3000963,,2020-05-31,32856,12.6,,8713,12,17,g/dL,12.6
602533,600706,600035,3010813,,2020-05-31,32856,5.4,,8848,4,10,10^3/uL,5.4
602534,600706,600035,3017732,,2020-05-31,32856,5.7,,8848,1.5,7.5,10^3/uL,5.7
602535,600706,600035,3024929,,2020-05-31,32856,240.1,,8848,150,400,10^3/uL,240.1
602536,600706,600035,3016723,,2020-05-31,32856,0.9,,8840,0.6,1.2,mg/dL,0.9
602537,600706,600035,3013721,,2020-05-31,32856,50.6,,8645,0,40,U/L,50.6
602538,600706,600035,3006923,,2020-05-31,32856,94.8,,8645,0,40,U/L,94.8
602539,600707,600035,3000963,,2020-06-21,32856,12.7,,8713,12,17,g/dL,12.7
602540,600707,600035,3010813,,2020-06-21,32856,5.6,,8848,4,10,10^3/uL,5.6
602541,600707,600035,3017732,,2020-06-21,32856,2.1,,8848,1.5,7.5,10^3/uL,2.1
602542,600707,600035,3024929,,2020-06-21,32856,198.6,,8848,150,400,10^3/uL,198.6
602543,600707,600035,3016723,,2020-06-21,32856,1.34,,8840,0.6,1.2,mg/dL,1.34
602544,600707,600035,3013721,,2020-06-21,32856,0,,8645,0,40,U/L,0
602545,600707,600035,3006923,,2020-06-21,32856,21.8,,8645,0,40,U/L,21.8
602546,600708,600035,3000963,,2020-07-12,32856,11.7,,8713,12,17,g/dL,11.7
602547,600708,600035,3010813,,2020-07-12,32856,9.5,,8848,4,10,10^3/uL,9.5
602548,600708,600035,3017732,,2020-07-12,32856,2.6,,8848,1.5,7.5,10^3/uL,2.6
602549,600708,600035,3024929,,2020-07-12,32856,317,,8848,150,400,10^3/uL,317.0
602550,600708,600035,3016723,,2020-07-12,32856,1.33,,8840,0.6,1.2,mg/dL,1.33
602551,600708,600035,3013721,,2020-07-12,32856,31,,8645,0,40,U/L,31.0
602552,600708,600035,3006923,,2020-07-12,32856,31.5,,8645,0,40,U/L,31.5
602553,600714,600035,3000963,,2020-12-04,32856,14.5,,8713,12,17,g/dL,14.5
602554,600714,600035,3022250,,2020-12-04,32856,299.3,,8645,120,250,U/L,299.3
602555,600716,600035,3000963,,2021-06-15,32856,8.8,,8713,12,17,g/dL,8.8
602556,600716,600035,3010813,,2021-06-15,32856,6.7,,8848,4,10,10^3/uL,6.7
602557,600716,600035,3017732,,2021-06-15,32856,2.9,,8848,1.5,7.5,10^3/uL,2.9
602558,600716,600035,3024929,,2021-06-15,32856,217.2,,8848,150,400,10^3/uL,217.2
602559,600716,600035,3016723,,2021-06-15,32856,0.94,,8840,0.6,1.2,mg/dL,0.94
602560,600716,600035,3013721,,2021-06-15,32856,63,,8645,0,40,U/L,63.0
602561,600716,600035,3006923,,2021-06-15,32856,33.4,,8645,0,40,U/L,33.4
602562,600717,600035,3000963,,2021-07-06,32856,14.8,,8713,12,17,g/dL,14.8
602563,600717,600035,3010813,,2021-07-06,32856,1.3,,8848,4,10,10^3/uL,1.3
602564,600717,600035,3017732,,2021-07-06,32856,4.3,,8848,1.5,7.5,10^3/uL,4.3
602565,600717,600035,3024929,,2021-07-06,32856,171.7,,8848,150,400,10^3/uL,171.7
602566,600717,600035,3016723,,2021-07-06,32856,0.77,,8840,0.6,1.2,mg/dL,0.77
602567,600717,600035,3013721,,2021-07-06,32856,16,,8645,0,40,U/L,16.0
602568,600717,600035,3006923,,2021-07-06,32856,41.9,,8645,0,40,U/L,41.9
602569,600718,600035,3000963,,2021-07-27,32856,12.2,,8713,12,17,g/dL,12.2
602570,600718,600035,3010813,,2021-07-27,32856,7.2,,8848,4,10,10^3/uL,7.2
602571,600718,600035,3017732,,2021-07-27,32856,1.3,,8848,1.5,7.5,10^3/uL,1.3
602572,600718,600035,3024929,,2021-07-27,32856,269.9,,8848,150,400,10^3/uL,269.9
602573,600718,600035,3016723,,2021-07-27,32856,1.06,,8840,0.6,1.2,mg/dL,1.06
602574,600718,600035,3013721,,2021-07-27,32856,49.5,,8645,0,40,U/L,49.5
602575,600718,600035,3006923,,2021-07-27,32856,35.6,,8645,0,40,U/L,35.6
602576,600722,600035,3000963,,2021-09-26,32856,10.4,,8713,12,17,g/dL,10.4
602577,600722,600035,3010813,,2021-09-26,32856,3.7,,8848,4,10,10^3/uL,3.7
602578,600722,600035,3017732,,2021-09-26,32856,0,,8848,1.5,7.5,10^3/uL,0
602579,600722,600035,3024929,,2021-09-26,32856,127.2,,8848,150,400,10^3/uL,127.2
602580,600724,600035,3000963,,2022-04-02,32856,11,,8713,12,17,g/dL,11.0
602581,600724,600035,3022250,,2022-04-02,32856,295.4,,8645,120,250,U/L,295.4
602582,600725,600035,3000963,,2022-08-13,32856,11.5,,8713,12,17,g/dL,11.5
602583,600725,600035,3022250,,2022-08-13,32856,190.7,,8645,120,250,U/L,190.7
602584,600726,600035,3000963,,2023-01-21,32856,10,,8713,12,17,g/dL,10.0
602585,600726,600035,3022250,,2023-01-21,32856,246.1,,8645,120,250,U/L,246.1
602586,600727,600035,3000963,,2023-05-28,32856,10.4,,8713,12,17,g/dL,10.4
602587,600727,600035,3022250,,2023-05-28,32856,251.7,,8645,120,250,U/L,251.7
602588,600728,600035,3000963,,2023-11-09,32856,13.5,,8713,12,17,g/dL,13.5
602589,600728,600035,3022250,,2023-11-09,32856,331.3,,8645,120,250,U/L,331.3
602590,600729,600035,3000963,,2024-02-05,32856,11.9,,8713,12,17,g/dL,11.9
602591,600729,600035,3022250,,2024-02-05,32856,184,,8645,120,250,U/L,184.0
602592,600730,600035,3000963,,2024-06-16,32856,12.2,,8713,12,17,g/dL,12.2
602593,600730,600035,3022250,,2024-06-16,32856,146.5,,8645,120,250,U/L,146.5
602594,600731,600035,3000963,,2024-09-17,32856,10.2,,8713,12,17,g/dL,10.2
602595,600731,600035,3022250,,2024-09-17,32856,298.3,,8645,120,250,U/L,298.3
602596,600732,600035,3000963,,2025-02-28,32856,14.3,,8713,12,17,g/dL,14.3
602597,600732,600035,3022250,,2025-02-28,32856,185.7,,8645,120,250,U/L,185.7
602598,600733,600035,3000963,,2025-06-27,32856,9.1,,8713,12,17,g/dL,9.1
602599,600733,600035,3022250,,2025-06-27,32856,230.9,,8645,120,250,U/L,230.9
602600,600734,600035,3000963,,2025-11-19,32856,13.2,,8713,12,17,g/dL,13.2
602601,600734,600035,3022250,,2025-11-19,32856,269.6,,8645,120,250,U/L,269.6
602602,600735,600035,3000963,,2026-05-11,32856,12.6,,8713,12,17,g/dL,12.6
602603,600735,600035,3022250,,2026-05-11,32856,228.3,,8645,120,250,U/L,228.3
602604,600736,600036,3000963,,2019-09-11,32856,11.6,,8713,12,17,g/dL,11.6
602605,600736,600036,3010813,,2019-09-11,32856,7,,8848,4,10,10^3/uL,7.0
602606,600736,600036,3017732,,2019-09-11,32856,2.7,,8848,1.5,7.5,10^3/uL,2.7
602607,600736,600036,3024929,,2019-09-11,32856,125.8,,8848,150,400,10^3/uL,125.8
602608,600736,600036,3016723,,2019-09-11,32856,0.79,,8840,0.6,1.2,mg/dL,0.79
602609,600736,600036,3013721,,2019-09-11,32856,16.6,,8645,0,40,U/L,16.6
602610,600736,600036,3006923,,2019-09-11,32856,25,,8645,0,40,U/L,25.0
602611,600736,600036,3020491,,2019-09-11,32856,4.81,,8713,3.5,5.2,g/dL,4.81
602612,600736,600036,3024128,,2019-09-11,32856,0.57,,8840,0.2,1.2,mg/dL,0.57
602613,600736,600036,3022250,,2019-09-11,32856,508.9,,8645,120,250,U/L,508.9
602614,600736,600036,3006315,,2019-09-11,32856,2.9,,8859,0.8,2.2,mg/L,2.9
602615,600736,600036,3036277,,2019-09-11,32856,174.1,,8582,150,185,cm,174.1
602616,600736,600036,3025315,,2019-09-11,32856,67.3,,9529,45,90,kg,67.3
602617,600737,600036,3000963,,2019-10-04,32856,13.2,,8713,12,17,g/dL,13.2
602618,600737,600036,3010813,,2019-10-04,32856,8.1,,8848,4,10,10^3/uL,8.1
602619,600737,600036,3017732,,2019-10-04,32856,0.6,,8848,1.5,7.5,10^3/uL,0.6
602620,600737,600036,3024929,,2019-10-04,32856,298,,8848,150,400,10^3/uL,298.0
602621,600737,600036,3016723,,2019-10-04,32856,0.35,,8840,0.6,1.2,mg/dL,0.35
602622,600737,600036,3013721,,2019-10-04,32856,30.9,,8645,0,40,U/L,30.9
602623,600737,600036,3006923,,2019-10-04,32856,64,,8645,0,40,U/L,64.0
602624,600738,600036,3000963,,2019-10-25,32856,10.5,,8713,12,17,g/dL,10.5
602625,600738,600036,3010813,,2019-10-25,32856,9.9,,8848,4,10,10^3/uL,9.9
602626,600738,600036,3017732,,2019-10-25,32856,1.7,,8848,1.5,7.5,10^3/uL,1.7
602627,600738,600036,3024929,,2019-10-25,32856,286.1,,8848,150,400,10^3/uL,286.1
602628,600738,600036,3016723,,2019-10-25,32856,1.26,,8840,0.6,1.2,mg/dL,1.26
602629,600738,600036,3013721,,2019-10-25,32856,17.1,,8645,0,40,U/L,17.1
602630,600738,600036,3006923,,2019-10-25,32856,48.8,,8645,0,40,U/L,48.8
602631,600739,600036,3000963,,2019-11-15,32856,10.6,,8713,12,17,g/dL,10.6
602632,600739,600036,3010813,,2019-11-15,32856,3.7,,8848,4,10,10^3/uL,3.7
602633,600739,600036,3017732,,2019-11-15,32856,7.5,,8848,1.5,7.5,10^3/uL,7.5
602634,600739,600036,3024929,,2019-11-15,32856,273.2,,8848,150,400,10^3/uL,273.2
602635,600739,600036,3016723,,2019-11-15,32856,0.55,,8840,0.6,1.2,mg/dL,0.55
602636,600739,600036,3013721,,2019-11-15,32856,38,,8645,0,40,U/L,38.0
602637,600739,600036,3006923,,2019-11-15,32856,30.5,,8645,0,40,U/L,30.5
602638,600740,600036,3000963,,2019-12-06,32856,8,,8713,12,17,g/dL,8.0
602639,600740,600036,3010813,,2019-12-06,32856,3.6,,8848,4,10,10^3/uL,3.6
602640,600740,600036,3017732,,2019-12-06,32856,0.8,,8848,1.5,7.5,10^3/uL,0.8
602641,600740,600036,3024929,,2019-12-06,32856,182.6,,8848,150,400,10^3/uL,182.6
602642,600740,600036,3016723,,2019-12-06,32856,0.61,,8840,0.6,1.2,mg/dL,0.61
602643,600740,600036,3013721,,2019-12-06,32856,53.7,,8645,0,40,U/L,53.7
602644,600740,600036,3006923,,2019-12-06,32856,91.8,,8645,0,40,U/L,91.8
602645,600741,600036,3000963,,2019-12-27,32856,9.2,,8713,12,17,g/dL,9.2
602646,600741,600036,3010813,,2019-12-27,32856,6,,8848,4,10,10^3/uL,6.0
602647,600741,600036,3017732,,2019-12-27,32856,5,,8848,1.5,7.5,10^3/uL,5.0
602648,600741,600036,3024929,,2019-12-27,32856,225.3,,8848,150,400,10^3/uL,225.3
602649,600741,600036,3016723,,2019-12-27,32856,1.07,,8840,0.6,1.2,mg/dL,1.07
602650,600741,600036,3013721,,2019-12-27,32856,20.6,,8645,0,40,U/L,20.6
602651,600741,600036,3006923,,2019-12-27,32856,22.8,,8645,0,40,U/L,22.8
602652,600742,600036,3000963,,2020-01-17,32856,10.7,,8713,12,17,g/dL,10.7
602653,600742,600036,3010813,,2020-01-17,32856,8.7,,8848,4,10,10^3/uL,8.7
602654,600742,600036,3017732,,2020-01-17,32856,1.1,,8848,1.5,7.5,10^3/uL,1.1
602655,600742,600036,3024929,,2020-01-17,32856,223.1,,8848,150,400,10^3/uL,223.1
602656,600742,600036,3016723,,2020-01-17,32856,0.51,,8840,0.6,1.2,mg/dL,0.51
602657,600742,600036,3013721,,2020-01-17,32856,35.8,,8645,0,40,U/L,35.8
602658,600742,600036,3006923,,2020-01-17,32856,29.3,,8645,0,40,U/L,29.3
602659,600748,600036,3000963,,2020-06-11,32856,13,,8713,12,17,g/dL,13.0
602660,600748,600036,3022250,,2020-06-11,32856,345,,8645,120,250,U/L,345.0
602661,600749,600036,3000963,,2020-11-26,32856,12.7,,8713,12,17,g/dL,12.7
602662,600749,600036,3022250,,2020-11-26,32856,234.7,,8645,120,250,U/L,234.7
602663,600750,600036,3000963,,2021-03-02,32856,14.9,,8713,12,17,g/dL,14.9
602664,600750,600036,3022250,,2021-03-02,32856,358.5,,8645,120,250,U/L,358.5
602665,600751,600036,3000963,,2021-08-03,32856,12.6,,8713,12,17,g/dL,12.6
602666,600751,600036,3022250,,2021-08-03,32856,355.8,,8645,120,250,U/L,355.8
602667,600753,600036,3000963,,2021-11-30,32856,13.2,,8713,12,17,g/dL,13.2
602668,600753,600036,3010813,,2021-11-30,32856,7,,8848,4,10,10^3/uL,7.0
602669,600753,600036,3017732,,2021-11-30,32856,3.2,,8848,1.5,7.5,10^3/uL,3.2
602670,600753,600036,3024929,,2021-11-30,32856,280.3,,8848,150,400,10^3/uL,280.3
602671,600753,600036,3016723,,2021-11-30,32856,0.76,,8840,0.6,1.2,mg/dL,0.76
602672,600753,600036,3013721,,2021-11-30,32856,6.2,,8645,0,40,U/L,6.2
602673,600753,600036,3006923,,2021-11-30,32856,12.9,,8645,0,40,U/L,12.9
602674,600754,600036,3000963,,2021-12-21,32856,10,,8713,12,17,g/dL,10.0
602675,600754,600036,3010813,,2021-12-21,32856,6.4,,8848,4,10,10^3/uL,6.4
602676,600754,600036,3017732,,2021-12-21,32856,4.1,,8848,1.5,7.5,10^3/uL,4.1
602677,600754,600036,3024929,,2021-12-21,32856,226.9,,8848,150,400,10^3/uL,226.9
602678,600754,600036,3016723,,2021-12-21,32856,1.31,,8840,0.6,1.2,mg/dL,1.31
602679,600754,600036,3013721,,2021-12-21,32856,39.5,,8645,0,40,U/L,39.5
602680,600754,600036,3006923,,2021-12-21,32856,56.1,,8645,0,40,U/L,56.1
602681,600755,600036,3000963,,2022-01-11,32856,10.1,,8713,12,17,g/dL,10.1
602682,600755,600036,3010813,,2022-01-11,32856,6.3,,8848,4,10,10^3/uL,6.3
602683,600755,600036,3017732,,2022-01-11,32856,2.3,,8848,1.5,7.5,10^3/uL,2.3
602684,600755,600036,3024929,,2022-01-11,32856,289.7,,8848,150,400,10^3/uL,289.7
602685,600755,600036,3016723,,2022-01-11,32856,1.3,,8840,0.6,1.2,mg/dL,1.3
602686,600755,600036,3013721,,2022-01-11,32856,0,,8645,0,40,U/L,0
602687,600755,600036,3006923,,2022-01-11,32856,62.3,,8645,0,40,U/L,62.3
602688,600759,600036,3000963,,2022-03-16,32856,9,,8713,12,17,g/dL,9.0
602689,600759,600036,3010813,,2022-03-16,32856,2.7,,8848,4,10,10^3/uL,2.7
602690,600759,600036,3017732,,2022-03-16,32856,2.8,,8848,1.5,7.5,10^3/uL,2.8
602691,600759,600036,3024929,,2022-03-16,32856,64.2,,8848,150,400,10^3/uL,64.2
602692,600761,600036,3000963,,2022-09-22,32856,8.1,,8713,12,17,g/dL,8.1
602693,600761,600036,3022250,,2022-09-22,32856,141.8,,8645,120,250,U/L,141.8
602694,600762,600036,3000963,,2023-01-21,32856,12.8,,8713,12,17,g/dL,12.8
602695,600762,600036,3022250,,2023-01-21,32856,157.3,,8645,120,250,U/L,157.3
602696,600763,600036,3000963,,2023-06-29,32856,13.2,,8713,12,17,g/dL,13.2
602697,600763,600036,3022250,,2023-06-29,32856,211.8,,8645,120,250,U/L,211.8
602698,600764,600036,3000963,,2023-12-02,32856,11.4,,8713,12,17,g/dL,11.4
602699,600764,600036,3022250,,2023-12-02,32856,121.9,,8645,120,250,U/L,121.9
602700,600765,600036,3000963,,2024-04-02,32856,9.2,,8713,12,17,g/dL,9.2
602701,600765,600036,3022250,,2024-04-02,32856,404,,8645,120,250,U/L,404.0
602702,600766,600036,3000963,,2024-07-30,32856,12.9,,8713,12,17,g/dL,12.9
602703,600766,600036,3022250,,2024-07-30,32856,135.1,,8645,120,250,U/L,135.1
602704,600767,600036,3000963,,2025-01-17,32856,13.9,,8713,12,17,g/dL,13.9
602705,600767,600036,3022250,,2025-01-17,32856,163.4,,8645,120,250,U/L,163.4
602706,600768,600036,3000963,,2025-04-16,32856,13.8,,8713,12,17,g/dL,13.8
602707,600768,600036,3022250,,2025-04-16,32856,263.9,,8645,120,250,U/L,263.9
602708,600769,600036,3000963,,2025-08-12,32856,14.2,,8713,12,17,g/dL,14.2
602709,600769,600036,3022250,,2025-08-12,32856,420.2,,8645,120,250,U/L,420.2
602710,600770,600036,3000963,,2026-01-30,32856,13.6,,8713,12,17,g/dL,13.6
602711,600770,600036,3022250,,2026-01-30,32856,255.4,,8645,120,250,U/L,255.4
602712,600771,600036,3000963,,2026-07-01,32856,12.9,,8713,12,17,g/dL,12.9
602713,600771,600036,3022250,,2026-07-01,32856,344.8,,8645,120,250,U/L,344.8
602714,600772,600037,3000963,,2023-12-27,32856,14.1,,8713,12,17,g/dL,14.1
602715,600772,600037,3010813,,2023-12-27,32856,5.5,,8848,4,10,10^3/uL,5.5
602716,600772,600037,3017732,,2023-12-27,32856,5.6,,8848,1.5,7.5,10^3/uL,5.6
602717,600772,600037,3024929,,2023-12-27,32856,391.7,,8848,150,400,10^3/uL,391.7
602718,600772,600037,3016723,,2023-12-27,32856,1.13,,8840,0.6,1.2,mg/dL,1.13
602719,600772,600037,3013721,,2023-12-27,32856,42.7,,8645,0,40,U/L,42.7
602720,600772,600037,3006923,,2023-12-27,32856,63.6,,8645,0,40,U/L,63.6
602721,600772,600037,3020491,,2023-12-27,32856,3.74,,8713,3.5,5.2,g/dL,3.74
602722,600772,600037,3024128,,2023-12-27,32856,0.71,,8840,0.2,1.2,mg/dL,0.71
602723,600772,600037,3022250,,2023-12-27,32856,424.6,,8645,120,250,U/L,424.6
602724,600772,600037,3006315,,2023-12-27,32856,3.5,,8859,0.8,2.2,mg/L,3.5
602725,600772,600037,3036277,,2023-12-27,32856,170.3,,8582,150,185,cm,170.3
602726,600772,600037,3025315,,2023-12-27,32856,70,,9529,45,90,kg,70.0
602727,600773,600037,3000963,,2024-01-15,32856,12.7,,8713,12,17,g/dL,12.7
602728,600773,600037,3010813,,2024-01-15,32856,11.1,,8848,4,10,10^3/uL,11.1
602729,600773,600037,3017732,,2024-01-15,32856,4,,8848,1.5,7.5,10^3/uL,4.0
602730,600773,600037,3024929,,2024-01-15,32856,205.4,,8848,150,400,10^3/uL,205.4
602731,600773,600037,3016723,,2024-01-15,32856,0.84,,8840,0.6,1.2,mg/dL,0.84
602732,600773,600037,3013721,,2024-01-15,32856,71.5,,8645,0,40,U/L,71.5
602733,600773,600037,3006923,,2024-01-15,32856,62.7,,8645,0,40,U/L,62.7
602734,600774,600037,3000963,,2024-02-05,32856,11.6,,8713,12,17,g/dL,11.6
602735,600774,600037,3010813,,2024-02-05,32856,4.5,,8848,4,10,10^3/uL,4.5
602736,600774,600037,3017732,,2024-02-05,32856,1.6,,8848,1.5,7.5,10^3/uL,1.6
602737,600774,600037,3024929,,2024-02-05,32856,229,,8848,150,400,10^3/uL,229.0
602738,600774,600037,3016723,,2024-02-05,32856,0.48,,8840,0.6,1.2,mg/dL,0.48
602739,600774,600037,3013721,,2024-02-05,32856,25.8,,8645,0,40,U/L,25.8
602740,600774,600037,3006923,,2024-02-05,32856,10.1,,8645,0,40,U/L,10.1
602741,600776,600037,3000963,,2024-03-11,32856,16.4,,8713,12,17,g/dL,16.4
602742,600776,600037,3010813,,2024-03-11,32856,8.2,,8848,4,10,10^3/uL,8.2
602743,600776,600037,3017732,,2024-03-11,32856,3.4,,8848,1.5,7.5,10^3/uL,3.4
602744,600776,600037,3024929,,2024-03-11,32856,133.7,,8848,150,400,10^3/uL,133.7
602745,600776,600037,3016723,,2024-03-11,32856,0.75,,8840,0.6,1.2,mg/dL,0.75
602746,600776,600037,3013721,,2024-03-11,32856,36.1,,8645,0,40,U/L,36.1
602747,600776,600037,3006923,,2024-03-11,32856,56.3,,8645,0,40,U/L,56.3
602748,600777,600037,3000963,,2024-04-01,32856,11.6,,8713,12,17,g/dL,11.6
602749,600777,600037,3010813,,2024-04-01,32856,7.9,,8848,4,10,10^3/uL,7.9
602750,600777,600037,3017732,,2024-04-01,32856,1.4,,8848,1.5,7.5,10^3/uL,1.4
602751,600777,600037,3024929,,2024-04-01,32856,243.9,,8848,150,400,10^3/uL,243.9
602752,600777,600037,3016723,,2024-04-01,32856,1.01,,8840,0.6,1.2,mg/dL,1.01
602753,600777,600037,3013721,,2024-04-01,32856,27.5,,8645,0,40,U/L,27.5
602754,600777,600037,3006923,,2024-04-01,32856,35.1,,8645,0,40,U/L,35.1
602755,600778,600037,3000963,,2024-04-22,32856,9.6,,8713,12,17,g/dL,9.6
602756,600778,600037,3010813,,2024-04-22,32856,5.9,,8848,4,10,10^3/uL,5.9
602757,600778,600037,3017732,,2024-04-22,32856,0,,8848,1.5,7.5,10^3/uL,0
602758,600778,600037,3024929,,2024-04-22,32856,191.2,,8848,150,400,10^3/uL,191.2
602759,600778,600037,3016723,,2024-04-22,32856,1.14,,8840,0.6,1.2,mg/dL,1.14
602760,600778,600037,3013721,,2024-04-22,32856,52.3,,8645,0,40,U/L,52.3
602761,600778,600037,3006923,,2024-04-22,32856,51.7,,8645,0,40,U/L,51.7
602762,600782,600037,3020460,,2024-06-22,32856,67.5,,8859,0,5,mg/L,67.5
602763,600782,600037,3010813,,2024-06-22,32856,7.1,,8848,4,10,10^3/uL,7.1
602764,600782,600037,3017732,,2024-06-22,32856,0,,8848,1.5,7.5,10^3/uL,0
602765,600784,600037,3000963,,2024-10-30,32856,13,,8713,12,17,g/dL,13.0
602766,600784,600037,3022250,,2024-10-30,32856,261.2,,8645,120,250,U/L,261.2
602767,600785,600037,3000963,,2025-04-23,32856,12.8,,8713,12,17,g/dL,12.8
602768,600785,600037,3022250,,2025-04-23,32856,369.5,,8645,120,250,U/L,369.5
602769,600786,600037,3000963,,2025-08-22,32856,13.4,,8713,12,17,g/dL,13.4
602770,600786,600037,3022250,,2025-08-22,32856,345.3,,8645,120,250,U/L,345.3
602771,600787,600037,3000963,,2026-01-29,32856,12.2,,8713,12,17,g/dL,12.2
602772,600787,600037,3022250,,2026-01-29,32856,309.2,,8645,120,250,U/L,309.2
602773,600788,600037,3000963,,2026-07-02,32856,15,,8713,12,17,g/dL,15.0
602774,600788,600037,3022250,,2026-07-02,32856,337.3,,8645,120,250,U/L,337.3
602775,600789,600038,3000963,,2021-11-23,32856,12.6,,8713,12,17,g/dL,12.6
602776,600789,600038,3010813,,2021-11-23,32856,6,,8848,4,10,10^3/uL,6.0
602777,600789,600038,3017732,,2021-11-23,32856,4.7,,8848,1.5,7.5,10^3/uL,4.7
602778,600789,600038,3024929,,2021-11-23,32856,223.1,,8848,150,400,10^3/uL,223.1
602779,600789,600038,3016723,,2021-11-23,32856,0.63,,8840,0.6,1.2,mg/dL,0.63
602780,600789,600038,3013721,,2021-11-23,32856,38.8,,8645,0,40,U/L,38.8
602781,600789,600038,3006923,,2021-11-23,32856,72.7,,8645,0,40,U/L,72.7
602782,600789,600038,3020491,,2021-11-23,32856,4.41,,8713,3.5,5.2,g/dL,4.41
602783,600789,600038,3024128,,2021-11-23,32856,0.65,,8840,0.2,1.2,mg/dL,0.65
602784,600789,600038,3022250,,2021-11-23,32856,510.6,,8645,120,250,U/L,510.6
602785,600789,600038,3006315,,2021-11-23,32856,1.9,,8859,0.8,2.2,mg/L,1.9
602786,600789,600038,3036277,,2021-11-23,32856,161.3,,8582,150,185,cm,161.3
602787,600789,600038,3025315,,2021-11-23,32856,44,,9529,45,90,kg,44.0
602788,600790,600038,3000963,,2021-12-10,32856,11.4,,8713,12,17,g/dL,11.4
602789,600790,600038,3010813,,2021-12-10,32856,3,,8848,4,10,10^3/uL,3.0
602790,600790,600038,3017732,,2021-12-10,32856,4.8,,8848,1.5,7.5,10^3/uL,4.8
602791,600790,600038,3024929,,2021-12-10,32856,241.3,,8848,150,400,10^3/uL,241.3
602792,600790,600038,3016723,,2021-12-10,32856,0.9,,8840,0.6,1.2,mg/dL,0.9
602793,600790,600038,3013721,,2021-12-10,32856,43.2,,8645,0,40,U/L,43.2
602794,600790,600038,3006923,,2021-12-10,32856,71.6,,8645,0,40,U/L,71.6
602795,600791,600038,3000963,,2021-12-31,32856,10,,8713,12,17,g/dL,10.0
602796,600791,600038,3010813,,2021-12-31,32856,5.4,,8848,4,10,10^3/uL,5.4
602797,600791,600038,3017732,,2021-12-31,32856,3,,8848,1.5,7.5,10^3/uL,3.0
602798,600791,600038,3024929,,2021-12-31,32856,271.7,,8848,150,400,10^3/uL,271.7
602799,600791,600038,3016723,,2021-12-31,32856,0.73,,8840,0.6,1.2,mg/dL,0.73
602800,600791,600038,3013721,,2021-12-31,32856,47.4,,8645,0,40,U/L,47.4
602801,600791,600038,3006923,,2021-12-31,32856,41.4,,8645,0,40,U/L,41.4
602802,600792,600038,3000963,,2022-01-21,32856,12.9,,8713,12,17,g/dL,12.9
602803,600792,600038,3010813,,2022-01-21,32856,5.3,,8848,4,10,10^3/uL,5.3
602804,600792,600038,3017732,,2022-01-21,32856,3.6,,8848,1.5,7.5,10^3/uL,3.6
602805,600792,600038,3024929,,2022-01-21,32856,209.9,,8848,150,400,10^3/uL,209.9
602806,600792,600038,3016723,,2022-01-21,32856,0.93,,8840,0.6,1.2,mg/dL,0.93
602807,600792,600038,3013721,,2022-01-21,32856,43.1,,8645,0,40,U/L,43.1
602808,600792,600038,3006923,,2022-01-21,32856,45.8,,8645,0,40,U/L,45.8
602809,600793,600038,3000963,,2022-02-11,32856,12.4,,8713,12,17,g/dL,12.4
602810,600793,600038,3010813,,2022-02-11,32856,6.4,,8848,4,10,10^3/uL,6.4
602811,600793,600038,3017732,,2022-02-11,32856,2.5,,8848,1.5,7.5,10^3/uL,2.5
602812,600793,600038,3024929,,2022-02-11,32856,224.7,,8848,150,400,10^3/uL,224.7
602813,600793,600038,3016723,,2022-02-11,32856,0.41,,8840,0.6,1.2,mg/dL,0.41
602814,600793,600038,3013721,,2022-02-11,32856,20.5,,8645,0,40,U/L,20.5
602815,600793,600038,3006923,,2022-02-11,32856,87.5,,8645,0,40,U/L,87.5
602816,600794,600038,3000963,,2022-03-04,32856,12.5,,8713,12,17,g/dL,12.5
602817,600794,600038,3010813,,2022-03-04,32856,6.1,,8848,4,10,10^3/uL,6.1
602818,600794,600038,3017732,,2022-03-04,32856,4.9,,8848,1.5,7.5,10^3/uL,4.9
602819,600794,600038,3024929,,2022-03-04,32856,152.9,,8848,150,400,10^3/uL,152.9
602820,600794,600038,3016723,,2022-03-04,32856,1,,8840,0.6,1.2,mg/dL,1.0
602821,600794,600038,3013721,,2022-03-04,32856,30.9,,8645,0,40,U/L,30.9
602822,600794,600038,3006923,,2022-03-04,32856,62.5,,8645,0,40,U/L,62.5
602823,600795,600038,3000963,,2022-03-25,32856,10.3,,8713,12,17,g/dL,10.3
602824,600795,600038,3010813,,2022-03-25,32856,7.4,,8848,4,10,10^3/uL,7.4
602825,600795,600038,3017732,,2022-03-25,32856,2.5,,8848,1.5,7.5,10^3/uL,2.5
602826,600795,600038,3024929,,2022-03-25,32856,269.9,,8848,150,400,10^3/uL,269.9
602827,600795,600038,3016723,,2022-03-25,32856,0.69,,8840,0.6,1.2,mg/dL,0.69
602828,600795,600038,3013721,,2022-03-25,32856,21.1,,8645,0,40,U/L,21.1
602829,600795,600038,3006923,,2022-03-25,32856,34.6,,8645,0,40,U/L,34.6
602830,600801,600038,3000963,,2022-07-28,32856,11.1,,8713,12,17,g/dL,11.1
602831,600801,600038,3022250,,2022-07-28,32856,165,,8645,120,250,U/L,165.0
602832,600802,600038,3000963,,2023-01-06,32856,13.7,,8713,12,17,g/dL,13.7
602833,600802,600038,3022250,,2023-01-06,32856,191.2,,8645,120,250,U/L,191.2
602834,600803,600038,3000963,,2023-04-09,32856,10.5,,8713,12,17,g/dL,10.5
602835,600803,600038,3022250,,2023-04-09,32856,220.3,,8645,120,250,U/L,220.3
602836,600804,600038,3000963,,2023-09-27,32856,14.7,,8713,12,17,g/dL,14.7
602837,600804,600038,3022250,,2023-09-27,32856,351.7,,8645,120,250,U/L,351.7
602838,600805,600038,3000963,,2024-03-22,32856,14.4,,8713,12,17,g/dL,14.4
602839,600805,600038,3022250,,2024-03-22,32856,215.9,,8645,120,250,U/L,215.9
602840,600806,600038,3000963,,2024-06-18,32856,13.1,,8713,12,17,g/dL,13.1
602841,600806,600038,3022250,,2024-06-18,32856,298.6,,8645,120,250,U/L,298.6
602842,600807,600038,3000963,,2024-09-13,32856,11.9,,8713,12,17,g/dL,11.9
602843,600807,600038,3022250,,2024-09-13,32856,323.7,,8645,120,250,U/L,323.7
602844,600808,600038,3000963,,2025-02-03,32856,13.2,,8713,12,17,g/dL,13.2
602845,600808,600038,3022250,,2025-02-03,32856,359.2,,8645,120,250,U/L,359.2
602846,600809,600038,3000963,,2025-05-29,32856,13.5,,8713,12,17,g/dL,13.5
602847,600809,600038,3022250,,2025-05-29,32856,320.2,,8645,120,250,U/L,320.2
602848,600810,600038,3000963,,2025-11-22,32856,13.8,,8713,12,17,g/dL,13.8
602849,600810,600038,3022250,,2025-11-22,32856,261.8,,8645,120,250,U/L,261.8
602850,600811,600038,3000963,,2026-03-07,32856,12.8,,8713,12,17,g/dL,12.8
602851,600811,600038,3022250,,2026-03-07,32856,261.4,,8645,120,250,U/L,261.4
602852,600812,600038,3000963,,2026-07-04,32856,15.2,,8713,12,17,g/dL,15.2
602853,600812,600038,3022250,,2026-07-04,32856,84.7,,8645,120,250,U/L,84.7
602854,600813,600039,3000963,,2019-04-17,32856,12,,8713,12,17,g/dL,12.0
602855,600813,600039,3010813,,2019-04-17,32856,3.7,,8848,4,10,10^3/uL,3.7
602856,600813,600039,3017732,,2019-04-17,32856,1.8,,8848,1.5,7.5,10^3/uL,1.8
602857,600813,600039,3024929,,2019-04-17,32856,137,,8848,150,400,10^3/uL,137.0
602858,600813,600039,3016723,,2019-04-17,32856,1.11,,8840,0.6,1.2,mg/dL,1.11
602859,600813,600039,3013721,,2019-04-17,32856,34,,8645,0,40,U/L,34.0
602860,600813,600039,3006923,,2019-04-17,32856,85.7,,8645,0,40,U/L,85.7
602861,600813,600039,3020491,,2019-04-17,32856,4.67,,8713,3.5,5.2,g/dL,4.67
602862,600813,600039,3024128,,2019-04-17,32856,0.79,,8840,0.2,1.2,mg/dL,0.79
602863,600813,600039,3022250,,2019-04-17,32856,186.9,,8645,120,250,U/L,186.9
602864,600813,600039,3006315,,2019-04-17,32856,2.8,,8859,0.8,2.2,mg/L,2.8
602865,600813,600039,3036277,,2019-04-17,32856,154,,8582,150,185,cm,154.0
602866,600813,600039,3025315,,2019-04-17,32856,45,,9529,45,90,kg,45.0
602867,600814,600039,3000963,,2019-04-28,32856,12.9,,8713,12,17,g/dL,12.9
602868,600814,600039,3010813,,2019-04-28,32856,3.2,,8848,4,10,10^3/uL,3.2
602869,600814,600039,3017732,,2019-04-28,32856,2.5,,8848,1.5,7.5,10^3/uL,2.5
602870,600814,600039,3024929,,2019-04-28,32856,173.2,,8848,150,400,10^3/uL,173.2
602871,600814,600039,3016723,,2019-04-28,32856,1.22,,8840,0.6,1.2,mg/dL,1.22
602872,600814,600039,3013721,,2019-04-28,32856,42.1,,8645,0,40,U/L,42.1
602873,600814,600039,3006923,,2019-04-28,32856,25,,8645,0,40,U/L,25.0
602874,600815,600039,3000963,,2019-05-12,32856,15,,8713,12,17,g/dL,15.0
602875,600815,600039,3010813,,2019-05-12,32856,4.3,,8848,4,10,10^3/uL,4.3
602876,600815,600039,3017732,,2019-05-12,32856,4,,8848,1.5,7.5,10^3/uL,4.0
602877,600815,600039,3024929,,2019-05-12,32856,102.2,,8848,150,400,10^3/uL,102.2
602878,600815,600039,3016723,,2019-05-12,32856,1.17,,8840,0.6,1.2,mg/dL,1.17
602879,600815,600039,3013721,,2019-05-12,32856,54.2,,8645,0,40,U/L,54.2
602880,600815,600039,3006923,,2019-05-12,32856,28.5,,8645,0,40,U/L,28.5
602881,600816,600039,3000963,,2019-05-26,32856,8.6,,8713,12,17,g/dL,8.6
602882,600816,600039,3010813,,2019-05-26,32856,5.9,,8848,4,10,10^3/uL,5.9
602883,600816,600039,3017732,,2019-05-26,32856,1.7,,8848,1.5,7.5,10^3/uL,1.7
602884,600816,600039,3024929,,2019-05-26,32856,218.8,,8848,150,400,10^3/uL,218.8
602885,600816,600039,3016723,,2019-05-26,32856,0.23,,8840,0.6,1.2,mg/dL,0.23
602886,600816,600039,3013721,,2019-05-26,32856,47.8,,8645,0,40,U/L,47.8
602887,600816,600039,3006923,,2019-05-26,32856,41.9,,8645,0,40,U/L,41.9
602888,600817,600039,3000963,,2019-06-09,32856,13.7,,8713,12,17,g/dL,13.7
602889,600817,600039,3010813,,2019-06-09,32856,6.1,,8848,4,10,10^3/uL,6.1
602890,600817,600039,3017732,,2019-06-09,32856,4.4,,8848,1.5,7.5,10^3/uL,4.4
602891,600817,600039,3024929,,2019-06-09,32856,307.8,,8848,150,400,10^3/uL,307.8
602892,600817,600039,3016723,,2019-06-09,32856,0.67,,8840,0.6,1.2,mg/dL,0.67
602893,600817,600039,3013721,,2019-06-09,32856,51.9,,8645,0,40,U/L,51.9
602894,600817,600039,3006923,,2019-06-09,32856,34,,8645,0,40,U/L,34.0
602895,600818,600039,3000963,,2019-06-23,32856,11.7,,8713,12,17,g/dL,11.7
602896,600818,600039,3010813,,2019-06-23,32856,6.7,,8848,4,10,10^3/uL,6.7
602897,600818,600039,3017732,,2019-06-23,32856,1.3,,8848,1.5,7.5,10^3/uL,1.3
602898,600818,600039,3024929,,2019-06-23,32856,130.8,,8848,150,400,10^3/uL,130.8
602899,600818,600039,3016723,,2019-06-23,32856,1.22,,8840,0.6,1.2,mg/dL,1.22
602900,600818,600039,3013721,,2019-06-23,32856,42.8,,8645,0,40,U/L,42.8
602901,600818,600039,3006923,,2019-06-23,32856,0,,8645,0,40,U/L,0
602902,600819,600039,3000963,,2019-07-07,32856,10.3,,8713,12,17,g/dL,10.3
602903,600819,600039,3010813,,2019-07-07,32856,2.8,,8848,4,10,10^3/uL,2.8
602904,600819,600039,3017732,,2019-07-07,32856,5.8,,8848,1.5,7.5,10^3/uL,5.8
602905,600819,600039,3024929,,2019-07-07,32856,165.4,,8848,150,400,10^3/uL,165.4
602906,600819,600039,3016723,,2019-07-07,32856,1,,8840,0.6,1.2,mg/dL,1.0
602907,600819,600039,3013721,,2019-07-07,32856,51.9,,8645,0,40,U/L,51.9
602908,600819,600039,3006923,,2019-07-07,32856,36.4,,8645,0,40,U/L,36.4
602909,600820,600039,3000963,,2019-07-21,32856,10.8,,8713,12,17,g/dL,10.8
602910,600820,600039,3010813,,2019-07-21,32856,6.8,,8848,4,10,10^3/uL,6.8
602911,600820,600039,3017732,,2019-07-21,32856,4.6,,8848,1.5,7.5,10^3/uL,4.6
602912,600820,600039,3024929,,2019-07-21,32856,233.9,,8848,150,400,10^3/uL,233.9
602913,600820,600039,3016723,,2019-07-21,32856,0.6,,8840,0.6,1.2,mg/dL,0.6
602914,600820,600039,3013721,,2019-07-21,32856,16.9,,8645,0,40,U/L,16.9
602915,600820,600039,3006923,,2019-07-21,32856,134.3,,8645,0,40,U/L,134.3
602916,600821,600039,3000963,,2019-08-04,32856,13.3,,8713,12,17,g/dL,13.3
602917,600821,600039,3010813,,2019-08-04,32856,4.5,,8848,4,10,10^3/uL,4.5
602918,600821,600039,3017732,,2019-08-04,32856,3.1,,8848,1.5,7.5,10^3/uL,3.1
602919,600821,600039,3024929,,2019-08-04,32856,188.2,,8848,150,400,10^3/uL,188.2
602920,600821,600039,3016723,,2019-08-04,32856,0.58,,8840,0.6,1.2,mg/dL,0.58
602921,600821,600039,3013721,,2019-08-04,32856,37.8,,8645,0,40,U/L,37.8
602922,600821,600039,3006923,,2019-08-04,32856,20.9,,8645,0,40,U/L,20.9
602923,600822,600039,3000963,,2019-08-18,32856,12.6,,8713,12,17,g/dL,12.6
602924,600822,600039,3010813,,2019-08-18,32856,8.4,,8848,4,10,10^3/uL,8.4
602925,600822,600039,3017732,,2019-08-18,32856,0,,8848,1.5,7.5,10^3/uL,0
602926,600822,600039,3024929,,2019-08-18,32856,259.8,,8848,150,400,10^3/uL,259.8
602927,600822,600039,3016723,,2019-08-18,32856,0.75,,8840,0.6,1.2,mg/dL,0.75
602928,600822,600039,3013721,,2019-08-18,32856,16,,8645,0,40,U/L,16.0
602929,600822,600039,3006923,,2019-08-18,32856,78.2,,8645,0,40,U/L,78.2
602930,600823,600039,3000963,,2019-09-01,32856,12.3,,8713,12,17,g/dL,12.3
602931,600823,600039,3010813,,2019-09-01,32856,7.1,,8848,4,10,10^3/uL,7.1
602932,600823,600039,3017732,,2019-09-01,32856,4.2,,8848,1.5,7.5,10^3/uL,4.2
602933,600823,600039,3024929,,2019-09-01,32856,195.6,,8848,150,400,10^3/uL,195.6
602934,600823,600039,3016723,,2019-09-01,32856,1.11,,8840,0.6,1.2,mg/dL,1.11
602935,600823,600039,3013721,,2019-09-01,32856,21.3,,8645,0,40,U/L,21.3
602936,600823,600039,3006923,,2019-09-01,32856,132.3,,8645,0,40,U/L,132.3
602937,600824,600039,3000963,,2019-09-15,32856,11,,8713,12,17,g/dL,11.0
602938,600824,600039,3010813,,2019-09-15,32856,8.4,,8848,4,10,10^3/uL,8.4
602939,600824,600039,3017732,,2019-09-15,32856,5.6,,8848,1.5,7.5,10^3/uL,5.6
602940,600824,600039,3024929,,2019-09-15,32856,284.5,,8848,150,400,10^3/uL,284.5
602941,600824,600039,3016723,,2019-09-15,32856,0.43,,8840,0.6,1.2,mg/dL,0.43
602942,600824,600039,3013721,,2019-09-15,32856,55.3,,8645,0,40,U/L,55.3
602943,600824,600039,3006923,,2019-09-15,32856,90.9,,8645,0,40,U/L,90.9
602944,600825,600039,3000963,,2019-09-29,32856,12.2,,8713,12,17,g/dL,12.2
602945,600825,600039,3010813,,2019-09-29,32856,6.6,,8848,4,10,10^3/uL,6.6
602946,600825,600039,3017732,,2019-09-29,32856,3.4,,8848,1.5,7.5,10^3/uL,3.4
602947,600825,600039,3024929,,2019-09-29,32856,213.6,,8848,150,400,10^3/uL,213.6
602948,600825,600039,3016723,,2019-09-29,32856,0.83,,8840,0.6,1.2,mg/dL,0.83
602949,600825,600039,3013721,,2019-09-29,32856,34,,8645,0,40,U/L,34.0
602950,600825,600039,3006923,,2019-09-29,32856,4.4,,8645,0,40,U/L,4.4
602951,600830,600039,3000963,,2020-02-02,32856,14.2,,8713,12,17,g/dL,14.2
602952,600830,600039,3022250,,2020-02-02,32856,346.8,,8645,120,250,U/L,346.8
602953,600831,600039,3000963,,2020-05-05,32856,13.2,,8713,12,17,g/dL,13.2
602954,600831,600039,3022250,,2020-05-05,32856,309.9,,8645,120,250,U/L,309.9
602955,600832,600039,3000963,,2020-09-24,32856,12.1,,8713,12,17,g/dL,12.1
602956,600832,600039,3022250,,2020-09-24,32856,137.4,,8645,120,250,U/L,137.4
602957,600833,600039,3000963,,2021-01-07,32856,13.4,,8713,12,17,g/dL,13.4
602958,600833,600039,3022250,,2021-01-07,32856,361.3,,8645,120,250,U/L,361.3
602959,600834,600039,3000963,,2021-04-03,32856,15.6,,8713,12,17,g/dL,15.6
602960,600834,600039,3022250,,2021-04-03,32856,453.2,,8645,120,250,U/L,453.2
602961,600835,600039,3000963,,2021-09-03,32856,12.3,,8713,12,17,g/dL,12.3
602962,600835,600039,3022250,,2021-09-03,32856,127.9,,8645,120,250,U/L,127.9
602963,600836,600039,3000963,,2022-01-20,32856,13.2,,8713,12,17,g/dL,13.2
602964,600836,600039,3022250,,2022-01-20,32856,269.7,,8645,120,250,U/L,269.7
602965,600837,600039,3000963,,2022-07-19,32856,13.7,,8713,12,17,g/dL,13.7
602966,600837,600039,3022250,,2022-07-19,32856,443,,8645,120,250,U/L,443.0
602967,600838,600039,3000963,,2022-10-18,32856,13.6,,8713,12,17,g/dL,13.6
602968,600838,600039,3022250,,2022-10-18,32856,323.8,,8645,120,250,U/L,323.8
602969,600839,600039,3000963,,2023-04-19,32856,15.9,,8713,12,17,g/dL,15.9
602970,600839,600039,3022250,,2023-04-19,32856,228.6,,8645,120,250,U/L,228.6
602971,600840,600039,3000963,,2023-08-03,32856,13,,8713,12,17,g/dL,13.0
602972,600840,600039,3022250,,2023-08-03,32856,266,,8645,120,250,U/L,266.0
602973,600841,600039,3000963,,2024-02-02,32856,15.6,,8713,12,17,g/dL,15.6
602974,600841,600039,3022250,,2024-02-02,32856,192.5,,8645,120,250,U/L,192.5
602975,600842,600040,3000963,,2022-10-17,32856,15.2,,8713,12,17,g/dL,15.2
602976,600842,600040,3010813,,2022-10-17,32856,6.6,,8848,4,10,10^3/uL,6.6
602977,600842,600040,3017732,,2022-10-17,32856,3.5,,8848,1.5,7.5,10^3/uL,3.5
602978,600842,600040,3024929,,2022-10-17,32856,167.3,,8848,150,400,10^3/uL,167.3
602979,600842,600040,3016723,,2022-10-17,32856,1.18,,8840,0.6,1.2,mg/dL,1.18
602980,600842,600040,3013721,,2022-10-17,32856,49.6,,8645,0,40,U/L,49.6
602981,600842,600040,3006923,,2022-10-17,32856,64.7,,8645,0,40,U/L,64.7
602982,600842,600040,3020491,,2022-10-17,32856,4.26,,8713,3.5,5.2,g/dL,4.26
602983,600842,600040,3024128,,2022-10-17,32856,0.48,,8840,0.2,1.2,mg/dL,0.48
602984,600842,600040,3022250,,2022-10-17,32856,227,,8645,120,250,U/L,227.0
602985,600842,600040,3006315,,2022-10-17,32856,2.4,,8859,0.8,2.2,mg/L,2.4
602986,600842,600040,3036277,,2022-10-17,32856,165.5,,8582,150,185,cm,165.5
602987,600842,600040,3025315,,2022-10-17,32856,57.1,,9529,45,90,kg,57.1
602988,600843,600040,3000963,,2022-11-03,32856,12.3,,8713,12,17,g/dL,12.3
602989,600843,600040,3010813,,2022-11-03,32856,7.5,,8848,4,10,10^3/uL,7.5
602990,600843,600040,3017732,,2022-11-03,32856,4.2,,8848,1.5,7.5,10^3/uL,4.2
602991,600843,600040,3024929,,2022-11-03,32856,248.2,,8848,150,400,10^3/uL,248.2
602992,600843,600040,3016723,,2022-11-03,32856,0.81,,8840,0.6,1.2,mg/dL,0.81
602993,600843,600040,3013721,,2022-11-03,32856,40.9,,8645,0,40,U/L,40.9
602994,600843,600040,3006923,,2022-11-03,32856,70.3,,8645,0,40,U/L,70.3
602995,600844,600040,3000963,,2022-11-17,32856,9.4,,8713,12,17,g/dL,9.4
602996,600844,600040,3010813,,2022-11-17,32856,6,,8848,4,10,10^3/uL,6.0
602997,600844,600040,3017732,,2022-11-17,32856,4.9,,8848,1.5,7.5,10^3/uL,4.9
602998,600844,600040,3024929,,2022-11-17,32856,153.5,,8848,150,400,10^3/uL,153.5
602999,600844,600040,3016723,,2022-11-17,32856,1.16,,8840,0.6,1.2,mg/dL,1.16
603000,600844,600040,3013721,,2022-11-17,32856,35.4,,8645,0,40,U/L,35.4
603001,600844,600040,3006923,,2022-11-17,32856,90.5,,8645,0,40,U/L,90.5
603002,600845,600040,3000963,,2022-12-01,32856,11.6,,8713,12,17,g/dL,11.6
603003,600845,600040,3010813,,2022-12-01,32856,5.2,,8848,4,10,10^3/uL,5.2
603004,600845,600040,3017732,,2022-12-01,32856,2.3,,8848,1.5,7.5,10^3/uL,2.3
603005,600845,600040,3024929,,2022-12-01,32856,243.4,,8848,150,400,10^3/uL,243.4
603006,600845,600040,3016723,,2022-12-01,32856,0.64,,8840,0.6,1.2,mg/dL,0.64
603007,600845,600040,3013721,,2022-12-01,32856,59.7,,8645,0,40,U/L,59.7
603008,600845,600040,3006923,,2022-12-01,32856,73.3,,8645,0,40,U/L,73.3
603009,600846,600040,3000963,,2022-12-15,32856,12.5,,8713,12,17,g/dL,12.5
603010,600846,600040,3010813,,2022-12-15,32856,6,,8848,4,10,10^3/uL,6.0
603011,600846,600040,3017732,,2022-12-15,32856,0.6,,8848,1.5,7.5,10^3/uL,0.6
603012,600846,600040,3024929,,2022-12-15,32856,271.7,,8848,150,400,10^3/uL,271.7
603013,600846,600040,3016723,,2022-12-15,32856,0.56,,8840,0.6,1.2,mg/dL,0.56
603014,600846,600040,3013721,,2022-12-15,32856,58.8,,8645,0,40,U/L,58.8
603015,600846,600040,3006923,,2022-12-15,32856,41.7,,8645,0,40,U/L,41.7
603016,600847,600040,3000963,,2022-12-29,32856,12.7,,8713,12,17,g/dL,12.7
603017,600847,600040,3010813,,2022-12-29,32856,5.9,,8848,4,10,10^3/uL,5.9
603018,600847,600040,3017732,,2022-12-29,32856,1,,8848,1.5,7.5,10^3/uL,1.0
603019,600847,600040,3024929,,2022-12-29,32856,309.3,,8848,150,400,10^3/uL,309.3
603020,600847,600040,3016723,,2022-12-29,32856,1.01,,8840,0.6,1.2,mg/dL,1.01
603021,600847,600040,3013721,,2022-12-29,32856,32.5,,8645,0,40,U/L,32.5
603022,600847,600040,3006923,,2022-12-29,32856,78,,8645,0,40,U/L,78.0
603023,600848,600040,3000963,,2023-01-12,32856,13,,8713,12,17,g/dL,13.0
603024,600848,600040,3010813,,2023-01-12,32856,2.7,,8848,4,10,10^3/uL,2.7
603025,600848,600040,3017732,,2023-01-12,32856,0.8,,8848,1.5,7.5,10^3/uL,0.8
603026,600848,600040,3024929,,2023-01-12,32856,259.4,,8848,150,400,10^3/uL,259.4
603027,600848,600040,3016723,,2023-01-12,32856,0.88,,8840,0.6,1.2,mg/dL,0.88
603028,600848,600040,3013721,,2023-01-12,32856,56.2,,8645,0,40,U/L,56.2
603029,600848,600040,3006923,,2023-01-12,32856,101.8,,8645,0,40,U/L,101.8
603030,600849,600040,3000963,,2023-01-26,32856,11.5,,8713,12,17,g/dL,11.5
603031,600849,600040,3010813,,2023-01-26,32856,8.1,,8848,4,10,10^3/uL,8.1
603032,600849,600040,3017732,,2023-01-26,32856,4.8,,8848,1.5,7.5,10^3/uL,4.8
603033,600849,600040,3024929,,2023-01-26,32856,141.1,,8848,150,400,10^3/uL,141.1
603034,600849,600040,3016723,,2023-01-26,32856,1.26,,8840,0.6,1.2,mg/dL,1.26
603035,600849,600040,3013721,,2023-01-26,32856,6.3,,8645,0,40,U/L,6.3
603036,600849,600040,3006923,,2023-01-26,32856,56.3,,8645,0,40,U/L,56.3
603037,600850,600040,3000963,,2023-02-09,32856,9.9,,8713,12,17,g/dL,9.9
603038,600850,600040,3010813,,2023-02-09,32856,6,,8848,4,10,10^3/uL,6.0
603039,600850,600040,3017732,,2023-02-09,32856,3.2,,8848,1.5,7.5,10^3/uL,3.2
603040,600850,600040,3024929,,2023-02-09,32856,283.8,,8848,150,400,10^3/uL,283.8
603041,600850,600040,3016723,,2023-02-09,32856,0.99,,8840,0.6,1.2,mg/dL,0.99
603042,600850,600040,3013721,,2023-02-09,32856,41.7,,8645,0,40,U/L,41.7
603043,600850,600040,3006923,,2023-02-09,32856,32.3,,8645,0,40,U/L,32.3
603044,600856,600040,3000963,,2023-06-01,32856,12,,8713,12,17,g/dL,12.0
603045,600856,600040,3022250,,2023-06-01,32856,173.4,,8645,120,250,U/L,173.4
603046,600857,600040,3000963,,2023-09-27,32856,15,,8713,12,17,g/dL,15.0
603047,600857,600040,3022250,,2023-09-27,32856,171.5,,8645,120,250,U/L,171.5
603048,600858,600040,3000963,,2024-02-18,32856,13.2,,8713,12,17,g/dL,13.2
603049,600858,600040,3022250,,2024-02-18,32856,293.8,,8645,120,250,U/L,293.8
603050,600859,600040,3000963,,2024-06-24,32856,11.1,,8713,12,17,g/dL,11.1
603051,600859,600040,3022250,,2024-06-24,32856,482.8,,8645,120,250,U/L,482.8
603052,600860,600040,3000963,,2024-09-24,32856,14.8,,8713,12,17,g/dL,14.8
603053,600860,600040,3022250,,2024-09-24,32856,331.3,,8645,120,250,U/L,331.3
603054,600861,600040,3000963,,2025-01-31,32856,11.9,,8713,12,17,g/dL,11.9
603055,600861,600040,3022250,,2025-01-31,32856,278.9,,8645,120,250,U/L,278.9
603056,600862,600040,3000963,,2025-05-27,32856,15.1,,8713,12,17,g/dL,15.1
603057,600862,600040,3022250,,2025-05-27,32856,455.6,,8645,120,250,U/L,455.6
603058,600863,600040,3000963,,2025-10-09,32856,11.3,,8713,12,17,g/dL,11.3
603059,600863,600040,3022250,,2025-10-09,32856,233.4,,8645,120,250,U/L,233.4
603060,600864,600040,3000963,,2026-03-20,32856,16.5,,8713,12,17,g/dL,16.5
603061,600864,600040,3022250,,2026-03-20,32856,294.1,,8645,120,250,U/L,294.1
603062,600865,600041,3000963,,2019-06-03,32856,11.9,,8713,12,17,g/dL,11.9
603063,600865,600041,3010813,,2019-06-03,32856,7.1,,8848,4,10,10^3/uL,7.1
603064,600865,600041,3017732,,2019-06-03,32856,3.2,,8848,1.5,7.5,10^3/uL,3.2
603065,600865,600041,3024929,,2019-06-03,32856,173.6,,8848,150,400,10^3/uL,173.6
603066,600865,600041,3016723,,2019-06-03,32856,1,,8840,0.6,1.2,mg/dL,1.0
603067,600865,600041,3013721,,2019-06-03,32856,16.6,,8645,0,40,U/L,16.6
603068,600865,600041,3006923,,2019-06-03,32856,70,,8645,0,40,U/L,70.0
603069,600865,600041,3020491,,2019-06-03,32856,4.39,,8713,3.5,5.2,g/dL,4.39
603070,600865,600041,3024128,,2019-06-03,32856,0.5,,8840,0.2,1.2,mg/dL,0.5
603071,600865,600041,3022250,,2019-06-03,32856,222.9,,8645,120,250,U/L,222.9
603072,600865,600041,3006315,,2019-06-03,32856,3.6,,8859,0.8,2.2,mg/L,3.6
603073,600865,600041,3036277,,2019-06-03,32856,157.7,,8582,150,185,cm,157.7
603074,600865,600041,3025315,,2019-06-03,32856,50.8,,9529,45,90,kg,50.8
603075,600866,600041,3000963,,2019-06-13,32856,13.1,,8713,12,17,g/dL,13.1
603076,600866,600041,3010813,,2019-06-13,32856,6.7,,8848,4,10,10^3/uL,6.7
603077,600866,600041,3017732,,2019-06-13,32856,7.3,,8848,1.5,7.5,10^3/uL,7.3
603078,600866,600041,3024929,,2019-06-13,32856,191.4,,8848,150,400,10^3/uL,191.4
603079,600866,600041,3016723,,2019-06-13,32856,1.02,,8840,0.6,1.2,mg/dL,1.02
603080,600866,600041,3013721,,2019-06-13,32856,69,,8645,0,40,U/L,69.0
603081,600866,600041,3006923,,2019-06-13,32856,74.1,,8645,0,40,U/L,74.1
603082,600867,600041,3000963,,2019-06-27,32856,12.2,,8713,12,17,g/dL,12.2
603083,600867,600041,3010813,,2019-06-27,32856,7.2,,8848,4,10,10^3/uL,7.2
603084,600867,600041,3017732,,2019-06-27,32856,2.5,,8848,1.5,7.5,10^3/uL,2.5
603085,600867,600041,3024929,,2019-06-27,32856,292.7,,8848,150,400,10^3/uL,292.7
603086,600867,600041,3016723,,2019-06-27,32856,1.48,,8840,0.6,1.2,mg/dL,1.48
603087,600867,600041,3013721,,2019-06-27,32856,32.4,,8645,0,40,U/L,32.4
603088,600867,600041,3006923,,2019-06-27,32856,6.5,,8645,0,40,U/L,6.5
603089,600868,600041,3000963,,2019-07-11,32856,10.1,,8713,12,17,g/dL,10.1
603090,600868,600041,3010813,,2019-07-11,32856,0.8,,8848,4,10,10^3/uL,0.8
603091,600868,600041,3017732,,2019-07-11,32856,0.4,,8848,1.5,7.5,10^3/uL,0.4
603092,600868,600041,3024929,,2019-07-11,32856,223.1,,8848,150,400,10^3/uL,223.1
603093,600868,600041,3016723,,2019-07-11,32856,0.85,,8840,0.6,1.2,mg/dL,0.85
603094,600868,600041,3013721,,2019-07-11,32856,19.2,,8645,0,40,U/L,19.2
603095,600868,600041,3006923,,2019-07-11,32856,32.9,,8645,0,40,U/L,32.9
603096,600869,600041,3000963,,2019-07-25,32856,10,,8713,12,17,g/dL,10.0
603097,600869,600041,3010813,,2019-07-25,32856,4.8,,8848,4,10,10^3/uL,4.8
603098,600869,600041,3017732,,2019-07-25,32856,3.7,,8848,1.5,7.5,10^3/uL,3.7
603099,600869,600041,3024929,,2019-07-25,32856,191.7,,8848,150,400,10^3/uL,191.7
603100,600869,600041,3016723,,2019-07-25,32856,0.53,,8840,0.6,1.2,mg/dL,0.53
603101,600869,600041,3013721,,2019-07-25,32856,34.7,,8645,0,40,U/L,34.7
603102,600869,600041,3006923,,2019-07-25,32856,50,,8645,0,40,U/L,50.0
603103,600870,600041,3000963,,2019-08-08,32856,10.9,,8713,12,17,g/dL,10.9
603104,600870,600041,3010813,,2019-08-08,32856,9.5,,8848,4,10,10^3/uL,9.5
603105,600870,600041,3017732,,2019-08-08,32856,4.1,,8848,1.5,7.5,10^3/uL,4.1
603106,600870,600041,3024929,,2019-08-08,32856,210.2,,8848,150,400,10^3/uL,210.2
603107,600870,600041,3016723,,2019-08-08,32856,0.89,,8840,0.6,1.2,mg/dL,0.89
603108,600870,600041,3013721,,2019-08-08,32856,43.4,,8645,0,40,U/L,43.4
603109,600870,600041,3006923,,2019-08-08,32856,90.5,,8645,0,40,U/L,90.5
603110,600871,600041,3000963,,2019-08-22,32856,10.8,,8713,12,17,g/dL,10.8
603111,600871,600041,3010813,,2019-08-22,32856,3.8,,8848,4,10,10^3/uL,3.8
603112,600871,600041,3017732,,2019-08-22,32856,1.2,,8848,1.5,7.5,10^3/uL,1.2
603113,600871,600041,3024929,,2019-08-22,32856,234.6,,8848,150,400,10^3/uL,234.6
603114,600871,600041,3016723,,2019-08-22,32856,1.26,,8840,0.6,1.2,mg/dL,1.26
603115,600871,600041,3013721,,2019-08-22,32856,34.3,,8645,0,40,U/L,34.3
603116,600871,600041,3006923,,2019-08-22,32856,10.9,,8645,0,40,U/L,10.9
603117,600872,600041,3000963,,2019-09-05,32856,9.3,,8713,12,17,g/dL,9.3
603118,600872,600041,3010813,,2019-09-05,32856,9.6,,8848,4,10,10^3/uL,9.6
603119,600872,600041,3017732,,2019-09-05,32856,4,,8848,1.5,7.5,10^3/uL,4.0
603120,600872,600041,3024929,,2019-09-05,32856,110.4,,8848,150,400,10^3/uL,110.4
603121,600872,600041,3016723,,2019-09-05,32856,0.68,,8840,0.6,1.2,mg/dL,0.68
603122,600872,600041,3013721,,2019-09-05,32856,26.3,,8645,0,40,U/L,26.3
603123,600872,600041,3006923,,2019-09-05,32856,43.9,,8645,0,40,U/L,43.9
603124,600873,600041,3000963,,2019-09-19,32856,14.9,,8713,12,17,g/dL,14.9
603125,600873,600041,3010813,,2019-09-19,32856,4.3,,8848,4,10,10^3/uL,4.3
603126,600873,600041,3017732,,2019-09-19,32856,2.3,,8848,1.5,7.5,10^3/uL,2.3
603127,600873,600041,3024929,,2019-09-19,32856,240.8,,8848,150,400,10^3/uL,240.8
603128,600873,600041,3016723,,2019-09-19,32856,0.8,,8840,0.6,1.2,mg/dL,0.8
603129,600873,600041,3013721,,2019-09-19,32856,21,,8645,0,40,U/L,21.0
603130,600873,600041,3006923,,2019-09-19,32856,12.1,,8645,0,40,U/L,12.1
603131,600878,600041,3000963,,2020-02-06,32856,13,,8713,12,17,g/dL,13.0
603132,600878,600041,3022250,,2020-02-06,32856,156.9,,8645,120,250,U/L,156.9
603133,600879,600041,3000963,,2020-05-19,32856,13.3,,8713,12,17,g/dL,13.3
603134,600879,600041,3022250,,2020-05-19,32856,175.4,,8645,120,250,U/L,175.4
603135,600880,600041,3000963,,2020-09-16,32856,11.7,,8713,12,17,g/dL,11.7
603136,600880,600041,3022250,,2020-09-16,32856,319.3,,8645,120,250,U/L,319.3
603137,600881,600041,3000963,,2021-01-21,32856,11.4,,8713,12,17,g/dL,11.4
603138,600881,600041,3022250,,2021-01-21,32856,248.6,,8645,120,250,U/L,248.6
603139,600882,600041,3000963,,2021-05-10,32856,11.4,,8713,12,17,g/dL,11.4
603140,600882,600041,3022250,,2021-05-10,32856,477.6,,8645,120,250,U/L,477.6
603141,600883,600041,3000963,,2021-09-18,32856,14.5,,8713,12,17,g/dL,14.5
603142,600883,600041,3022250,,2021-09-18,32856,175.8,,8645,120,250,U/L,175.8
603143,600884,600041,3000963,,2022-02-25,32856,12.4,,8713,12,17,g/dL,12.4
603144,600884,600041,3022250,,2022-02-25,32856,130,,8645,120,250,U/L,130.0
603145,600885,600041,3000963,,2022-06-10,32856,10.3,,8713,12,17,g/dL,10.3
603146,600885,600041,3022250,,2022-06-10,32856,403.3,,8645,120,250,U/L,403.3
603147,600886,600041,3000963,,2022-09-04,32856,12.8,,8713,12,17,g/dL,12.8
603148,600886,600041,3022250,,2022-09-04,32856,243.5,,8645,120,250,U/L,243.5
603149,600887,600041,3000963,,2023-02-23,32856,12,,8713,12,17,g/dL,12.0
603150,600887,600041,3022250,,2023-02-23,32856,313.9,,8645,120,250,U/L,313.9
603151,600888,600041,3000963,,2023-05-27,32856,11.1,,8713,12,17,g/dL,11.1
603152,600888,600041,3022250,,2023-05-27,32856,85.9,,8645,120,250,U/L,85.9
603153,600889,600041,3000963,,2023-09-06,32856,11.6,,8713,12,17,g/dL,11.6
603154,600889,600041,3022250,,2023-09-06,32856,233.3,,8645,120,250,U/L,233.3
603155,600890,600042,3000963,,2023-07-14,32856,13.8,,8713,12,17,g/dL,13.8
603156,600890,600042,3010813,,2023-07-14,32856,3.6,,8848,4,10,10^3/uL,3.6
603157,600890,600042,3017732,,2023-07-14,32856,1.1,,8848,1.5,7.5,10^3/uL,1.1
603158,600890,600042,3024929,,2023-07-14,32856,211.1,,8848,150,400,10^3/uL,211.1
603159,600890,600042,3016723,,2023-07-14,32856,0.86,,8840,0.6,1.2,mg/dL,0.86
603160,600890,600042,3013721,,2023-07-14,32856,58.9,,8645,0,40,U/L,58.9
603161,600890,600042,3006923,,2023-07-14,32856,34.5,,8645,0,40,U/L,34.5
603162,600890,600042,3020491,,2023-07-14,32856,4.31,,8713,3.5,5.2,g/dL,4.31
603163,600890,600042,3024128,,2023-07-14,32856,1,,8840,0.2,1.2,mg/dL,1.0
603164,600890,600042,3022250,,2023-07-14,32856,328,,8645,120,250,U/L,328.0
603165,600890,600042,3006315,,2023-07-14,32856,2.3,,8859,0.8,2.2,mg/L,2.3
603166,600890,600042,3036277,,2023-07-14,32856,165.2,,8582,150,185,cm,165.2
603167,600890,600042,3025315,,2023-07-14,32856,68.1,,9529,45,90,kg,68.1
603168,600891,600042,3000963,,2023-07-28,32856,14.1,,8713,12,17,g/dL,14.1
603169,600891,600042,3010813,,2023-07-28,32856,7,,8848,4,10,10^3/uL,7.0
603170,600891,600042,3017732,,2023-07-28,32856,2,,8848,1.5,7.5,10^3/uL,2.0
603171,600891,600042,3024929,,2023-07-28,32856,219.3,,8848,150,400,10^3/uL,219.3
603172,600891,600042,3016723,,2023-07-28,32856,0.78,,8840,0.6,1.2,mg/dL,0.78
603173,600891,600042,3013721,,2023-07-28,32856,42.5,,8645,0,40,U/L,42.5
603174,600891,600042,3006923,,2023-07-28,32856,45.2,,8645,0,40,U/L,45.2
603175,600892,600042,3000963,,2023-08-18,32856,13.2,,8713,12,17,g/dL,13.2
603176,600892,600042,3010813,,2023-08-18,32856,6,,8848,4,10,10^3/uL,6.0
603177,600892,600042,3017732,,2023-08-18,32856,4.1,,8848,1.5,7.5,10^3/uL,4.1
603178,600892,600042,3024929,,2023-08-18,32856,211.9,,8848,150,400,10^3/uL,211.9
603179,600892,600042,3016723,,2023-08-18,32856,1.07,,8840,0.6,1.2,mg/dL,1.07
603180,600892,600042,3013721,,2023-08-18,32856,53.6,,8645,0,40,U/L,53.6
603181,600892,600042,3006923,,2023-08-18,32856,77.5,,8645,0,40,U/L,77.5
603182,600893,600042,3000963,,2023-09-08,32856,13.7,,8713,12,17,g/dL,13.7
603183,600893,600042,3010813,,2023-09-08,32856,5.8,,8848,4,10,10^3/uL,5.8
603184,600893,600042,3017732,,2023-09-08,32856,5.4,,8848,1.5,7.5,10^3/uL,5.4
603185,600893,600042,3024929,,2023-09-08,32856,184.4,,8848,150,400,10^3/uL,184.4
603186,600893,600042,3016723,,2023-09-08,32856,0.83,,8840,0.6,1.2,mg/dL,0.83
603187,600893,600042,3013721,,2023-09-08,32856,12.1,,8645,0,40,U/L,12.1
603188,600893,600042,3006923,,2023-09-08,32856,59.7,,8645,0,40,U/L,59.7
603189,600894,600042,3000963,,2023-09-29,32856,11.9,,8713,12,17,g/dL,11.9
603190,600894,600042,3010813,,2023-09-29,32856,8.5,,8848,4,10,10^3/uL,8.5
603191,600894,600042,3017732,,2023-09-29,32856,2.2,,8848,1.5,7.5,10^3/uL,2.2
603192,600894,600042,3024929,,2023-09-29,32856,201.7,,8848,150,400,10^3/uL,201.7
603193,600894,600042,3016723,,2023-09-29,32856,0.9,,8840,0.6,1.2,mg/dL,0.9
603194,600894,600042,3013721,,2023-09-29,32856,43.9,,8645,0,40,U/L,43.9
603195,600894,600042,3006923,,2023-09-29,32856,45,,8645,0,40,U/L,45.0
603196,600895,600042,3000963,,2023-10-20,32856,12.2,,8713,12,17,g/dL,12.2
603197,600895,600042,3010813,,2023-10-20,32856,5.8,,8848,4,10,10^3/uL,5.8
603198,600895,600042,3017732,,2023-10-20,32856,0.7,,8848,1.5,7.5,10^3/uL,0.7
603199,600895,600042,3024929,,2023-10-20,32856,120.7,,8848,150,400,10^3/uL,120.7
603200,600895,600042,3016723,,2023-10-20,32856,1,,8840,0.6,1.2,mg/dL,1.0
603201,600895,600042,3013721,,2023-10-20,32856,30.6,,8645,0,40,U/L,30.6
603202,600895,600042,3006923,,2023-10-20,32856,31.1,,8645,0,40,U/L,31.1
603203,600896,600042,3000963,,2023-11-10,32856,12.3,,8713,12,17,g/dL,12.3
603204,600896,600042,3010813,,2023-11-10,32856,5.8,,8848,4,10,10^3/uL,5.8
603205,600896,600042,3017732,,2023-11-10,32856,3.9,,8848,1.5,7.5,10^3/uL,3.9
603206,600896,600042,3024929,,2023-11-10,32856,185.6,,8848,150,400,10^3/uL,185.6
603207,600896,600042,3016723,,2023-11-10,32856,0.94,,8840,0.6,1.2,mg/dL,0.94
603208,600896,600042,3013721,,2023-11-10,32856,23.9,,8645,0,40,U/L,23.9
603209,600896,600042,3006923,,2023-11-10,32856,91.1,,8645,0,40,U/L,91.1
603210,600902,600042,3000963,,2024-02-28,32856,10.6,,8713,12,17,g/dL,10.6
603211,600902,600042,3022250,,2024-02-28,32856,151.6,,8645,120,250,U/L,151.6
603212,600904,600042,3000963,,2024-07-25,32856,13.5,,8713,12,17,g/dL,13.5
603213,600904,600042,3010813,,2024-07-25,32856,11.6,,8848,4,10,10^3/uL,11.6
603214,600904,600042,3017732,,2024-07-25,32856,2.5,,8848,1.5,7.5,10^3/uL,2.5
603215,600904,600042,3024929,,2024-07-25,32856,217,,8848,150,400,10^3/uL,217.0
603216,600904,600042,3016723,,2024-07-25,32856,1.2,,8840,0.6,1.2,mg/dL,1.2
603217,600904,600042,3013721,,2024-07-25,32856,13.7,,8645,0,40,U/L,13.7
603218,600904,600042,3006923,,2024-07-25,32856,41.1,,8645,0,40,U/L,41.1
603219,600905,600042,3000963,,2024-08-15,32856,11.7,,8713,12,17,g/dL,11.7
603220,600905,600042,3010813,,2024-08-15,32856,7.9,,8848,4,10,10^3/uL,7.9
603221,600905,600042,3017732,,2024-08-15,32856,2.5,,8848,1.5,7.5,10^3/uL,2.5
603222,600905,600042,3024929,,2024-08-15,32856,217,,8848,150,400,10^3/uL,217.0
603223,600905,600042,3016723,,2024-08-15,32856,0.66,,8840,0.6,1.2,mg/dL,0.66
603224,600905,600042,3013721,,2024-08-15,32856,56,,8645,0,40,U/L,56.0
603225,600905,600042,3006923,,2024-08-15,32856,29.6,,8645,0,40,U/L,29.6
603226,600906,600042,3000963,,2024-09-05,32856,12.3,,8713,12,17,g/dL,12.3
603227,600906,600042,3010813,,2024-09-05,32856,9.6,,8848,4,10,10^3/uL,9.6
603228,600906,600042,3017732,,2024-09-05,32856,4.2,,8848,1.5,7.5,10^3/uL,4.2
603229,600906,600042,3024929,,2024-09-05,32856,300.8,,8848,150,400,10^3/uL,300.8
603230,600906,600042,3016723,,2024-09-05,32856,0.83,,8840,0.6,1.2,mg/dL,0.83
603231,600906,600042,3013721,,2024-09-05,32856,25.6,,8645,0,40,U/L,25.6
603232,600906,600042,3006923,,2024-09-05,32856,34.6,,8645,0,40,U/L,34.6
603233,600910,600042,3000963,,2025-01-06,32856,12.4,,8713,12,17,g/dL,12.4
603234,600910,600042,3022250,,2025-01-06,32856,329.7,,8645,120,250,U/L,329.7
603235,600911,600042,3000963,,2025-05-28,32856,12.2,,8713,12,17,g/dL,12.2
603236,600911,600042,3022250,,2025-05-28,32856,319,,8645,120,250,U/L,319.0
603237,600912,600042,3000963,,2025-11-28,32856,11.7,,8713,12,17,g/dL,11.7
603238,600912,600042,3022250,,2025-11-28,32856,100.7,,8645,120,250,U/L,100.7
603239,600913,600042,3000963,,2026-05-30,32856,14.3,,8713,12,17,g/dL,14.3
603240,600913,600042,3022250,,2026-05-30,32856,179.7,,8645,120,250,U/L,179.7
603241,600914,600043,3000963,,2024-11-28,32856,13.2,,8713,12,17,g/dL,13.2
603242,600914,600043,3010813,,2024-11-28,32856,9,,8848,4,10,10^3/uL,9.0
603243,600914,600043,3017732,,2024-11-28,32856,1,,8848,1.5,7.5,10^3/uL,1.0
603244,600914,600043,3024929,,2024-11-28,32856,227.3,,8848,150,400,10^3/uL,227.3
603245,600914,600043,3016723,,2024-11-28,32856,0.63,,8840,0.6,1.2,mg/dL,0.63
603246,600914,600043,3013721,,2024-11-28,32856,35.5,,8645,0,40,U/L,35.5
603247,600914,600043,3006923,,2024-11-28,32856,105.8,,8645,0,40,U/L,105.8
603248,600914,600043,3020491,,2024-11-28,32856,4.2,,8713,3.5,5.2,g/dL,4.2
603249,600914,600043,3024128,,2024-11-28,32856,1.2,,8840,0.2,1.2,mg/dL,1.2
603250,600914,600043,3022250,,2024-11-28,32856,422.7,,8645,120,250,U/L,422.7
603251,600914,600043,3006315,,2024-11-28,32856,4,,8859,0.8,2.2,mg/L,4.0
603252,600914,600043,3036277,,2024-11-28,32856,175,,8582,150,185,cm,175.0
603253,600914,600043,3025315,,2024-11-28,32856,80.1,,9529,45,90,kg,80.1
603254,600915,600043,3000963,,2024-12-11,32856,12.1,,8713,12,17,g/dL,12.1
603255,600915,600043,3010813,,2024-12-11,32856,10.7,,8848,4,10,10^3/uL,10.7
603256,600915,600043,3017732,,2024-12-11,32856,3.7,,8848,1.5,7.5,10^3/uL,3.7
603257,600915,600043,3024929,,2024-12-11,32856,304.6,,8848,150,400,10^3/uL,304.6
603258,600915,600043,3016723,,2024-12-11,32856,0.67,,8840,0.6,1.2,mg/dL,0.67
603259,600915,600043,3013721,,2024-12-11,32856,48.1,,8645,0,40,U/L,48.1
603260,600915,600043,3006923,,2024-12-11,32856,21.6,,8645,0,40,U/L,21.6
603261,600916,600043,3000963,,2025-01-01,32856,14.6,,8713,12,17,g/dL,14.6
603262,600916,600043,3010813,,2025-01-01,32856,6.9,,8848,4,10,10^3/uL,6.9
603263,600916,600043,3017732,,2025-01-01,32856,1.8,,8848,1.5,7.5,10^3/uL,1.8
603264,600916,600043,3024929,,2025-01-01,32856,188.2,,8848,150,400,10^3/uL,188.2
603265,600916,600043,3016723,,2025-01-01,32856,0.58,,8840,0.6,1.2,mg/dL,0.58
603266,600916,600043,3013721,,2025-01-01,32856,34.6,,8645,0,40,U/L,34.6
603267,600916,600043,3006923,,2025-01-01,32856,15.3,,8645,0,40,U/L,15.3
603268,600917,600043,3000963,,2025-01-22,32856,11.9,,8713,12,17,g/dL,11.9
603269,600917,600043,3010813,,2025-01-22,32856,7.3,,8848,4,10,10^3/uL,7.3
603270,600917,600043,3017732,,2025-01-22,32856,3,,8848,1.5,7.5,10^3/uL,3.0
603271,600917,600043,3024929,,2025-01-22,32856,284.6,,8848,150,400,10^3/uL,284.6
603272,600917,600043,3016723,,2025-01-22,32856,1.21,,8840,0.6,1.2,mg/dL,1.21
603273,600917,600043,3013721,,2025-01-22,32856,48.8,,8645,0,40,U/L,48.8
603274,600917,600043,3006923,,2025-01-22,32856,49.9,,8645,0,40,U/L,49.9
603275,600918,600043,3000963,,2025-02-12,32856,11.4,,8713,12,17,g/dL,11.4
603276,600918,600043,3010813,,2025-02-12,32856,3.4,,8848,4,10,10^3/uL,3.4
603277,600918,600043,3017732,,2025-02-12,32856,3.1,,8848,1.5,7.5,10^3/uL,3.1
603278,600918,600043,3024929,,2025-02-12,32856,273.6,,8848,150,400,10^3/uL,273.6
603279,600918,600043,3016723,,2025-02-12,32856,0.74,,8840,0.6,1.2,mg/dL,0.74
603280,600918,600043,3013721,,2025-02-12,32856,18.1,,8645,0,40,U/L,18.1
603281,600918,600043,3006923,,2025-02-12,32856,15.7,,8645,0,40,U/L,15.7
603282,600919,600043,3000963,,2025-03-05,32856,8.8,,8713,12,17,g/dL,8.8
603283,600919,600043,3010813,,2025-03-05,32856,5.8,,8848,4,10,10^3/uL,5.8
603284,600919,600043,3017732,,2025-03-05,32856,3.8,,8848,1.5,7.5,10^3/uL,3.8
603285,600919,600043,3024929,,2025-03-05,32856,197.1,,8848,150,400,10^3/uL,197.1
603286,600919,600043,3016723,,2025-03-05,32856,0.98,,8840,0.6,1.2,mg/dL,0.98
603287,600919,600043,3013721,,2025-03-05,32856,38.6,,8645,0,40,U/L,38.6
603288,600919,600043,3006923,,2025-03-05,32856,16.7,,8645,0,40,U/L,16.7
603289,600920,600043,3000963,,2025-03-26,32856,11.4,,8713,12,17,g/dL,11.4
603290,600920,600043,3010813,,2025-03-26,32856,3.3,,8848,4,10,10^3/uL,3.3
603291,600920,600043,3017732,,2025-03-26,32856,1,,8848,1.5,7.5,10^3/uL,1.0
603292,600920,600043,3024929,,2025-03-26,32856,122.1,,8848,150,400,10^3/uL,122.1
603293,600920,600043,3016723,,2025-03-26,32856,0.51,,8840,0.6,1.2,mg/dL,0.51
603294,600920,600043,3013721,,2025-03-26,32856,24.3,,8645,0,40,U/L,24.3
603295,600920,600043,3006923,,2025-03-26,32856,99.1,,8645,0,40,U/L,99.1
603296,600927,600043,3000963,,2025-07-24,32856,14,,8713,12,17,g/dL,14.0
603297,600927,600043,3022250,,2025-07-24,32856,222.3,,8645,120,250,U/L,222.3
603298,600928,600043,3000963,,2025-10-25,32856,11,,8713,12,17,g/dL,11.0
603299,600928,600043,3022250,,2025-10-25,32856,200.8,,8645,120,250,U/L,200.8
603300,600929,600043,3000963,,2026-04-03,32856,11,,8713,12,17,g/dL,11.0
603301,600929,600043,3022250,,2026-04-03,32856,165.8,,8645,120,250,U/L,165.8
603302,600930,600044,3000963,,2020-03-25,32856,13.3,,8713,12,17,g/dL,13.3
603303,600930,600044,3010813,,2020-03-25,32856,6,,8848,4,10,10^3/uL,6.0
603304,600930,600044,3017732,,2020-03-25,32856,3.1,,8848,1.5,7.5,10^3/uL,3.1
603305,600930,600044,3024929,,2020-03-25,32856,308.1,,8848,150,400,10^3/uL,308.1
603306,600930,600044,3016723,,2020-03-25,32856,0.74,,8840,0.6,1.2,mg/dL,0.74
603307,600930,600044,3013721,,2020-03-25,32856,60.3,,8645,0,40,U/L,60.3
603308,600930,600044,3006923,,2020-03-25,32856,59,,8645,0,40,U/L,59.0
603309,600930,600044,3020491,,2020-03-25,32856,3.46,,8713,3.5,5.2,g/dL,3.46
603310,600930,600044,3024128,,2020-03-25,32856,0.36,,8840,0.2,1.2,mg/dL,0.36
603311,600930,600044,3022250,,2020-03-25,32856,144.1,,8645,120,250,U/L,144.1
603312,600930,600044,3006315,,2020-03-25,32856,1.9,,8859,0.8,2.2,mg/L,1.9
603313,600930,600044,3036277,,2020-03-25,32856,156.1,,8582,150,185,cm,156.1
603314,600930,600044,3025315,,2020-03-25,32856,50,,9529,45,90,kg,50.0
603315,600931,600044,3000963,,2020-04-18,32856,14,,8713,12,17,g/dL,14.0
603316,600931,600044,3010813,,2020-04-18,32856,8.4,,8848,4,10,10^3/uL,8.4
603317,600931,600044,3017732,,2020-04-18,32856,3.4,,8848,1.5,7.5,10^3/uL,3.4
603318,600931,600044,3024929,,2020-04-18,32856,245.4,,8848,150,400,10^3/uL,245.4
603319,600931,600044,3016723,,2020-04-18,32856,0.94,,8840,0.6,1.2,mg/dL,0.94
603320,600931,600044,3013721,,2020-04-18,32856,33,,8645,0,40,U/L,33.0
603321,600931,600044,3006923,,2020-04-18,32856,33.8,,8645,0,40,U/L,33.8
603322,600932,600044,3000963,,2020-05-09,32856,11.9,,8713,12,17,g/dL,11.9
603323,600932,600044,3010813,,2020-05-09,32856,10.5,,8848,4,10,10^3/uL,10.5
603324,600932,600044,3017732,,2020-05-09,32856,2.6,,8848,1.5,7.5,10^3/uL,2.6
603325,600932,600044,3024929,,2020-05-09,32856,239,,8848,150,400,10^3/uL,239.0
603326,600932,600044,3016723,,2020-05-09,32856,0.92,,8840,0.6,1.2,mg/dL,0.92
603327,600932,600044,3013721,,2020-05-09,32856,68.5,,8645,0,40,U/L,68.5
603328,600932,600044,3006923,,2020-05-09,32856,0,,8645,0,40,U/L,0
603329,600933,600044,3000963,,2020-05-30,32856,10.2,,8713,12,17,g/dL,10.2
603330,600933,600044,3010813,,2020-05-30,32856,5.2,,8848,4,10,10^3/uL,5.2
603331,600933,600044,3017732,,2020-05-30,32856,2.1,,8848,1.5,7.5,10^3/uL,2.1
603332,600933,600044,3024929,,2020-05-30,32856,247.7,,8848,150,400,10^3/uL,247.7
603333,600933,600044,3016723,,2020-05-30,32856,1.32,,8840,0.6,1.2,mg/dL,1.32
603334,600933,600044,3013721,,2020-05-30,32856,33,,8645,0,40,U/L,33.0
603335,600933,600044,3006923,,2020-05-30,32856,77.4,,8645,0,40,U/L,77.4
603336,600934,600044,3000963,,2020-06-20,32856,13.9,,8713,12,17,g/dL,13.9
603337,600934,600044,3010813,,2020-06-20,32856,3.4,,8848,4,10,10^3/uL,3.4
603338,600934,600044,3017732,,2020-06-20,32856,1.6,,8848,1.5,7.5,10^3/uL,1.6
603339,600934,600044,3024929,,2020-06-20,32856,335.6,,8848,150,400,10^3/uL,335.6
603340,600934,600044,3016723,,2020-06-20,32856,0.89,,8840,0.6,1.2,mg/dL,0.89
603341,600934,600044,3013721,,2020-06-20,32856,57.9,,8645,0,40,U/L,57.9
603342,600934,600044,3006923,,2020-06-20,32856,66.3,,8645,0,40,U/L,66.3
603343,600938,600044,3000963,,2020-11-08,32856,11.6,,8713,12,17,g/dL,11.6
603344,600938,600044,3022250,,2020-11-08,32856,392.8,,8645,120,250,U/L,392.8
603345,600939,600044,3000963,,2021-05-10,32856,15.1,,8713,12,17,g/dL,15.1
603346,600939,600044,3022250,,2021-05-10,32856,314.8,,8645,120,250,U/L,314.8
603347,600940,600044,3000963,,2021-08-15,32856,11.1,,8713,12,17,g/dL,11.1
603348,600940,600044,3022250,,2021-08-15,32856,315,,8645,120,250,U/L,315.0
603349,600941,600044,3000963,,2021-12-28,32856,14.5,,8713,12,17,g/dL,14.5
603350,600941,600044,3022250,,2021-12-28,32856,195.3,,8645,120,250,U/L,195.3
603351,600942,600044,3000963,,2022-03-23,32856,11.3,,8713,12,17,g/dL,11.3
603352,600942,600044,3022250,,2022-03-23,32856,329.5,,8645,120,250,U/L,329.5
603353,600943,600044,3000963,,2022-09-07,32856,14,,8713,12,17,g/dL,14.0
603354,600943,600044,3022250,,2022-09-07,32856,234,,8645,120,250,U/L,234.0
603355,600944,600044,3000963,,2023-01-31,32856,13.6,,8713,12,17,g/dL,13.6
603356,600944,600044,3022250,,2023-01-31,32856,250.8,,8645,120,250,U/L,250.8
603357,600945,600044,3000963,,2023-07-16,32856,12,,8713,12,17,g/dL,12.0
603358,600945,600044,3022250,,2023-07-16,32856,528.3,,8645,120,250,U/L,528.3
603359,600946,600044,3000963,,2023-12-19,32856,12,,8713,12,17,g/dL,12.0
603360,600946,600044,3022250,,2023-12-19,32856,206.6,,8645,120,250,U/L,206.6
603361,600947,600044,3000963,,2024-05-27,32856,10.2,,8713,12,17,g/dL,10.2
603362,600947,600044,3022250,,2024-05-27,32856,249.6,,8645,120,250,U/L,249.6
603363,600948,600044,3000963,,2024-08-24,32856,10.2,,8713,12,17,g/dL,10.2
603364,600948,600044,3022250,,2024-08-24,32856,240,,8645,120,250,U/L,240.0
603365,600949,600044,3000963,,2025-01-14,32856,12.8,,8713,12,17,g/dL,12.8
603366,600949,600044,3022250,,2025-01-14,32856,230.4,,8645,120,250,U/L,230.4
603367,600950,600045,3000963,,2022-03-14,32856,13.9,,8713,12,17,g/dL,13.9
603368,600950,600045,3010813,,2022-03-14,32856,9.6,,8848,4,10,10^3/uL,9.6
603369,600950,600045,3017732,,2022-03-14,32856,3.2,,8848,1.5,7.5,10^3/uL,3.2
603370,600950,600045,3024929,,2022-03-14,32856,227.6,,8848,150,400,10^3/uL,227.6
603371,600950,600045,3016723,,2022-03-14,32856,1.04,,8840,0.6,1.2,mg/dL,1.04
603372,600950,600045,3013721,,2022-03-14,32856,33.5,,8645,0,40,U/L,33.5
603373,600950,600045,3006923,,2022-03-14,32856,41.5,,8645,0,40,U/L,41.5
603374,600950,600045,3020491,,2022-03-14,32856,3.9,,8713,3.5,5.2,g/dL,3.9
603375,600950,600045,3024128,,2022-03-14,32856,0.51,,8840,0.2,1.2,mg/dL,0.51
603376,600950,600045,3022250,,2022-03-14,32856,132.1,,8645,120,250,U/L,132.1
603377,600950,600045,3006315,,2022-03-14,32856,2.9,,8859,0.8,2.2,mg/L,2.9
603378,600950,600045,3036277,,2022-03-14,32856,176.2,,8582,150,185,cm,176.2
603379,600950,600045,3025315,,2022-03-14,32856,47.9,,9529,45,90,kg,47.9
603380,600951,600045,3000963,,2022-03-29,32856,14.4,,8713,12,17,g/dL,14.4
603381,600951,600045,3010813,,2022-03-29,32856,8,,8848,4,10,10^3/uL,8.0
603382,600951,600045,3017732,,2022-03-29,32856,5.4,,8848,1.5,7.5,10^3/uL,5.4
603383,600951,600045,3024929,,2022-03-29,32856,188.2,,8848,150,400,10^3/uL,188.2
603384,600951,600045,3016723,,2022-03-29,32856,1.24,,8840,0.6,1.2,mg/dL,1.24
603385,600951,600045,3013721,,2022-03-29,32856,38.7,,8645,0,40,U/L,38.7
603386,600951,600045,3006923,,2022-03-29,32856,45.6,,8645,0,40,U/L,45.6
603387,600952,600045,3000963,,2022-04-19,32856,9.2,,8713,12,17,g/dL,9.2
603388,600952,600045,3010813,,2022-04-19,32856,9.1,,8848,4,10,10^3/uL,9.1
603389,600952,600045,3017732,,2022-04-19,32856,4.5,,8848,1.5,7.5,10^3/uL,4.5
603390,600952,600045,3024929,,2022-04-19,32856,111.4,,8848,150,400,10^3/uL,111.4
603391,600952,600045,3016723,,2022-04-19,32856,1.13,,8840,0.6,1.2,mg/dL,1.13
603392,600952,600045,3013721,,2022-04-19,32856,64.2,,8645,0,40,U/L,64.2
603393,600952,600045,3006923,,2022-04-19,32856,0,,8645,0,40,U/L,0
603394,600953,600045,3000963,,2022-05-10,32856,11.9,,8713,12,17,g/dL,11.9
603395,600953,600045,3010813,,2022-05-10,32856,1.8,,8848,4,10,10^3/uL,1.8
603396,600953,600045,3017732,,2022-05-10,32856,4.7,,8848,1.5,7.5,10^3/uL,4.7
603397,600953,600045,3024929,,2022-05-10,32856,286.7,,8848,150,400,10^3/uL,286.7
603398,600953,600045,3016723,,2022-05-10,32856,0.99,,8840,0.6,1.2,mg/dL,0.99
603399,600953,600045,3013721,,2022-05-10,32856,5.3,,8645,0,40,U/L,5.3
603400,600953,600045,3006923,,2022-05-10,32856,69.7,,8645,0,40,U/L,69.7
603401,600954,600045,3000963,,2022-05-31,32856,10.5,,8713,12,17,g/dL,10.5
603402,600954,600045,3010813,,2022-05-31,32856,9.9,,8848,4,10,10^3/uL,9.9
603403,600954,600045,3017732,,2022-05-31,32856,1.5,,8848,1.5,7.5,10^3/uL,1.5
603404,600954,600045,3024929,,2022-05-31,32856,118.5,,8848,150,400,10^3/uL,118.5
603405,600954,600045,3016723,,2022-05-31,32856,1.37,,8840,0.6,1.2,mg/dL,1.37
603406,600954,600045,3013721,,2022-05-31,32856,14.1,,8645,0,40,U/L,14.1
603407,600954,600045,3006923,,2022-05-31,32856,23.6,,8645,0,40,U/L,23.6
603408,600955,600045,3000963,,2022-06-21,32856,12.6,,8713,12,17,g/dL,12.6
603409,600955,600045,3010813,,2022-06-21,32856,3.1,,8848,4,10,10^3/uL,3.1
603410,600955,600045,3017732,,2022-06-21,32856,5.9,,8848,1.5,7.5,10^3/uL,5.9
603411,600955,600045,3024929,,2022-06-21,32856,237.8,,8848,150,400,10^3/uL,237.8
603412,600955,600045,3016723,,2022-06-21,32856,1.18,,8840,0.6,1.2,mg/dL,1.18
603413,600955,600045,3013721,,2022-06-21,32856,42.6,,8645,0,40,U/L,42.6
603414,600955,600045,3006923,,2022-06-21,32856,105.2,,8645,0,40,U/L,105.2
603415,600956,600045,3000963,,2022-07-12,32856,15,,8713,12,17,g/dL,15.0
603416,600956,600045,3010813,,2022-07-12,32856,7.4,,8848,4,10,10^3/uL,7.4
603417,600956,600045,3017732,,2022-07-12,32856,1.3,,8848,1.5,7.5,10^3/uL,1.3
603418,600956,600045,3024929,,2022-07-12,32856,346.2,,8848,150,400,10^3/uL,346.2
603419,600956,600045,3016723,,2022-07-12,32856,1.08,,8840,0.6,1.2,mg/dL,1.08
603420,600956,600045,3013721,,2022-07-12,32856,14.5,,8645,0,40,U/L,14.5
603421,600956,600045,3006923,,2022-07-12,32856,44,,8645,0,40,U/L,44.0
603422,600960,600045,3000963,,2022-11-11,32856,8.4,,8713,12,17,g/dL,8.4
603423,600960,600045,3022250,,2022-11-11,32856,111.5,,8645,120,250,U/L,111.5
603424,600961,600045,3000963,,2023-04-22,32856,13.2,,8713,12,17,g/dL,13.2
603425,600961,600045,3022250,,2023-04-22,32856,349.8,,8645,120,250,U/L,349.8
603426,600962,600045,3000963,,2023-08-04,32856,12.7,,8713,12,17,g/dL,12.7
603427,600962,600045,3022250,,2023-08-04,32856,304.6,,8645,120,250,U/L,304.6
603428,600963,600045,3000963,,2023-11-01,32856,10.8,,8713,12,17,g/dL,10.8
603429,600963,600045,3022250,,2023-11-01,32856,315.5,,8645,120,250,U/L,315.5
603430,600964,600045,3000963,,2024-04-22,32856,13,,8713,12,17,g/dL,13.0
603431,600964,600045,3022250,,2024-04-22,32856,264.2,,8645,120,250,U/L,264.2
603432,600965,600045,3000963,,2024-09-09,32856,12.4,,8713,12,17,g/dL,12.4
603433,600965,600045,3022250,,2024-09-09,32856,317.9,,8645,120,250,U/L,317.9
603434,600966,600045,3000963,,2025-01-21,32856,13,,8713,12,17,g/dL,13.0
603435,600966,600045,3022250,,2025-01-21,32856,427.5,,8645,120,250,U/L,427.5
603436,600967,600045,3000963,,2025-05-17,32856,14.8,,8713,12,17,g/dL,14.8
603437,600967,600045,3022250,,2025-05-17,32856,48,,8645,120,250,U/L,48.0
603438,600968,600045,3000963,,2025-10-23,32856,15.8,,8713,12,17,g/dL,15.8
603439,600968,600045,3022250,,2025-10-23,32856,380.5,,8645,120,250,U/L,380.5
603440,600969,600045,3000963,,2026-04-01,32856,14,,8713,12,17,g/dL,14.0
603441,600969,600045,3022250,,2026-04-01,32856,199.4,,8645,120,250,U/L,199.4
603442,600970,600046,3000963,,2022-01-21,32856,11.9,,8713,12,17,g/dL,11.9
603443,600970,600046,3010813,,2022-01-21,32856,9.9,,8848,4,10,10^3/uL,9.9
603444,600970,600046,3017732,,2022-01-21,32856,5.2,,8848,1.5,7.5,10^3/uL,5.2
603445,600970,600046,3024929,,2022-01-21,32856,268.9,,8848,150,400,10^3/uL,268.9
603446,600970,600046,3016723,,2022-01-21,32856,0.94,,8840,0.6,1.2,mg/dL,0.94
603447,600970,600046,3013721,,2022-01-21,32856,15.8,,8645,0,40,U/L,15.8
603448,600970,600046,3006923,,2022-01-21,32856,82.6,,8645,0,40,U/L,82.6
603449,600970,600046,3020491,,2022-01-21,32856,3.96,,8713,3.5,5.2,g/dL,3.96
603450,600970,600046,3024128,,2022-01-21,32856,0.78,,8840,0.2,1.2,mg/dL,0.78
603451,600970,600046,3022250,,2022-01-21,32856,389,,8645,120,250,U/L,389.0
603452,600970,600046,3006315,,2022-01-21,32856,3.1,,8859,0.8,2.2,mg/L,3.1
603453,600970,600046,3036277,,2022-01-21,32856,166.9,,8582,150,185,cm,166.9
603454,600970,600046,3025315,,2022-01-21,32856,63.9,,9529,45,90,kg,63.9
603455,600971,600046,3000963,,2022-02-11,32856,11.6,,8713,12,17,g/dL,11.6
603456,600971,600046,3010813,,2022-02-11,32856,5,,8848,4,10,10^3/uL,5.0
603457,600971,600046,3017732,,2022-02-11,32856,3,,8848,1.5,7.5,10^3/uL,3.0
603458,600971,600046,3024929,,2022-02-11,32856,218.6,,8848,150,400,10^3/uL,218.6
603459,600971,600046,3016723,,2022-02-11,32856,0.44,,8840,0.6,1.2,mg/dL,0.44
603460,600971,600046,3013721,,2022-02-11,32856,25.2,,8645,0,40,U/L,25.2
603461,600971,600046,3006923,,2022-02-11,32856,0,,8645,0,40,U/L,0
603462,600972,600046,3000963,,2022-03-04,32856,15.4,,8713,12,17,g/dL,15.4
603463,600972,600046,3010813,,2022-03-04,32856,6.6,,8848,4,10,10^3/uL,6.6
603464,600972,600046,3017732,,2022-03-04,32856,2.7,,8848,1.5,7.5,10^3/uL,2.7
603465,600972,600046,3024929,,2022-03-04,32856,170.6,,8848,150,400,10^3/uL,170.6
603466,600972,600046,3016723,,2022-03-04,32856,0.83,,8840,0.6,1.2,mg/dL,0.83
603467,600972,600046,3013721,,2022-03-04,32856,37.6,,8645,0,40,U/L,37.6
603468,600972,600046,3006923,,2022-03-04,32856,46.1,,8645,0,40,U/L,46.1
603469,600973,600046,3000963,,2022-03-25,32856,12.7,,8713,12,17,g/dL,12.7
603470,600973,600046,3010813,,2022-03-25,32856,7.6,,8848,4,10,10^3/uL,7.6
603471,600973,600046,3017732,,2022-03-25,32856,1.1,,8848,1.5,7.5,10^3/uL,1.1
603472,600973,600046,3024929,,2022-03-25,32856,229.3,,8848,150,400,10^3/uL,229.3
603473,600973,600046,3016723,,2022-03-25,32856,0.51,,8840,0.6,1.2,mg/dL,0.51
603474,600973,600046,3013721,,2022-03-25,32856,13.4,,8645,0,40,U/L,13.4
603475,600973,600046,3006923,,2022-03-25,32856,46.2,,8645,0,40,U/L,46.2
603476,600974,600046,3000963,,2022-04-15,32856,13.7,,8713,12,17,g/dL,13.7
603477,600974,600046,3010813,,2022-04-15,32856,10.2,,8848,4,10,10^3/uL,10.2
603478,600974,600046,3017732,,2022-04-15,32856,2.2,,8848,1.5,7.5,10^3/uL,2.2
603479,600974,600046,3024929,,2022-04-15,32856,150.4,,8848,150,400,10^3/uL,150.4
603480,600974,600046,3016723,,2022-04-15,32856,0.99,,8840,0.6,1.2,mg/dL,0.99
603481,600974,600046,3013721,,2022-04-15,32856,19,,8645,0,40,U/L,19.0
603482,600974,600046,3006923,,2022-04-15,32856,45.1,,8645,0,40,U/L,45.1
603483,600975,600046,3000963,,2022-05-06,32856,12.3,,8713,12,17,g/dL,12.3
603484,600975,600046,3010813,,2022-05-06,32856,6.4,,8848,4,10,10^3/uL,6.4
603485,600975,600046,3017732,,2022-05-06,32856,0,,8848,1.5,7.5,10^3/uL,0
603486,600975,600046,3024929,,2022-05-06,32856,327.6,,8848,150,400,10^3/uL,327.6
603487,600975,600046,3016723,,2022-05-06,32856,0.69,,8840,0.6,1.2,mg/dL,0.69
603488,600975,600046,3013721,,2022-05-06,32856,7.9,,8645,0,40,U/L,7.9
603489,600975,600046,3006923,,2022-05-06,32856,51.8,,8645,0,40,U/L,51.8
603490,600976,600046,3000963,,2022-05-27,32856,10.9,,8713,12,17,g/dL,10.9
603491,600976,600046,3010813,,2022-05-27,32856,7.9,,8848,4,10,10^3/uL,7.9
603492,600976,600046,3017732,,2022-05-27,32856,1.1,,8848,1.5,7.5,10^3/uL,1.1
603493,600976,600046,3024929,,2022-05-27,32856,346.4,,8848,150,400,10^3/uL,346.4
603494,600976,600046,3016723,,2022-05-27,32856,0.98,,8840,0.6,1.2,mg/dL,0.98
603495,600976,600046,3013721,,2022-05-27,32856,68.5,,8645,0,40,U/L,68.5
603496,600976,600046,3006923,,2022-05-27,32856,60.9,,8645,0,40,U/L,60.9
603497,600982,600046,3000963,,2022-09-30,32856,13.3,,8713,12,17,g/dL,13.3
603498,600982,600046,3022250,,2022-09-30,32856,296.8,,8645,120,250,U/L,296.8
603499,600983,600046,3000963,,2023-03-10,32856,12.7,,8713,12,17,g/dL,12.7
603500,600983,600046,3022250,,2023-03-10,32856,316.3,,8645,120,250,U/L,316.3
603501,600984,600046,3000963,,2023-06-23,32856,15.2,,8713,12,17,g/dL,15.2
603502,600984,600046,3022250,,2023-06-23,32856,384.8,,8645,120,250,U/L,384.8
603503,600985,600046,3000963,,2023-11-29,32856,14.6,,8713,12,17,g/dL,14.6
603504,600985,600046,3022250,,2023-11-29,32856,298.5,,8645,120,250,U/L,298.5
603505,600986,600046,3000963,,2024-03-05,32856,14.3,,8713,12,17,g/dL,14.3
603506,600986,600046,3022250,,2024-03-05,32856,216.7,,8645,120,250,U/L,216.7
603507,600987,600046,3000963,,2024-08-19,32856,10.3,,8713,12,17,g/dL,10.3
603508,600987,600046,3022250,,2024-08-19,32856,122.8,,8645,120,250,U/L,122.8
603509,600988,600046,3000963,,2025-02-15,32856,10.4,,8713,12,17,g/dL,10.4
603510,600988,600046,3022250,,2025-02-15,32856,185.2,,8645,120,250,U/L,185.2
603511,600989,600046,3000963,,2025-08-08,32856,9.6,,8713,12,17,g/dL,9.6
603512,600989,600046,3022250,,2025-08-08,32856,173.1,,8645,120,250,U/L,173.1
603513,600990,600046,3000963,,2025-11-20,32856,11.4,,8713,12,17,g/dL,11.4
603514,600990,600046,3022250,,2025-11-20,32856,178.6,,8645,120,250,U/L,178.6
603515,600991,600046,3000963,,2026-05-01,32856,11.6,,8713,12,17,g/dL,11.6
603516,600991,600046,3022250,,2026-05-01,32856,106.1,,8645,120,250,U/L,106.1
603517,600992,600047,3000963,,2024-06-13,32856,14.4,,8713,12,17,g/dL,14.4
603518,600992,600047,3010813,,2024-06-13,32856,10.1,,8848,4,10,10^3/uL,10.1
603519,600992,600047,3017732,,2024-06-13,32856,4.3,,8848,1.5,7.5,10^3/uL,4.3
603520,600992,600047,3024929,,2024-06-13,32856,112,,8848,150,400,10^3/uL,112.0
603521,600992,600047,3016723,,2024-06-13,32856,1.09,,8840,0.6,1.2,mg/dL,1.09
603522,600992,600047,3013721,,2024-06-13,32856,26.3,,8645,0,40,U/L,26.3
603523,600992,600047,3006923,,2024-06-13,32856,27,,8645,0,40,U/L,27.0
603524,600992,600047,3020491,,2024-06-13,32856,3.46,,8713,3.5,5.2,g/dL,3.46
603525,600992,600047,3024128,,2024-06-13,32856,0.73,,8840,0.2,1.2,mg/dL,0.73
603526,600992,600047,3022250,,2024-06-13,32856,302.8,,8645,120,250,U/L,302.8
603527,600992,600047,3006315,,2024-06-13,32856,3,,8859,0.8,2.2,mg/L,3.0
603528,600992,600047,3036277,,2024-06-13,32856,171.7,,8582,150,185,cm,171.7
603529,600992,600047,3025315,,2024-06-13,32856,79.1,,9529,45,90,kg,79.1
603530,600993,600047,3000963,,2024-06-29,32856,13.2,,8713,12,17,g/dL,13.2
603531,600993,600047,3010813,,2024-06-29,32856,5.4,,8848,4,10,10^3/uL,5.4
603532,600993,600047,3017732,,2024-06-29,32856,5.6,,8848,1.5,7.5,10^3/uL,5.6
603533,600993,600047,3024929,,2024-06-29,32856,156.1,,8848,150,400,10^3/uL,156.1
603534,600993,600047,3016723,,2024-06-29,32856,0.98,,8840,0.6,1.2,mg/dL,0.98
603535,600993,600047,3013721,,2024-06-29,32856,32.1,,8645,0,40,U/L,32.1
603536,600993,600047,3006923,,2024-06-29,32856,56.3,,8645,0,40,U/L,56.3
603537,600994,600047,3000963,,2024-07-20,32856,12.8,,8713,12,17,g/dL,12.8
603538,600994,600047,3010813,,2024-07-20,32856,2.8,,8848,4,10,10^3/uL,2.8
603539,600994,600047,3017732,,2024-07-20,32856,0,,8848,1.5,7.5,10^3/uL,0
603540,600994,600047,3024929,,2024-07-20,32856,217.6,,8848,150,400,10^3/uL,217.6
603541,600994,600047,3016723,,2024-07-20,32856,0.58,,8840,0.6,1.2,mg/dL,0.58
603542,600994,600047,3013721,,2024-07-20,32856,0,,8645,0,40,U/L,0
603543,600994,600047,3006923,,2024-07-20,32856,70.6,,8645,0,40,U/L,70.6
603544,600995,600047,3000963,,2024-08-10,32856,12.6,,8713,12,17,g/dL,12.6
603545,600995,600047,3010813,,2024-08-10,32856,7.9,,8848,4,10,10^3/uL,7.9
603546,600995,600047,3017732,,2024-08-10,32856,3.6,,8848,1.5,7.5,10^3/uL,3.6
603547,600995,600047,3024929,,2024-08-10,32856,180,,8848,150,400,10^3/uL,180.0
603548,600995,600047,3016723,,2024-08-10,32856,0.81,,8840,0.6,1.2,mg/dL,0.81
603549,600995,600047,3013721,,2024-08-10,32856,31.1,,8645,0,40,U/L,31.1
603550,600995,600047,3006923,,2024-08-10,32856,59.8,,8645,0,40,U/L,59.8
603551,600996,600047,3000963,,2024-08-31,32856,12.2,,8713,12,17,g/dL,12.2
603552,600996,600047,3010813,,2024-08-31,32856,4.2,,8848,4,10,10^3/uL,4.2
603553,600996,600047,3017732,,2024-08-31,32856,1.9,,8848,1.5,7.5,10^3/uL,1.9
603554,600996,600047,3024929,,2024-08-31,32856,166.1,,8848,150,400,10^3/uL,166.1
603555,600996,600047,3016723,,2024-08-31,32856,0.78,,8840,0.6,1.2,mg/dL,0.78
603556,600996,600047,3013721,,2024-08-31,32856,64.2,,8645,0,40,U/L,64.2
603557,600996,600047,3006923,,2024-08-31,32856,102.4,,8645,0,40,U/L,102.4
603558,601002,600047,3000963,,2025-02-27,32856,13.3,,8713,12,17,g/dL,13.3
603559,601002,600047,3022250,,2025-02-27,32856,178.3,,8645,120,250,U/L,178.3
603560,601003,600047,3000963,,2025-06-25,32856,13,,8713,12,17,g/dL,13.0
603561,601003,600047,3022250,,2025-06-25,32856,191.3,,8645,120,250,U/L,191.3
603562,601004,600047,3000963,,2025-12-21,32856,12.4,,8713,12,17,g/dL,12.4
603563,601004,600047,3022250,,2025-12-21,32856,190.5,,8645,120,250,U/L,190.5
603564,601005,600047,3000963,,2026-06-07,32856,10.4,,8713,12,17,g/dL,10.4
603565,601005,600047,3022250,,2026-06-07,32856,98.2,,8645,120,250,U/L,98.2
603566,601006,600048,3000963,,2023-07-16,32856,13.5,,8713,12,17,g/dL,13.5
603567,601006,600048,3010813,,2023-07-16,32856,9.5,,8848,4,10,10^3/uL,9.5
603568,601006,600048,3017732,,2023-07-16,32856,2.4,,8848,1.5,7.5,10^3/uL,2.4
603569,601006,600048,3024929,,2023-07-16,32856,141.7,,8848,150,400,10^3/uL,141.7
603570,601006,600048,3016723,,2023-07-16,32856,1.35,,8840,0.6,1.2,mg/dL,1.35
603571,601006,600048,3013721,,2023-07-16,32856,51.7,,8645,0,40,U/L,51.7
603572,601006,600048,3006923,,2023-07-16,32856,22.8,,8645,0,40,U/L,22.8
603573,601006,600048,3020491,,2023-07-16,32856,4.15,,8713,3.5,5.2,g/dL,4.15
603574,601006,600048,3024128,,2023-07-16,32856,0.87,,8840,0.2,1.2,mg/dL,0.87
603575,601006,600048,3022250,,2023-07-16,32856,296.7,,8645,120,250,U/L,296.7
603576,601006,600048,3006315,,2023-07-16,32856,3.4,,8859,0.8,2.2,mg/L,3.4
603577,601006,600048,3036277,,2023-07-16,32856,171.8,,8582,150,185,cm,171.8
603578,601006,600048,3025315,,2023-07-16,32856,70.5,,9529,45,90,kg,70.5
603579,601007,600048,3000963,,2023-07-26,32856,12.6,,8713,12,17,g/dL,12.6
603580,601007,600048,3010813,,2023-07-26,32856,6.8,,8848,4,10,10^3/uL,6.8
603581,601007,600048,3017732,,2023-07-26,32856,2.1,,8848,1.5,7.5,10^3/uL,2.1
603582,601007,600048,3024929,,2023-07-26,32856,158.7,,8848,150,400,10^3/uL,158.7
603583,601007,600048,3016723,,2023-07-26,32856,0.89,,8840,0.6,1.2,mg/dL,0.89
603584,601007,600048,3013721,,2023-07-26,32856,57.3,,8645,0,40,U/L,57.3
603585,601007,600048,3006923,,2023-07-26,32856,5.4,,8645,0,40,U/L,5.4
603586,601008,600048,3000963,,2023-08-16,32856,12.1,,8713,12,17,g/dL,12.1
603587,601008,600048,3010813,,2023-08-16,32856,6.5,,8848,4,10,10^3/uL,6.5
603588,601008,600048,3017732,,2023-08-16,32856,3.3,,8848,1.5,7.5,10^3/uL,3.3
603589,601008,600048,3024929,,2023-08-16,32856,190.3,,8848,150,400,10^3/uL,190.3
603590,601008,600048,3016723,,2023-08-16,32856,0.88,,8840,0.6,1.2,mg/dL,0.88
603591,601008,600048,3013721,,2023-08-16,32856,47.8,,8645,0,40,U/L,47.8
603592,601008,600048,3006923,,2023-08-16,32856,51.3,,8645,0,40,U/L,51.3
603593,601009,600048,3000963,,2023-09-06,32856,13.4,,8713,12,17,g/dL,13.4
603594,601009,600048,3010813,,2023-09-06,32856,8.2,,8848,4,10,10^3/uL,8.2
603595,601009,600048,3017732,,2023-09-06,32856,5.2,,8848,1.5,7.5,10^3/uL,5.2
603596,601009,600048,3024929,,2023-09-06,32856,121.8,,8848,150,400,10^3/uL,121.8
603597,601009,600048,3016723,,2023-09-06,32856,1.01,,8840,0.6,1.2,mg/dL,1.01
603598,601009,600048,3013721,,2023-09-06,32856,56.2,,8645,0,40,U/L,56.2
603599,601009,600048,3006923,,2023-09-06,32856,57.3,,8645,0,40,U/L,57.3
603600,601010,600048,3000963,,2023-09-27,32856,10.9,,8713,12,17,g/dL,10.9
603601,601010,600048,3010813,,2023-09-27,32856,2.1,,8848,4,10,10^3/uL,2.1
603602,601010,600048,3017732,,2023-09-27,32856,1.3,,8848,1.5,7.5,10^3/uL,1.3
603603,601010,600048,3024929,,2023-09-27,32856,238.7,,8848,150,400,10^3/uL,238.7
603604,601010,600048,3016723,,2023-09-27,32856,0.68,,8840,0.6,1.2,mg/dL,0.68
603605,601010,600048,3013721,,2023-09-27,32856,9.7,,8645,0,40,U/L,9.7
603606,601010,600048,3006923,,2023-09-27,32856,14.6,,8645,0,40,U/L,14.6
603607,601016,600048,3000963,,2024-03-11,32856,11,,8713,12,17,g/dL,11.0
603608,601016,600048,3022250,,2024-03-11,32856,24.1,,8645,120,250,U/L,24.1
603609,601017,600048,3000963,,2024-09-09,32856,11.5,,8713,12,17,g/dL,11.5
603610,601017,600048,3022250,,2024-09-09,32856,373.5,,8645,120,250,U/L,373.5
603611,601018,600048,3000963,,2024-12-05,32856,11.2,,8713,12,17,g/dL,11.2
603612,601018,600048,3022250,,2024-12-05,32856,221.6,,8645,120,250,U/L,221.6
603613,601019,600048,3000963,,2025-04-28,32856,13,,8713,12,17,g/dL,13.0
603614,601019,600048,3022250,,2025-04-28,32856,150.6,,8645,120,250,U/L,150.6
603615,601020,600048,3000963,,2025-10-19,32856,13,,8713,12,17,g/dL,13.0
603616,601020,600048,3022250,,2025-10-19,32856,301.4,,8645,120,250,U/L,301.4
603617,601021,600048,3000963,,2026-02-12,32856,14,,8713,12,17,g/dL,14.0
603618,601021,600048,3022250,,2026-02-12,32856,171.6,,8645,120,250,U/L,171.6
603619,601022,600048,3000963,,2026-05-22,32856,13.1,,8713,12,17,g/dL,13.1
603620,601022,600048,3022250,,2026-05-22,32856,197.7,,8645,120,250,U/L,197.7
603621,601023,600049,3000963,,2023-08-28,32856,11.3,,8713,12,17,g/dL,11.3
603622,601023,600049,3010813,,2023-08-28,32856,6.2,,8848,4,10,10^3/uL,6.2
603623,601023,600049,3017732,,2023-08-28,32856,3,,8848,1.5,7.5,10^3/uL,3.0
603624,601023,600049,3024929,,2023-08-28,32856,248.2,,8848,150,400,10^3/uL,248.2
603625,601023,600049,3016723,,2023-08-28,32856,0.97,,8840,0.6,1.2,mg/dL,0.97
603626,601023,600049,3013721,,2023-08-28,32856,30.5,,8645,0,40,U/L,30.5
603627,601023,600049,3006923,,2023-08-28,32856,21.7,,8645,0,40,U/L,21.7
603628,601023,600049,3020491,,2023-08-28,32856,3.97,,8713,3.5,5.2,g/dL,3.97
603629,601023,600049,3024128,,2023-08-28,32856,0.41,,8840,0.2,1.2,mg/dL,0.41
603630,601023,600049,3022250,,2023-08-28,32856,389.5,,8645,120,250,U/L,389.5
603631,601023,600049,3006315,,2023-08-28,32856,2.6,,8859,0.8,2.2,mg/L,2.6
603632,601023,600049,3036277,,2023-08-28,32856,164.4,,8582,150,185,cm,164.4
603633,601023,600049,3025315,,2023-08-28,32856,66.8,,9529,45,90,kg,66.8
603634,601024,600049,3000963,,2023-09-21,32856,13.9,,8713,12,17,g/dL,13.9
603635,601024,600049,3010813,,2023-09-21,32856,7.5,,8848,4,10,10^3/uL,7.5
603636,601024,600049,3017732,,2023-09-21,32856,4.8,,8848,1.5,7.5,10^3/uL,4.8
603637,601024,600049,3024929,,2023-09-21,32856,179.2,,8848,150,400,10^3/uL,179.2
603638,601024,600049,3016723,,2023-09-21,32856,1.2,,8840,0.6,1.2,mg/dL,1.2
603639,601024,600049,3013721,,2023-09-21,32856,0,,8645,0,40,U/L,0
603640,601024,600049,3006923,,2023-09-21,32856,47.1,,8645,0,40,U/L,47.1
603641,601025,600049,3000963,,2023-10-12,32856,11.3,,8713,12,17,g/dL,11.3
603642,601025,600049,3010813,,2023-10-12,32856,3.9,,8848,4,10,10^3/uL,3.9
603643,601025,600049,3017732,,2023-10-12,32856,4,,8848,1.5,7.5,10^3/uL,4.0
603644,601025,600049,3024929,,2023-10-12,32856,249.8,,8848,150,400,10^3/uL,249.8
603645,601025,600049,3016723,,2023-10-12,32856,0.82,,8840,0.6,1.2,mg/dL,0.82
603646,601025,600049,3013721,,2023-10-12,32856,31.1,,8645,0,40,U/L,31.1
603647,601025,600049,3006923,,2023-10-12,32856,62.3,,8645,0,40,U/L,62.3
603648,601026,600049,3000963,,2023-11-02,32856,13.3,,8713,12,17,g/dL,13.3
603649,601026,600049,3010813,,2023-11-02,32856,9.5,,8848,4,10,10^3/uL,9.5
603650,601026,600049,3017732,,2023-11-02,32856,3.3,,8848,1.5,7.5,10^3/uL,3.3
603651,601026,600049,3024929,,2023-11-02,32856,263,,8848,150,400,10^3/uL,263.0
603652,601026,600049,3016723,,2023-11-02,32856,0.7,,8840,0.6,1.2,mg/dL,0.7
603653,601026,600049,3013721,,2023-11-02,32856,31.5,,8645,0,40,U/L,31.5
603654,601026,600049,3006923,,2023-11-02,32856,12,,8645,0,40,U/L,12.0
603655,601027,600049,3000963,,2023-11-23,32856,12.3,,8713,12,17,g/dL,12.3
603656,601027,600049,3010813,,2023-11-23,32856,7.7,,8848,4,10,10^3/uL,7.7
603657,601027,600049,3017732,,2023-11-23,32856,2.8,,8848,1.5,7.5,10^3/uL,2.8
603658,601027,600049,3024929,,2023-11-23,32856,287.5,,8848,150,400,10^3/uL,287.5
603659,601027,600049,3016723,,2023-11-23,32856,0.97,,8840,0.6,1.2,mg/dL,0.97
603660,601027,600049,3013721,,2023-11-23,32856,57.4,,8645,0,40,U/L,57.4
603661,601027,600049,3006923,,2023-11-23,32856,27.5,,8645,0,40,U/L,27.5
603662,601028,600049,3000963,,2023-12-14,32856,13.5,,8713,12,17,g/dL,13.5
603663,601028,600049,3010813,,2023-12-14,32856,6.4,,8848,4,10,10^3/uL,6.4
603664,601028,600049,3017732,,2023-12-14,32856,3.3,,8848,1.5,7.5,10^3/uL,3.3
603665,601028,600049,3024929,,2023-12-14,32856,283.5,,8848,150,400,10^3/uL,283.5
603666,601028,600049,3016723,,2023-12-14,32856,0.58,,8840,0.6,1.2,mg/dL,0.58
603667,601028,600049,3013721,,2023-12-14,32856,44.3,,8645,0,40,U/L,44.3
603668,601028,600049,3006923,,2023-12-14,32856,113.1,,8645,0,40,U/L,113.1
603669,601029,600049,3000963,,2024-01-04,32856,13.8,,8713,12,17,g/dL,13.8
603670,601029,600049,3010813,,2024-01-04,32856,13.3,,8848,4,10,10^3/uL,13.3
603671,601029,600049,3017732,,2024-01-04,32856,5.7,,8848,1.5,7.5,10^3/uL,5.7
603672,601029,600049,3024929,,2024-01-04,32856,226.7,,8848,150,400,10^3/uL,226.7
603673,601029,600049,3016723,,2024-01-04,32856,0.85,,8840,0.6,1.2,mg/dL,0.85
603674,601029,600049,3013721,,2024-01-04,32856,30.9,,8645,0,40,U/L,30.9
603675,601029,600049,3006923,,2024-01-04,32856,6.4,,8645,0,40,U/L,6.4
603676,601034,600049,3000963,,2024-05-02,32856,11.9,,8713,12,17,g/dL,11.9
603677,601034,600049,3022250,,2024-05-02,32856,161.1,,8645,120,250,U/L,161.1
603678,601035,600049,3000963,,2024-10-09,32856,11.4,,8713,12,17,g/dL,11.4
603679,601035,600049,3022250,,2024-10-09,32856,20,,8645,120,250,U/L,20
603680,601036,600049,3000963,,2025-03-31,32856,11.6,,8713,12,17,g/dL,11.6
603681,601036,600049,3022250,,2025-03-31,32856,409.8,,8645,120,250,U/L,409.8
603682,601037,600049,3000963,,2025-07-11,32856,12.9,,8713,12,17,g/dL,12.9
603683,601037,600049,3022250,,2025-07-11,32856,368.4,,8645,120,250,U/L,368.4
603684,601038,600049,3000963,,2025-10-14,32856,14.1,,8713,12,17,g/dL,14.1
603685,601038,600049,3022250,,2025-10-14,32856,147,,8645,120,250,U/L,147.0
603686,601039,600049,3000963,,2026-02-24,32856,10.2,,8713,12,17,g/dL,10.2
603687,601039,600049,3022250,,2026-02-24,32856,184,,8645,120,250,U/L,184.0
603688,601040,600049,3000963,,2026-06-30,32856,14.1,,8713,12,17,g/dL,14.1
603689,601040,600049,3022250,,2026-06-30,32856,250.1,,8645,120,250,U/L,250.1
603690,601041,600050,3000963,,2020-02-02,32856,9.7,,8713,12,17,g/dL,9.7
603691,601041,600050,3010813,,2020-02-02,32856,3.9,,8848,4,10,10^3/uL,3.9
603692,601041,600050,3017732,,2020-02-02,32856,4.2,,8848,1.5,7.5,10^3/uL,4.2
603693,601041,600050,3024929,,2020-02-02,32856,242.3,,8848,150,400,10^3/uL,242.3
603694,601041,600050,3016723,,2020-02-02,32856,0.64,,8840,0.6,1.2,mg/dL,0.64
603695,601041,600050,3013721,,2020-02-02,32856,70.7,,8645,0,40,U/L,70.7
603696,601041,600050,3006923,,2020-02-02,32856,0,,8645,0,40,U/L,0
603697,601041,600050,3020491,,2020-02-02,32856,4.1,,8713,3.5,5.2,g/dL,4.1
603698,601041,600050,3024128,,2020-02-02,32856,1.29,,8840,0.2,1.2,mg/dL,1.29
603699,601041,600050,3022250,,2020-02-02,32856,546.4,,8645,120,250,U/L,546.4
603700,601041,600050,3006315,,2020-02-02,32856,2.4,,8859,0.8,2.2,mg/L,2.4
603701,601041,600050,3036277,,2020-02-02,32856,171.8,,8582,150,185,cm,171.8
603702,601041,600050,3025315,,2020-02-02,32856,69.8,,9529,45,90,kg,69.8
603703,601042,600050,3000963,,2020-02-14,32856,13.5,,8713,12,17,g/dL,13.5
603704,601042,600050,3010813,,2020-02-14,32856,6.2,,8848,4,10,10^3/uL,6.2
603705,601042,600050,3017732,,2020-02-14,32856,3.6,,8848,1.5,7.5,10^3/uL,3.6
603706,601042,600050,3024929,,2020-02-14,32856,88,,8848,150,400,10^3/uL,88.0
603707,601042,600050,3016723,,2020-02-14,32856,0.8,,8840,0.6,1.2,mg/dL,0.8
603708,601042,600050,3013721,,2020-02-14,32856,19.1,,8645,0,40,U/L,19.1
603709,601042,600050,3006923,,2020-02-14,32856,37.4,,8645,0,40,U/L,37.4
603710,601043,600050,3000963,,2020-03-06,32856,11.2,,8713,12,17,g/dL,11.2
603711,601043,600050,3010813,,2020-03-06,32856,7.2,,8848,4,10,10^3/uL,7.2
603712,601043,600050,3017732,,2020-03-06,32856,2.2,,8848,1.5,7.5,10^3/uL,2.2
603713,601043,600050,3024929,,2020-03-06,32856,269.2,,8848,150,400,10^3/uL,269.2
603714,601043,600050,3016723,,2020-03-06,32856,0.83,,8840,0.6,1.2,mg/dL,0.83
603715,601043,600050,3013721,,2020-03-06,32856,35.6,,8645,0,40,U/L,35.6
603716,601043,600050,3006923,,2020-03-06,32856,91.1,,8645,0,40,U/L,91.1
603717,601044,600050,3000963,,2020-03-27,32856,13.8,,8713,12,17,g/dL,13.8
603718,601044,600050,3010813,,2020-03-27,32856,9,,8848,4,10,10^3/uL,9.0
603719,601044,600050,3017732,,2020-03-27,32856,2.7,,8848,1.5,7.5,10^3/uL,2.7
603720,601044,600050,3024929,,2020-03-27,32856,89.3,,8848,150,400,10^3/uL,89.3
603721,601044,600050,3016723,,2020-03-27,32856,0.86,,8840,0.6,1.2,mg/dL,0.86
603722,601044,600050,3013721,,2020-03-27,32856,49.5,,8645,0,40,U/L,49.5
603723,601044,600050,3006923,,2020-03-27,32856,22.9,,8645,0,40,U/L,22.9
603724,601045,600050,3000963,,2020-04-17,32856,11.9,,8713,12,17,g/dL,11.9
603725,601045,600050,3010813,,2020-04-17,32856,6.8,,8848,4,10,10^3/uL,6.8
603726,601045,600050,3017732,,2020-04-17,32856,3.9,,8848,1.5,7.5,10^3/uL,3.9
603727,601045,600050,3024929,,2020-04-17,32856,242.6,,8848,150,400,10^3/uL,242.6
603728,601045,600050,3016723,,2020-04-17,32856,0.59,,8840,0.6,1.2,mg/dL,0.59
603729,601045,600050,3013721,,2020-04-17,32856,48.5,,8645,0,40,U/L,48.5
603730,601045,600050,3006923,,2020-04-17,32856,32.6,,8645,0,40,U/L,32.6
603731,601046,600050,3000963,,2020-05-08,32856,10.3,,8713,12,17,g/dL,10.3
603732,601046,600050,3010813,,2020-05-08,32856,6.8,,8848,4,10,10^3/uL,6.8
603733,601046,600050,3017732,,2020-05-08,32856,2.6,,8848,1.5,7.5,10^3/uL,2.6
603734,601046,600050,3024929,,2020-05-08,32856,222.7,,8848,150,400,10^3/uL,222.7
603735,601046,600050,3016723,,2020-05-08,32856,0.95,,8840,0.6,1.2,mg/dL,0.95
603736,601046,600050,3013721,,2020-05-08,32856,71.8,,8645,0,40,U/L,71.8
603737,601046,600050,3006923,,2020-05-08,32856,57.3,,8645,0,40,U/L,57.3
603738,601047,600050,3000963,,2020-05-29,32856,11.5,,8713,12,17,g/dL,11.5
603739,601047,600050,3010813,,2020-05-29,32856,8,,8848,4,10,10^3/uL,8.0
603740,601047,600050,3017732,,2020-05-29,32856,4.3,,8848,1.5,7.5,10^3/uL,4.3
603741,601047,600050,3024929,,2020-05-29,32856,208.9,,8848,150,400,10^3/uL,208.9
603742,601047,600050,3016723,,2020-05-29,32856,1.44,,8840,0.6,1.2,mg/dL,1.44
603743,601047,600050,3013721,,2020-05-29,32856,46.7,,8645,0,40,U/L,46.7
603744,601047,600050,3006923,,2020-05-29,32856,88.2,,8645,0,40,U/L,88.2
603745,601054,600050,3000963,,2020-10-04,32856,14,,8713,12,17,g/dL,14.0
603746,601054,600050,3022250,,2020-10-04,32856,126,,8645,120,250,U/L,126.0
603747,601055,600050,3000963,,2021-01-17,32856,13.7,,8713,12,17,g/dL,13.7
603748,601055,600050,3022250,,2021-01-17,32856,187.3,,8645,120,250,U/L,187.3
603749,601056,600050,3000963,,2021-06-01,32856,12.7,,8713,12,17,g/dL,12.7
603750,601056,600050,3022250,,2021-06-01,32856,487,,8645,120,250,U/L,487.0
603751,601057,600050,3000963,,2021-10-24,32856,11.3,,8713,12,17,g/dL,11.3
603752,601057,600050,3022250,,2021-10-24,32856,292.7,,8645,120,250,U/L,292.7
603753,601059,600050,3000963,,2022-04-21,32856,14.8,,8713,12,17,g/dL,14.8
603754,601059,600050,3010813,,2022-04-21,32856,9.2,,8848,4,10,10^3/uL,9.2
603755,601059,600050,3017732,,2022-04-21,32856,2.6,,8848,1.5,7.5,10^3/uL,2.6
603756,601059,600050,3024929,,2022-04-21,32856,174.7,,8848,150,400,10^3/uL,174.7
603757,601059,600050,3016723,,2022-04-21,32856,0.91,,8840,0.6,1.2,mg/dL,0.91
603758,601059,600050,3013721,,2022-04-21,32856,40.8,,8645,0,40,U/L,40.8
603759,601059,600050,3006923,,2022-04-21,32856,57,,8645,0,40,U/L,57.0
603760,601060,600050,3000963,,2022-05-12,32856,11.3,,8713,12,17,g/dL,11.3
603761,601060,600050,3010813,,2022-05-12,32856,6.6,,8848,4,10,10^3/uL,6.6
603762,601060,600050,3017732,,2022-05-12,32856,2.5,,8848,1.5,7.5,10^3/uL,2.5
603763,601060,600050,3024929,,2022-05-12,32856,195.9,,8848,150,400,10^3/uL,195.9
603764,601060,600050,3016723,,2022-05-12,32856,0.59,,8840,0.6,1.2,mg/dL,0.59
603765,601060,600050,3013721,,2022-05-12,32856,40,,8645,0,40,U/L,40.0
603766,601060,600050,3006923,,2022-05-12,32856,36.3,,8645,0,40,U/L,36.3
603767,601061,600050,3000963,,2022-06-02,32856,12,,8713,12,17,g/dL,12.0
603768,601061,600050,3010813,,2022-06-02,32856,4.7,,8848,4,10,10^3/uL,4.7
603769,601061,600050,3017732,,2022-06-02,32856,3.8,,8848,1.5,7.5,10^3/uL,3.8
603770,601061,600050,3024929,,2022-06-02,32856,336.3,,8848,150,400,10^3/uL,336.3
603771,601061,600050,3016723,,2022-06-02,32856,0.41,,8840,0.6,1.2,mg/dL,0.41
603772,601061,600050,3013721,,2022-06-02,32856,41.7,,8645,0,40,U/L,41.7
603773,601061,600050,3006923,,2022-06-02,32856,60.3,,8645,0,40,U/L,60.3
603774,601065,600050,3000963,,2022-08-11,32856,7.3,,8713,12,17,g/dL,7.3
603775,601065,600050,3010813,,2022-08-11,32856,0.3,,8848,4,10,10^3/uL,0.3
603776,601065,600050,3017732,,2022-08-11,32856,1.1,,8848,1.5,7.5,10^3/uL,1.1
603777,601065,600050,3024929,,2022-08-11,32856,65,,8848,150,400,10^3/uL,65.0
603778,601067,600050,3000963,,2023-03-08,32856,16.2,,8713,12,17,g/dL,16.2
603779,601067,600050,3022250,,2023-03-08,32856,184.9,,8645,120,250,U/L,184.9
603780,601068,600050,3000963,,2023-08-08,32856,10.1,,8713,12,17,g/dL,10.1
603781,601068,600050,3022250,,2023-08-08,32856,354.6,,8645,120,250,U/L,354.6
603782,601069,600050,3000963,,2023-12-14,32856,14.1,,8713,12,17,g/dL,14.1
603783,601069,600050,3022250,,2023-12-14,32856,219.8,,8645,120,250,U/L,219.8
603784,601070,600050,3000963,,2024-05-07,32856,10.7,,8713,12,17,g/dL,10.7
603785,601070,600050,3022250,,2024-05-07,32856,387.9,,8645,120,250,U/L,387.9
603786,601071,600050,3000963,,2024-10-04,32856,11.6,,8713,12,17,g/dL,11.6
603787,601071,600050,3022250,,2024-10-04,32856,372.7,,8645,120,250,U/L,372.7
603788,601072,600050,3000963,,2025-03-01,32856,12.4,,8713,12,17,g/dL,12.4
603789,601072,600050,3022250,,2025-03-01,32856,337.4,,8645,120,250,U/L,337.4
603790,601073,600050,3000963,,2025-08-11,32856,15.4,,8713,12,17,g/dL,15.4
603791,601073,600050,3022250,,2025-08-11,32856,171.5,,8645,120,250,U/L,171.5
603792,601074,600050,3000963,,2026-01-01,32856,13.7,,8713,12,17,g/dL,13.7
603793,601074,600050,3022250,,2026-01-01,32856,334.3,,8645,120,250,U/L,334.3
603794,601075,600050,3000963,,2026-05-17,32856,12.8,,8713,12,17,g/dL,12.8
603795,601075,600050,3022250,,2026-05-17,32856,144.7,,8645,120,250,U/L,144.7
603796,601076,600051,3000963,,2020-11-14,32856,13.8,,8713,12,17,g/dL,13.8
603797,601076,600051,3010813,,2020-11-14,32856,4.4,,8848,4,10,10^3/uL,4.4
603798,601076,600051,3017732,,2020-11-14,32856,2.9,,8848,1.5,7.5,10^3/uL,2.9
603799,601076,600051,3024929,,2020-11-14,32856,225.1,,8848,150,400,10^3/uL,225.1
603800,601076,600051,3016723,,2020-11-14,32856,0.82,,8840,0.6,1.2,mg/dL,0.82
603801,601076,600051,3013721,,2020-11-14,32856,82.5,,8645,0,40,U/L,82.5
603802,601076,600051,3006923,,2020-11-14,32856,51.6,,8645,0,40,U/L,51.6
603803,601076,600051,3020491,,2020-11-14,32856,4.28,,8713,3.5,5.2,g/dL,4.28
603804,601076,600051,3024128,,2020-11-14,32856,1.24,,8840,0.2,1.2,mg/dL,1.24
603805,601076,600051,3022250,,2020-11-14,32856,350.2,,8645,120,250,U/L,350.2
603806,601076,600051,3006315,,2020-11-14,32856,4.9,,8859,0.8,2.2,mg/L,4.9
603807,601076,600051,3036277,,2020-11-14,32856,175.9,,8582,150,185,cm,175.9
603808,601076,600051,3025315,,2020-11-14,32856,67.9,,9529,45,90,kg,67.9
603809,601077,600051,3000963,,2020-12-01,32856,12.1,,8713,12,17,g/dL,12.1
603810,601077,600051,3010813,,2020-12-01,32856,4.7,,8848,4,10,10^3/uL,4.7
603811,601077,600051,3017732,,2020-12-01,32856,1.7,,8848,1.5,7.5,10^3/uL,1.7
603812,601077,600051,3024929,,2020-12-01,32856,244.7,,8848,150,400,10^3/uL,244.7
603813,601077,600051,3016723,,2020-12-01,32856,1.02,,8840,0.6,1.2,mg/dL,1.02
603814,601077,600051,3013721,,2020-12-01,32856,42.3,,8645,0,40,U/L,42.3
603815,601077,600051,3006923,,2020-12-01,32856,72.2,,8645,0,40,U/L,72.2
603816,601078,600051,3000963,,2020-12-22,32856,12.8,,8713,12,17,g/dL,12.8
603817,601078,600051,3010813,,2020-12-22,32856,7.1,,8848,4,10,10^3/uL,7.1
603818,601078,600051,3017732,,2020-12-22,32856,1.1,,8848,1.5,7.5,10^3/uL,1.1
603819,601078,600051,3024929,,2020-12-22,32856,113.3,,8848,150,400,10^3/uL,113.3
603820,601078,600051,3016723,,2020-12-22,32856,0.85,,8840,0.6,1.2,mg/dL,0.85
603821,601078,600051,3013721,,2020-12-22,32856,49.9,,8645,0,40,U/L,49.9
603822,601078,600051,3006923,,2020-12-22,32856,65.2,,8645,0,40,U/L,65.2
603823,601079,600051,3000963,,2021-01-12,32856,10.8,,8713,12,17,g/dL,10.8
603824,601079,600051,3010813,,2021-01-12,32856,11.4,,8848,4,10,10^3/uL,11.4
603825,601079,600051,3017732,,2021-01-12,32856,0.3,,8848,1.5,7.5,10^3/uL,0.3
603826,601079,600051,3024929,,2021-01-12,32856,317.6,,8848,150,400,10^3/uL,317.6
603827,601079,600051,3016723,,2021-01-12,32856,1.18,,8840,0.6,1.2,mg/dL,1.18
603828,601079,600051,3013721,,2021-01-12,32856,59.9,,8645,0,40,U/L,59.9
603829,601079,600051,3006923,,2021-01-12,32856,38,,8645,0,40,U/L,38.0
603830,601080,600051,3000963,,2021-02-02,32856,10.7,,8713,12,17,g/dL,10.7
603831,601080,600051,3010813,,2021-02-02,32856,8.7,,8848,4,10,10^3/uL,8.7
603832,601080,600051,3017732,,2021-02-02,32856,2,,8848,1.5,7.5,10^3/uL,2.0
603833,601080,600051,3024929,,2021-02-02,32856,215.4,,8848,150,400,10^3/uL,215.4
603834,601080,600051,3016723,,2021-02-02,32856,0.77,,8840,0.6,1.2,mg/dL,0.77
603835,601080,600051,3013721,,2021-02-02,32856,70.4,,8645,0,40,U/L,70.4
603836,601080,600051,3006923,,2021-02-02,32856,11.8,,8645,0,40,U/L,11.8
603837,601081,600051,3000963,,2021-02-23,32856,11.3,,8713,12,17,g/dL,11.3
603838,601081,600051,3010813,,2021-02-23,32856,8.5,,8848,4,10,10^3/uL,8.5
603839,601081,600051,3017732,,2021-02-23,32856,2.1,,8848,1.5,7.5,10^3/uL,2.1
603840,601081,600051,3024929,,2021-02-23,32856,265.5,,8848,150,400,10^3/uL,265.5
603841,601081,600051,3016723,,2021-02-23,32856,1.49,,8840,0.6,1.2,mg/dL,1.49
603842,601081,600051,3013721,,2021-02-23,32856,47.1,,8645,0,40,U/L,47.1
603843,601081,600051,3006923,,2021-02-23,32856,29.1,,8645,0,40,U/L,29.1
603844,601082,600051,3000963,,2021-03-16,32856,11.7,,8713,12,17,g/dL,11.7
603845,601082,600051,3010813,,2021-03-16,32856,2.4,,8848,4,10,10^3/uL,2.4
603846,601082,600051,3017732,,2021-03-16,32856,1.1,,8848,1.5,7.5,10^3/uL,1.1
603847,601082,600051,3024929,,2021-03-16,32856,193.2,,8848,150,400,10^3/uL,193.2
603848,601082,600051,3016723,,2021-03-16,32856,0.69,,8840,0.6,1.2,mg/dL,0.69
603849,601082,600051,3013721,,2021-03-16,32856,3.8,,8645,0,40,U/L,3.8
603850,601082,600051,3006923,,2021-03-16,32856,21,,8645,0,40,U/L,21.0
603851,601085,600051,3000963,,2021-07-09,32856,14,,8713,12,17,g/dL,14.0
603852,601085,600051,3022250,,2021-07-09,32856,387.3,,8645,120,250,U/L,387.3
603853,601087,600051,3000963,,2021-11-03,32856,11.9,,8713,12,17,g/dL,11.9
603854,601087,600051,3010813,,2021-11-03,32856,6,,8848,4,10,10^3/uL,6.0
603855,601087,600051,3017732,,2021-11-03,32856,4.4,,8848,1.5,7.5,10^3/uL,4.4
603856,601087,600051,3024929,,2021-11-03,32856,176.1,,8848,150,400,10^3/uL,176.1
603857,601087,600051,3016723,,2021-11-03,32856,0.81,,8840,0.6,1.2,mg/dL,0.81
603858,601087,600051,3013721,,2021-11-03,32856,10.7,,8645,0,40,U/L,10.7
603859,601087,600051,3006923,,2021-11-03,32856,35.2,,8645,0,40,U/L,35.2
603860,601088,600051,3000963,,2021-11-24,32856,11.9,,8713,12,17,g/dL,11.9
603861,601088,600051,3010813,,2021-11-24,32856,5,,8848,4,10,10^3/uL,5.0
603862,601088,600051,3017732,,2021-11-24,32856,0,,8848,1.5,7.5,10^3/uL,0
603863,601088,600051,3024929,,2021-11-24,32856,199.5,,8848,150,400,10^3/uL,199.5
603864,601088,600051,3016723,,2021-11-24,32856,1.36,,8840,0.6,1.2,mg/dL,1.36
603865,601088,600051,3013721,,2021-11-24,32856,37.9,,8645,0,40,U/L,37.9
603866,601088,600051,3006923,,2021-11-24,32856,50.6,,8645,0,40,U/L,50.6
603867,601089,600051,3000963,,2021-12-15,32856,10.8,,8713,12,17,g/dL,10.8
603868,601089,600051,3010813,,2021-12-15,32856,6,,8848,4,10,10^3/uL,6.0
603869,601089,600051,3017732,,2021-12-15,32856,3.7,,8848,1.5,7.5,10^3/uL,3.7
603870,601089,600051,3024929,,2021-12-15,32856,188.2,,8848,150,400,10^3/uL,188.2
603871,601089,600051,3016723,,2021-12-15,32856,0.72,,8840,0.6,1.2,mg/dL,0.72
603872,601089,600051,3013721,,2021-12-15,32856,20.2,,8645,0,40,U/L,20.2
603873,601089,600051,3006923,,2021-12-15,32856,38.9,,8645,0,40,U/L,38.9
603874,601092,600051,3000963,,2022-02-19,32856,8.8,,8713,12,17,g/dL,8.8
603875,601092,600051,3010813,,2022-02-19,32856,0.4,,8848,4,10,10^3/uL,0.4
603876,601092,600051,3017732,,2022-02-19,32856,1.9,,8848,1.5,7.5,10^3/uL,1.9
603877,601092,600051,3024929,,2022-02-19,32856,118.7,,8848,150,400,10^3/uL,118.7
603878,601094,600051,3000963,,2022-08-15,32856,13.1,,8713,12,17,g/dL,13.1
603879,601094,600051,3022250,,2022-08-15,32856,324.7,,8645,120,250,U/L,324.7
603880,601095,600051,3000963,,2023-01-31,32856,13.2,,8713,12,17,g/dL,13.2
603881,601095,600051,3022250,,2023-01-31,32856,142.2,,8645,120,250,U/L,142.2
603882,601096,600051,3000963,,2023-07-17,32856,14.9,,8713,12,17,g/dL,14.9
603883,601096,600051,3022250,,2023-07-17,32856,73.1,,8645,120,250,U/L,73.1
603884,601097,600051,3000963,,2023-10-27,32856,10.8,,8713,12,17,g/dL,10.8
603885,601097,600051,3022250,,2023-10-27,32856,198.2,,8645,120,250,U/L,198.2
603886,601098,600051,3000963,,2024-03-15,32856,14.8,,8713,12,17,g/dL,14.8
603887,601098,600051,3022250,,2024-03-15,32856,217,,8645,120,250,U/L,217.0
603888,601099,600051,3000963,,2024-09-05,32856,10.9,,8713,12,17,g/dL,10.9
603889,601099,600051,3022250,,2024-09-05,32856,302.4,,8645,120,250,U/L,302.4
603890,601100,600051,3000963,,2025-01-04,32856,11.7,,8713,12,17,g/dL,11.7
603891,601100,600051,3022250,,2025-01-04,32856,221.5,,8645,120,250,U/L,221.5
603892,601101,600051,3000963,,2025-06-17,32856,14.7,,8713,12,17,g/dL,14.7
603893,601101,600051,3022250,,2025-06-17,32856,156.6,,8645,120,250,U/L,156.6
603894,601102,600051,3000963,,2025-10-02,32856,15.7,,8713,12,17,g/dL,15.7
603895,601102,600051,3022250,,2025-10-02,32856,371.2,,8645,120,250,U/L,371.2
603896,601103,600051,3000963,,2025-12-28,32856,13.4,,8713,12,17,g/dL,13.4
603897,601103,600051,3022250,,2025-12-28,32856,269,,8645,120,250,U/L,269.0
603898,601104,600051,3000963,,2026-04-17,32856,13.2,,8713,12,17,g/dL,13.2
603899,601104,600051,3022250,,2026-04-17,32856,216,,8645,120,250,U/L,216.0
603900,601105,600051,3000963,,2026-07-22,32856,12,,8713,12,17,g/dL,12.0
603901,601105,600051,3022250,,2026-07-22,32856,116.7,,8645,120,250,U/L,116.7
603902,601106,600052,3000963,,2019-01-20,32856,13.2,,8713,12,17,g/dL,13.2
603903,601106,600052,3010813,,2019-01-20,32856,4.8,,8848,4,10,10^3/uL,4.8
603904,601106,600052,3017732,,2019-01-20,32856,1.6,,8848,1.5,7.5,10^3/uL,1.6
603905,601106,600052,3024929,,2019-01-20,32856,188.4,,8848,150,400,10^3/uL,188.4
603906,601106,600052,3016723,,2019-01-20,32856,0.36,,8840,0.6,1.2,mg/dL,0.36
603907,601106,600052,3013721,,2019-01-20,32856,53.8,,8645,0,40,U/L,53.8
603908,601106,600052,3006923,,2019-01-20,32856,17,,8645,0,40,U/L,17.0
603909,601106,600052,3020491,,2019-01-20,32856,4.15,,8713,3.5,5.2,g/dL,4.15
603910,601106,600052,3024128,,2019-01-20,32856,0.76,,8840,0.2,1.2,mg/dL,0.76
603911,601106,600052,3022250,,2019-01-20,32856,399.6,,8645,120,250,U/L,399.6
603912,601106,600052,3006315,,2019-01-20,32856,2.6,,8859,0.8,2.2,mg/L,2.6
603913,601106,600052,3036277,,2019-01-20,32856,174.8,,8582,150,185,cm,174.8
603914,601106,600052,3025315,,2019-01-20,32856,75.1,,9529,45,90,kg,75.1
603915,601107,600052,3000963,,2019-02-03,32856,15.6,,8713,12,17,g/dL,15.6
603916,601107,600052,3010813,,2019-02-03,32856,2.9,,8848,4,10,10^3/uL,2.9
603917,601107,600052,3017732,,2019-02-03,32856,3.6,,8848,1.5,7.5,10^3/uL,3.6
603918,601107,600052,3024929,,2019-02-03,32856,243.3,,8848,150,400,10^3/uL,243.3
603919,601107,600052,3016723,,2019-02-03,32856,1.05,,8840,0.6,1.2,mg/dL,1.05
603920,601107,600052,3013721,,2019-02-03,32856,34,,8645,0,40,U/L,34.0
603921,601107,600052,3006923,,2019-02-03,32856,42.4,,8645,0,40,U/L,42.4
603922,601108,600052,3000963,,2019-02-17,32856,8.3,,8713,12,17,g/dL,8.3
603923,601108,600052,3010813,,2019-02-17,32856,8.2,,8848,4,10,10^3/uL,8.2
603924,601108,600052,3017732,,2019-02-17,32856,5.7,,8848,1.5,7.5,10^3/uL,5.7
603925,601108,600052,3024929,,2019-02-17,32856,92,,8848,150,400,10^3/uL,92.0
603926,601108,600052,3016723,,2019-02-17,32856,0.76,,8840,0.6,1.2,mg/dL,0.76
603927,601108,600052,3013721,,2019-02-17,32856,40.6,,8645,0,40,U/L,40.6
603928,601108,600052,3006923,,2019-02-17,32856,0,,8645,0,40,U/L,0
603929,601109,600052,3000963,,2019-03-03,32856,12.9,,8713,12,17,g/dL,12.9
603930,601109,600052,3010813,,2019-03-03,32856,7.4,,8848,4,10,10^3/uL,7.4
603931,601109,600052,3017732,,2019-03-03,32856,1.9,,8848,1.5,7.5,10^3/uL,1.9
603932,601109,600052,3024929,,2019-03-03,32856,324.6,,8848,150,400,10^3/uL,324.6
603933,601109,600052,3016723,,2019-03-03,32856,0.78,,8840,0.6,1.2,mg/dL,0.78
603934,601109,600052,3013721,,2019-03-03,32856,15.5,,8645,0,40,U/L,15.5
603935,601109,600052,3006923,,2019-03-03,32856,3.2,,8645,0,40,U/L,3.2
603936,601110,600052,3000963,,2019-03-17,32856,13.4,,8713,12,17,g/dL,13.4
603937,601110,600052,3010813,,2019-03-17,32856,7.2,,8848,4,10,10^3/uL,7.2
603938,601110,600052,3017732,,2019-03-17,32856,5.9,,8848,1.5,7.5,10^3/uL,5.9
603939,601110,600052,3024929,,2019-03-17,32856,291.6,,8848,150,400,10^3/uL,291.6
603940,601110,600052,3016723,,2019-03-17,32856,0.68,,8840,0.6,1.2,mg/dL,0.68
603941,601110,600052,3013721,,2019-03-17,32856,65.4,,8645,0,40,U/L,65.4
603942,601110,600052,3006923,,2019-03-17,32856,35.4,,8645,0,40,U/L,35.4
603943,601111,600052,3000963,,2019-03-31,32856,14.3,,8713,12,17,g/dL,14.3
603944,601111,600052,3010813,,2019-03-31,32856,7.7,,8848,4,10,10^3/uL,7.7
603945,601111,600052,3017732,,2019-03-31,32856,4.7,,8848,1.5,7.5,10^3/uL,4.7
603946,601111,600052,3024929,,2019-03-31,32856,393.5,,8848,150,400,10^3/uL,393.5
603947,601111,600052,3016723,,2019-03-31,32856,0.94,,8840,0.6,1.2,mg/dL,0.94
603948,601111,600052,3013721,,2019-03-31,32856,0,,8645,0,40,U/L,0
603949,601111,600052,3006923,,2019-03-31,32856,43.2,,8645,0,40,U/L,43.2
603950,601112,600052,3000963,,2019-04-14,32856,11.5,,8713,12,17,g/dL,11.5
603951,601112,600052,3010813,,2019-04-14,32856,8.5,,8848,4,10,10^3/uL,8.5
603952,601112,600052,3017732,,2019-04-14,32856,3.3,,8848,1.5,7.5,10^3/uL,3.3
603953,601112,600052,3024929,,2019-04-14,32856,285.6,,8848,150,400,10^3/uL,285.6
603954,601112,600052,3016723,,2019-04-14,32856,0.72,,8840,0.6,1.2,mg/dL,0.72
603955,601112,600052,3013721,,2019-04-14,32856,6.5,,8645,0,40,U/L,6.5
603956,601112,600052,3006923,,2019-04-14,32856,56.1,,8645,0,40,U/L,56.1
603957,601113,600052,3000963,,2019-04-28,32856,10.2,,8713,12,17,g/dL,10.2
603958,601113,600052,3010813,,2019-04-28,32856,5,,8848,4,10,10^3/uL,5.0
603959,601113,600052,3017732,,2019-04-28,32856,2.3,,8848,1.5,7.5,10^3/uL,2.3
603960,601113,600052,3024929,,2019-04-28,32856,213.8,,8848,150,400,10^3/uL,213.8
603961,601113,600052,3016723,,2019-04-28,32856,1.15,,8840,0.6,1.2,mg/dL,1.15
603962,601113,600052,3013721,,2019-04-28,32856,37.3,,8645,0,40,U/L,37.3
603963,601113,600052,3006923,,2019-04-28,32856,11.2,,8645,0,40,U/L,11.2
603964,601114,600052,3000963,,2019-05-12,32856,8.4,,8713,12,17,g/dL,8.4
603965,601114,600052,3010813,,2019-05-12,32856,5.1,,8848,4,10,10^3/uL,5.1
603966,601114,600052,3017732,,2019-05-12,32856,4.7,,8848,1.5,7.5,10^3/uL,4.7
603967,601114,600052,3024929,,2019-05-12,32856,251.5,,8848,150,400,10^3/uL,251.5
603968,601114,600052,3016723,,2019-05-12,32856,1.04,,8840,0.6,1.2,mg/dL,1.04
603969,601114,600052,3013721,,2019-05-12,32856,45.4,,8645,0,40,U/L,45.4
603970,601114,600052,3006923,,2019-05-12,32856,71.7,,8645,0,40,U/L,71.7
603971,601121,600052,3000963,,2019-11-07,32856,12.5,,8713,12,17,g/dL,12.5
603972,601121,600052,3022250,,2019-11-07,32856,150.6,,8645,120,250,U/L,150.6
603973,601122,600052,3000963,,2020-04-23,32856,13.5,,8713,12,17,g/dL,13.5
603974,601122,600052,3022250,,2020-04-23,32856,217.1,,8645,120,250,U/L,217.1
603975,601124,600052,3000963,,2020-06-29,32856,15.5,,8713,12,17,g/dL,15.5
603976,601124,600052,3010813,,2020-06-29,32856,4.6,,8848,4,10,10^3/uL,4.6
603977,601124,600052,3017732,,2020-06-29,32856,1.4,,8848,1.5,7.5,10^3/uL,1.4
603978,601124,600052,3024929,,2020-06-29,32856,247.9,,8848,150,400,10^3/uL,247.9
603979,601124,600052,3016723,,2020-06-29,32856,0.82,,8840,0.6,1.2,mg/dL,0.82
603980,601124,600052,3013721,,2020-06-29,32856,35.5,,8645,0,40,U/L,35.5
603981,601124,600052,3006923,,2020-06-29,32856,54.6,,8645,0,40,U/L,54.6
603982,601125,600052,3000963,,2020-07-20,32856,12,,8713,12,17,g/dL,12.0
603983,601125,600052,3010813,,2020-07-20,32856,3.9,,8848,4,10,10^3/uL,3.9
603984,601125,600052,3017732,,2020-07-20,32856,3.9,,8848,1.5,7.5,10^3/uL,3.9
603985,601125,600052,3024929,,2020-07-20,32856,295.2,,8848,150,400,10^3/uL,295.2
603986,601125,600052,3016723,,2020-07-20,32856,1.01,,8840,0.6,1.2,mg/dL,1.01
603987,601125,600052,3013721,,2020-07-20,32856,1.3,,8645,0,40,U/L,1.3
603988,601125,600052,3006923,,2020-07-20,32856,15.3,,8645,0,40,U/L,15.3
603989,601126,600052,3000963,,2020-08-10,32856,9.1,,8713,12,17,g/dL,9.1
603990,601126,600052,3010813,,2020-08-10,32856,7.4,,8848,4,10,10^3/uL,7.4
603991,601126,600052,3017732,,2020-08-10,32856,3,,8848,1.5,7.5,10^3/uL,3.0
603992,601126,600052,3024929,,2020-08-10,32856,174.7,,8848,150,400,10^3/uL,174.7
603993,601126,600052,3016723,,2020-08-10,32856,0.58,,8840,0.6,1.2,mg/dL,0.58
603994,601126,600052,3013721,,2020-08-10,32856,81.1,,8645,0,40,U/L,81.1
603995,601126,600052,3006923,,2020-08-10,32856,63,,8645,0,40,U/L,63.0
603996,601127,600052,3000963,,2020-08-31,32856,13.1,,8713,12,17,g/dL,13.1
603997,601127,600052,3010813,,2020-08-31,32856,8.2,,8848,4,10,10^3/uL,8.2
603998,601127,600052,3017732,,2020-08-31,32856,2.1,,8848,1.5,7.5,10^3/uL,2.1
603999,601127,600052,3024929,,2020-08-31,32856,168.5,,8848,150,400,10^3/uL,168.5
604000,601127,600052,3016723,,2020-08-31,32856,1.13,,8840,0.6,1.2,mg/dL,1.13
604001,601127,600052,3013721,,2020-08-31,32856,26.5,,8645,0,40,U/L,26.5
604002,601127,600052,3006923,,2020-08-31,32856,1.7,,8645,0,40,U/L,1.7
604003,601131,600052,3000963,,2020-11-07,32856,9.4,,8713,12,17,g/dL,9.4
604004,601131,600052,3010813,,2020-11-07,32856,2.3,,8848,4,10,10^3/uL,2.3
604005,601131,600052,3017732,,2020-11-07,32856,2.7,,8848,1.5,7.5,10^3/uL,2.7
604006,601131,600052,3024929,,2020-11-07,32856,113.2,,8848,150,400,10^3/uL,113.2
604007,601133,600052,3000963,,2021-05-20,32856,13.7,,8713,12,17,g/dL,13.7
604008,601133,600052,3022250,,2021-05-20,32856,216.3,,8645,120,250,U/L,216.3
604009,601134,600052,3000963,,2021-09-25,32856,14,,8713,12,17,g/dL,14.0
604010,601134,600052,3022250,,2021-09-25,32856,139.4,,8645,120,250,U/L,139.4
604011,601135,600052,3000963,,2022-03-19,32856,13,,8713,12,17,g/dL,13.0
604012,601135,600052,3022250,,2022-03-19,32856,344.8,,8645,120,250,U/L,344.8
604013,601136,600052,3000963,,2022-08-03,32856,12.4,,8713,12,17,g/dL,12.4
604014,601136,600052,3022250,,2022-08-03,32856,343.5,,8645,120,250,U/L,343.5
604015,601137,600052,3000963,,2022-11-27,32856,11.6,,8713,12,17,g/dL,11.6
604016,601137,600052,3022250,,2022-11-27,32856,424.6,,8645,120,250,U/L,424.6
604017,601138,600052,3000963,,2023-05-14,32856,15.9,,8713,12,17,g/dL,15.9
604018,601138,600052,3022250,,2023-05-14,32856,249.2,,8645,120,250,U/L,249.2
604019,601139,600052,3000963,,2023-09-06,32856,13.2,,8713,12,17,g/dL,13.2
604020,601139,600052,3022250,,2023-09-06,32856,142.2,,8645,120,250,U/L,142.2
604021,601140,600052,3000963,,2023-12-16,32856,12.9,,8713,12,17,g/dL,12.9
604022,601140,600052,3022250,,2023-12-16,32856,126.4,,8645,120,250,U/L,126.4
604023,601141,600052,3000963,,2024-04-16,32856,13,,8713,12,17,g/dL,13.0
604024,601141,600052,3022250,,2024-04-16,32856,441.7,,8645,120,250,U/L,441.7
604025,601142,600052,3000963,,2024-08-14,32856,13.8,,8713,12,17,g/dL,13.8
604026,601142,600052,3022250,,2024-08-14,32856,138.5,,8645,120,250,U/L,138.5
604027,601143,600052,3000963,,2024-11-10,32856,13.8,,8713,12,17,g/dL,13.8
604028,601143,600052,3022250,,2024-11-10,32856,139.7,,8645,120,250,U/L,139.7
604029,601144,600052,3000963,,2025-03-10,32856,12,,8713,12,17,g/dL,12.0
604030,601144,600052,3022250,,2025-03-10,32856,366.8,,8645,120,250,U/L,366.8
604031,601145,600053,3000963,,2020-04-28,32856,16.5,,8713,12,17,g/dL,16.5
604032,601145,600053,3010813,,2020-04-28,32856,8.1,,8848,4,10,10^3/uL,8.1
604033,601145,600053,3017732,,2020-04-28,32856,3.9,,8848,1.5,7.5,10^3/uL,3.9
604034,601145,600053,3024929,,2020-04-28,32856,244,,8848,150,400,10^3/uL,244.0
604035,601145,600053,3016723,,2020-04-28,32856,1.07,,8840,0.6,1.2,mg/dL,1.07
604036,601145,600053,3013721,,2020-04-28,32856,39.1,,8645,0,40,U/L,39.1
604037,601145,600053,3006923,,2020-04-28,32856,65.3,,8645,0,40,U/L,65.3
604038,601145,600053,3020491,,2020-04-28,32856,3.93,,8713,3.5,5.2,g/dL,3.93
604039,601145,600053,3024128,,2020-04-28,32856,1.08,,8840,0.2,1.2,mg/dL,1.08
604040,601145,600053,3022250,,2020-04-28,32856,522.9,,8645,120,250,U/L,522.9
604041,601145,600053,3006315,,2020-04-28,32856,4.1,,8859,0.8,2.2,mg/L,4.1
604042,601145,600053,3036277,,2020-04-28,32856,169.5,,8582,150,185,cm,169.5
604043,601145,600053,3025315,,2020-04-28,32856,70.5,,9529,45,90,kg,70.5
604044,601146,600053,3000963,,2020-05-20,32856,10.4,,8713,12,17,g/dL,10.4
604045,601146,600053,3010813,,2020-05-20,32856,7.8,,8848,4,10,10^3/uL,7.8
604046,601146,600053,3017732,,2020-05-20,32856,2.7,,8848,1.5,7.5,10^3/uL,2.7
604047,601146,600053,3024929,,2020-05-20,32856,261.2,,8848,150,400,10^3/uL,261.2
604048,601146,600053,3016723,,2020-05-20,32856,0.61,,8840,0.6,1.2,mg/dL,0.61
604049,601146,600053,3013721,,2020-05-20,32856,20.4,,8645,0,40,U/L,20.4
604050,601146,600053,3006923,,2020-05-20,32856,101.5,,8645,0,40,U/L,101.5
604051,601147,600053,3000963,,2020-06-03,32856,8.9,,8713,12,17,g/dL,8.9
604052,601147,600053,3010813,,2020-06-03,32856,6.6,,8848,4,10,10^3/uL,6.6
604053,601147,600053,3017732,,2020-06-03,32856,2.1,,8848,1.5,7.5,10^3/uL,2.1
604054,601147,600053,3024929,,2020-06-03,32856,201.4,,8848,150,400,10^3/uL,201.4
604055,601147,600053,3016723,,2020-06-03,32856,0.88,,8840,0.6,1.2,mg/dL,0.88
604056,601147,600053,3013721,,2020-06-03,32856,22.9,,8645,0,40,U/L,22.9
604057,601147,600053,3006923,,2020-06-03,32856,50.2,,8645,0,40,U/L,50.2
604058,601148,600053,3000963,,2020-06-17,32856,10.6,,8713,12,17,g/dL,10.6
604059,601148,600053,3010813,,2020-06-17,32856,4.9,,8848,4,10,10^3/uL,4.9
604060,601148,600053,3017732,,2020-06-17,32856,7.1,,8848,1.5,7.5,10^3/uL,7.1
604061,601148,600053,3024929,,2020-06-17,32856,285.2,,8848,150,400,10^3/uL,285.2
604062,601148,600053,3016723,,2020-06-17,32856,1.05,,8840,0.6,1.2,mg/dL,1.05
604063,601148,600053,3013721,,2020-06-17,32856,0,,8645,0,40,U/L,0
604064,601148,600053,3006923,,2020-06-17,32856,13.1,,8645,0,40,U/L,13.1
604065,601149,600053,3000963,,2020-07-01,32856,11.1,,8713,12,17,g/dL,11.1
604066,601149,600053,3010813,,2020-07-01,32856,7.6,,8848,4,10,10^3/uL,7.6
604067,601149,600053,3017732,,2020-07-01,32856,1.2,,8848,1.5,7.5,10^3/uL,1.2
604068,601149,600053,3024929,,2020-07-01,32856,175.1,,8848,150,400,10^3/uL,175.1
604069,601149,600053,3016723,,2020-07-01,32856,1.04,,8840,0.6,1.2,mg/dL,1.04
604070,601149,600053,3013721,,2020-07-01,32856,13.3,,8645,0,40,U/L,13.3
604071,601149,600053,3006923,,2020-07-01,32856,21.6,,8645,0,40,U/L,21.6
604072,601150,600053,3000963,,2020-07-15,32856,9.3,,8713,12,17,g/dL,9.3
604073,601150,600053,3010813,,2020-07-15,32856,8.3,,8848,4,10,10^3/uL,8.3
604074,601150,600053,3017732,,2020-07-15,32856,0.8,,8848,1.5,7.5,10^3/uL,0.8
604075,601150,600053,3024929,,2020-07-15,32856,176.2,,8848,150,400,10^3/uL,176.2
604076,601150,600053,3016723,,2020-07-15,32856,0.87,,8840,0.6,1.2,mg/dL,0.87
604077,601150,600053,3013721,,2020-07-15,32856,55,,8645,0,40,U/L,55.0
604078,601150,600053,3006923,,2020-07-15,32856,31.2,,8645,0,40,U/L,31.2
604079,601151,600053,3000963,,2020-07-29,32856,14,,8713,12,17,g/dL,14.0
604080,601151,600053,3010813,,2020-07-29,32856,4,,8848,4,10,10^3/uL,4.0
604081,601151,600053,3017732,,2020-07-29,32856,0,,8848,1.5,7.5,10^3/uL,0
604082,601151,600053,3024929,,2020-07-29,32856,123.4,,8848,150,400,10^3/uL,123.4
604083,601151,600053,3016723,,2020-07-29,32856,0.93,,8840,0.6,1.2,mg/dL,0.93
604084,601151,600053,3013721,,2020-07-29,32856,30.3,,8645,0,40,U/L,30.3
604085,601151,600053,3006923,,2020-07-29,32856,25.4,,8645,0,40,U/L,25.4
604086,601152,600053,3000963,,2020-08-12,32856,9.8,,8713,12,17,g/dL,9.8
604087,601152,600053,3010813,,2020-08-12,32856,6.9,,8848,4,10,10^3/uL,6.9
604088,601152,600053,3017732,,2020-08-12,32856,4.4,,8848,1.5,7.5,10^3/uL,4.4
604089,601152,600053,3024929,,2020-08-12,32856,283,,8848,150,400,10^3/uL,283.0
604090,601152,600053,3016723,,2020-08-12,32856,0.62,,8840,0.6,1.2,mg/dL,0.62
604091,601152,600053,3013721,,2020-08-12,32856,39.2,,8645,0,40,U/L,39.2
604092,601152,600053,3006923,,2020-08-12,32856,33.6,,8645,0,40,U/L,33.6
604093,601153,600053,3000963,,2020-08-26,32856,12.7,,8713,12,17,g/dL,12.7
604094,601153,600053,3010813,,2020-08-26,32856,7.3,,8848,4,10,10^3/uL,7.3
604095,601153,600053,3017732,,2020-08-26,32856,2.6,,8848,1.5,7.5,10^3/uL,2.6
604096,601153,600053,3024929,,2020-08-26,32856,282,,8848,150,400,10^3/uL,282.0
604097,601153,600053,3016723,,2020-08-26,32856,0.99,,8840,0.6,1.2,mg/dL,0.99
604098,601153,600053,3013721,,2020-08-26,32856,30.9,,8645,0,40,U/L,30.9
604099,601153,600053,3006923,,2020-08-26,32856,72.6,,8645,0,40,U/L,72.6
604100,601154,600053,3000963,,2020-09-09,32856,11.1,,8713,12,17,g/dL,11.1
604101,601154,600053,3010813,,2020-09-09,32856,4.9,,8848,4,10,10^3/uL,4.9
604102,601154,600053,3017732,,2020-09-09,32856,1.9,,8848,1.5,7.5,10^3/uL,1.9
604103,601154,600053,3024929,,2020-09-09,32856,158.7,,8848,150,400,10^3/uL,158.7
604104,601154,600053,3016723,,2020-09-09,32856,0.42,,8840,0.6,1.2,mg/dL,0.42
604105,601154,600053,3013721,,2020-09-09,32856,74.4,,8645,0,40,U/L,74.4
604106,601154,600053,3006923,,2020-09-09,32856,55.8,,8645,0,40,U/L,55.8
604107,601155,600053,3000963,,2020-09-23,32856,11.3,,8713,12,17,g/dL,11.3
604108,601155,600053,3010813,,2020-09-23,32856,6.7,,8848,4,10,10^3/uL,6.7
604109,601155,600053,3017732,,2020-09-23,32856,6.2,,8848,1.5,7.5,10^3/uL,6.2
604110,601155,600053,3024929,,2020-09-23,32856,192.5,,8848,150,400,10^3/uL,192.5
604111,601155,600053,3016723,,2020-09-23,32856,1.03,,8840,0.6,1.2,mg/dL,1.03
604112,601155,600053,3013721,,2020-09-23,32856,0,,8645,0,40,U/L,0
604113,601155,600053,3006923,,2020-09-23,32856,17.9,,8645,0,40,U/L,17.9
604114,601156,600053,3000963,,2020-10-07,32856,10.5,,8713,12,17,g/dL,10.5
604115,601156,600053,3010813,,2020-10-07,32856,6.6,,8848,4,10,10^3/uL,6.6
604116,601156,600053,3017732,,2020-10-07,32856,2.7,,8848,1.5,7.5,10^3/uL,2.7
604117,601156,600053,3024929,,2020-10-07,32856,204.4,,8848,150,400,10^3/uL,204.4
604118,601156,600053,3016723,,2020-10-07,32856,0.99,,8840,0.6,1.2,mg/dL,0.99
604119,601156,600053,3013721,,2020-10-07,32856,65.2,,8645,0,40,U/L,65.2
604120,601156,600053,3006923,,2020-10-07,32856,41.5,,8645,0,40,U/L,41.5
604121,601157,600053,3000963,,2020-10-21,32856,12.4,,8713,12,17,g/dL,12.4
604122,601157,600053,3010813,,2020-10-21,32856,8.6,,8848,4,10,10^3/uL,8.6
604123,601157,600053,3017732,,2020-10-21,32856,7.5,,8848,1.5,7.5,10^3/uL,7.5
604124,601157,600053,3024929,,2020-10-21,32856,212.8,,8848,150,400,10^3/uL,212.8
604125,601157,600053,3016723,,2020-10-21,32856,2,,8840,0.6,1.2,mg/dL,2.0
604126,601157,600053,3013721,,2020-10-21,32856,23.6,,8645,0,40,U/L,23.6
604127,601157,600053,3006923,,2020-10-21,32856,19.2,,8645,0,40,U/L,19.2
604128,601162,600053,3000963,,2021-02-07,32856,10.7,,8713,12,17,g/dL,10.7
604129,601162,600053,3022250,,2021-02-07,32856,309.7,,8645,120,250,U/L,309.7
604130,601163,600053,3000963,,2021-05-18,32856,11.8,,8713,12,17,g/dL,11.8
604131,601163,600053,3022250,,2021-05-18,32856,301.9,,8645,120,250,U/L,301.9
604132,601164,600053,3000963,,2021-10-24,32856,13.2,,8713,12,17,g/dL,13.2
604133,601164,600053,3022250,,2021-10-24,32856,240.1,,8645,120,250,U/L,240.1
604134,601166,600053,3000963,,2022-02-11,32856,12.3,,8713,12,17,g/dL,12.3
604135,601166,600053,3010813,,2022-02-11,32856,6.5,,8848,4,10,10^3/uL,6.5
604136,601166,600053,3017732,,2022-02-11,32856,4.4,,8848,1.5,7.5,10^3/uL,4.4
604137,601166,600053,3024929,,2022-02-11,32856,302.9,,8848,150,400,10^3/uL,302.9
604138,601166,600053,3016723,,2022-02-11,32856,0.96,,8840,0.6,1.2,mg/dL,0.96
604139,601166,600053,3013721,,2022-02-11,32856,75.3,,8645,0,40,U/L,75.3
604140,601166,600053,3006923,,2022-02-11,32856,26.8,,8645,0,40,U/L,26.8
604141,601167,600053,3000963,,2022-03-04,32856,13.7,,8713,12,17,g/dL,13.7
604142,601167,600053,3010813,,2022-03-04,32856,7,,8848,4,10,10^3/uL,7.0
604143,601167,600053,3017732,,2022-03-04,32856,2,,8848,1.5,7.5,10^3/uL,2.0
604144,601167,600053,3024929,,2022-03-04,32856,259.5,,8848,150,400,10^3/uL,259.5
604145,601167,600053,3016723,,2022-03-04,32856,0.98,,8840,0.6,1.2,mg/dL,0.98
604146,601167,600053,3013721,,2022-03-04,32856,13.9,,8645,0,40,U/L,13.9
604147,601167,600053,3006923,,2022-03-04,32856,50.4,,8645,0,40,U/L,50.4
604148,601168,600053,3000963,,2022-03-25,32856,13,,8713,12,17,g/dL,13.0
604149,601168,600053,3010813,,2022-03-25,32856,6.6,,8848,4,10,10^3/uL,6.6
604150,601168,600053,3017732,,2022-03-25,32856,0,,8848,1.5,7.5,10^3/uL,0
604151,601168,600053,3024929,,2022-03-25,32856,190.5,,8848,150,400,10^3/uL,190.5
604152,601168,600053,3016723,,2022-03-25,32856,0.54,,8840,0.6,1.2,mg/dL,0.54
604153,601168,600053,3013721,,2022-03-25,32856,53.3,,8645,0,40,U/L,53.3
604154,601168,600053,3006923,,2022-03-25,32856,28.2,,8645,0,40,U/L,28.2
604155,601169,600053,3000963,,2022-04-15,32856,12.5,,8713,12,17,g/dL,12.5
604156,601169,600053,3010813,,2022-04-15,32856,4,,8848,4,10,10^3/uL,4.0
604157,601169,600053,3017732,,2022-04-15,32856,4,,8848,1.5,7.5,10^3/uL,4.0
604158,601169,600053,3024929,,2022-04-15,32856,138.9,,8848,150,400,10^3/uL,138.9
604159,601169,600053,3016723,,2022-04-15,32856,0.47,,8840,0.6,1.2,mg/dL,0.47
604160,601169,600053,3013721,,2022-04-15,32856,22.6,,8645,0,40,U/L,22.6
604161,601169,600053,3006923,,2022-04-15,32856,0,,8645,0,40,U/L,0
604162,601173,600053,3000963,,2022-06-29,32856,9,,8713,12,17,g/dL,9.0
604163,601173,600053,3010813,,2022-06-29,32856,0.4,,8848,4,10,10^3/uL,0.4
604164,601173,600053,3017732,,2022-06-29,32856,0.9,,8848,1.5,7.5,10^3/uL,0.9
604165,601173,600053,3024929,,2022-06-29,32856,133.3,,8848,150,400,10^3/uL,133.3
604166,601175,600053,3000963,,2023-01-17,32856,13.3,,8713,12,17,g/dL,13.3
604167,601175,600053,3022250,,2023-01-17,32856,327,,8645,120,250,U/L,327.0
604168,601176,600053,3000963,,2023-04-17,32856,12.9,,8713,12,17,g/dL,12.9
604169,601176,600053,3022250,,2023-04-17,32856,234.7,,8645,120,250,U/L,234.7
604170,601177,600053,3000963,,2023-08-05,32856,15,,8713,12,17,g/dL,15.0
604171,601177,600053,3022250,,2023-08-05,32856,153,,8645,120,250,U/L,153.0
604172,601178,600053,3000963,,2023-11-25,32856,11.6,,8713,12,17,g/dL,11.6
604173,601178,600053,3022250,,2023-11-25,32856,277.5,,8645,120,250,U/L,277.5
604174,601179,600053,3000963,,2024-05-24,32856,12.1,,8713,12,17,g/dL,12.1
604175,601179,600053,3022250,,2024-05-24,32856,264.4,,8645,120,250,U/L,264.4
604176,601180,600053,3000963,,2024-09-26,32856,10.1,,8713,12,17,g/dL,10.1
604177,601180,600053,3022250,,2024-09-26,32856,365.9,,8645,120,250,U/L,365.9
604178,601181,600053,3000963,,2025-03-16,32856,10.7,,8713,12,17,g/dL,10.7
604179,601181,600053,3022250,,2025-03-16,32856,143.7,,8645,120,250,U/L,143.7
604180,601182,600053,3000963,,2025-06-11,32856,14.3,,8713,12,17,g/dL,14.3
604181,601182,600053,3022250,,2025-06-11,32856,148.9,,8645,120,250,U/L,148.9
604182,601183,600053,3000963,,2025-10-29,32856,15.9,,8713,12,17,g/dL,15.9
604183,601183,600053,3022250,,2025-10-29,32856,338.3,,8645,120,250,U/L,338.3
604184,601184,600053,3000963,,2026-04-07,32856,13.5,,8713,12,17,g/dL,13.5
604185,601184,600053,3022250,,2026-04-07,32856,273.9,,8645,120,250,U/L,273.9
604186,601185,600053,3000963,,2026-07-24,32856,12.1,,8713,12,17,g/dL,12.1
604187,601185,600053,3022250,,2026-07-24,32856,303,,8645,120,250,U/L,303.0
604188,601186,600054,3000963,,2021-09-13,32856,11.3,,8713,12,17,g/dL,11.3
604189,601186,600054,3010813,,2021-09-13,32856,3.3,,8848,4,10,10^3/uL,3.3
604190,601186,600054,3017732,,2021-09-13,32856,5.4,,8848,1.5,7.5,10^3/uL,5.4
604191,601186,600054,3024929,,2021-09-13,32856,264.4,,8848,150,400,10^3/uL,264.4
604192,601186,600054,3016723,,2021-09-13,32856,0.96,,8840,0.6,1.2,mg/dL,0.96
604193,601186,600054,3013721,,2021-09-13,32856,73.2,,8645,0,40,U/L,73.2
604194,601186,600054,3006923,,2021-09-13,32856,0,,8645,0,40,U/L,0
604195,601186,600054,3020491,,2021-09-13,32856,3.26,,8713,3.5,5.2,g/dL,3.26
604196,601186,600054,3024128,,2021-09-13,32856,0.34,,8840,0.2,1.2,mg/dL,0.34
604197,601186,600054,3022250,,2021-09-13,32856,86.8,,8645,120,250,U/L,86.8
604198,601186,600054,3006315,,2021-09-13,32856,3.1,,8859,0.8,2.2,mg/L,3.1
604199,601186,600054,3036277,,2021-09-13,32856,163.3,,8582,150,185,cm,163.3
604200,601186,600054,3025315,,2021-09-13,32856,54.4,,9529,45,90,kg,54.4
604201,601187,600054,3000963,,2021-09-30,32856,11.5,,8713,12,17,g/dL,11.5
604202,601187,600054,3010813,,2021-09-30,32856,6,,8848,4,10,10^3/uL,6.0
604203,601187,600054,3017732,,2021-09-30,32856,4.4,,8848,1.5,7.5,10^3/uL,4.4
604204,601187,600054,3024929,,2021-09-30,32856,217.1,,8848,150,400,10^3/uL,217.1
604205,601187,600054,3016723,,2021-09-30,32856,1.38,,8840,0.6,1.2,mg/dL,1.38
604206,601187,600054,3013721,,2021-09-30,32856,49.2,,8645,0,40,U/L,49.2
604207,601187,600054,3006923,,2021-09-30,32856,3.7,,8645,0,40,U/L,3.7
604208,601188,600054,3000963,,2021-10-21,32856,9.8,,8713,12,17,g/dL,9.8
604209,601188,600054,3010813,,2021-10-21,32856,4.1,,8848,4,10,10^3/uL,4.1
604210,601188,600054,3017732,,2021-10-21,32856,2.2,,8848,1.5,7.5,10^3/uL,2.2
604211,601188,600054,3024929,,2021-10-21,32856,193.1,,8848,150,400,10^3/uL,193.1
604212,601188,600054,3016723,,2021-10-21,32856,0.67,,8840,0.6,1.2,mg/dL,0.67
604213,601188,600054,3013721,,2021-10-21,32856,38.6,,8645,0,40,U/L,38.6
604214,601188,600054,3006923,,2021-10-21,32856,55,,8645,0,40,U/L,55.0
604215,601189,600054,3000963,,2021-11-11,32856,10.4,,8713,12,17,g/dL,10.4
604216,601189,600054,3010813,,2021-11-11,32856,2.9,,8848,4,10,10^3/uL,2.9
604217,601189,600054,3017732,,2021-11-11,32856,1.3,,8848,1.5,7.5,10^3/uL,1.3
604218,601189,600054,3024929,,2021-11-11,32856,46.7,,8848,150,400,10^3/uL,46.7
604219,601189,600054,3016723,,2021-11-11,32856,0.5,,8840,0.6,1.2,mg/dL,0.5
604220,601189,600054,3013721,,2021-11-11,32856,6.6,,8645,0,40,U/L,6.6
604221,601189,600054,3006923,,2021-11-11,32856,0,,8645,0,40,U/L,0
604222,601190,600054,3000963,,2021-12-02,32856,10.7,,8713,12,17,g/dL,10.7
604223,601190,600054,3010813,,2021-12-02,32856,6.5,,8848,4,10,10^3/uL,6.5
604224,601190,600054,3017732,,2021-12-02,32856,3.1,,8848,1.5,7.5,10^3/uL,3.1
604225,601190,600054,3024929,,2021-12-02,32856,159.7,,8848,150,400,10^3/uL,159.7
604226,601190,600054,3016723,,2021-12-02,32856,0.57,,8840,0.6,1.2,mg/dL,0.57
604227,601190,600054,3013721,,2021-12-02,32856,20.3,,8645,0,40,U/L,20.3
604228,601190,600054,3006923,,2021-12-02,32856,31.1,,8645,0,40,U/L,31.1
604229,601191,600054,3000963,,2021-12-23,32856,11.4,,8713,12,17,g/dL,11.4
604230,601191,600054,3010813,,2021-12-23,32856,4.2,,8848,4,10,10^3/uL,4.2
604231,601191,600054,3017732,,2021-12-23,32856,0,,8848,1.5,7.5,10^3/uL,0
604232,601191,600054,3024929,,2021-12-23,32856,182.4,,8848,150,400,10^3/uL,182.4
604233,601191,600054,3016723,,2021-12-23,32856,0.27,,8840,0.6,1.2,mg/dL,0.27
604234,601191,600054,3013721,,2021-12-23,32856,22,,8645,0,40,U/L,22.0
604235,601191,600054,3006923,,2021-12-23,32856,98.1,,8645,0,40,U/L,98.1
604236,601192,600054,3000963,,2022-01-13,32856,9.1,,8713,12,17,g/dL,9.1
604237,601192,600054,3010813,,2022-01-13,32856,4.3,,8848,4,10,10^3/uL,4.3
604238,601192,600054,3017732,,2022-01-13,32856,2.9,,8848,1.5,7.5,10^3/uL,2.9
604239,601192,600054,3024929,,2022-01-13,32856,237.4,,8848,150,400,10^3/uL,237.4
604240,601192,600054,3016723,,2022-01-13,32856,1.04,,8840,0.6,1.2,mg/dL,1.04
604241,601192,600054,3013721,,2022-01-13,32856,28.4,,8645,0,40,U/L,28.4
604242,601192,600054,3006923,,2022-01-13,32856,17.5,,8645,0,40,U/L,17.5
604243,601196,600054,3000963,,2022-06-14,32856,13.6,,8713,12,17,g/dL,13.6
604244,601196,600054,3022250,,2022-06-14,32856,537.8,,8645,120,250,U/L,537.8
604245,601197,600054,3000963,,2022-11-30,32856,13.4,,8713,12,17,g/dL,13.4
604246,601197,600054,3022250,,2022-11-30,32856,463,,8645,120,250,U/L,463.0
604247,601198,600054,3000963,,2023-04-22,32856,13.2,,8713,12,17,g/dL,13.2
604248,601198,600054,3022250,,2023-04-22,32856,158.7,,8645,120,250,U/L,158.7
604249,601199,600054,3000963,,2023-07-17,32856,13.1,,8713,12,17,g/dL,13.1
604250,601199,600054,3022250,,2023-07-17,32856,268.6,,8645,120,250,U/L,268.6
604251,601200,600054,3000963,,2023-10-13,32856,16,,8713,12,17,g/dL,16.0
604252,601200,600054,3022250,,2023-10-13,32856,219.9,,8645,120,250,U/L,219.9
604253,601202,600054,3000963,,2024-02-17,32856,11.8,,8713,12,17,g/dL,11.8
604254,601202,600054,3010813,,2024-02-17,32856,3.4,,8848,4,10,10^3/uL,3.4
604255,601202,600054,3017732,,2024-02-17,32856,2.4,,8848,1.5,7.5,10^3/uL,2.4
604256,601202,600054,3024929,,2024-02-17,32856,311.9,,8848,150,400,10^3/uL,311.9
604257,601202,600054,3016723,,2024-02-17,32856,0.77,,8840,0.6,1.2,mg/dL,0.77
604258,601202,600054,3013721,,2024-02-17,32856,49.5,,8645,0,40,U/L,49.5
604259,601202,600054,3006923,,2024-02-17,32856,77.3,,8645,0,40,U/L,77.3
604260,601203,600054,3000963,,2024-03-09,32856,10.4,,8713,12,17,g/dL,10.4
604261,601203,600054,3010813,,2024-03-09,32856,10.4,,8848,4,10,10^3/uL,10.4
604262,601203,600054,3017732,,2024-03-09,32856,3.1,,8848,1.5,7.5,10^3/uL,3.1
604263,601203,600054,3024929,,2024-03-09,32856,258.6,,8848,150,400,10^3/uL,258.6
604264,601203,600054,3016723,,2024-03-09,32856,0.5,,8840,0.6,1.2,mg/dL,0.5
604265,601203,600054,3013721,,2024-03-09,32856,68.4,,8645,0,40,U/L,68.4
604266,601203,600054,3006923,,2024-03-09,32856,39.8,,8645,0,40,U/L,39.8
604267,601204,600054,3000963,,2024-03-30,32856,14.6,,8713,12,17,g/dL,14.6
604268,601204,600054,3010813,,2024-03-30,32856,4.6,,8848,4,10,10^3/uL,4.6
604269,601204,600054,3017732,,2024-03-30,32856,2.5,,8848,1.5,7.5,10^3/uL,2.5
604270,601204,600054,3024929,,2024-03-30,32856,152.4,,8848,150,400,10^3/uL,152.4
604271,601204,600054,3016723,,2024-03-30,32856,0.87,,8840,0.6,1.2,mg/dL,0.87
604272,601204,600054,3013721,,2024-03-30,32856,80.6,,8645,0,40,U/L,80.6
604273,601204,600054,3006923,,2024-03-30,32856,26.6,,8645,0,40,U/L,26.6
604274,601209,600054,3000963,,2024-05-31,32856,9.1,,8713,12,17,g/dL,9.1
604275,601209,600054,3010813,,2024-05-31,32856,3.4,,8848,4,10,10^3/uL,3.4
604276,601209,600054,3017732,,2024-05-31,32856,0,,8848,1.5,7.5,10^3/uL,0
604277,601209,600054,3024929,,2024-05-31,32856,66.5,,8848,150,400,10^3/uL,66.5
604278,601211,600054,3000963,,2025-01-01,32856,13.3,,8713,12,17,g/dL,13.3
604279,601211,600054,3022250,,2025-01-01,32856,248.6,,8645,120,250,U/L,248.6
604280,601212,600054,3000963,,2025-05-17,32856,12.3,,8713,12,17,g/dL,12.3
604281,601212,600054,3022250,,2025-05-17,32856,438.8,,8645,120,250,U/L,438.8
604282,601213,600054,3000963,,2025-10-28,32856,10.4,,8713,12,17,g/dL,10.4
604283,601213,600054,3022250,,2025-10-28,32856,258.3,,8645,120,250,U/L,258.3
604284,601214,600054,3000963,,2026-04-26,32856,13.7,,8713,12,17,g/dL,13.7
604285,601214,600054,3022250,,2026-04-26,32856,91,,8645,120,250,U/L,91.0
604286,601215,600055,3000963,,2019-03-15,32856,10.6,,8713,12,17,g/dL,10.6
604287,601215,600055,3010813,,2019-03-15,32856,7,,8848,4,10,10^3/uL,7.0
604288,601215,600055,3017732,,2019-03-15,32856,2.5,,8848,1.5,7.5,10^3/uL,2.5
604289,601215,600055,3024929,,2019-03-15,32856,219.4,,8848,150,400,10^3/uL,219.4
604290,601215,600055,3016723,,2019-03-15,32856,0.72,,8840,0.6,1.2,mg/dL,0.72
604291,601215,600055,3013721,,2019-03-15,32856,46,,8645,0,40,U/L,46.0
604292,601215,600055,3006923,,2019-03-15,32856,54.3,,8645,0,40,U/L,54.3
604293,601215,600055,3020491,,2019-03-15,32856,3.64,,8713,3.5,5.2,g/dL,3.64
604294,601215,600055,3024128,,2019-03-15,32856,0.49,,8840,0.2,1.2,mg/dL,0.49
604295,601215,600055,3022250,,2019-03-15,32856,78.4,,8645,120,250,U/L,78.4
604296,601215,600055,3006315,,2019-03-15,32856,3.4,,8859,0.8,2.2,mg/L,3.4
604297,601215,600055,3036277,,2019-03-15,32856,163.3,,8582,150,185,cm,163.3
604298,601215,600055,3025315,,2019-03-15,32856,83.4,,9529,45,90,kg,83.4
604299,601216,600055,3000963,,2019-04-03,32856,11.6,,8713,12,17,g/dL,11.6
604300,601216,600055,3010813,,2019-04-03,32856,5.8,,8848,4,10,10^3/uL,5.8
604301,601216,600055,3017732,,2019-04-03,32856,2.7,,8848,1.5,7.5,10^3/uL,2.7
604302,601216,600055,3024929,,2019-04-03,32856,260.2,,8848,150,400,10^3/uL,260.2
604303,601216,600055,3016723,,2019-04-03,32856,0.91,,8840,0.6,1.2,mg/dL,0.91
604304,601216,600055,3013721,,2019-04-03,32856,45.7,,8645,0,40,U/L,45.7
604305,601216,600055,3006923,,2019-04-03,32856,12.4,,8645,0,40,U/L,12.4
604306,601217,600055,3000963,,2019-04-24,32856,13,,8713,12,17,g/dL,13.0
604307,601217,600055,3010813,,2019-04-24,32856,8.8,,8848,4,10,10^3/uL,8.8
604308,601217,600055,3017732,,2019-04-24,32856,0,,8848,1.5,7.5,10^3/uL,0
604309,601217,600055,3024929,,2019-04-24,32856,211.8,,8848,150,400,10^3/uL,211.8
604310,601217,600055,3016723,,2019-04-24,32856,0.38,,8840,0.6,1.2,mg/dL,0.38
604311,601217,600055,3013721,,2019-04-24,32856,48.1,,8645,0,40,U/L,48.1
604312,601217,600055,3006923,,2019-04-24,32856,27.3,,8645,0,40,U/L,27.3
604313,601218,600055,3000963,,2019-05-15,32856,13.6,,8713,12,17,g/dL,13.6
604314,601218,600055,3010813,,2019-05-15,32856,5.5,,8848,4,10,10^3/uL,5.5
604315,601218,600055,3017732,,2019-05-15,32856,4.8,,8848,1.5,7.5,10^3/uL,4.8
604316,601218,600055,3024929,,2019-05-15,32856,199.3,,8848,150,400,10^3/uL,199.3
604317,601218,600055,3016723,,2019-05-15,32856,1.3,,8840,0.6,1.2,mg/dL,1.3
604318,601218,600055,3013721,,2019-05-15,32856,65.3,,8645,0,40,U/L,65.3
604319,601218,600055,3006923,,2019-05-15,32856,58.6,,8645,0,40,U/L,58.6
604320,601219,600055,3000963,,2019-06-05,32856,14.5,,8713,12,17,g/dL,14.5
604321,601219,600055,3010813,,2019-06-05,32856,9.4,,8848,4,10,10^3/uL,9.4
604322,601219,600055,3017732,,2019-06-05,32856,1.1,,8848,1.5,7.5,10^3/uL,1.1
604323,601219,600055,3024929,,2019-06-05,32856,276.8,,8848,150,400,10^3/uL,276.8
604324,601219,600055,3016723,,2019-06-05,32856,0.79,,8840,0.6,1.2,mg/dL,0.79
604325,601219,600055,3013721,,2019-06-05,32856,23.8,,8645,0,40,U/L,23.8
604326,601219,600055,3006923,,2019-06-05,32856,23.8,,8645,0,40,U/L,23.8
604327,601220,600055,3000963,,2019-06-26,32856,13.1,,8713,12,17,g/dL,13.1
604328,601220,600055,3010813,,2019-06-26,32856,10.4,,8848,4,10,10^3/uL,10.4
604329,601220,600055,3017732,,2019-06-26,32856,3.4,,8848,1.5,7.5,10^3/uL,3.4
604330,601220,600055,3024929,,2019-06-26,32856,153.2,,8848,150,400,10^3/uL,153.2
604331,601220,600055,3016723,,2019-06-26,32856,0.97,,8840,0.6,1.2,mg/dL,0.97
604332,601220,600055,3013721,,2019-06-26,32856,63.9,,8645,0,40,U/L,63.9
604333,601220,600055,3006923,,2019-06-26,32856,93.7,,8645,0,40,U/L,93.7
604334,601221,600055,3000963,,2019-07-17,32856,13.3,,8713,12,17,g/dL,13.3
604335,601221,600055,3010813,,2019-07-17,32856,6.1,,8848,4,10,10^3/uL,6.1
604336,601221,600055,3017732,,2019-07-17,32856,3,,8848,1.5,7.5,10^3/uL,3.0
604337,601221,600055,3024929,,2019-07-17,32856,239.7,,8848,150,400,10^3/uL,239.7
604338,601221,600055,3016723,,2019-07-17,32856,1.07,,8840,0.6,1.2,mg/dL,1.07
604339,601221,600055,3013721,,2019-07-17,32856,26.1,,8645,0,40,U/L,26.1
604340,601221,600055,3006923,,2019-07-17,32856,0.2,,8645,0,40,U/L,0.2
604341,601226,600055,3000963,,2019-12-09,32856,14.3,,8713,12,17,g/dL,14.3
604342,601226,600055,3022250,,2019-12-09,32856,130.1,,8645,120,250,U/L,130.1
604343,601227,600055,3000963,,2020-05-03,32856,13.2,,8713,12,17,g/dL,13.2
604344,601227,600055,3022250,,2020-05-03,32856,344.9,,8645,120,250,U/L,344.9
604345,601229,600055,3000963,,2020-07-31,32856,15.1,,8713,12,17,g/dL,15.1
604346,601229,600055,3010813,,2020-07-31,32856,5.2,,8848,4,10,10^3/uL,5.2
604347,601229,600055,3017732,,2020-07-31,32856,5,,8848,1.5,7.5,10^3/uL,5.0
604348,601229,600055,3024929,,2020-07-31,32856,224.6,,8848,150,400,10^3/uL,224.6
604349,601229,600055,3016723,,2020-07-31,32856,0.9,,8840,0.6,1.2,mg/dL,0.9
604350,601229,600055,3013721,,2020-07-31,32856,24.4,,8645,0,40,U/L,24.4
604351,601229,600055,3006923,,2020-07-31,32856,89.6,,8645,0,40,U/L,89.6
604352,601230,600055,3000963,,2020-08-21,32856,8.8,,8713,12,17,g/dL,8.8
604353,601230,600055,3010813,,2020-08-21,32856,6.3,,8848,4,10,10^3/uL,6.3
604354,601230,600055,3017732,,2020-08-21,32856,2.1,,8848,1.5,7.5,10^3/uL,2.1
604355,601230,600055,3024929,,2020-08-21,32856,118.8,,8848,150,400,10^3/uL,118.8
604356,601230,600055,3016723,,2020-08-21,32856,0.93,,8840,0.6,1.2,mg/dL,0.93
604357,601230,600055,3013721,,2020-08-21,32856,45.9,,8645,0,40,U/L,45.9
604358,601230,600055,3006923,,2020-08-21,32856,98.8,,8645,0,40,U/L,98.8
604359,601231,600055,3000963,,2020-09-11,32856,11.5,,8713,12,17,g/dL,11.5
604360,601231,600055,3010813,,2020-09-11,32856,6.8,,8848,4,10,10^3/uL,6.8
604361,601231,600055,3017732,,2020-09-11,32856,1.6,,8848,1.5,7.5,10^3/uL,1.6
604362,601231,600055,3024929,,2020-09-11,32856,195.1,,8848,150,400,10^3/uL,195.1
604363,601231,600055,3016723,,2020-09-11,32856,1.11,,8840,0.6,1.2,mg/dL,1.11
604364,601231,600055,3013721,,2020-09-11,32856,48.2,,8645,0,40,U/L,48.2
604365,601231,600055,3006923,,2020-09-11,32856,47.5,,8645,0,40,U/L,47.5
604366,601235,600056,3000963,,2024-04-09,32856,13.2,,8713,12,17,g/dL,13.2
604367,601235,600056,3010813,,2024-04-09,32856,7.8,,8848,4,10,10^3/uL,7.8
604368,601235,600056,3017732,,2024-04-09,32856,0.1,,8848,1.5,7.5,10^3/uL,0.1
604369,601235,600056,3024929,,2024-04-09,32856,221.9,,8848,150,400,10^3/uL,221.9
604370,601235,600056,3016723,,2024-04-09,32856,0.63,,8840,0.6,1.2,mg/dL,0.63
604371,601235,600056,3013721,,2024-04-09,32856,39.9,,8645,0,40,U/L,39.9
604372,601235,600056,3006923,,2024-04-09,32856,97.6,,8645,0,40,U/L,97.6
604373,601235,600056,3020491,,2024-04-09,32856,4.73,,8713,3.5,5.2,g/dL,4.73
604374,601235,600056,3024128,,2024-04-09,32856,1.35,,8840,0.2,1.2,mg/dL,1.35
604375,601235,600056,3022250,,2024-04-09,32856,341,,8645,120,250,U/L,341.0
604376,601235,600056,3006315,,2024-04-09,32856,3.3,,8859,0.8,2.2,mg/L,3.3
604377,601235,600056,3036277,,2024-04-09,32856,159,,8582,150,185,cm,159.0
604378,601235,600056,3025315,,2024-04-09,32856,69.9,,9529,45,90,kg,69.9
604379,601236,600056,3000963,,2024-05-02,32856,15.3,,8713,12,17,g/dL,15.3
604380,601236,600056,3010813,,2024-05-02,32856,5.1,,8848,4,10,10^3/uL,5.1
604381,601236,600056,3017732,,2024-05-02,32856,4.5,,8848,1.5,7.5,10^3/uL,4.5
604382,601236,600056,3024929,,2024-05-02,32856,233.1,,8848,150,400,10^3/uL,233.1
604383,601236,600056,3016723,,2024-05-02,32856,0.9,,8840,0.6,1.2,mg/dL,0.9
604384,601236,600056,3013721,,2024-05-02,32856,56.1,,8645,0,40,U/L,56.1
604385,601236,600056,3006923,,2024-05-02,32856,34.6,,8645,0,40,U/L,34.6
604386,601237,600056,3000963,,2024-05-23,32856,13.6,,8713,12,17,g/dL,13.6
604387,601237,600056,3010813,,2024-05-23,32856,7.5,,8848,4,10,10^3/uL,7.5
604388,601237,600056,3017732,,2024-05-23,32856,1.9,,8848,1.5,7.5,10^3/uL,1.9
604389,601237,600056,3024929,,2024-05-23,32856,124.2,,8848,150,400,10^3/uL,124.2
604390,601237,600056,3016723,,2024-05-23,32856,0.63,,8840,0.6,1.2,mg/dL,0.63
604391,601237,600056,3013721,,2024-05-23,32856,82.6,,8645,0,40,U/L,82.6
604392,601237,600056,3006923,,2024-05-23,32856,62.5,,8645,0,40,U/L,62.5
604393,601240,600056,3000963,,2024-06-21,32856,13.3,,8713,12,17,g/dL,13.3
604394,601240,600056,3010813,,2024-06-21,32856,5.2,,8848,4,10,10^3/uL,5.2
604395,601240,600056,3017732,,2024-06-21,32856,3.9,,8848,1.5,7.5,10^3/uL,3.9
604396,601240,600056,3024929,,2024-06-21,32856,243.9,,8848,150,400,10^3/uL,243.9
604397,601240,600056,3016723,,2024-06-21,32856,0.8,,8840,0.6,1.2,mg/dL,0.8
604398,601240,600056,3013721,,2024-06-21,32856,66.7,,8645,0,40,U/L,66.7
604399,601240,600056,3006923,,2024-06-21,32856,63.8,,8645,0,40,U/L,63.8
604400,601241,600056,3000963,,2024-07-12,32856,15.6,,8713,12,17,g/dL,15.6
604401,601241,600056,3010813,,2024-07-12,32856,8.7,,8848,4,10,10^3/uL,8.7
604402,601241,600056,3017732,,2024-07-12,32856,2.2,,8848,1.5,7.5,10^3/uL,2.2
604403,601241,600056,3024929,,2024-07-12,32856,205.2,,8848,150,400,10^3/uL,205.2
604404,601241,600056,3016723,,2024-07-12,32856,0.95,,8840,0.6,1.2,mg/dL,0.95
604405,601241,600056,3013721,,2024-07-12,32856,41.1,,8645,0,40,U/L,41.1
604406,601241,600056,3006923,,2024-07-12,32856,14.1,,8645,0,40,U/L,14.1
604407,601242,600056,3000963,,2024-08-02,32856,11.6,,8713,12,17,g/dL,11.6
604408,601242,600056,3010813,,2024-08-02,32856,8.1,,8848,4,10,10^3/uL,8.1
604409,601242,600056,3017732,,2024-08-02,32856,0,,8848,1.5,7.5,10^3/uL,0
604410,601242,600056,3024929,,2024-08-02,32856,171.9,,8848,150,400,10^3/uL,171.9
604411,601242,600056,3016723,,2024-08-02,32856,0.59,,8840,0.6,1.2,mg/dL,0.59
604412,601242,600056,3013721,,2024-08-02,32856,36.6,,8645,0,40,U/L,36.6
604413,601242,600056,3006923,,2024-08-02,32856,66.1,,8645,0,40,U/L,66.1
604414,601246,600057,3000963,,2019-06-07,32856,14.3,,8713,12,17,g/dL,14.3
604415,601246,600057,3010813,,2019-06-07,32856,9.7,,8848,4,10,10^3/uL,9.7
604416,601246,600057,3017732,,2019-06-07,32856,2.4,,8848,1.5,7.5,10^3/uL,2.4
604417,601246,600057,3024929,,2019-06-07,32856,406.8,,8848,150,400,10^3/uL,406.8
604418,601246,600057,3016723,,2019-06-07,32856,1.07,,8840,0.6,1.2,mg/dL,1.07
604419,601246,600057,3013721,,2019-06-07,32856,14.8,,8645,0,40,U/L,14.8
604420,601246,600057,3006923,,2019-06-07,32856,30.6,,8645,0,40,U/L,30.6
604421,601246,600057,3020491,,2019-06-07,32856,4.54,,8713,3.5,5.2,g/dL,4.54
604422,601246,600057,3024128,,2019-06-07,32856,0.76,,8840,0.2,1.2,mg/dL,0.76
604423,601246,600057,3022250,,2019-06-07,32856,258.5,,8645,120,250,U/L,258.5
604424,601246,600057,3006315,,2019-06-07,32856,2.1,,8859,0.8,2.2,mg/L,2.1
604425,601246,600057,3036277,,2019-06-07,32856,152.3,,8582,150,185,cm,152.3
604426,601246,600057,3025315,,2019-06-07,32856,69.4,,9529,45,90,kg,69.4
604427,601247,600057,3000963,,2019-06-28,32856,15.6,,8713,12,17,g/dL,15.6
604428,601247,600057,3010813,,2019-06-28,32856,5.9,,8848,4,10,10^3/uL,5.9
604429,601247,600057,3017732,,2019-06-28,32856,3.6,,8848,1.5,7.5,10^3/uL,3.6
604430,601247,600057,3024929,,2019-06-28,32856,366.1,,8848,150,400,10^3/uL,366.1
604431,601247,600057,3016723,,2019-06-28,32856,0.85,,8840,0.6,1.2,mg/dL,0.85
604432,601247,600057,3013721,,2019-06-28,32856,55.2,,8645,0,40,U/L,55.2
604433,601247,600057,3006923,,2019-06-28,32856,0,,8645,0,40,U/L,0
604434,601248,600057,3000963,,2019-07-19,32856,10.5,,8713,12,17,g/dL,10.5
604435,601248,600057,3010813,,2019-07-19,32856,7.3,,8848,4,10,10^3/uL,7.3
604436,601248,600057,3017732,,2019-07-19,32856,6,,8848,1.5,7.5,10^3/uL,6.0
604437,601248,600057,3024929,,2019-07-19,32856,170.1,,8848,150,400,10^3/uL,170.1
604438,601248,600057,3016723,,2019-07-19,32856,0.63,,8840,0.6,1.2,mg/dL,0.63
604439,601248,600057,3013721,,2019-07-19,32856,56.6,,8645,0,40,U/L,56.6
604440,601248,600057,3006923,,2019-07-19,32856,48.5,,8645,0,40,U/L,48.5
604441,601249,600057,3000963,,2019-08-09,32856,12.5,,8713,12,17,g/dL,12.5
604442,601249,600057,3010813,,2019-08-09,32856,7.2,,8848,4,10,10^3/uL,7.2
604443,601249,600057,3017732,,2019-08-09,32856,1.9,,8848,1.5,7.5,10^3/uL,1.9
604444,601249,600057,3024929,,2019-08-09,32856,232.6,,8848,150,400,10^3/uL,232.6
604445,601249,600057,3016723,,2019-08-09,32856,0.63,,8840,0.6,1.2,mg/dL,0.63
604446,601249,600057,3013721,,2019-08-09,32856,75.5,,8645,0,40,U/L,75.5
604447,601249,600057,3006923,,2019-08-09,32856,38.5,,8645,0,40,U/L,38.5
604448,601250,600057,3000963,,2019-08-30,32856,10.7,,8713,12,17,g/dL,10.7
604449,601250,600057,3010813,,2019-08-30,32856,7.2,,8848,4,10,10^3/uL,7.2
604450,601250,600057,3017732,,2019-08-30,32856,2,,8848,1.5,7.5,10^3/uL,2.0
604451,601250,600057,3024929,,2019-08-30,32856,205,,8848,150,400,10^3/uL,205.0
604452,601250,600057,3016723,,2019-08-30,32856,0.85,,8840,0.6,1.2,mg/dL,0.85
604453,601250,600057,3013721,,2019-08-30,32856,38.3,,8645,0,40,U/L,38.3
604454,601250,600057,3006923,,2019-08-30,32856,32.4,,8645,0,40,U/L,32.4
604455,601256,600057,3000963,,2020-03-10,32856,13.2,,8713,12,17,g/dL,13.2
604456,601256,600057,3022250,,2020-03-10,32856,270.2,,8645,120,250,U/L,270.2
604457,601257,600057,3000963,,2020-07-13,32856,10.1,,8713,12,17,g/dL,10.1
604458,601257,600057,3022250,,2020-07-13,32856,261.2,,8645,120,250,U/L,261.2
604459,601258,600057,3000963,,2020-12-31,32856,10.7,,8713,12,17,g/dL,10.7
604460,601258,600057,3022250,,2020-12-31,32856,225,,8645,120,250,U/L,225.0
604461,601259,600057,3000963,,2021-06-07,32856,12.4,,8713,12,17,g/dL,12.4
604462,601259,600057,3022250,,2021-06-07,32856,247.9,,8645,120,250,U/L,247.9
604463,601260,600057,3000963,,2021-10-30,32856,11.4,,8713,12,17,g/dL,11.4
604464,601260,600057,3022250,,2021-10-30,32856,439.4,,8645,120,250,U/L,439.4
604465,601261,600057,3000963,,2022-01-23,32856,13,,8713,12,17,g/dL,13.0
604466,601261,600057,3022250,,2022-01-23,32856,363.1,,8645,120,250,U/L,363.1
604467,601262,600057,3000963,,2022-05-25,32856,9.2,,8713,12,17,g/dL,9.2
604468,601262,600057,3022250,,2022-05-25,32856,264,,8645,120,250,U/L,264.0
604469,601263,600057,3000963,,2022-09-20,32856,11.4,,8713,12,17,g/dL,11.4
604470,601263,600057,3022250,,2022-09-20,32856,203.7,,8645,120,250,U/L,203.7
604471,601264,600057,3000963,,2023-03-17,32856,14.8,,8713,12,17,g/dL,14.8
604472,601264,600057,3022250,,2023-03-17,32856,126.1,,8645,120,250,U/L,126.1
604473,601265,600057,3000963,,2023-08-15,32856,15.4,,8713,12,17,g/dL,15.4
604474,601265,600057,3022250,,2023-08-15,32856,467.2,,8645,120,250,U/L,467.2
604475,601266,600057,3000963,,2024-01-12,32856,11.7,,8713,12,17,g/dL,11.7
604476,601266,600057,3022250,,2024-01-12,32856,33,,8645,120,250,U/L,33.0
604477,601267,600057,3000963,,2024-06-27,32856,15.8,,8713,12,17,g/dL,15.8
604478,601267,600057,3022250,,2024-06-27,32856,151.8,,8645,120,250,U/L,151.8
604479,601268,600058,3000963,,2022-11-28,32856,13.4,,8713,12,17,g/dL,13.4
604480,601268,600058,3010813,,2022-11-28,32856,5.3,,8848,4,10,10^3/uL,5.3
604481,601268,600058,3017732,,2022-11-28,32856,2.5,,8848,1.5,7.5,10^3/uL,2.5
604482,601268,600058,3024929,,2022-11-28,32856,127.1,,8848,150,400,10^3/uL,127.1
604483,601268,600058,3016723,,2022-11-28,32856,0.78,,8840,0.6,1.2,mg/dL,0.78
604484,601268,600058,3013721,,2022-11-28,32856,35.5,,8645,0,40,U/L,35.5
604485,601268,600058,3006923,,2022-11-28,32856,50.2,,8645,0,40,U/L,50.2
604486,601268,600058,3020491,,2022-11-28,32856,4.12,,8713,3.5,5.2,g/dL,4.12
604487,601268,600058,3024128,,2022-11-28,32856,0.49,,8840,0.2,1.2,mg/dL,0.49
604488,601268,600058,3022250,,2022-11-28,32856,394.4,,8645,120,250,U/L,394.4
604489,601268,600058,3006315,,2022-11-28,32856,1.5,,8859,0.8,2.2,mg/L,1.5
604490,601268,600058,3036277,,2022-11-28,32856,182.1,,8582,150,185,cm,182.1
604491,601268,600058,3025315,,2022-11-28,32856,74.8,,9529,45,90,kg,74.8
604492,601269,600058,3000963,,2022-12-08,32856,12.7,,8713,12,17,g/dL,12.7
604493,601269,600058,3010813,,2022-12-08,32856,9.3,,8848,4,10,10^3/uL,9.3
604494,601269,600058,3017732,,2022-12-08,32856,6.1,,8848,1.5,7.5,10^3/uL,6.1
604495,601269,600058,3024929,,2022-12-08,32856,255.2,,8848,150,400,10^3/uL,255.2
604496,601269,600058,3016723,,2022-12-08,32856,1.06,,8840,0.6,1.2,mg/dL,1.06
604497,601269,600058,3013721,,2022-12-08,32856,57.5,,8645,0,40,U/L,57.5
604498,601269,600058,3006923,,2022-12-08,32856,5.1,,8645,0,40,U/L,5.1
604499,601270,600058,3000963,,2022-12-22,32856,12.5,,8713,12,17,g/dL,12.5
604500,601270,600058,3010813,,2022-12-22,32856,7.4,,8848,4,10,10^3/uL,7.4
604501,601270,600058,3017732,,2022-12-22,32856,4.2,,8848,1.5,7.5,10^3/uL,4.2
604502,601270,600058,3024929,,2022-12-22,32856,238.6,,8848,150,400,10^3/uL,238.6
604503,601270,600058,3016723,,2022-12-22,32856,0.94,,8840,0.6,1.2,mg/dL,0.94
604504,601270,600058,3013721,,2022-12-22,32856,18.9,,8645,0,40,U/L,18.9
604505,601270,600058,3006923,,2022-12-22,32856,59.1,,8645,0,40,U/L,59.1
604506,601271,600058,3000963,,2023-01-05,32856,10.7,,8713,12,17,g/dL,10.7
604507,601271,600058,3010813,,2023-01-05,32856,6.6,,8848,4,10,10^3/uL,6.6
604508,601271,600058,3017732,,2023-01-05,32856,3.2,,8848,1.5,7.5,10^3/uL,3.2
604509,601271,600058,3024929,,2023-01-05,32856,174.7,,8848,150,400,10^3/uL,174.7
604510,601271,600058,3016723,,2023-01-05,32856,0.61,,8840,0.6,1.2,mg/dL,0.61
604511,601271,600058,3013721,,2023-01-05,32856,18.5,,8645,0,40,U/L,18.5
604512,601271,600058,3006923,,2023-01-05,32856,72.5,,8645,0,40,U/L,72.5
604513,601272,600058,3000963,,2023-01-19,32856,12.7,,8713,12,17,g/dL,12.7
604514,601272,600058,3010813,,2023-01-19,32856,9,,8848,4,10,10^3/uL,9.0
604515,601272,600058,3017732,,2023-01-19,32856,2.1,,8848,1.5,7.5,10^3/uL,2.1
604516,601272,600058,3024929,,2023-01-19,32856,271,,8848,150,400,10^3/uL,271.0
604517,601272,600058,3016723,,2023-01-19,32856,1.18,,8840,0.6,1.2,mg/dL,1.18
604518,601272,600058,3013721,,2023-01-19,32856,41.9,,8645,0,40,U/L,41.9
604519,601272,600058,3006923,,2023-01-19,32856,14.3,,8645,0,40,U/L,14.3
604520,601273,600058,3000963,,2023-02-02,32856,12.1,,8713,12,17,g/dL,12.1
604521,601273,600058,3010813,,2023-02-02,32856,10.7,,8848,4,10,10^3/uL,10.7
604522,601273,600058,3017732,,2023-02-02,32856,2.1,,8848,1.5,7.5,10^3/uL,2.1
604523,601273,600058,3024929,,2023-02-02,32856,231.3,,8848,150,400,10^3/uL,231.3
604524,601273,600058,3016723,,2023-02-02,32856,1.09,,8840,0.6,1.2,mg/dL,1.09
604525,601273,600058,3013721,,2023-02-02,32856,46.5,,8645,0,40,U/L,46.5
604526,601273,600058,3006923,,2023-02-02,32856,34.3,,8645,0,40,U/L,34.3
604527,601274,600058,3000963,,2023-02-16,32856,11.9,,8713,12,17,g/dL,11.9
604528,601274,600058,3010813,,2023-02-16,32856,9.2,,8848,4,10,10^3/uL,9.2
604529,601274,600058,3017732,,2023-02-16,32856,7.6,,8848,1.5,7.5,10^3/uL,7.6
604530,601274,600058,3024929,,2023-02-16,32856,199.2,,8848,150,400,10^3/uL,199.2
604531,601274,600058,3016723,,2023-02-16,32856,0.99,,8840,0.6,1.2,mg/dL,0.99
604532,601274,600058,3013721,,2023-02-16,32856,63.1,,8645,0,40,U/L,63.1
604533,601274,600058,3006923,,2023-02-16,32856,35.5,,8645,0,40,U/L,35.5
604534,601275,600058,3000963,,2023-03-02,32856,12.5,,8713,12,17,g/dL,12.5
604535,601275,600058,3010813,,2023-03-02,32856,5.2,,8848,4,10,10^3/uL,5.2
604536,601275,600058,3017732,,2023-03-02,32856,3,,8848,1.5,7.5,10^3/uL,3.0
604537,601275,600058,3024929,,2023-03-02,32856,208.6,,8848,150,400,10^3/uL,208.6
604538,601275,600058,3016723,,2023-03-02,32856,0.83,,8840,0.6,1.2,mg/dL,0.83
604539,601275,600058,3013721,,2023-03-02,32856,0,,8645,0,40,U/L,0
604540,601275,600058,3006923,,2023-03-02,32856,24.2,,8645,0,40,U/L,24.2
604541,601276,600058,3000963,,2023-03-16,32856,13.1,,8713,12,17,g/dL,13.1
604542,601276,600058,3010813,,2023-03-16,32856,7.3,,8848,4,10,10^3/uL,7.3
604543,601276,600058,3017732,,2023-03-16,32856,2.4,,8848,1.5,7.5,10^3/uL,2.4
604544,601276,600058,3024929,,2023-03-16,32856,281.3,,8848,150,400,10^3/uL,281.3
604545,601276,600058,3016723,,2023-03-16,32856,0.69,,8840,0.6,1.2,mg/dL,0.69
604546,601276,600058,3013721,,2023-03-16,32856,41.5,,8645,0,40,U/L,41.5
604547,601276,600058,3006923,,2023-03-16,32856,46.1,,8645,0,40,U/L,46.1
604548,601281,600058,3000963,,2023-09-18,32856,8.3,,8713,12,17,g/dL,8.3
604549,601281,600058,3022250,,2023-09-18,32856,135.4,,8645,120,250,U/L,135.4
604550,601282,600058,3000963,,2023-12-14,32856,11.4,,8713,12,17,g/dL,11.4
604551,601282,600058,3022250,,2023-12-14,32856,342.2,,8645,120,250,U/L,342.2
604552,601283,600058,3000963,,2024-03-10,32856,10.8,,8713,12,17,g/dL,10.8
604553,601283,600058,3022250,,2024-03-10,32856,248.3,,8645,120,250,U/L,248.3
604554,601284,600058,3000963,,2024-07-08,32856,11.7,,8713,12,17,g/dL,11.7
604555,601284,600058,3022250,,2024-07-08,32856,168.1,,8645,120,250,U/L,168.1
604556,601285,600058,3000963,,2024-12-02,32856,13.4,,8713,12,17,g/dL,13.4
604557,601285,600058,3022250,,2024-12-02,32856,123.2,,8645,120,250,U/L,123.2
604558,601287,600058,3000963,,2025-02-10,32856,12.9,,8713,12,17,g/dL,12.9
604559,601287,600058,3010813,,2025-02-10,32856,4.8,,8848,4,10,10^3/uL,4.8
604560,601287,600058,3017732,,2025-02-10,32856,3.1,,8848,1.5,7.5,10^3/uL,3.1
604561,601287,600058,3024929,,2025-02-10,32856,239.7,,8848,150,400,10^3/uL,239.7
604562,601287,600058,3016723,,2025-02-10,32856,0.96,,8840,0.6,1.2,mg/dL,0.96
604563,601287,600058,3013721,,2025-02-10,32856,45.5,,8645,0,40,U/L,45.5
604564,601287,600058,3006923,,2025-02-10,32856,74.9,,8645,0,40,U/L,74.9
604565,601288,600058,3000963,,2025-03-03,32856,12,,8713,12,17,g/dL,12.0
604566,601288,600058,3010813,,2025-03-03,32856,7.4,,8848,4,10,10^3/uL,7.4
604567,601288,600058,3017732,,2025-03-03,32856,3,,8848,1.5,7.5,10^3/uL,3.0
604568,601288,600058,3024929,,2025-03-03,32856,213.6,,8848,150,400,10^3/uL,213.6
604569,601288,600058,3016723,,2025-03-03,32856,0.4,,8840,0.6,1.2,mg/dL,0.4
604570,601288,600058,3013721,,2025-03-03,32856,28.4,,8645,0,40,U/L,28.4
604571,601288,600058,3006923,,2025-03-03,32856,68.2,,8645,0,40,U/L,68.2
604572,601289,600058,3000963,,2025-03-24,32856,11.3,,8713,12,17,g/dL,11.3
604573,601289,600058,3010813,,2025-03-24,32856,6.5,,8848,4,10,10^3/uL,6.5
604574,601289,600058,3017732,,2025-03-24,32856,1.4,,8848,1.5,7.5,10^3/uL,1.4
604575,601289,600058,3024929,,2025-03-24,32856,218,,8848,150,400,10^3/uL,218.0
604576,601289,600058,3016723,,2025-03-24,32856,0.58,,8840,0.6,1.2,mg/dL,0.58
604577,601289,600058,3013721,,2025-03-24,32856,28.7,,8645,0,40,U/L,28.7
604578,601289,600058,3006923,,2025-03-24,32856,27.4,,8645,0,40,U/L,27.4
604579,601290,600058,3000963,,2025-04-14,32856,11.7,,8713,12,17,g/dL,11.7
604580,601290,600058,3010813,,2025-04-14,32856,4,,8848,4,10,10^3/uL,4.0
604581,601290,600058,3017732,,2025-04-14,32856,3.3,,8848,1.5,7.5,10^3/uL,3.3
604582,601290,600058,3024929,,2025-04-14,32856,282.4,,8848,150,400,10^3/uL,282.4
604583,601290,600058,3016723,,2025-04-14,32856,1.01,,8840,0.6,1.2,mg/dL,1.01
604584,601290,600058,3013721,,2025-04-14,32856,51.7,,8645,0,40,U/L,51.7
604585,601290,600058,3006923,,2025-04-14,32856,61.5,,8645,0,40,U/L,61.5
604586,601295,600058,3000963,,2025-06-14,32856,9.5,,8713,12,17,g/dL,9.5
604587,601295,600058,3010813,,2025-06-14,32856,3.8,,8848,4,10,10^3/uL,3.8
604588,601295,600058,3017732,,2025-06-14,32856,1.8,,8848,1.5,7.5,10^3/uL,1.8
604589,601295,600058,3024929,,2025-06-14,32856,36.1,,8848,150,400,10^3/uL,36.1
604590,601297,600058,3000963,,2025-12-17,32856,12.2,,8713,12,17,g/dL,12.2
604591,601297,600058,3022250,,2025-12-17,32856,276.9,,8645,120,250,U/L,276.9
604592,601298,600058,3000963,,2026-06-01,32856,12.7,,8713,12,17,g/dL,12.7
604593,601298,600058,3022250,,2026-06-01,32856,179,,8645,120,250,U/L,179.0
604594,601299,600059,3000963,,2023-03-27,32856,10.9,,8713,12,17,g/dL,10.9
604595,601299,600059,3010813,,2023-03-27,32856,7.3,,8848,4,10,10^3/uL,7.3
604596,601299,600059,3017732,,2023-03-27,32856,6.5,,8848,1.5,7.5,10^3/uL,6.5
604597,601299,600059,3024929,,2023-03-27,32856,252.9,,8848,150,400,10^3/uL,252.9
604598,601299,600059,3016723,,2023-03-27,32856,0.76,,8840,0.6,1.2,mg/dL,0.76
604599,601299,600059,3013721,,2023-03-27,32856,55.2,,8645,0,40,U/L,55.2
604600,601299,600059,3006923,,2023-03-27,32856,0,,8645,0,40,U/L,0
604601,601299,600059,3020491,,2023-03-27,32856,3.77,,8713,3.5,5.2,g/dL,3.77
604602,601299,600059,3024128,,2023-03-27,32856,1.26,,8840,0.2,1.2,mg/dL,1.26
604603,601299,600059,3022250,,2023-03-27,32856,270,,8645,120,250,U/L,270.0
604604,601299,600059,3006315,,2023-03-27,32856,2.1,,8859,0.8,2.2,mg/L,2.1
604605,601299,600059,3036277,,2023-03-27,32856,172,,8582,150,185,cm,172.0
604606,601299,600059,3025315,,2023-03-27,32856,52.2,,9529,45,90,kg,52.2
604607,601300,600059,3000963,,2023-04-21,32856,11.9,,8713,12,17,g/dL,11.9
604608,601300,600059,3010813,,2023-04-21,32856,4,,8848,4,10,10^3/uL,4.0
604609,601300,600059,3017732,,2023-04-21,32856,5.6,,8848,1.5,7.5,10^3/uL,5.6
604610,601300,600059,3024929,,2023-04-21,32856,271.8,,8848,150,400,10^3/uL,271.8
604611,601300,600059,3016723,,2023-04-21,32856,0.7,,8840,0.6,1.2,mg/dL,0.7
604612,601300,600059,3013721,,2023-04-21,32856,32.8,,8645,0,40,U/L,32.8
604613,601300,600059,3006923,,2023-04-21,32856,23.4,,8645,0,40,U/L,23.4
604614,601301,600059,3000963,,2023-05-12,32856,10.7,,8713,12,17,g/dL,10.7
604615,601301,600059,3010813,,2023-05-12,32856,8.1,,8848,4,10,10^3/uL,8.1
604616,601301,600059,3017732,,2023-05-12,32856,3.1,,8848,1.5,7.5,10^3/uL,3.1
604617,601301,600059,3024929,,2023-05-12,32856,222.3,,8848,150,400,10^3/uL,222.3
604618,601301,600059,3016723,,2023-05-12,32856,1.31,,8840,0.6,1.2,mg/dL,1.31
604619,601301,600059,3013721,,2023-05-12,32856,22.6,,8645,0,40,U/L,22.6
604620,601301,600059,3006923,,2023-05-12,32856,75,,8645,0,40,U/L,75.0
604621,601302,600059,3000963,,2023-06-02,32856,12.4,,8713,12,17,g/dL,12.4
604622,601302,600059,3010813,,2023-06-02,32856,5.2,,8848,4,10,10^3/uL,5.2
604623,601302,600059,3017732,,2023-06-02,32856,0,,8848,1.5,7.5,10^3/uL,0
604624,601302,600059,3024929,,2023-06-02,32856,195.6,,8848,150,400,10^3/uL,195.6
604625,601302,600059,3016723,,2023-06-02,32856,1.07,,8840,0.6,1.2,mg/dL,1.07
604626,601302,600059,3013721,,2023-06-02,32856,29.5,,8645,0,40,U/L,29.5
604627,601302,600059,3006923,,2023-06-02,32856,22.9,,8645,0,40,U/L,22.9
604628,601303,600059,3000963,,2023-06-23,32856,11,,8713,12,17,g/dL,11.0
604629,601303,600059,3010813,,2023-06-23,32856,7.5,,8848,4,10,10^3/uL,7.5
604630,601303,600059,3017732,,2023-06-23,32856,1,,8848,1.5,7.5,10^3/uL,1.0
604631,601303,600059,3024929,,2023-06-23,32856,177.1,,8848,150,400,10^3/uL,177.1
604632,601303,600059,3016723,,2023-06-23,32856,1.23,,8840,0.6,1.2,mg/dL,1.23
604633,601303,600059,3013721,,2023-06-23,32856,28.3,,8645,0,40,U/L,28.3
604634,601303,600059,3006923,,2023-06-23,32856,73.8,,8645,0,40,U/L,73.8
604635,601304,600059,3000963,,2023-07-14,32856,10.9,,8713,12,17,g/dL,10.9
604636,601304,600059,3010813,,2023-07-14,32856,5.9,,8848,4,10,10^3/uL,5.9
604637,601304,600059,3017732,,2023-07-14,32856,0.4,,8848,1.5,7.5,10^3/uL,0.4
604638,601304,600059,3024929,,2023-07-14,32856,207.6,,8848,150,400,10^3/uL,207.6
604639,601304,600059,3016723,,2023-07-14,32856,1.1,,8840,0.6,1.2,mg/dL,1.1
604640,601304,600059,3013721,,2023-07-14,32856,23.3,,8645,0,40,U/L,23.3
604641,601304,600059,3006923,,2023-07-14,32856,30,,8645,0,40,U/L,30.0
604642,601305,600059,3000963,,2023-08-04,32856,10.2,,8713,12,17,g/dL,10.2
604643,601305,600059,3010813,,2023-08-04,32856,6.7,,8848,4,10,10^3/uL,6.7
604644,601305,600059,3017732,,2023-08-04,32856,2.4,,8848,1.5,7.5,10^3/uL,2.4
604645,601305,600059,3024929,,2023-08-04,32856,215.3,,8848,150,400,10^3/uL,215.3
604646,601305,600059,3016723,,2023-08-04,32856,0.83,,8840,0.6,1.2,mg/dL,0.83
604647,601305,600059,3013721,,2023-08-04,32856,42.8,,8645,0,40,U/L,42.8
604648,601305,600059,3006923,,2023-08-04,32856,36.9,,8645,0,40,U/L,36.9
604649,601311,600059,3000963,,2023-12-01,32856,14.4,,8713,12,17,g/dL,14.4
604650,601311,600059,3022250,,2023-12-01,32856,283.7,,8645,120,250,U/L,283.7
604651,601312,600059,3000963,,2024-05-11,32856,12.4,,8713,12,17,g/dL,12.4
604652,601312,600059,3022250,,2024-05-11,32856,131.3,,8645,120,250,U/L,131.3
604653,601314,600059,3000963,,2024-08-22,32856,12.7,,8713,12,17,g/dL,12.7
604654,601314,600059,3010813,,2024-08-22,32856,6.1,,8848,4,10,10^3/uL,6.1
604655,601314,600059,3017732,,2024-08-22,32856,6.3,,8848,1.5,7.5,10^3/uL,6.3
604656,601314,600059,3024929,,2024-08-22,32856,156.4,,8848,150,400,10^3/uL,156.4
604657,601314,600059,3016723,,2024-08-22,32856,0.1,,8840,0.6,1.2,mg/dL,0.1
604658,601314,600059,3013721,,2024-08-22,32856,0.2,,8645,0,40,U/L,0.2
604659,601314,600059,3006923,,2024-08-22,32856,25.6,,8645,0,40,U/L,25.6
604660,601315,600059,3000963,,2024-09-12,32856,12.8,,8713,12,17,g/dL,12.8
604661,601315,600059,3010813,,2024-09-12,32856,6.5,,8848,4,10,10^3/uL,6.5
604662,601315,600059,3017732,,2024-09-12,32856,3.2,,8848,1.5,7.5,10^3/uL,3.2
604663,601315,600059,3024929,,2024-09-12,32856,283.4,,8848,150,400,10^3/uL,283.4
604664,601315,600059,3016723,,2024-09-12,32856,1,,8840,0.6,1.2,mg/dL,1.0
604665,601315,600059,3013721,,2024-09-12,32856,12.9,,8645,0,40,U/L,12.9
604666,601315,600059,3006923,,2024-09-12,32856,53.2,,8645,0,40,U/L,53.2
604667,601316,600059,3000963,,2024-10-03,32856,11.2,,8713,12,17,g/dL,11.2
604668,601316,600059,3010813,,2024-10-03,32856,11,,8848,4,10,10^3/uL,11.0
604669,601316,600059,3017732,,2024-10-03,32856,4.4,,8848,1.5,7.5,10^3/uL,4.4
604670,601316,600059,3024929,,2024-10-03,32856,257.6,,8848,150,400,10^3/uL,257.6
604671,601316,600059,3016723,,2024-10-03,32856,0.73,,8840,0.6,1.2,mg/dL,0.73
604672,601316,600059,3013721,,2024-10-03,32856,14.9,,8645,0,40,U/L,14.9
604673,601316,600059,3006923,,2024-10-03,32856,71.5,,8645,0,40,U/L,71.5
604674,601321,600059,3000963,,2024-12-20,32856,9.4,,8713,12,17,g/dL,9.4
604675,601321,600059,3010813,,2024-12-20,32856,0.1,,8848,4,10,10^3/uL,0.1
604676,601321,600059,3017732,,2024-12-20,32856,4.2,,8848,1.5,7.5,10^3/uL,4.2
604677,601321,600059,3024929,,2024-12-20,32856,157.3,,8848,150,400,10^3/uL,157.3
604678,601323,600059,3000963,,2025-06-15,32856,12.9,,8713,12,17,g/dL,12.9
604679,601323,600059,3022250,,2025-06-15,32856,448.5,,8645,120,250,U/L,448.5
604680,601324,600059,3000963,,2025-09-19,32856,17.6,,8713,12,17,g/dL,17.6
604681,601324,600059,3022250,,2025-09-19,32856,140.3,,8645,120,250,U/L,140.3
604682,601325,600059,3000963,,2026-02-19,32856,9.7,,8713,12,17,g/dL,9.7
604683,601325,600059,3022250,,2026-02-19,32856,157.7,,8645,120,250,U/L,157.7
604684,601326,600059,3000963,,2026-07-01,32856,11.9,,8713,12,17,g/dL,11.9
604685,601326,600059,3022250,,2026-07-01,32856,241.4,,8645,120,250,U/L,241.4
604686,601327,600060,3000963,,2021-12-11,32856,13,,8713,12,17,g/dL,13.0
604687,601327,600060,3010813,,2021-12-11,32856,8.2,,8848,4,10,10^3/uL,8.2
604688,601327,600060,3017732,,2021-12-11,32856,4.6,,8848,1.5,7.5,10^3/uL,4.6
604689,601327,600060,3024929,,2021-12-11,32856,181.1,,8848,150,400,10^3/uL,181.1
604690,601327,600060,3016723,,2021-12-11,32856,0.82,,8840,0.6,1.2,mg/dL,0.82
604691,601327,600060,3013721,,2021-12-11,32856,49.4,,8645,0,40,U/L,49.4
604692,601327,600060,3006923,,2021-12-11,32856,14.8,,8645,0,40,U/L,14.8
604693,601327,600060,3020491,,2021-12-11,32856,4.4,,8713,3.5,5.2,g/dL,4.4
604694,601327,600060,3024128,,2021-12-11,32856,1.6,,8840,0.2,1.2,mg/dL,1.6
604695,601327,600060,3022250,,2021-12-11,32856,371.5,,8645,120,250,U/L,371.5
604696,601327,600060,3006315,,2021-12-11,32856,2.3,,8859,0.8,2.2,mg/L,2.3
604697,601327,600060,3036277,,2021-12-11,32856,167.5,,8582,150,185,cm,167.5
604698,601327,600060,3025315,,2021-12-11,32856,69,,9529,45,90,kg,69.0
604699,601328,600060,3000963,,2022-01-03,32856,12,,8713,12,17,g/dL,12.0
604700,601328,600060,3010813,,2022-01-03,32856,5.2,,8848,4,10,10^3/uL,5.2
604701,601328,600060,3017732,,2022-01-03,32856,2.7,,8848,1.5,7.5,10^3/uL,2.7
604702,601328,600060,3024929,,2022-01-03,32856,237.6,,8848,150,400,10^3/uL,237.6
604703,601328,600060,3016723,,2022-01-03,32856,0.99,,8840,0.6,1.2,mg/dL,0.99
604704,601328,600060,3013721,,2022-01-03,32856,24.6,,8645,0,40,U/L,24.6
604705,601328,600060,3006923,,2022-01-03,32856,1.7,,8645,0,40,U/L,1.7
604706,601329,600060,3000963,,2022-01-24,32856,13.2,,8713,12,17,g/dL,13.2
604707,601329,600060,3010813,,2022-01-24,32856,7.8,,8848,4,10,10^3/uL,7.8
604708,601329,600060,3017732,,2022-01-24,32856,3.7,,8848,1.5,7.5,10^3/uL,3.7
604709,601329,600060,3024929,,2022-01-24,32856,238.8,,8848,150,400,10^3/uL,238.8
604710,601329,600060,3016723,,2022-01-24,32856,0.69,,8840,0.6,1.2,mg/dL,0.69
604711,601329,600060,3013721,,2022-01-24,32856,50.1,,8645,0,40,U/L,50.1
604712,601329,600060,3006923,,2022-01-24,32856,8,,8645,0,40,U/L,8.0
604713,601330,600060,3000963,,2022-02-14,32856,11.4,,8713,12,17,g/dL,11.4
604714,601330,600060,3010813,,2022-02-14,32856,8.8,,8848,4,10,10^3/uL,8.8
604715,601330,600060,3017732,,2022-02-14,32856,0,,8848,1.5,7.5,10^3/uL,0
604716,601330,600060,3024929,,2022-02-14,32856,71,,8848,150,400,10^3/uL,71.0
604717,601330,600060,3016723,,2022-02-14,32856,1.13,,8840,0.6,1.2,mg/dL,1.13
604718,601330,600060,3013721,,2022-02-14,32856,11.9,,8645,0,40,U/L,11.9
604719,601330,600060,3006923,,2022-02-14,32856,17.1,,8645,0,40,U/L,17.1
604720,601331,600060,3000963,,2022-03-07,32856,9.4,,8713,12,17,g/dL,9.4
604721,601331,600060,3010813,,2022-03-07,32856,8.2,,8848,4,10,10^3/uL,8.2
604722,601331,600060,3017732,,2022-03-07,32856,2.6,,8848,1.5,7.5,10^3/uL,2.6
604723,601331,600060,3024929,,2022-03-07,32856,110.9,,8848,150,400,10^3/uL,110.9
604724,601331,600060,3016723,,2022-03-07,32856,0.89,,8840,0.6,1.2,mg/dL,0.89
604725,601331,600060,3013721,,2022-03-07,32856,45.7,,8645,0,40,U/L,45.7
604726,601331,600060,3006923,,2022-03-07,32856,61.8,,8645,0,40,U/L,61.8
604727,601332,600060,3000963,,2022-03-28,32856,10.4,,8713,12,17,g/dL,10.4
604728,601332,600060,3010813,,2022-03-28,32856,8.4,,8848,4,10,10^3/uL,8.4
604729,601332,600060,3017732,,2022-03-28,32856,3.4,,8848,1.5,7.5,10^3/uL,3.4
604730,601332,600060,3024929,,2022-03-28,32856,168.9,,8848,150,400,10^3/uL,168.9
604731,601332,600060,3016723,,2022-03-28,32856,0.72,,8840,0.6,1.2,mg/dL,0.72
604732,601332,600060,3013721,,2022-03-28,32856,70.9,,8645,0,40,U/L,70.9
604733,601332,600060,3006923,,2022-03-28,32856,64.8,,8645,0,40,U/L,64.8
604734,601333,600060,3000963,,2022-04-18,32856,10.2,,8713,12,17,g/dL,10.2
604735,601333,600060,3010813,,2022-04-18,32856,7.9,,8848,4,10,10^3/uL,7.9
604736,601333,600060,3017732,,2022-04-18,32856,1.6,,8848,1.5,7.5,10^3/uL,1.6
604737,601333,600060,3024929,,2022-04-18,32856,236,,8848,150,400,10^3/uL,236.0
604738,601333,600060,3016723,,2022-04-18,32856,0.89,,8840,0.6,1.2,mg/dL,0.89
604739,601333,600060,3013721,,2022-04-18,32856,16.7,,8645,0,40,U/L,16.7
604740,601333,600060,3006923,,2022-04-18,32856,57.7,,8645,0,40,U/L,57.7
604741,601338,600060,3000963,,2022-06-21,32856,11.1,,8713,12,17,g/dL,11.1
604742,601338,600060,3010813,,2022-06-21,32856,7.4,,8848,4,10,10^3/uL,7.4
604743,601338,600060,3017732,,2022-06-21,32856,2.1,,8848,1.5,7.5,10^3/uL,2.1
604744,601338,600060,3024929,,2022-06-21,32856,190.7,,8848,150,400,10^3/uL,190.7
604745,601338,600060,3016723,,2022-06-21,32856,0.53,,8840,0.6,1.2,mg/dL,0.53
604746,601338,600060,3013721,,2022-06-21,32856,51.4,,8645,0,40,U/L,51.4
604747,601338,600060,3006923,,2022-06-21,32856,51.2,,8645,0,40,U/L,51.2
604748,601339,600060,3000963,,2022-08-16,32856,12.6,,8713,12,17,g/dL,12.6
604749,601339,600060,3010813,,2022-08-16,32856,6.9,,8848,4,10,10^3/uL,6.9
604750,601339,600060,3017732,,2022-08-16,32856,1.7,,8848,1.5,7.5,10^3/uL,1.7
604751,601339,600060,3024929,,2022-08-16,32856,202.6,,8848,150,400,10^3/uL,202.6
604752,601339,600060,3016723,,2022-08-16,32856,0.93,,8840,0.6,1.2,mg/dL,0.93
604753,601339,600060,3013721,,2022-08-16,32856,80,,8645,0,40,U/L,80.0
604754,601339,600060,3006923,,2022-08-16,32856,27.6,,8645,0,40,U/L,27.6
604755,601340,600060,3000963,,2022-10-11,32856,11.6,,8713,12,17,g/dL,11.6
604756,601340,600060,3010813,,2022-10-11,32856,4.2,,8848,4,10,10^3/uL,4.2
604757,601340,600060,3017732,,2022-10-11,32856,2.9,,8848,1.5,7.5,10^3/uL,2.9
604758,601340,600060,3024929,,2022-10-11,32856,317.3,,8848,150,400,10^3/uL,317.3
604759,601340,600060,3016723,,2022-10-11,32856,1.13,,8840,0.6,1.2,mg/dL,1.13
604760,601340,600060,3013721,,2022-10-11,32856,46.3,,8645,0,40,U/L,46.3
604761,601340,600060,3006923,,2022-10-11,32856,40.8,,8645,0,40,U/L,40.8
604762,601341,600060,3000963,,2022-12-06,32856,14.4,,8713,12,17,g/dL,14.4
604763,601341,600060,3010813,,2022-12-06,32856,4.3,,8848,4,10,10^3/uL,4.3
604764,601341,600060,3017732,,2022-12-06,32856,1.6,,8848,1.5,7.5,10^3/uL,1.6
604765,601341,600060,3024929,,2022-12-06,32856,272.8,,8848,150,400,10^3/uL,272.8
604766,601341,600060,3016723,,2022-12-06,32856,0.62,,8840,0.6,1.2,mg/dL,0.62
604767,601341,600060,3013721,,2022-12-06,32856,32.4,,8645,0,40,U/L,32.4
604768,601341,600060,3006923,,2022-12-06,32856,61.1,,8645,0,40,U/L,61.1
604769,601342,600060,3000963,,2023-01-31,32856,11.9,,8713,12,17,g/dL,11.9
604770,601342,600060,3010813,,2023-01-31,32856,5.3,,8848,4,10,10^3/uL,5.3
604771,601342,600060,3017732,,2023-01-31,32856,5.3,,8848,1.5,7.5,10^3/uL,5.3
604772,601342,600060,3024929,,2023-01-31,32856,158.8,,8848,150,400,10^3/uL,158.8
604773,601342,600060,3016723,,2023-01-31,32856,0.61,,8840,0.6,1.2,mg/dL,0.61
604774,601342,600060,3013721,,2023-01-31,32856,5.7,,8645,0,40,U/L,5.7
604775,601342,600060,3006923,,2023-01-31,32856,0,,8645,0,40,U/L,0
604776,601343,600060,3000963,,2023-03-28,32856,14.4,,8713,12,17,g/dL,14.4
604777,601343,600060,3010813,,2023-03-28,32856,8,,8848,4,10,10^3/uL,8.0
604778,601343,600060,3017732,,2023-03-28,32856,1.3,,8848,1.5,7.5,10^3/uL,1.3
604779,601343,600060,3024929,,2023-03-28,32856,288.6,,8848,150,400,10^3/uL,288.6
604780,601343,600060,3016723,,2023-03-28,32856,1.21,,8840,0.6,1.2,mg/dL,1.21
604781,601343,600060,3013721,,2023-03-28,32856,46,,8645,0,40,U/L,46.0
604782,601343,600060,3006923,,2023-03-28,32856,29.4,,8645,0,40,U/L,29.4
604783,601344,600060,3000963,,2023-05-23,32856,13.7,,8713,12,17,g/dL,13.7
604784,601344,600060,3010813,,2023-05-23,32856,3.8,,8848,4,10,10^3/uL,3.8
604785,601344,600060,3017732,,2023-05-23,32856,2,,8848,1.5,7.5,10^3/uL,2.0
604786,601344,600060,3024929,,2023-05-23,32856,259.7,,8848,150,400,10^3/uL,259.7
604787,601344,600060,3016723,,2023-05-23,32856,0.97,,8840,0.6,1.2,mg/dL,0.97
604788,601344,600060,3013721,,2023-05-23,32856,15.8,,8645,0,40,U/L,15.8
604789,601344,600060,3006923,,2023-05-23,32856,85.3,,8645,0,40,U/L,85.3
604790,601345,600060,3000963,,2023-07-18,32856,9.9,,8713,12,17,g/dL,9.9
604791,601345,600060,3010813,,2023-07-18,32856,3,,8848,4,10,10^3/uL,3.0
604792,601345,600060,3017732,,2023-07-18,32856,5.7,,8848,1.5,7.5,10^3/uL,5.7
604793,601345,600060,3024929,,2023-07-18,32856,229.8,,8848,150,400,10^3/uL,229.8
604794,601345,600060,3016723,,2023-07-18,32856,0.87,,8840,0.6,1.2,mg/dL,0.87
604795,601345,600060,3013721,,2023-07-18,32856,11.4,,8645,0,40,U/L,11.4
604796,601345,600060,3006923,,2023-07-18,32856,18.5,,8645,0,40,U/L,18.5
604797,601347,600060,3000963,,2023-10-24,32856,11.8,,8713,12,17,g/dL,11.8
604798,601347,600060,3022250,,2023-10-24,32856,222.3,,8645,120,250,U/L,222.3
604799,601348,600060,3000963,,2024-03-15,32856,13.5,,8713,12,17,g/dL,13.5
604800,601348,600060,3022250,,2024-03-15,32856,402.6,,8645,120,250,U/L,402.6
604801,601349,600060,3000963,,2024-08-28,32856,11.6,,8713,12,17,g/dL,11.6
604802,601349,600060,3022250,,2024-08-28,32856,51.5,,8645,120,250,U/L,51.5
604803,601350,600060,3000963,,2025-03-01,32856,14.6,,8713,12,17,g/dL,14.6
604804,601350,600060,3022250,,2025-03-01,32856,292.3,,8645,120,250,U/L,292.3
604805,601351,600060,3000963,,2025-05-26,32856,11.5,,8713,12,17,g/dL,11.5
604806,601351,600060,3022250,,2025-05-26,32856,308.2,,8645,120,250,U/L,308.2
604807,601352,600060,3000963,,2025-10-20,32856,10.9,,8713,12,17,g/dL,10.9
604808,601352,600060,3022250,,2025-10-20,32856,242.4,,8645,120,250,U/L,242.4
604809,601353,600060,3000963,,2026-02-02,32856,13.7,,8713,12,17,g/dL,13.7
604810,601353,600060,3022250,,2026-02-02,32856,333.4,,8645,120,250,U/L,333.4
604811,601354,600060,3000963,,2026-08-02,32856,13.5,,8713,12,17,g/dL,13.5
604812,601354,600060,3022250,,2026-08-02,32856,79.5,,8645,120,250,U/L,79.5
604813,601355,600061,3000963,,2023-10-09,32856,12.4,,8713,12,17,g/dL,12.4
604814,601355,600061,3010813,,2023-10-09,32856,5.7,,8848,4,10,10^3/uL,5.7
604815,601355,600061,3017732,,2023-10-09,32856,5.9,,8848,1.5,7.5,10^3/uL,5.9
604816,601355,600061,3024929,,2023-10-09,32856,128.4,,8848,150,400,10^3/uL,128.4
604817,601355,600061,3016723,,2023-10-09,32856,1,,8840,0.6,1.2,mg/dL,1.0
604818,601355,600061,3013721,,2023-10-09,32856,34.9,,8645,0,40,U/L,34.9
604819,601355,600061,3006923,,2023-10-09,32856,0,,8645,0,40,U/L,0
604820,601355,600061,3020491,,2023-10-09,32856,4.1,,8713,3.5,5.2,g/dL,4.1
604821,601355,600061,3024128,,2023-10-09,32856,0.71,,8840,0.2,1.2,mg/dL,0.71
604822,601355,600061,3022250,,2023-10-09,32856,195.8,,8645,120,250,U/L,195.8
604823,601355,600061,3006315,,2023-10-09,32856,3.9,,8859,0.8,2.2,mg/L,3.9
604824,601355,600061,3036277,,2023-10-09,32856,179.8,,8582,150,185,cm,179.8
604825,601355,600061,3025315,,2023-10-09,32856,59.9,,9529,45,90,kg,59.9
604826,601356,600061,3000963,,2023-10-27,32856,10.9,,8713,12,17,g/dL,10.9
604827,601356,600061,3010813,,2023-10-27,32856,6.6,,8848,4,10,10^3/uL,6.6
604828,601356,600061,3017732,,2023-10-27,32856,4.9,,8848,1.5,7.5,10^3/uL,4.9
604829,601356,600061,3024929,,2023-10-27,32856,205.9,,8848,150,400,10^3/uL,205.9
604830,601356,600061,3016723,,2023-10-27,32856,0.95,,8840,0.6,1.2,mg/dL,0.95
604831,601356,600061,3013721,,2023-10-27,32856,42.8,,8645,0,40,U/L,42.8
604832,601356,600061,3006923,,2023-10-27,32856,59.7,,8645,0,40,U/L,59.7
604833,601357,600061,3000963,,2023-11-10,32856,12.3,,8713,12,17,g/dL,12.3
604834,601357,600061,3010813,,2023-11-10,32856,8.6,,8848,4,10,10^3/uL,8.6
604835,601357,600061,3017732,,2023-11-10,32856,2,,8848,1.5,7.5,10^3/uL,2.0
604836,601357,600061,3024929,,2023-11-10,32856,152.8,,8848,150,400,10^3/uL,152.8
604837,601357,600061,3016723,,2023-11-10,32856,0.75,,8840,0.6,1.2,mg/dL,0.75
604838,601357,600061,3013721,,2023-11-10,32856,16.4,,8645,0,40,U/L,16.4
604839,601357,600061,3006923,,2023-11-10,32856,51.2,,8645,0,40,U/L,51.2
604840,601358,600061,3000963,,2023-11-24,32856,11.1,,8713,12,17,g/dL,11.1
604841,601358,600061,3010813,,2023-11-24,32856,7.2,,8848,4,10,10^3/uL,7.2
604842,601358,600061,3017732,,2023-11-24,32856,1.4,,8848,1.5,7.5,10^3/uL,1.4
604843,601358,600061,3024929,,2023-11-24,32856,161.7,,8848,150,400,10^3/uL,161.7
604844,601358,600061,3016723,,2023-11-24,32856,0.4,,8840,0.6,1.2,mg/dL,0.4
604845,601358,600061,3013721,,2023-11-24,32856,50,,8645,0,40,U/L,50.0
604846,601358,600061,3006923,,2023-11-24,32856,30.2,,8645,0,40,U/L,30.2
604847,601359,600061,3000963,,2023-12-08,32856,12.1,,8713,12,17,g/dL,12.1
604848,601359,600061,3010813,,2023-12-08,32856,5.6,,8848,4,10,10^3/uL,5.6
604849,601359,600061,3017732,,2023-12-08,32856,3,,8848,1.5,7.5,10^3/uL,3.0
604850,601359,600061,3024929,,2023-12-08,32856,250.3,,8848,150,400,10^3/uL,250.3
604851,601359,600061,3016723,,2023-12-08,32856,0.86,,8840,0.6,1.2,mg/dL,0.86
604852,601359,600061,3013721,,2023-12-08,32856,51.4,,8645,0,40,U/L,51.4
604853,601359,600061,3006923,,2023-12-08,32856,27.7,,8645,0,40,U/L,27.7
604854,601360,600061,3000963,,2023-12-22,32856,10,,8713,12,17,g/dL,10.0
604855,601360,600061,3010813,,2023-12-22,32856,5.3,,8848,4,10,10^3/uL,5.3
604856,601360,600061,3017732,,2023-12-22,32856,3.2,,8848,1.5,7.5,10^3/uL,3.2
604857,601360,600061,3024929,,2023-12-22,32856,238,,8848,150,400,10^3/uL,238.0
604858,601360,600061,3016723,,2023-12-22,32856,0.67,,8840,0.6,1.2,mg/dL,0.67
604859,601360,600061,3013721,,2023-12-22,32856,31.8,,8645,0,40,U/L,31.8
604860,601360,600061,3006923,,2023-12-22,32856,23.1,,8645,0,40,U/L,23.1
604861,601361,600061,3000963,,2024-01-05,32856,11.7,,8713,12,17,g/dL,11.7
604862,601361,600061,3010813,,2024-01-05,32856,4,,8848,4,10,10^3/uL,4.0
604863,601361,600061,3017732,,2024-01-05,32856,4.9,,8848,1.5,7.5,10^3/uL,4.9
604864,601361,600061,3024929,,2024-01-05,32856,278.4,,8848,150,400,10^3/uL,278.4
604865,601361,600061,3016723,,2024-01-05,32856,0.84,,8840,0.6,1.2,mg/dL,0.84
604866,601361,600061,3013721,,2024-01-05,32856,46.1,,8645,0,40,U/L,46.1
604867,601361,600061,3006923,,2024-01-05,32856,60.8,,8645,0,40,U/L,60.8
604868,601362,600061,3000963,,2024-01-19,32856,13,,8713,12,17,g/dL,13.0
604869,601362,600061,3010813,,2024-01-19,32856,5.3,,8848,4,10,10^3/uL,5.3
604870,601362,600061,3017732,,2024-01-19,32856,3,,8848,1.5,7.5,10^3/uL,3.0
604871,601362,600061,3024929,,2024-01-19,32856,184.2,,8848,150,400,10^3/uL,184.2
604872,601362,600061,3016723,,2024-01-19,32856,0.75,,8840,0.6,1.2,mg/dL,0.75
604873,601362,600061,3013721,,2024-01-19,32856,53,,8645,0,40,U/L,53.0
604874,601362,600061,3006923,,2024-01-19,32856,34.5,,8645,0,40,U/L,34.5
604875,601363,600061,3000963,,2024-02-02,32856,12.2,,8713,12,17,g/dL,12.2
604876,601363,600061,3010813,,2024-02-02,32856,5.9,,8848,4,10,10^3/uL,5.9
604877,601363,600061,3017732,,2024-02-02,32856,1.2,,8848,1.5,7.5,10^3/uL,1.2
604878,601363,600061,3024929,,2024-02-02,32856,277.7,,8848,150,400,10^3/uL,277.7
604879,601363,600061,3016723,,2024-02-02,32856,0.8,,8840,0.6,1.2,mg/dL,0.8
604880,601363,600061,3013721,,2024-02-02,32856,0,,8645,0,40,U/L,0
604881,601363,600061,3006923,,2024-02-02,32856,67.1,,8645,0,40,U/L,67.1
604882,601364,600061,3000963,,2024-02-16,32856,11.8,,8713,12,17,g/dL,11.8
604883,601364,600061,3010813,,2024-02-16,32856,8.7,,8848,4,10,10^3/uL,8.7
604884,601364,600061,3017732,,2024-02-16,32856,3.1,,8848,1.5,7.5,10^3/uL,3.1
604885,601364,600061,3024929,,2024-02-16,32856,238.6,,8848,150,400,10^3/uL,238.6
604886,601364,600061,3016723,,2024-02-16,32856,0.81,,8840,0.6,1.2,mg/dL,0.81
604887,601364,600061,3013721,,2024-02-16,32856,17,,8645,0,40,U/L,17.0
604888,601364,600061,3006923,,2024-02-16,32856,43.6,,8645,0,40,U/L,43.6
604889,601365,600061,3000963,,2024-03-01,32856,11.7,,8713,12,17,g/dL,11.7
604890,601365,600061,3010813,,2024-03-01,32856,4.8,,8848,4,10,10^3/uL,4.8
604891,601365,600061,3017732,,2024-03-01,32856,4.4,,8848,1.5,7.5,10^3/uL,4.4
604892,601365,600061,3024929,,2024-03-01,32856,214.1,,8848,150,400,10^3/uL,214.1
604893,601365,600061,3016723,,2024-03-01,32856,0.7,,8840,0.6,1.2,mg/dL,0.7
604894,601365,600061,3013721,,2024-03-01,32856,36.3,,8645,0,40,U/L,36.3
604895,601365,600061,3006923,,2024-03-01,32856,32.7,,8645,0,40,U/L,32.7
604896,601366,600061,3000963,,2024-03-15,32856,12.9,,8713,12,17,g/dL,12.9
604897,601366,600061,3010813,,2024-03-15,32856,5.5,,8848,4,10,10^3/uL,5.5
604898,601366,600061,3017732,,2024-03-15,32856,2.3,,8848,1.5,7.5,10^3/uL,2.3
604899,601366,600061,3024929,,2024-03-15,32856,258.1,,8848,150,400,10^3/uL,258.1
604900,601366,600061,3016723,,2024-03-15,32856,0.97,,8840,0.6,1.2,mg/dL,0.97
604901,601366,600061,3013721,,2024-03-15,32856,61.6,,8645,0,40,U/L,61.6
604902,601366,600061,3006923,,2024-03-15,32856,74.7,,8645,0,40,U/L,74.7
604903,601367,600061,3000963,,2024-03-29,32856,13.3,,8713,12,17,g/dL,13.3
604904,601367,600061,3010813,,2024-03-29,32856,7.8,,8848,4,10,10^3/uL,7.8
604905,601367,600061,3017732,,2024-03-29,32856,0,,8848,1.5,7.5,10^3/uL,0
604906,601367,600061,3024929,,2024-03-29,32856,206.5,,8848,150,400,10^3/uL,206.5
604907,601367,600061,3016723,,2024-03-29,32856,0.77,,8840,0.6,1.2,mg/dL,0.77
604908,601367,600061,3013721,,2024-03-29,32856,46.9,,8645,0,40,U/L,46.9
604909,601367,600061,3006923,,2024-03-29,32856,46.6,,8645,0,40,U/L,46.6
604910,601374,600061,3000963,,2024-08-04,32856,9.2,,8713,12,17,g/dL,9.2
604911,601374,600061,3022250,,2024-08-04,32856,31.4,,8645,120,250,U/L,31.4
604912,601375,600061,3000963,,2024-11-09,32856,12.8,,8713,12,17,g/dL,12.8
604913,601375,600061,3022250,,2024-11-09,32856,248.2,,8645,120,250,U/L,248.2
604914,601376,600061,3000963,,2025-04-26,32856,12.4,,8713,12,17,g/dL,12.4
604915,601376,600061,3022250,,2025-04-26,32856,226.7,,8645,120,250,U/L,226.7
604916,601377,600061,3000963,,2025-10-23,32856,12.6,,8713,12,17,g/dL,12.6
604917,601377,600061,3022250,,2025-10-23,32856,337.6,,8645,120,250,U/L,337.6
604918,601378,600061,3000963,,2026-04-23,32856,13.2,,8713,12,17,g/dL,13.2
604919,601378,600061,3022250,,2026-04-23,32856,227.8,,8645,120,250,U/L,227.8
604920,601379,600062,3000963,,2019-02-02,32856,11.8,,8713,12,17,g/dL,11.8
604921,601379,600062,3010813,,2019-02-02,32856,1.6,,8848,4,10,10^3/uL,1.6
604922,601379,600062,3017732,,2019-02-02,32856,4.2,,8848,1.5,7.5,10^3/uL,4.2
604923,601379,600062,3024929,,2019-02-02,32856,95.9,,8848,150,400,10^3/uL,95.9
604924,601379,600062,3016723,,2019-02-02,32856,1.13,,8840,0.6,1.2,mg/dL,1.13
604925,601379,600062,3013721,,2019-02-02,32856,52.2,,8645,0,40,U/L,52.2
604926,601379,600062,3006923,,2019-02-02,32856,97.7,,8645,0,40,U/L,97.7
604927,601379,600062,3020491,,2019-02-02,32856,4.34,,8713,3.5,5.2,g/dL,4.34
604928,601379,600062,3024128,,2019-02-02,32856,0.27,,8840,0.2,1.2,mg/dL,0.27
604929,601379,600062,3022250,,2019-02-02,32856,397.4,,8645,120,250,U/L,397.4
604930,601379,600062,3006315,,2019-02-02,32856,4.6,,8859,0.8,2.2,mg/L,4.6
604931,601379,600062,3036277,,2019-02-02,32856,172.3,,8582,150,185,cm,172.3
604932,601379,600062,3025315,,2019-02-02,32856,64.5,,9529,45,90,kg,64.5
604933,601380,600062,3000963,,2019-02-13,32856,11.8,,8713,12,17,g/dL,11.8
604934,601380,600062,3010813,,2019-02-13,32856,2.7,,8848,4,10,10^3/uL,2.7
604935,601380,600062,3017732,,2019-02-13,32856,5.8,,8848,1.5,7.5,10^3/uL,5.8
604936,601380,600062,3024929,,2019-02-13,32856,153.7,,8848,150,400,10^3/uL,153.7
604937,601380,600062,3016723,,2019-02-13,32856,1.27,,8840,0.6,1.2,mg/dL,1.27
604938,601380,600062,3013721,,2019-02-13,32856,29.4,,8645,0,40,U/L,29.4
604939,601380,600062,3006923,,2019-02-13,32856,27.4,,8645,0,40,U/L,27.4
604940,601381,600062,3000963,,2019-03-06,32856,9.5,,8713,12,17,g/dL,9.5
604941,601381,600062,3010813,,2019-03-06,32856,5.9,,8848,4,10,10^3/uL,5.9
604942,601381,600062,3017732,,2019-03-06,32856,2,,8848,1.5,7.5,10^3/uL,2.0
604943,601381,600062,3024929,,2019-03-06,32856,187,,8848,150,400,10^3/uL,187.0
604944,601381,600062,3016723,,2019-03-06,32856,1.27,,8840,0.6,1.2,mg/dL,1.27
604945,601381,600062,3013721,,2019-03-06,32856,30.8,,8645,0,40,U/L,30.8
604946,601381,600062,3006923,,2019-03-06,32856,32.5,,8645,0,40,U/L,32.5
604947,601383,600062,3000963,,2019-04-04,32856,11.9,,8713,12,17,g/dL,11.9
604948,601383,600062,3010813,,2019-04-04,32856,6.2,,8848,4,10,10^3/uL,6.2
604949,601383,600062,3017732,,2019-04-04,32856,3.9,,8848,1.5,7.5,10^3/uL,3.9
604950,601383,600062,3024929,,2019-04-04,32856,206.9,,8848,150,400,10^3/uL,206.9
604951,601383,600062,3016723,,2019-04-04,32856,1.3,,8840,0.6,1.2,mg/dL,1.3
604952,601383,600062,3013721,,2019-04-04,32856,30.1,,8645,0,40,U/L,30.1
604953,601383,600062,3006923,,2019-04-04,32856,11.8,,8645,0,40,U/L,11.8
604954,601384,600062,3000963,,2019-04-25,32856,10.3,,8713,12,17,g/dL,10.3
604955,601384,600062,3010813,,2019-04-25,32856,4.3,,8848,4,10,10^3/uL,4.3
604956,601384,600062,3017732,,2019-04-25,32856,1.8,,8848,1.5,7.5,10^3/uL,1.8
604957,601384,600062,3024929,,2019-04-25,32856,147.1,,8848,150,400,10^3/uL,147.1
604958,601384,600062,3016723,,2019-04-25,32856,1.61,,8840,0.6,1.2,mg/dL,1.61
604959,601384,600062,3013721,,2019-04-25,32856,18.1,,8645,0,40,U/L,18.1
604960,601384,600062,3006923,,2019-04-25,32856,101.2,,8645,0,40,U/L,101.2
604961,601385,600062,3000963,,2019-05-16,32856,11,,8713,12,17,g/dL,11.0
604962,601385,600062,3010813,,2019-05-16,32856,5,,8848,4,10,10^3/uL,5.0
604963,601385,600062,3017732,,2019-05-16,32856,1.7,,8848,1.5,7.5,10^3/uL,1.7
604964,601385,600062,3024929,,2019-05-16,32856,188.1,,8848,150,400,10^3/uL,188.1
604965,601385,600062,3016723,,2019-05-16,32856,1.05,,8840,0.6,1.2,mg/dL,1.05
604966,601385,600062,3013721,,2019-05-16,32856,45.9,,8645,0,40,U/L,45.9
604967,601385,600062,3006923,,2019-05-16,32856,34.1,,8645,0,40,U/L,34.1
604968,601389,600063,3000963,,2022-07-09,32856,13,,8713,12,17,g/dL,13.0
604969,601389,600063,3010813,,2022-07-09,32856,4.7,,8848,4,10,10^3/uL,4.7
604970,601389,600063,3017732,,2022-07-09,32856,0.4,,8848,1.5,7.5,10^3/uL,0.4
604971,601389,600063,3024929,,2022-07-09,32856,359,,8848,150,400,10^3/uL,359.0
604972,601389,600063,3016723,,2022-07-09,32856,0.33,,8840,0.6,1.2,mg/dL,0.33
604973,601389,600063,3013721,,2022-07-09,32856,53.4,,8645,0,40,U/L,53.4
604974,601389,600063,3006923,,2022-07-09,32856,44.8,,8645,0,40,U/L,44.8
604975,601389,600063,3020491,,2022-07-09,32856,3.36,,8713,3.5,5.2,g/dL,3.36
604976,601389,600063,3024128,,2022-07-09,32856,0.83,,8840,0.2,1.2,mg/dL,0.83
604977,601389,600063,3022250,,2022-07-09,32856,491.5,,8645,120,250,U/L,491.5
604978,601389,600063,3006315,,2022-07-09,32856,2.2,,8859,0.8,2.2,mg/L,2.2
604979,601389,600063,3036277,,2022-07-09,32856,183.4,,8582,150,185,cm,183.4
604980,601389,600063,3025315,,2022-07-09,32856,81.4,,9529,45,90,kg,81.4
604981,601390,600063,3000963,,2022-07-29,32856,13.8,,8713,12,17,g/dL,13.8
604982,601390,600063,3010813,,2022-07-29,32856,8.9,,8848,4,10,10^3/uL,8.9
604983,601390,600063,3017732,,2022-07-29,32856,5.2,,8848,1.5,7.5,10^3/uL,5.2
604984,601390,600063,3024929,,2022-07-29,32856,168,,8848,150,400,10^3/uL,168.0
604985,601390,600063,3016723,,2022-07-29,32856,1.03,,8840,0.6,1.2,mg/dL,1.03
604986,601390,600063,3013721,,2022-07-29,32856,74.5,,8645,0,40,U/L,74.5
604987,601390,600063,3006923,,2022-07-29,32856,123,,8645,0,40,U/L,123.0
604988,601391,600063,3000963,,2022-08-19,32856,13.4,,8713,12,17,g/dL,13.4
604989,601391,600063,3010813,,2022-08-19,32856,6.3,,8848,4,10,10^3/uL,6.3
604990,601391,600063,3017732,,2022-08-19,32856,3.2,,8848,1.5,7.5,10^3/uL,3.2
604991,601391,600063,3024929,,2022-08-19,32856,143.7,,8848,150,400,10^3/uL,143.7
604992,601391,600063,3016723,,2022-08-19,32856,0.82,,8840,0.6,1.2,mg/dL,0.82
604993,601391,600063,3013721,,2022-08-19,32856,79.4,,8645,0,40,U/L,79.4
604994,601391,600063,3006923,,2022-08-19,32856,43,,8645,0,40,U/L,43.0
604995,601392,600063,3000963,,2022-09-09,32856,9.7,,8713,12,17,g/dL,9.7
604996,601392,600063,3010813,,2022-09-09,32856,6.7,,8848,4,10,10^3/uL,6.7
604997,601392,600063,3017732,,2022-09-09,32856,2.9,,8848,1.5,7.5,10^3/uL,2.9
604998,601392,600063,3024929,,2022-09-09,32856,227.2,,8848,150,400,10^3/uL,227.2
604999,601392,600063,3016723,,2022-09-09,32856,0.74,,8840,0.6,1.2,mg/dL,0.74
605000,601392,600063,3013721,,2022-09-09,32856,0,,8645,0,40,U/L,0
605001,601392,600063,3006923,,2022-09-09,32856,53.1,,8645,0,40,U/L,53.1
605002,601393,600063,3000963,,2022-09-30,32856,11.9,,8713,12,17,g/dL,11.9
605003,601393,600063,3010813,,2022-09-30,32856,3.5,,8848,4,10,10^3/uL,3.5
605004,601393,600063,3017732,,2022-09-30,32856,3.5,,8848,1.5,7.5,10^3/uL,3.5
605005,601393,600063,3024929,,2022-09-30,32856,223.1,,8848,150,400,10^3/uL,223.1
605006,601393,600063,3016723,,2022-09-30,32856,1.12,,8840,0.6,1.2,mg/dL,1.12
605007,601393,600063,3013721,,2022-09-30,32856,71.1,,8645,0,40,U/L,71.1
605008,601393,600063,3006923,,2022-09-30,32856,52.1,,8645,0,40,U/L,52.1
605009,601394,600063,3000963,,2022-10-21,32856,11.1,,8713,12,17,g/dL,11.1
605010,601394,600063,3010813,,2022-10-21,32856,6.4,,8848,4,10,10^3/uL,6.4
605011,601394,600063,3017732,,2022-10-21,32856,2.5,,8848,1.5,7.5,10^3/uL,2.5
605012,601394,600063,3024929,,2022-10-21,32856,222.8,,8848,150,400,10^3/uL,222.8
605013,601394,600063,3016723,,2022-10-21,32856,1.37,,8840,0.6,1.2,mg/dL,1.37
605014,601394,600063,3013721,,2022-10-21,32856,49.9,,8645,0,40,U/L,49.9
605015,601394,600063,3006923,,2022-10-21,32856,37.1,,8645,0,40,U/L,37.1
605016,601395,600063,3000963,,2022-11-11,32856,12.9,,8713,12,17,g/dL,12.9
605017,601395,600063,3010813,,2022-11-11,32856,9.7,,8848,4,10,10^3/uL,9.7
605018,601395,600063,3017732,,2022-11-11,32856,2.2,,8848,1.5,7.5,10^3/uL,2.2
605019,601395,600063,3024929,,2022-11-11,32856,167.7,,8848,150,400,10^3/uL,167.7
605020,601395,600063,3016723,,2022-11-11,32856,0.77,,8840,0.6,1.2,mg/dL,0.77
605021,601395,600063,3013721,,2022-11-11,32856,43.9,,8645,0,40,U/L,43.9
605022,601395,600063,3006923,,2022-11-11,32856,48.1,,8645,0,40,U/L,48.1
605023,601400,600063,3000963,,2023-03-21,32856,14,,8713,12,17,g/dL,14.0
605024,601400,600063,3022250,,2023-03-21,32856,413.3,,8645,120,250,U/L,413.3
605025,601401,600063,3000963,,2023-06-24,32856,12.7,,8713,12,17,g/dL,12.7
605026,601401,600063,3022250,,2023-06-24,32856,192.8,,8645,120,250,U/L,192.8
605027,601402,600063,3000963,,2023-11-06,32856,11.9,,8713,12,17,g/dL,11.9
605028,601402,600063,3022250,,2023-11-06,32856,214.8,,8645,120,250,U/L,214.8
605029,601403,600063,3000963,,2024-02-17,32856,12.2,,8713,12,17,g/dL,12.2
605030,601403,600063,3022250,,2024-02-17,32856,145.3,,8645,120,250,U/L,145.3
605031,601404,600063,3000963,,2024-08-09,32856,12,,8713,12,17,g/dL,12.0
605032,601404,600063,3022250,,2024-08-09,32856,262.1,,8645,120,250,U/L,262.1
605033,601405,600063,3000963,,2025-01-13,32856,12.5,,8713,12,17,g/dL,12.5
605034,601405,600063,3022250,,2025-01-13,32856,197.1,,8645,120,250,U/L,197.1
605035,601406,600063,3000963,,2025-05-06,32856,9,,8713,12,17,g/dL,9.0
605036,601406,600063,3022250,,2025-05-06,32856,81.4,,8645,120,250,U/L,81.4
605037,601407,600063,3000963,,2025-08-06,32856,12.1,,8713,12,17,g/dL,12.1
605038,601407,600063,3022250,,2025-08-06,32856,90.5,,8645,120,250,U/L,90.5
605039,601408,600063,3000963,,2025-11-23,32856,11,,8713,12,17,g/dL,11.0
605040,601408,600063,3022250,,2025-11-23,32856,263.7,,8645,120,250,U/L,263.7
605041,601409,600063,3000963,,2026-03-26,32856,11.8,,8713,12,17,g/dL,11.8
605042,601409,600063,3022250,,2026-03-26,32856,294.4,,8645,120,250,U/L,294.4
605043,601410,600063,3000963,,2026-07-31,32856,12.8,,8713,12,17,g/dL,12.8
605044,601410,600063,3022250,,2026-07-31,32856,247.5,,8645,120,250,U/L,247.5
605045,601411,600064,3000963,,2024-03-02,32856,12.4,,8713,12,17,g/dL,12.4
605046,601411,600064,3010813,,2024-03-02,32856,8.1,,8848,4,10,10^3/uL,8.1
605047,601411,600064,3017732,,2024-03-02,32856,4.5,,8848,1.5,7.5,10^3/uL,4.5
605048,601411,600064,3024929,,2024-03-02,32856,140.2,,8848,150,400,10^3/uL,140.2
605049,601411,600064,3016723,,2024-03-02,32856,1.03,,8840,0.6,1.2,mg/dL,1.03
605050,601411,600064,3013721,,2024-03-02,32856,57.5,,8645,0,40,U/L,57.5
605051,601411,600064,3006923,,2024-03-02,32856,20.2,,8645,0,40,U/L,20.2
605052,601411,600064,3020491,,2024-03-02,32856,3.7,,8713,3.5,5.2,g/dL,3.7
605053,601411,600064,3024128,,2024-03-02,32856,0.39,,8840,0.2,1.2,mg/dL,0.39
605054,601411,600064,3022250,,2024-03-02,32856,462.1,,8645,120,250,U/L,462.1
605055,601411,600064,3006315,,2024-03-02,32856,3.7,,8859,0.8,2.2,mg/L,3.7
605056,601411,600064,3036277,,2024-03-02,32856,161.5,,8582,150,185,cm,161.5
605057,601411,600064,3025315,,2024-03-02,32856,48.7,,9529,45,90,kg,48.7
605058,601412,600064,3000963,,2024-03-14,32856,14,,8713,12,17,g/dL,14.0
605059,601412,600064,3010813,,2024-03-14,32856,6.1,,8848,4,10,10^3/uL,6.1
605060,601412,600064,3017732,,2024-03-14,32856,6.9,,8848,1.5,7.5,10^3/uL,6.9
605061,601412,600064,3024929,,2024-03-14,32856,261,,8848,150,400,10^3/uL,261.0
605062,601412,600064,3016723,,2024-03-14,32856,1.04,,8840,0.6,1.2,mg/dL,1.04
605063,601412,600064,3013721,,2024-03-14,32856,55.5,,8645,0,40,U/L,55.5
605064,601412,600064,3006923,,2024-03-14,32856,4,,8645,0,40,U/L,4.0
605065,601413,600064,3000963,,2024-04-04,32856,10.8,,8713,12,17,g/dL,10.8
605066,601413,600064,3010813,,2024-04-04,32856,8.9,,8848,4,10,10^3/uL,8.9
605067,601413,600064,3017732,,2024-04-04,32856,2.6,,8848,1.5,7.5,10^3/uL,2.6
605068,601413,600064,3024929,,2024-04-04,32856,276.2,,8848,150,400,10^3/uL,276.2
605069,601413,600064,3016723,,2024-04-04,32856,1.13,,8840,0.6,1.2,mg/dL,1.13
605070,601413,600064,3013721,,2024-04-04,32856,30.8,,8645,0,40,U/L,30.8
605071,601413,600064,3006923,,2024-04-04,32856,23,,8645,0,40,U/L,23.0
605072,601415,600064,3000963,,2024-04-27,32856,14.6,,8713,12,17,g/dL,14.6
605073,601415,600064,3010813,,2024-04-27,32856,5,,8848,4,10,10^3/uL,5.0
605074,601415,600064,3017732,,2024-04-27,32856,4.9,,8848,1.5,7.5,10^3/uL,4.9
605075,601415,600064,3024929,,2024-04-27,32856,271.7,,8848,150,400,10^3/uL,271.7
605076,601415,600064,3016723,,2024-04-27,32856,0.8,,8840,0.6,1.2,mg/dL,0.8
605077,601415,600064,3013721,,2024-04-27,32856,37.2,,8645,0,40,U/L,37.2
605078,601415,600064,3006923,,2024-04-27,32856,54.3,,8645,0,40,U/L,54.3
605079,601416,600064,3000963,,2024-05-18,32856,11.9,,8713,12,17,g/dL,11.9
605080,601416,600064,3010813,,2024-05-18,32856,4.4,,8848,4,10,10^3/uL,4.4
605081,601416,600064,3017732,,2024-05-18,32856,2.2,,8848,1.5,7.5,10^3/uL,2.2
605082,601416,600064,3024929,,2024-05-18,32856,97.3,,8848,150,400,10^3/uL,97.3
605083,601416,600064,3016723,,2024-05-18,32856,1.25,,8840,0.6,1.2,mg/dL,1.25
605084,601416,600064,3013721,,2024-05-18,32856,46.7,,8645,0,40,U/L,46.7
605085,601416,600064,3006923,,2024-05-18,32856,73.6,,8645,0,40,U/L,73.6
605086,601417,600064,3000963,,2024-06-08,32856,13.4,,8713,12,17,g/dL,13.4
605087,601417,600064,3010813,,2024-06-08,32856,8.3,,8848,4,10,10^3/uL,8.3
605088,601417,600064,3017732,,2024-06-08,32856,2.3,,8848,1.5,7.5,10^3/uL,2.3
605089,601417,600064,3024929,,2024-06-08,32856,267.4,,8848,150,400,10^3/uL,267.4
605090,601417,600064,3016723,,2024-06-08,32856,0.69,,8840,0.6,1.2,mg/dL,0.69
605091,601417,600064,3013721,,2024-06-08,32856,60.4,,8645,0,40,U/L,60.4
605092,601417,600064,3006923,,2024-06-08,32856,58.8,,8645,0,40,U/L,58.8
605093,601420,600064,3020460,,2024-08-10,32856,77.8,,8859,0,5,mg/L,77.8
605094,601420,600064,3010813,,2024-08-10,32856,11.2,,8848,4,10,10^3/uL,11.2
605095,601420,600064,3017732,,2024-08-10,32856,2,,8848,1.5,7.5,10^3/uL,2.0
605096,601423,600065,3000963,,2019-01-27,32856,14.2,,8713,12,17,g/dL,14.2
605097,601423,600065,3010813,,2019-01-27,32856,6.7,,8848,4,10,10^3/uL,6.7
605098,601423,600065,3017732,,2019-01-27,32856,5.7,,8848,1.5,7.5,10^3/uL,5.7
605099,601423,600065,3024929,,2019-01-27,32856,205.4,,8848,150,400,10^3/uL,205.4
605100,601423,600065,3016723,,2019-01-27,32856,1.14,,8840,0.6,1.2,mg/dL,1.14
605101,601423,600065,3013721,,2019-01-27,32856,11.3,,8645,0,40,U/L,11.3
605102,601423,600065,3006923,,2019-01-27,32856,38.8,,8645,0,40,U/L,38.8
605103,601423,600065,3020491,,2019-01-27,32856,4.06,,8713,3.5,5.2,g/dL,4.06
605104,601423,600065,3024128,,2019-01-27,32856,0.29,,8840,0.2,1.2,mg/dL,0.29
605105,601423,600065,3022250,,2019-01-27,32856,279.1,,8645,120,250,U/L,279.1
605106,601423,600065,3006315,,2019-01-27,32856,5.5,,8859,0.8,2.2,mg/L,5.5
605107,601423,600065,3036277,,2019-01-27,32856,158.7,,8582,150,185,cm,158.7
605108,601423,600065,3025315,,2019-01-27,32856,38.7,,9529,45,90,kg,38.7
605109,601424,600065,3000963,,2019-06-01,32856,12.9,,8713,12,17,g/dL,12.9
605110,601424,600065,3022250,,2019-06-01,32856,363.8,,8645,120,250,U/L,363.8
605111,601425,600065,3000963,,2019-08-29,32856,10.9,,8713,12,17,g/dL,10.9
605112,601425,600065,3022250,,2019-08-29,32856,67.3,,8645,120,250,U/L,67.3
605113,601426,600065,3000963,,2020-02-27,32856,11.1,,8713,12,17,g/dL,11.1
605114,601426,600065,3022250,,2020-02-27,32856,406.2,,8645,120,250,U/L,406.2
605115,601427,600065,3000963,,2020-07-23,32856,12.1,,8713,12,17,g/dL,12.1
605116,601427,600065,3022250,,2020-07-23,32856,68.1,,8645,120,250,U/L,68.1
605117,601428,600065,3000963,,2020-10-23,32856,14.3,,8713,12,17,g/dL,14.3
605118,601428,600065,3022250,,2020-10-23,32856,331.2,,8645,120,250,U/L,331.2
605119,601429,600065,3000963,,2021-03-04,32856,13.2,,8713,12,17,g/dL,13.2
605120,601429,600065,3022250,,2021-03-04,32856,236.9,,8645,120,250,U/L,236.9
605121,601430,600065,3000963,,2021-08-19,32856,12.7,,8713,12,17,g/dL,12.7
605122,601430,600065,3022250,,2021-08-19,32856,353.2,,8645,120,250,U/L,353.2
605123,601431,600065,3000963,,2022-02-11,32856,12.1,,8713,12,17,g/dL,12.1
605124,601431,600065,3022250,,2022-02-11,32856,294.5,,8645,120,250,U/L,294.5
605125,601432,600065,3000963,,2022-05-17,32856,12.8,,8713,12,17,g/dL,12.8
605126,601432,600065,3022250,,2022-05-17,32856,334.1,,8645,120,250,U/L,334.1
605127,601433,600065,3000963,,2022-09-16,32856,11.7,,8713,12,17,g/dL,11.7
605128,601433,600065,3022250,,2022-09-16,32856,180.6,,8645,120,250,U/L,180.6
605129,601434,600065,3000963,,2022-12-23,32856,11.9,,8713,12,17,g/dL,11.9
605130,601434,600065,3022250,,2022-12-23,32856,202.5,,8645,120,250,U/L,202.5
605131,601435,600065,3000963,,2023-04-19,32856,14.6,,8713,12,17,g/dL,14.6
605132,601435,600065,3022250,,2023-04-19,32856,215.3,,8645,120,250,U/L,215.3
605133,601436,600066,3000963,,2019-05-29,32856,11.1,,8713,12,17,g/dL,11.1
605134,601436,600066,3010813,,2019-05-29,32856,3.7,,8848,4,10,10^3/uL,3.7
605135,601436,600066,3017732,,2019-05-29,32856,3.7,,8848,1.5,7.5,10^3/uL,3.7
605136,601436,600066,3024929,,2019-05-29,32856,133.6,,8848,150,400,10^3/uL,133.6
605137,601436,600066,3016723,,2019-05-29,32856,0.92,,8840,0.6,1.2,mg/dL,0.92
605138,601436,600066,3013721,,2019-05-29,32856,35.7,,8645,0,40,U/L,35.7
605139,601436,600066,3006923,,2019-05-29,32856,82.6,,8645,0,40,U/L,82.6
605140,601436,600066,3020491,,2019-05-29,32856,4.08,,8713,3.5,5.2,g/dL,4.08
605141,601436,600066,3024128,,2019-05-29,32856,0.66,,8840,0.2,1.2,mg/dL,0.66
605142,601436,600066,3022250,,2019-05-29,32856,263.8,,8645,120,250,U/L,263.8
605143,601436,600066,3006315,,2019-05-29,32856,2.7,,8859,0.8,2.2,mg/L,2.7
605144,601436,600066,3036277,,2019-05-29,32856,180,,8582,150,185,cm,180.0
605145,601436,600066,3025315,,2019-05-29,32856,73.1,,9529,45,90,kg,73.1
605146,601437,600066,3000963,,2019-06-21,32856,14.3,,8713,12,17,g/dL,14.3
605147,601437,600066,3010813,,2019-06-21,32856,3.9,,8848,4,10,10^3/uL,3.9
605148,601437,600066,3017732,,2019-06-21,32856,7,,8848,1.5,7.5,10^3/uL,7.0
605149,601437,600066,3024929,,2019-06-21,32856,233.8,,8848,150,400,10^3/uL,233.8
605150,601437,600066,3016723,,2019-06-21,32856,1.14,,8840,0.6,1.2,mg/dL,1.14
605151,601437,600066,3013721,,2019-06-21,32856,53.8,,8645,0,40,U/L,53.8
605152,601437,600066,3006923,,2019-06-21,32856,39.1,,8645,0,40,U/L,39.1
605153,601438,600066,3000963,,2019-07-05,32856,14.8,,8713,12,17,g/dL,14.8
605154,601438,600066,3010813,,2019-07-05,32856,6.2,,8848,4,10,10^3/uL,6.2
605155,601438,600066,3017732,,2019-07-05,32856,4.5,,8848,1.5,7.5,10^3/uL,4.5
605156,601438,600066,3024929,,2019-07-05,32856,258.5,,8848,150,400,10^3/uL,258.5
605157,601438,600066,3016723,,2019-07-05,32856,1.14,,8840,0.6,1.2,mg/dL,1.14
605158,601438,600066,3013721,,2019-07-05,32856,4.5,,8645,0,40,U/L,4.5
605159,601438,600066,3006923,,2019-07-05,32856,68.4,,8645,0,40,U/L,68.4
605160,601439,600066,3000963,,2019-07-19,32856,12.2,,8713,12,17,g/dL,12.2
605161,601439,600066,3010813,,2019-07-19,32856,6.3,,8848,4,10,10^3/uL,6.3
605162,601439,600066,3017732,,2019-07-19,32856,1.8,,8848,1.5,7.5,10^3/uL,1.8
605163,601439,600066,3024929,,2019-07-19,32856,173.7,,8848,150,400,10^3/uL,173.7
605164,601439,600066,3016723,,2019-07-19,32856,0.84,,8840,0.6,1.2,mg/dL,0.84
605165,601439,600066,3013721,,2019-07-19,32856,0,,8645,0,40,U/L,0
605166,601439,600066,3006923,,2019-07-19,32856,50.6,,8645,0,40,U/L,50.6
605167,601440,600066,3000963,,2019-08-02,32856,11.6,,8713,12,17,g/dL,11.6
605168,601440,600066,3010813,,2019-08-02,32856,7.2,,8848,4,10,10^3/uL,7.2
605169,601440,600066,3017732,,2019-08-02,32856,2.4,,8848,1.5,7.5,10^3/uL,2.4
605170,601440,600066,3024929,,2019-08-02,32856,332.6,,8848,150,400,10^3/uL,332.6
605171,601440,600066,3016723,,2019-08-02,32856,0.74,,8840,0.6,1.2,mg/dL,0.74
605172,601440,600066,3013721,,2019-08-02,32856,3.9,,8645,0,40,U/L,3.9
605173,601440,600066,3006923,,2019-08-02,32856,65.7,,8645,0,40,U/L,65.7
605174,601441,600066,3000963,,2019-08-16,32856,14.8,,8713,12,17,g/dL,14.8
605175,601441,600066,3010813,,2019-08-16,32856,6.9,,8848,4,10,10^3/uL,6.9
605176,601441,600066,3017732,,2019-08-16,32856,1.5,,8848,1.5,7.5,10^3/uL,1.5
605177,601441,600066,3024929,,2019-08-16,32856,81.4,,8848,150,400,10^3/uL,81.4
605178,601441,600066,3016723,,2019-08-16,32856,0.96,,8840,0.6,1.2,mg/dL,0.96
605179,601441,600066,3013721,,2019-08-16,32856,25.9,,8645,0,40,U/L,25.9
605180,601441,600066,3006923,,2019-08-16,32856,89.7,,8645,0,40,U/L,89.7
605181,601442,600066,3000963,,2019-08-30,32856,13.8,,8713,12,17,g/dL,13.8
605182,601442,600066,3010813,,2019-08-30,32856,6.1,,8848,4,10,10^3/uL,6.1
605183,601442,600066,3017732,,2019-08-30,32856,2.5,,8848,1.5,7.5,10^3/uL,2.5
605184,601442,600066,3024929,,2019-08-30,32856,292.8,,8848,150,400,10^3/uL,292.8
605185,601442,600066,3016723,,2019-08-30,32856,1.29,,8840,0.6,1.2,mg/dL,1.29
605186,601442,600066,3013721,,2019-08-30,32856,41.1,,8645,0,40,U/L,41.1
605187,601442,600066,3006923,,2019-08-30,32856,6.8,,8645,0,40,U/L,6.8
605188,601443,600066,3000963,,2019-09-13,32856,10.4,,8713,12,17,g/dL,10.4
605189,601443,600066,3010813,,2019-09-13,32856,4.5,,8848,4,10,10^3/uL,4.5
605190,601443,600066,3017732,,2019-09-13,32856,0.9,,8848,1.5,7.5,10^3/uL,0.9
605191,601443,600066,3024929,,2019-09-13,32856,224.8,,8848,150,400,10^3/uL,224.8
605192,601443,600066,3016723,,2019-09-13,32856,0.93,,8840,0.6,1.2,mg/dL,0.93
605193,601443,600066,3013721,,2019-09-13,32856,48,,8645,0,40,U/L,48.0
605194,601443,600066,3006923,,2019-09-13,32856,16.9,,8645,0,40,U/L,16.9
605195,601444,600066,3000963,,2019-09-27,32856,14.1,,8713,12,17,g/dL,14.1
605196,601444,600066,3010813,,2019-09-27,32856,6.5,,8848,4,10,10^3/uL,6.5
605197,601444,600066,3017732,,2019-09-27,32856,2.9,,8848,1.5,7.5,10^3/uL,2.9
605198,601444,600066,3024929,,2019-09-27,32856,186.9,,8848,150,400,10^3/uL,186.9
605199,601444,600066,3016723,,2019-09-27,32856,1.02,,8840,0.6,1.2,mg/dL,1.02
605200,601444,600066,3013721,,2019-09-27,32856,18.4,,8645,0,40,U/L,18.4
605201,601444,600066,3006923,,2019-09-27,32856,0,,8645,0,40,U/L,0
605202,601445,600066,3000963,,2019-10-11,32856,12.4,,8713,12,17,g/dL,12.4
605203,601445,600066,3010813,,2019-10-11,32856,6.4,,8848,4,10,10^3/uL,6.4
605204,601445,600066,3017732,,2019-10-11,32856,2.8,,8848,1.5,7.5,10^3/uL,2.8
605205,601445,600066,3024929,,2019-10-11,32856,178.2,,8848,150,400,10^3/uL,178.2
605206,601445,600066,3016723,,2019-10-11,32856,1.07,,8840,0.6,1.2,mg/dL,1.07
605207,601445,600066,3013721,,2019-10-11,32856,42.6,,8645,0,40,U/L,42.6
605208,601445,600066,3006923,,2019-10-11,32856,12.8,,8645,0,40,U/L,12.8
605209,601446,600066,3000963,,2019-10-25,32856,11.9,,8713,12,17,g/dL,11.9
605210,601446,600066,3010813,,2019-10-25,32856,9.2,,8848,4,10,10^3/uL,9.2
605211,601446,600066,3017732,,2019-10-25,32856,3.3,,8848,1.5,7.5,10^3/uL,3.3
605212,601446,600066,3024929,,2019-10-25,32856,220,,8848,150,400,10^3/uL,220.0
605213,601446,600066,3016723,,2019-10-25,32856,0.76,,8840,0.6,1.2,mg/dL,0.76
605214,601446,600066,3013721,,2019-10-25,32856,51.5,,8645,0,40,U/L,51.5
605215,601446,600066,3006923,,2019-10-25,32856,83.9,,8645,0,40,U/L,83.9
605216,601447,600066,3000963,,2019-11-08,32856,11.3,,8713,12,17,g/dL,11.3
605217,601447,600066,3010813,,2019-11-08,32856,3.3,,8848,4,10,10^3/uL,3.3
605218,601447,600066,3017732,,2019-11-08,32856,0,,8848,1.5,7.5,10^3/uL,0
605219,601447,600066,3024929,,2019-11-08,32856,238,,8848,150,400,10^3/uL,238.0
605220,601447,600066,3016723,,2019-11-08,32856,0.94,,8840,0.6,1.2,mg/dL,0.94
605221,601447,600066,3013721,,2019-11-08,32856,40.7,,8645,0,40,U/L,40.7
605222,601447,600066,3006923,,2019-11-08,32856,4.7,,8645,0,40,U/L,4.7
605223,601448,600066,3000963,,2019-11-22,32856,11.5,,8713,12,17,g/dL,11.5
605224,601448,600066,3010813,,2019-11-22,32856,6.1,,8848,4,10,10^3/uL,6.1
605225,601448,600066,3017732,,2019-11-22,32856,4,,8848,1.5,7.5,10^3/uL,4.0
605226,601448,600066,3024929,,2019-11-22,32856,186.3,,8848,150,400,10^3/uL,186.3
605227,601448,600066,3016723,,2019-11-22,32856,1.34,,8840,0.6,1.2,mg/dL,1.34
605228,601448,600066,3013721,,2019-11-22,32856,30,,8645,0,40,U/L,30.0
605229,601448,600066,3006923,,2019-11-22,32856,56.1,,8645,0,40,U/L,56.1
605230,601456,600066,3000963,,2020-04-11,32856,12.9,,8713,12,17,g/dL,12.9
605231,601456,600066,3022250,,2020-04-11,32856,343.5,,8645,120,250,U/L,343.5
605232,601457,600066,3000963,,2020-10-08,32856,11.8,,8713,12,17,g/dL,11.8
605233,601457,600066,3022250,,2020-10-08,32856,28.3,,8645,120,250,U/L,28.3
605234,601458,600066,3000963,,2021-03-25,32856,10.1,,8713,12,17,g/dL,10.1
605235,601458,600066,3022250,,2021-03-25,32856,232.8,,8645,120,250,U/L,232.8
605236,601459,600066,3000963,,2021-09-07,32856,16.2,,8713,12,17,g/dL,16.2
605237,601459,600066,3022250,,2021-09-07,32856,188.6,,8645,120,250,U/L,188.6
605238,601460,600066,3000963,,2021-12-14,32856,13.8,,8713,12,17,g/dL,13.8
605239,601460,600066,3022250,,2021-12-14,32856,20,,8645,120,250,U/L,20
605240,601461,600066,3000963,,2022-05-08,32856,11.8,,8713,12,17,g/dL,11.8
605241,601461,600066,3022250,,2022-05-08,32856,375.7,,8645,120,250,U/L,375.7
605242,601462,600066,3000963,,2022-11-06,32856,10.8,,8713,12,17,g/dL,10.8
605243,601462,600066,3022250,,2022-11-06,32856,37.4,,8645,120,250,U/L,37.4
605244,601463,600066,3000963,,2023-04-15,32856,10.1,,8713,12,17,g/dL,10.1
605245,601463,600066,3022250,,2023-04-15,32856,82.7,,8645,120,250,U/L,82.7
605246,601464,600066,3000963,,2023-09-15,32856,10,,8713,12,17,g/dL,10.0
605247,601464,600066,3022250,,2023-09-15,32856,35.7,,8645,120,250,U/L,35.7
605248,601465,600066,3000963,,2024-02-04,32856,13.1,,8713,12,17,g/dL,13.1
605249,601465,600066,3022250,,2024-02-04,32856,275.4,,8645,120,250,U/L,275.4
605250,601466,600066,3000963,,2024-06-16,32856,11.3,,8713,12,17,g/dL,11.3
605251,601466,600066,3022250,,2024-06-16,32856,493,,8645,120,250,U/L,493.0
605252,601467,600066,3000963,,2024-11-10,32856,13.5,,8713,12,17,g/dL,13.5
605253,601467,600066,3022250,,2024-11-10,32856,142.6,,8645,120,250,U/L,142.6
605254,601468,600067,3000963,,2020-06-28,32856,14.1,,8713,12,17,g/dL,14.1
605255,601468,600067,3010813,,2020-06-28,32856,5.6,,8848,4,10,10^3/uL,5.6
605256,601468,600067,3017732,,2020-06-28,32856,5.3,,8848,1.5,7.5,10^3/uL,5.3
605257,601468,600067,3024929,,2020-06-28,32856,202.9,,8848,150,400,10^3/uL,202.9
605258,601468,600067,3016723,,2020-06-28,32856,0.65,,8840,0.6,1.2,mg/dL,0.65
605259,601468,600067,3013721,,2020-06-28,32856,78.3,,8645,0,40,U/L,78.3
605260,601468,600067,3006923,,2020-06-28,32856,74.3,,8645,0,40,U/L,74.3
605261,601468,600067,3020491,,2020-06-28,32856,3.95,,8713,3.5,5.2,g/dL,3.95
605262,601468,600067,3024128,,2020-06-28,32856,0.55,,8840,0.2,1.2,mg/dL,0.55
605263,601468,600067,3022250,,2020-06-28,32856,511.2,,8645,120,250,U/L,511.2
605264,601468,600067,3006315,,2020-06-28,32856,2.7,,8859,0.8,2.2,mg/L,2.7
605265,601468,600067,3036277,,2020-06-28,32856,161.9,,8582,150,185,cm,161.9
605266,601468,600067,3025315,,2020-06-28,32856,52,,9529,45,90,kg,52.0
605267,601469,600067,3000963,,2020-07-18,32856,17.3,,8713,12,17,g/dL,17.3
605268,601469,600067,3010813,,2020-07-18,32856,4.4,,8848,4,10,10^3/uL,4.4
605269,601469,600067,3017732,,2020-07-18,32856,7.4,,8848,1.5,7.5,10^3/uL,7.4
605270,601469,600067,3024929,,2020-07-18,32856,320.8,,8848,150,400,10^3/uL,320.8
605271,601469,600067,3016723,,2020-07-18,32856,1.09,,8840,0.6,1.2,mg/dL,1.09
605272,601469,600067,3013721,,2020-07-18,32856,1.8,,8645,0,40,U/L,1.8
605273,601469,600067,3006923,,2020-07-18,32856,82.4,,8645,0,40,U/L,82.4
605274,601470,600067,3000963,,2020-08-08,32856,11.2,,8713,12,17,g/dL,11.2
605275,601470,600067,3010813,,2020-08-08,32856,6.9,,8848,4,10,10^3/uL,6.9
605276,601470,600067,3017732,,2020-08-08,32856,1.7,,8848,1.5,7.5,10^3/uL,1.7
605277,601470,600067,3024929,,2020-08-08,32856,109,,8848,150,400,10^3/uL,109.0
605278,601470,600067,3016723,,2020-08-08,32856,0.89,,8840,0.6,1.2,mg/dL,0.89
605279,601470,600067,3013721,,2020-08-08,32856,27.3,,8645,0,40,U/L,27.3
605280,601470,600067,3006923,,2020-08-08,32856,83.2,,8645,0,40,U/L,83.2
605281,601471,600067,3000963,,2020-08-29,32856,11,,8713,12,17,g/dL,11.0
605282,601471,600067,3010813,,2020-08-29,32856,4.5,,8848,4,10,10^3/uL,4.5
605283,601471,600067,3017732,,2020-08-29,32856,1,,8848,1.5,7.5,10^3/uL,1.0
605284,601471,600067,3024929,,2020-08-29,32856,224.2,,8848,150,400,10^3/uL,224.2
605285,601471,600067,3016723,,2020-08-29,32856,1.06,,8840,0.6,1.2,mg/dL,1.06
605286,601471,600067,3013721,,2020-08-29,32856,56.2,,8645,0,40,U/L,56.2
605287,601471,600067,3006923,,2020-08-29,32856,24.4,,8645,0,40,U/L,24.4
605288,601472,600067,3000963,,2020-09-19,32856,12.4,,8713,12,17,g/dL,12.4
605289,601472,600067,3010813,,2020-09-19,32856,8.4,,8848,4,10,10^3/uL,8.4
605290,601472,600067,3017732,,2020-09-19,32856,0.7,,8848,1.5,7.5,10^3/uL,0.7
605291,601472,600067,3024929,,2020-09-19,32856,147,,8848,150,400,10^3/uL,147.0
605292,601472,600067,3016723,,2020-09-19,32856,0.98,,8840,0.6,1.2,mg/dL,0.98
605293,601472,600067,3013721,,2020-09-19,32856,15.3,,8645,0,40,U/L,15.3
605294,601472,600067,3006923,,2020-09-19,32856,49.1,,8645,0,40,U/L,49.1
605295,601473,600067,3000963,,2020-10-10,32856,12.3,,8713,12,17,g/dL,12.3
605296,601473,600067,3010813,,2020-10-10,32856,5.7,,8848,4,10,10^3/uL,5.7
605297,601473,600067,3017732,,2020-10-10,32856,0,,8848,1.5,7.5,10^3/uL,0.0
605298,601473,600067,3024929,,2020-10-10,32856,174.8,,8848,150,400,10^3/uL,174.8
605299,601473,600067,3016723,,2020-10-10,32856,0.79,,8840,0.6,1.2,mg/dL,0.79
605300,601473,600067,3013721,,2020-10-10,32856,45.5,,8645,0,40,U/L,45.5
605301,601473,600067,3006923,,2020-10-10,32856,46.2,,8645,0,40,U/L,46.2
605302,601474,600067,3000963,,2020-10-31,32856,11.3,,8713,12,17,g/dL,11.3
605303,601474,600067,3010813,,2020-10-31,32856,7.3,,8848,4,10,10^3/uL,7.3
605304,601474,600067,3017732,,2020-10-31,32856,2.4,,8848,1.5,7.5,10^3/uL,2.4
605305,601474,600067,3024929,,2020-10-31,32856,248.6,,8848,150,400,10^3/uL,248.6
605306,601474,600067,3016723,,2020-10-31,32856,0.89,,8840,0.6,1.2,mg/dL,0.89
605307,601474,600067,3013721,,2020-10-31,32856,20.3,,8645,0,40,U/L,20.3
605308,601474,600067,3006923,,2020-10-31,32856,25.7,,8645,0,40,U/L,25.7
605309,601480,600067,3000963,,2021-03-26,32856,12.6,,8713,12,17,g/dL,12.6
605310,601480,600067,3022250,,2021-03-26,32856,209.5,,8645,120,250,U/L,209.5
605311,601481,600067,3000963,,2021-08-15,32856,12.9,,8713,12,17,g/dL,12.9
605312,601481,600067,3022250,,2021-08-15,32856,145.7,,8645,120,250,U/L,145.7
605313,601482,600067,3000963,,2022-01-22,32856,13.9,,8713,12,17,g/dL,13.9
605314,601482,600067,3022250,,2022-01-22,32856,200.1,,8645,120,250,U/L,200.1
605315,601483,600067,3000963,,2022-05-27,32856,14.3,,8713,12,17,g/dL,14.3
605316,601483,600067,3022250,,2022-05-27,32856,208.9,,8645,120,250,U/L,208.9
605317,601484,600067,3000963,,2022-11-19,32856,16.2,,8713,12,17,g/dL,16.2
605318,601484,600067,3022250,,2022-11-19,32856,313.5,,8645,120,250,U/L,313.5
605319,601486,600067,3000963,,2023-01-19,32856,11.6,,8713,12,17,g/dL,11.6
605320,601486,600067,3010813,,2023-01-19,32856,5.6,,8848,4,10,10^3/uL,5.6
605321,601486,600067,3017732,,2023-01-19,32856,4.9,,8848,1.5,7.5,10^3/uL,4.9
605322,601486,600067,3024929,,2023-01-19,32856,224.2,,8848,150,400,10^3/uL,224.2
605323,601486,600067,3016723,,2023-01-19,32856,0.76,,8840,0.6,1.2,mg/dL,0.76
605324,601486,600067,3013721,,2023-01-19,32856,22.9,,8645,0,40,U/L,22.9
605325,601486,600067,3006923,,2023-01-19,32856,1.7,,8645,0,40,U/L,1.7
605326,601487,600067,3000963,,2023-02-09,32856,11.2,,8713,12,17,g/dL,11.2
605327,601487,600067,3010813,,2023-02-09,32856,5,,8848,4,10,10^3/uL,5.0
605328,601487,600067,3017732,,2023-02-09,32856,1.3,,8848,1.5,7.5,10^3/uL,1.3
605329,601487,600067,3024929,,2023-02-09,32856,235.8,,8848,150,400,10^3/uL,235.8
605330,601487,600067,3016723,,2023-02-09,32856,0.89,,8840,0.6,1.2,mg/dL,0.89
605331,601487,600067,3013721,,2023-02-09,32856,0,,8645,0,40,U/L,0
605332,601487,600067,3006923,,2023-02-09,32856,28.8,,8645,0,40,U/L,28.8
605333,601488,600067,3000963,,2023-03-02,32856,11,,8713,12,17,g/dL,11.0
605334,601488,600067,3010813,,2023-03-02,32856,5.9,,8848,4,10,10^3/uL,5.9
605335,601488,600067,3017732,,2023-03-02,32856,1,,8848,1.5,7.5,10^3/uL,1.0
605336,601488,600067,3024929,,2023-03-02,32856,256.9,,8848,150,400,10^3/uL,256.9
605337,601488,600067,3016723,,2023-03-02,32856,0.82,,8840,0.6,1.2,mg/dL,0.82
605338,601488,600067,3013721,,2023-03-02,32856,48.1,,8645,0,40,U/L,48.1
605339,601488,600067,3006923,,2023-03-02,32856,30.5,,8645,0,40,U/L,30.5
605340,601493,600067,3000963,,2023-05-18,32856,9.3,,8713,12,17,g/dL,9.3
605341,601493,600067,3010813,,2023-05-18,32856,0.1,,8848,4,10,10^3/uL,0.1
605342,601493,600067,3017732,,2023-05-18,32856,2.2,,8848,1.5,7.5,10^3/uL,2.2
605343,601493,600067,3024929,,2023-05-18,32856,9.5,,8848,150,400,10^3/uL,9.5
605344,601495,600067,3000963,,2023-11-24,32856,13.3,,8713,12,17,g/dL,13.3
605345,601495,600067,3022250,,2023-11-24,32856,278.3,,8645,120,250,U/L,278.3
605346,601496,600067,3000963,,2024-04-07,32856,15,,8713,12,17,g/dL,15.0
605347,601496,600067,3022250,,2024-04-07,32856,419.9,,8645,120,250,U/L,419.9
605348,601497,600067,3000963,,2024-07-28,32856,12.6,,8713,12,17,g/dL,12.6
605349,601497,600067,3022250,,2024-07-28,32856,122.6,,8645,120,250,U/L,122.6
605350,601498,600067,3000963,,2024-12-09,32856,13.8,,8713,12,17,g/dL,13.8
605351,601498,600067,3022250,,2024-12-09,32856,348.8,,8645,120,250,U/L,348.8
605352,601499,600067,3000963,,2025-03-16,32856,13.8,,8713,12,17,g/dL,13.8
605353,601499,600067,3022250,,2025-03-16,32856,318.5,,8645,120,250,U/L,318.5
605354,601500,600067,3000963,,2025-06-15,32856,17.6,,8713,12,17,g/dL,17.6
605355,601500,600067,3022250,,2025-06-15,32856,261,,8645,120,250,U/L,261.0
605356,601501,600067,3000963,,2025-09-22,32856,12.7,,8713,12,17,g/dL,12.7
605357,601501,600067,3022250,,2025-09-22,32856,382.2,,8645,120,250,U/L,382.2
605358,601502,600067,3000963,,2025-12-24,32856,13.4,,8713,12,17,g/dL,13.4
605359,601502,600067,3022250,,2025-12-24,32856,272.4,,8645,120,250,U/L,272.4
605360,601503,600067,3000963,,2026-04-01,32856,12.9,,8713,12,17,g/dL,12.9
605361,601503,600067,3022250,,2026-04-01,32856,146.7,,8645,120,250,U/L,146.7
605362,601504,600067,3000963,,2026-07-14,32856,12.8,,8713,12,17,g/dL,12.8
605363,601504,600067,3022250,,2026-07-14,32856,266.4,,8645,120,250,U/L,266.4
605364,601505,600068,3000963,,2019-02-28,32856,12.5,,8713,12,17,g/dL,12.5
605365,601505,600068,3010813,,2019-02-28,32856,9.3,,8848,4,10,10^3/uL,9.3
605366,601505,600068,3017732,,2019-02-28,32856,7.4,,8848,1.5,7.5,10^3/uL,7.4
605367,601505,600068,3024929,,2019-02-28,32856,299.1,,8848,150,400,10^3/uL,299.1
605368,601505,600068,3016723,,2019-02-28,32856,0.82,,8840,0.6,1.2,mg/dL,0.82
605369,601505,600068,3013721,,2019-02-28,32856,59.4,,8645,0,40,U/L,59.4
605370,601505,600068,3006923,,2019-02-28,32856,34.1,,8645,0,40,U/L,34.1
605371,601505,600068,3020491,,2019-02-28,32856,3.58,,8713,3.5,5.2,g/dL,3.58
605372,601505,600068,3024128,,2019-02-28,32856,1.07,,8840,0.2,1.2,mg/dL,1.07
605373,601505,600068,3022250,,2019-02-28,32856,297.7,,8645,120,250,U/L,297.7
605374,601505,600068,3006315,,2019-02-28,32856,3.4,,8859,0.8,2.2,mg/L,3.4
605375,601505,600068,3036277,,2019-02-28,32856,160.7,,8582,150,185,cm,160.7
605376,601505,600068,3025315,,2019-02-28,32856,49.4,,9529,45,90,kg,49.4
605377,601506,600068,3000963,,2019-03-23,32856,11.6,,8713,12,17,g/dL,11.6
605378,601506,600068,3010813,,2019-03-23,32856,4.2,,8848,4,10,10^3/uL,4.2
605379,601506,600068,3017732,,2019-03-23,32856,3.9,,8848,1.5,7.5,10^3/uL,3.9
605380,601506,600068,3024929,,2019-03-23,32856,215.2,,8848,150,400,10^3/uL,215.2
605381,601506,600068,3016723,,2019-03-23,32856,1.38,,8840,0.6,1.2,mg/dL,1.38
605382,601506,600068,3013721,,2019-03-23,32856,9,,8645,0,40,U/L,9.0
605383,601506,600068,3006923,,2019-03-23,32856,0,,8645,0,40,U/L,0
605384,601507,600068,3000963,,2019-04-13,32856,14.1,,8713,12,17,g/dL,14.1
605385,601507,600068,3010813,,2019-04-13,32856,8.3,,8848,4,10,10^3/uL,8.3
605386,601507,600068,3017732,,2019-04-13,32856,6.6,,8848,1.5,7.5,10^3/uL,6.6
605387,601507,600068,3024929,,2019-04-13,32856,169.8,,8848,150,400,10^3/uL,169.8
605388,601507,600068,3016723,,2019-04-13,32856,0.48,,8840,0.6,1.2,mg/dL,0.48
605389,601507,600068,3013721,,2019-04-13,32856,40.7,,8645,0,40,U/L,40.7
605390,601507,600068,3006923,,2019-04-13,32856,8.2,,8645,0,40,U/L,8.2
605391,601508,600068,3000963,,2019-05-04,32856,12.3,,8713,12,17,g/dL,12.3
605392,601508,600068,3010813,,2019-05-04,32856,6.8,,8848,4,10,10^3/uL,6.8
605393,601508,600068,3017732,,2019-05-04,32856,3.7,,8848,1.5,7.5,10^3/uL,3.7
605394,601508,600068,3024929,,2019-05-04,32856,170.2,,8848,150,400,10^3/uL,170.2
605395,601508,600068,3016723,,2019-05-04,32856,0.75,,8840,0.6,1.2,mg/dL,0.75
605396,601508,600068,3013721,,2019-05-04,32856,51.3,,8645,0,40,U/L,51.3
605397,601508,600068,3006923,,2019-05-04,32856,19.5,,8645,0,40,U/L,19.5
605398,601509,600068,3000963,,2019-05-25,32856,13.5,,8713,12,17,g/dL,13.5
605399,601509,600068,3010813,,2019-05-25,32856,7.4,,8848,4,10,10^3/uL,7.4
605400,601509,600068,3017732,,2019-05-25,32856,4,,8848,1.5,7.5,10^3/uL,4.0
605401,601509,600068,3024929,,2019-05-25,32856,280,,8848,150,400,10^3/uL,280.0
605402,601509,600068,3016723,,2019-05-25,32856,0.9,,8840,0.6,1.2,mg/dL,0.9
605403,601509,600068,3013721,,2019-05-25,32856,0,,8645,0,40,U/L,0
605404,601509,600068,3006923,,2019-05-25,32856,13.8,,8645,0,40,U/L,13.8
605405,601510,600068,3000963,,2019-06-15,32856,10.1,,8713,12,17,g/dL,10.1
605406,601510,600068,3010813,,2019-06-15,32856,5.3,,8848,4,10,10^3/uL,5.3
605407,601510,600068,3017732,,2019-06-15,32856,0.8,,8848,1.5,7.5,10^3/uL,0.8
605408,601510,600068,3024929,,2019-06-15,32856,193.4,,8848,150,400,10^3/uL,193.4
605409,601510,600068,3016723,,2019-06-15,32856,1.36,,8840,0.6,1.2,mg/dL,1.36
605410,601510,600068,3013721,,2019-06-15,32856,14.3,,8645,0,40,U/L,14.3
605411,601510,600068,3006923,,2019-06-15,32856,80.5,,8645,0,40,U/L,80.5
605412,601511,600068,3000963,,2019-07-06,32856,14.6,,8713,12,17,g/dL,14.6
605413,601511,600068,3010813,,2019-07-06,32856,10.7,,8848,4,10,10^3/uL,10.7
605414,601511,600068,3017732,,2019-07-06,32856,1,,8848,1.5,7.5,10^3/uL,1.0
605415,601511,600068,3024929,,2019-07-06,32856,243,,8848,150,400,10^3/uL,243.0
605416,601511,600068,3016723,,2019-07-06,32856,0.61,,8840,0.6,1.2,mg/dL,0.61
605417,601511,600068,3013721,,2019-07-06,32856,53,,8645,0,40,U/L,53.0
605418,601511,600068,3006923,,2019-07-06,32856,83.5,,8645,0,40,U/L,83.5
605419,601518,600068,3000963,,2019-11-02,32856,12.8,,8713,12,17,g/dL,12.8
605420,601518,600068,3022250,,2019-11-02,32856,153.4,,8645,120,250,U/L,153.4
605421,601519,600068,3000963,,2020-03-18,32856,12.3,,8713,12,17,g/dL,12.3
605422,601519,600068,3022250,,2020-03-18,32856,370.6,,8645,120,250,U/L,370.6
605423,601520,600068,3000963,,2020-08-02,32856,12.7,,8713,12,17,g/dL,12.7
605424,601520,600068,3022250,,2020-08-02,32856,364.6,,8645,120,250,U/L,364.6
605425,601521,600068,3000963,,2020-12-10,32856,12.1,,8713,12,17,g/dL,12.1
605426,601521,600068,3022250,,2020-12-10,32856,152.8,,8645,120,250,U/L,152.8
605427,601522,600068,3000963,,2021-04-01,32856,11.9,,8713,12,17,g/dL,11.9
605428,601522,600068,3022250,,2021-04-01,32856,272.4,,8645,120,250,U/L,272.4
605429,601523,600068,3000963,,2021-09-22,32856,12,,8713,12,17,g/dL,12.0
605430,601523,600068,3022250,,2021-09-22,32856,279.5,,8645,120,250,U/L,279.5
605431,601524,600068,3000963,,2022-03-22,32856,11.9,,8713,12,17,g/dL,11.9
605432,601524,600068,3022250,,2022-03-22,32856,342.1,,8645,120,250,U/L,342.1
605433,601525,600068,3000963,,2022-08-20,32856,11.8,,8713,12,17,g/dL,11.8
605434,601525,600068,3022250,,2022-08-20,32856,132.7,,8645,120,250,U/L,132.7
605435,601526,600068,3000963,,2022-12-13,32856,12.7,,8713,12,17,g/dL,12.7
605436,601526,600068,3022250,,2022-12-13,32856,250.1,,8645,120,250,U/L,250.1
605437,601527,600068,3000963,,2023-03-20,32856,11.7,,8713,12,17,g/dL,11.7
605438,601527,600068,3022250,,2023-03-20,32856,264,,8645,120,250,U/L,264.0
605439,601528,600068,3000963,,2023-06-17,32856,16.7,,8713,12,17,g/dL,16.7
605440,601528,600068,3022250,,2023-06-17,32856,166.2,,8645,120,250,U/L,166.2
605441,601529,600068,3000963,,2023-12-03,32856,11.7,,8713,12,17,g/dL,11.7
605442,601529,600068,3022250,,2023-12-03,32856,288.3,,8645,120,250,U/L,288.3
605443,601530,600069,3000963,,2020-09-29,32856,10,,8713,12,17,g/dL,10.0
605444,601530,600069,3010813,,2020-09-29,32856,6.2,,8848,4,10,10^3/uL,6.2
605445,601530,600069,3017732,,2020-09-29,32856,5.6,,8848,1.5,7.5,10^3/uL,5.6
605446,601530,600069,3024929,,2020-09-29,32856,160.8,,8848,150,400,10^3/uL,160.8
605447,601530,600069,3016723,,2020-09-29,32856,0.84,,8840,0.6,1.2,mg/dL,0.84
605448,601530,600069,3013721,,2020-09-29,32856,54.6,,8645,0,40,U/L,54.6
605449,601530,600069,3006923,,2020-09-29,32856,80.7,,8645,0,40,U/L,80.7
605450,601530,600069,3020491,,2020-09-29,32856,3.83,,8713,3.5,5.2,g/dL,3.83
605451,601530,600069,3024128,,2020-09-29,32856,0.28,,8840,0.2,1.2,mg/dL,0.28
605452,601530,600069,3022250,,2020-09-29,32856,160.7,,8645,120,250,U/L,160.7
605453,601530,600069,3006315,,2020-09-29,32856,3.5,,8859,0.8,2.2,mg/L,3.5
605454,601530,600069,3036277,,2020-09-29,32856,168.6,,8582,150,185,cm,168.6
605455,601530,600069,3025315,,2020-09-29,32856,63.8,,9529,45,90,kg,63.8
605456,601531,600069,3000963,,2020-10-23,32856,11.8,,8713,12,17,g/dL,11.8
605457,601531,600069,3010813,,2020-10-23,32856,5.4,,8848,4,10,10^3/uL,5.4
605458,601531,600069,3017732,,2020-10-23,32856,3.8,,8848,1.5,7.5,10^3/uL,3.8
605459,601531,600069,3024929,,2020-10-23,32856,143.3,,8848,150,400,10^3/uL,143.3
605460,601531,600069,3016723,,2020-10-23,32856,1.05,,8840,0.6,1.2,mg/dL,1.05
605461,601531,600069,3013721,,2020-10-23,32856,24.8,,8645,0,40,U/L,24.8
605462,601531,600069,3006923,,2020-10-23,32856,57.6,,8645,0,40,U/L,57.6
605463,601532,600069,3000963,,2020-11-13,32856,8.8,,8713,12,17,g/dL,8.8
605464,601532,600069,3010813,,2020-11-13,32856,3.6,,8848,4,10,10^3/uL,3.6
605465,601532,600069,3017732,,2020-11-13,32856,1.9,,8848,1.5,7.5,10^3/uL,1.9
605466,601532,600069,3024929,,2020-11-13,32856,193.4,,8848,150,400,10^3/uL,193.4
605467,601532,600069,3016723,,2020-11-13,32856,1.24,,8840,0.6,1.2,mg/dL,1.24
605468,601532,600069,3013721,,2020-11-13,32856,0,,8645,0,40,U/L,0
605469,601532,600069,3006923,,2020-11-13,32856,57.2,,8645,0,40,U/L,57.2
605470,601533,600069,3000963,,2020-12-04,32856,12,,8713,12,17,g/dL,12.0
605471,601533,600069,3010813,,2020-12-04,32856,5.4,,8848,4,10,10^3/uL,5.4
605472,601533,600069,3017732,,2020-12-04,32856,0.5,,8848,1.5,7.5,10^3/uL,0.5
605473,601533,600069,3024929,,2020-12-04,32856,126.5,,8848,150,400,10^3/uL,126.5
605474,601533,600069,3016723,,2020-12-04,32856,0.94,,8840,0.6,1.2,mg/dL,0.94
605475,601533,600069,3013721,,2020-12-04,32856,33.8,,8645,0,40,U/L,33.8
605476,601533,600069,3006923,,2020-12-04,32856,44.2,,8645,0,40,U/L,44.2
605477,601534,600069,3000963,,2020-12-25,32856,13,,8713,12,17,g/dL,13.0
605478,601534,600069,3010813,,2020-12-25,32856,6.1,,8848,4,10,10^3/uL,6.1
605479,601534,600069,3017732,,2020-12-25,32856,0,,8848,1.5,7.5,10^3/uL,0
605480,601534,600069,3024929,,2020-12-25,32856,298,,8848,150,400,10^3/uL,298.0
605481,601534,600069,3016723,,2020-12-25,32856,0.75,,8840,0.6,1.2,mg/dL,0.75
605482,601534,600069,3013721,,2020-12-25,32856,58.8,,8645,0,40,U/L,58.8
605483,601534,600069,3006923,,2020-12-25,32856,50.6,,8645,0,40,U/L,50.6
605484,601535,600069,3000963,,2021-01-15,32856,11.1,,8713,12,17,g/dL,11.1
605485,601535,600069,3010813,,2021-01-15,32856,5,,8848,4,10,10^3/uL,5.0
605486,601535,600069,3017732,,2021-01-15,32856,3.3,,8848,1.5,7.5,10^3/uL,3.3
605487,601535,600069,3024929,,2021-01-15,32856,308.8,,8848,150,400,10^3/uL,308.8
605488,601535,600069,3016723,,2021-01-15,32856,1.52,,8840,0.6,1.2,mg/dL,1.52
605489,601535,600069,3013721,,2021-01-15,32856,54.6,,8645,0,40,U/L,54.6
605490,601535,600069,3006923,,2021-01-15,32856,60.7,,8645,0,40,U/L,60.7
605491,601536,600069,3000963,,2021-02-05,32856,12.8,,8713,12,17,g/dL,12.8
605492,601536,600069,3010813,,2021-02-05,32856,4,,8848,4,10,10^3/uL,4.0
605493,601536,600069,3017732,,2021-02-05,32856,2.1,,8848,1.5,7.5,10^3/uL,2.1
605494,601536,600069,3024929,,2021-02-05,32856,288.2,,8848,150,400,10^3/uL,288.2
605495,601536,600069,3016723,,2021-02-05,32856,0.78,,8840,0.6,1.2,mg/dL,0.78
605496,601536,600069,3013721,,2021-02-05,32856,31,,8645,0,40,U/L,31.0
605497,601536,600069,3006923,,2021-02-05,32856,27.5,,8645,0,40,U/L,27.5
605498,601542,600069,3000963,,2021-06-06,32856,13.8,,8713,12,17,g/dL,13.8
605499,601542,600069,3022250,,2021-06-06,32856,314.1,,8645,120,250,U/L,314.1
605500,601543,600069,3000963,,2021-11-12,32856,10.5,,8713,12,17,g/dL,10.5
605501,601543,600069,3022250,,2021-11-12,32856,339.4,,8645,120,250,U/L,339.4
605502,601544,600069,3000963,,2022-04-22,32856,15.2,,8713,12,17,g/dL,15.2
605503,601544,600069,3022250,,2022-04-22,32856,267.5,,8645,120,250,U/L,267.5
605504,601545,600069,3000963,,2022-10-23,32856,13.4,,8713,12,17,g/dL,13.4
605505,601545,600069,3022250,,2022-10-23,32856,327.6,,8645,120,250,U/L,327.6
605506,601546,600069,3000963,,2023-03-27,32856,12.7,,8713,12,17,g/dL,12.7
605507,601546,600069,3022250,,2023-03-27,32856,332.8,,8645,120,250,U/L,332.8
605508,601547,600069,3000963,,2023-08-01,32856,12.3,,8713,12,17,g/dL,12.3
605509,601547,600069,3022250,,2023-08-01,32856,20,,8645,120,250,U/L,20
605510,601548,600069,3000963,,2023-11-06,32856,13,,8713,12,17,g/dL,13.0
605511,601548,600069,3022250,,2023-11-06,32856,146.4,,8645,120,250,U/L,146.4
605512,601549,600069,3000963,,2024-02-21,32856,11.4,,8713,12,17,g/dL,11.4
605513,601549,600069,3022250,,2024-02-21,32856,277.9,,8645,120,250,U/L,277.9
605514,601550,600069,3000963,,2024-08-06,32856,12,,8713,12,17,g/dL,12.0
605515,601550,600069,3022250,,2024-08-06,32856,214.8,,8645,120,250,U/L,214.8
605516,601551,600069,3000963,,2024-11-01,32856,13.9,,8713,12,17,g/dL,13.9
605517,601551,600069,3022250,,2024-11-01,32856,231.3,,8645,120,250,U/L,231.3
605518,601552,600069,3000963,,2025-04-16,32856,10.9,,8713,12,17,g/dL,10.9
605519,601552,600069,3022250,,2025-04-16,32856,378.1,,8645,120,250,U/L,378.1
605520,601553,600069,3000963,,2025-10-16,32856,12.5,,8713,12,17,g/dL,12.5
605521,601553,600069,3022250,,2025-10-16,32856,222.5,,8645,120,250,U/L,222.5
605522,601554,600070,3000963,,2020-09-19,32856,13.1,,8713,12,17,g/dL,13.1
605523,601554,600070,3010813,,2020-09-19,32856,10.6,,8848,4,10,10^3/uL,10.6
605524,601554,600070,3017732,,2020-09-19,32856,2.8,,8848,1.5,7.5,10^3/uL,2.8
605525,601554,600070,3024929,,2020-09-19,32856,241.6,,8848,150,400,10^3/uL,241.6
605526,601554,600070,3016723,,2020-09-19,32856,1.15,,8840,0.6,1.2,mg/dL,1.15
605527,601554,600070,3013721,,2020-09-19,32856,49.8,,8645,0,40,U/L,49.8
605528,601554,600070,3006923,,2020-09-19,32856,35.3,,8645,0,40,U/L,35.3
605529,601554,600070,3020491,,2020-09-19,32856,4.34,,8713,3.5,5.2,g/dL,4.34
605530,601554,600070,3024128,,2020-09-19,32856,0.32,,8840,0.2,1.2,mg/dL,0.32
605531,601554,600070,3022250,,2020-09-19,32856,326.6,,8645,120,250,U/L,326.6
605532,601554,600070,3006315,,2020-09-19,32856,2.1,,8859,0.8,2.2,mg/L,2.1
605533,601554,600070,3036277,,2020-09-19,32856,155.8,,8582,150,185,cm,155.8
605534,601554,600070,3025315,,2020-09-19,32856,45.8,,9529,45,90,kg,45.8
605535,601555,600070,3000963,,2020-10-08,32856,13.6,,8713,12,17,g/dL,13.6
605536,601555,600070,3010813,,2020-10-08,32856,5.7,,8848,4,10,10^3/uL,5.7
605537,601555,600070,3017732,,2020-10-08,32856,4,,8848,1.5,7.5,10^3/uL,4.0
605538,601555,600070,3024929,,2020-10-08,32856,264.2,,8848,150,400,10^3/uL,264.2
605539,601555,600070,3016723,,2020-10-08,32856,1.16,,8840,0.6,1.2,mg/dL,1.16
605540,601555,600070,3013721,,2020-10-08,32856,49.9,,8645,0,40,U/L,49.9
605541,601555,600070,3006923,,2020-10-08,32856,39.5,,8645,0,40,U/L,39.5
605542,601556,600070,3000963,,2020-10-29,32856,10.3,,8713,12,17,g/dL,10.3
605543,601556,600070,3010813,,2020-10-29,32856,7,,8848,4,10,10^3/uL,7.0
605544,601556,600070,3017732,,2020-10-29,32856,0.4,,8848,1.5,7.5,10^3/uL,0.4
605545,601556,600070,3024929,,2020-10-29,32856,200.5,,8848,150,400,10^3/uL,200.5
605546,601556,600070,3016723,,2020-10-29,32856,0.66,,8840,0.6,1.2,mg/dL,0.66
605547,601556,600070,3013721,,2020-10-29,32856,59.8,,8645,0,40,U/L,59.8
605548,601556,600070,3006923,,2020-10-29,32856,5.3,,8645,0,40,U/L,5.3
605549,601558,600070,3000963,,2020-11-22,32856,15.1,,8713,12,17,g/dL,15.1
605550,601558,600070,3010813,,2020-11-22,32856,7.6,,8848,4,10,10^3/uL,7.6
605551,601558,600070,3017732,,2020-11-22,32856,4.7,,8848,1.5,7.5,10^3/uL,4.7
605552,601558,600070,3024929,,2020-11-22,32856,215,,8848,150,400,10^3/uL,215.0
605553,601558,600070,3016723,,2020-11-22,32856,1.23,,8840,0.6,1.2,mg/dL,1.23
605554,601558,600070,3013721,,2020-11-22,32856,25.5,,8645,0,40,U/L,25.5
605555,601558,600070,3006923,,2020-11-22,32856,0,,8645,0,40,U/L,0
605556,601559,600070,3000963,,2020-12-13,32856,11.3,,8713,12,17,g/dL,11.3
605557,601559,600070,3010813,,2020-12-13,32856,5.5,,8848,4,10,10^3/uL,5.5
605558,601559,600070,3017732,,2020-12-13,32856,4.8,,8848,1.5,7.5,10^3/uL,4.8
605559,601559,600070,3024929,,2020-12-13,32856,137.3,,8848,150,400,10^3/uL,137.3
605560,601559,600070,3016723,,2020-12-13,32856,1.15,,8840,0.6,1.2,mg/dL,1.15
605561,601559,600070,3013721,,2020-12-13,32856,68.3,,8645,0,40,U/L,68.3
605562,601559,600070,3006923,,2020-12-13,32856,43.5,,8645,0,40,U/L,43.5
605563,601560,600070,3000963,,2021-01-03,32856,11.4,,8713,12,17,g/dL,11.4
605564,601560,600070,3010813,,2021-01-03,32856,7.2,,8848,4,10,10^3/uL,7.2
605565,601560,600070,3017732,,2021-01-03,32856,3.2,,8848,1.5,7.5,10^3/uL,3.2
605566,601560,600070,3024929,,2021-01-03,32856,371.7,,8848,150,400,10^3/uL,371.7
605567,601560,600070,3016723,,2021-01-03,32856,1.04,,8840,0.6,1.2,mg/dL,1.04
605568,601560,600070,3013721,,2021-01-03,32856,4.7,,8645,0,40,U/L,4.7
605569,601560,600070,3006923,,2021-01-03,32856,28.5,,8645,0,40,U/L,28.5
605570,601563,600070,3000963,,2021-04-20,32856,14.7,,8713,12,17,g/dL,14.7
605571,601563,600070,3022250,,2021-04-20,32856,300.3,,8645,120,250,U/L,300.3
605572,601564,600070,3000963,,2021-08-26,32856,13.2,,8713,12,17,g/dL,13.2
605573,601564,600070,3022250,,2021-08-26,32856,137.7,,8645,120,250,U/L,137.7
605574,601565,600070,3000963,,2021-12-24,32856,15.6,,8713,12,17,g/dL,15.6
605575,601565,600070,3022250,,2021-12-24,32856,170.6,,8645,120,250,U/L,170.6
605576,601566,600070,3000963,,2022-03-27,32856,14.1,,8713,12,17,g/dL,14.1
605577,601566,600070,3022250,,2022-03-27,32856,278.2,,8645,120,250,U/L,278.2
605578,601567,600070,3000963,,2022-09-27,32856,14.5,,8713,12,17,g/dL,14.5
605579,601567,600070,3022250,,2022-09-27,32856,138.5,,8645,120,250,U/L,138.5
605580,601568,600070,3000963,,2023-03-03,32856,14.8,,8713,12,17,g/dL,14.8
605581,601568,600070,3022250,,2023-03-03,32856,245.3,,8645,120,250,U/L,245.3
605582,601569,600070,3000963,,2023-07-01,32856,12.7,,8713,12,17,g/dL,12.7
605583,601569,600070,3022250,,2023-07-01,32856,222.3,,8645,120,250,U/L,222.3
605584,601570,600070,3000963,,2023-12-16,32856,12.7,,8713,12,17,g/dL,12.7
605585,601570,600070,3022250,,2023-12-16,32856,128.1,,8645,120,250,U/L,128.1
605586,601571,600070,3000963,,2024-06-05,32856,12.8,,8713,12,17,g/dL,12.8
605587,601571,600070,3022250,,2024-06-05,32856,304.7,,8645,120,250,U/L,304.7
605588,601572,600070,3000963,,2024-09-12,32856,11.8,,8713,12,17,g/dL,11.8
605589,601572,600070,3022250,,2024-09-12,32856,165.2,,8645,120,250,U/L,165.2
605590,601573,600070,3000963,,2025-02-20,32856,12,,8713,12,17,g/dL,12.0
605591,601573,600070,3022250,,2025-02-20,32856,222.6,,8645,120,250,U/L,222.6
605592,601574,600070,3000963,,2025-07-31,32856,11.3,,8713,12,17,g/dL,11.3
605593,601574,600070,3022250,,2025-07-31,32856,247.2,,8645,120,250,U/L,247.2
605594,601575,600071,3000963,,2024-09-08,32856,13.3,,8713,12,17,g/dL,13.3
605595,601575,600071,3010813,,2024-09-08,32856,6.7,,8848,4,10,10^3/uL,6.7
605596,601575,600071,3017732,,2024-09-08,32856,3.8,,8848,1.5,7.5,10^3/uL,3.8
605597,601575,600071,3024929,,2024-09-08,32856,197.8,,8848,150,400,10^3/uL,197.8
605598,601575,600071,3016723,,2024-09-08,32856,1,,8840,0.6,1.2,mg/dL,1.0
605599,601575,600071,3013721,,2024-09-08,32856,27.5,,8645,0,40,U/L,27.5
605600,601575,600071,3006923,,2024-09-08,32856,27.7,,8645,0,40,U/L,27.7
605601,601575,600071,3020491,,2024-09-08,32856,3.53,,8713,3.5,5.2,g/dL,3.53
605602,601575,600071,3024128,,2024-09-08,32856,0.54,,8840,0.2,1.2,mg/dL,0.54
605603,601575,600071,3022250,,2024-09-08,32856,271.8,,8645,120,250,U/L,271.8
605604,601575,600071,3006315,,2024-09-08,32856,1,,8859,0.8,2.2,mg/L,1.0
605605,601575,600071,3036277,,2024-09-08,32856,157.5,,8582,150,185,cm,157.5
605606,601575,600071,3025315,,2024-09-08,32856,60.4,,9529,45,90,kg,60.4
605607,601576,600071,3000963,,2024-09-28,32856,12.5,,8713,12,17,g/dL,12.5
605608,601576,600071,3010813,,2024-09-28,32856,7.5,,8848,4,10,10^3/uL,7.5
605609,601576,600071,3017732,,2024-09-28,32856,5.6,,8848,1.5,7.5,10^3/uL,5.6
605610,601576,600071,3024929,,2024-09-28,32856,196.1,,8848,150,400,10^3/uL,196.1
605611,601576,600071,3016723,,2024-09-28,32856,0.93,,8840,0.6,1.2,mg/dL,0.93
605612,601576,600071,3013721,,2024-09-28,32856,28.1,,8645,0,40,U/L,28.1
605613,601576,600071,3006923,,2024-09-28,32856,60.2,,8645,0,40,U/L,60.2
605614,601577,600071,3000963,,2024-10-19,32856,12.6,,8713,12,17,g/dL,12.6
605615,601577,600071,3010813,,2024-10-19,32856,11.4,,8848,4,10,10^3/uL,11.4
605616,601577,600071,3017732,,2024-10-19,32856,1.3,,8848,1.5,7.5,10^3/uL,1.3
605617,601577,600071,3024929,,2024-10-19,32856,122.5,,8848,150,400,10^3/uL,122.5
605618,601577,600071,3016723,,2024-10-19,32856,0.78,,8840,0.6,1.2,mg/dL,0.78
605619,601577,600071,3013721,,2024-10-19,32856,20.9,,8645,0,40,U/L,20.9
605620,601577,600071,3006923,,2024-10-19,32856,31.8,,8645,0,40,U/L,31.8
605621,601578,600071,3000963,,2024-11-09,32856,11.2,,8713,12,17,g/dL,11.2
605622,601578,600071,3010813,,2024-11-09,32856,4.7,,8848,4,10,10^3/uL,4.7
605623,601578,600071,3017732,,2024-11-09,32856,0.2,,8848,1.5,7.5,10^3/uL,0.2
605624,601578,600071,3024929,,2024-11-09,32856,247.3,,8848,150,400,10^3/uL,247.3
605625,601578,600071,3016723,,2024-11-09,32856,0.84,,8840,0.6,1.2,mg/dL,0.84
605626,601578,600071,3013721,,2024-11-09,32856,33.8,,8645,0,40,U/L,33.8
605627,601578,600071,3006923,,2024-11-09,32856,48.6,,8645,0,40,U/L,48.6
605628,601579,600071,3000963,,2024-11-30,32856,10,,8713,12,17,g/dL,10.0
605629,601579,600071,3010813,,2024-11-30,32856,7.8,,8848,4,10,10^3/uL,7.8
605630,601579,600071,3017732,,2024-11-30,32856,0.2,,8848,1.5,7.5,10^3/uL,0.2
605631,601579,600071,3024929,,2024-11-30,32856,351.6,,8848,150,400,10^3/uL,351.6
605632,601579,600071,3016723,,2024-11-30,32856,1,,8840,0.6,1.2,mg/dL,1.0
605633,601579,600071,3013721,,2024-11-30,32856,66.4,,8645,0,40,U/L,66.4
605634,601579,600071,3006923,,2024-11-30,32856,14.2,,8645,0,40,U/L,14.2
605635,601584,600071,3000963,,2025-06-09,32856,10.2,,8713,12,17,g/dL,10.2
605636,601584,600071,3022250,,2025-06-09,32856,283.1,,8645,120,250,U/L,283.1
605637,601585,600071,3000963,,2025-10-01,32856,12.9,,8713,12,17,g/dL,12.9
605638,601585,600071,3022250,,2025-10-01,32856,213.8,,8645,120,250,U/L,213.8
605639,601586,600071,3000963,,2026-03-02,32856,13.7,,8713,12,17,g/dL,13.7
605640,601586,600071,3022250,,2026-03-02,32856,100.9,,8645,120,250,U/L,100.9
605641,601587,600072,3000963,,2022-04-21,32856,12.8,,8713,12,17,g/dL,12.8
605642,601587,600072,3010813,,2022-04-21,32856,6.1,,8848,4,10,10^3/uL,6.1
605643,601587,600072,3017732,,2022-04-21,32856,2.9,,8848,1.5,7.5,10^3/uL,2.9
605644,601587,600072,3024929,,2022-04-21,32856,257.6,,8848,150,400,10^3/uL,257.6
605645,601587,600072,3016723,,2022-04-21,32856,1.17,,8840,0.6,1.2,mg/dL,1.17
605646,601587,600072,3013721,,2022-04-21,32856,3.8,,8645,0,40,U/L,3.8
605647,601587,600072,3006923,,2022-04-21,32856,45.4,,8645,0,40,U/L,45.4
605648,601587,600072,3020491,,2022-04-21,32856,4.2,,8713,3.5,5.2,g/dL,4.2
605649,601587,600072,3024128,,2022-04-21,32856,0.87,,8840,0.2,1.2,mg/dL,0.87
605650,601587,600072,3022250,,2022-04-21,32856,245.3,,8645,120,250,U/L,245.3
605651,601587,600072,3006315,,2022-04-21,32856,1.1,,8859,0.8,2.2,mg/L,1.1
605652,601587,600072,3036277,,2022-04-21,32856,165.2,,8582,150,185,cm,165.2
605653,601587,600072,3025315,,2022-04-21,32856,63.7,,9529,45,90,kg,63.7
605654,601588,600072,3000963,,2022-05-08,32856,12.2,,8713,12,17,g/dL,12.2
605655,601588,600072,3010813,,2022-05-08,32856,4.6,,8848,4,10,10^3/uL,4.6
605656,601588,600072,3017732,,2022-05-08,32856,6,,8848,1.5,7.5,10^3/uL,6.0
605657,601588,600072,3024929,,2022-05-08,32856,220.8,,8848,150,400,10^3/uL,220.8
605658,601588,600072,3016723,,2022-05-08,32856,1.32,,8840,0.6,1.2,mg/dL,1.32
605659,601588,600072,3013721,,2022-05-08,32856,67.4,,8645,0,40,U/L,67.4
605660,601588,600072,3006923,,2022-05-08,32856,52,,8645,0,40,U/L,52.0
605661,601589,600072,3000963,,2022-05-29,32856,13.6,,8713,12,17,g/dL,13.6
605662,601589,600072,3010813,,2022-05-29,32856,6,,8848,4,10,10^3/uL,6.0
605663,601589,600072,3017732,,2022-05-29,32856,2.2,,8848,1.5,7.5,10^3/uL,2.2
605664,601589,600072,3024929,,2022-05-29,32856,300.4,,8848,150,400,10^3/uL,300.4
605665,601589,600072,3016723,,2022-05-29,32856,0.84,,8840,0.6,1.2,mg/dL,0.84
605666,601589,600072,3013721,,2022-05-29,32856,53.5,,8645,0,40,U/L,53.5
605667,601589,600072,3006923,,2022-05-29,32856,57.2,,8645,0,40,U/L,57.2
605668,601590,600072,3000963,,2022-06-19,32856,11.2,,8713,12,17,g/dL,11.2
605669,601590,600072,3010813,,2022-06-19,32856,7.1,,8848,4,10,10^3/uL,7.1
605670,601590,600072,3017732,,2022-06-19,32856,1.9,,8848,1.5,7.5,10^3/uL,1.9
605671,601590,600072,3024929,,2022-06-19,32856,219.6,,8848,150,400,10^3/uL,219.6
605672,601590,600072,3016723,,2022-06-19,32856,0.88,,8840,0.6,1.2,mg/dL,0.88
605673,601590,600072,3013721,,2022-06-19,32856,38.7,,8645,0,40,U/L,38.7
605674,601590,600072,3006923,,2022-06-19,32856,28.4,,8645,0,40,U/L,28.4
605675,601591,600072,3000963,,2022-07-10,32856,11.1,,8713,12,17,g/dL,11.1
605676,601591,600072,3010813,,2022-07-10,32856,7.5,,8848,4,10,10^3/uL,7.5
605677,601591,600072,3017732,,2022-07-10,32856,5.4,,8848,1.5,7.5,10^3/uL,5.4
605678,601591,600072,3024929,,2022-07-10,32856,210.6,,8848,150,400,10^3/uL,210.6
605679,601591,600072,3016723,,2022-07-10,32856,0.76,,8840,0.6,1.2,mg/dL,0.76
605680,601591,600072,3013721,,2022-07-10,32856,29.4,,8645,0,40,U/L,29.4
605681,601591,600072,3006923,,2022-07-10,32856,58.7,,8645,0,40,U/L,58.7
605682,601595,600072,3000963,,2022-11-28,32856,14.9,,8713,12,17,g/dL,14.9
605683,601595,600072,3022250,,2022-11-28,32856,260.2,,8645,120,250,U/L,260.2
605684,601596,600072,3000963,,2023-04-16,32856,8,,8713,12,17,g/dL,8.0
605685,601596,600072,3022250,,2023-04-16,32856,292.7,,8645,120,250,U/L,292.7
605686,601597,600072,3000963,,2023-08-02,32856,14.1,,8713,12,17,g/dL,14.1
605687,601597,600072,3022250,,2023-08-02,32856,204.5,,8645,120,250,U/L,204.5
605688,601598,600072,3000963,,2023-11-30,32856,14.4,,8713,12,17,g/dL,14.4
605689,601598,600072,3022250,,2023-11-30,32856,79.3,,8645,120,250,U/L,79.3
605690,601599,600072,3000963,,2024-04-22,32856,16.7,,8713,12,17,g/dL,16.7
605691,601599,600072,3022250,,2024-04-22,32856,96.6,,8645,120,250,U/L,96.6
605692,601600,600072,3000963,,2024-10-20,32856,11.8,,8713,12,17,g/dL,11.8
605693,601600,600072,3022250,,2024-10-20,32856,235.8,,8645,120,250,U/L,235.8
605694,601601,600072,3000963,,2025-03-09,32856,13.1,,8713,12,17,g/dL,13.1
605695,601601,600072,3022250,,2025-03-09,32856,324.6,,8645,120,250,U/L,324.6
605696,601602,600072,3000963,,2025-08-24,32856,14,,8713,12,17,g/dL,14.0
605697,601602,600072,3022250,,2025-08-24,32856,31.9,,8645,120,250,U/L,31.9
605698,601603,600072,3000963,,2026-02-20,32856,13.1,,8713,12,17,g/dL,13.1
605699,601603,600072,3022250,,2026-02-20,32856,269.1,,8645,120,250,U/L,269.1
605700,601604,600072,3000963,,2026-08-03,32856,12.6,,8713,12,17,g/dL,12.6
605701,601604,600072,3022250,,2026-08-03,32856,250.4,,8645,120,250,U/L,250.4
605702,601605,600073,3000963,,2023-10-03,32856,7.5,,8713,12,17,g/dL,7.5
605703,601605,600073,3010813,,2023-10-03,32856,3.1,,8848,4,10,10^3/uL,3.1
605704,601605,600073,3017732,,2023-10-03,32856,4,,8848,1.5,7.5,10^3/uL,4.0
605705,601605,600073,3024929,,2023-10-03,32856,230.8,,8848,150,400,10^3/uL,230.8
605706,601605,600073,3016723,,2023-10-03,32856,0.71,,8840,0.6,1.2,mg/dL,0.71
605707,601605,600073,3013721,,2023-10-03,32856,54.5,,8645,0,40,U/L,54.5
605708,601605,600073,3006923,,2023-10-03,32856,39.6,,8645,0,40,U/L,39.6
605709,601605,600073,3020491,,2023-10-03,32856,4.16,,8713,3.5,5.2,g/dL,4.16
605710,601605,600073,3024128,,2023-10-03,32856,1.19,,8840,0.2,1.2,mg/dL,1.19
605711,601605,600073,3022250,,2023-10-03,32856,422.3,,8645,120,250,U/L,422.3
605712,601605,600073,3006315,,2023-10-03,32856,3.1,,8859,0.8,2.2,mg/L,3.1
605713,601605,600073,3036277,,2023-10-03,32856,159.7,,8582,150,185,cm,159.7
605714,601605,600073,3025315,,2023-10-03,32856,49.5,,9529,45,90,kg,49.5
605715,601606,600073,3000963,,2023-10-28,32856,13.2,,8713,12,17,g/dL,13.2
605716,601606,600073,3010813,,2023-10-28,32856,5.6,,8848,4,10,10^3/uL,5.6
605717,601606,600073,3017732,,2023-10-28,32856,4.4,,8848,1.5,7.5,10^3/uL,4.4
605718,601606,600073,3024929,,2023-10-28,32856,261.6,,8848,150,400,10^3/uL,261.6
605719,601606,600073,3016723,,2023-10-28,32856,0.71,,8840,0.6,1.2,mg/dL,0.71
605720,601606,600073,3013721,,2023-10-28,32856,46,,8645,0,40,U/L,46.0
605721,601606,600073,3006923,,2023-10-28,32856,35,,8645,0,40,U/L,35.0
605722,601607,600073,3000963,,2023-11-18,32856,10,,8713,12,17,g/dL,10.0
605723,601607,600073,3010813,,2023-11-18,32856,8.4,,8848,4,10,10^3/uL,8.4
605724,601607,600073,3017732,,2023-11-18,32856,3.5,,8848,1.5,7.5,10^3/uL,3.5
605725,601607,600073,3024929,,2023-11-18,32856,78.7,,8848,150,400,10^3/uL,78.7
605726,601607,600073,3016723,,2023-11-18,32856,0.96,,8840,0.6,1.2,mg/dL,0.96
605727,601607,600073,3013721,,2023-11-18,32856,13.5,,8645,0,40,U/L,13.5
605728,601607,600073,3006923,,2023-11-18,32856,8,,8645,0,40,U/L,8.0
605729,601608,600073,3000963,,2023-12-09,32856,12.1,,8713,12,17,g/dL,12.1
605730,601608,600073,3010813,,2023-12-09,32856,7.1,,8848,4,10,10^3/uL,7.1
605731,601608,600073,3017732,,2023-12-09,32856,5.1,,8848,1.5,7.5,10^3/uL,5.1
605732,601608,600073,3024929,,2023-12-09,32856,235,,8848,150,400,10^3/uL,235.0
605733,601608,600073,3016723,,2023-12-09,32856,1.07,,8840,0.6,1.2,mg/dL,1.07
605734,601608,600073,3013721,,2023-12-09,32856,35.6,,8645,0,40,U/L,35.6
605735,601608,600073,3006923,,2023-12-09,32856,34.5,,8645,0,40,U/L,34.5
605736,601609,600073,3000963,,2023-12-30,32856,12.2,,8713,12,17,g/dL,12.2
605737,601609,600073,3010813,,2023-12-30,32856,5.8,,8848,4,10,10^3/uL,5.8
605738,601609,600073,3017732,,2023-12-30,32856,4.5,,8848,1.5,7.5,10^3/uL,4.5
605739,601609,600073,3024929,,2023-12-30,32856,289.1,,8848,150,400,10^3/uL,289.1
605740,601609,600073,3016723,,2023-12-30,32856,1.21,,8840,0.6,1.2,mg/dL,1.21
605741,601609,600073,3013721,,2023-12-30,32856,39,,8645,0,40,U/L,39.0
605742,601609,600073,3006923,,2023-12-30,32856,34.9,,8645,0,40,U/L,34.9
605743,601610,600073,3000963,,2024-01-20,32856,10.8,,8713,12,17,g/dL,10.8
605744,601610,600073,3010813,,2024-01-20,32856,7.5,,8848,4,10,10^3/uL,7.5
605745,601610,600073,3017732,,2024-01-20,32856,3.1,,8848,1.5,7.5,10^3/uL,3.1
605746,601610,600073,3024929,,2024-01-20,32856,160.3,,8848,150,400,10^3/uL,160.3
605747,601610,600073,3016723,,2024-01-20,32856,0.9,,8840,0.6,1.2,mg/dL,0.9
605748,601610,600073,3013721,,2024-01-20,32856,6.9,,8645,0,40,U/L,6.9
605749,601610,600073,3006923,,2024-01-20,32856,0,,8645,0,40,U/L,0
605750,601611,600073,3000963,,2024-02-10,32856,11.1,,8713,12,17,g/dL,11.1
605751,601611,600073,3010813,,2024-02-10,32856,6.4,,8848,4,10,10^3/uL,6.4
605752,601611,600073,3017732,,2024-02-10,32856,4.6,,8848,1.5,7.5,10^3/uL,4.6
605753,601611,600073,3024929,,2024-02-10,32856,188.9,,8848,150,400,10^3/uL,188.9
605754,601611,600073,3016723,,2024-02-10,32856,0.76,,8840,0.6,1.2,mg/dL,0.76
605755,601611,600073,3013721,,2024-02-10,32856,21.8,,8645,0,40,U/L,21.8
605756,601611,600073,3006923,,2024-02-10,32856,32,,8645,0,40,U/L,32.0
605757,601616,600073,3000963,,2024-06-01,32856,12,,8713,12,17,g/dL,12.0
605758,601616,600073,3022250,,2024-06-01,32856,256.6,,8645,120,250,U/L,256.6
605759,601617,600073,3000963,,2024-11-06,32856,17.4,,8713,12,17,g/dL,17.4
605760,601617,600073,3022250,,2024-11-06,32856,69.6,,8645,120,250,U/L,69.6
605761,601618,600073,3000963,,2025-04-18,32856,12.1,,8713,12,17,g/dL,12.1
605762,601618,600073,3022250,,2025-04-18,32856,400.6,,8645,120,250,U/L,400.6
605763,601619,600073,3000963,,2025-07-13,32856,13.8,,8713,12,17,g/dL,13.8
605764,601619,600073,3022250,,2025-07-13,32856,318.6,,8645,120,250,U/L,318.6
605765,601620,600073,3000963,,2025-10-27,32856,12,,8713,12,17,g/dL,12.0
605766,601620,600073,3022250,,2025-10-27,32856,296.8,,8645,120,250,U/L,296.8
605767,601621,600073,3000963,,2026-04-18,32856,14.4,,8713,12,17,g/dL,14.4
605768,601621,600073,3022250,,2026-04-18,32856,196.4,,8645,120,250,U/L,196.4
605769,601622,600074,3000963,,2021-07-12,32856,10.3,,8713,12,17,g/dL,10.3
605770,601622,600074,3010813,,2021-07-12,32856,6.3,,8848,4,10,10^3/uL,6.3
605771,601622,600074,3017732,,2021-07-12,32856,3.9,,8848,1.5,7.5,10^3/uL,3.9
605772,601622,600074,3024929,,2021-07-12,32856,124.8,,8848,150,400,10^3/uL,124.8
605773,601622,600074,3016723,,2021-07-12,32856,1.32,,8840,0.6,1.2,mg/dL,1.32
605774,601622,600074,3013721,,2021-07-12,32856,11.7,,8645,0,40,U/L,11.7
605775,601622,600074,3006923,,2021-07-12,32856,85.2,,8645,0,40,U/L,85.2
605776,601622,600074,3020491,,2021-07-12,32856,3.27,,8713,3.5,5.2,g/dL,3.27
605777,601622,600074,3024128,,2021-07-12,32856,0.89,,8840,0.2,1.2,mg/dL,0.89
605778,601622,600074,3022250,,2021-07-12,32856,367,,8645,120,250,U/L,367.0
605779,601622,600074,3006315,,2021-07-12,32856,3.6,,8859,0.8,2.2,mg/L,3.6
605780,601622,600074,3036277,,2021-07-12,32856,173.6,,8582,150,185,cm,173.6
605781,601622,600074,3025315,,2021-07-12,32856,62.2,,9529,45,90,kg,62.2
605782,601623,600074,3000963,,2021-07-23,32856,13.6,,8713,12,17,g/dL,13.6
605783,601623,600074,3010813,,2021-07-23,32856,5.8,,8848,4,10,10^3/uL,5.8
605784,601623,600074,3017732,,2021-07-23,32856,2.1,,8848,1.5,7.5,10^3/uL,2.1
605785,601623,600074,3024929,,2021-07-23,32856,175.8,,8848,150,400,10^3/uL,175.8
605786,601623,600074,3016723,,2021-07-23,32856,0.47,,8840,0.6,1.2,mg/dL,0.47
605787,601623,600074,3013721,,2021-07-23,32856,8.5,,8645,0,40,U/L,8.5
605788,601623,600074,3006923,,2021-07-23,32856,67.5,,8645,0,40,U/L,67.5
605789,601624,600074,3000963,,2021-08-13,32856,14.1,,8713,12,17,g/dL,14.1
605790,601624,600074,3010813,,2021-08-13,32856,6.8,,8848,4,10,10^3/uL,6.8
605791,601624,600074,3017732,,2021-08-13,32856,0.9,,8848,1.5,7.5,10^3/uL,0.9
605792,601624,600074,3024929,,2021-08-13,32856,167.3,,8848,150,400,10^3/uL,167.3
605793,601624,600074,3016723,,2021-08-13,32856,1.12,,8840,0.6,1.2,mg/dL,1.12
605794,601624,600074,3013721,,2021-08-13,32856,54.3,,8645,0,40,U/L,54.3
605795,601624,600074,3006923,,2021-08-13,32856,81.5,,8645,0,40,U/L,81.5
605796,601625,600074,3000963,,2021-09-03,32856,14,,8713,12,17,g/dL,14.0
605797,601625,600074,3010813,,2021-09-03,32856,6.7,,8848,4,10,10^3/uL,6.7
605798,601625,600074,3017732,,2021-09-03,32856,2.6,,8848,1.5,7.5,10^3/uL,2.6
605799,601625,600074,3024929,,2021-09-03,32856,159.8,,8848,150,400,10^3/uL,159.8
605800,601625,600074,3016723,,2021-09-03,32856,1.36,,8840,0.6,1.2,mg/dL,1.36
605801,601625,600074,3013721,,2021-09-03,32856,53.1,,8645,0,40,U/L,53.1
605802,601625,600074,3006923,,2021-09-03,32856,0,,8645,0,40,U/L,0
605803,601626,600074,3000963,,2021-09-24,32856,11,,8713,12,17,g/dL,11.0
605804,601626,600074,3010813,,2021-09-24,32856,3.7,,8848,4,10,10^3/uL,3.7
605805,601626,600074,3017732,,2021-09-24,32856,3.5,,8848,1.5,7.5,10^3/uL,3.5
605806,601626,600074,3024929,,2021-09-24,32856,246.2,,8848,150,400,10^3/uL,246.2
605807,601626,600074,3016723,,2021-09-24,32856,0.77,,8840,0.6,1.2,mg/dL,0.77
605808,601626,600074,3013721,,2021-09-24,32856,58.1,,8645,0,40,U/L,58.1
605809,601626,600074,3006923,,2021-09-24,32856,61.7,,8645,0,40,U/L,61.7
605810,601627,600074,3000963,,2021-10-15,32856,13.7,,8713,12,17,g/dL,13.7
605811,601627,600074,3010813,,2021-10-15,32856,7.4,,8848,4,10,10^3/uL,7.4
605812,601627,600074,3017732,,2021-10-15,32856,1.4,,8848,1.5,7.5,10^3/uL,1.4
605813,601627,600074,3024929,,2021-10-15,32856,118.8,,8848,150,400,10^3/uL,118.8
605814,601627,600074,3016723,,2021-10-15,32856,0.9,,8840,0.6,1.2,mg/dL,0.9
605815,601627,600074,3013721,,2021-10-15,32856,29.6,,8645,0,40,U/L,29.6
605816,601627,600074,3006923,,2021-10-15,32856,58.9,,8645,0,40,U/L,58.9
605817,601628,600074,3000963,,2021-11-05,32856,9.7,,8713,12,17,g/dL,9.7
605818,601628,600074,3010813,,2021-11-05,32856,8.1,,8848,4,10,10^3/uL,8.1
605819,601628,600074,3017732,,2021-11-05,32856,0,,8848,1.5,7.5,10^3/uL,0
605820,601628,600074,3024929,,2021-11-05,32856,231.9,,8848,150,400,10^3/uL,231.9
605821,601628,600074,3016723,,2021-11-05,32856,0.86,,8840,0.6,1.2,mg/dL,0.86
605822,601628,600074,3013721,,2021-11-05,32856,38.5,,8645,0,40,U/L,38.5
605823,601628,600074,3006923,,2021-11-05,32856,71.9,,8645,0,40,U/L,71.9
605824,601634,600074,3000963,,2022-03-20,32856,13.8,,8713,12,17,g/dL,13.8
605825,601634,600074,3022250,,2022-03-20,32856,357.7,,8645,120,250,U/L,357.7
605826,601635,600074,3000963,,2022-08-08,32856,13,,8713,12,17,g/dL,13.0
605827,601635,600074,3022250,,2022-08-08,32856,192.2,,8645,120,250,U/L,192.2
605828,601636,600074,3000963,,2023-01-29,32856,12.5,,8713,12,17,g/dL,12.5
605829,601636,600074,3022250,,2023-01-29,32856,344.4,,8645,120,250,U/L,344.4
605830,601637,600074,3000963,,2023-05-29,32856,8.9,,8713,12,17,g/dL,8.9
605831,601637,600074,3022250,,2023-05-29,32856,310.3,,8645,120,250,U/L,310.3
605832,601638,600074,3000963,,2023-09-15,32856,11.9,,8713,12,17,g/dL,11.9
605833,601638,600074,3022250,,2023-09-15,32856,291.3,,8645,120,250,U/L,291.3
605834,601639,600074,3000963,,2024-02-15,32856,12.5,,8713,12,17,g/dL,12.5
605835,601639,600074,3022250,,2024-02-15,32856,189.7,,8645,120,250,U/L,189.7
605836,601640,600074,3000963,,2024-07-22,32856,10.8,,8713,12,17,g/dL,10.8
605837,601640,600074,3022250,,2024-07-22,32856,220.4,,8645,120,250,U/L,220.4
605838,601641,600074,3000963,,2024-10-22,32856,14.7,,8713,12,17,g/dL,14.7
605839,601641,600074,3022250,,2024-10-22,32856,195.3,,8645,120,250,U/L,195.3
605840,601642,600074,3000963,,2025-03-31,32856,13.4,,8713,12,17,g/dL,13.4
605841,601642,600074,3022250,,2025-03-31,32856,397.6,,8645,120,250,U/L,397.6
605842,601643,600074,3000963,,2025-07-22,32856,14.8,,8713,12,17,g/dL,14.8
605843,601643,600074,3022250,,2025-07-22,32856,141.7,,8645,120,250,U/L,141.7
605844,601644,600074,3000963,,2026-01-16,32856,13.4,,8713,12,17,g/dL,13.4
605845,601644,600074,3022250,,2026-01-16,32856,182.8,,8645,120,250,U/L,182.8
605846,601645,600074,3000963,,2026-04-21,32856,12,,8713,12,17,g/dL,12.0
605847,601645,600074,3022250,,2026-04-21,32856,164.6,,8645,120,250,U/L,164.6
605848,601646,600075,3000963,,2023-02-27,32856,15,,8713,12,17,g/dL,15.0
605849,601646,600075,3010813,,2023-02-27,32856,10.1,,8848,4,10,10^3/uL,10.1
605850,601646,600075,3017732,,2023-02-27,32856,1.6,,8848,1.5,7.5,10^3/uL,1.6
605851,601646,600075,3024929,,2023-02-27,32856,179.6,,8848,150,400,10^3/uL,179.6
605852,601646,600075,3016723,,2023-02-27,32856,0.81,,8840,0.6,1.2,mg/dL,0.81
605853,601646,600075,3013721,,2023-02-27,32856,63.6,,8645,0,40,U/L,63.6
605854,601646,600075,3006923,,2023-02-27,32856,47.8,,8645,0,40,U/L,47.8
605855,601646,600075,3020491,,2023-02-27,32856,4.26,,8713,3.5,5.2,g/dL,4.26
605856,601646,600075,3024128,,2023-02-27,32856,0.93,,8840,0.2,1.2,mg/dL,0.93
605857,601646,600075,3022250,,2023-02-27,32856,542,,8645,120,250,U/L,542.0
605858,601646,600075,3006315,,2023-02-27,32856,4.2,,8859,0.8,2.2,mg/L,4.2
605859,601646,600075,3036277,,2023-02-27,32856,167.7,,8582,150,185,cm,167.7
605860,601646,600075,3025315,,2023-02-27,32856,64.4,,9529,45,90,kg,64.4
605861,601647,600075,3000963,,2023-03-15,32856,11,,8713,12,17,g/dL,11.0
605862,601647,600075,3010813,,2023-03-15,32856,4,,8848,4,10,10^3/uL,4.0
605863,601647,600075,3017732,,2023-03-15,32856,2.2,,8848,1.5,7.5,10^3/uL,2.2
605864,601647,600075,3024929,,2023-03-15,32856,126.3,,8848,150,400,10^3/uL,126.3
605865,601647,600075,3016723,,2023-03-15,32856,0.76,,8840,0.6,1.2,mg/dL,0.76
605866,601647,600075,3013721,,2023-03-15,32856,15.3,,8645,0,40,U/L,15.3
605867,601647,600075,3006923,,2023-03-15,32856,86.5,,8645,0,40,U/L,86.5
605868,601648,600075,3000963,,2023-04-05,32856,11.3,,8713,12,17,g/dL,11.3
605869,601648,600075,3010813,,2023-04-05,32856,2.8,,8848,4,10,10^3/uL,2.8
605870,601648,600075,3017732,,2023-04-05,32856,3.6,,8848,1.5,7.5,10^3/uL,3.6
605871,601648,600075,3024929,,2023-04-05,32856,194.4,,8848,150,400,10^3/uL,194.4
605872,601648,600075,3016723,,2023-04-05,32856,0.97,,8840,0.6,1.2,mg/dL,0.97
605873,601648,600075,3013721,,2023-04-05,32856,69.8,,8645,0,40,U/L,69.8
605874,601648,600075,3006923,,2023-04-05,32856,13.1,,8645,0,40,U/L,13.1
605875,601649,600075,3000963,,2023-04-26,32856,14.4,,8713,12,17,g/dL,14.4
605876,601649,600075,3010813,,2023-04-26,32856,5.7,,8848,4,10,10^3/uL,5.7
605877,601649,600075,3017732,,2023-04-26,32856,4.1,,8848,1.5,7.5,10^3/uL,4.1
605878,601649,600075,3024929,,2023-04-26,32856,147,,8848,150,400,10^3/uL,147.0
605879,601649,600075,3016723,,2023-04-26,32856,1.05,,8840,0.6,1.2,mg/dL,1.05
605880,601649,600075,3013721,,2023-04-26,32856,54.7,,8645,0,40,U/L,54.7
605881,601649,600075,3006923,,2023-04-26,32856,44.1,,8645,0,40,U/L,44.1
605882,601650,600075,3000963,,2023-05-17,32856,11.2,,8713,12,17,g/dL,11.2
605883,601650,600075,3010813,,2023-05-17,32856,8.8,,8848,4,10,10^3/uL,8.8
605884,601650,600075,3017732,,2023-05-17,32856,2.7,,8848,1.5,7.5,10^3/uL,2.7
605885,601650,600075,3024929,,2023-05-17,32856,265.9,,8848,150,400,10^3/uL,265.9
605886,601650,600075,3016723,,2023-05-17,32856,0.8,,8840,0.6,1.2,mg/dL,0.8
605887,601650,600075,3013721,,2023-05-17,32856,2,,8645,0,40,U/L,2.0
605888,601650,600075,3006923,,2023-05-17,32856,11.3,,8645,0,40,U/L,11.3
605889,601651,600075,3000963,,2023-06-07,32856,8.8,,8713,12,17,g/dL,8.8
605890,601651,600075,3010813,,2023-06-07,32856,8.2,,8848,4,10,10^3/uL,8.2
605891,601651,600075,3017732,,2023-06-07,32856,0,,8848,1.5,7.5,10^3/uL,0
605892,601651,600075,3024929,,2023-06-07,32856,335.4,,8848,150,400,10^3/uL,335.4
605893,601651,600075,3016723,,2023-06-07,32856,1.18,,8840,0.6,1.2,mg/dL,1.18
605894,601651,600075,3013721,,2023-06-07,32856,30.3,,8645,0,40,U/L,30.3
605895,601651,600075,3006923,,2023-06-07,32856,95.3,,8645,0,40,U/L,95.3
605896,601652,600075,3000963,,2023-06-28,32856,10.2,,8713,12,17,g/dL,10.2
605897,601652,600075,3010813,,2023-06-28,32856,6.6,,8848,4,10,10^3/uL,6.6
605898,601652,600075,3017732,,2023-06-28,32856,3.9,,8848,1.5,7.5,10^3/uL,3.9
605899,601652,600075,3024929,,2023-06-28,32856,291.8,,8848,150,400,10^3/uL,291.8
605900,601652,600075,3016723,,2023-06-28,32856,1.03,,8840,0.6,1.2,mg/dL,1.03
605901,601652,600075,3013721,,2023-06-28,32856,37.8,,8645,0,40,U/L,37.8
605902,601652,600075,3006923,,2023-06-28,32856,79.7,,8645,0,40,U/L,79.7
605903,601656,600075,3000963,,2023-11-12,32856,13,,8713,12,17,g/dL,13.0
605904,601656,600075,3022250,,2023-11-12,32856,250,,8645,120,250,U/L,250.0
605905,601657,600075,3000963,,2024-03-25,32856,13,,8713,12,17,g/dL,13.0
605906,601657,600075,3022250,,2024-03-25,32856,284.2,,8645,120,250,U/L,284.2
605907,601658,600075,3000963,,2024-08-30,32856,13.1,,8713,12,17,g/dL,13.1
605908,601658,600075,3022250,,2024-08-30,32856,300.2,,8645,120,250,U/L,300.2
605909,601659,600075,3000963,,2025-02-13,32856,13.8,,8713,12,17,g/dL,13.8
605910,601659,600075,3022250,,2025-02-13,32856,194.1,,8645,120,250,U/L,194.1
605911,601660,600075,3000963,,2025-05-12,32856,12.7,,8713,12,17,g/dL,12.7
605912,601660,600075,3022250,,2025-05-12,32856,129.2,,8645,120,250,U/L,129.2
605913,601661,600075,3000963,,2025-08-10,32856,12.6,,8713,12,17,g/dL,12.6
605914,601661,600075,3022250,,2025-08-10,32856,260.7,,8645,120,250,U/L,260.7
605915,601662,600075,3000963,,2025-12-07,32856,13.9,,8713,12,17,g/dL,13.9
605916,601662,600075,3022250,,2025-12-07,32856,191.2,,8645,120,250,U/L,191.2
605917,601663,600075,3000963,,2026-03-26,32856,11.9,,8713,12,17,g/dL,11.9
605918,601663,600075,3022250,,2026-03-26,32856,247.2,,8645,120,250,U/L,247.2
605919,601664,600076,3000963,,2022-08-22,32856,11.8,,8713,12,17,g/dL,11.8
605920,601664,600076,3010813,,2022-08-22,32856,6.1,,8848,4,10,10^3/uL,6.1
605921,601664,600076,3017732,,2022-08-22,32856,7.1,,8848,1.5,7.5,10^3/uL,7.1
605922,601664,600076,3024929,,2022-08-22,32856,194.3,,8848,150,400,10^3/uL,194.3
605923,601664,600076,3016723,,2022-08-22,32856,1.15,,8840,0.6,1.2,mg/dL,1.15
605924,601664,600076,3013721,,2022-08-22,32856,37.2,,8645,0,40,U/L,37.2
605925,601664,600076,3006923,,2022-08-22,32856,51,,8645,0,40,U/L,51.0
605926,601664,600076,3020491,,2022-08-22,32856,4.15,,8713,3.5,5.2,g/dL,4.15
605927,601664,600076,3024128,,2022-08-22,32856,0.54,,8840,0.2,1.2,mg/dL,0.54
605928,601664,600076,3022250,,2022-08-22,32856,107.9,,8645,120,250,U/L,107.9
605929,601664,600076,3006315,,2022-08-22,32856,3.2,,8859,0.8,2.2,mg/L,3.2
605930,601664,600076,3036277,,2022-08-22,32856,166.4,,8582,150,185,cm,166.4
605931,601664,600076,3025315,,2022-08-22,32856,73.4,,9529,45,90,kg,73.4
605932,601665,600076,3000963,,2022-09-15,32856,11.7,,8713,12,17,g/dL,11.7
605933,601665,600076,3010813,,2022-09-15,32856,4.8,,8848,4,10,10^3/uL,4.8
605934,601665,600076,3017732,,2022-09-15,32856,7,,8848,1.5,7.5,10^3/uL,7.0
605935,601665,600076,3024929,,2022-09-15,32856,190,,8848,150,400,10^3/uL,190.0
605936,601665,600076,3016723,,2022-09-15,32856,1.23,,8840,0.6,1.2,mg/dL,1.23
605937,601665,600076,3013721,,2022-09-15,32856,7.9,,8645,0,40,U/L,7.9
605938,601665,600076,3006923,,2022-09-15,32856,45.1,,8645,0,40,U/L,45.1
605939,601666,600076,3000963,,2022-09-29,32856,11.4,,8713,12,17,g/dL,11.4
605940,601666,600076,3010813,,2022-09-29,32856,6.7,,8848,4,10,10^3/uL,6.7
605941,601666,600076,3017732,,2022-09-29,32856,1,,8848,1.5,7.5,10^3/uL,1.0
605942,601666,600076,3024929,,2022-09-29,32856,211.8,,8848,150,400,10^3/uL,211.8
605943,601666,600076,3016723,,2022-09-29,32856,1,,8840,0.6,1.2,mg/dL,1.0
605944,601666,600076,3013721,,2022-09-29,32856,44,,8645,0,40,U/L,44.0
605945,601666,600076,3006923,,2022-09-29,32856,44.2,,8645,0,40,U/L,44.2
605946,601667,600076,3000963,,2022-10-13,32856,12.4,,8713,12,17,g/dL,12.4
605947,601667,600076,3010813,,2022-10-13,32856,4.2,,8848,4,10,10^3/uL,4.2
605948,601667,600076,3017732,,2022-10-13,32856,3.4,,8848,1.5,7.5,10^3/uL,3.4
605949,601667,600076,3024929,,2022-10-13,32856,324.9,,8848,150,400,10^3/uL,324.9
605950,601667,600076,3016723,,2022-10-13,32856,1.08,,8840,0.6,1.2,mg/dL,1.08
605951,601667,600076,3013721,,2022-10-13,32856,74.4,,8645,0,40,U/L,74.4
605952,601667,600076,3006923,,2022-10-13,32856,0,,8645,0,40,U/L,0
605953,601668,600076,3000963,,2022-10-27,32856,10.1,,8713,12,17,g/dL,10.1
605954,601668,600076,3010813,,2022-10-27,32856,5.3,,8848,4,10,10^3/uL,5.3
605955,601668,600076,3017732,,2022-10-27,32856,1.2,,8848,1.5,7.5,10^3/uL,1.2
605956,601668,600076,3024929,,2022-10-27,32856,313.3,,8848,150,400,10^3/uL,313.3
605957,601668,600076,3016723,,2022-10-27,32856,0.91,,8840,0.6,1.2,mg/dL,0.91
605958,601668,600076,3013721,,2022-10-27,32856,69.2,,8645,0,40,U/L,69.2
605959,601668,600076,3006923,,2022-10-27,32856,15.9,,8645,0,40,U/L,15.9
605960,601669,600076,3000963,,2022-11-10,32856,13.5,,8713,12,17,g/dL,13.5
605961,601669,600076,3010813,,2022-11-10,32856,7,,8848,4,10,10^3/uL,7.0
605962,601669,600076,3017732,,2022-11-10,32856,4.8,,8848,1.5,7.5,10^3/uL,4.8
605963,601669,600076,3024929,,2022-11-10,32856,245.6,,8848,150,400,10^3/uL,245.6
605964,601669,600076,3016723,,2022-11-10,32856,0.67,,8840,0.6,1.2,mg/dL,0.67
605965,601669,600076,3013721,,2022-11-10,32856,47.4,,8645,0,40,U/L,47.4
605966,601669,600076,3006923,,2022-11-10,32856,44.7,,8645,0,40,U/L,44.7
605967,601670,600076,3000963,,2022-11-24,32856,11.1,,8713,12,17,g/dL,11.1
605968,601670,600076,3010813,,2022-11-24,32856,5.3,,8848,4,10,10^3/uL,5.3
605969,601670,600076,3017732,,2022-11-24,32856,1.1,,8848,1.5,7.5,10^3/uL,1.1
605970,601670,600076,3024929,,2022-11-24,32856,204.4,,8848,150,400,10^3/uL,204.4
605971,601670,600076,3016723,,2022-11-24,32856,0.76,,8840,0.6,1.2,mg/dL,0.76
605972,601670,600076,3013721,,2022-11-24,32856,23.1,,8645,0,40,U/L,23.1
605973,601670,600076,3006923,,2022-11-24,32856,14.7,,8645,0,40,U/L,14.7
605974,601671,600076,3000963,,2022-12-08,32856,11.8,,8713,12,17,g/dL,11.8
605975,601671,600076,3010813,,2022-12-08,32856,4.3,,8848,4,10,10^3/uL,4.3
605976,601671,600076,3017732,,2022-12-08,32856,2.8,,8848,1.5,7.5,10^3/uL,2.8
605977,601671,600076,3024929,,2022-12-08,32856,119.2,,8848,150,400,10^3/uL,119.2
605978,601671,600076,3016723,,2022-12-08,32856,0.7,,8840,0.6,1.2,mg/dL,0.7
605979,601671,600076,3013721,,2022-12-08,32856,20.8,,8645,0,40,U/L,20.8
605980,601671,600076,3006923,,2022-12-08,32856,16,,8645,0,40,U/L,16.0
605981,601672,600076,3000963,,2022-12-22,32856,10.6,,8713,12,17,g/dL,10.6
605982,601672,600076,3010813,,2022-12-22,32856,8.5,,8848,4,10,10^3/uL,8.5
605983,601672,600076,3017732,,2022-12-22,32856,5.4,,8848,1.5,7.5,10^3/uL,5.4
605984,601672,600076,3024929,,2022-12-22,32856,261.6,,8848,150,400,10^3/uL,261.6
605985,601672,600076,3016723,,2022-12-22,32856,0.84,,8840,0.6,1.2,mg/dL,0.84
605986,601672,600076,3013721,,2022-12-22,32856,76.8,,8645,0,40,U/L,76.8
605987,601672,600076,3006923,,2022-12-22,32856,0,,8645,0,40,U/L,0
605988,601678,600076,3000963,,2023-04-27,32856,14,,8713,12,17,g/dL,14.0
605989,601678,600076,3022250,,2023-04-27,32856,143.1,,8645,120,250,U/L,143.1
605990,601679,600076,3000963,,2023-10-22,32856,12.1,,8713,12,17,g/dL,12.1
605991,601679,600076,3022250,,2023-10-22,32856,256,,8645,120,250,U/L,256.0
605992,601680,600076,3000963,,2024-02-16,32856,11.4,,8713,12,17,g/dL,11.4
605993,601680,600076,3022250,,2024-02-16,32856,356.2,,8645,120,250,U/L,356.2
605994,601681,600076,3000963,,2024-05-20,32856,13.4,,8713,12,17,g/dL,13.4
605995,601681,600076,3022250,,2024-05-20,32856,20.6,,8645,120,250,U/L,20.6
605996,601682,600076,3000963,,2024-11-07,32856,11.1,,8713,12,17,g/dL,11.1
605997,601682,600076,3022250,,2024-11-07,32856,295.4,,8645,120,250,U/L,295.4
605998,601683,600076,3000963,,2025-02-13,32856,13.5,,8713,12,17,g/dL,13.5
605999,601683,600076,3022250,,2025-02-13,32856,158.3,,8645,120,250,U/L,158.3
606000,601684,600076,3000963,,2025-06-22,32856,14.4,,8713,12,17,g/dL,14.4
606001,601684,600076,3022250,,2025-06-22,32856,314.4,,8645,120,250,U/L,314.4
606002,601685,600076,3000963,,2025-11-29,32856,13.1,,8713,12,17,g/dL,13.1
606003,601685,600076,3022250,,2025-11-29,32856,152.7,,8645,120,250,U/L,152.7
606004,601686,600076,3000963,,2026-04-17,32856,15,,8713,12,17,g/dL,15.0
606005,601686,600076,3022250,,2026-04-17,32856,434.8,,8645,120,250,U/L,434.8
606006,601687,600077,3000963,,2023-05-25,32856,13.3,,8713,12,17,g/dL,13.3
606007,601687,600077,3010813,,2023-05-25,32856,8.3,,8848,4,10,10^3/uL,8.3
606008,601687,600077,3017732,,2023-05-25,32856,1,,8848,1.5,7.5,10^3/uL,1.0
606009,601687,600077,3024929,,2023-05-25,32856,284.1,,8848,150,400,10^3/uL,284.1
606010,601687,600077,3016723,,2023-05-25,32856,0.89,,8840,0.6,1.2,mg/dL,0.89
606011,601687,600077,3013721,,2023-05-25,32856,39.1,,8645,0,40,U/L,39.1
606012,601687,600077,3006923,,2023-05-25,32856,58.9,,8645,0,40,U/L,58.9
606013,601687,600077,3020491,,2023-05-25,32856,4.3,,8713,3.5,5.2,g/dL,4.3
606014,601687,600077,3024128,,2023-05-25,32856,1.06,,8840,0.2,1.2,mg/dL,1.06
606015,601687,600077,3022250,,2023-05-25,32856,376.7,,8645,120,250,U/L,376.7
606016,601687,600077,3006315,,2023-05-25,32856,3.1,,8859,0.8,2.2,mg/L,3.1
606017,601687,600077,3036277,,2023-05-25,32856,171.5,,8582,150,185,cm,171.5
606018,601687,600077,3025315,,2023-05-25,32856,63.2,,9529,45,90,kg,63.2
606019,601688,600077,3000963,,2023-06-09,32856,14.2,,8713,12,17,g/dL,14.2
606020,601688,600077,3010813,,2023-06-09,32856,4.5,,8848,4,10,10^3/uL,4.5
606021,601688,600077,3017732,,2023-06-09,32856,5.2,,8848,1.5,7.5,10^3/uL,5.2
606022,601688,600077,3024929,,2023-06-09,32856,220.4,,8848,150,400,10^3/uL,220.4
606023,601688,600077,3016723,,2023-06-09,32856,1.02,,8840,0.6,1.2,mg/dL,1.02
606024,601688,600077,3013721,,2023-06-09,32856,23.8,,8645,0,40,U/L,23.8
606025,601688,600077,3006923,,2023-06-09,32856,38.5,,8645,0,40,U/L,38.5
606026,601689,600077,3000963,,2023-06-30,32856,10,,8713,12,17,g/dL,10.0
606027,601689,600077,3010813,,2023-06-30,32856,5.7,,8848,4,10,10^3/uL,5.7
606028,601689,600077,3017732,,2023-06-30,32856,2.9,,8848,1.5,7.5,10^3/uL,2.9
606029,601689,600077,3024929,,2023-06-30,32856,116.5,,8848,150,400,10^3/uL,116.5
606030,601689,600077,3016723,,2023-06-30,32856,0.66,,8840,0.6,1.2,mg/dL,0.66
606031,601689,600077,3013721,,2023-06-30,32856,5.1,,8645,0,40,U/L,5.1
606032,601689,600077,3006923,,2023-06-30,32856,15.4,,8645,0,40,U/L,15.4
606033,601690,600077,3000963,,2023-07-21,32856,12.5,,8713,12,17,g/dL,12.5
606034,601690,600077,3010813,,2023-07-21,32856,7.6,,8848,4,10,10^3/uL,7.6
606035,601690,600077,3017732,,2023-07-21,32856,2.5,,8848,1.5,7.5,10^3/uL,2.5
606036,601690,600077,3024929,,2023-07-21,32856,240.3,,8848,150,400,10^3/uL,240.3
606037,601690,600077,3016723,,2023-07-21,32856,0.73,,8840,0.6,1.2,mg/dL,0.73
606038,601690,600077,3013721,,2023-07-21,32856,32.8,,8645,0,40,U/L,32.8
606039,601690,600077,3006923,,2023-07-21,32856,117.3,,8645,0,40,U/L,117.3
606040,601691,600077,3000963,,2023-08-11,32856,14.9,,8713,12,17,g/dL,14.9
606041,601691,600077,3010813,,2023-08-11,32856,4.7,,8848,4,10,10^3/uL,4.7
606042,601691,600077,3017732,,2023-08-11,32856,0,,8848,1.5,7.5,10^3/uL,0
606043,601691,600077,3024929,,2023-08-11,32856,325.2,,8848,150,400,10^3/uL,325.2
606044,601691,600077,3016723,,2023-08-11,32856,0.5,,8840,0.6,1.2,mg/dL,0.5
606045,601691,600077,3013721,,2023-08-11,32856,22.5,,8645,0,40,U/L,22.5
606046,601691,600077,3006923,,2023-08-11,32856,66.8,,8645,0,40,U/L,66.8
606047,601692,600077,3000963,,2023-09-01,32856,14.9,,8713,12,17,g/dL,14.9
606048,601692,600077,3010813,,2023-09-01,32856,6.9,,8848,4,10,10^3/uL,6.9
606049,601692,600077,3017732,,2023-09-01,32856,1.3,,8848,1.5,7.5,10^3/uL,1.3
606050,601692,600077,3024929,,2023-09-01,32856,303.9,,8848,150,400,10^3/uL,303.9
606051,601692,600077,3016723,,2023-09-01,32856,0.64,,8840,0.6,1.2,mg/dL,0.64
606052,601692,600077,3013721,,2023-09-01,32856,62,,8645,0,40,U/L,62.0
606053,601692,600077,3006923,,2023-09-01,32856,48.3,,8645,0,40,U/L,48.3
606054,601693,600077,3000963,,2023-09-22,32856,10.9,,8713,12,17,g/dL,10.9
606055,601693,600077,3010813,,2023-09-22,32856,6.7,,8848,4,10,10^3/uL,6.7
606056,601693,600077,3017732,,2023-09-22,32856,0.2,,8848,1.5,7.5,10^3/uL,0.2
606057,601693,600077,3024929,,2023-09-22,32856,298.7,,8848,150,400,10^3/uL,298.7
606058,601693,600077,3016723,,2023-09-22,32856,1.14,,8840,0.6,1.2,mg/dL,1.14
606059,601693,600077,3013721,,2023-09-22,32856,77.5,,8645,0,40,U/L,77.5
606060,601693,600077,3006923,,2023-09-22,32856,41.2,,8645,0,40,U/L,41.2
606061,601697,600077,3000963,,2024-02-18,32856,13.5,,8713,12,17,g/dL,13.5
606062,601697,600077,3022250,,2024-02-18,32856,421.6,,8645,120,250,U/L,421.6
606063,601698,600077,3000963,,2024-07-16,32856,13.5,,8713,12,17,g/dL,13.5
606064,601698,600077,3022250,,2024-07-16,32856,242.2,,8645,120,250,U/L,242.2
606065,601699,600077,3000963,,2024-11-27,32856,13.2,,8713,12,17,g/dL,13.2
606066,601699,600077,3022250,,2024-11-27,32856,464.6,,8645,120,250,U/L,464.6
606067,601700,600077,3000963,,2025-04-28,32856,13.1,,8713,12,17,g/dL,13.1
606068,601700,600077,3022250,,2025-04-28,32856,211.3,,8645,120,250,U/L,211.3
606069,601701,600077,3000963,,2025-08-23,32856,14,,8713,12,17,g/dL,14.0
606070,601701,600077,3022250,,2025-08-23,32856,371.6,,8645,120,250,U/L,371.6
606071,601702,600077,3000963,,2025-11-20,32856,13.5,,8713,12,17,g/dL,13.5
606072,601702,600077,3022250,,2025-11-20,32856,116.1,,8645,120,250,U/L,116.1
606073,601703,600077,3000963,,2026-02-19,32856,11.2,,8713,12,17,g/dL,11.2
606074,601703,600077,3022250,,2026-02-19,32856,132.3,,8645,120,250,U/L,132.3
606075,601704,600077,3000963,,2026-06-16,32856,13.1,,8713,12,17,g/dL,13.1
606076,601704,600077,3022250,,2026-06-16,32856,146.8,,8645,120,250,U/L,146.8
606077,601705,600078,3000963,,2024-04-13,32856,12.7,,8713,12,17,g/dL,12.7
606078,601705,600078,3010813,,2024-04-13,32856,5.7,,8848,4,10,10^3/uL,5.7
606079,601705,600078,3017732,,2024-04-13,32856,3.9,,8848,1.5,7.5,10^3/uL,3.9
606080,601705,600078,3024929,,2024-04-13,32856,265,,8848,150,400,10^3/uL,265.0
606081,601705,600078,3016723,,2024-04-13,32856,0.99,,8840,0.6,1.2,mg/dL,0.99
606082,601705,600078,3013721,,2024-04-13,32856,49.1,,8645,0,40,U/L,49.1
606083,601705,600078,3006923,,2024-04-13,32856,48.2,,8645,0,40,U/L,48.2
606084,601705,600078,3020491,,2024-04-13,32856,4.47,,8713,3.5,5.2,g/dL,4.47
606085,601705,600078,3024128,,2024-04-13,32856,1.04,,8840,0.2,1.2,mg/dL,1.04
606086,601705,600078,3022250,,2024-04-13,32856,480,,8645,120,250,U/L,480.0
606087,601705,600078,3006315,,2024-04-13,32856,4.9,,8859,0.8,2.2,mg/L,4.9
606088,601705,600078,3036277,,2024-04-13,32856,152.1,,8582,150,185,cm,152.1
606089,601705,600078,3025315,,2024-04-13,32856,79.8,,9529,45,90,kg,79.8
606090,601706,600078,3000963,,2024-05-07,32856,10.4,,8713,12,17,g/dL,10.4
606091,601706,600078,3010813,,2024-05-07,32856,7,,8848,4,10,10^3/uL,7.0
606092,601706,600078,3017732,,2024-05-07,32856,5,,8848,1.5,7.5,10^3/uL,5.0
606093,601706,600078,3024929,,2024-05-07,32856,86.8,,8848,150,400,10^3/uL,86.8
606094,601706,600078,3016723,,2024-05-07,32856,0.95,,8840,0.6,1.2,mg/dL,0.95
606095,601706,600078,3013721,,2024-05-07,32856,52.3,,8645,0,40,U/L,52.3
606096,601706,600078,3006923,,2024-05-07,32856,57.2,,8645,0,40,U/L,57.2
606097,601707,600078,3000963,,2024-05-28,32856,11.8,,8713,12,17,g/dL,11.8
606098,601707,600078,3010813,,2024-05-28,32856,7.4,,8848,4,10,10^3/uL,7.4
606099,601707,600078,3017732,,2024-05-28,32856,0,,8848,1.5,7.5,10^3/uL,0
606100,601707,600078,3024929,,2024-05-28,32856,68,,8848,150,400,10^3/uL,68.0
606101,601707,600078,3016723,,2024-05-28,32856,0.97,,8840,0.6,1.2,mg/dL,0.97
606102,601707,600078,3013721,,2024-05-28,32856,35.9,,8645,0,40,U/L,35.9
606103,601707,600078,3006923,,2024-05-28,32856,40.3,,8645,0,40,U/L,40.3
606104,601708,600078,3000963,,2024-06-18,32856,9.3,,8713,12,17,g/dL,9.3
606105,601708,600078,3010813,,2024-06-18,32856,6.1,,8848,4,10,10^3/uL,6.1
606106,601708,600078,3017732,,2024-06-18,32856,0.8,,8848,1.5,7.5,10^3/uL,0.8
606107,601708,600078,3024929,,2024-06-18,32856,245.7,,8848,150,400,10^3/uL,245.7
606108,601708,600078,3016723,,2024-06-18,32856,0.76,,8840,0.6,1.2,mg/dL,0.76
606109,601708,600078,3013721,,2024-06-18,32856,53.3,,8645,0,40,U/L,53.3
606110,601708,600078,3006923,,2024-06-18,32856,36.3,,8645,0,40,U/L,36.3
606111,601709,600078,3000963,,2024-07-09,32856,9.1,,8713,12,17,g/dL,9.1
606112,601709,600078,3010813,,2024-07-09,32856,5.2,,8848,4,10,10^3/uL,5.2
606113,601709,600078,3017732,,2024-07-09,32856,5.2,,8848,1.5,7.5,10^3/uL,5.2
606114,601709,600078,3024929,,2024-07-09,32856,328.1,,8848,150,400,10^3/uL,328.1
606115,601709,600078,3016723,,2024-07-09,32856,0.64,,8840,0.6,1.2,mg/dL,0.64
606116,601709,600078,3013721,,2024-07-09,32856,50.3,,8645,0,40,U/L,50.3
606117,601709,600078,3006923,,2024-07-09,32856,25.9,,8645,0,40,U/L,25.9
606118,601710,600078,3000963,,2024-07-30,32856,10.3,,8713,12,17,g/dL,10.3
606119,601710,600078,3010813,,2024-07-30,32856,7.1,,8848,4,10,10^3/uL,7.1
606120,601710,600078,3017732,,2024-07-30,32856,2.2,,8848,1.5,7.5,10^3/uL,2.2
606121,601710,600078,3024929,,2024-07-30,32856,273.7,,8848,150,400,10^3/uL,273.7
606122,601710,600078,3016723,,2024-07-30,32856,1.25,,8840,0.6,1.2,mg/dL,1.25
606123,601710,600078,3013721,,2024-07-30,32856,16.7,,8645,0,40,U/L,16.7
606124,601710,600078,3006923,,2024-07-30,32856,21.4,,8645,0,40,U/L,21.4
606125,601711,600078,3000963,,2024-08-20,32856,12.5,,8713,12,17,g/dL,12.5
606126,601711,600078,3010813,,2024-08-20,32856,5.2,,8848,4,10,10^3/uL,5.2
606127,601711,600078,3017732,,2024-08-20,32856,1.3,,8848,1.5,7.5,10^3/uL,1.3
606128,601711,600078,3024929,,2024-08-20,32856,244.3,,8848,150,400,10^3/uL,244.3
606129,601711,600078,3016723,,2024-08-20,32856,0.55,,8840,0.6,1.2,mg/dL,0.55
606130,601711,600078,3013721,,2024-08-20,32856,0,,8645,0,40,U/L,0
606131,601711,600078,3006923,,2024-08-20,32856,81.9,,8645,0,40,U/L,81.9
606132,601716,600078,3000963,,2025-01-15,32856,16.1,,8713,12,17,g/dL,16.1
606133,601716,600078,3022250,,2025-01-15,32856,180.1,,8645,120,250,U/L,180.1
606134,601717,600078,3000963,,2025-07-17,32856,15.9,,8713,12,17,g/dL,15.9
606135,601717,600078,3022250,,2025-07-17,32856,339.8,,8645,120,250,U/L,339.8
606136,601718,600078,3000963,,2025-12-01,32856,14.6,,8713,12,17,g/dL,14.6
606137,601718,600078,3022250,,2025-12-01,32856,160.8,,8645,120,250,U/L,160.8
606138,601719,600078,3000963,,2026-05-06,32856,13.3,,8713,12,17,g/dL,13.3
606139,601719,600078,3022250,,2026-05-06,32856,507.3,,8645,120,250,U/L,507.3
606140,601720,600079,3000963,,2023-12-20,32856,13.5,,8713,12,17,g/dL,13.5
606141,601720,600079,3010813,,2023-12-20,32856,7.1,,8848,4,10,10^3/uL,7.1
606142,601720,600079,3017732,,2023-12-20,32856,3.7,,8848,1.5,7.5,10^3/uL,3.7
606143,601720,600079,3024929,,2023-12-20,32856,358.3,,8848,150,400,10^3/uL,358.3
606144,601720,600079,3016723,,2023-12-20,32856,1.31,,8840,0.6,1.2,mg/dL,1.31
606145,601720,600079,3013721,,2023-12-20,32856,48.3,,8645,0,40,U/L,48.3
606146,601720,600079,3006923,,2023-12-20,32856,26.1,,8645,0,40,U/L,26.1
606147,601720,600079,3020491,,2023-12-20,32856,3.97,,8713,3.5,5.2,g/dL,3.97
606148,601720,600079,3024128,,2023-12-20,32856,1.01,,8840,0.2,1.2,mg/dL,1.01
606149,601720,600079,3022250,,2023-12-20,32856,283.6,,8645,120,250,U/L,283.6
606150,601720,600079,3006315,,2023-12-20,32856,2.8,,8859,0.8,2.2,mg/L,2.8
606151,601720,600079,3036277,,2023-12-20,32856,160.5,,8582,150,185,cm,160.5
606152,601720,600079,3025315,,2023-12-20,32856,39.6,,9529,45,90,kg,39.6
606153,601721,600079,3000963,,2024-01-10,32856,13.3,,8713,12,17,g/dL,13.3
606154,601721,600079,3010813,,2024-01-10,32856,5,,8848,4,10,10^3/uL,5.0
606155,601721,600079,3017732,,2024-01-10,32856,3.3,,8848,1.5,7.5,10^3/uL,3.3
606156,601721,600079,3024929,,2024-01-10,32856,173.4,,8848,150,400,10^3/uL,173.4
606157,601721,600079,3016723,,2024-01-10,32856,0.96,,8840,0.6,1.2,mg/dL,0.96
606158,601721,600079,3013721,,2024-01-10,32856,25.8,,8645,0,40,U/L,25.8
606159,601721,600079,3006923,,2024-01-10,32856,61.5,,8645,0,40,U/L,61.5
606160,601722,600079,3000963,,2024-01-24,32856,12.2,,8713,12,17,g/dL,12.2
606161,601722,600079,3010813,,2024-01-24,32856,10.7,,8848,4,10,10^3/uL,10.7
606162,601722,600079,3017732,,2024-01-24,32856,3.7,,8848,1.5,7.5,10^3/uL,3.7
606163,601722,600079,3024929,,2024-01-24,32856,189.2,,8848,150,400,10^3/uL,189.2
606164,601722,600079,3016723,,2024-01-24,32856,0.8,,8840,0.6,1.2,mg/dL,0.8
606165,601722,600079,3013721,,2024-01-24,32856,46.6,,8645,0,40,U/L,46.6
606166,601722,600079,3006923,,2024-01-24,32856,33.5,,8645,0,40,U/L,33.5
606167,601723,600079,3000963,,2024-02-07,32856,12,,8713,12,17,g/dL,12.0
606168,601723,600079,3010813,,2024-02-07,32856,4.6,,8848,4,10,10^3/uL,4.6
606169,601723,600079,3017732,,2024-02-07,32856,1.2,,8848,1.5,7.5,10^3/uL,1.2
606170,601723,600079,3024929,,2024-02-07,32856,180.2,,8848,150,400,10^3/uL,180.2
606171,601723,600079,3016723,,2024-02-07,32856,0.91,,8840,0.6,1.2,mg/dL,0.91
606172,601723,600079,3013721,,2024-02-07,32856,51.5,,8645,0,40,U/L,51.5
606173,601723,600079,3006923,,2024-02-07,32856,7.7,,8645,0,40,U/L,7.7
606174,601724,600079,3000963,,2024-02-21,32856,12.6,,8713,12,17,g/dL,12.6
606175,601724,600079,3010813,,2024-02-21,32856,6.9,,8848,4,10,10^3/uL,6.9
606176,601724,600079,3017732,,2024-02-21,32856,3.1,,8848,1.5,7.5,10^3/uL,3.1
606177,601724,600079,3024929,,2024-02-21,32856,208.2,,8848,150,400,10^3/uL,208.2
606178,601724,600079,3016723,,2024-02-21,32856,0.78,,8840,0.6,1.2,mg/dL,0.78
606179,601724,600079,3013721,,2024-02-21,32856,45.2,,8645,0,40,U/L,45.2
606180,601724,600079,3006923,,2024-02-21,32856,35.3,,8645,0,40,U/L,35.3
606181,601725,600079,3000963,,2024-03-06,32856,10.2,,8713,12,17,g/dL,10.2
606182,601725,600079,3010813,,2024-03-06,32856,5.4,,8848,4,10,10^3/uL,5.4
606183,601725,600079,3017732,,2024-03-06,32856,1.7,,8848,1.5,7.5,10^3/uL,1.7
606184,601725,600079,3024929,,2024-03-06,32856,257.5,,8848,150,400,10^3/uL,257.5
606185,601725,600079,3016723,,2024-03-06,32856,0.81,,8840,0.6,1.2,mg/dL,0.81
606186,601725,600079,3013721,,2024-03-06,32856,0,,8645,0,40,U/L,0
606187,601725,600079,3006923,,2024-03-06,32856,100,,8645,0,40,U/L,100.0
606188,601726,600079,3000963,,2024-03-20,32856,12.3,,8713,12,17,g/dL,12.3
606189,601726,600079,3010813,,2024-03-20,32856,11,,8848,4,10,10^3/uL,11.0
606190,601726,600079,3017732,,2024-03-20,32856,0,,8848,1.5,7.5,10^3/uL,0
606191,601726,600079,3024929,,2024-03-20,32856,212.2,,8848,150,400,10^3/uL,212.2
606192,601726,600079,3016723,,2024-03-20,32856,1.31,,8840,0.6,1.2,mg/dL,1.31
606193,601726,600079,3013721,,2024-03-20,32856,54.6,,8645,0,40,U/L,54.6
606194,601726,600079,3006923,,2024-03-20,32856,38.8,,8645,0,40,U/L,38.8
606195,601727,600079,3000963,,2024-04-03,32856,12.5,,8713,12,17,g/dL,12.5
606196,601727,600079,3010813,,2024-04-03,32856,6.1,,8848,4,10,10^3/uL,6.1
606197,601727,600079,3017732,,2024-04-03,32856,0.7,,8848,1.5,7.5,10^3/uL,0.7
606198,601727,600079,3024929,,2024-04-03,32856,320,,8848,150,400,10^3/uL,320.0
606199,601727,600079,3016723,,2024-04-03,32856,0.58,,8840,0.6,1.2,mg/dL,0.58
606200,601727,600079,3013721,,2024-04-03,32856,38.9,,8645,0,40,U/L,38.9
606201,601727,600079,3006923,,2024-04-03,32856,41.7,,8645,0,40,U/L,41.7
606202,601728,600079,3000963,,2024-04-17,32856,12.9,,8713,12,17,g/dL,12.9
606203,601728,600079,3010813,,2024-04-17,32856,8.6,,8848,4,10,10^3/uL,8.6
606204,601728,600079,3017732,,2024-04-17,32856,0.1,,8848,1.5,7.5,10^3/uL,0.1
606205,601728,600079,3024929,,2024-04-17,32856,187.3,,8848,150,400,10^3/uL,187.3
606206,601728,600079,3016723,,2024-04-17,32856,0.88,,8840,0.6,1.2,mg/dL,0.88
606207,601728,600079,3013721,,2024-04-17,32856,32.9,,8645,0,40,U/L,32.9
606208,601728,600079,3006923,,2024-04-17,32856,73,,8645,0,40,U/L,73.0
606209,601729,600079,3000963,,2024-05-01,32856,10.6,,8713,12,17,g/dL,10.6
606210,601729,600079,3010813,,2024-05-01,32856,8.5,,8848,4,10,10^3/uL,8.5
606211,601729,600079,3017732,,2024-05-01,32856,0.8,,8848,1.5,7.5,10^3/uL,0.8
606212,601729,600079,3024929,,2024-05-01,32856,243.2,,8848,150,400,10^3/uL,243.2
606213,601729,600079,3016723,,2024-05-01,32856,0.33,,8840,0.6,1.2,mg/dL,0.33
606214,601729,600079,3013721,,2024-05-01,32856,38.8,,8645,0,40,U/L,38.8
606215,601729,600079,3006923,,2024-05-01,32856,61.3,,8645,0,40,U/L,61.3
606216,601730,600079,3000963,,2024-05-15,32856,11.5,,8713,12,17,g/dL,11.5
606217,601730,600079,3010813,,2024-05-15,32856,6.7,,8848,4,10,10^3/uL,6.7
606218,601730,600079,3017732,,2024-05-15,32856,3.3,,8848,1.5,7.5,10^3/uL,3.3
606219,601730,600079,3024929,,2024-05-15,32856,210.6,,8848,150,400,10^3/uL,210.6
606220,601730,600079,3016723,,2024-05-15,32856,0.85,,8840,0.6,1.2,mg/dL,0.85
606221,601730,600079,3013721,,2024-05-15,32856,32.1,,8645,0,40,U/L,32.1
606222,601730,600079,3006923,,2024-05-15,32856,24.6,,8645,0,40,U/L,24.6
606223,601731,600079,3000963,,2024-05-29,32856,12.8,,8713,12,17,g/dL,12.8
606224,601731,600079,3010813,,2024-05-29,32856,4.9,,8848,4,10,10^3/uL,4.9
606225,601731,600079,3017732,,2024-05-29,32856,3.1,,8848,1.5,7.5,10^3/uL,3.1
606226,601731,600079,3024929,,2024-05-29,32856,216.5,,8848,150,400,10^3/uL,216.5
606227,601731,600079,3016723,,2024-05-29,32856,0.84,,8840,0.6,1.2,mg/dL,0.84
606228,601731,600079,3013721,,2024-05-29,32856,72.4,,8645,0,40,U/L,72.4
606229,601731,600079,3006923,,2024-05-29,32856,56.2,,8645,0,40,U/L,56.2
606230,601732,600079,3000963,,2024-06-12,32856,8.8,,8713,12,17,g/dL,8.8
606231,601732,600079,3010813,,2024-06-12,32856,5.8,,8848,4,10,10^3/uL,5.8
606232,601732,600079,3017732,,2024-06-12,32856,1.8,,8848,1.5,7.5,10^3/uL,1.8
606233,601732,600079,3024929,,2024-06-12,32856,223,,8848,150,400,10^3/uL,223.0
606234,601732,600079,3016723,,2024-06-12,32856,1.04,,8840,0.6,1.2,mg/dL,1.04
606235,601732,600079,3013721,,2024-06-12,32856,34.5,,8645,0,40,U/L,34.5
606236,601732,600079,3006923,,2024-06-12,32856,13.8,,8645,0,40,U/L,13.8
606237,601740,600079,3000963,,2024-10-01,32856,9.1,,8713,12,17,g/dL,9.1
606238,601740,600079,3022250,,2024-10-01,32856,542.1,,8645,120,250,U/L,542.1
606239,601741,600079,3000963,,2025-02-14,32856,15,,8713,12,17,g/dL,15.0
606240,601741,600079,3022250,,2025-02-14,32856,305.8,,8645,120,250,U/L,305.8
606241,601742,600079,3000963,,2025-07-16,32856,13.6,,8713,12,17,g/dL,13.6
606242,601742,600079,3022250,,2025-07-16,32856,150.8,,8645,120,250,U/L,150.8
606243,601743,600079,3000963,,2025-11-16,32856,12.4,,8713,12,17,g/dL,12.4
606244,601743,600079,3022250,,2025-11-16,32856,303.4,,8645,120,250,U/L,303.4
606245,601744,600079,3000963,,2026-05-14,32856,13.1,,8713,12,17,g/dL,13.1
606246,601744,600079,3022250,,2026-05-14,32856,112,,8645,120,250,U/L,112.0
606247,601745,600080,3000963,,2022-04-23,32856,11,,8713,12,17,g/dL,11.0
606248,601745,600080,3010813,,2022-04-23,32856,4.3,,8848,4,10,10^3/uL,4.3
606249,601745,600080,3017732,,2022-04-23,32856,3.7,,8848,1.5,7.5,10^3/uL,3.7
606250,601745,600080,3024929,,2022-04-23,32856,251.7,,8848,150,400,10^3/uL,251.7
606251,601745,600080,3016723,,2022-04-23,32856,0.67,,8840,0.6,1.2,mg/dL,0.67
606252,601745,600080,3013721,,2022-04-23,32856,19,,8645,0,40,U/L,19.0
606253,601745,600080,3006923,,2022-04-23,32856,121.6,,8645,0,40,U/L,121.6
606254,601745,600080,3020491,,2022-04-23,32856,4.17,,8713,3.5,5.2,g/dL,4.17
606255,601745,600080,3024128,,2022-04-23,32856,0.99,,8840,0.2,1.2,mg/dL,0.99
606256,601745,600080,3022250,,2022-04-23,32856,482.4,,8645,120,250,U/L,482.4
606257,601745,600080,3006315,,2022-04-23,32856,2.9,,8859,0.8,2.2,mg/L,2.9
606258,601745,600080,3036277,,2022-04-23,32856,149.7,,8582,150,185,cm,149.7
606259,601745,600080,3025315,,2022-04-23,32856,57.3,,9529,45,90,kg,57.3
606260,601746,600080,3000963,,2022-05-13,32856,14.2,,8713,12,17,g/dL,14.2
606261,601746,600080,3010813,,2022-05-13,32856,10.5,,8848,4,10,10^3/uL,10.5
606262,601746,600080,3017732,,2022-05-13,32856,5.7,,8848,1.5,7.5,10^3/uL,5.7
606263,601746,600080,3024929,,2022-05-13,32856,153.4,,8848,150,400,10^3/uL,153.4
606264,601746,600080,3016723,,2022-05-13,32856,0.84,,8840,0.6,1.2,mg/dL,0.84
606265,601746,600080,3013721,,2022-05-13,32856,54.7,,8645,0,40,U/L,54.7
606266,601746,600080,3006923,,2022-05-13,32856,29.3,,8645,0,40,U/L,29.3
606267,601747,600080,3000963,,2022-06-03,32856,10.7,,8713,12,17,g/dL,10.7
606268,601747,600080,3010813,,2022-06-03,32856,9.1,,8848,4,10,10^3/uL,9.1
606269,601747,600080,3017732,,2022-06-03,32856,1,,8848,1.5,7.5,10^3/uL,1.0
606270,601747,600080,3024929,,2022-06-03,32856,173.8,,8848,150,400,10^3/uL,173.8
606271,601747,600080,3016723,,2022-06-03,32856,0.52,,8840,0.6,1.2,mg/dL,0.52
606272,601747,600080,3013721,,2022-06-03,32856,29,,8645,0,40,U/L,29.0
606273,601747,600080,3006923,,2022-06-03,32856,69.4,,8645,0,40,U/L,69.4
606274,601748,600080,3000963,,2022-06-24,32856,10.3,,8713,12,17,g/dL,10.3
606275,601748,600080,3010813,,2022-06-24,32856,5.9,,8848,4,10,10^3/uL,5.9
606276,601748,600080,3017732,,2022-06-24,32856,5.4,,8848,1.5,7.5,10^3/uL,5.4
606277,601748,600080,3024929,,2022-06-24,32856,286.1,,8848,150,400,10^3/uL,286.1
606278,601748,600080,3016723,,2022-06-24,32856,0.81,,8840,0.6,1.2,mg/dL,0.81
606279,601748,600080,3013721,,2022-06-24,32856,10.4,,8645,0,40,U/L,10.4
606280,601748,600080,3006923,,2022-06-24,32856,45.8,,8645,0,40,U/L,45.8
606281,601749,600080,3000963,,2022-07-15,32856,10.3,,8713,12,17,g/dL,10.3
606282,601749,600080,3010813,,2022-07-15,32856,4,,8848,4,10,10^3/uL,4.0
606283,601749,600080,3017732,,2022-07-15,32856,4.4,,8848,1.5,7.5,10^3/uL,4.4
606284,601749,600080,3024929,,2022-07-15,32856,269.3,,8848,150,400,10^3/uL,269.3
606285,601749,600080,3016723,,2022-07-15,32856,1.42,,8840,0.6,1.2,mg/dL,1.42
606286,601749,600080,3013721,,2022-07-15,32856,29.9,,8645,0,40,U/L,29.9
606287,601749,600080,3006923,,2022-07-15,32856,27.5,,8645,0,40,U/L,27.5
606288,601750,600080,3000963,,2022-08-05,32856,10.8,,8713,12,17,g/dL,10.8
606289,601750,600080,3010813,,2022-08-05,32856,4.2,,8848,4,10,10^3/uL,4.2
606290,601750,600080,3017732,,2022-08-05,32856,0.8,,8848,1.5,7.5,10^3/uL,0.8
606291,601750,600080,3024929,,2022-08-05,32856,159.9,,8848,150,400,10^3/uL,159.9
606292,601750,600080,3016723,,2022-08-05,32856,1.05,,8840,0.6,1.2,mg/dL,1.05
606293,601750,600080,3013721,,2022-08-05,32856,28.4,,8645,0,40,U/L,28.4
606294,601750,600080,3006923,,2022-08-05,32856,0,,8645,0,40,U/L,0
606295,601751,600080,3000963,,2022-08-26,32856,8.7,,8713,12,17,g/dL,8.7
606296,601751,600080,3010813,,2022-08-26,32856,2.3,,8848,4,10,10^3/uL,2.3
606297,601751,600080,3017732,,2022-08-26,32856,2.8,,8848,1.5,7.5,10^3/uL,2.8
606298,601751,600080,3024929,,2022-08-26,32856,179.2,,8848,150,400,10^3/uL,179.2
606299,601751,600080,3016723,,2022-08-26,32856,0.8,,8840,0.6,1.2,mg/dL,0.8
606300,601751,600080,3013721,,2022-08-26,32856,16.4,,8645,0,40,U/L,16.4
606301,601751,600080,3006923,,2022-08-26,32856,18.6,,8645,0,40,U/L,18.6
606302,601757,600080,3000963,,2022-12-29,32856,10.4,,8713,12,17,g/dL,10.4
606303,601757,600080,3022250,,2022-12-29,32856,65.2,,8645,120,250,U/L,65.2
606304,601758,600080,3000963,,2023-04-03,32856,13.6,,8713,12,17,g/dL,13.6
606305,601758,600080,3022250,,2023-04-03,32856,307.9,,8645,120,250,U/L,307.9
606306,601759,600080,3000963,,2023-09-18,32856,11.8,,8713,12,17,g/dL,11.8
606307,601759,600080,3022250,,2023-09-18,32856,237.9,,8645,120,250,U/L,237.9
606308,601760,600080,3000963,,2024-01-19,32856,12.7,,8713,12,17,g/dL,12.7
606309,601760,600080,3022250,,2024-01-19,32856,355.4,,8645,120,250,U/L,355.4
606310,601761,600080,3000963,,2024-06-16,32856,10.7,,8713,12,17,g/dL,10.7
606311,601761,600080,3022250,,2024-06-16,32856,317.3,,8645,120,250,U/L,317.3
606312,601762,600080,3000963,,2024-09-11,32856,11,,8713,12,17,g/dL,11.0
606313,601762,600080,3022250,,2024-09-11,32856,181.2,,8645,120,250,U/L,181.2
606314,601763,600080,3000963,,2024-12-21,32856,12.3,,8713,12,17,g/dL,12.3
606315,601763,600080,3022250,,2024-12-21,32856,301.5,,8645,120,250,U/L,301.5
606316,601764,600080,3000963,,2025-04-17,32856,11.9,,8713,12,17,g/dL,11.9
606317,601764,600080,3022250,,2025-04-17,32856,210,,8645,120,250,U/L,210.0
606318,601765,600080,3000963,,2025-08-28,32856,14.2,,8713,12,17,g/dL,14.2
606319,601765,600080,3022250,,2025-08-28,32856,166.7,,8645,120,250,U/L,166.7
606320,601766,600080,3000963,,2025-12-16,32856,11.2,,8713,12,17,g/dL,11.2
606321,601766,600080,3022250,,2025-12-16,32856,323.1,,8645,120,250,U/L,323.1
606322,601767,600080,3000963,,2026-05-19,32856,13.1,,8713,12,17,g/dL,13.1
606323,601767,600080,3022250,,2026-05-19,32856,249,,8645,120,250,U/L,249.0
606324,601768,600081,3000963,,2023-01-17,32856,14.1,,8713,12,17,g/dL,14.1
606325,601768,600081,3010813,,2023-01-17,32856,9.5,,8848,4,10,10^3/uL,9.5
606326,601768,600081,3017732,,2023-01-17,32856,1.7,,8848,1.5,7.5,10^3/uL,1.7
606327,601768,600081,3024929,,2023-01-17,32856,176.6,,8848,150,400,10^3/uL,176.6
606328,601768,600081,3016723,,2023-01-17,32856,1.27,,8840,0.6,1.2,mg/dL,1.27
606329,601768,600081,3013721,,2023-01-17,32856,38.8,,8645,0,40,U/L,38.8
606330,601768,600081,3006923,,2023-01-17,32856,45.6,,8645,0,40,U/L,45.6
606331,601768,600081,3020491,,2023-01-17,32856,3.87,,8713,3.5,5.2,g/dL,3.87
606332,601768,600081,3024128,,2023-01-17,32856,0.83,,8840,0.2,1.2,mg/dL,0.83
606333,601768,600081,3022250,,2023-01-17,32856,484.8,,8645,120,250,U/L,484.8
606334,601768,600081,3006315,,2023-01-17,32856,2.3,,8859,0.8,2.2,mg/L,2.3
606335,601768,600081,3036277,,2023-01-17,32856,160.6,,8582,150,185,cm,160.6
606336,601768,600081,3025315,,2023-01-17,32856,50.1,,9529,45,90,kg,50.1
606337,601769,600081,3000963,,2023-02-08,32856,12.6,,8713,12,17,g/dL,12.6
606338,601769,600081,3010813,,2023-02-08,32856,3.9,,8848,4,10,10^3/uL,3.9
606339,601769,600081,3017732,,2023-02-08,32856,5.3,,8848,1.5,7.5,10^3/uL,5.3
606340,601769,600081,3024929,,2023-02-08,32856,158.8,,8848,150,400,10^3/uL,158.8
606341,601769,600081,3016723,,2023-02-08,32856,0.31,,8840,0.6,1.2,mg/dL,0.31
606342,601769,600081,3013721,,2023-02-08,32856,68.7,,8645,0,40,U/L,68.7
606343,601769,600081,3006923,,2023-02-08,32856,17.6,,8645,0,40,U/L,17.6
606344,601770,600081,3000963,,2023-03-01,32856,12.2,,8713,12,17,g/dL,12.2
606345,601770,600081,3010813,,2023-03-01,32856,7.7,,8848,4,10,10^3/uL,7.7
606346,601770,600081,3017732,,2023-03-01,32856,0,,8848,1.5,7.5,10^3/uL,0
606347,601770,600081,3024929,,2023-03-01,32856,138.1,,8848,150,400,10^3/uL,138.1
606348,601770,600081,3016723,,2023-03-01,32856,0.76,,8840,0.6,1.2,mg/dL,0.76
606349,601770,600081,3013721,,2023-03-01,32856,30.8,,8645,0,40,U/L,30.8
606350,601770,600081,3006923,,2023-03-01,32856,27.4,,8645,0,40,U/L,27.4
606351,601771,600081,3000963,,2023-03-22,32856,12.5,,8713,12,17,g/dL,12.5
606352,601771,600081,3010813,,2023-03-22,32856,10.7,,8848,4,10,10^3/uL,10.7
606353,601771,600081,3017732,,2023-03-22,32856,0.9,,8848,1.5,7.5,10^3/uL,0.9
606354,601771,600081,3024929,,2023-03-22,32856,212.5,,8848,150,400,10^3/uL,212.5
606355,601771,600081,3016723,,2023-03-22,32856,1.61,,8840,0.6,1.2,mg/dL,1.61
606356,601771,600081,3013721,,2023-03-22,32856,14.5,,8645,0,40,U/L,14.5
606357,601771,600081,3006923,,2023-03-22,32856,11.1,,8645,0,40,U/L,11.1
606358,601772,600081,3000963,,2023-04-12,32856,13.6,,8713,12,17,g/dL,13.6
606359,601772,600081,3010813,,2023-04-12,32856,7.3,,8848,4,10,10^3/uL,7.3
606360,601772,600081,3017732,,2023-04-12,32856,2.8,,8848,1.5,7.5,10^3/uL,2.8
606361,601772,600081,3024929,,2023-04-12,32856,214.1,,8848,150,400,10^3/uL,214.1
606362,601772,600081,3016723,,2023-04-12,32856,0.72,,8840,0.6,1.2,mg/dL,0.72
606363,601772,600081,3013721,,2023-04-12,32856,35.2,,8645,0,40,U/L,35.2
606364,601772,600081,3006923,,2023-04-12,32856,21.6,,8645,0,40,U/L,21.6
606365,601773,600081,3000963,,2023-05-03,32856,12.2,,8713,12,17,g/dL,12.2
606366,601773,600081,3010813,,2023-05-03,32856,4.7,,8848,4,10,10^3/uL,4.7
606367,601773,600081,3017732,,2023-05-03,32856,5.5,,8848,1.5,7.5,10^3/uL,5.5
606368,601773,600081,3024929,,2023-05-03,32856,302.7,,8848,150,400,10^3/uL,302.7
606369,601773,600081,3016723,,2023-05-03,32856,0.87,,8840,0.6,1.2,mg/dL,0.87
606370,601773,600081,3013721,,2023-05-03,32856,36.3,,8645,0,40,U/L,36.3
606371,601773,600081,3006923,,2023-05-03,32856,83.2,,8645,0,40,U/L,83.2
606372,601774,600081,3000963,,2023-05-24,32856,10.4,,8713,12,17,g/dL,10.4
606373,601774,600081,3010813,,2023-05-24,32856,8.5,,8848,4,10,10^3/uL,8.5
606374,601774,600081,3017732,,2023-05-24,32856,5.2,,8848,1.5,7.5,10^3/uL,5.2
606375,601774,600081,3024929,,2023-05-24,32856,171.3,,8848,150,400,10^3/uL,171.3
606376,601774,600081,3016723,,2023-05-24,32856,0.99,,8840,0.6,1.2,mg/dL,0.99
606377,601774,600081,3013721,,2023-05-24,32856,72.7,,8645,0,40,U/L,72.7
606378,601774,600081,3006923,,2023-05-24,32856,98.9,,8645,0,40,U/L,98.9
606379,601781,600081,3000963,,2023-10-20,32856,12.8,,8713,12,17,g/dL,12.8
606380,601781,600081,3022250,,2023-10-20,32856,20,,8645,120,250,U/L,20
606381,601782,600081,3000963,,2024-03-02,32856,12.6,,8713,12,17,g/dL,12.6
606382,601782,600081,3022250,,2024-03-02,32856,20,,8645,120,250,U/L,20
606383,601783,600081,3000963,,2024-06-12,32856,13.2,,8713,12,17,g/dL,13.2
606384,601783,600081,3022250,,2024-06-12,32856,425.2,,8645,120,250,U/L,425.2
606385,601784,600081,3000963,,2024-11-02,32856,12.7,,8713,12,17,g/dL,12.7
606386,601784,600081,3022250,,2024-11-02,32856,392,,8645,120,250,U/L,392.0
606387,601785,600081,3000963,,2025-04-14,32856,13.2,,8713,12,17,g/dL,13.2
606388,601785,600081,3022250,,2025-04-14,32856,656.2,,8645,120,250,U/L,656.2
606389,601786,600081,3000963,,2025-08-29,32856,13.5,,8713,12,17,g/dL,13.5
606390,601786,600081,3022250,,2025-08-29,32856,362.3,,8645,120,250,U/L,362.3
606391,601787,600081,3000963,,2026-02-28,32856,11.4,,8713,12,17,g/dL,11.4
606392,601787,600081,3022250,,2026-02-28,32856,131.4,,8645,120,250,U/L,131.4
606393,601788,600081,3000963,,2026-07-18,32856,10.6,,8713,12,17,g/dL,10.6
606394,601788,600081,3022250,,2026-07-18,32856,335.9,,8645,120,250,U/L,335.9
606395,601789,600082,3000963,,2024-10-19,32856,11.7,,8713,12,17,g/dL,11.7
606396,601789,600082,3010813,,2024-10-19,32856,5.7,,8848,4,10,10^3/uL,5.7
606397,601789,600082,3017732,,2024-10-19,32856,2.2,,8848,1.5,7.5,10^3/uL,2.2
606398,601789,600082,3024929,,2024-10-19,32856,135.9,,8848,150,400,10^3/uL,135.9
606399,601789,600082,3016723,,2024-10-19,32856,0.84,,8840,0.6,1.2,mg/dL,0.84
606400,601789,600082,3013721,,2024-10-19,32856,6.3,,8645,0,40,U/L,6.3
606401,601789,600082,3006923,,2024-10-19,32856,17.5,,8645,0,40,U/L,17.5
606402,601789,600082,3020491,,2024-10-19,32856,3.79,,8713,3.5,5.2,g/dL,3.79
606403,601789,600082,3024128,,2024-10-19,32856,0.92,,8840,0.2,1.2,mg/dL,0.92
606404,601789,600082,3022250,,2024-10-19,32856,529,,8645,120,250,U/L,529.0
606405,601789,600082,3006315,,2024-10-19,32856,2.3,,8859,0.8,2.2,mg/L,2.3
606406,601789,600082,3036277,,2024-10-19,32856,175.6,,8582,150,185,cm,175.6
606407,601789,600082,3025315,,2024-10-19,32856,50.3,,9529,45,90,kg,50.3
606408,601790,600082,3000963,,2024-11-10,32856,10.2,,8713,12,17,g/dL,10.2
606409,601790,600082,3010813,,2024-11-10,32856,3.8,,8848,4,10,10^3/uL,3.8
606410,601790,600082,3017732,,2024-11-10,32856,3.3,,8848,1.5,7.5,10^3/uL,3.3
606411,601790,600082,3024929,,2024-11-10,32856,194,,8848,150,400,10^3/uL,194.0
606412,601790,600082,3016723,,2024-11-10,32856,1.1,,8840,0.6,1.2,mg/dL,1.1
606413,601790,600082,3013721,,2024-11-10,32856,52.7,,8645,0,40,U/L,52.7
606414,601790,600082,3006923,,2024-11-10,32856,56,,8645,0,40,U/L,56.0
606415,601791,600082,3000963,,2024-12-01,32856,12.7,,8713,12,17,g/dL,12.7
606416,601791,600082,3010813,,2024-12-01,32856,6,,8848,4,10,10^3/uL,6.0
606417,601791,600082,3017732,,2024-12-01,32856,2.9,,8848,1.5,7.5,10^3/uL,2.9
606418,601791,600082,3024929,,2024-12-01,32856,299.2,,8848,150,400,10^3/uL,299.2
606419,601791,600082,3016723,,2024-12-01,32856,0.75,,8840,0.6,1.2,mg/dL,0.75
606420,601791,600082,3013721,,2024-12-01,32856,35.9,,8645,0,40,U/L,35.9
606421,601791,600082,3006923,,2024-12-01,32856,70.3,,8645,0,40,U/L,70.3
606422,601792,600082,3000963,,2024-12-22,32856,12.9,,8713,12,17,g/dL,12.9
606423,601792,600082,3010813,,2024-12-22,32856,6.1,,8848,4,10,10^3/uL,6.1
606424,601792,600082,3017732,,2024-12-22,32856,1,,8848,1.5,7.5,10^3/uL,1.0
606425,601792,600082,3024929,,2024-12-22,32856,180.5,,8848,150,400,10^3/uL,180.5
606426,601792,600082,3016723,,2024-12-22,32856,1.22,,8840,0.6,1.2,mg/dL,1.22
606427,601792,600082,3013721,,2024-12-22,32856,31.4,,8645,0,40,U/L,31.4
606428,601792,600082,3006923,,2024-12-22,32856,52.1,,8645,0,40,U/L,52.1
606429,601793,600082,3000963,,2025-01-12,32856,13.4,,8713,12,17,g/dL,13.4
606430,601793,600082,3010813,,2025-01-12,32856,8,,8848,4,10,10^3/uL,8.0
606431,601793,600082,3017732,,2025-01-12,32856,3.8,,8848,1.5,7.5,10^3/uL,3.8
606432,601793,600082,3024929,,2025-01-12,32856,297.8,,8848,150,400,10^3/uL,297.8
606433,601793,600082,3016723,,2025-01-12,32856,0.96,,8840,0.6,1.2,mg/dL,0.96
606434,601793,600082,3013721,,2025-01-12,32856,33.9,,8645,0,40,U/L,33.9
606435,601793,600082,3006923,,2025-01-12,32856,65.8,,8645,0,40,U/L,65.8
606436,601794,600082,3000963,,2025-02-02,32856,10.1,,8713,12,17,g/dL,10.1
606437,601794,600082,3010813,,2025-02-02,32856,3.3,,8848,4,10,10^3/uL,3.3
606438,601794,600082,3017732,,2025-02-02,32856,2.6,,8848,1.5,7.5,10^3/uL,2.6
606439,601794,600082,3024929,,2025-02-02,32856,111.5,,8848,150,400,10^3/uL,111.5
606440,601794,600082,3016723,,2025-02-02,32856,0.79,,8840,0.6,1.2,mg/dL,0.79
606441,601794,600082,3013721,,2025-02-02,32856,47.1,,8645,0,40,U/L,47.1
606442,601794,600082,3006923,,2025-02-02,32856,12.6,,8645,0,40,U/L,12.6
606443,601795,600082,3000963,,2025-02-23,32856,13,,8713,12,17,g/dL,13.0
606444,601795,600082,3010813,,2025-02-23,32856,8.8,,8848,4,10,10^3/uL,8.8
606445,601795,600082,3017732,,2025-02-23,32856,4,,8848,1.5,7.5,10^3/uL,4.0
606446,601795,600082,3024929,,2025-02-23,32856,164.2,,8848,150,400,10^3/uL,164.2
606447,601795,600082,3016723,,2025-02-23,32856,0.3,,8840,0.6,1.2,mg/dL,0.3
606448,601795,600082,3013721,,2025-02-23,32856,24.9,,8645,0,40,U/L,24.9
606449,601795,600082,3006923,,2025-02-23,32856,59.8,,8645,0,40,U/L,59.8
606450,601802,600082,3000963,,2025-07-02,32856,11.4,,8713,12,17,g/dL,11.4
606451,601802,600082,3022250,,2025-07-02,32856,79.5,,8645,120,250,U/L,79.5
606452,601803,600082,3000963,,2025-10-29,32856,11.4,,8713,12,17,g/dL,11.4
606453,601803,600082,3022250,,2025-10-29,32856,282.6,,8645,120,250,U/L,282.6
606454,601804,600082,3000963,,2026-01-30,32856,14.6,,8713,12,17,g/dL,14.6
606455,601804,600082,3022250,,2026-01-30,32856,383.1,,8645,120,250,U/L,383.1
606456,601805,600082,3000963,,2026-06-18,32856,11,,8713,12,17,g/dL,11.0
606457,601805,600082,3022250,,2026-06-18,32856,268.3,,8645,120,250,U/L,268.3
606458,601806,600083,3000963,,2023-06-08,32856,16.2,,8713,12,17,g/dL,16.2
606459,601806,600083,3010813,,2023-06-08,32856,8.1,,8848,4,10,10^3/uL,8.1
606460,601806,600083,3017732,,2023-06-08,32856,5.2,,8848,1.5,7.5,10^3/uL,5.2
606461,601806,600083,3024929,,2023-06-08,32856,203,,8848,150,400,10^3/uL,203.0
606462,601806,600083,3016723,,2023-06-08,32856,0.56,,8840,0.6,1.2,mg/dL,0.56
606463,601806,600083,3013721,,2023-06-08,32856,68.3,,8645,0,40,U/L,68.3
606464,601806,600083,3006923,,2023-06-08,32856,13.9,,8645,0,40,U/L,13.9
606465,601806,600083,3020491,,2023-06-08,32856,4.73,,8713,3.5,5.2,g/dL,4.73
606466,601806,600083,3024128,,2023-06-08,32856,1.32,,8840,0.2,1.2,mg/dL,1.32
606467,601806,600083,3022250,,2023-06-08,32856,234.3,,8645,120,250,U/L,234.3
606468,601806,600083,3006315,,2023-06-08,32856,2.8,,8859,0.8,2.2,mg/L,2.8
606469,601806,600083,3036277,,2023-06-08,32856,166.2,,8582,150,185,cm,166.2
606470,601806,600083,3025315,,2023-06-08,32856,70.8,,9529,45,90,kg,70.8
606471,601807,600083,3000963,,2023-06-29,32856,13.1,,8713,12,17,g/dL,13.1
606472,601807,600083,3010813,,2023-06-29,32856,5,,8848,4,10,10^3/uL,5.0
606473,601807,600083,3017732,,2023-06-29,32856,5.5,,8848,1.5,7.5,10^3/uL,5.5
606474,601807,600083,3024929,,2023-06-29,32856,196.5,,8848,150,400,10^3/uL,196.5
606475,601807,600083,3016723,,2023-06-29,32856,0.95,,8840,0.6,1.2,mg/dL,0.95
606476,601807,600083,3013721,,2023-06-29,32856,25.8,,8645,0,40,U/L,25.8
606477,601807,600083,3006923,,2023-06-29,32856,38.5,,8645,0,40,U/L,38.5
606478,601808,600083,3000963,,2023-07-20,32856,11.9,,8713,12,17,g/dL,11.9
606479,601808,600083,3010813,,2023-07-20,32856,4.4,,8848,4,10,10^3/uL,4.4
606480,601808,600083,3017732,,2023-07-20,32856,2.3,,8848,1.5,7.5,10^3/uL,2.3
606481,601808,600083,3024929,,2023-07-20,32856,280.2,,8848,150,400,10^3/uL,280.2
606482,601808,600083,3016723,,2023-07-20,32856,0.93,,8840,0.6,1.2,mg/dL,0.93
606483,601808,600083,3013721,,2023-07-20,32856,60.9,,8645,0,40,U/L,60.9
606484,601808,600083,3006923,,2023-07-20,32856,19.6,,8645,0,40,U/L,19.6
606485,601809,600083,3000963,,2023-08-10,32856,12.5,,8713,12,17,g/dL,12.5
606486,601809,600083,3010813,,2023-08-10,32856,5.6,,8848,4,10,10^3/uL,5.6
606487,601809,600083,3017732,,2023-08-10,32856,0,,8848,1.5,7.5,10^3/uL,0
606488,601809,600083,3024929,,2023-08-10,32856,221,,8848,150,400,10^3/uL,221.0
606489,601809,600083,3016723,,2023-08-10,32856,1.32,,8840,0.6,1.2,mg/dL,1.32
606490,601809,600083,3013721,,2023-08-10,32856,26.5,,8645,0,40,U/L,26.5
606491,601809,600083,3006923,,2023-08-10,32856,38.9,,8645,0,40,U/L,38.9
606492,601810,600083,3000963,,2023-08-31,32856,9.6,,8713,12,17,g/dL,9.6
606493,601810,600083,3010813,,2023-08-31,32856,10.5,,8848,4,10,10^3/uL,10.5
606494,601810,600083,3017732,,2023-08-31,32856,2.6,,8848,1.5,7.5,10^3/uL,2.6
606495,601810,600083,3024929,,2023-08-31,32856,298.2,,8848,150,400,10^3/uL,298.2
606496,601810,600083,3016723,,2023-08-31,32856,0.82,,8840,0.6,1.2,mg/dL,0.82
606497,601810,600083,3013721,,2023-08-31,32856,44.3,,8645,0,40,U/L,44.3
606498,601810,600083,3006923,,2023-08-31,32856,53.3,,8645,0,40,U/L,53.3
606499,601811,600083,3000963,,2023-09-21,32856,11.5,,8713,12,17,g/dL,11.5
606500,601811,600083,3010813,,2023-09-21,32856,10.4,,8848,4,10,10^3/uL,10.4
606501,601811,600083,3017732,,2023-09-21,32856,2,,8848,1.5,7.5,10^3/uL,2.0
606502,601811,600083,3024929,,2023-09-21,32856,204.8,,8848,150,400,10^3/uL,204.8
606503,601811,600083,3016723,,2023-09-21,32856,1.11,,8840,0.6,1.2,mg/dL,1.11
606504,601811,600083,3013721,,2023-09-21,32856,11.4,,8645,0,40,U/L,11.4
606505,601811,600083,3006923,,2023-09-21,32856,77.5,,8645,0,40,U/L,77.5
606506,601812,600083,3000963,,2023-10-12,32856,12.4,,8713,12,17,g/dL,12.4
606507,601812,600083,3010813,,2023-10-12,32856,6.5,,8848,4,10,10^3/uL,6.5
606508,601812,600083,3017732,,2023-10-12,32856,5.1,,8848,1.5,7.5,10^3/uL,5.1
606509,601812,600083,3024929,,2023-10-12,32856,181.7,,8848,150,400,10^3/uL,181.7
606510,601812,600083,3016723,,2023-10-12,32856,1.05,,8840,0.6,1.2,mg/dL,1.05
606511,601812,600083,3013721,,2023-10-12,32856,30.7,,8645,0,40,U/L,30.7
606512,601812,600083,3006923,,2023-10-12,32856,32.9,,8645,0,40,U/L,32.9
606513,601816,600083,3000963,,2023-12-22,32856,9.5,,8713,12,17,g/dL,9.5
606514,601816,600083,3010813,,2023-12-22,32856,8.5,,8848,4,10,10^3/uL,8.5
606515,601816,600083,3017732,,2023-12-22,32856,3.9,,8848,1.5,7.5,10^3/uL,3.9
606516,601816,600083,3024929,,2023-12-22,32856,186.5,,8848,150,400,10^3/uL,186.5
606517,601816,600083,3016723,,2023-12-22,32856,0.73,,8840,0.6,1.2,mg/dL,0.73
606518,601816,600083,3013721,,2023-12-22,32856,61,,8645,0,40,U/L,61.0
606519,601816,600083,3006923,,2023-12-22,32856,66.7,,8645,0,40,U/L,66.7
606520,601817,600083,3000963,,2024-02-16,32856,9.7,,8713,12,17,g/dL,9.7
606521,601817,600083,3010813,,2024-02-16,32856,7.5,,8848,4,10,10^3/uL,7.5
606522,601817,600083,3017732,,2024-02-16,32856,3.2,,8848,1.5,7.5,10^3/uL,3.2
606523,601817,600083,3024929,,2024-02-16,32856,198.9,,8848,150,400,10^3/uL,198.9
606524,601817,600083,3016723,,2024-02-16,32856,0.95,,8840,0.6,1.2,mg/dL,0.95
606525,601817,600083,3013721,,2024-02-16,32856,42.9,,8645,0,40,U/L,42.9
606526,601817,600083,3006923,,2024-02-16,32856,45.8,,8645,0,40,U/L,45.8
606527,601818,600083,3000963,,2024-04-12,32856,11.9,,8713,12,17,g/dL,11.9
606528,601818,600083,3010813,,2024-04-12,32856,5.1,,8848,4,10,10^3/uL,5.1
606529,601818,600083,3017732,,2024-04-12,32856,1.8,,8848,1.5,7.5,10^3/uL,1.8
606530,601818,600083,3024929,,2024-04-12,32856,180.7,,8848,150,400,10^3/uL,180.7
606531,601818,600083,3016723,,2024-04-12,32856,1.07,,8840,0.6,1.2,mg/dL,1.07
606532,601818,600083,3013721,,2024-04-12,32856,60.1,,8645,0,40,U/L,60.1
606533,601818,600083,3006923,,2024-04-12,32856,40.2,,8645,0,40,U/L,40.2
606534,601819,600083,3000963,,2024-06-07,32856,14.9,,8713,12,17,g/dL,14.9
606535,601819,600083,3010813,,2024-06-07,32856,6.6,,8848,4,10,10^3/uL,6.6
606536,601819,600083,3017732,,2024-06-07,32856,2.9,,8848,1.5,7.5,10^3/uL,2.9
606537,601819,600083,3024929,,2024-06-07,32856,210.8,,8848,150,400,10^3/uL,210.8
606538,601819,600083,3016723,,2024-06-07,32856,0.8,,8840,0.6,1.2,mg/dL,0.8
606539,601819,600083,3013721,,2024-06-07,32856,65,,8645,0,40,U/L,65.0
606540,601819,600083,3006923,,2024-06-07,32856,35.8,,8645,0,40,U/L,35.8
606541,601820,600083,3000963,,2024-08-02,32856,10.3,,8713,12,17,g/dL,10.3
606542,601820,600083,3010813,,2024-08-02,32856,10,,8848,4,10,10^3/uL,10.0
606543,601820,600083,3017732,,2024-08-02,32856,1.4,,8848,1.5,7.5,10^3/uL,1.4
606544,601820,600083,3024929,,2024-08-02,32856,322.2,,8848,150,400,10^3/uL,322.2
606545,601820,600083,3016723,,2024-08-02,32856,1.37,,8840,0.6,1.2,mg/dL,1.37
606546,601820,600083,3013721,,2024-08-02,32856,0,,8645,0,40,U/L,0
606547,601820,600083,3006923,,2024-08-02,32856,87.3,,8645,0,40,U/L,87.3
606548,601821,600083,3000963,,2024-09-27,32856,10,,8713,12,17,g/dL,10.0
606549,601821,600083,3010813,,2024-09-27,32856,6.9,,8848,4,10,10^3/uL,6.9
606550,601821,600083,3017732,,2024-09-27,32856,2.9,,8848,1.5,7.5,10^3/uL,2.9
606551,601821,600083,3024929,,2024-09-27,32856,210,,8848,150,400,10^3/uL,210.0
606552,601821,600083,3016723,,2024-09-27,32856,1.31,,8840,0.6,1.2,mg/dL,1.31
606553,601821,600083,3013721,,2024-09-27,32856,48.1,,8645,0,40,U/L,48.1
606554,601821,600083,3006923,,2024-09-27,32856,11.2,,8645,0,40,U/L,11.2
606555,601822,600083,3000963,,2024-11-22,32856,10.6,,8713,12,17,g/dL,10.6
606556,601822,600083,3010813,,2024-11-22,32856,7.3,,8848,4,10,10^3/uL,7.3
606557,601822,600083,3017732,,2024-11-22,32856,2.7,,8848,1.5,7.5,10^3/uL,2.7
606558,601822,600083,3024929,,2024-11-22,32856,156.4,,8848,150,400,10^3/uL,156.4
606559,601822,600083,3016723,,2024-11-22,32856,0.87,,8840,0.6,1.2,mg/dL,0.87
606560,601822,600083,3013721,,2024-11-22,32856,10.7,,8645,0,40,U/L,10.7
606561,601822,600083,3006923,,2024-11-22,32856,10,,8645,0,40,U/L,10.0
606562,601824,600083,3000963,,2025-03-01,32856,11.6,,8713,12,17,g/dL,11.6
606563,601824,600083,3022250,,2025-03-01,32856,174.3,,8645,120,250,U/L,174.3
606564,601825,600083,3000963,,2025-07-24,32856,13.2,,8713,12,17,g/dL,13.2
606565,601825,600083,3022250,,2025-07-24,32856,239.8,,8645,120,250,U/L,239.8
606566,601826,600083,3000963,,2025-11-24,32856,16.2,,8713,12,17,g/dL,16.2
606567,601826,600083,3022250,,2025-11-24,32856,20,,8645,120,250,U/L,20
606568,601827,600083,3000963,,2026-03-16,32856,13.1,,8713,12,17,g/dL,13.1
606569,601827,600083,3022250,,2026-03-16,32856,283.6,,8645,120,250,U/L,283.6
606570,601828,600083,3000963,,2026-07-14,32856,16.6,,8713,12,17,g/dL,16.6
606571,601828,600083,3022250,,2026-07-14,32856,119,,8645,120,250,U/L,119.0
606572,601829,600084,3000963,,2022-09-27,32856,10,,8713,12,17,g/dL,10.0
606573,601829,600084,3010813,,2022-09-27,32856,4.9,,8848,4,10,10^3/uL,4.9
606574,601829,600084,3017732,,2022-09-27,32856,3.3,,8848,1.5,7.5,10^3/uL,3.3
606575,601829,600084,3024929,,2022-09-27,32856,145.6,,8848,150,400,10^3/uL,145.6
606576,601829,600084,3016723,,2022-09-27,32856,1.18,,8840,0.6,1.2,mg/dL,1.18
606577,601829,600084,3013721,,2022-09-27,32856,0,,8645,0,40,U/L,0
606578,601829,600084,3006923,,2022-09-27,32856,22.9,,8645,0,40,U/L,22.9
606579,601829,600084,3020491,,2022-09-27,32856,3.73,,8713,3.5,5.2,g/dL,3.73
606580,601829,600084,3024128,,2022-09-27,32856,1.47,,8840,0.2,1.2,mg/dL,1.47
606581,601829,600084,3022250,,2022-09-27,32856,488.5,,8645,120,250,U/L,488.5
606582,601829,600084,3006315,,2022-09-27,32856,4.2,,8859,0.8,2.2,mg/L,4.2
606583,601829,600084,3036277,,2022-09-27,32856,172.3,,8582,150,185,cm,172.3
606584,601829,600084,3025315,,2022-09-27,32856,72.2,,9529,45,90,kg,72.2
606585,601830,600084,3000963,,2022-10-14,32856,12.7,,8713,12,17,g/dL,12.7
606586,601830,600084,3010813,,2022-10-14,32856,7.4,,8848,4,10,10^3/uL,7.4
606587,601830,600084,3017732,,2022-10-14,32856,5.7,,8848,1.5,7.5,10^3/uL,5.7
606588,601830,600084,3024929,,2022-10-14,32856,188.2,,8848,150,400,10^3/uL,188.2
606589,601830,600084,3016723,,2022-10-14,32856,1.04,,8840,0.6,1.2,mg/dL,1.04
606590,601830,600084,3013721,,2022-10-14,32856,40.1,,8645,0,40,U/L,40.1
606591,601830,600084,3006923,,2022-10-14,32856,77.6,,8645,0,40,U/L,77.6
606592,601831,600084,3000963,,2022-11-04,32856,11.4,,8713,12,17,g/dL,11.4
606593,601831,600084,3010813,,2022-11-04,32856,3.9,,8848,4,10,10^3/uL,3.9
606594,601831,600084,3017732,,2022-11-04,32856,2.7,,8848,1.5,7.5,10^3/uL,2.7
606595,601831,600084,3024929,,2022-11-04,32856,181.2,,8848,150,400,10^3/uL,181.2
606596,601831,600084,3016723,,2022-11-04,32856,0.92,,8840,0.6,1.2,mg/dL,0.92
606597,601831,600084,3013721,,2022-11-04,32856,60.3,,8645,0,40,U/L,60.3
606598,601831,600084,3006923,,2022-11-04,32856,69.2,,8645,0,40,U/L,69.2
606599,601832,600084,3000963,,2022-11-25,32856,12.9,,8713,12,17,g/dL,12.9
606600,601832,600084,3010813,,2022-11-25,32856,9.7,,8848,4,10,10^3/uL,9.7
606601,601832,600084,3017732,,2022-11-25,32856,3.7,,8848,1.5,7.5,10^3/uL,3.7
606602,601832,600084,3024929,,2022-11-25,32856,189.8,,8848,150,400,10^3/uL,189.8
606603,601832,600084,3016723,,2022-11-25,32856,0.72,,8840,0.6,1.2,mg/dL,0.72
606604,601832,600084,3013721,,2022-11-25,32856,56.6,,8645,0,40,U/L,56.6
606605,601832,600084,3006923,,2022-11-25,32856,76.5,,8645,0,40,U/L,76.5
606606,601833,600084,3000963,,2022-12-16,32856,12.2,,8713,12,17,g/dL,12.2
606607,601833,600084,3010813,,2022-12-16,32856,5.9,,8848,4,10,10^3/uL,5.9
606608,601833,600084,3017732,,2022-12-16,32856,3.6,,8848,1.5,7.5,10^3/uL,3.6
606609,601833,600084,3024929,,2022-12-16,32856,168.9,,8848,150,400,10^3/uL,168.9
606610,601833,600084,3016723,,2022-12-16,32856,0.93,,8840,0.6,1.2,mg/dL,0.93
606611,601833,600084,3013721,,2022-12-16,32856,30.2,,8645,0,40,U/L,30.2
606612,601833,600084,3006923,,2022-12-16,32856,35.7,,8645,0,40,U/L,35.7
606613,601834,600084,3000963,,2023-01-06,32856,13.1,,8713,12,17,g/dL,13.1
606614,601834,600084,3010813,,2023-01-06,32856,4,,8848,4,10,10^3/uL,4.0
606615,601834,600084,3017732,,2023-01-06,32856,2.7,,8848,1.5,7.5,10^3/uL,2.7
606616,601834,600084,3024929,,2023-01-06,32856,154.2,,8848,150,400,10^3/uL,154.2
606617,601834,600084,3016723,,2023-01-06,32856,0.85,,8840,0.6,1.2,mg/dL,0.85
606618,601834,600084,3013721,,2023-01-06,32856,92,,8645,0,40,U/L,92.0
606619,601834,600084,3006923,,2023-01-06,32856,48.9,,8645,0,40,U/L,48.9
606620,601835,600084,3000963,,2023-01-27,32856,12.5,,8713,12,17,g/dL,12.5
606621,601835,600084,3010813,,2023-01-27,32856,5.6,,8848,4,10,10^3/uL,5.6
606622,601835,600084,3017732,,2023-01-27,32856,1,,8848,1.5,7.5,10^3/uL,1.0
606623,601835,600084,3024929,,2023-01-27,32856,215.7,,8848,150,400,10^3/uL,215.7
606624,601835,600084,3016723,,2023-01-27,32856,0.6,,8840,0.6,1.2,mg/dL,0.6
606625,601835,600084,3013721,,2023-01-27,32856,31.3,,8645,0,40,U/L,31.3
606626,601835,600084,3006923,,2023-01-27,32856,79.9,,8645,0,40,U/L,79.9
606627,601840,600084,3000963,,2023-06-29,32856,12.5,,8713,12,17,g/dL,12.5
606628,601840,600084,3022250,,2023-06-29,32856,67.8,,8645,120,250,U/L,67.8
606629,601841,600084,3000963,,2023-09-29,32856,13.3,,8713,12,17,g/dL,13.3
606630,601841,600084,3022250,,2023-09-29,32856,413.8,,8645,120,250,U/L,413.8
606631,601842,600084,3000963,,2024-01-14,32856,15.8,,8713,12,17,g/dL,15.8
606632,601842,600084,3022250,,2024-01-14,32856,259,,8645,120,250,U/L,259.0
606633,601843,600084,3000963,,2024-07-09,32856,10.8,,8713,12,17,g/dL,10.8
606634,601843,600084,3022250,,2024-07-09,32856,185.7,,8645,120,250,U/L,185.7
606635,601844,600084,3000963,,2024-10-20,32856,12.2,,8713,12,17,g/dL,12.2
606636,601844,600084,3022250,,2024-10-20,32856,134.2,,8645,120,250,U/L,134.2
606637,601845,600084,3000963,,2025-02-09,32856,12.2,,8713,12,17,g/dL,12.2
606638,601845,600084,3022250,,2025-02-09,32856,239.1,,8645,120,250,U/L,239.1
606639,601846,600084,3000963,,2025-06-10,32856,14.2,,8713,12,17,g/dL,14.2
606640,601846,600084,3022250,,2025-06-10,32856,349.4,,8645,120,250,U/L,349.4
606641,601847,600084,3000963,,2025-09-06,32856,11.7,,8713,12,17,g/dL,11.7
606642,601847,600084,3022250,,2025-09-06,32856,376,,8645,120,250,U/L,376.0
606643,601848,600084,3000963,,2026-03-09,32856,15.2,,8713,12,17,g/dL,15.2
606644,601848,600084,3022250,,2026-03-09,32856,318.9,,8645,120,250,U/L,318.9
606645,601849,600085,3000963,,2019-08-17,32856,12.9,,8713,12,17,g/dL,12.9
606646,601849,600085,3010813,,2019-08-17,32856,8.9,,8848,4,10,10^3/uL,8.9
606647,601849,600085,3017732,,2019-08-17,32856,2.2,,8848,1.5,7.5,10^3/uL,2.2
606648,601849,600085,3024929,,2019-08-17,32856,298.3,,8848,150,400,10^3/uL,298.3
606649,601849,600085,3016723,,2019-08-17,32856,1.19,,8840,0.6,1.2,mg/dL,1.19
606650,601849,600085,3013721,,2019-08-17,32856,18.9,,8645,0,40,U/L,18.9
606651,601849,600085,3006923,,2019-08-17,32856,40.2,,8645,0,40,U/L,40.2
606652,601849,600085,3020491,,2019-08-17,32856,4.5,,8713,3.5,5.2,g/dL,4.5
606653,601849,600085,3024128,,2019-08-17,32856,1.1,,8840,0.2,1.2,mg/dL,1.1
606654,601849,600085,3022250,,2019-08-17,32856,392.4,,8645,120,250,U/L,392.4
606655,601849,600085,3006315,,2019-08-17,32856,3.7,,8859,0.8,2.2,mg/L,3.7
606656,601849,600085,3036277,,2019-08-17,32856,177.8,,8582,150,185,cm,177.8
606657,601849,600085,3025315,,2019-08-17,32856,60.3,,9529,45,90,kg,60.3
606658,601850,600085,3000963,,2019-08-31,32856,10.8,,8713,12,17,g/dL,10.8
606659,601850,600085,3010813,,2019-08-31,32856,3.5,,8848,4,10,10^3/uL,3.5
606660,601850,600085,3017732,,2019-08-31,32856,2.6,,8848,1.5,7.5,10^3/uL,2.6
606661,601850,600085,3024929,,2019-08-31,32856,153,,8848,150,400,10^3/uL,153.0
606662,601850,600085,3016723,,2019-08-31,32856,1.07,,8840,0.6,1.2,mg/dL,1.07
606663,601850,600085,3013721,,2019-08-31,32856,42.8,,8645,0,40,U/L,42.8
606664,601850,600085,3006923,,2019-08-31,32856,12.5,,8645,0,40,U/L,12.5
606665,601851,600085,3000963,,2019-09-21,32856,13.3,,8713,12,17,g/dL,13.3
606666,601851,600085,3010813,,2019-09-21,32856,7.4,,8848,4,10,10^3/uL,7.4
606667,601851,600085,3017732,,2019-09-21,32856,3.5,,8848,1.5,7.5,10^3/uL,3.5
606668,601851,600085,3024929,,2019-09-21,32856,180.2,,8848,150,400,10^3/uL,180.2
606669,601851,600085,3016723,,2019-09-21,32856,0.99,,8840,0.6,1.2,mg/dL,0.99
606670,601851,600085,3013721,,2019-09-21,32856,17.8,,8645,0,40,U/L,17.8
606671,601851,600085,3006923,,2019-09-21,32856,14.2,,8645,0,40,U/L,14.2
606672,601852,600085,3000963,,2019-10-12,32856,9.6,,8713,12,17,g/dL,9.6
606673,601852,600085,3010813,,2019-10-12,32856,8.7,,8848,4,10,10^3/uL,8.7
606674,601852,600085,3017732,,2019-10-12,32856,3.6,,8848,1.5,7.5,10^3/uL,3.6
606675,601852,600085,3024929,,2019-10-12,32856,203.2,,8848,150,400,10^3/uL,203.2
606676,601852,600085,3016723,,2019-10-12,32856,0.92,,8840,0.6,1.2,mg/dL,0.92
606677,601852,600085,3013721,,2019-10-12,32856,14.1,,8645,0,40,U/L,14.1
606678,601852,600085,3006923,,2019-10-12,32856,49.1,,8645,0,40,U/L,49.1
606679,601853,600085,3000963,,2019-11-02,32856,12.6,,8713,12,17,g/dL,12.6
606680,601853,600085,3010813,,2019-11-02,32856,3.3,,8848,4,10,10^3/uL,3.3
606681,601853,600085,3017732,,2019-11-02,32856,1.9,,8848,1.5,7.5,10^3/uL,1.9
606682,601853,600085,3024929,,2019-11-02,32856,175.5,,8848,150,400,10^3/uL,175.5
606683,601853,600085,3016723,,2019-11-02,32856,1,,8840,0.6,1.2,mg/dL,1.0
606684,601853,600085,3013721,,2019-11-02,32856,52.1,,8645,0,40,U/L,52.1
606685,601853,600085,3006923,,2019-11-02,32856,33.6,,8645,0,40,U/L,33.6
606686,601854,600085,3000963,,2019-11-23,32856,12,,8713,12,17,g/dL,12.0
606687,601854,600085,3010813,,2019-11-23,32856,5.1,,8848,4,10,10^3/uL,5.1
606688,601854,600085,3017732,,2019-11-23,32856,0.5,,8848,1.5,7.5,10^3/uL,0.5
606689,601854,600085,3024929,,2019-11-23,32856,90.8,,8848,150,400,10^3/uL,90.8
606690,601854,600085,3016723,,2019-11-23,32856,0.1,,8840,0.6,1.2,mg/dL,0.1
606691,601854,600085,3013721,,2019-11-23,32856,81.3,,8645,0,40,U/L,81.3
606692,601854,600085,3006923,,2019-11-23,32856,32.6,,8645,0,40,U/L,32.6
606693,601855,600085,3000963,,2019-12-14,32856,12.2,,8713,12,17,g/dL,12.2
606694,601855,600085,3010813,,2019-12-14,32856,5,,8848,4,10,10^3/uL,5.0
606695,601855,600085,3017732,,2019-12-14,32856,3.8,,8848,1.5,7.5,10^3/uL,3.8
606696,601855,600085,3024929,,2019-12-14,32856,268.7,,8848,150,400,10^3/uL,268.7
606697,601855,600085,3016723,,2019-12-14,32856,0.98,,8840,0.6,1.2,mg/dL,0.98
606698,601855,600085,3013721,,2019-12-14,32856,63.5,,8645,0,40,U/L,63.5
606699,601855,600085,3006923,,2019-12-14,32856,13.5,,8645,0,40,U/L,13.5
606700,601858,600085,3000963,,2020-04-20,32856,13.7,,8713,12,17,g/dL,13.7
606701,601858,600085,3022250,,2020-04-20,32856,272.4,,8645,120,250,U/L,272.4
606702,601859,600085,3000963,,2020-09-06,32856,11.9,,8713,12,17,g/dL,11.9
606703,601859,600085,3022250,,2020-09-06,32856,70.1,,8645,120,250,U/L,70.1
606704,601860,600085,3000963,,2021-02-05,32856,11.3,,8713,12,17,g/dL,11.3
606705,601860,600085,3022250,,2021-02-05,32856,189.8,,8645,120,250,U/L,189.8
606706,601861,600085,3000963,,2021-07-28,32856,12.6,,8713,12,17,g/dL,12.6
606707,601861,600085,3022250,,2021-07-28,32856,415.9,,8645,120,250,U/L,415.9
606708,601862,600085,3000963,,2021-11-12,32856,11.5,,8713,12,17,g/dL,11.5
606709,601862,600085,3022250,,2021-11-12,32856,459.7,,8645,120,250,U/L,459.7
606710,601863,600085,3000963,,2022-04-05,32856,13.5,,8713,12,17,g/dL,13.5
606711,601863,600085,3022250,,2022-04-05,32856,173.2,,8645,120,250,U/L,173.2
606712,601864,600085,3000963,,2022-07-23,32856,11.3,,8713,12,17,g/dL,11.3
606713,601864,600085,3022250,,2022-07-23,32856,318,,8645,120,250,U/L,318.0
606714,601865,600085,3000963,,2022-12-10,32856,12.5,,8713,12,17,g/dL,12.5
606715,601865,600085,3022250,,2022-12-10,32856,114.3,,8645,120,250,U/L,114.3
606716,601866,600085,3000963,,2023-05-28,32856,14.4,,8713,12,17,g/dL,14.4
606717,601866,600085,3022250,,2023-05-28,32856,110.8,,8645,120,250,U/L,110.8
606718,601867,600085,3000963,,2023-11-27,32856,13.6,,8713,12,17,g/dL,13.6
606719,601867,600085,3022250,,2023-11-27,32856,191.7,,8645,120,250,U/L,191.7
606720,601868,600085,3000963,,2024-05-10,32856,14.8,,8713,12,17,g/dL,14.8
606721,601868,600085,3022250,,2024-05-10,32856,262.9,,8645,120,250,U/L,262.9
606722,601869,600085,3000963,,2024-10-06,32856,12.8,,8713,12,17,g/dL,12.8
606723,601869,600085,3022250,,2024-10-06,32856,119.5,,8645,120,250,U/L,119.5
606724,601870,600086,3000963,,2024-10-10,32856,11.6,,8713,12,17,g/dL,11.6
606725,601870,600086,3010813,,2024-10-10,32856,7.1,,8848,4,10,10^3/uL,7.1
606726,601870,600086,3017732,,2024-10-10,32856,2.1,,8848,1.5,7.5,10^3/uL,2.1
606727,601870,600086,3024929,,2024-10-10,32856,240.8,,8848,150,400,10^3/uL,240.8
606728,601870,600086,3016723,,2024-10-10,32856,0.93,,8840,0.6,1.2,mg/dL,0.93
606729,601870,600086,3013721,,2024-10-10,32856,26,,8645,0,40,U/L,26.0
606730,601870,600086,3006923,,2024-10-10,32856,53.9,,8645,0,40,U/L,53.9
606731,601870,600086,3020491,,2024-10-10,32856,4.9,,8713,3.5,5.2,g/dL,4.9
606732,601870,600086,3024128,,2024-10-10,32856,0.18,,8840,0.2,1.2,mg/dL,0.18
606733,601870,600086,3022250,,2024-10-10,32856,269.6,,8645,120,250,U/L,269.6
606734,601870,600086,3006315,,2024-10-10,32856,0,,8859,0.8,2.2,mg/L,0
606735,601870,600086,3036277,,2024-10-10,32856,170.5,,8582,150,185,cm,170.5
606736,601870,600086,3025315,,2024-10-10,32856,64,,9529,45,90,kg,64.0
606737,601871,600086,3000963,,2024-10-28,32856,13.2,,8713,12,17,g/dL,13.2
606738,601871,600086,3010813,,2024-10-28,32856,6.9,,8848,4,10,10^3/uL,6.9
606739,601871,600086,3017732,,2024-10-28,32856,6.9,,8848,1.5,7.5,10^3/uL,6.9
606740,601871,600086,3024929,,2024-10-28,32856,302.4,,8848,150,400,10^3/uL,302.4
606741,601871,600086,3016723,,2024-10-28,32856,0.71,,8840,0.6,1.2,mg/dL,0.71
606742,601871,600086,3013721,,2024-10-28,32856,23.2,,8645,0,40,U/L,23.2
606743,601871,600086,3006923,,2024-10-28,32856,32.9,,8645,0,40,U/L,32.9
606744,601872,600086,3000963,,2024-11-18,32856,9.6,,8713,12,17,g/dL,9.6
606745,601872,600086,3010813,,2024-11-18,32856,9.1,,8848,4,10,10^3/uL,9.1
606746,601872,600086,3017732,,2024-11-18,32856,2.2,,8848,1.5,7.5,10^3/uL,2.2
606747,601872,600086,3024929,,2024-11-18,32856,247.5,,8848,150,400,10^3/uL,247.5
606748,601872,600086,3016723,,2024-11-18,32856,0.94,,8840,0.6,1.2,mg/dL,0.94
606749,601872,600086,3013721,,2024-11-18,32856,65.3,,8645,0,40,U/L,65.3
606750,601872,600086,3006923,,2024-11-18,32856,68.6,,8645,0,40,U/L,68.6
606751,601873,600086,3000963,,2024-12-09,32856,9.2,,8713,12,17,g/dL,9.2
606752,601873,600086,3010813,,2024-12-09,32856,5.7,,8848,4,10,10^3/uL,5.7
606753,601873,600086,3017732,,2024-12-09,32856,0.7,,8848,1.5,7.5,10^3/uL,0.7
606754,601873,600086,3024929,,2024-12-09,32856,167.8,,8848,150,400,10^3/uL,167.8
606755,601873,600086,3016723,,2024-12-09,32856,0.78,,8840,0.6,1.2,mg/dL,0.78
606756,601873,600086,3013721,,2024-12-09,32856,42.6,,8645,0,40,U/L,42.6
606757,601873,600086,3006923,,2024-12-09,32856,69.8,,8645,0,40,U/L,69.8
606758,601874,600086,3000963,,2024-12-30,32856,11,,8713,12,17,g/dL,11.0
606759,601874,600086,3010813,,2024-12-30,32856,8.3,,8848,4,10,10^3/uL,8.3
606760,601874,600086,3017732,,2024-12-30,32856,2.6,,8848,1.5,7.5,10^3/uL,2.6
606761,601874,600086,3024929,,2024-12-30,32856,165,,8848,150,400,10^3/uL,165.0
606762,601874,600086,3016723,,2024-12-30,32856,0.75,,8840,0.6,1.2,mg/dL,0.75
606763,601874,600086,3013721,,2024-12-30,32856,51,,8645,0,40,U/L,51.0
606764,601874,600086,3006923,,2024-12-30,32856,43.9,,8645,0,40,U/L,43.9
606765,601875,600086,3000963,,2025-01-20,32856,11.6,,8713,12,17,g/dL,11.6
606766,601875,600086,3010813,,2025-01-20,32856,3.2,,8848,4,10,10^3/uL,3.2
606767,601875,600086,3017732,,2025-01-20,32856,3.5,,8848,1.5,7.5,10^3/uL,3.5
606768,601875,600086,3024929,,2025-01-20,32856,191.5,,8848,150,400,10^3/uL,191.5
606769,601875,600086,3016723,,2025-01-20,32856,0.71,,8840,0.6,1.2,mg/dL,0.71
606770,601875,600086,3013721,,2025-01-20,32856,20.6,,8645,0,40,U/L,20.6
606771,601875,600086,3006923,,2025-01-20,32856,0,,8645,0,40,U/L,0
606772,601876,600086,3000963,,2025-02-10,32856,13.6,,8713,12,17,g/dL,13.6
606773,601876,600086,3010813,,2025-02-10,32856,9.1,,8848,4,10,10^3/uL,9.1
606774,601876,600086,3017732,,2025-02-10,32856,0.9,,8848,1.5,7.5,10^3/uL,0.9
606775,601876,600086,3024929,,2025-02-10,32856,171.3,,8848,150,400,10^3/uL,171.3
606776,601876,600086,3016723,,2025-02-10,32856,1.33,,8840,0.6,1.2,mg/dL,1.33
606777,601876,600086,3013721,,2025-02-10,32856,45.5,,8645,0,40,U/L,45.5
606778,601876,600086,3006923,,2025-02-10,32856,0,,8645,0,40,U/L,0
606779,601881,600086,3000963,,2025-06-12,32856,10.9,,8713,12,17,g/dL,10.9
606780,601881,600086,3022250,,2025-06-12,32856,115.3,,8645,120,250,U/L,115.3
606781,601882,600086,3000963,,2025-09-23,32856,13.6,,8713,12,17,g/dL,13.6
606782,601882,600086,3022250,,2025-09-23,32856,98.9,,8645,120,250,U/L,98.9
606783,601883,600086,3000963,,2026-03-06,32856,11.9,,8713,12,17,g/dL,11.9
606784,601883,600086,3022250,,2026-03-06,32856,20,,8645,120,250,U/L,20
606785,601884,600087,3000963,,2024-07-10,32856,11.6,,8713,12,17,g/dL,11.6
606786,601884,600087,3010813,,2024-07-10,32856,5.7,,8848,4,10,10^3/uL,5.7
606787,601884,600087,3017732,,2024-07-10,32856,0.5,,8848,1.5,7.5,10^3/uL,0.5
606788,601884,600087,3024929,,2024-07-10,32856,347.3,,8848,150,400,10^3/uL,347.3
606789,601884,600087,3016723,,2024-07-10,32856,1.18,,8840,0.6,1.2,mg/dL,1.18
606790,601884,600087,3013721,,2024-07-10,32856,57.8,,8645,0,40,U/L,57.8
606791,601884,600087,3006923,,2024-07-10,32856,24.5,,8645,0,40,U/L,24.5
606792,601884,600087,3020491,,2024-07-10,32856,3.89,,8713,3.5,5.2,g/dL,3.89
606793,601884,600087,3024128,,2024-07-10,32856,0.8,,8840,0.2,1.2,mg/dL,0.8
606794,601884,600087,3022250,,2024-07-10,32856,574.4,,8645,120,250,U/L,574.4
606795,601884,600087,3006315,,2024-07-10,32856,2.3,,8859,0.8,2.2,mg/L,2.3
606796,601884,600087,3036277,,2024-07-10,32856,167,,8582,150,185,cm,167.0
606797,601884,600087,3025315,,2024-07-10,32856,73.9,,9529,45,90,kg,73.9
606798,601885,600087,3000963,,2024-07-26,32856,12.6,,8713,12,17,g/dL,12.6
606799,601885,600087,3010813,,2024-07-26,32856,9.3,,8848,4,10,10^3/uL,9.3
606800,601885,600087,3017732,,2024-07-26,32856,4,,8848,1.5,7.5,10^3/uL,4.0
606801,601885,600087,3024929,,2024-07-26,32856,166.1,,8848,150,400,10^3/uL,166.1
606802,601885,600087,3016723,,2024-07-26,32856,0.81,,8840,0.6,1.2,mg/dL,0.81
606803,601885,600087,3013721,,2024-07-26,32856,47.6,,8645,0,40,U/L,47.6
606804,601885,600087,3006923,,2024-07-26,32856,47.5,,8645,0,40,U/L,47.5
606805,601886,600087,3000963,,2024-08-16,32856,12,,8713,12,17,g/dL,12.0
606806,601886,600087,3010813,,2024-08-16,32856,4.2,,8848,4,10,10^3/uL,4.2
606807,601886,600087,3017732,,2024-08-16,32856,0,,8848,1.5,7.5,10^3/uL,0
606808,601886,600087,3024929,,2024-08-16,32856,99.1,,8848,150,400,10^3/uL,99.1
606809,601886,600087,3016723,,2024-08-16,32856,0.37,,8840,0.6,1.2,mg/dL,0.37
606810,601886,600087,3013721,,2024-08-16,32856,51,,8645,0,40,U/L,51.0
606811,601886,600087,3006923,,2024-08-16,32856,20.5,,8645,0,40,U/L,20.5
606812,601887,600087,3000963,,2024-09-06,32856,10.6,,8713,12,17,g/dL,10.6
606813,601887,600087,3010813,,2024-09-06,32856,7.1,,8848,4,10,10^3/uL,7.1
606814,601887,600087,3017732,,2024-09-06,32856,0.9,,8848,1.5,7.5,10^3/uL,0.9
606815,601887,600087,3024929,,2024-09-06,32856,275.3,,8848,150,400,10^3/uL,275.3
606816,601887,600087,3016723,,2024-09-06,32856,0.71,,8840,0.6,1.2,mg/dL,0.71
606817,601887,600087,3013721,,2024-09-06,32856,43.2,,8645,0,40,U/L,43.2
606818,601887,600087,3006923,,2024-09-06,32856,58.3,,8645,0,40,U/L,58.3
606819,601888,600087,3000963,,2024-09-27,32856,12,,8713,12,17,g/dL,12.0
606820,601888,600087,3010813,,2024-09-27,32856,11.1,,8848,4,10,10^3/uL,11.1
606821,601888,600087,3017732,,2024-09-27,32856,1.8,,8848,1.5,7.5,10^3/uL,1.8
606822,601888,600087,3024929,,2024-09-27,32856,177.5,,8848,150,400,10^3/uL,177.5
606823,601888,600087,3016723,,2024-09-27,32856,0.93,,8840,0.6,1.2,mg/dL,0.93
606824,601888,600087,3013721,,2024-09-27,32856,68.1,,8645,0,40,U/L,68.1
606825,601888,600087,3006923,,2024-09-27,32856,101.2,,8645,0,40,U/L,101.2
606826,601889,600087,3000963,,2024-10-18,32856,11.2,,8713,12,17,g/dL,11.2
606827,601889,600087,3010813,,2024-10-18,32856,11.6,,8848,4,10,10^3/uL,11.6
606828,601889,600087,3017732,,2024-10-18,32856,1.7,,8848,1.5,7.5,10^3/uL,1.7
606829,601889,600087,3024929,,2024-10-18,32856,177.7,,8848,150,400,10^3/uL,177.7
606830,601889,600087,3016723,,2024-10-18,32856,1.26,,8840,0.6,1.2,mg/dL,1.26
606831,601889,600087,3013721,,2024-10-18,32856,30.4,,8645,0,40,U/L,30.4
606832,601889,600087,3006923,,2024-10-18,32856,72.4,,8645,0,40,U/L,72.4
606833,601890,600087,3000963,,2024-11-08,32856,13.5,,8713,12,17,g/dL,13.5
606834,601890,600087,3010813,,2024-11-08,32856,4.3,,8848,4,10,10^3/uL,4.3
606835,601890,600087,3017732,,2024-11-08,32856,5.7,,8848,1.5,7.5,10^3/uL,5.7
606836,601890,600087,3024929,,2024-11-08,32856,158.3,,8848,150,400,10^3/uL,158.3
606837,601890,600087,3016723,,2024-11-08,32856,0.99,,8840,0.6,1.2,mg/dL,0.99
606838,601890,600087,3013721,,2024-11-08,32856,8.5,,8645,0,40,U/L,8.5
606839,601890,600087,3006923,,2024-11-08,32856,17.9,,8645,0,40,U/L,17.9
606840,601895,600087,3000963,,2025-02-25,32856,12.7,,8713,12,17,g/dL,12.7
606841,601895,600087,3022250,,2025-02-25,32856,370.7,,8645,120,250,U/L,370.7
606842,601896,600087,3000963,,2025-07-30,32856,8.5,,8713,12,17,g/dL,8.5
606843,601896,600087,3022250,,2025-07-30,32856,239,,8645,120,250,U/L,239.0
606844,601897,600087,3000963,,2025-10-23,32856,11.2,,8713,12,17,g/dL,11.2
606845,601897,600087,3022250,,2025-10-23,32856,466.5,,8645,120,250,U/L,466.5
606846,601898,600087,3000963,,2026-04-16,32856,11.4,,8713,12,17,g/dL,11.4
606847,601898,600087,3022250,,2026-04-16,32856,205.1,,8645,120,250,U/L,205.1
606848,601899,600088,3000963,,2023-05-28,32856,10.6,,8713,12,17,g/dL,10.6
606849,601899,600088,3010813,,2023-05-28,32856,8.2,,8848,4,10,10^3/uL,8.2
606850,601899,600088,3017732,,2023-05-28,32856,2.6,,8848,1.5,7.5,10^3/uL,2.6
606851,601899,600088,3024929,,2023-05-28,32856,303.9,,8848,150,400,10^3/uL,303.9
606852,601899,600088,3016723,,2023-05-28,32856,1.48,,8840,0.6,1.2,mg/dL,1.48
606853,601899,600088,3013721,,2023-05-28,32856,31.1,,8645,0,40,U/L,31.1
606854,601899,600088,3006923,,2023-05-28,32856,81.8,,8645,0,40,U/L,81.8
606855,601899,600088,3020491,,2023-05-28,32856,3.9,,8713,3.5,5.2,g/dL,3.9
606856,601899,600088,3024128,,2023-05-28,32856,1.03,,8840,0.2,1.2,mg/dL,1.03
606857,601899,600088,3022250,,2023-05-28,32856,76.8,,8645,120,250,U/L,76.8
606858,601899,600088,3006315,,2023-05-28,32856,2.4,,8859,0.8,2.2,mg/L,2.4
606859,601899,600088,3036277,,2023-05-28,32856,161.2,,8582,150,185,cm,161.2
606860,601899,600088,3025315,,2023-05-28,32856,67.9,,9529,45,90,kg,67.9
606861,601900,600088,3000963,,2023-06-17,32856,9.2,,8713,12,17,g/dL,9.2
606862,601900,600088,3010813,,2023-06-17,32856,8.3,,8848,4,10,10^3/uL,8.3
606863,601900,600088,3017732,,2023-06-17,32856,3.9,,8848,1.5,7.5,10^3/uL,3.9
606864,601900,600088,3024929,,2023-06-17,32856,280,,8848,150,400,10^3/uL,280.0
606865,601900,600088,3016723,,2023-06-17,32856,1.18,,8840,0.6,1.2,mg/dL,1.18
606866,601900,600088,3013721,,2023-06-17,32856,56.5,,8645,0,40,U/L,56.5
606867,601900,600088,3006923,,2023-06-17,32856,10.4,,8645,0,40,U/L,10.4
606868,601901,600088,3000963,,2023-07-08,32856,12.2,,8713,12,17,g/dL,12.2
606869,601901,600088,3010813,,2023-07-08,32856,7,,8848,4,10,10^3/uL,7.0
606870,601901,600088,3017732,,2023-07-08,32856,0,,8848,1.5,7.5,10^3/uL,0
606871,601901,600088,3024929,,2023-07-08,32856,178.4,,8848,150,400,10^3/uL,178.4
606872,601901,600088,3016723,,2023-07-08,32856,1.13,,8840,0.6,1.2,mg/dL,1.13
606873,601901,600088,3013721,,2023-07-08,32856,40.6,,8645,0,40,U/L,40.6
606874,601901,600088,3006923,,2023-07-08,32856,38.2,,8645,0,40,U/L,38.2
606875,601902,600088,3000963,,2023-07-29,32856,11,,8713,12,17,g/dL,11.0
606876,601902,600088,3010813,,2023-07-29,32856,5.2,,8848,4,10,10^3/uL,5.2
606877,601902,600088,3017732,,2023-07-29,32856,2.9,,8848,1.5,7.5,10^3/uL,2.9
606878,601902,600088,3024929,,2023-07-29,32856,228.6,,8848,150,400,10^3/uL,228.6
606879,601902,600088,3016723,,2023-07-29,32856,1.05,,8840,0.6,1.2,mg/dL,1.05
606880,601902,600088,3013721,,2023-07-29,32856,32.1,,8645,0,40,U/L,32.1
606881,601902,600088,3006923,,2023-07-29,32856,3.6,,8645,0,40,U/L,3.6
606882,601903,600088,3000963,,2023-08-19,32856,10.4,,8713,12,17,g/dL,10.4
606883,601903,600088,3010813,,2023-08-19,32856,8.6,,8848,4,10,10^3/uL,8.6
606884,601903,600088,3017732,,2023-08-19,32856,3.4,,8848,1.5,7.5,10^3/uL,3.4
606885,601903,600088,3024929,,2023-08-19,32856,214.1,,8848,150,400,10^3/uL,214.1
606886,601903,600088,3016723,,2023-08-19,32856,1.21,,8840,0.6,1.2,mg/dL,1.21
606887,601903,600088,3013721,,2023-08-19,32856,29.5,,8645,0,40,U/L,29.5
606888,601903,600088,3006923,,2023-08-19,32856,19.5,,8645,0,40,U/L,19.5
606889,601904,600088,3000963,,2023-09-09,32856,10.1,,8713,12,17,g/dL,10.1
606890,601904,600088,3010813,,2023-09-09,32856,7.6,,8848,4,10,10^3/uL,7.6
606891,601904,600088,3017732,,2023-09-09,32856,1.4,,8848,1.5,7.5,10^3/uL,1.4
606892,601904,600088,3024929,,2023-09-09,32856,396.8,,8848,150,400,10^3/uL,396.8
606893,601904,600088,3016723,,2023-09-09,32856,0.95,,8840,0.6,1.2,mg/dL,0.95
606894,601904,600088,3013721,,2023-09-09,32856,62.6,,8645,0,40,U/L,62.6
606895,601904,600088,3006923,,2023-09-09,32856,44.7,,8645,0,40,U/L,44.7
606896,601905,600088,3000963,,2023-09-30,32856,12.9,,8713,12,17,g/dL,12.9
606897,601905,600088,3010813,,2023-09-30,32856,6.7,,8848,4,10,10^3/uL,6.7
606898,601905,600088,3017732,,2023-09-30,32856,2.8,,8848,1.5,7.5,10^3/uL,2.8
606899,601905,600088,3024929,,2023-09-30,32856,214.5,,8848,150,400,10^3/uL,214.5
606900,601905,600088,3016723,,2023-09-30,32856,0.73,,8840,0.6,1.2,mg/dL,0.73
606901,601905,600088,3013721,,2023-09-30,32856,9.7,,8645,0,40,U/L,9.7
606902,601905,600088,3006923,,2023-09-30,32856,31.8,,8645,0,40,U/L,31.8
606903,601911,600088,3000963,,2024-02-04,32856,7.6,,8713,12,17,g/dL,7.6
606904,601911,600088,3022250,,2024-02-04,32856,247.7,,8645,120,250,U/L,247.7
606905,601912,600088,3000963,,2024-06-14,32856,14,,8713,12,17,g/dL,14.0
606906,601912,600088,3022250,,2024-06-14,32856,348.9,,8645,120,250,U/L,348.9
606907,601913,600088,3000963,,2024-12-10,32856,15.2,,8713,12,17,g/dL,15.2
606908,601913,600088,3022250,,2024-12-10,32856,265.6,,8645,120,250,U/L,265.6
606909,601914,600088,3000963,,2025-05-25,32856,14.6,,8713,12,17,g/dL,14.6
606910,601914,600088,3022250,,2025-05-25,32856,243.6,,8645,120,250,U/L,243.6
606911,601915,600088,3000963,,2025-10-15,32856,12.7,,8713,12,17,g/dL,12.7
606912,601915,600088,3022250,,2025-10-15,32856,204.2,,8645,120,250,U/L,204.2
606913,601916,600088,3000963,,2026-01-19,32856,11.6,,8713,12,17,g/dL,11.6
606914,601916,600088,3022250,,2026-01-19,32856,195,,8645,120,250,U/L,195.0
606915,601917,600088,3000963,,2026-07-14,32856,15.5,,8713,12,17,g/dL,15.5
606916,601917,600088,3022250,,2026-07-14,32856,163.9,,8645,120,250,U/L,163.9
606917,601918,600089,3000963,,2024-03-06,32856,13.6,,8713,12,17,g/dL,13.6
606918,601918,600089,3010813,,2024-03-06,32856,4.1,,8848,4,10,10^3/uL,4.1
606919,601918,600089,3017732,,2024-03-06,32856,2.6,,8848,1.5,7.5,10^3/uL,2.6
606920,601918,600089,3024929,,2024-03-06,32856,130.1,,8848,150,400,10^3/uL,130.1
606921,601918,600089,3016723,,2024-03-06,32856,0.98,,8840,0.6,1.2,mg/dL,0.98
606922,601918,600089,3013721,,2024-03-06,32856,30.8,,8645,0,40,U/L,30.8
606923,601918,600089,3006923,,2024-03-06,32856,74.1,,8645,0,40,U/L,74.1
606924,601918,600089,3020491,,2024-03-06,32856,4.71,,8713,3.5,5.2,g/dL,4.71
606925,601918,600089,3024128,,2024-03-06,32856,0.87,,8840,0.2,1.2,mg/dL,0.87
606926,601918,600089,3022250,,2024-03-06,32856,334.4,,8645,120,250,U/L,334.4
606927,601918,600089,3006315,,2024-03-06,32856,1.4,,8859,0.8,2.2,mg/L,1.4
606928,601918,600089,3036277,,2024-03-06,32856,160.6,,8582,150,185,cm,160.6
606929,601918,600089,3025315,,2024-03-06,32856,48.2,,9529,45,90,kg,48.2
606930,601919,600089,3000963,,2024-03-30,32856,10.5,,8713,12,17,g/dL,10.5
606931,601919,600089,3010813,,2024-03-30,32856,6.2,,8848,4,10,10^3/uL,6.2
606932,601919,600089,3017732,,2024-03-30,32856,4.2,,8848,1.5,7.5,10^3/uL,4.2
606933,601919,600089,3024929,,2024-03-30,32856,154.1,,8848,150,400,10^3/uL,154.1
606934,601919,600089,3016723,,2024-03-30,32856,1.04,,8840,0.6,1.2,mg/dL,1.04
606935,601919,600089,3013721,,2024-03-30,32856,26.1,,8645,0,40,U/L,26.1
606936,601919,600089,3006923,,2024-03-30,32856,73.2,,8645,0,40,U/L,73.2
606937,601920,600089,3000963,,2024-04-20,32856,12,,8713,12,17,g/dL,12.0
606938,601920,600089,3010813,,2024-04-20,32856,8.6,,8848,4,10,10^3/uL,8.6
606939,601920,600089,3017732,,2024-04-20,32856,0,,8848,1.5,7.5,10^3/uL,0
606940,601920,600089,3024929,,2024-04-20,32856,135.5,,8848,150,400,10^3/uL,135.5
606941,601920,600089,3016723,,2024-04-20,32856,0.82,,8840,0.6,1.2,mg/dL,0.82
606942,601920,600089,3013721,,2024-04-20,32856,42.5,,8645,0,40,U/L,42.5
606943,601920,600089,3006923,,2024-04-20,32856,100.9,,8645,0,40,U/L,100.9
606944,601921,600089,3000963,,2024-05-11,32856,10.7,,8713,12,17,g/dL,10.7
606945,601921,600089,3010813,,2024-05-11,32856,7.2,,8848,4,10,10^3/uL,7.2
606946,601921,600089,3017732,,2024-05-11,32856,1.9,,8848,1.5,7.5,10^3/uL,1.9
606947,601921,600089,3024929,,2024-05-11,32856,315.5,,8848,150,400,10^3/uL,315.5
606948,601921,600089,3016723,,2024-05-11,32856,1.23,,8840,0.6,1.2,mg/dL,1.23
606949,601921,600089,3013721,,2024-05-11,32856,41.5,,8645,0,40,U/L,41.5
606950,601921,600089,3006923,,2024-05-11,32856,21.8,,8645,0,40,U/L,21.8
606951,601922,600089,3000963,,2024-06-01,32856,12.9,,8713,12,17,g/dL,12.9
606952,601922,600089,3010813,,2024-06-01,32856,5,,8848,4,10,10^3/uL,5.0
606953,601922,600089,3017732,,2024-06-01,32856,3.4,,8848,1.5,7.5,10^3/uL,3.4
606954,601922,600089,3024929,,2024-06-01,32856,229.3,,8848,150,400,10^3/uL,229.3
606955,601922,600089,3016723,,2024-06-01,32856,1.49,,8840,0.6,1.2,mg/dL,1.49
606956,601922,600089,3013721,,2024-06-01,32856,37.4,,8645,0,40,U/L,37.4
606957,601922,600089,3006923,,2024-06-01,32856,10,,8645,0,40,U/L,10.0
606958,601923,600089,3000963,,2024-06-22,32856,12.8,,8713,12,17,g/dL,12.8
606959,601923,600089,3010813,,2024-06-22,32856,5.7,,8848,4,10,10^3/uL,5.7
606960,601923,600089,3017732,,2024-06-22,32856,1.2,,8848,1.5,7.5,10^3/uL,1.2
606961,601923,600089,3024929,,2024-06-22,32856,275.6,,8848,150,400,10^3/uL,275.6
606962,601923,600089,3016723,,2024-06-22,32856,1.03,,8840,0.6,1.2,mg/dL,1.03
606963,601923,600089,3013721,,2024-06-22,32856,27.4,,8645,0,40,U/L,27.4
606964,601923,600089,3006923,,2024-06-22,32856,48.7,,8645,0,40,U/L,48.7
606965,601924,600089,3000963,,2024-07-13,32856,12.6,,8713,12,17,g/dL,12.6
606966,601924,600089,3010813,,2024-07-13,32856,3.7,,8848,4,10,10^3/uL,3.7
606967,601924,600089,3017732,,2024-07-13,32856,0,,8848,1.5,7.5,10^3/uL,0
606968,601924,600089,3024929,,2024-07-13,32856,184.2,,8848,150,400,10^3/uL,184.2
606969,601924,600089,3016723,,2024-07-13,32856,1.19,,8840,0.6,1.2,mg/dL,1.19
606970,601924,600089,3013721,,2024-07-13,32856,34.9,,8645,0,40,U/L,34.9
606971,601924,600089,3006923,,2024-07-13,32856,20.2,,8645,0,40,U/L,20.2
606972,601928,600089,3000963,,2024-11-08,32856,14.8,,8713,12,17,g/dL,14.8
606973,601928,600089,3022250,,2024-11-08,32856,229,,8645,120,250,U/L,229.0
606974,601929,600089,3000963,,2025-05-03,32856,13.2,,8713,12,17,g/dL,13.2
606975,601929,600089,3022250,,2025-05-03,32856,356.2,,8645,120,250,U/L,356.2
606976,601930,600089,3000963,,2025-08-17,32856,13.8,,8713,12,17,g/dL,13.8
606977,601930,600089,3022250,,2025-08-17,32856,420.8,,8645,120,250,U/L,420.8
606978,601931,600089,3000963,,2026-02-14,32856,12.7,,8713,12,17,g/dL,12.7
606979,601931,600089,3022250,,2026-02-14,32856,141.4,,8645,120,250,U/L,141.4
606980,601932,600089,3000963,,2026-08-02,32856,12.2,,8713,12,17,g/dL,12.2
606981,601932,600089,3022250,,2026-08-02,32856,216.7,,8645,120,250,U/L,216.7
606982,601933,600090,3000963,,2022-09-10,32856,11.5,,8713,12,17,g/dL,11.5
606983,601933,600090,3010813,,2022-09-10,32856,6,,8848,4,10,10^3/uL,6.0
606984,601933,600090,3017732,,2022-09-10,32856,4.8,,8848,1.5,7.5,10^3/uL,4.8
606985,601933,600090,3024929,,2022-09-10,32856,262.4,,8848,150,400,10^3/uL,262.4
606986,601933,600090,3016723,,2022-09-10,32856,0.82,,8840,0.6,1.2,mg/dL,0.82
606987,601933,600090,3013721,,2022-09-10,32856,20.2,,8645,0,40,U/L,20.2
606988,601933,600090,3006923,,2022-09-10,32856,49.9,,8645,0,40,U/L,49.9
606989,601933,600090,3020491,,2022-09-10,32856,4.23,,8713,3.5,5.2,g/dL,4.23
606990,601933,600090,3024128,,2022-09-10,32856,1.19,,8840,0.2,1.2,mg/dL,1.19
606991,601933,600090,3022250,,2022-09-10,32856,275.9,,8645,120,250,U/L,275.9
606992,601933,600090,3006315,,2022-09-10,32856,1.6,,8859,0.8,2.2,mg/L,1.6
606993,601933,600090,3036277,,2022-09-10,32856,181.9,,8582,150,185,cm,181.9
606994,601933,600090,3025315,,2022-09-10,32856,49.8,,9529,45,90,kg,49.8
606995,601934,600090,3000963,,2022-09-26,32856,11.6,,8713,12,17,g/dL,11.6
606996,601934,600090,3010813,,2022-09-26,32856,8.4,,8848,4,10,10^3/uL,8.4
606997,601934,600090,3017732,,2022-09-26,32856,6.1,,8848,1.5,7.5,10^3/uL,6.1
606998,601934,600090,3024929,,2022-09-26,32856,289,,8848,150,400,10^3/uL,289.0
606999,601934,600090,3016723,,2022-09-26,32856,1.02,,8840,0.6,1.2,mg/dL,1.02
607000,601934,600090,3013721,,2022-09-26,32856,59.4,,8645,0,40,U/L,59.4
607001,601934,600090,3006923,,2022-09-26,32856,55.2,,8645,0,40,U/L,55.2
607002,601935,600090,3000963,,2022-10-17,32856,11.3,,8713,12,17,g/dL,11.3
607003,601935,600090,3010813,,2022-10-17,32856,9.5,,8848,4,10,10^3/uL,9.5
607004,601935,600090,3017732,,2022-10-17,32856,0,,8848,1.5,7.5,10^3/uL,0
607005,601935,600090,3024929,,2022-10-17,32856,261.6,,8848,150,400,10^3/uL,261.6
607006,601935,600090,3016723,,2022-10-17,32856,0.83,,8840,0.6,1.2,mg/dL,0.83
607007,601935,600090,3013721,,2022-10-17,32856,23.8,,8645,0,40,U/L,23.8
607008,601935,600090,3006923,,2022-10-17,32856,27.2,,8645,0,40,U/L,27.2
607009,601936,600090,3000963,,2022-11-07,32856,10.7,,8713,12,17,g/dL,10.7
607010,601936,600090,3010813,,2022-11-07,32856,2.6,,8848,4,10,10^3/uL,2.6
607011,601936,600090,3017732,,2022-11-07,32856,2.2,,8848,1.5,7.5,10^3/uL,2.2
607012,601936,600090,3024929,,2022-11-07,32856,319.1,,8848,150,400,10^3/uL,319.1
607013,601936,600090,3016723,,2022-11-07,32856,0.75,,8840,0.6,1.2,mg/dL,0.75
607014,601936,600090,3013721,,2022-11-07,32856,48.6,,8645,0,40,U/L,48.6
607015,601936,600090,3006923,,2022-11-07,32856,14.2,,8645,0,40,U/L,14.2
607016,601937,600090,3000963,,2022-11-28,32856,11.4,,8713,12,17,g/dL,11.4
607017,601937,600090,3010813,,2022-11-28,32856,6.5,,8848,4,10,10^3/uL,6.5
607018,601937,600090,3017732,,2022-11-28,32856,2.7,,8848,1.5,7.5,10^3/uL,2.7
607019,601937,600090,3024929,,2022-11-28,32856,157.8,,8848,150,400,10^3/uL,157.8
607020,601937,600090,3016723,,2022-11-28,32856,0.49,,8840,0.6,1.2,mg/dL,0.49
607021,601937,600090,3013721,,2022-11-28,32856,64.2,,8645,0,40,U/L,64.2
607022,601937,600090,3006923,,2022-11-28,32856,30.5,,8645,0,40,U/L,30.5
607023,601942,600090,3000963,,2023-03-25,32856,13.3,,8713,12,17,g/dL,13.3
607024,601942,600090,3022250,,2023-03-25,32856,328.4,,8645,120,250,U/L,328.4
607025,601943,600090,3000963,,2023-09-26,32856,10.6,,8713,12,17,g/dL,10.6
607026,601943,600090,3022250,,2023-09-26,32856,308.5,,8645,120,250,U/L,308.5
607027,601944,600090,3000963,,2024-02-09,32856,11.5,,8713,12,17,g/dL,11.5
607028,601944,600090,3022250,,2024-02-09,32856,212,,8645,120,250,U/L,212.0
607029,601945,600090,3000963,,2024-06-10,32856,12.7,,8713,12,17,g/dL,12.7
607030,601945,600090,3022250,,2024-06-10,32856,314.5,,8645,120,250,U/L,314.5
607031,601946,600090,3000963,,2024-11-30,32856,10.1,,8713,12,17,g/dL,10.1
607032,601946,600090,3022250,,2024-11-30,32856,205.4,,8645,120,250,U/L,205.4
607033,601947,600090,3000963,,2025-04-19,32856,12.9,,8713,12,17,g/dL,12.9
607034,601947,600090,3022250,,2025-04-19,32856,131.9,,8645,120,250,U/L,131.9
607035,601948,600090,3000963,,2025-07-23,32856,11.9,,8713,12,17,g/dL,11.9
607036,601948,600090,3022250,,2025-07-23,32856,175.4,,8645,120,250,U/L,175.4
607037,601949,600090,3000963,,2025-12-10,32856,10.8,,8713,12,17,g/dL,10.8
607038,601949,600090,3022250,,2025-12-10,32856,385.7,,8645,120,250,U/L,385.7
607039,601950,600090,3000963,,2026-05-06,32856,10.2,,8713,12,17,g/dL,10.2
607040,601950,600090,3022250,,2026-05-06,32856,138.1,,8645,120,250,U/L,138.1
607041,601951,600091,3000963,,2021-01-15,32856,13,,8713,12,17,g/dL,13.0
607042,601951,600091,3010813,,2021-01-15,32856,3.8,,8848,4,10,10^3/uL,3.8
607043,601951,600091,3017732,,2021-01-15,32856,0.6,,8848,1.5,7.5,10^3/uL,0.6
607044,601951,600091,3024929,,2021-01-15,32856,161.4,,8848,150,400,10^3/uL,161.4
607045,601951,600091,3016723,,2021-01-15,32856,0.93,,8840,0.6,1.2,mg/dL,0.93
607046,601951,600091,3013721,,2021-01-15,32856,83.5,,8645,0,40,U/L,83.5
607047,601951,600091,3006923,,2021-01-15,32856,58.9,,8645,0,40,U/L,58.9
607048,601951,600091,3020491,,2021-01-15,32856,4,,8713,3.5,5.2,g/dL,4.0
607049,601951,600091,3024128,,2021-01-15,32856,0.44,,8840,0.2,1.2,mg/dL,0.44
607050,601951,600091,3022250,,2021-01-15,32856,149.2,,8645,120,250,U/L,149.2
607051,601951,600091,3006315,,2021-01-15,32856,3.8,,8859,0.8,2.2,mg/L,3.8
607052,601951,600091,3036277,,2021-01-15,32856,152.9,,8582,150,185,cm,152.9
607053,601951,600091,3025315,,2021-01-15,32856,42.4,,9529,45,90,kg,42.4
607054,601952,600091,3000963,,2021-04-18,32856,12.5,,8713,12,17,g/dL,12.5
607055,601952,600091,3022250,,2021-04-18,32856,214,,8645,120,250,U/L,214.0
607056,601953,600091,3000963,,2021-08-09,32856,14.7,,8713,12,17,g/dL,14.7
607057,601953,600091,3022250,,2021-08-09,32856,221.2,,8645,120,250,U/L,221.2
607058,601954,600091,3000963,,2022-02-08,32856,12.5,,8713,12,17,g/dL,12.5
607059,601954,600091,3022250,,2022-02-08,32856,338.4,,8645,120,250,U/L,338.4
607060,601955,600091,3000963,,2022-07-01,32856,10,,8713,12,17,g/dL,10.0
607061,601955,600091,3022250,,2022-07-01,32856,441.3,,8645,120,250,U/L,441.3
607062,601956,600091,3000963,,2022-11-02,32856,10.4,,8713,12,17,g/dL,10.4
607063,601956,600091,3022250,,2022-11-02,32856,350.3,,8645,120,250,U/L,350.3
607064,601957,600091,3000963,,2023-02-23,32856,13,,8713,12,17,g/dL,13.0
607065,601957,600091,3022250,,2023-02-23,32856,295,,8645,120,250,U/L,295.0
607066,601958,600091,3000963,,2023-05-19,32856,9.8,,8713,12,17,g/dL,9.8
607067,601958,600091,3022250,,2023-05-19,32856,242.5,,8645,120,250,U/L,242.5
607068,601959,600091,3000963,,2023-09-11,32856,13.1,,8713,12,17,g/dL,13.1
607069,601959,600091,3022250,,2023-09-11,32856,362.7,,8645,120,250,U/L,362.7
607070,601960,600091,3000963,,2024-01-04,32856,11.3,,8713,12,17,g/dL,11.3
607071,601960,600091,3022250,,2024-01-04,32856,193.6,,8645,120,250,U/L,193.6
607072,601961,600091,3000963,,2024-04-03,32856,13.1,,8713,12,17,g/dL,13.1
607073,601961,600091,3022250,,2024-04-03,32856,439,,8645,120,250,U/L,439.0
607074,601962,600091,3000963,,2024-07-07,32856,13.1,,8713,12,17,g/dL,13.1
607075,601962,600091,3022250,,2024-07-07,32856,103.6,,8645,120,250,U/L,103.6
607076,601963,600091,3000963,,2024-10-12,32856,16.3,,8713,12,17,g/dL,16.3
607077,601963,600091,3022250,,2024-10-12,32856,265.9,,8645,120,250,U/L,265.9
607078,601964,600092,3000963,,2020-08-21,32856,10.8,,8713,12,17,g/dL,10.8
607079,601964,600092,3010813,,2020-08-21,32856,5.4,,8848,4,10,10^3/uL,5.4
607080,601964,600092,3017732,,2020-08-21,32856,6.6,,8848,1.5,7.5,10^3/uL,6.6
607081,601964,600092,3024929,,2020-08-21,32856,192,,8848,150,400,10^3/uL,192.0
607082,601964,600092,3016723,,2020-08-21,32856,0.82,,8840,0.6,1.2,mg/dL,0.82
607083,601964,600092,3013721,,2020-08-21,32856,43.6,,8645,0,40,U/L,43.6
607084,601964,600092,3006923,,2020-08-21,32856,46.3,,8645,0,40,U/L,46.3
607085,601964,600092,3020491,,2020-08-21,32856,3.88,,8713,3.5,5.2,g/dL,3.88
607086,601964,600092,3024128,,2020-08-21,32856,1.21,,8840,0.2,1.2,mg/dL,1.21
607087,601964,600092,3022250,,2020-08-21,32856,182.8,,8645,120,250,U/L,182.8
607088,601964,600092,3006315,,2020-08-21,32856,1.8,,8859,0.8,2.2,mg/L,1.8
607089,601964,600092,3036277,,2020-08-21,32856,173,,8582,150,185,cm,173.0
607090,601964,600092,3025315,,2020-08-21,32856,72.4,,9529,45,90,kg,72.4
607091,601965,600092,3000963,,2020-08-31,32856,17.2,,8713,12,17,g/dL,17.2
607092,601965,600092,3010813,,2020-08-31,32856,5.1,,8848,4,10,10^3/uL,5.1
607093,601965,600092,3017732,,2020-08-31,32856,7.1,,8848,1.5,7.5,10^3/uL,7.1
607094,601965,600092,3024929,,2020-08-31,32856,203.3,,8848,150,400,10^3/uL,203.3
607095,601965,600092,3016723,,2020-08-31,32856,0.53,,8840,0.6,1.2,mg/dL,0.53
607096,601965,600092,3013721,,2020-08-31,32856,58.5,,8645,0,40,U/L,58.5
607097,601965,600092,3006923,,2020-08-31,32856,76.3,,8645,0,40,U/L,76.3
607098,601966,600092,3000963,,2020-09-14,32856,8.5,,8713,12,17,g/dL,8.5
607099,601966,600092,3010813,,2020-09-14,32856,4.2,,8848,4,10,10^3/uL,4.2
607100,601966,600092,3017732,,2020-09-14,32856,2.9,,8848,1.5,7.5,10^3/uL,2.9
607101,601966,600092,3024929,,2020-09-14,32856,114.5,,8848,150,400,10^3/uL,114.5
607102,601966,600092,3016723,,2020-09-14,32856,1.01,,8840,0.6,1.2,mg/dL,1.01
607103,601966,600092,3013721,,2020-09-14,32856,20.2,,8645,0,40,U/L,20.2
607104,601966,600092,3006923,,2020-09-14,32856,62.7,,8645,0,40,U/L,62.7
607105,601967,600092,3000963,,2020-09-28,32856,13.3,,8713,12,17,g/dL,13.3
607106,601967,600092,3010813,,2020-09-28,32856,8.6,,8848,4,10,10^3/uL,8.6
607107,601967,600092,3017732,,2020-09-28,32856,4,,8848,1.5,7.5,10^3/uL,4.0
607108,601967,600092,3024929,,2020-09-28,32856,68.3,,8848,150,400,10^3/uL,68.3
607109,601967,600092,3016723,,2020-09-28,32856,0.97,,8840,0.6,1.2,mg/dL,0.97
607110,601967,600092,3013721,,2020-09-28,32856,55.6,,8645,0,40,U/L,55.6
607111,601967,600092,3006923,,2020-09-28,32856,38.7,,8645,0,40,U/L,38.7
607112,601968,600092,3000963,,2020-10-12,32856,10.7,,8713,12,17,g/dL,10.7
607113,601968,600092,3010813,,2020-10-12,32856,7.1,,8848,4,10,10^3/uL,7.1
607114,601968,600092,3017732,,2020-10-12,32856,1.5,,8848,1.5,7.5,10^3/uL,1.5
607115,601968,600092,3024929,,2020-10-12,32856,227.5,,8848,150,400,10^3/uL,227.5
607116,601968,600092,3016723,,2020-10-12,32856,0.91,,8840,0.6,1.2,mg/dL,0.91
607117,601968,600092,3013721,,2020-10-12,32856,60.4,,8645,0,40,U/L,60.4
607118,601968,600092,3006923,,2020-10-12,32856,43.1,,8645,0,40,U/L,43.1
607119,601969,600092,3000963,,2020-10-26,32856,12.5,,8713,12,17,g/dL,12.5
607120,601969,600092,3010813,,2020-10-26,32856,9.3,,8848,4,10,10^3/uL,9.3
607121,601969,600092,3017732,,2020-10-26,32856,3.6,,8848,1.5,7.5,10^3/uL,3.6
607122,601969,600092,3024929,,2020-10-26,32856,189.8,,8848,150,400,10^3/uL,189.8
607123,601969,600092,3016723,,2020-10-26,32856,0.97,,8840,0.6,1.2,mg/dL,0.97
607124,601969,600092,3013721,,2020-10-26,32856,6.8,,8645,0,40,U/L,6.8
607125,601969,600092,3006923,,2020-10-26,32856,53,,8645,0,40,U/L,53.0
607126,601970,600092,3000963,,2020-11-09,32856,12.7,,8713,12,17,g/dL,12.7
607127,601970,600092,3010813,,2020-11-09,32856,5.8,,8848,4,10,10^3/uL,5.8
607128,601970,600092,3017732,,2020-11-09,32856,4,,8848,1.5,7.5,10^3/uL,4.0
607129,601970,600092,3024929,,2020-11-09,32856,235.9,,8848,150,400,10^3/uL,235.9
607130,601970,600092,3016723,,2020-11-09,32856,1.22,,8840,0.6,1.2,mg/dL,1.22
607131,601970,600092,3013721,,2020-11-09,32856,86,,8645,0,40,U/L,86.0
607132,601970,600092,3006923,,2020-11-09,32856,87.6,,8645,0,40,U/L,87.6
607133,601971,600092,3000963,,2020-11-23,32856,15.5,,8713,12,17,g/dL,15.5
607134,601971,600092,3010813,,2020-11-23,32856,5.7,,8848,4,10,10^3/uL,5.7
607135,601971,600092,3017732,,2020-11-23,32856,5.1,,8848,1.5,7.5,10^3/uL,5.1
607136,601971,600092,3024929,,2020-11-23,32856,139.5,,8848,150,400,10^3/uL,139.5
607137,601971,600092,3016723,,2020-11-23,32856,1.11,,8840,0.6,1.2,mg/dL,1.11
607138,601971,600092,3013721,,2020-11-23,32856,39.4,,8645,0,40,U/L,39.4
607139,601971,600092,3006923,,2020-11-23,32856,5,,8645,0,40,U/L,5.0
607140,601972,600092,3000963,,2020-12-07,32856,11.4,,8713,12,17,g/dL,11.4
607141,601972,600092,3010813,,2020-12-07,32856,7.5,,8848,4,10,10^3/uL,7.5
607142,601972,600092,3017732,,2020-12-07,32856,3.5,,8848,1.5,7.5,10^3/uL,3.5
607143,601972,600092,3024929,,2020-12-07,32856,228.6,,8848,150,400,10^3/uL,228.6
607144,601972,600092,3016723,,2020-12-07,32856,0.78,,8840,0.6,1.2,mg/dL,0.78
607145,601972,600092,3013721,,2020-12-07,32856,61.4,,8645,0,40,U/L,61.4
607146,601972,600092,3006923,,2020-12-07,32856,33.7,,8645,0,40,U/L,33.7
607147,601981,600092,3000963,,2021-05-24,32856,9.6,,8713,12,17,g/dL,9.6
607148,601981,600092,3022250,,2021-05-24,32856,165.6,,8645,120,250,U/L,165.6
607149,601982,600092,3000963,,2021-08-28,32856,14.4,,8713,12,17,g/dL,14.4
607150,601982,600092,3022250,,2021-08-28,32856,598,,8645,120,250,U/L,598.0
607151,601983,600092,3000963,,2021-12-17,32856,13.1,,8713,12,17,g/dL,13.1
607152,601983,600092,3022250,,2021-12-17,32856,146.2,,8645,120,250,U/L,146.2
607153,601984,600092,3000963,,2022-03-26,32856,13.3,,8713,12,17,g/dL,13.3
607154,601984,600092,3022250,,2022-03-26,32856,201,,8645,120,250,U/L,201.0
607155,601985,600092,3000963,,2022-07-31,32856,13.2,,8713,12,17,g/dL,13.2
607156,601985,600092,3022250,,2022-07-31,32856,394.7,,8645,120,250,U/L,394.7
607157,601986,600092,3000963,,2022-12-31,32856,11.2,,8713,12,17,g/dL,11.2
607158,601986,600092,3022250,,2022-12-31,32856,170.1,,8645,120,250,U/L,170.1
607159,601987,600092,3000963,,2023-04-25,32856,13.6,,8713,12,17,g/dL,13.6
607160,601987,600092,3022250,,2023-04-25,32856,216.5,,8645,120,250,U/L,216.5
607161,601988,600092,3000963,,2023-09-18,32856,14.5,,8713,12,17,g/dL,14.5
607162,601988,600092,3022250,,2023-09-18,32856,168.3,,8645,120,250,U/L,168.3
607163,601989,600092,3000963,,2024-02-10,32856,14.6,,8713,12,17,g/dL,14.6
607164,601989,600092,3022250,,2024-02-10,32856,502.9,,8645,120,250,U/L,502.9
607165,601990,600092,3000963,,2024-07-14,32856,15,,8713,12,17,g/dL,15.0
607166,601990,600092,3022250,,2024-07-14,32856,347.7,,8645,120,250,U/L,347.7
607167,601991,600092,3000963,,2025-01-10,32856,14.4,,8713,12,17,g/dL,14.4
607168,601991,600092,3022250,,2025-01-10,32856,194.2,,8645,120,250,U/L,194.2
607169,601992,600092,3000963,,2025-05-15,32856,12.1,,8713,12,17,g/dL,12.1
607170,601992,600092,3022250,,2025-05-15,32856,112.4,,8645,120,250,U/L,112.4
607171,601993,600093,3000963,,2023-01-07,32856,10.3,,8713,12,17,g/dL,10.3
607172,601993,600093,3010813,,2023-01-07,32856,5.1,,8848,4,10,10^3/uL,5.1
607173,601993,600093,3017732,,2023-01-07,32856,5.3,,8848,1.5,7.5,10^3/uL,5.3
607174,601993,600093,3024929,,2023-01-07,32856,144.3,,8848,150,400,10^3/uL,144.3
607175,601993,600093,3016723,,2023-01-07,32856,0.99,,8840,0.6,1.2,mg/dL,0.99
607176,601993,600093,3013721,,2023-01-07,32856,26.6,,8645,0,40,U/L,26.6
607177,601993,600093,3006923,,2023-01-07,32856,35.3,,8645,0,40,U/L,35.3
607178,601993,600093,3020491,,2023-01-07,32856,3.51,,8713,3.5,5.2,g/dL,3.51
607179,601993,600093,3024128,,2023-01-07,32856,0.75,,8840,0.2,1.2,mg/dL,0.75
607180,601993,600093,3022250,,2023-01-07,32856,571.9,,8645,120,250,U/L,571.9
607181,601993,600093,3006315,,2023-01-07,32856,2.3,,8859,0.8,2.2,mg/L,2.3
607182,601993,600093,3036277,,2023-01-07,32856,163.7,,8582,150,185,cm,163.7
607183,601993,600093,3025315,,2023-01-07,32856,61.1,,9529,45,90,kg,61.1
607184,601994,600093,3000963,,2023-01-25,32856,13.1,,8713,12,17,g/dL,13.1
607185,601994,600093,3010813,,2023-01-25,32856,6.8,,8848,4,10,10^3/uL,6.8
607186,601994,600093,3017732,,2023-01-25,32856,3.9,,8848,1.5,7.5,10^3/uL,3.9
607187,601994,600093,3024929,,2023-01-25,32856,227.1,,8848,150,400,10^3/uL,227.1
607188,601994,600093,3016723,,2023-01-25,32856,1.2,,8840,0.6,1.2,mg/dL,1.2
607189,601994,600093,3013721,,2023-01-25,32856,40.7,,8645,0,40,U/L,40.7
607190,601994,600093,3006923,,2023-01-25,32856,50.8,,8645,0,40,U/L,50.8
607191,601995,600093,3000963,,2023-02-15,32856,11.8,,8713,12,17,g/dL,11.8
607192,601995,600093,3010813,,2023-02-15,32856,6.6,,8848,4,10,10^3/uL,6.6
607193,601995,600093,3017732,,2023-02-15,32856,3.8,,8848,1.5,7.5,10^3/uL,3.8
607194,601995,600093,3024929,,2023-02-15,32856,242.2,,8848,150,400,10^3/uL,242.2
607195,601995,600093,3016723,,2023-02-15,32856,0.66,,8840,0.6,1.2,mg/dL,0.66
607196,601995,600093,3013721,,2023-02-15,32856,0.9,,8645,0,40,U/L,0.9
607197,601995,600093,3006923,,2023-02-15,32856,69.8,,8645,0,40,U/L,69.8
607198,601996,600093,3000963,,2023-03-08,32856,9.1,,8713,12,17,g/dL,9.1
607199,601996,600093,3010813,,2023-03-08,32856,10.2,,8848,4,10,10^3/uL,10.2
607200,601996,600093,3017732,,2023-03-08,32856,6.3,,8848,1.5,7.5,10^3/uL,6.3
607201,601996,600093,3024929,,2023-03-08,32856,216.4,,8848,150,400,10^3/uL,216.4
607202,601996,600093,3016723,,2023-03-08,32856,1.01,,8840,0.6,1.2,mg/dL,1.01
607203,601996,600093,3013721,,2023-03-08,32856,40.7,,8645,0,40,U/L,40.7
607204,601996,600093,3006923,,2023-03-08,32856,68.4,,8645,0,40,U/L,68.4
607205,601997,600093,3000963,,2023-03-29,32856,9.4,,8713,12,17,g/dL,9.4
607206,601997,600093,3010813,,2023-03-29,32856,9.4,,8848,4,10,10^3/uL,9.4
607207,601997,600093,3017732,,2023-03-29,32856,0.8,,8848,1.5,7.5,10^3/uL,0.8
607208,601997,600093,3024929,,2023-03-29,32856,249.1,,8848,150,400,10^3/uL,249.1
607209,601997,600093,3016723,,2023-03-29,32856,0.62,,8840,0.6,1.2,mg/dL,0.62
607210,601997,600093,3013721,,2023-03-29,32856,13,,8645,0,40,U/L,13.0
607211,601997,600093,3006923,,2023-03-29,32856,39.6,,8645,0,40,U/L,39.6
607212,601998,600093,3000963,,2023-04-19,32856,10.2,,8713,12,17,g/dL,10.2
607213,601998,600093,3010813,,2023-04-19,32856,5.3,,8848,4,10,10^3/uL,5.3
607214,601998,600093,3017732,,2023-04-19,32856,2.4,,8848,1.5,7.5,10^3/uL,2.4
607215,601998,600093,3024929,,2023-04-19,32856,188.4,,8848,150,400,10^3/uL,188.4
607216,601998,600093,3016723,,2023-04-19,32856,0.82,,8840,0.6,1.2,mg/dL,0.82
607217,601998,600093,3013721,,2023-04-19,32856,33.9,,8645,0,40,U/L,33.9
607218,601998,600093,3006923,,2023-04-19,32856,92,,8645,0,40,U/L,92.0
607219,601999,600093,3000963,,2023-05-10,32856,10.3,,8713,12,17,g/dL,10.3
607220,601999,600093,3010813,,2023-05-10,32856,6,,8848,4,10,10^3/uL,6.0
607221,601999,600093,3017732,,2023-05-10,32856,0,,8848,1.5,7.5,10^3/uL,0
607222,601999,600093,3024929,,2023-05-10,32856,278.7,,8848,150,400,10^3/uL,278.7
607223,601999,600093,3016723,,2023-05-10,32856,1.27,,8840,0.6,1.2,mg/dL,1.27
607224,601999,600093,3013721,,2023-05-10,32856,19.5,,8645,0,40,U/L,19.5
607225,601999,600093,3006923,,2023-05-10,32856,68.7,,8645,0,40,U/L,68.7
607226,602005,600093,3000963,,2023-07-17,32856,12.3,,8713,12,17,g/dL,12.3
607227,602005,600093,3010813,,2023-07-17,32856,2.9,,8848,4,10,10^3/uL,2.9
607228,602005,600093,3017732,,2023-07-17,32856,5.9,,8848,1.5,7.5,10^3/uL,5.9
607229,602005,600093,3024929,,2023-07-17,32856,191.8,,8848,150,400,10^3/uL,191.8
607230,602005,600093,3016723,,2023-07-17,32856,0.79,,8840,0.6,1.2,mg/dL,0.79
607231,602005,600093,3013721,,2023-07-17,32856,66.5,,8645,0,40,U/L,66.5
607232,602005,600093,3006923,,2023-07-17,32856,16.7,,8645,0,40,U/L,16.7
607233,602006,600093,3000963,,2023-09-11,32856,13.6,,8713,12,17,g/dL,13.6
607234,602006,600093,3010813,,2023-09-11,32856,5.2,,8848,4,10,10^3/uL,5.2
607235,602006,600093,3017732,,2023-09-11,32856,3.3,,8848,1.5,7.5,10^3/uL,3.3
607236,602006,600093,3024929,,2023-09-11,32856,90.1,,8848,150,400,10^3/uL,90.1
607237,602006,600093,3016723,,2023-09-11,32856,0.93,,8840,0.6,1.2,mg/dL,0.93
607238,602006,600093,3013721,,2023-09-11,32856,33.7,,8645,0,40,U/L,33.7
607239,602006,600093,3006923,,2023-09-11,32856,50.7,,8645,0,40,U/L,50.7
607240,602007,600093,3000963,,2023-11-06,32856,8.8,,8713,12,17,g/dL,8.8
607241,602007,600093,3010813,,2023-11-06,32856,7.2,,8848,4,10,10^3/uL,7.2
607242,602007,600093,3017732,,2023-11-06,32856,1.1,,8848,1.5,7.5,10^3/uL,1.1
607243,602007,600093,3024929,,2023-11-06,32856,236.7,,8848,150,400,10^3/uL,236.7
607244,602007,600093,3016723,,2023-11-06,32856,0.73,,8840,0.6,1.2,mg/dL,0.73
607245,602007,600093,3013721,,2023-11-06,32856,58.5,,8645,0,40,U/L,58.5
607246,602007,600093,3006923,,2023-11-06,32856,60.9,,8645,0,40,U/L,60.9
607247,602008,600093,3000963,,2024-01-01,32856,14,,8713,12,17,g/dL,14.0
607248,602008,600093,3010813,,2024-01-01,32856,5.2,,8848,4,10,10^3/uL,5.2
607249,602008,600093,3017732,,2024-01-01,32856,1.1,,8848,1.5,7.5,10^3/uL,1.1
607250,602008,600093,3024929,,2024-01-01,32856,268,,8848,150,400,10^3/uL,268.0
607251,602008,600093,3016723,,2024-01-01,32856,0.97,,8840,0.6,1.2,mg/dL,0.97
607252,602008,600093,3013721,,2024-01-01,32856,44.4,,8645,0,40,U/L,44.4
607253,602008,600093,3006923,,2024-01-01,32856,99,,8645,0,40,U/L,99.0
607254,602009,600093,3000963,,2024-02-26,32856,9.4,,8713,12,17,g/dL,9.4
607255,602009,600093,3010813,,2024-02-26,32856,6.7,,8848,4,10,10^3/uL,6.7
607256,602009,600093,3017732,,2024-02-26,32856,5.2,,8848,1.5,7.5,10^3/uL,5.2
607257,602009,600093,3024929,,2024-02-26,32856,208.7,,8848,150,400,10^3/uL,208.7
607258,602009,600093,3016723,,2024-02-26,32856,1.17,,8840,0.6,1.2,mg/dL,1.17
607259,602009,600093,3013721,,2024-02-26,32856,74.1,,8645,0,40,U/L,74.1
607260,602009,600093,3006923,,2024-02-26,32856,49.1,,8645,0,40,U/L,49.1
607261,602011,600093,3000963,,2024-06-10,32856,14,,8713,12,17,g/dL,14.0
607262,602011,600093,3022250,,2024-06-10,32856,395.4,,8645,120,250,U/L,395.4
607263,602012,600093,3000963,,2024-10-17,32856,11.8,,8713,12,17,g/dL,11.8
607264,602012,600093,3022250,,2024-10-17,32856,287,,8645,120,250,U/L,287.0
607265,602013,600093,3000963,,2025-03-24,32856,13.7,,8713,12,17,g/dL,13.7
607266,602013,600093,3022250,,2025-03-24,32856,128.7,,8645,120,250,U/L,128.7
607267,602014,600093,3000963,,2025-06-28,32856,11.7,,8713,12,17,g/dL,11.7
607268,602014,600093,3022250,,2025-06-28,32856,243.1,,8645,120,250,U/L,243.1
607269,602015,600093,3000963,,2025-11-14,32856,12.2,,8713,12,17,g/dL,12.2
607270,602015,600093,3022250,,2025-11-14,32856,290.3,,8645,120,250,U/L,290.3
607271,602016,600093,3000963,,2026-02-27,32856,13.4,,8713,12,17,g/dL,13.4
607272,602016,600093,3022250,,2026-02-27,32856,199.1,,8645,120,250,U/L,199.1
607273,602017,600094,3000963,,2019-12-10,32856,12.1,,8713,12,17,g/dL,12.1
607274,602017,600094,3010813,,2019-12-10,32856,5.7,,8848,4,10,10^3/uL,5.7
607275,602017,600094,3017732,,2019-12-10,32856,1.5,,8848,1.5,7.5,10^3/uL,1.5
607276,602017,600094,3024929,,2019-12-10,32856,147.7,,8848,150,400,10^3/uL,147.7
607277,602017,600094,3016723,,2019-12-10,32856,0.92,,8840,0.6,1.2,mg/dL,0.92
607278,602017,600094,3013721,,2019-12-10,32856,34.4,,8645,0,40,U/L,34.4
607279,602017,600094,3006923,,2019-12-10,32856,51.2,,8645,0,40,U/L,51.2
607280,602017,600094,3020491,,2019-12-10,32856,4.07,,8713,3.5,5.2,g/dL,4.07
607281,602017,600094,3024128,,2019-12-10,32856,1.97,,8840,0.2,1.2,mg/dL,1.97
607282,602017,600094,3022250,,2019-12-10,32856,325.4,,8645,120,250,U/L,325.4
607283,602017,600094,3006315,,2019-12-10,32856,1.2,,8859,0.8,2.2,mg/L,1.2
607284,602017,600094,3036277,,2019-12-10,32856,150.5,,8582,150,185,cm,150.5
607285,602017,600094,3025315,,2019-12-10,32856,56.9,,9529,45,90,kg,56.9
607286,602018,600094,3000963,,2020-01-03,32856,10.5,,8713,12,17,g/dL,10.5
607287,602018,600094,3010813,,2020-01-03,32856,2.3,,8848,4,10,10^3/uL,2.3
607288,602018,600094,3017732,,2020-01-03,32856,6,,8848,1.5,7.5,10^3/uL,6.0
607289,602018,600094,3024929,,2020-01-03,32856,179.2,,8848,150,400,10^3/uL,179.2
607290,602018,600094,3016723,,2020-01-03,32856,1.34,,8840,0.6,1.2,mg/dL,1.34
607291,602018,600094,3013721,,2020-01-03,32856,70.3,,8645,0,40,U/L,70.3
607292,602018,600094,3006923,,2020-01-03,32856,0,,8645,0,40,U/L,0
607293,602019,600094,3000963,,2020-01-24,32856,14.3,,8713,12,17,g/dL,14.3
607294,602019,600094,3010813,,2020-01-24,32856,4.6,,8848,4,10,10^3/uL,4.6
607295,602019,600094,3017732,,2020-01-24,32856,1.6,,8848,1.5,7.5,10^3/uL,1.6
607296,602019,600094,3024929,,2020-01-24,32856,263.1,,8848,150,400,10^3/uL,263.1
607297,602019,600094,3016723,,2020-01-24,32856,1.24,,8840,0.6,1.2,mg/dL,1.24
607298,602019,600094,3013721,,2020-01-24,32856,60.3,,8645,0,40,U/L,60.3
607299,602019,600094,3006923,,2020-01-24,32856,11.4,,8645,0,40,U/L,11.4
607300,602020,600094,3000963,,2020-02-14,32856,10.2,,8713,12,17,g/dL,10.2
607301,602020,600094,3010813,,2020-02-14,32856,9.9,,8848,4,10,10^3/uL,9.9
607302,602020,600094,3017732,,2020-02-14,32856,4,,8848,1.5,7.5,10^3/uL,4.0
607303,602020,600094,3024929,,2020-02-14,32856,123.2,,8848,150,400,10^3/uL,123.2
607304,602020,600094,3016723,,2020-02-14,32856,1.12,,8840,0.6,1.2,mg/dL,1.12
607305,602020,600094,3013721,,2020-02-14,32856,32.2,,8645,0,40,U/L,32.2
607306,602020,600094,3006923,,2020-02-14,32856,61.1,,8645,0,40,U/L,61.1
607307,602021,600094,3000963,,2020-03-06,32856,11.4,,8713,12,17,g/dL,11.4
607308,602021,600094,3010813,,2020-03-06,32856,8,,8848,4,10,10^3/uL,8.0
607309,602021,600094,3017732,,2020-03-06,32856,2.4,,8848,1.5,7.5,10^3/uL,2.4
607310,602021,600094,3024929,,2020-03-06,32856,189.9,,8848,150,400,10^3/uL,189.9
607311,602021,600094,3016723,,2020-03-06,32856,0.91,,8840,0.6,1.2,mg/dL,0.91
607312,602021,600094,3013721,,2020-03-06,32856,25.8,,8645,0,40,U/L,25.8
607313,602021,600094,3006923,,2020-03-06,32856,52.7,,8645,0,40,U/L,52.7
607314,602022,600094,3000963,,2020-03-27,32856,11.7,,8713,12,17,g/dL,11.7
607315,602022,600094,3010813,,2020-03-27,32856,8.4,,8848,4,10,10^3/uL,8.4
607316,602022,600094,3017732,,2020-03-27,32856,1.2,,8848,1.5,7.5,10^3/uL,1.2
607317,602022,600094,3024929,,2020-03-27,32856,188.5,,8848,150,400,10^3/uL,188.5
607318,602022,600094,3016723,,2020-03-27,32856,0.7,,8840,0.6,1.2,mg/dL,0.7
607319,602022,600094,3013721,,2020-03-27,32856,15.9,,8645,0,40,U/L,15.9
607320,602022,600094,3006923,,2020-03-27,32856,98.5,,8645,0,40,U/L,98.5
607321,602023,600094,3000963,,2020-04-17,32856,13.8,,8713,12,17,g/dL,13.8
607322,602023,600094,3010813,,2020-04-17,32856,6.4,,8848,4,10,10^3/uL,6.4
607323,602023,600094,3017732,,2020-04-17,32856,0.8,,8848,1.5,7.5,10^3/uL,0.8
607324,602023,600094,3024929,,2020-04-17,32856,99.1,,8848,150,400,10^3/uL,99.1
607325,602023,600094,3016723,,2020-04-17,32856,0.65,,8840,0.6,1.2,mg/dL,0.65
607326,602023,600094,3013721,,2020-04-17,32856,39.7,,8645,0,40,U/L,39.7
607327,602023,600094,3006923,,2020-04-17,32856,21.4,,8645,0,40,U/L,21.4
607328,602028,600094,3000963,,2020-07-22,32856,13.6,,8713,12,17,g/dL,13.6
607329,602028,600094,3010813,,2020-07-22,32856,1.4,,8848,4,10,10^3/uL,1.4
607330,602028,600094,3017732,,2020-07-22,32856,3.8,,8848,1.5,7.5,10^3/uL,3.8
607331,602028,600094,3024929,,2020-07-22,32856,212.2,,8848,150,400,10^3/uL,212.2
607332,602028,600094,3016723,,2020-07-22,32856,0.74,,8840,0.6,1.2,mg/dL,0.74
607333,602028,600094,3013721,,2020-07-22,32856,7.8,,8645,0,40,U/L,7.8
607334,602028,600094,3006923,,2020-07-22,32856,39.7,,8645,0,40,U/L,39.7
607335,602029,600094,3000963,,2020-09-16,32856,11,,8713,12,17,g/dL,11.0
607336,602029,600094,3010813,,2020-09-16,32856,3.3,,8848,4,10,10^3/uL,3.3
607337,602029,600094,3017732,,2020-09-16,32856,1.3,,8848,1.5,7.5,10^3/uL,1.3
607338,602029,600094,3024929,,2020-09-16,32856,233.1,,8848,150,400,10^3/uL,233.1
607339,602029,600094,3016723,,2020-09-16,32856,0.9,,8840,0.6,1.2,mg/dL,0.9
607340,602029,600094,3013721,,2020-09-16,32856,56.4,,8645,0,40,U/L,56.4
607341,602029,600094,3006923,,2020-09-16,32856,63.1,,8645,0,40,U/L,63.1
607342,602030,600094,3000963,,2020-11-11,32856,9.9,,8713,12,17,g/dL,9.9
607343,602030,600094,3010813,,2020-11-11,32856,5.6,,8848,4,10,10^3/uL,5.6
607344,602030,600094,3017732,,2020-11-11,32856,2.1,,8848,1.5,7.5,10^3/uL,2.1
607345,602030,600094,3024929,,2020-11-11,32856,182.7,,8848,150,400,10^3/uL,182.7
607346,602030,600094,3016723,,2020-11-11,32856,0.78,,8840,0.6,1.2,mg/dL,0.78
607347,602030,600094,3013721,,2020-11-11,32856,49.8,,8645,0,40,U/L,49.8
607348,602030,600094,3006923,,2020-11-11,32856,19.5,,8645,0,40,U/L,19.5
607349,602031,600094,3000963,,2021-01-06,32856,11.4,,8713,12,17,g/dL,11.4
607350,602031,600094,3010813,,2021-01-06,32856,5.1,,8848,4,10,10^3/uL,5.1
607351,602031,600094,3017732,,2021-01-06,32856,2.4,,8848,1.5,7.5,10^3/uL,2.4
607352,602031,600094,3024929,,2021-01-06,32856,194.7,,8848,150,400,10^3/uL,194.7
607353,602031,600094,3016723,,2021-01-06,32856,1.05,,8840,0.6,1.2,mg/dL,1.05
607354,602031,600094,3013721,,2021-01-06,32856,0,,8645,0,40,U/L,0
607355,602031,600094,3006923,,2021-01-06,32856,55.3,,8645,0,40,U/L,55.3
607356,602032,600094,3000963,,2021-03-03,32856,11,,8713,12,17,g/dL,11.0
607357,602032,600094,3010813,,2021-03-03,32856,8.5,,8848,4,10,10^3/uL,8.5
607358,602032,600094,3017732,,2021-03-03,32856,1.7,,8848,1.5,7.5,10^3/uL,1.7
607359,602032,600094,3024929,,2021-03-03,32856,178.6,,8848,150,400,10^3/uL,178.6
607360,602032,600094,3016723,,2021-03-03,32856,1.06,,8840,0.6,1.2,mg/dL,1.06
607361,602032,600094,3013721,,2021-03-03,32856,38,,8645,0,40,U/L,38.0
607362,602032,600094,3006923,,2021-03-03,32856,12.1,,8645,0,40,U/L,12.1
607363,602033,600094,3000963,,2021-06-29,32856,12.9,,8713,12,17,g/dL,12.9
607364,602033,600094,3022250,,2021-06-29,32856,181.4,,8645,120,250,U/L,181.4
607365,602034,600094,3000963,,2021-12-13,32856,12.9,,8713,12,17,g/dL,12.9
607366,602034,600094,3022250,,2021-12-13,32856,146.8,,8645,120,250,U/L,146.8
607367,602035,600094,3000963,,2022-05-14,32856,14,,8713,12,17,g/dL,14.0
607368,602035,600094,3022250,,2022-05-14,32856,187.6,,8645,120,250,U/L,187.6
607369,602036,600094,3000963,,2022-08-23,32856,13.8,,8713,12,17,g/dL,13.8
607370,602036,600094,3022250,,2022-08-23,32856,356,,8645,120,250,U/L,356.0
607371,602037,600094,3000963,,2022-11-16,32856,10.4,,8713,12,17,g/dL,10.4
607372,602037,600094,3022250,,2022-11-16,32856,144.6,,8645,120,250,U/L,144.6
607373,602038,600094,3000963,,2023-05-04,32856,14.4,,8713,12,17,g/dL,14.4
607374,602038,600094,3022250,,2023-05-04,32856,218.9,,8645,120,250,U/L,218.9
607375,602039,600094,3000963,,2023-09-06,32856,13.5,,8713,12,17,g/dL,13.5
607376,602039,600094,3022250,,2023-09-06,32856,217.3,,8645,120,250,U/L,217.3
607377,602040,600094,3000963,,2024-01-25,32856,11.5,,8713,12,17,g/dL,11.5
607378,602040,600094,3022250,,2024-01-25,32856,500,,8645,120,250,U/L,500.0
607379,602041,600094,3000963,,2024-05-07,32856,12.1,,8713,12,17,g/dL,12.1
607380,602041,600094,3022250,,2024-05-07,32856,347.6,,8645,120,250,U/L,347.6
607381,602042,600094,3000963,,2024-09-15,32856,13.9,,8713,12,17,g/dL,13.9
607382,602042,600094,3022250,,2024-09-15,32856,400.5,,8645,120,250,U/L,400.5
607383,602043,600094,3000963,,2025-03-16,32856,13.1,,8713,12,17,g/dL,13.1
607384,602043,600094,3022250,,2025-03-16,32856,66.4,,8645,120,250,U/L,66.4
607385,602044,600094,3000963,,2025-09-09,32856,11.8,,8713,12,17,g/dL,11.8
607386,602044,600094,3022250,,2025-09-09,32856,234,,8645,120,250,U/L,234.0
607387,602045,600095,3000963,,2023-12-08,32856,11.3,,8713,12,17,g/dL,11.3
607388,602045,600095,3010813,,2023-12-08,32856,7.6,,8848,4,10,10^3/uL,7.6
607389,602045,600095,3017732,,2023-12-08,32856,4,,8848,1.5,7.5,10^3/uL,4.0
607390,602045,600095,3024929,,2023-12-08,32856,182.4,,8848,150,400,10^3/uL,182.4
607391,602045,600095,3016723,,2023-12-08,32856,0.84,,8840,0.6,1.2,mg/dL,0.84
607392,602045,600095,3013721,,2023-12-08,32856,39,,8645,0,40,U/L,39.0
607393,602045,600095,3006923,,2023-12-08,32856,36.1,,8645,0,40,U/L,36.1
607394,602045,600095,3020491,,2023-12-08,32856,4.35,,8713,3.5,5.2,g/dL,4.35
607395,602045,600095,3024128,,2023-12-08,32856,0.61,,8840,0.2,1.2,mg/dL,0.61
607396,602045,600095,3022250,,2023-12-08,32856,509.5,,8645,120,250,U/L,509.5
607397,602045,600095,3006315,,2023-12-08,32856,3.4,,8859,0.8,2.2,mg/L,3.4
607398,602045,600095,3036277,,2023-12-08,32856,174.2,,8582,150,185,cm,174.2
607399,602045,600095,3025315,,2023-12-08,32856,62.1,,9529,45,90,kg,62.1
607400,602046,600095,3000963,,2023-12-29,32856,11.1,,8713,12,17,g/dL,11.1
607401,602046,600095,3010813,,2023-12-29,32856,9,,8848,4,10,10^3/uL,9.0
607402,602046,600095,3017732,,2023-12-29,32856,4.8,,8848,1.5,7.5,10^3/uL,4.8
607403,602046,600095,3024929,,2023-12-29,32856,279.2,,8848,150,400,10^3/uL,279.2
607404,602046,600095,3016723,,2023-12-29,32856,1.12,,8840,0.6,1.2,mg/dL,1.12
607405,602046,600095,3013721,,2023-12-29,32856,54.4,,8645,0,40,U/L,54.4
607406,602046,600095,3006923,,2023-12-29,32856,104.8,,8645,0,40,U/L,104.8
607407,602047,600095,3000963,,2024-01-19,32856,6.6,,8713,12,17,g/dL,6.6
607408,602047,600095,3010813,,2024-01-19,32856,5.4,,8848,4,10,10^3/uL,5.4
607409,602047,600095,3017732,,2024-01-19,32856,2.7,,8848,1.5,7.5,10^3/uL,2.7
607410,602047,600095,3024929,,2024-01-19,32856,219.9,,8848,150,400,10^3/uL,219.9
607411,602047,600095,3016723,,2024-01-19,32856,0.77,,8840,0.6,1.2,mg/dL,0.77
607412,602047,600095,3013721,,2024-01-19,32856,61.5,,8645,0,40,U/L,61.5
607413,602047,600095,3006923,,2024-01-19,32856,38.7,,8645,0,40,U/L,38.7
607414,602050,600095,3000963,,2024-02-12,32856,12.7,,8713,12,17,g/dL,12.7
607415,602050,600095,3010813,,2024-02-12,32856,4.7,,8848,4,10,10^3/uL,4.7
607416,602050,600095,3017732,,2024-02-12,32856,0.8,,8848,1.5,7.5,10^3/uL,0.8
607417,602050,600095,3024929,,2024-02-12,32856,260,,8848,150,400,10^3/uL,260.0
607418,602050,600095,3016723,,2024-02-12,32856,0.89,,8840,0.6,1.2,mg/dL,0.89
607419,602050,600095,3013721,,2024-02-12,32856,39.9,,8645,0,40,U/L,39.9
607420,602050,600095,3006923,,2024-02-12,32856,69.4,,8645,0,40,U/L,69.4
607421,602051,600095,3000963,,2024-03-04,32856,8.1,,8713,12,17,g/dL,8.1
607422,602051,600095,3010813,,2024-03-04,32856,5.6,,8848,4,10,10^3/uL,5.6
607423,602051,600095,3017732,,2024-03-04,32856,6.9,,8848,1.5,7.5,10^3/uL,6.9
607424,602051,600095,3024929,,2024-03-04,32856,207.6,,8848,150,400,10^3/uL,207.6
607425,602051,600095,3016723,,2024-03-04,32856,0.64,,8840,0.6,1.2,mg/dL,0.64
607426,602051,600095,3013721,,2024-03-04,32856,61.7,,8645,0,40,U/L,61.7
607427,602051,600095,3006923,,2024-03-04,32856,64,,8645,0,40,U/L,64.0
607428,602052,600095,3000963,,2024-03-25,32856,15,,8713,12,17,g/dL,15.0
607429,602052,600095,3010813,,2024-03-25,32856,3.3,,8848,4,10,10^3/uL,3.3
607430,602052,600095,3017732,,2024-03-25,32856,2.9,,8848,1.5,7.5,10^3/uL,2.9
607431,602052,600095,3024929,,2024-03-25,32856,232.5,,8848,150,400,10^3/uL,232.5
607432,602052,600095,3016723,,2024-03-25,32856,0.68,,8840,0.6,1.2,mg/dL,0.68
607433,602052,600095,3013721,,2024-03-25,32856,24.6,,8645,0,40,U/L,24.6
607434,602052,600095,3006923,,2024-03-25,32856,0,,8645,0,40,U/L,0
607435,602056,600095,3000963,,2024-06-07,32856,9.6,,8713,12,17,g/dL,9.6
607436,602056,600095,3010813,,2024-06-07,32856,1.3,,8848,4,10,10^3/uL,1.3
607437,602056,600095,3017732,,2024-06-07,32856,0.1,,8848,1.5,7.5,10^3/uL,0.1
607438,602056,600095,3024929,,2024-06-07,32856,81.1,,8848,150,400,10^3/uL,81.1
607439,602058,600095,3000963,,2024-11-28,32856,11.1,,8713,12,17,g/dL,11.1
607440,602058,600095,3022250,,2024-11-28,32856,428.1,,8645,120,250,U/L,428.1
607441,602059,600095,3000963,,2025-03-02,32856,16.1,,8713,12,17,g/dL,16.1
607442,602059,600095,3022250,,2025-03-02,32856,149.7,,8645,120,250,U/L,149.7
607443,602060,600095,3000963,,2025-08-23,32856,10.5,,8713,12,17,g/dL,10.5
607444,602060,600095,3022250,,2025-08-23,32856,323.1,,8645,120,250,U/L,323.1
607445,602061,600095,3000963,,2026-01-30,32856,11.6,,8713,12,17,g/dL,11.6
607446,602061,600095,3022250,,2026-01-30,32856,97.7,,8645,120,250,U/L,97.7
607447,602062,600095,3000963,,2026-07-06,32856,14.7,,8713,12,17,g/dL,14.7
607448,602062,600095,3022250,,2026-07-06,32856,325.3,,8645,120,250,U/L,325.3
607449,602063,600096,3000963,,2023-03-05,32856,14.4,,8713,12,17,g/dL,14.4
607450,602063,600096,3010813,,2023-03-05,32856,4.2,,8848,4,10,10^3/uL,4.2
607451,602063,600096,3017732,,2023-03-05,32856,3.2,,8848,1.5,7.5,10^3/uL,3.2
607452,602063,600096,3024929,,2023-03-05,32856,160.3,,8848,150,400,10^3/uL,160.3
607453,602063,600096,3016723,,2023-03-05,32856,0.81,,8840,0.6,1.2,mg/dL,0.81
607454,602063,600096,3013721,,2023-03-05,32856,59.8,,8645,0,40,U/L,59.8
607455,602063,600096,3006923,,2023-03-05,32856,49.5,,8645,0,40,U/L,49.5
607456,602063,600096,3020491,,2023-03-05,32856,3.51,,8713,3.5,5.2,g/dL,3.51
607457,602063,600096,3024128,,2023-03-05,32856,0.57,,8840,0.2,1.2,mg/dL,0.57
607458,602063,600096,3022250,,2023-03-05,32856,197.9,,8645,120,250,U/L,197.9
607459,602063,600096,3006315,,2023-03-05,32856,3.9,,8859,0.8,2.2,mg/L,3.9
607460,602063,600096,3036277,,2023-03-05,32856,180.4,,8582,150,185,cm,180.4
607461,602063,600096,3025315,,2023-03-05,32856,53.2,,9529,45,90,kg,53.2
607462,602064,600096,3000963,,2023-07-05,32856,14.2,,8713,12,17,g/dL,14.2
607463,602064,600096,3022250,,2023-07-05,32856,381.8,,8645,120,250,U/L,381.8
607464,602065,600096,3000963,,2024-01-02,32856,11.8,,8713,12,17,g/dL,11.8
607465,602065,600096,3022250,,2024-01-02,32856,415.1,,8645,120,250,U/L,415.1
607466,602066,600096,3000963,,2024-05-27,32856,15.6,,8713,12,17,g/dL,15.6
607467,602066,600096,3022250,,2024-05-27,32856,117.9,,8645,120,250,U/L,117.9
607468,602067,600096,3000963,,2024-10-22,32856,8.2,,8713,12,17,g/dL,8.2
607469,602067,600096,3022250,,2024-10-22,32856,24.7,,8645,120,250,U/L,24.7
607470,602068,600096,3000963,,2025-03-22,32856,13,,8713,12,17,g/dL,13.0
607471,602068,600096,3022250,,2025-03-22,32856,365.5,,8645,120,250,U/L,365.5
607472,602069,600096,3000963,,2025-08-02,32856,16.9,,8713,12,17,g/dL,16.9
607473,602069,600096,3022250,,2025-08-02,32856,264.1,,8645,120,250,U/L,264.1
607474,602070,600096,3000963,,2025-11-29,32856,11.5,,8713,12,17,g/dL,11.5
607475,602070,600096,3022250,,2025-11-29,32856,123.4,,8645,120,250,U/L,123.4
607476,602071,600096,3000963,,2026-05-09,32856,12,,8713,12,17,g/dL,12.0
607477,602071,600096,3022250,,2026-05-09,32856,192.8,,8645,120,250,U/L,192.8
607478,602072,600097,3000963,,2022-08-10,32856,15.3,,8713,12,17,g/dL,15.3
607479,602072,600097,3010813,,2022-08-10,32856,6.7,,8848,4,10,10^3/uL,6.7
607480,602072,600097,3017732,,2022-08-10,32856,4.1,,8848,1.5,7.5,10^3/uL,4.1
607481,602072,600097,3024929,,2022-08-10,32856,280.3,,8848,150,400,10^3/uL,280.3
607482,602072,600097,3016723,,2022-08-10,32856,0.7,,8840,0.6,1.2,mg/dL,0.7
607483,602072,600097,3013721,,2022-08-10,32856,0,,8645,0,40,U/L,0
607484,602072,600097,3006923,,2022-08-10,32856,25,,8645,0,40,U/L,25.0
607485,602072,600097,3020491,,2022-08-10,32856,4.73,,8713,3.5,5.2,g/dL,4.73
607486,602072,600097,3024128,,2022-08-10,32856,1.2,,8840,0.2,1.2,mg/dL,1.2
607487,602072,600097,3022250,,2022-08-10,32856,246.1,,8645,120,250,U/L,246.1
607488,602072,600097,3006315,,2022-08-10,32856,1.5,,8859,0.8,2.2,mg/L,1.5
607489,602072,600097,3036277,,2022-08-10,32856,182.5,,8582,150,185,cm,182.5
607490,602072,600097,3025315,,2022-08-10,32856,79.1,,9529,45,90,kg,79.1
607491,602073,600097,3000963,,2022-08-22,32856,15.3,,8713,12,17,g/dL,15.3
607492,602073,600097,3010813,,2022-08-22,32856,1.6,,8848,4,10,10^3/uL,1.6
607493,602073,600097,3017732,,2022-08-22,32856,4.2,,8848,1.5,7.5,10^3/uL,4.2
607494,602073,600097,3024929,,2022-08-22,32856,351.6,,8848,150,400,10^3/uL,351.6
607495,602073,600097,3016723,,2022-08-22,32856,1.35,,8840,0.6,1.2,mg/dL,1.35
607496,602073,600097,3013721,,2022-08-22,32856,28,,8645,0,40,U/L,28.0
607497,602073,600097,3006923,,2022-08-22,32856,26.8,,8645,0,40,U/L,26.8
607498,602074,600097,3000963,,2022-09-12,32856,12.4,,8713,12,17,g/dL,12.4
607499,602074,600097,3010813,,2022-09-12,32856,4.5,,8848,4,10,10^3/uL,4.5
607500,602074,600097,3017732,,2022-09-12,32856,4.2,,8848,1.5,7.5,10^3/uL,4.2
607501,602074,600097,3024929,,2022-09-12,32856,178.3,,8848,150,400,10^3/uL,178.3
607502,602074,600097,3016723,,2022-09-12,32856,1.13,,8840,0.6,1.2,mg/dL,1.13
607503,602074,600097,3013721,,2022-09-12,32856,11,,8645,0,40,U/L,11.0
607504,602074,600097,3006923,,2022-09-12,32856,52.4,,8645,0,40,U/L,52.4
607505,602075,600097,3000963,,2022-10-03,32856,11.7,,8713,12,17,g/dL,11.7
607506,602075,600097,3010813,,2022-10-03,32856,9.7,,8848,4,10,10^3/uL,9.7
607507,602075,600097,3017732,,2022-10-03,32856,0.9,,8848,1.5,7.5,10^3/uL,0.9
607508,602075,600097,3024929,,2022-10-03,32856,185.7,,8848,150,400,10^3/uL,185.7
607509,602075,600097,3016723,,2022-10-03,32856,0.65,,8840,0.6,1.2,mg/dL,0.65
607510,602075,600097,3013721,,2022-10-03,32856,58.4,,8645,0,40,U/L,58.4
607511,602075,600097,3006923,,2022-10-03,32856,63.8,,8645,0,40,U/L,63.8
607512,602076,600097,3000963,,2022-10-24,32856,13.2,,8713,12,17,g/dL,13.2
607513,602076,600097,3010813,,2022-10-24,32856,5.7,,8848,4,10,10^3/uL,5.7
607514,602076,600097,3017732,,2022-10-24,32856,4.7,,8848,1.5,7.5,10^3/uL,4.7
607515,602076,600097,3024929,,2022-10-24,32856,159.1,,8848,150,400,10^3/uL,159.1
607516,602076,600097,3016723,,2022-10-24,32856,0.88,,8840,0.6,1.2,mg/dL,0.88
607517,602076,600097,3013721,,2022-10-24,32856,31.7,,8645,0,40,U/L,31.7
607518,602076,600097,3006923,,2022-10-24,32856,0,,8645,0,40,U/L,0
607519,602077,600097,3000963,,2022-11-14,32856,11.3,,8713,12,17,g/dL,11.3
607520,602077,600097,3010813,,2022-11-14,32856,6.1,,8848,4,10,10^3/uL,6.1
607521,602077,600097,3017732,,2022-11-14,32856,1.4,,8848,1.5,7.5,10^3/uL,1.4
607522,602077,600097,3024929,,2022-11-14,32856,151.5,,8848,150,400,10^3/uL,151.5
607523,602077,600097,3016723,,2022-11-14,32856,0.77,,8840,0.6,1.2,mg/dL,0.77
607524,602077,600097,3013721,,2022-11-14,32856,49.1,,8645,0,40,U/L,49.1
607525,602077,600097,3006923,,2022-11-14,32856,27.7,,8645,0,40,U/L,27.7
607526,602078,600097,3000963,,2022-12-05,32856,13.5,,8713,12,17,g/dL,13.5
607527,602078,600097,3010813,,2022-12-05,32856,6.3,,8848,4,10,10^3/uL,6.3
607528,602078,600097,3017732,,2022-12-05,32856,4.2,,8848,1.5,7.5,10^3/uL,4.2
607529,602078,600097,3024929,,2022-12-05,32856,316,,8848,150,400,10^3/uL,316.0
607530,602078,600097,3016723,,2022-12-05,32856,0.97,,8840,0.6,1.2,mg/dL,0.97
607531,602078,600097,3013721,,2022-12-05,32856,31.4,,8645,0,40,U/L,31.4
607532,602078,600097,3006923,,2022-12-05,32856,82,,8645,0,40,U/L,82.0
607533,602082,600097,3000963,,2023-04-10,32856,13.7,,8713,12,17,g/dL,13.7
607534,602082,600097,3022250,,2023-04-10,32856,429.1,,8645,120,250,U/L,429.1
607535,602083,600097,3000963,,2023-09-13,32856,12,,8713,12,17,g/dL,12.0
607536,602083,600097,3022250,,2023-09-13,32856,36.8,,8645,120,250,U/L,36.8
607537,602084,600097,3000963,,2024-02-17,32856,14.3,,8713,12,17,g/dL,14.3
607538,602084,600097,3022250,,2024-02-17,32856,197.1,,8645,120,250,U/L,197.1
607539,602085,600097,3000963,,2024-07-24,32856,11.9,,8713,12,17,g/dL,11.9
607540,602085,600097,3022250,,2024-07-24,32856,123.9,,8645,120,250,U/L,123.9
607541,602086,600097,3000963,,2024-12-30,32856,14.4,,8713,12,17,g/dL,14.4
607542,602086,600097,3022250,,2024-12-30,32856,293.4,,8645,120,250,U/L,293.4
607543,602087,600097,3000963,,2025-06-19,32856,14.5,,8713,12,17,g/dL,14.5
607544,602087,600097,3022250,,2025-06-19,32856,307.7,,8645,120,250,U/L,307.7
607545,602088,600097,3000963,,2025-12-06,32856,10.2,,8713,12,17,g/dL,10.2
607546,602088,600097,3022250,,2025-12-06,32856,438.6,,8645,120,250,U/L,438.6
607547,602089,600097,3000963,,2026-03-02,32856,15.6,,8713,12,17,g/dL,15.6
607548,602089,600097,3022250,,2026-03-02,32856,82,,8645,120,250,U/L,82.0
607549,602090,600097,3000963,,2026-07-09,32856,12.2,,8713,12,17,g/dL,12.2
607550,602090,600097,3022250,,2026-07-09,32856,362,,8645,120,250,U/L,362.0
607551,602091,600098,3000963,,2022-07-17,32856,13.5,,8713,12,17,g/dL,13.5
607552,602091,600098,3010813,,2022-07-17,32856,6.1,,8848,4,10,10^3/uL,6.1
607553,602091,600098,3017732,,2022-07-17,32856,1.6,,8848,1.5,7.5,10^3/uL,1.6
607554,602091,600098,3024929,,2022-07-17,32856,253.2,,8848,150,400,10^3/uL,253.2
607555,602091,600098,3016723,,2022-07-17,32856,0.71,,8840,0.6,1.2,mg/dL,0.71
607556,602091,600098,3013721,,2022-07-17,32856,48.6,,8645,0,40,U/L,48.6
607557,602091,600098,3006923,,2022-07-17,32856,31.4,,8645,0,40,U/L,31.4
607558,602091,600098,3020491,,2022-07-17,32856,4.27,,8713,3.5,5.2,g/dL,4.27
607559,602091,600098,3024128,,2022-07-17,32856,0.81,,8840,0.2,1.2,mg/dL,0.81
607560,602091,600098,3022250,,2022-07-17,32856,395.7,,8645,120,250,U/L,395.7
607561,602091,600098,3006315,,2022-07-17,32856,1.2,,8859,0.8,2.2,mg/L,1.2
607562,602091,600098,3036277,,2022-07-17,32856,170.4,,8582,150,185,cm,170.4
607563,602091,600098,3025315,,2022-07-17,32856,59.5,,9529,45,90,kg,59.5
607564,602092,600098,3000963,,2022-08-03,32856,13.8,,8713,12,17,g/dL,13.8
607565,602092,600098,3010813,,2022-08-03,32856,5.1,,8848,4,10,10^3/uL,5.1
607566,602092,600098,3017732,,2022-08-03,32856,1.9,,8848,1.5,7.5,10^3/uL,1.9
607567,602092,600098,3024929,,2022-08-03,32856,228.8,,8848,150,400,10^3/uL,228.8
607568,602092,600098,3016723,,2022-08-03,32856,0.72,,8840,0.6,1.2,mg/dL,0.72
607569,602092,600098,3013721,,2022-08-03,32856,68.5,,8645,0,40,U/L,68.5
607570,602092,600098,3006923,,2022-08-03,32856,24.5,,8645,0,40,U/L,24.5
607571,602093,600098,3000963,,2022-08-24,32856,11.1,,8713,12,17,g/dL,11.1
607572,602093,600098,3010813,,2022-08-24,32856,2.4,,8848,4,10,10^3/uL,2.4
607573,602093,600098,3017732,,2022-08-24,32856,2.3,,8848,1.5,7.5,10^3/uL,2.3
607574,602093,600098,3024929,,2022-08-24,32856,221.3,,8848,150,400,10^3/uL,221.3
607575,602093,600098,3016723,,2022-08-24,32856,0.86,,8840,0.6,1.2,mg/dL,0.86
607576,602093,600098,3013721,,2022-08-24,32856,20.2,,8645,0,40,U/L,20.2
607577,602093,600098,3006923,,2022-08-24,32856,44.8,,8645,0,40,U/L,44.8
607578,602094,600098,3000963,,2022-09-14,32856,10.8,,8713,12,17,g/dL,10.8
607579,602094,600098,3010813,,2022-09-14,32856,11.5,,8848,4,10,10^3/uL,11.5
607580,602094,600098,3017732,,2022-09-14,32856,3,,8848,1.5,7.5,10^3/uL,3.0
607581,602094,600098,3024929,,2022-09-14,32856,252.2,,8848,150,400,10^3/uL,252.2
607582,602094,600098,3016723,,2022-09-14,32856,1.07,,8840,0.6,1.2,mg/dL,1.07
607583,602094,600098,3013721,,2022-09-14,32856,68.2,,8645,0,40,U/L,68.2
607584,602094,600098,3006923,,2022-09-14,32856,56.4,,8645,0,40,U/L,56.4
607585,602095,600098,3000963,,2022-10-05,32856,12.4,,8713,12,17,g/dL,12.4
607586,602095,600098,3010813,,2022-10-05,32856,6.5,,8848,4,10,10^3/uL,6.5
607587,602095,600098,3017732,,2022-10-05,32856,1.9,,8848,1.5,7.5,10^3/uL,1.9
607588,602095,600098,3024929,,2022-10-05,32856,275.1,,8848,150,400,10^3/uL,275.1
607589,602095,600098,3016723,,2022-10-05,32856,1.36,,8840,0.6,1.2,mg/dL,1.36
607590,602095,600098,3013721,,2022-10-05,32856,8.4,,8645,0,40,U/L,8.4
607591,602095,600098,3006923,,2022-10-05,32856,64.9,,8645,0,40,U/L,64.9
607592,602096,600098,3000963,,2022-10-26,32856,12.8,,8713,12,17,g/dL,12.8
607593,602096,600098,3010813,,2022-10-26,32856,9.5,,8848,4,10,10^3/uL,9.5
607594,602096,600098,3017732,,2022-10-26,32856,0.6,,8848,1.5,7.5,10^3/uL,0.6
607595,602096,600098,3024929,,2022-10-26,32856,258.8,,8848,150,400,10^3/uL,258.8
607596,602096,600098,3016723,,2022-10-26,32856,0.73,,8840,0.6,1.2,mg/dL,0.73
607597,602096,600098,3013721,,2022-10-26,32856,37.8,,8645,0,40,U/L,37.8
607598,602096,600098,3006923,,2022-10-26,32856,48.8,,8645,0,40,U/L,48.8
607599,602097,600098,3000963,,2022-11-16,32856,11.6,,8713,12,17,g/dL,11.6
607600,602097,600098,3010813,,2022-11-16,32856,5,,8848,4,10,10^3/uL,5.0
607601,602097,600098,3017732,,2022-11-16,32856,2.3,,8848,1.5,7.5,10^3/uL,2.3
607602,602097,600098,3024929,,2022-11-16,32856,219.7,,8848,150,400,10^3/uL,219.7
607603,602097,600098,3016723,,2022-11-16,32856,1,,8840,0.6,1.2,mg/dL,1.0
607604,602097,600098,3013721,,2022-11-16,32856,60.9,,8645,0,40,U/L,60.9
607605,602097,600098,3006923,,2022-11-16,32856,68,,8645,0,40,U/L,68.0
607606,602103,600098,3000963,,2023-03-29,32856,13.5,,8713,12,17,g/dL,13.5
607607,602103,600098,3022250,,2023-03-29,32856,325.3,,8645,120,250,U/L,325.3
607608,602104,600098,3000963,,2023-09-26,32856,14.2,,8713,12,17,g/dL,14.2
607609,602104,600098,3022250,,2023-09-26,32856,220.7,,8645,120,250,U/L,220.7
607610,602105,600098,3000963,,2023-12-28,32856,10.1,,8713,12,17,g/dL,10.1
607611,602105,600098,3022250,,2023-12-28,32856,326.5,,8645,120,250,U/L,326.5
607612,602106,600098,3000963,,2024-04-21,32856,11.5,,8713,12,17,g/dL,11.5
607613,602106,600098,3022250,,2024-04-21,32856,186.1,,8645,120,250,U/L,186.1
607614,602107,600098,3000963,,2024-09-28,32856,13.9,,8713,12,17,g/dL,13.9
607615,602107,600098,3022250,,2024-09-28,32856,278.4,,8645,120,250,U/L,278.4
607616,602108,600098,3000963,,2025-01-25,32856,12.4,,8713,12,17,g/dL,12.4
607617,602108,600098,3022250,,2025-01-25,32856,334.5,,8645,120,250,U/L,334.5
607618,602109,600098,3000963,,2025-06-16,32856,12.3,,8713,12,17,g/dL,12.3
607619,602109,600098,3022250,,2025-06-16,32856,231.7,,8645,120,250,U/L,231.7
607620,602110,600098,3000963,,2025-09-10,32856,13.3,,8713,12,17,g/dL,13.3
607621,602110,600098,3022250,,2025-09-10,32856,396.6,,8645,120,250,U/L,396.6
607622,602111,600098,3000963,,2026-01-11,32856,12.9,,8713,12,17,g/dL,12.9
607623,602111,600098,3022250,,2026-01-11,32856,254.1,,8645,120,250,U/L,254.1
607624,602112,600098,3000963,,2026-05-22,32856,12.3,,8713,12,17,g/dL,12.3
607625,602112,600098,3022250,,2026-05-22,32856,319.2,,8645,120,250,U/L,319.2
607626,602113,600099,3000963,,2024-04-13,32856,14.9,,8713,12,17,g/dL,14.9
607627,602113,600099,3010813,,2024-04-13,32856,3.8,,8848,4,10,10^3/uL,3.8
607628,602113,600099,3017732,,2024-04-13,32856,0.9,,8848,1.5,7.5,10^3/uL,0.9
607629,602113,600099,3024929,,2024-04-13,32856,201.5,,8848,150,400,10^3/uL,201.5
607630,602113,600099,3016723,,2024-04-13,32856,1.03,,8840,0.6,1.2,mg/dL,1.03
607631,602113,600099,3013721,,2024-04-13,32856,44.2,,8645,0,40,U/L,44.2
607632,602113,600099,3006923,,2024-04-13,32856,51.8,,8645,0,40,U/L,51.8
607633,602113,600099,3020491,,2024-04-13,32856,3.98,,8713,3.5,5.2,g/dL,3.98
607634,602113,600099,3024128,,2024-04-13,32856,1.04,,8840,0.2,1.2,mg/dL,1.04
607635,602113,600099,3022250,,2024-04-13,32856,312.7,,8645,120,250,U/L,312.7
607636,602113,600099,3006315,,2024-04-13,32856,3.4,,8859,0.8,2.2,mg/L,3.4
607637,602113,600099,3036277,,2024-04-13,32856,164.1,,8582,150,185,cm,164.1
607638,602113,600099,3025315,,2024-04-13,32856,52.5,,9529,45,90,kg,52.5
607639,602114,600099,3000963,,2024-05-07,32856,14.2,,8713,12,17,g/dL,14.2
607640,602114,600099,3010813,,2024-05-07,32856,5.1,,8848,4,10,10^3/uL,5.1
607641,602114,600099,3017732,,2024-05-07,32856,6.1,,8848,1.5,7.5,10^3/uL,6.1
607642,602114,600099,3024929,,2024-05-07,32856,264.5,,8848,150,400,10^3/uL,264.5
607643,602114,600099,3016723,,2024-05-07,32856,0.7,,8840,0.6,1.2,mg/dL,0.7
607644,602114,600099,3013721,,2024-05-07,32856,38.2,,8645,0,40,U/L,38.2
607645,602114,600099,3006923,,2024-05-07,32856,67.7,,8645,0,40,U/L,67.7
607646,602115,600099,3000963,,2024-05-21,32856,9.6,,8713,12,17,g/dL,9.6
607647,602115,600099,3010813,,2024-05-21,32856,9.7,,8848,4,10,10^3/uL,9.7
607648,602115,600099,3017732,,2024-05-21,32856,0.4,,8848,1.5,7.5,10^3/uL,0.4
607649,602115,600099,3024929,,2024-05-21,32856,239.5,,8848,150,400,10^3/uL,239.5
607650,602115,600099,3016723,,2024-05-21,32856,0.69,,8840,0.6,1.2,mg/dL,0.69
607651,602115,600099,3013721,,2024-05-21,32856,46.2,,8645,0,40,U/L,46.2
607652,602115,600099,3006923,,2024-05-21,32856,21.2,,8645,0,40,U/L,21.2
607653,602116,600099,3000963,,2024-06-04,32856,15.4,,8713,12,17,g/dL,15.4
607654,602116,600099,3010813,,2024-06-04,32856,4.5,,8848,4,10,10^3/uL,4.5
607655,602116,600099,3017732,,2024-06-04,32856,5.7,,8848,1.5,7.5,10^3/uL,5.7
607656,602116,600099,3024929,,2024-06-04,32856,297.5,,8848,150,400,10^3/uL,297.5
607657,602116,600099,3016723,,2024-06-04,32856,0.95,,8840,0.6,1.2,mg/dL,0.95
607658,602116,600099,3013721,,2024-06-04,32856,59.5,,8645,0,40,U/L,59.5
607659,602116,600099,3006923,,2024-06-04,32856,99.5,,8645,0,40,U/L,99.5
607660,602117,600099,3000963,,2024-06-18,32856,10,,8713,12,17,g/dL,10.0
607661,602117,600099,3010813,,2024-06-18,32856,6,,8848,4,10,10^3/uL,6.0
607662,602117,600099,3017732,,2024-06-18,32856,1.6,,8848,1.5,7.5,10^3/uL,1.6
607663,602117,600099,3024929,,2024-06-18,32856,285.9,,8848,150,400,10^3/uL,285.9
607664,602117,600099,3016723,,2024-06-18,32856,1.06,,8840,0.6,1.2,mg/dL,1.06
607665,602117,600099,3013721,,2024-06-18,32856,36.4,,8645,0,40,U/L,36.4
607666,602117,600099,3006923,,2024-06-18,32856,78.7,,8645,0,40,U/L,78.7
607667,602118,600099,3000963,,2024-07-02,32856,11.2,,8713,12,17,g/dL,11.2
607668,602118,600099,3010813,,2024-07-02,32856,7.3,,8848,4,10,10^3/uL,7.3
607669,602118,600099,3017732,,2024-07-02,32856,0.2,,8848,1.5,7.5,10^3/uL,0.2
607670,602118,600099,3024929,,2024-07-02,32856,101.2,,8848,150,400,10^3/uL,101.2
607671,602118,600099,3016723,,2024-07-02,32856,0.91,,8840,0.6,1.2,mg/dL,0.91
607672,602118,600099,3013721,,2024-07-02,32856,28.8,,8645,0,40,U/L,28.8
607673,602118,600099,3006923,,2024-07-02,32856,51.8,,8645,0,40,U/L,51.8
607674,602119,600099,3000963,,2024-07-16,32856,14.1,,8713,12,17,g/dL,14.1
607675,602119,600099,3010813,,2024-07-16,32856,8.3,,8848,4,10,10^3/uL,8.3
607676,602119,600099,3017732,,2024-07-16,32856,6.2,,8848,1.5,7.5,10^3/uL,6.2
607677,602119,600099,3024929,,2024-07-16,32856,158.3,,8848,150,400,10^3/uL,158.3
607678,602119,600099,3016723,,2024-07-16,32856,1.17,,8840,0.6,1.2,mg/dL,1.17
607679,602119,600099,3013721,,2024-07-16,32856,48.7,,8645,0,40,U/L,48.7
607680,602119,600099,3006923,,2024-07-16,32856,71.3,,8645,0,40,U/L,71.3
607681,602120,600099,3000963,,2024-07-30,32856,10.2,,8713,12,17,g/dL,10.2
607682,602120,600099,3010813,,2024-07-30,32856,2.6,,8848,4,10,10^3/uL,2.6
607683,602120,600099,3017732,,2024-07-30,32856,4,,8848,1.5,7.5,10^3/uL,4.0
607684,602120,600099,3024929,,2024-07-30,32856,229.5,,8848,150,400,10^3/uL,229.5
607685,602120,600099,3016723,,2024-07-30,32856,0.73,,8840,0.6,1.2,mg/dL,0.73
607686,602120,600099,3013721,,2024-07-30,32856,55.3,,8645,0,40,U/L,55.3
607687,602120,600099,3006923,,2024-07-30,32856,46.2,,8645,0,40,U/L,46.2
607688,602121,600099,3000963,,2024-08-13,32856,9.9,,8713,12,17,g/dL,9.9
607689,602121,600099,3010813,,2024-08-13,32856,7.5,,8848,4,10,10^3/uL,7.5
607690,602121,600099,3017732,,2024-08-13,32856,1.1,,8848,1.5,7.5,10^3/uL,1.1
607691,602121,600099,3024929,,2024-08-13,32856,137.1,,8848,150,400,10^3/uL,137.1
607692,602121,600099,3016723,,2024-08-13,32856,1.13,,8840,0.6,1.2,mg/dL,1.13
607693,602121,600099,3013721,,2024-08-13,32856,36.5,,8645,0,40,U/L,36.5
607694,602121,600099,3006923,,2024-08-13,32856,40.4,,8645,0,40,U/L,40.4
607695,602122,600099,3000963,,2024-08-27,32856,15.2,,8713,12,17,g/dL,15.2
607696,602122,600099,3010813,,2024-08-27,32856,6.7,,8848,4,10,10^3/uL,6.7
607697,602122,600099,3017732,,2024-08-27,32856,4.8,,8848,1.5,7.5,10^3/uL,4.8
607698,602122,600099,3024929,,2024-08-27,32856,320.2,,8848,150,400,10^3/uL,320.2
607699,602122,600099,3016723,,2024-08-27,32856,0.78,,8840,0.6,1.2,mg/dL,0.78
607700,602122,600099,3013721,,2024-08-27,32856,37.5,,8645,0,40,U/L,37.5
607701,602122,600099,3006923,,2024-08-27,32856,14.1,,8645,0,40,U/L,14.1
607702,602123,600099,3000963,,2024-09-10,32856,12.4,,8713,12,17,g/dL,12.4
607703,602123,600099,3010813,,2024-09-10,32856,7.3,,8848,4,10,10^3/uL,7.3
607704,602123,600099,3017732,,2024-09-10,32856,2.9,,8848,1.5,7.5,10^3/uL,2.9
607705,602123,600099,3024929,,2024-09-10,32856,217.2,,8848,150,400,10^3/uL,217.2
607706,602123,600099,3016723,,2024-09-10,32856,0.8,,8840,0.6,1.2,mg/dL,0.8
607707,602123,600099,3013721,,2024-09-10,32856,49.6,,8645,0,40,U/L,49.6
607708,602123,600099,3006923,,2024-09-10,32856,73.3,,8645,0,40,U/L,73.3
607709,602124,600099,3000963,,2024-09-24,32856,14,,8713,12,17,g/dL,14.0
607710,602124,600099,3010813,,2024-09-24,32856,7.7,,8848,4,10,10^3/uL,7.7
607711,602124,600099,3017732,,2024-09-24,32856,2.9,,8848,1.5,7.5,10^3/uL,2.9
607712,602124,600099,3024929,,2024-09-24,32856,169.4,,8848,150,400,10^3/uL,169.4
607713,602124,600099,3016723,,2024-09-24,32856,0.53,,8840,0.6,1.2,mg/dL,0.53
607714,602124,600099,3013721,,2024-09-24,32856,36.3,,8645,0,40,U/L,36.3
607715,602124,600099,3006923,,2024-09-24,32856,0,,8645,0,40,U/L,0
607716,602125,600099,3000963,,2024-10-08,32856,9.7,,8713,12,17,g/dL,9.7
607717,602125,600099,3010813,,2024-10-08,32856,4.9,,8848,4,10,10^3/uL,4.9
607718,602125,600099,3017732,,2024-10-08,32856,4,,8848,1.5,7.5,10^3/uL,4.0
607719,602125,600099,3024929,,2024-10-08,32856,202.3,,8848,150,400,10^3/uL,202.3
607720,602125,600099,3016723,,2024-10-08,32856,0.99,,8840,0.6,1.2,mg/dL,0.99
607721,602125,600099,3013721,,2024-10-08,32856,32.7,,8645,0,40,U/L,32.7
607722,602125,600099,3006923,,2024-10-08,32856,9.4,,8645,0,40,U/L,9.4
607723,602134,600099,3000963,,2025-02-17,32856,10.5,,8713,12,17,g/dL,10.5
607724,602134,600099,3022250,,2025-02-17,32856,210.6,,8645,120,250,U/L,210.6
607725,602135,600099,3000963,,2025-07-10,32856,12.8,,8713,12,17,g/dL,12.8
607726,602135,600099,3022250,,2025-07-10,32856,347.1,,8645,120,250,U/L,347.1
607727,602136,600099,3000963,,2025-11-03,32856,12.2,,8713,12,17,g/dL,12.2
607728,602136,600099,3022250,,2025-11-03,32856,266.2,,8645,120,250,U/L,266.2
607729,602137,600099,3000963,,2026-04-10,32856,10.7,,8713,12,17,g/dL,10.7
607730,602137,600099,3022250,,2026-04-10,32856,106.1,,8645,120,250,U/L,106.1
607731,602138,600100,3000963,,2020-11-29,32856,15.5,,8713,12,17,g/dL,15.5
607732,602138,600100,3010813,,2020-11-29,32856,9.6,,8848,4,10,10^3/uL,9.6
607733,602138,600100,3017732,,2020-11-29,32856,6,,8848,1.5,7.5,10^3/uL,6.0
607734,602138,600100,3024929,,2020-11-29,32856,216.7,,8848,150,400,10^3/uL,216.7
607735,602138,600100,3016723,,2020-11-29,32856,0.99,,8840,0.6,1.2,mg/dL,0.99
607736,602138,600100,3013721,,2020-11-29,32856,49.9,,8645,0,40,U/L,49.9
607737,602138,600100,3006923,,2020-11-29,32856,91.5,,8645,0,40,U/L,91.5
607738,602138,600100,3020491,,2020-11-29,32856,4.53,,8713,3.5,5.2,g/dL,4.53
607739,602138,600100,3024128,,2020-11-29,32856,1.23,,8840,0.2,1.2,mg/dL,1.23
607740,602138,600100,3022250,,2020-11-29,32856,151,,8645,120,250,U/L,151.0
607741,602138,600100,3006315,,2020-11-29,32856,2.6,,8859,0.8,2.2,mg/L,2.6
607742,602138,600100,3036277,,2020-11-29,32856,162.5,,8582,150,185,cm,162.5
607743,602138,600100,3025315,,2020-11-29,32856,69.2,,9529,45,90,kg,69.2
607744,602139,600100,3000963,,2020-12-22,32856,9.4,,8713,12,17,g/dL,9.4
607745,602139,600100,3010813,,2020-12-22,32856,7.4,,8848,4,10,10^3/uL,7.4
607746,602139,600100,3017732,,2020-12-22,32856,3.6,,8848,1.5,7.5,10^3/uL,3.6
607747,602139,600100,3024929,,2020-12-22,32856,243.9,,8848,150,400,10^3/uL,243.9
607748,602139,600100,3016723,,2020-12-22,32856,1,,8840,0.6,1.2,mg/dL,1.0
607749,602139,600100,3013721,,2020-12-22,32856,18.9,,8645,0,40,U/L,18.9
607750,602139,600100,3006923,,2020-12-22,32856,33.9,,8645,0,40,U/L,33.9
607751,602140,600100,3000963,,2021-01-05,32856,12.8,,8713,12,17,g/dL,12.8
607752,602140,600100,3010813,,2021-01-05,32856,6.6,,8848,4,10,10^3/uL,6.6
607753,602140,600100,3017732,,2021-01-05,32856,1.6,,8848,1.5,7.5,10^3/uL,1.6
607754,602140,600100,3024929,,2021-01-05,32856,190.8,,8848,150,400,10^3/uL,190.8
607755,602140,600100,3016723,,2021-01-05,32856,0.79,,8840,0.6,1.2,mg/dL,0.79
607756,602140,600100,3013721,,2021-01-05,32856,62,,8645,0,40,U/L,62.0
607757,602140,600100,3006923,,2021-01-05,32856,80.6,,8645,0,40,U/L,80.6
607758,602141,600100,3000963,,2021-01-19,32856,12,,8713,12,17,g/dL,12.0
607759,602141,600100,3010813,,2021-01-19,32856,7.5,,8848,4,10,10^3/uL,7.5
607760,602141,600100,3017732,,2021-01-19,32856,0.4,,8848,1.5,7.5,10^3/uL,0.4
607761,602141,600100,3024929,,2021-01-19,32856,108.9,,8848,150,400,10^3/uL,108.9
607762,602141,600100,3016723,,2021-01-19,32856,1.23,,8840,0.6,1.2,mg/dL,1.23
607763,602141,600100,3013721,,2021-01-19,32856,29.8,,8645,0,40,U/L,29.8
607764,602141,600100,3006923,,2021-01-19,32856,33.9,,8645,0,40,U/L,33.9
607765,602142,600100,3000963,,2021-02-02,32856,7.8,,8713,12,17,g/dL,7.8
607766,602142,600100,3010813,,2021-02-02,32856,2.5,,8848,4,10,10^3/uL,2.5
607767,602142,600100,3017732,,2021-02-02,32856,2.9,,8848,1.5,7.5,10^3/uL,2.9
607768,602142,600100,3024929,,2021-02-02,32856,204.4,,8848,150,400,10^3/uL,204.4
607769,602142,600100,3016723,,2021-02-02,32856,1.08,,8840,0.6,1.2,mg/dL,1.08
607770,602142,600100,3013721,,2021-02-02,32856,8.2,,8645,0,40,U/L,8.2
607771,602142,600100,3006923,,2021-02-02,32856,67.6,,8645,0,40,U/L,67.6
607772,602143,600100,3000963,,2021-02-16,32856,11.1,,8713,12,17,g/dL,11.1
607773,602143,600100,3010813,,2021-02-16,32856,6.8,,8848,4,10,10^3/uL,6.8
607774,602143,600100,3017732,,2021-02-16,32856,0.9,,8848,1.5,7.5,10^3/uL,0.9
607775,602143,600100,3024929,,2021-02-16,32856,184.7,,8848,150,400,10^3/uL,184.7
607776,602143,600100,3016723,,2021-02-16,32856,0.96,,8840,0.6,1.2,mg/dL,0.96
607777,602143,600100,3013721,,2021-02-16,32856,26.4,,8645,0,40,U/L,26.4
607778,602143,600100,3006923,,2021-02-16,32856,26.6,,8645,0,40,U/L,26.6
607779,602144,600100,3000963,,2021-03-02,32856,12.9,,8713,12,17,g/dL,12.9
607780,602144,600100,3010813,,2021-03-02,32856,4.8,,8848,4,10,10^3/uL,4.8
607781,602144,600100,3017732,,2021-03-02,32856,5.2,,8848,1.5,7.5,10^3/uL,5.2
607782,602144,600100,3024929,,2021-03-02,32856,258.1,,8848,150,400,10^3/uL,258.1
607783,602144,600100,3016723,,2021-03-02,32856,0.55,,8840,0.6,1.2,mg/dL,0.55
607784,602144,600100,3013721,,2021-03-02,32856,21.1,,8645,0,40,U/L,21.1
607785,602144,600100,3006923,,2021-03-02,32856,55.1,,8645,0,40,U/L,55.1
607786,602145,600100,3000963,,2021-03-16,32856,11.5,,8713,12,17,g/dL,11.5
607787,602145,600100,3010813,,2021-03-16,32856,6.6,,8848,4,10,10^3/uL,6.6
607788,602145,600100,3017732,,2021-03-16,32856,3.5,,8848,1.5,7.5,10^3/uL,3.5
607789,602145,600100,3024929,,2021-03-16,32856,168.6,,8848,150,400,10^3/uL,168.6
607790,602145,600100,3016723,,2021-03-16,32856,0.73,,8840,0.6,1.2,mg/dL,0.73
607791,602145,600100,3013721,,2021-03-16,32856,37.2,,8645,0,40,U/L,37.2
607792,602145,600100,3006923,,2021-03-16,32856,67.1,,8645,0,40,U/L,67.1
607793,602146,600100,3000963,,2021-03-30,32856,10.4,,8713,12,17,g/dL,10.4
607794,602146,600100,3010813,,2021-03-30,32856,9.1,,8848,4,10,10^3/uL,9.1
607795,602146,600100,3017732,,2021-03-30,32856,1.2,,8848,1.5,7.5,10^3/uL,1.2
607796,602146,600100,3024929,,2021-03-30,32856,300.2,,8848,150,400,10^3/uL,300.2
607797,602146,600100,3016723,,2021-03-30,32856,1.11,,8840,0.6,1.2,mg/dL,1.11
607798,602146,600100,3013721,,2021-03-30,32856,44.5,,8645,0,40,U/L,44.5
607799,602146,600100,3006923,,2021-03-30,32856,16.6,,8645,0,40,U/L,16.6
607800,602151,600100,3000963,,2021-08-29,32856,13.7,,8713,12,17,g/dL,13.7
607801,602151,600100,3022250,,2021-08-29,32856,325.9,,8645,120,250,U/L,325.9
607802,602152,600100,3000963,,2022-02-15,32856,15.7,,8713,12,17,g/dL,15.7
607803,602152,600100,3022250,,2022-02-15,32856,272.2,,8645,120,250,U/L,272.2
607804,602153,600100,3000963,,2022-08-13,32856,10.7,,8713,12,17,g/dL,10.7
607805,602153,600100,3022250,,2022-08-13,32856,439.3,,8645,120,250,U/L,439.3
607806,602154,600100,3000963,,2022-12-15,32856,16.3,,8713,12,17,g/dL,16.3
607807,602154,600100,3022250,,2022-12-15,32856,269.3,,8645,120,250,U/L,269.3
607808,602155,600100,3000963,,2023-04-19,32856,12.5,,8713,12,17,g/dL,12.5
607809,602155,600100,3022250,,2023-04-19,32856,287.8,,8645,120,250,U/L,287.8
607810,602156,600100,3000963,,2023-09-03,32856,14,,8713,12,17,g/dL,14.0
607811,602156,600100,3022250,,2023-09-03,32856,234.7,,8645,120,250,U/L,234.7
607812,602157,600100,3000963,,2024-01-02,32856,15.9,,8713,12,17,g/dL,15.9
607813,602157,600100,3022250,,2024-01-02,32856,398.5,,8645,120,250,U/L,398.5
607814,602158,600100,3000963,,2024-07-01,32856,14,,8713,12,17,g/dL,14.0
607815,602158,600100,3022250,,2024-07-01,32856,250.7,,8645,120,250,U/L,250.7
607816,602159,600100,3000963,,2024-10-16,32856,12.1,,8713,12,17,g/dL,12.1
607817,602159,600100,3022250,,2024-10-16,32856,221.1,,8645,120,250,U/L,221.1
607818,602160,600100,3000963,,2025-02-26,32856,14.8,,8713,12,17,g/dL,14.8
607819,602160,600100,3022250,,2025-02-26,32856,361.1,,8645,120,250,U/L,361.1
607820,602161,600100,3000963,,2025-07-16,32856,15.4,,8713,12,17,g/dL,15.4
607821,602161,600100,3022250,,2025-07-16,32856,76.7,,8645,120,250,U/L,76.7
607822,602162,600100,3000963,,2025-10-21,32856,12.2,,8713,12,17,g/dL,12.2
607823,602162,600100,3022250,,2025-10-21,32856,129.3,,8645,120,250,U/L,129.3
