measurement_id,visit_occurrence_id,person_id,measurement_concept_id,measurement_source_value,measurement_date,measurement_type_concept_id,value_as_number,value_as_concept_id,unit_concept_id,range_low,range_high,unit_source_value,value_source_value
500001,500001,500001,3036277,,2018-12-05,32856,173.3,,8582,150,185,cm,173.3
500002,500001,500001,3004410,,2018-12-05,32856,6.3,,8554,4,5.6,%,6.3
500003,500001,500001,3004501,,2018-12-05,32856,112,,8840,70,99,mg/dL,112.0
500004,500001,500001,3004249,,2018-12-05,32856,138,,8876,90,130,mmHg,138.0
500005,500001,500001,3012888,,2018-12-05,32856,76,,8876,60,85,mmHg,76.0
500006,500001,500001,3025315,,2018-12-05,32856,78.7,,9529,45,90,kg,78.7
500007,500001,500001,3038553,,2018-12-05,32856,26.2,,9531,18.5,25,kg/m2,26.2
500008,500001,500001,3022192,,2018-12-05,32856,178.5,,8840,0,150,mg/dL,178.5
500009,500001,500001,3007070,,2018-12-05,32856,50.1,,8840,40,60,mg/dL,50.1
500010,500001,500001,3028437,,2018-12-05,32856,73.6,,8840,0,130,mg/dL,73.6
500011,500001,500001,3013721,,2018-12-05,32856,53.3,,8645,0,40,U/L,53.3
500012,500001,500001,3006923,,2018-12-05,32856,53.3,,8645,0,40,U/L,53.3
500013,500001,500001,3016723,,2018-12-05,32856,1.04,,8840,0.6,1.2,mg/dL,1.04
500014,500001,500001,3049187,,2018-12-05,32856,106.3,,9550,90,130,mL/min/1.73m2,106.3
500015,500002,500001,3004410,,2019-03-02,32856,5.8,,8554,4,5.6,%,5.8
500016,500002,500001,3004501,,2019-03-02,32856,137,,8840,70,99,mg/dL,137.0
500017,500002,500001,3004249,,2019-03-02,32856,121,,8876,90,130,mmHg,121.0
500018,500002,500001,3012888,,2019-03-02,32856,88,,8876,60,85,mmHg,88.0
500019,500002,500001,3025315,,2019-03-02,32856,77.9,,9529,45,90,kg,77.9
500020,500002,500001,3038553,,2019-03-02,32856,25.9,,9531,18.5,25,kg/m2,25.9
500021,500003,500001,3004410,,2019-06-02,32856,5.7,,8554,4,5.6,%,5.7
500022,500003,500001,3004501,,2019-06-02,32856,101,,8840,70,99,mg/dL,101.0
500023,500003,500001,3004249,,2019-06-02,32856,137,,8876,90,130,mmHg,137.0
500024,500003,500001,3012888,,2019-06-02,32856,67,,8876,60,85,mmHg,67.0
500025,500003,500001,3025315,,2019-06-02,32856,78.4,,9529,45,90,kg,78.4
500026,500003,500001,3038553,,2019-06-02,32856,26.1,,9531,18.5,25,kg/m2,26.1
500027,500004,500001,3004410,,2019-09-01,32856,5.8,,8554,4,5.6,%,5.8
500028,500004,500001,3004501,,2019-09-01,32856,101,,8840,70,99,mg/dL,101.0
500029,500004,500001,3004249,,2019-09-01,32856,133,,8876,90,130,mmHg,133.0
500030,500004,500001,3012888,,2019-09-01,32856,74,,8876,60,85,mmHg,74.0
500031,500004,500001,3025315,,2019-09-01,32856,78.7,,9529,45,90,kg,78.7
500032,500004,500001,3038553,,2019-09-01,32856,26.2,,9531,18.5,25,kg/m2,26.2
500033,500005,500001,3004410,,2019-11-26,32856,5.5,,8554,4,5.6,%,5.5
500034,500005,500001,3004501,,2019-11-26,32856,104,,8840,70,99,mg/dL,104.0
500035,500005,500001,3004249,,2019-11-26,32856,126,,8876,90,130,mmHg,126.0
500036,500005,500001,3012888,,2019-11-26,32856,91,,8876,60,85,mmHg,91.0
500037,500005,500001,3025315,,2019-11-26,32856,79.3,,9529,45,90,kg,79.3
500038,500005,500001,3038553,,2019-11-26,32856,26.4,,9531,18.5,25,kg/m2,26.4
500039,500005,500001,3022192,,2019-11-26,32856,220.8,,8840,0,150,mg/dL,220.8
500040,500005,500001,3007070,,2019-11-26,32856,36.8,,8840,40,60,mg/dL,36.8
500041,500005,500001,3028437,,2019-11-26,32856,105.5,,8840,0,130,mg/dL,105.5
500042,500005,500001,3013721,,2019-11-26,32856,72.9,,8645,0,40,U/L,72.9
500043,500005,500001,3006923,,2019-11-26,32856,41.2,,8645,0,40,U/L,41.2
500044,500005,500001,3016723,,2019-11-26,32856,0.7,,8840,0.6,1.2,mg/dL,0.7
500045,500005,500001,3049187,,2019-11-26,32856,127,,9550,90,130,mL/min/1.73m2,127.0
500046,500006,500001,3004410,,2020-03-03,32856,5.5,,8554,4,5.6,%,5.5
500047,500006,500001,3004501,,2020-03-03,32856,106,,8840,70,99,mg/dL,106.0
500048,500006,500001,3004249,,2020-03-03,32856,116,,8876,90,130,mmHg,116.0
500049,500006,500001,3012888,,2020-03-03,32856,81,,8876,60,85,mmHg,81.0
500050,500006,500001,3025315,,2020-03-03,32856,79.5,,9529,45,90,kg,79.5
500051,500006,500001,3038553,,2020-03-03,32856,26.5,,9531,18.5,25,kg/m2,26.5
500052,500007,500001,3004410,,2020-06-01,32856,6,,8554,4,5.6,%,6.0
500053,500007,500001,3004501,,2020-06-01,32856,127,,8840,70,99,mg/dL,127.0
500054,500007,500001,3004249,,2020-06-01,32856,121,,8876,90,130,mmHg,121.0
500055,500007,500001,3012888,,2020-06-01,32856,67,,8876,60,85,mmHg,67.0
500056,500007,500001,3025315,,2020-06-01,32856,80.2,,9529,45,90,kg,80.2
500057,500007,500001,3038553,,2020-06-01,32856,26.7,,9531,18.5,25,kg/m2,26.7
500058,500008,500001,3004410,,2020-09-02,32856,5.8,,8554,4,5.6,%,5.8
500059,500008,500001,3004501,,2020-09-02,32856,100,,8840,70,99,mg/dL,100.0
500060,500008,500001,3004249,,2020-09-02,32856,149,,8876,90,130,mmHg,149.0
500061,500008,500001,3012888,,2020-09-02,32856,72,,8876,60,85,mmHg,72.0
500062,500008,500001,3025315,,2020-09-02,32856,79.7,,9529,45,90,kg,79.7
500063,500008,500001,3038553,,2020-09-02,32856,26.5,,9531,18.5,25,kg/m2,26.5
500064,500009,500001,3004410,,2020-12-02,32856,5.5,,8554,4,5.6,%,5.5
500065,500009,500001,3004501,,2020-12-02,32856,104,,8840,70,99,mg/dL,104.0
500066,500009,500001,3004249,,2020-12-02,32856,117,,8876,90,130,mmHg,117.0
500067,500009,500001,3012888,,2020-12-02,32856,72,,8876,60,85,mmHg,72.0
500068,500009,500001,3025315,,2020-12-02,32856,82.7,,9529,45,90,kg,82.7
500069,500009,500001,3038553,,2020-12-02,32856,27.5,,9531,18.5,25,kg/m2,27.5
500070,500009,500001,3022192,,2020-12-02,32856,138.5,,8840,0,150,mg/dL,138.5
500071,500009,500001,3007070,,2020-12-02,32856,36.2,,8840,40,60,mg/dL,36.2
500072,500009,500001,3028437,,2020-12-02,32856,149.3,,8840,0,130,mg/dL,149.3
500073,500009,500001,3013721,,2020-12-02,32856,40.4,,8645,0,40,U/L,40.4
500074,500009,500001,3006923,,2020-12-02,32856,41.4,,8645,0,40,U/L,41.4
500075,500009,500001,3016723,,2020-12-02,32856,0.49,,8840,0.6,1.2,mg/dL,0.49
500076,500009,500001,3049187,,2020-12-02,32856,65.7,,9550,90,130,mL/min/1.73m2,65.7
500077,500010,500001,3004410,,2021-02-25,32856,5.2,,8554,4,5.6,%,5.2
500078,500010,500001,3004501,,2021-02-25,32856,97,,8840,70,99,mg/dL,97.0
500079,500010,500001,3004249,,2021-02-25,32856,138,,8876,90,130,mmHg,138.0
500080,500010,500001,3012888,,2021-02-25,32856,84,,8876,60,85,mmHg,84.0
500081,500010,500001,3025315,,2021-02-25,32856,81.3,,9529,45,90,kg,81.3
500082,500010,500001,3038553,,2021-02-25,32856,27.1,,9531,18.5,25,kg/m2,27.1
500083,500011,500001,3004410,,2021-05-31,32856,5,,8554,4,5.6,%,5.0
500084,500011,500001,3004501,,2021-05-31,32856,84,,8840,70,99,mg/dL,84.0
500085,500011,500001,3004249,,2021-05-31,32856,118,,8876,90,130,mmHg,118.0
500086,500011,500001,3012888,,2021-05-31,32856,68,,8876,60,85,mmHg,68.0
500087,500011,500001,3025315,,2021-05-31,32856,81.9,,9529,45,90,kg,81.9
500088,500011,500001,3038553,,2021-05-31,32856,27.3,,9531,18.5,25,kg/m2,27.3
500089,500012,500001,3004410,,2021-08-24,32856,5,,8554,4,5.6,%,5.0
500090,500012,500001,3004501,,2021-08-24,32856,66,,8840,70,99,mg/dL,66.0
500091,500012,500001,3004249,,2021-08-24,32856,126,,8876,90,130,mmHg,126.0
500092,500012,500001,3012888,,2021-08-24,32856,66,,8876,60,85,mmHg,66.0
500093,500012,500001,3025315,,2021-08-24,32856,81.9,,9529,45,90,kg,81.9
500094,500012,500001,3038553,,2021-08-24,32856,27.3,,9531,18.5,25,kg/m2,27.3
500095,500013,500001,3004410,,2021-11-27,32856,6.2,,8554,4,5.6,%,6.2
500096,500013,500001,3004501,,2021-11-27,32856,135,,8840,70,99,mg/dL,135.0
500097,500013,500001,3004249,,2021-11-27,32856,139,,8876,90,130,mmHg,139.0
500098,500013,500001,3012888,,2021-11-27,32856,69,,8876,60,85,mmHg,69.0
500099,500013,500001,3025315,,2021-11-27,32856,82.7,,9529,45,90,kg,82.7
500100,500013,500001,3038553,,2021-11-27,32856,27.5,,9531,18.5,25,kg/m2,27.5
500101,500013,500001,3022192,,2021-11-27,32856,165.8,,8840,0,150,mg/dL,165.8
500102,500013,500001,3007070,,2021-11-27,32856,48.2,,8840,40,60,mg/dL,48.2
500103,500013,500001,3028437,,2021-11-27,32856,125.3,,8840,0,130,mg/dL,125.3
500104,500013,500001,3013721,,2021-11-27,32856,8.3,,8645,0,40,U/L,8.3
500105,500013,500001,3006923,,2021-11-27,32856,17.2,,8645,0,40,U/L,17.2
500106,500013,500001,3016723,,2021-11-27,32856,0.92,,8840,0.6,1.2,mg/dL,0.92
500107,500013,500001,3049187,,2021-11-27,32856,68.9,,9550,90,130,mL/min/1.73m2,68.9
500108,500014,500001,3004410,,2022-03-04,32856,6,,8554,4,5.6,%,6.0
500109,500014,500001,3004501,,2022-03-04,32856,105,,8840,70,99,mg/dL,105.0
500110,500014,500001,3004249,,2022-03-04,32856,100,,8876,90,130,mmHg,100.0
500111,500014,500001,3012888,,2022-03-04,32856,83,,8876,60,85,mmHg,83.0
500112,500014,500001,3025315,,2022-03-04,32856,81.9,,9529,45,90,kg,81.9
500113,500014,500001,3038553,,2022-03-04,32856,27.3,,9531,18.5,25,kg/m2,27.3
500114,500015,500001,3004410,,2022-05-28,32856,5.9,,8554,4,5.6,%,5.9
500115,500015,500001,3004501,,2022-05-28,32856,106,,8840,70,99,mg/dL,106.0
500116,500015,500001,3004249,,2022-05-28,32856,100,,8876,90,130,mmHg,100.0
500117,500015,500001,3012888,,2022-05-28,32856,77,,8876,60,85,mmHg,77.0
500118,500015,500001,3025315,,2022-05-28,32856,82.9,,9529,45,90,kg,82.9
500119,500015,500001,3038553,,2022-05-28,32856,27.6,,9531,18.5,25,kg/m2,27.6
500120,500016,500001,3004410,,2022-09-03,32856,6,,8554,4,5.6,%,6.0
500121,500016,500001,3004501,,2022-09-03,32856,95,,8840,70,99,mg/dL,95.0
500122,500016,500001,3004249,,2022-09-03,32856,120,,8876,90,130,mmHg,120.0
500123,500016,500001,3012888,,2022-09-03,32856,70,,8876,60,85,mmHg,70.0
500124,500016,500001,3025315,,2022-09-03,32856,82.2,,9529,45,90,kg,82.2
500125,500016,500001,3038553,,2022-09-03,32856,27.4,,9531,18.5,25,kg/m2,27.4
500126,500017,500001,3004410,,2022-11-26,32856,6,,8554,4,5.6,%,6.0
500127,500017,500001,3004501,,2022-11-26,32856,100,,8840,70,99,mg/dL,100.0
500128,500017,500001,3004249,,2022-11-26,32856,122,,8876,90,130,mmHg,122.0
500129,500017,500001,3012888,,2022-11-26,32856,75,,8876,60,85,mmHg,75.0
500130,500017,500001,3025315,,2022-11-26,32856,82.9,,9529,45,90,kg,82.9
500131,500017,500001,3038553,,2022-11-26,32856,27.6,,9531,18.5,25,kg/m2,27.6
500132,500017,500001,3022192,,2022-11-26,32856,275.7,,8840,0,150,mg/dL,275.7
500133,500017,500001,3007070,,2022-11-26,32856,41,,8840,40,60,mg/dL,41.0
500134,500017,500001,3028437,,2022-11-26,32856,105.7,,8840,0,130,mg/dL,105.7
500135,500017,500001,3013721,,2022-11-26,32856,58.2,,8645,0,40,U/L,58.2
500136,500017,500001,3006923,,2022-11-26,32856,76,,8645,0,40,U/L,76.0
500137,500017,500001,3016723,,2022-11-26,32856,1.35,,8840,0.6,1.2,mg/dL,1.35
500138,500017,500001,3049187,,2022-11-26,32856,128.6,,9550,90,130,mL/min/1.73m2,128.6
500139,500018,500001,3004410,,2023-02-20,32856,6.3,,8554,4,5.6,%,6.3
500140,500018,500001,3004501,,2023-02-20,32856,127,,8840,70,99,mg/dL,127.0
500141,500018,500001,3004249,,2023-02-20,32856,131,,8876,90,130,mmHg,131.0
500142,500018,500001,3012888,,2023-02-20,32856,73,,8876,60,85,mmHg,73.0
500143,500018,500001,3025315,,2023-02-20,32856,82.3,,9529,45,90,kg,82.3
500144,500018,500001,3038553,,2023-02-20,32856,27.4,,9531,18.5,25,kg/m2,27.4
500145,500019,500001,3004410,,2023-05-22,32856,6.1,,8554,4,5.6,%,6.1
500146,500019,500001,3004501,,2023-05-22,32856,105,,8840,70,99,mg/dL,105.0
500147,500019,500001,3004249,,2023-05-22,32856,145,,8876,90,130,mmHg,145.0
500148,500019,500001,3012888,,2023-05-22,32856,83,,8876,60,85,mmHg,83.0
500149,500019,500001,3025315,,2023-05-22,32856,84.2,,9529,45,90,kg,84.2
500150,500019,500001,3038553,,2023-05-22,32856,28,,9531,18.5,25,kg/m2,28.0
500151,500020,500001,3004410,,2023-08-21,32856,6.4,,8554,4,5.6,%,6.4
500152,500020,500001,3004501,,2023-08-21,32856,105,,8840,70,99,mg/dL,105.0
500153,500020,500001,3004249,,2023-08-21,32856,119,,8876,90,130,mmHg,119.0
500154,500020,500001,3012888,,2023-08-21,32856,75,,8876,60,85,mmHg,75.0
500155,500020,500001,3025315,,2023-08-21,32856,82.7,,9529,45,90,kg,82.7
500156,500020,500001,3038553,,2023-08-21,32856,27.5,,9531,18.5,25,kg/m2,27.5
500157,500021,500001,3004410,,2023-11-15,32856,6.5,,8554,4,5.6,%,6.5
500158,500021,500001,3004501,,2023-11-15,32856,131,,8840,70,99,mg/dL,131.0
500159,500021,500001,3004249,,2023-11-15,32856,123,,8876,90,130,mmHg,123.0
500160,500021,500001,3012888,,2023-11-15,32856,88,,8876,60,85,mmHg,88.0
500161,500021,500001,3025315,,2023-11-15,32856,82.2,,9529,45,90,kg,82.2
500162,500021,500001,3038553,,2023-11-15,32856,27.4,,9531,18.5,25,kg/m2,27.4
500163,500021,500001,3022192,,2023-11-15,32856,129.2,,8840,0,150,mg/dL,129.2
500164,500021,500001,3007070,,2023-11-15,32856,57.4,,8840,40,60,mg/dL,57.4
500165,500021,500001,3028437,,2023-11-15,32856,72.9,,8840,0,130,mg/dL,72.9
500166,500021,500001,3013721,,2023-11-15,32856,81.5,,8645,0,40,U/L,81.5
500167,500021,500001,3006923,,2023-11-15,32856,5.6,,8645,0,40,U/L,5.6
500168,500021,500001,3016723,,2023-11-15,32856,0.51,,8840,0.6,1.2,mg/dL,0.51
500169,500021,500001,3049187,,2023-11-15,32856,83.6,,9550,90,130,mL/min/1.73m2,83.6
500170,500022,500002,3036277,,2021-06-16,32856,152.8,,8582,150,185,cm,152.8
500171,500022,500002,3004410,,2021-06-16,32856,6.3,,8554,4,5.6,%,6.3
500172,500022,500002,3004501,,2021-06-16,32856,110,,8840,70,99,mg/dL,110.0
500173,500022,500002,3004249,,2021-06-16,32856,106,,8876,90,130,mmHg,106.0
500174,500022,500002,3012888,,2021-06-16,32856,58,,8876,60,85,mmHg,58.0
500175,500022,500002,3025315,,2021-06-16,32856,63.7,,9529,45,90,kg,63.7
500176,500022,500002,3038553,,2021-06-16,32856,27.3,,9531,18.5,25,kg/m2,27.3
500177,500022,500002,3022192,,2021-06-16,32856,160.8,,8840,0,150,mg/dL,160.8
500178,500022,500002,3007070,,2021-06-16,32856,36.5,,8840,40,60,mg/dL,36.5
500179,500022,500002,3028437,,2021-06-16,32856,153.3,,8840,0,130,mg/dL,153.3
500180,500022,500002,3013721,,2021-06-16,32856,39.4,,8645,0,40,U/L,39.4
500181,500022,500002,3006923,,2021-06-16,32856,37.5,,8645,0,40,U/L,37.5
500182,500022,500002,3016723,,2021-06-16,32856,1.3,,8840,0.6,1.2,mg/dL,1.3
500183,500022,500002,3049187,,2021-06-16,32856,86.6,,9550,90,130,mL/min/1.73m2,86.6
500184,500023,500002,3004410,,2021-09-17,32856,5.6,,8554,4,5.6,%,5.6
500185,500023,500002,3004501,,2021-09-17,32856,95,,8840,70,99,mg/dL,95.0
500186,500023,500002,3004249,,2021-09-17,32856,118,,8876,90,130,mmHg,118.0
500187,500023,500002,3012888,,2021-09-17,32856,84,,8876,60,85,mmHg,84.0
500188,500023,500002,3025315,,2021-09-17,32856,65.4,,9529,45,90,kg,65.4
500189,500023,500002,3038553,,2021-09-17,32856,28,,9531,18.5,25,kg/m2,28.0
500190,500024,500002,3004410,,2021-12-19,32856,5.4,,8554,4,5.6,%,5.4
500191,500024,500002,3004501,,2021-12-19,32856,67,,8840,70,99,mg/dL,67.0
500192,500024,500002,3004249,,2021-12-19,32856,137,,8876,90,130,mmHg,137.0
500193,500024,500002,3012888,,2021-12-19,32856,79,,8876,60,85,mmHg,79.0
500194,500024,500002,3025315,,2021-12-19,32856,63.4,,9529,45,90,kg,63.4
500195,500024,500002,3038553,,2021-12-19,32856,27.2,,9531,18.5,25,kg/m2,27.2
500196,500025,500002,3004410,,2022-03-27,32856,5.6,,8554,4,5.6,%,5.6
500197,500025,500002,3004501,,2022-03-27,32856,93,,8840,70,99,mg/dL,93.0
500198,500025,500002,3004249,,2022-03-27,32856,124,,8876,90,130,mmHg,124.0
500199,500025,500002,3012888,,2022-03-27,32856,75,,8876,60,85,mmHg,75.0
500200,500025,500002,3025315,,2022-03-27,32856,64.5,,9529,45,90,kg,64.5
500201,500025,500002,3038553,,2022-03-27,32856,27.6,,9531,18.5,25,kg/m2,27.6
500202,500026,500002,3004410,,2022-07-03,32856,5.2,,8554,4,5.6,%,5.2
500203,500026,500002,3004501,,2022-07-03,32856,96,,8840,70,99,mg/dL,96.0
500204,500026,500002,3004249,,2022-07-03,32856,104,,8876,90,130,mmHg,104.0
500205,500026,500002,3012888,,2022-07-03,32856,73,,8876,60,85,mmHg,73.0
500206,500026,500002,3025315,,2022-07-03,32856,66.9,,9529,45,90,kg,66.9
500207,500026,500002,3038553,,2022-07-03,32856,28.7,,9531,18.5,25,kg/m2,28.7
500208,500026,500002,3022192,,2022-07-03,32856,58.2,,8840,0,150,mg/dL,58.2
500209,500026,500002,3007070,,2022-07-03,32856,49.9,,8840,40,60,mg/dL,49.9
500210,500026,500002,3028437,,2022-07-03,32856,133.1,,8840,0,130,mg/dL,133.1
500211,500026,500002,3013721,,2022-07-03,32856,33.7,,8645,0,40,U/L,33.7
500212,500026,500002,3006923,,2022-07-03,32856,36.5,,8645,0,40,U/L,36.5
500213,500026,500002,3016723,,2022-07-03,32856,1.26,,8840,0.6,1.2,mg/dL,1.26
500214,500026,500002,3049187,,2022-07-03,32856,87.1,,9550,90,130,mL/min/1.73m2,87.1
500215,500027,500002,3004410,,2022-10-06,32856,5.4,,8554,4,5.6,%,5.4
500216,500027,500002,3004501,,2022-10-06,32856,96,,8840,70,99,mg/dL,96.0
500217,500027,500002,3004249,,2022-10-06,32856,129,,8876,90,130,mmHg,129.0
500218,500027,500002,3012888,,2022-10-06,32856,69,,8876,60,85,mmHg,69.0
500219,500027,500002,3025315,,2022-10-06,32856,66.4,,9529,45,90,kg,66.4
500220,500027,500002,3038553,,2022-10-06,32856,28.4,,9531,18.5,25,kg/m2,28.4
500221,500028,500002,3004410,,2023-01-03,32856,5.4,,8554,4,5.6,%,5.4
500222,500028,500002,3004501,,2023-01-03,32856,86,,8840,70,99,mg/dL,86.0
500223,500028,500002,3004249,,2023-01-03,32856,123,,8876,90,130,mmHg,123.0
500224,500028,500002,3012888,,2023-01-03,32856,85,,8876,60,85,mmHg,85.0
500225,500028,500002,3025315,,2023-01-03,32856,66.3,,9529,45,90,kg,66.3
500226,500028,500002,3038553,,2023-01-03,32856,28.4,,9531,18.5,25,kg/m2,28.4
500227,500029,500002,3004410,,2023-04-01,32856,6,,8554,4,5.6,%,6.0
500228,500029,500002,3004501,,2023-04-01,32856,121,,8840,70,99,mg/dL,121.0
500229,500029,500002,3004249,,2023-04-01,32856,131,,8876,90,130,mmHg,131.0
500230,500029,500002,3012888,,2023-04-01,32856,86,,8876,60,85,mmHg,86.0
500231,500029,500002,3025315,,2023-04-01,32856,65.8,,9529,45,90,kg,65.8
500232,500029,500002,3038553,,2023-04-01,32856,28.2,,9531,18.5,25,kg/m2,28.2
500233,500030,500002,3004410,,2023-06-30,32856,6.4,,8554,4,5.6,%,6.4
500234,500030,500002,3004501,,2023-06-30,32856,139,,8840,70,99,mg/dL,139.0
500235,500030,500002,3004249,,2023-06-30,32856,138,,8876,90,130,mmHg,138.0
500236,500030,500002,3012888,,2023-06-30,32856,62,,8876,60,85,mmHg,62.0
500237,500030,500002,3025315,,2023-06-30,32856,65.7,,9529,45,90,kg,65.7
500238,500030,500002,3038553,,2023-06-30,32856,28.1,,9531,18.5,25,kg/m2,28.1
500239,500030,500002,3022192,,2023-06-30,32856,67.7,,8840,0,150,mg/dL,67.7
500240,500030,500002,3007070,,2023-06-30,32856,60.6,,8840,40,60,mg/dL,60.6
500241,500030,500002,3028437,,2023-06-30,32856,164.6,,8840,0,130,mg/dL,164.6
500242,500030,500002,3013721,,2023-06-30,32856,1.9,,8645,0,40,U/L,1.9
500243,500030,500002,3006923,,2023-06-30,32856,15.1,,8645,0,40,U/L,15.1
500244,500030,500002,3016723,,2023-06-30,32856,1.15,,8840,0.6,1.2,mg/dL,1.15
500245,500030,500002,3049187,,2023-06-30,32856,89.1,,9550,90,130,mL/min/1.73m2,89.1
500246,500031,500002,3004410,,2023-10-02,32856,5.8,,8554,4,5.6,%,5.8
500247,500031,500002,3004501,,2023-10-02,32856,104,,8840,70,99,mg/dL,104.0
500248,500031,500002,3004249,,2023-10-02,32856,122,,8876,90,130,mmHg,122.0
500249,500031,500002,3012888,,2023-10-02,32856,89,,8876,60,85,mmHg,89.0
500250,500031,500002,3025315,,2023-10-02,32856,65.7,,9529,45,90,kg,65.7
500251,500031,500002,3038553,,2023-10-02,32856,28.1,,9531,18.5,25,kg/m2,28.1
500252,500032,500002,3004410,,2024-01-07,32856,5.4,,8554,4,5.6,%,5.4
500253,500032,500002,3004501,,2024-01-07,32856,91,,8840,70,99,mg/dL,91.0
500254,500032,500002,3004249,,2024-01-07,32856,128,,8876,90,130,mmHg,128.0
500255,500032,500002,3012888,,2024-01-07,32856,85,,8876,60,85,mmHg,85.0
500256,500032,500002,3025315,,2024-01-07,32856,65.6,,9529,45,90,kg,65.6
500257,500032,500002,3038553,,2024-01-07,32856,28.1,,9531,18.5,25,kg/m2,28.1
500258,500033,500002,3004410,,2024-04-06,32856,5.7,,8554,4,5.6,%,5.7
500259,500033,500002,3004501,,2024-04-06,32856,107,,8840,70,99,mg/dL,107.0
500260,500033,500002,3004249,,2024-04-06,32856,146,,8876,90,130,mmHg,146.0
500261,500033,500002,3012888,,2024-04-06,32856,85,,8876,60,85,mmHg,85.0
500262,500033,500002,3025315,,2024-04-06,32856,65.2,,9529,45,90,kg,65.2
500263,500033,500002,3038553,,2024-04-06,32856,27.9,,9531,18.5,25,kg/m2,27.9
500264,500034,500002,3004410,,2024-07-10,32856,5.7,,8554,4,5.6,%,5.7
500265,500034,500002,3004501,,2024-07-10,32856,107,,8840,70,99,mg/dL,107.0
500266,500034,500002,3004249,,2024-07-10,32856,112,,8876,90,130,mmHg,112.0
500267,500034,500002,3012888,,2024-07-10,32856,65,,8876,60,85,mmHg,65.0
500268,500034,500002,3025315,,2024-07-10,32856,65.5,,9529,45,90,kg,65.5
500269,500034,500002,3038553,,2024-07-10,32856,28.1,,9531,18.5,25,kg/m2,28.1
500270,500034,500002,3022192,,2024-07-10,32856,332.6,,8840,0,150,mg/dL,332.6
500271,500034,500002,3007070,,2024-07-10,32856,54.4,,8840,40,60,mg/dL,54.4
500272,500034,500002,3028437,,2024-07-10,32856,133.4,,8840,0,130,mg/dL,133.4
500273,500034,500002,3013721,,2024-07-10,32856,8.6,,8645,0,40,U/L,8.6
500274,500034,500002,3006923,,2024-07-10,32856,0,,8645,0,40,U/L,0
500275,500034,500002,3016723,,2024-07-10,32856,0.63,,8840,0.6,1.2,mg/dL,0.63
500276,500034,500002,3049187,,2024-07-10,32856,65.7,,9550,90,130,mL/min/1.73m2,65.7
500277,500035,500002,3004410,,2024-10-05,32856,5.3,,8554,4,5.6,%,5.3
500278,500035,500002,3004501,,2024-10-05,32856,103,,8840,70,99,mg/dL,103.0
500279,500035,500002,3004249,,2024-10-05,32856,117,,8876,90,130,mmHg,117.0
500280,500035,500002,3012888,,2024-10-05,32856,70,,8876,60,85,mmHg,70.0
500281,500035,500002,3025315,,2024-10-05,32856,63.9,,9529,45,90,kg,63.9
500282,500035,500002,3038553,,2024-10-05,32856,27.4,,9531,18.5,25,kg/m2,27.4
500283,500036,500003,3036277,,2021-05-02,32856,157.3,,8582,150,185,cm,157.3
500284,500036,500003,3004410,,2021-05-02,32856,7.2,,8554,4,5.6,%,7.2
500285,500036,500003,3004501,,2021-05-02,32856,168,,8840,70,99,mg/dL,168.0
500286,500036,500003,3004249,,2021-05-02,32856,136,,8876,90,130,mmHg,136.0
500287,500036,500003,3012888,,2021-05-02,32856,78,,8876,60,85,mmHg,78.0
500288,500036,500003,3025315,,2021-05-02,32856,61.6,,9529,45,90,kg,61.6
500289,500036,500003,3038553,,2021-05-02,32856,24.9,,9531,18.5,25,kg/m2,24.9
500290,500036,500003,3022192,,2021-05-02,32856,275.3,,8840,0,150,mg/dL,275.3
500291,500036,500003,3007070,,2021-05-02,32856,50.8,,8840,40,60,mg/dL,50.8
500292,500036,500003,3028437,,2021-05-02,32856,75.6,,8840,0,130,mg/dL,75.6
500293,500036,500003,3013721,,2021-05-02,32856,17.5,,8645,0,40,U/L,17.5
500294,500036,500003,3006923,,2021-05-02,32856,66.6,,8645,0,40,U/L,66.6
500295,500036,500003,3016723,,2021-05-02,32856,0.6,,8840,0.6,1.2,mg/dL,0.6
500296,500036,500003,3049187,,2021-05-02,32856,102.4,,9550,90,130,mL/min/1.73m2,102.4
500297,500037,500003,3004410,,2021-07-27,32856,6.6,,8554,4,5.6,%,6.6
500298,500037,500003,3004501,,2021-07-27,32856,137,,8840,70,99,mg/dL,137.0
500299,500037,500003,3004249,,2021-07-27,32856,143,,8876,90,130,mmHg,143.0
500300,500037,500003,3012888,,2021-07-27,32856,94,,8876,60,85,mmHg,94.0
500301,500037,500003,3025315,,2021-07-27,32856,62.4,,9529,45,90,kg,62.4
500302,500037,500003,3038553,,2021-07-27,32856,25.2,,9531,18.5,25,kg/m2,25.2
500303,500038,500003,3004410,,2021-10-24,32856,6.1,,8554,4,5.6,%,6.1
500304,500038,500003,3004501,,2021-10-24,32856,109,,8840,70,99,mg/dL,109.0
500305,500038,500003,3004249,,2021-10-24,32856,158,,8876,90,130,mmHg,158.0
500306,500038,500003,3012888,,2021-10-24,32856,89,,8876,60,85,mmHg,89.0
500307,500038,500003,3025315,,2021-10-24,32856,61.5,,9529,45,90,kg,61.5
500308,500038,500003,3038553,,2021-10-24,32856,24.9,,9531,18.5,25,kg/m2,24.9
500309,500039,500003,3004410,,2022-01-19,32856,6.6,,8554,4,5.6,%,6.6
500310,500039,500003,3004501,,2022-01-19,32856,116,,8840,70,99,mg/dL,116.0
500311,500039,500003,3004249,,2022-01-19,32856,150,,8876,90,130,mmHg,150.0
500312,500039,500003,3012888,,2022-01-19,32856,85,,8876,60,85,mmHg,85.0
500313,500039,500003,3025315,,2022-01-19,32856,63,,9529,45,90,kg,63.0
500314,500039,500003,3038553,,2022-01-19,32856,25.5,,9531,18.5,25,kg/m2,25.5
500315,500040,500003,3004410,,2022-04-13,32856,6.6,,8554,4,5.6,%,6.6
500316,500040,500003,3004501,,2022-04-13,32856,131,,8840,70,99,mg/dL,131.0
500317,500040,500003,3004249,,2022-04-13,32856,129,,8876,90,130,mmHg,129.0
500318,500040,500003,3012888,,2022-04-13,32856,88,,8876,60,85,mmHg,88.0
500319,500040,500003,3025315,,2022-04-13,32856,62.6,,9529,45,90,kg,62.6
500320,500040,500003,3038553,,2022-04-13,32856,25.3,,9531,18.5,25,kg/m2,25.3
500321,500040,500003,3022192,,2022-04-13,32856,228.8,,8840,0,150,mg/dL,228.8
500322,500040,500003,3007070,,2022-04-13,32856,33.9,,8840,40,60,mg/dL,33.9
500323,500040,500003,3028437,,2022-04-13,32856,99.4,,8840,0,130,mg/dL,99.4
500324,500040,500003,3013721,,2022-04-13,32856,42.3,,8645,0,40,U/L,42.3
500325,500040,500003,3006923,,2022-04-13,32856,43.9,,8645,0,40,U/L,43.9
500326,500040,500003,3016723,,2022-04-13,32856,0.45,,8840,0.6,1.2,mg/dL,0.45
500327,500040,500003,3049187,,2022-04-13,32856,104.7,,9550,90,130,mL/min/1.73m2,104.7
500328,500041,500003,3004410,,2022-07-09,32856,5.9,,8554,4,5.6,%,5.9
500329,500041,500003,3004501,,2022-07-09,32856,86,,8840,70,99,mg/dL,86.0
500330,500041,500003,3004249,,2022-07-09,32856,146,,8876,90,130,mmHg,146.0
500331,500041,500003,3012888,,2022-07-09,32856,59,,8876,60,85,mmHg,59.0
500332,500041,500003,3025315,,2022-07-09,32856,62.6,,9529,45,90,kg,62.6
500333,500041,500003,3038553,,2022-07-09,32856,25.3,,9531,18.5,25,kg/m2,25.3
500334,500042,500003,3004410,,2022-10-03,32856,7,,8554,4,5.6,%,7.0
500335,500042,500003,3004501,,2022-10-03,32856,118,,8840,70,99,mg/dL,118.0
500336,500042,500003,3004249,,2022-10-03,32856,128,,8876,90,130,mmHg,128.0
500337,500042,500003,3012888,,2022-10-03,9999999,91,,8876,60,85,mmHg,91.0
500338,500042,500003,3025315,,2022-10-03,32856,61.2,,9529,45,90,kg,61.2
500339,500042,500003,3038553,,2022-10-03,32856,24.7,,9531,18.5,25,kg/m2,24.7
500340,500043,500003,3004410,,2022-12-30,32856,7.1,,8554,4,5.6,%,7.1
500341,500043,500003,3004501,,2022-12-30,32856,122,,8840,70,99,mg/dL,122.0
500342,500043,500003,3004249,,2022-12-30,32856,136,,8876,90,130,mmHg,136.0
500343,500043,500003,3012888,,2022-12-30,32856,94,,8876,60,85,mmHg,94.0
500344,500043,500003,3025315,,2022-12-30,32856,64.4,,9529,45,90,kg,64.4
500345,500043,500003,3038553,,2022-12-30,32856,26,,9531,18.5,25,kg/m2,26.0
500346,500044,500003,3004410,,2023-04-03,32856,7.2,,8554,4,5.6,%,7.2
500347,500044,500003,3004501,,2023-04-03,32856,139,,8840,70,99,mg/dL,139.0
500348,500044,500003,3004249,,2023-04-03,32856,143,,8876,90,130,mmHg,143.0
500349,500044,500003,3012888,,2023-04-03,32856,95,,8876,60,85,mmHg,95.0
500350,500044,500003,3025315,,2023-04-03,32856,65.5,,9529,45,90,kg,65.5
500351,500044,500003,3038553,,2023-04-03,32856,26.5,,9531,18.5,25,kg/m2,26.5
500352,500044,500003,3022192,,2023-04-03,32856,181.8,,8840,0,150,mg/dL,181.8
500353,500044,500003,3007070,,2023-04-03,32856,53.9,,8840,40,60,mg/dL,53.9
500354,500044,500003,3028437,,2023-04-03,32856,67.5,,8840,0,130,mg/dL,67.5
500355,500044,500003,3013721,,2023-04-03,32856,22.5,,8645,0,40,U/L,22.5
500356,500044,500003,3006923,,2023-04-03,32856,65.4,,8645,0,40,U/L,65.4
500357,500044,500003,3016723,,2023-04-03,32856,0.69,,8840,0.6,1.2,mg/dL,0.69
500358,500044,500003,3049187,,2023-04-03,32856,67.7,,9550,90,130,mL/min/1.73m2,67.7
500359,500045,500003,3004410,,2023-07-07,32856,6,,8554,4,5.6,%,6.0
500360,500045,500003,3004501,,2023-07-07,32856,113,,8840,70,99,mg/dL,113.0
500361,500045,500003,3004249,,2023-07-07,32856,150,,8876,90,130,mmHg,150.0
500362,500045,500003,3012888,,2023-07-07,32856,90,,8876,60,85,mmHg,90.0
500363,500045,500003,3025315,,2023-07-07,32856,64.7,,9529,45,90,kg,64.7
500364,500045,500003,3038553,,2023-07-07,32856,26.1,,9531,18.5,25,kg/m2,26.1
500365,500046,500003,3004410,,2023-10-13,32856,6.6,,8554,4,5.6,%,6.6
500366,500046,500003,3004501,,2023-10-13,32856,146,,8840,70,99,mg/dL,146.0
500367,500046,500003,3004249,,2023-10-13,32856,135,,8876,90,130,mmHg,135.0
500368,500046,500003,3012888,,2023-10-13,32856,78,,8876,60,85,mmHg,78.0
500369,500046,500003,3025315,,2023-10-13,32856,62.2,,9529,45,90,kg,62.2
500370,500046,500003,3038553,,2023-10-13,32856,25.1,,9531,18.5,25,kg/m2,25.1
500371,500047,500003,3004410,,2024-01-15,32856,6.6,,8554,4,5.6,%,6.6
500372,500047,500003,3004501,,2024-01-15,32856,95,,8840,70,99,mg/dL,95.0
500373,500047,500003,3004249,,2024-01-15,32856,116,,8876,90,130,mmHg,116.0
500374,500047,500003,3012888,,2024-01-15,32856,76,,8876,60,85,mmHg,76.0
500375,500047,500003,3025315,,2024-01-15,32856,60.8,,9529,45,90,kg,60.8
500376,500047,500003,3038553,,2024-01-15,32856,24.6,,9531,18.5,25,kg/m2,24.6
500377,500048,500003,3004410,,2024-04-22,32856,6.9,,8554,4,5.6,%,6.9
500378,500048,500003,3004501,,2024-04-22,32856,154,,8840,70,99,mg/dL,154.0
500379,500048,500003,3004249,,2024-04-22,32856,154,,8876,90,130,mmHg,154.0
500380,500048,500003,3012888,,2024-04-22,32856,83,,8876,60,85,mmHg,83.0
500381,500048,500003,3025315,,2024-04-22,32856,61.1,,9529,45,90,kg,61.1
500382,500048,500003,3038553,,2024-04-22,32856,24.7,,9531,18.5,25,kg/m2,24.7
500383,500048,500003,3022192,,2024-04-22,32856,207.7,,8840,0,150,mg/dL,207.7
500384,500048,500003,3007070,,2024-04-22,32856,54.2,,8840,40,60,mg/dL,54.2
500385,500048,500003,3028437,,2024-04-22,32856,121.6,,8840,0,130,mg/dL,121.6
500386,500048,500003,3013721,,2024-04-22,32856,69,,8645,0,40,U/L,69.0
500387,500048,500003,3006923,,2024-04-22,32856,53.9,,8645,0,40,U/L,53.9
500388,500048,500003,3016723,,2024-04-22,32856,0.96,,8840,0.6,1.2,mg/dL,0.96
500389,500048,500003,3049187,,2024-04-22,32856,77.8,,9550,90,130,mL/min/1.73m2,77.8
500390,500049,500003,3004410,,2024-07-15,32856,7.4,,8554,4,5.6,%,7.4
500391,500049,500003,3004501,,2024-07-15,32856,161,,8840,70,99,mg/dL,161.0
500392,500049,500003,3004249,,2024-07-15,32856,153,,8876,90,130,mmHg,153.0
500393,500049,500003,3012888,,2024-07-15,32856,94,,8876,60,85,mmHg,94.0
500394,500049,500003,3025315,,2024-07-15,32856,63.3,,9529,45,90,kg,63.3
500395,500049,500003,3038553,,2024-07-15,32856,25.6,,9531,18.5,25,kg/m2,25.6
500396,500050,500003,3004410,,2024-10-18,32856,6.6,,8554,4,5.6,%,6.6
500397,500050,500003,3004501,,2024-10-18,32856,114,,8840,70,99,mg/dL,114.0
500398,500050,500003,3004249,,2024-10-18,32856,154,,8876,90,130,mmHg,154.0
500399,500050,500003,3012888,,2024-10-18,32856,81,,8876,60,85,mmHg,81.0
500400,500050,500003,3025315,,2024-10-18,32856,64.4,,9529,45,90,kg,64.4
500401,500050,500003,3038553,,2024-10-18,32856,26,,9531,18.5,25,kg/m2,26.0
500402,500051,500003,3004410,,2025-01-21,32856,6.8,,8554,4,5.6,%,6.8
500403,500051,500003,3004501,,2025-01-21,32856,119,,8840,70,99,mg/dL,119.0
500404,500051,500003,3004249,,2025-01-21,32856,133,,8876,90,130,mmHg,133.0
500405,500051,500003,3012888,,2025-01-21,32856,81,,8876,60,85,mmHg,81.0
500406,500051,500003,3025315,,2025-01-21,32856,65.7,,9529,45,90,kg,65.7
500407,500051,500003,3038553,,2025-01-21,32856,26.6,,9531,18.5,25,kg/m2,26.6
500408,500052,500003,3004410,,2025-04-17,32856,7.2,,8554,4,5.6,%,7.2
500409,500052,500003,3004501,,2025-04-17,32856,161,,8840,70,99,mg/dL,161.0
500410,500052,500003,3004249,,2025-04-17,32856,130,,8876,90,130,mmHg,130.0
500411,500052,500003,3012888,,2025-04-17,32856,74,,8876,60,85,mmHg,74.0
500412,500052,500003,3025315,,2025-04-17,32856,66,,9529,45,90,kg,66.0
500413,500052,500003,3038553,,2025-04-17,32856,26.7,,9531,18.5,25,kg/m2,26.7
500414,500052,500003,3022192,,2025-04-17,32856,189.5,,8840,0,150,mg/dL,189.5
500415,500052,500003,3007070,,2025-04-17,32856,56.7,,8840,40,60,mg/dL,56.7
500416,500052,500003,3028437,,2025-04-17,32856,110.1,,8840,0,130,mg/dL,110.1
500417,500052,500003,3013721,,2025-04-17,32856,91.2,,8645,0,40,U/L,91.2
500418,500052,500003,3006923,,2025-04-17,32856,56,,8645,0,40,U/L,56.0
500419,500052,500003,3016723,,2025-04-17,32856,0.72,,8840,0.6,1.2,mg/dL,0.72
500420,500052,500003,3049187,,2025-04-17,32856,81.8,,9550,90,130,mL/min/1.73m2,81.8
500421,500053,500003,3004410,,2025-07-13,32856,6.5,,8554,4,5.6,%,6.5
500422,500053,500003,3004501,,2025-07-13,32856,110,,8840,70,99,mg/dL,110.0
500423,500053,500003,3004249,,2025-07-13,32856,160,,8876,90,130,mmHg,160.0
500424,500053,500003,3012888,,2025-07-13,32856,86,,8876,60,85,mmHg,86.0
500425,500053,500003,3025315,,2025-07-13,32856,67.2,,9529,45,90,kg,67.2
500426,500053,500003,3038553,,2025-07-13,32856,27.2,,9531,18.5,25,kg/m2,27.2
500427,500054,500004,3036277,,2020-06-03,32856,176.3,,8582,150,185,cm,176.3
500428,500054,500004,3004410,,2020-06-03,32856,6.1,,8554,4,5.6,%,6.1
500429,500054,500004,3004501,,2020-06-03,32856,88,,8840,70,99,mg/dL,88.0
500430,500054,500004,3004249,,2020-06-03,32856,136,,8876,90,130,mmHg,136.0
500431,500054,500004,3012888,,2020-06-03,32856,80,,8876,60,85,mmHg,80.0
500432,500054,500004,3025315,,2020-06-03,32856,84.9,,9529,45,90,kg,84.9
500433,500054,500004,3038553,,2020-06-03,32856,27.3,,9531,18.5,25,kg/m2,27.3
500434,500054,500004,3022192,,2020-06-03,32856,214.6,,8840,0,150,mg/dL,214.6
500435,500054,500004,3007070,,2020-06-03,32856,36.5,,8840,40,60,mg/dL,36.5
500436,500054,500004,3028437,,2020-06-03,32856,100.7,,8840,0,130,mg/dL,100.7
500437,500054,500004,3013721,,2020-06-03,32856,48.3,,8645,0,40,U/L,48.3
500438,500054,500004,3006923,,2020-06-03,32856,95.3,,8645,0,40,U/L,95.3
500439,500054,500004,3016723,,2020-06-03,32856,1.24,,8840,0.6,1.2,mg/dL,1.24
500440,500054,500004,3049187,,2020-06-03,32856,118.9,,9550,90,130,mL/min/1.73m2,118.9
500441,500055,500004,3004410,,2020-09-03,32856,5.3,,8554,4,5.6,%,5.3
500442,500055,500004,3004501,,2020-09-03,32856,96,,8840,70,99,mg/dL,96.0
500443,500055,500004,3004249,,2020-09-03,32856,136,,8876,90,130,mmHg,136.0
500444,500055,500004,3012888,,2020-09-03,32856,73,,8876,60,85,mmHg,73.0
500445,500055,500004,3025315,,2020-09-03,32856,85,,9529,45,90,kg,85.0
500446,500055,500004,3038553,,2020-09-03,32856,27.3,,9531,18.5,25,kg/m2,27.3
500447,500056,500004,3004410,,2020-11-27,32856,5.2,,8554,4,5.6,%,5.2
500448,500056,500004,3004501,,2020-11-27,32856,61,,8840,70,99,mg/dL,61.0
500449,500056,500004,3004249,,2020-11-27,32856,133,,8876,90,130,mmHg,133.0
500450,500056,500004,3012888,,2020-11-27,32856,75,,8876,60,85,mmHg,75.0
500451,500056,500004,3025315,,2020-11-27,32856,84.6,,9529,45,90,kg,84.6
500452,500056,500004,3038553,,2020-11-27,32856,27.2,,9531,18.5,25,kg/m2,27.2
500453,500057,500004,3004410,,2021-03-04,32856,5,,8554,4,5.6,%,5.0
500454,500057,500004,3004501,,2021-03-04,32856,78,,8840,70,99,mg/dL,78.0
500455,500057,500004,3004249,,2021-03-04,32856,149,,8876,90,130,mmHg,149.0
500456,500057,500004,3012888,,2021-03-04,32856,80,,8876,60,85,mmHg,80.0
500457,500057,500004,3025315,,2021-03-04,32856,82.8,,9529,45,90,kg,82.8
500458,500057,500004,3038553,,2021-03-04,32856,26.6,,9531,18.5,25,kg/m2,26.6
500459,500058,500004,3004410,,2021-05-27,32856,5.5,,8554,4,5.6,%,5.5
500460,500058,500004,3004501,,2021-05-27,32856,80,,8840,70,99,mg/dL,80.0
500461,500058,500004,3004249,,2021-05-27,32856,143,,8876,90,130,mmHg,143.0
500462,500058,500004,3012888,,2021-05-27,32856,92,,8876,60,85,mmHg,92.0
500463,500058,500004,3025315,,2021-05-27,32856,84,,9529,45,90,kg,84.0
500464,500058,500004,3038553,,2021-05-27,32856,27,,9531,18.5,25,kg/m2,27.0
500465,500058,500004,3022192,,2021-05-27,32856,184,,8840,0,150,mg/dL,184.0
500466,500058,500004,3007070,,2021-05-27,32856,67,,8840,40,60,mg/dL,67.0
500467,500058,500004,3028437,,2021-05-27,32856,105.2,,8840,0,130,mg/dL,105.2
500468,500058,500004,3013721,,2021-05-27,32856,29.8,,8645,0,40,U/L,29.8
500469,500058,500004,3006923,,2021-05-27,32856,61.6,,8645,0,40,U/L,61.6
500470,500058,500004,3016723,,2021-05-27,32856,1.1,,8840,0.6,1.2,mg/dL,1.1
500471,500058,500004,3049187,,2021-05-27,32856,110.2,,9550,90,130,mL/min/1.73m2,110.2
500472,500059,500004,3004410,,2021-08-30,32856,5.5,,8554,4,5.6,%,5.5
500473,500059,500004,3004501,,2021-08-30,32856,79,,8840,70,99,mg/dL,79.0
500474,500059,500004,3004249,,2021-08-30,32856,138,,8876,90,130,mmHg,138.0
500475,500059,500004,3012888,,2021-08-30,32856,84,,8876,60,85,mmHg,84.0
500476,500059,500004,3025315,,2021-08-30,32856,83.7,,9529,45,90,kg,83.7
500477,500059,500004,3038553,,2021-08-30,32856,26.9,,9531,18.5,25,kg/m2,26.9
500478,500060,500004,3004410,,2021-11-24,32856,5.1,,8554,4,5.6,%,5.1
500479,500060,500004,3004501,,2021-11-24,32856,61,,8840,70,99,mg/dL,61.0
500480,500060,500004,3004249,,2021-11-24,32856,122,,8876,90,130,mmHg,122.0
500481,500060,500004,3012888,,2021-11-24,32856,77,,8876,60,85,mmHg,77.0
500482,500060,500004,3025315,,2021-11-24,32856,83.4,,9529,45,90,kg,83.4
500483,500060,500004,3038553,,2021-11-24,32856,26.8,,9531,18.5,25,kg/m2,26.8
500484,500061,500004,3004410,,2022-02-26,32856,5.3,,8554,4,5.6,%,5.3
500485,500061,500004,3004501,,2022-02-26,32856,98,,8840,70,99,mg/dL,98.0
500486,500061,500004,3004249,,2022-02-26,32856,119,,8876,90,130,mmHg,119.0
500487,500061,500004,3012888,,2022-02-26,32856,78,,8876,60,85,mmHg,78.0
500488,500061,500004,3025315,,2022-02-26,32856,80.8,,9529,45,90,kg,80.8
500489,500061,500004,3038553,,2022-02-26,32856,26,,9531,18.5,25,kg/m2,26.0
500490,500062,500004,3004410,,2022-06-04,32856,5.8,,8554,4,5.6,%,5.8
500491,500062,500004,3004501,,2022-06-04,32856,100,,8840,70,99,mg/dL,100.0
500492,500062,500004,3004249,,2022-06-04,32856,149,,8876,90,130,mmHg,149.0
500493,500062,500004,3012888,,2022-06-04,32856,96,,8876,60,85,mmHg,96.0
500494,500062,500004,3025315,,2022-06-04,32856,81.7,,9529,45,90,kg,81.7
500495,500062,500004,3038553,,2022-06-04,32856,26.3,,9531,18.5,25,kg/m2,26.3
500496,500062,500004,3022192,,2022-06-04,32856,284.1,,8840,0,150,mg/dL,284.1
500497,500062,500004,3007070,,2022-06-04,32856,66.7,,8840,40,60,mg/dL,66.7
500498,500062,500004,3028437,,2022-06-04,32856,142.7,,8840,0,130,mg/dL,142.7
500499,500062,500004,3013721,,2022-06-04,32856,27.7,,8645,0,40,U/L,27.7
500500,500062,500004,3006923,,2022-06-04,32856,100.8,,8645,0,40,U/L,100.8
500501,500062,500004,3016723,,2022-06-04,32856,0.43,,8840,0.6,1.2,mg/dL,0.43
500502,500062,500004,3049187,,2022-06-04,32856,97,,9550,90,130,mL/min/1.73m2,97.0
500503,500063,500004,3004410,,2022-09-08,32856,5,,8554,4,5.6,%,5.0
500504,500063,500004,3004501,,2022-09-08,32856,78,,8840,70,99,mg/dL,78.0
500505,500063,500004,3004249,,2022-09-08,32856,138,,8876,90,130,mmHg,138.0
500506,500063,500004,3012888,,2022-09-08,32856,81,,8876,60,85,mmHg,81.0
500507,500063,500004,3025315,,2022-09-08,32856,83.2,,9529,45,90,kg,83.2
500508,500063,500004,3038553,,2022-09-08,32856,26.8,,9531,18.5,25,kg/m2,26.8
500509,500064,500004,3004410,,2022-12-02,32856,5.7,,8554,4,5.6,%,5.7
500510,500064,500004,3004501,,2022-12-02,32856,90,,8840,70,99,mg/dL,90.0
500511,500064,500004,3004249,,2022-12-02,32856,167,,8876,90,130,mmHg,167.0
500512,500064,500004,3012888,,2022-12-02,32856,92,,8876,60,85,mmHg,92.0
500513,500064,500004,3025315,,2022-12-02,32856,83,,9529,45,90,kg,83.0
500514,500064,500004,3038553,,2022-12-02,32856,26.7,,9531,18.5,25,kg/m2,26.7
500515,500065,500004,3004410,,2023-02-24,32856,6,,8554,4,5.6,%,6.0
500516,500065,500004,3004501,,2023-02-24,32856,125,,8840,70,99,mg/dL,125.0
500517,500065,500004,3004249,,2023-02-24,32856,144,,8876,90,130,mmHg,144.0
500518,500065,500004,3012888,,2023-02-24,32856,99,,8876,60,85,mmHg,99.0
500519,500065,500004,3025315,,2023-02-24,32856,81,,9529,45,90,kg,81.0
500520,500065,500004,3038553,,2023-02-24,32856,26.1,,9531,18.5,25,kg/m2,26.1
500521,500066,500004,3004410,,2023-05-20,32856,5.2,,8554,4,5.6,%,5.2
500522,500066,500004,3004501,,2023-05-20,32856,95,,8840,70,99,mg/dL,95.0
500523,500066,500004,3004249,,2023-05-20,32856,141,,8876,90,130,mmHg,141.0
500524,500066,500004,3012888,,2023-05-20,32856,86,,8876,60,85,mmHg,86.0
500525,500066,500004,3025315,,2023-05-20,32856,80.8,,9529,45,90,kg,80.8
500526,500066,500004,3038553,,2023-05-20,32856,26,,9531,18.5,25,kg/m2,26.0
500527,500066,500004,3022192,,2023-05-20,32856,279,,8840,0,150,mg/dL,279.0
500528,500066,500004,3007070,,2023-05-20,32856,39.6,,8840,40,60,mg/dL,39.6
500529,500066,500004,3028437,,2023-05-20,32856,97.2,,8840,0,130,mg/dL,97.2
500530,500066,500004,3013721,,2023-05-20,32856,33.8,,8645,0,40,U/L,33.8
500531,500066,500004,3006923,,2023-05-20,32856,9.5,,8645,0,40,U/L,9.5
500532,500066,500004,3016723,,2023-05-20,32856,0.69,,8840,0.6,1.2,mg/dL,0.69
500533,500066,500004,3049187,,2023-05-20,32856,92,,9550,90,130,mL/min/1.73m2,92.0
500534,500067,500004,3004410,,2023-08-18,32856,5.4,,8554,4,5.6,%,5.4
500535,500067,500004,3004501,,2023-08-18,32856,84,,8840,70,99,mg/dL,84.0
500536,500067,500004,3004249,,2023-08-18,32856,138,,8876,90,130,mmHg,138.0
500537,500067,500004,3012888,,2023-08-18,32856,79,,8876,60,85,mmHg,79.0
500538,500067,500004,3025315,,2023-08-18,32856,81.2,,9529,45,90,kg,81.2
500539,500067,500004,3038553,,2023-08-18,32856,26.1,,9531,18.5,25,kg/m2,26.1
500540,500068,500004,3004410,,2023-11-23,32856,5.8,,8554,4,5.6,%,5.8
500541,500068,500004,3004501,,2023-11-23,32856,114,,8840,70,99,mg/dL,114.0
500542,500068,500004,3004249,,2023-11-23,32856,130,,8876,90,130,mmHg,130.0
500543,500068,500004,3012888,,2023-11-23,32856,77,,8876,60,85,mmHg,77.0
500544,500068,500004,3025315,,2023-11-23,32856,80.4,,9529,45,90,kg,80.4
500545,500068,500004,3038553,,2023-11-23,32856,25.9,,9531,18.5,25,kg/m2,25.9
500546,500069,500004,3004410,,2024-02-26,32856,5.7,,8554,4,5.6,%,5.7
500547,500069,500004,3004501,,2024-02-26,32856,72,,8840,70,99,mg/dL,72.0
500548,500069,500004,3004249,,2024-02-26,32856,145,,8876,90,130,mmHg,145.0
500549,500069,500004,3012888,,2024-02-26,32856,82,,8876,60,85,mmHg,82.0
500550,500069,500004,3025315,,2024-02-26,32856,80,,9529,45,90,kg,80.0
500551,500069,500004,3038553,,2024-02-26,32856,25.7,,9531,18.5,25,kg/m2,25.7
500552,500070,500004,3004410,,2024-05-31,32856,6.3,,8554,4,5.6,%,6.3
500553,500070,500004,3004501,,2024-05-31,32856,92,,8840,70,99,mg/dL,92.0
500554,500070,500004,3004249,,2024-05-31,32856,135,,8876,90,130,mmHg,135.0
500555,500070,500004,3012888,,2024-05-31,32856,90,,8876,60,85,mmHg,90.0
500556,500070,500004,3025315,,2024-05-31,32856,82.5,,9529,45,90,kg,82.5
500557,500070,500004,3038553,,2024-05-31,32856,26.5,,9531,18.5,25,kg/m2,26.5
500558,500070,500004,3022192,,2024-05-31,32856,186.3,,8840,0,150,mg/dL,186.3
500559,500070,500004,3007070,,2024-05-31,32856,40,,8840,40,60,mg/dL,40.0
500560,500070,500004,3028437,,2024-05-31,32856,31.6,,8840,0,130,mg/dL,31.6
500561,500070,500004,3013721,,2024-05-31,32856,4.5,,8645,0,40,U/L,4.5
500562,500070,500004,3006923,,2024-05-31,32856,23.8,,8645,0,40,U/L,23.8
500563,500070,500004,3016723,,2024-05-31,32856,0.66,,8840,0.6,1.2,mg/dL,0.66
500564,500070,500004,3049187,,2024-05-31,32856,104.1,,9550,90,130,mL/min/1.73m2,104.1
500565,500071,500004,3004410,,2024-08-29,32856,5.9,,8554,4,5.6,%,5.9
500566,500071,500004,3004501,,2024-08-29,32856,76,,8840,70,99,mg/dL,76.0
500567,500071,500004,3004249,,2024-08-29,32856,151,,8876,90,130,mmHg,151.0
500568,500071,500004,3012888,,2024-08-29,32856,90,,8876,60,85,mmHg,90.0
500569,500071,500004,3025315,,2024-08-29,32856,83.4,,9529,45,90,kg,83.4
500570,500071,500004,3038553,,2024-08-29,32856,26.8,,9531,18.5,25,kg/m2,26.8
500571,500072,500005,3036277,,2018-07-29,32856,173.6,,8582,150,185,cm,173.6
500572,500072,500005,3004410,,2018-07-29,32856,6.3,,8554,4,5.6,%,6.3
500573,500072,500005,3004501,,2018-07-29,32856,98,,8840,70,99,mg/dL,98.0
500574,500072,500005,3004249,,2018-07-29,32856,115,,8876,90,130,mmHg,115.0
500575,500072,500005,3012888,,2018-07-29,32856,66,,8876,60,85,mmHg,66.0
500576,500072,500005,3025315,,2018-07-29,32856,68.1,,9529,45,90,kg,68.1
500577,500072,500005,3038553,,2018-07-29,32856,22.6,,9531,18.5,25,kg/m2,22.6
500578,500072,500005,3022192,,2018-07-29,32856,230.3,,8840,0,150,mg/dL,230.3
500579,500072,500005,3007070,,2018-07-29,32856,46.2,,8840,40,60,mg/dL,46.2
500580,500072,500005,3028437,,2018-07-29,32856,108.7,,8840,0,130,mg/dL,108.7
500581,500072,500005,3013721,,2018-07-29,32856,62.8,,8645,0,40,U/L,62.8
500582,500072,500005,3006923,,2018-07-29,32856,19.4,,8645,0,40,U/L,19.4
500583,500072,500005,3016723,,2018-07-29,32856,1.1,,8840,0.6,1.2,mg/dL,1.1
500584,500072,500005,3049187,,2018-07-29,32856,95.7,,9550,90,130,mL/min/1.73m2,95.7
500585,500073,500005,3004410,,2018-11-03,32856,6,,8554,4,5.6,%,6.0
500586,500073,500005,3004501,,2018-11-03,32856,101,,8840,70,99,mg/dL,101.0
500587,500073,500005,3004249,,2018-11-03,32856,115,,8876,90,130,mmHg,115.0
500588,500073,500005,3012888,,2018-11-03,32856,84,,8876,60,85,mmHg,84.0
500589,500073,500005,3025315,,2018-11-03,32856,67.2,,9529,45,90,kg,67.2
500590,500073,500005,3038553,,2018-11-03,32856,22.3,,9531,18.5,25,kg/m2,22.3
500591,500074,500005,3004410,,2019-01-30,32856,5.6,,8554,4,5.6,%,5.6
500592,500074,500005,3004501,,2019-01-30,32856,67,,8840,70,99,mg/dL,67.0
500593,500074,500005,3004249,,2019-01-30,32856,113,,8876,90,130,mmHg,113.0
500594,500074,500005,3012888,,2019-01-30,32856,81,,8876,60,85,mmHg,81.0
500595,500074,500005,3025315,,2019-01-30,32856,67.9,,9529,45,90,kg,67.9
500596,500074,500005,3038553,,2019-01-30,32856,22.5,,9531,18.5,25,kg/m2,22.5
500597,500075,500005,3004410,,2019-04-26,32856,5.7,,8554,4,5.6,%,5.7
500598,500075,500005,3004501,,2019-04-26,32856,90,,8840,70,99,mg/dL,90.0
500599,500075,500005,3004249,,2019-04-26,32856,117,,8876,90,130,mmHg,117.0
500600,500075,500005,3012888,,2019-04-26,32856,69,,8876,60,85,mmHg,69.0
500601,500075,500005,3025315,,2019-04-26,32856,68,,9529,45,90,kg,68.0
500602,500075,500005,3038553,,2019-04-26,32856,22.6,,9531,18.5,25,kg/m2,22.6
500603,500076,500005,3004410,,2019-07-30,32856,6.4,,8554,4,5.6,%,6.4
500604,500076,500005,3004501,,2019-07-30,32856,128,,8840,70,99,mg/dL,128.0
500605,500076,500005,3004249,,2019-07-30,32856,112,,8876,90,130,mmHg,112.0
500606,500076,500005,3012888,,2019-07-30,32856,80,,8876,60,85,mmHg,80.0
500607,500076,500005,3025315,,2019-07-30,32856,68.7,,9529,45,90,kg,68.7
500608,500076,500005,3038553,,2019-07-30,32856,22.8,,9531,18.5,25,kg/m2,22.8
500609,500076,500005,3022192,,2019-07-30,32856,109.1,,8840,0,150,mg/dL,109.1
500610,500076,500005,3007070,,2019-07-30,32856,58.9,,8840,40,60,mg/dL,58.9
500611,500076,500005,3028437,,2019-07-30,32856,92.1,,8840,0,130,mg/dL,92.1
500612,500076,500005,3013721,,2019-07-30,32856,54.3,,8645,0,40,U/L,54.3
500613,500076,500005,3006923,,2019-07-30,32856,32.2,,8645,0,40,U/L,32.2
500614,500076,500005,3016723,,2019-07-30,32856,1.2,,8840,0.6,1.2,mg/dL,1.2
500615,500076,500005,3049187,,2019-07-30,32856,110.3,,9550,90,130,mL/min/1.73m2,110.3
500616,500077,500005,3004410,,2019-10-22,32856,6.3,,8554,4,5.6,%,6.3
500617,500077,500005,3004501,,2019-10-22,32856,122,,8840,70,99,mg/dL,122.0
500618,500077,500005,3004249,,2019-10-22,32856,121,,8876,90,130,mmHg,121.0
500619,500077,500005,3012888,,2019-10-22,32856,84,,8876,60,85,mmHg,84.0
500620,500077,500005,3025315,,2019-10-22,32856,69,,9529,45,90,kg,69.0
500621,500077,500005,3038553,,2019-10-22,32856,22.9,,9531,18.5,25,kg/m2,22.9
500622,500078,500005,3004410,,2020-01-20,32856,5.9,,8554,4,5.6,%,5.9
500623,500078,500005,3004501,,2020-01-20,32856,97,,8840,70,99,mg/dL,97.0
500624,500078,500005,3004249,,2020-01-20,32856,134,,8876,90,130,mmHg,134.0
500625,500078,500005,3012888,,2020-01-20,32856,80,,8876,60,85,mmHg,80.0
500626,500078,500005,3025315,,2020-01-20,32856,70.5,,9529,45,90,kg,70.5
500627,500078,500005,3038553,,2020-01-20,32856,23.4,,9531,18.5,25,kg/m2,23.4
500628,500079,500005,3004410,,2020-04-24,32856,5.8,,8554,4,5.6,%,5.8
500629,500079,500005,3004501,,2020-04-24,32856,132,,8840,70,99,mg/dL,132.0
500630,500079,500005,3004249,,2020-04-24,32856,128,,8876,90,130,mmHg,128.0
500631,500079,500005,3012888,,2020-04-24,32856,71,,8876,60,85,mmHg,71.0
500632,500079,500005,3025315,,2020-04-24,32856,69.7,,9529,45,90,kg,69.7
500633,500079,500005,3038553,,2020-04-24,32856,23.1,,9531,18.5,25,kg/m2,23.1
500634,500080,500005,3004410,,2020-07-21,32856,5.7,,8554,4,5.6,%,5.7
500635,500080,500005,3004501,,2020-07-21,32856,60,,8840,70,99,mg/dL,60
500636,500080,500005,3004249,,2020-07-21,32856,125,,8876,90,130,mmHg,125.0
500637,500080,500005,3012888,,2020-07-21,32856,73,,8876,60,85,mmHg,73.0
500638,500080,500005,3025315,,2020-07-21,32856,68.9,,9529,45,90,kg,68.9
500639,500080,500005,3038553,,2020-07-21,32856,22.9,,9531,18.5,25,kg/m2,22.9
500640,500080,500005,3022192,,2020-07-21,32856,288.7,,8840,0,150,mg/dL,288.7
500641,500080,500005,3007070,,2020-07-21,32856,52.9,,8840,40,60,mg/dL,52.9
500642,500080,500005,3028437,,2020-07-21,32856,100,,8840,0,130,mg/dL,100.0
500643,500080,500005,3013721,,2020-07-21,32856,0,,8645,0,40,U/L,0
500644,500080,500005,3006923,,2020-07-21,32856,43.8,,8645,0,40,U/L,43.8
500645,500080,500005,3016723,,2020-07-21,32856,1.04,,8840,0.6,1.2,mg/dL,1.04
500646,500080,500005,3049187,,2020-07-21,32856,74,,9550,90,130,mL/min/1.73m2,74.0
500647,500081,500005,3004410,,2020-10-14,32856,5,,8554,4,5.6,%,5.0
500648,500081,500005,3004501,,2020-10-14,32856,97,,8840,70,99,mg/dL,97.0
500649,500081,500005,3004249,,2020-10-14,32856,104,,8876,90,130,mmHg,104.0
500650,500081,500005,3012888,,2020-10-14,32856,83,,8876,60,85,mmHg,83.0
500651,500081,500005,3025315,,2020-10-14,32856,71.2,,9529,45,90,kg,71.2
500652,500081,500005,3038553,,2020-10-14,32856,23.6,,9531,18.5,25,kg/m2,23.6
500653,500082,500005,3004410,,2021-01-11,32856,5.8,,8554,4,5.6,%,5.8
500654,500082,500005,3004501,,2021-01-11,32856,85,,8840,70,99,mg/dL,85.0
500655,500082,500005,3004249,,2021-01-11,32856,136,,8876,90,130,mmHg,136.0
500656,500082,500005,3012888,,2021-01-11,32856,82,,8876,60,85,mmHg,82.0
500657,500082,500005,3025315,,2021-01-11,32856,72.1,,9529,45,90,kg,72.1
500658,500082,500005,3038553,,2021-01-11,32856,23.9,,9531,18.5,25,kg/m2,23.9
500659,500083,500005,3004410,,2021-04-15,32856,5.6,,8554,4,5.6,%,5.6
500660,500083,500005,3004501,,2021-04-15,32856,109,,8840,70,99,mg/dL,109.0
500661,500083,500005,3004249,,2021-04-15,32856,134,,8876,90,130,mmHg,134.0
500662,500083,500005,3012888,,2021-04-15,32856,65,,8876,60,85,mmHg,65.0
500663,500083,500005,3025315,,2021-04-15,32856,74.1,,9529,45,90,kg,74.1
500664,500083,500005,3038553,,2021-04-15,32856,24.6,,9531,18.5,25,kg/m2,24.6
500665,500084,500005,3004410,,2021-07-20,32856,5.5,,8554,4,5.6,%,5.5
500666,500084,500005,3004501,,2021-07-20,32856,97,,8840,70,99,mg/dL,97.0
500667,500084,500005,3004249,,2021-07-20,32856,143,,8876,90,130,mmHg,143.0
500668,500084,500005,3012888,,2021-07-20,32856,82,,8876,60,85,mmHg,82.0
500669,500084,500005,3025315,,2021-07-20,32856,74.4,,9529,45,90,kg,74.4
500670,500084,500005,3038553,,2021-07-20,32856,24.7,,9531,18.5,25,kg/m2,24.7
500671,500084,500005,3022192,,2021-07-20,32856,147.8,,8840,0,150,mg/dL,147.8
500672,500084,500005,3007070,,2021-07-20,32856,48.3,,8840,40,60,mg/dL,48.3
500673,500084,500005,3028437,,2021-07-20,32856,51.3,,8840,0,130,mg/dL,51.3
500674,500084,500005,3013721,,2021-07-20,32856,75.8,,8645,0,40,U/L,75.8
500675,500084,500005,3006923,,2021-07-20,32856,24.9,,8645,0,40,U/L,24.9
500676,500084,500005,3016723,,2021-07-20,32856,0.57,,8840,0.6,1.2,mg/dL,0.57
500677,500084,500005,3049187,,2021-07-20,32856,116.8,,9550,90,130,mL/min/1.73m2,116.8
500678,500085,500005,3004410,,2021-10-24,32856,6,,8554,4,5.6,%,6.0
500679,500085,500005,3004501,,2021-10-24,32856,119,,8840,70,99,mg/dL,119.0
500680,500085,500005,3004249,,2021-10-24,32856,136,,8876,90,130,mmHg,136.0
500681,500085,500005,3012888,,2021-10-24,32856,77,,8876,60,85,mmHg,77.0
500682,500085,500005,3025315,,2021-10-24,32856,74.1,,9529,45,90,kg,74.1
500683,500085,500005,3038553,,2021-10-24,32856,24.6,,9531,18.5,25,kg/m2,24.6
500684,500086,500005,3004410,,2022-01-30,32856,5.8,,8554,4,5.6,%,5.8
500685,500086,500005,3004501,,2022-01-30,32856,96,,8840,70,99,mg/dL,96.0
500686,500086,500005,3004249,,2022-01-30,32856,113,,8876,90,130,mmHg,113.0
500687,500086,500005,3012888,,2022-01-30,32856,81,,8876,60,85,mmHg,81.0
500688,500086,500005,3025315,,2022-01-30,32856,73.6,,9529,45,90,kg,73.6
500689,500086,500005,3038553,,2022-01-30,32856,24.4,,9531,18.5,25,kg/m2,24.4
500690,500087,500005,3004410,,2022-04-27,32856,5.8,,8554,4,5.6,%,5.8
500691,500087,500005,3004501,,2022-04-27,32856,111,,8840,70,99,mg/dL,111.0
500692,500087,500005,3004249,,2022-04-27,32856,135,,8876,90,130,mmHg,135.0
500693,500087,500005,3012888,,2022-04-27,32856,80,,8876,60,85,mmHg,80.0
500694,500087,500005,3025315,,2022-04-27,32856,74.9,,9529,45,90,kg,74.9
500695,500087,500005,3038553,,2022-04-27,32856,24.9,,9531,18.5,25,kg/m2,24.9
500696,500088,500005,3004410,,2022-07-24,32856,6.5,,8554,4,5.6,%,6.5
500697,500088,500005,3004501,,2022-07-24,32856,140,,8840,70,99,mg/dL,140.0
500698,500088,500005,3004249,,2022-07-24,32856,104,,8876,90,130,mmHg,104.0
500699,500088,500005,3012888,,2022-07-24,32856,74,,8876,60,85,mmHg,74.0
500700,500088,500005,3025315,,2022-07-24,32856,74.9,,9529,45,90,kg,74.9
500701,500088,500005,3038553,,2022-07-24,32856,24.9,,9531,18.5,25,kg/m2,24.9
500702,500088,500005,3022192,,2022-07-24,32856,229.4,,8840,0,150,mg/dL,229.4
500703,500088,500005,3007070,,2022-07-24,32856,80.3,,8840,40,60,mg/dL,80.3
500704,500088,500005,3028437,,2022-07-24,32856,142.8,,8840,0,130,mg/dL,142.8
500705,500088,500005,3013721,,2022-07-24,32856,29.9,,8645,0,40,U/L,29.9
500706,500088,500005,3006923,,2022-07-24,32856,43.5,,8645,0,40,U/L,43.5
500707,500088,500005,3016723,,2022-07-24,32856,0.84,,8840,0.6,1.2,mg/dL,0.84
500708,500088,500005,3049187,,2022-07-24,32856,106.9,,9550,90,130,mL/min/1.73m2,106.9
500709,500089,500005,3004410,,2022-10-22,32856,6,,8554,4,5.6,%,6.0
500710,500089,500005,3004501,,2022-10-22,32856,117,,8840,70,99,mg/dL,117.0
500711,500089,500005,3004249,,2022-10-22,32856,114,,8876,90,130,mmHg,114.0
500712,500089,500005,3012888,,2022-10-22,32856,66,,8876,60,85,mmHg,66.0
500713,500089,500005,3025315,,2022-10-22,32856,74,,9529,45,90,kg,74.0
500714,500089,500005,3038553,,2022-10-22,32856,24.6,,9531,18.5,25,kg/m2,24.6
500715,500090,500005,3004410,,2023-01-18,32856,5.9,,8554,4,5.6,%,5.9
500716,500090,500005,3004501,,2023-01-18,32856,121,,8840,70,99,mg/dL,121.0
500717,500090,500005,3004249,,2023-01-18,32856,135,,8876,90,130,mmHg,135.0
500718,500090,500005,3012888,,2023-01-18,32856,66,,8876,60,85,mmHg,66.0
500719,500090,500005,3025315,,2023-01-18,32856,72.6,,9529,45,90,kg,72.6
500720,500090,500005,3038553,,2023-01-18,32856,24.1,,9531,18.5,25,kg/m2,24.1
500721,500091,500005,3004410,,2023-04-21,32856,6,,8554,4,5.6,%,6.0
500722,500091,500005,3004501,,2023-04-21,32856,96,,8840,70,99,mg/dL,96.0
500723,500091,500005,3004249,,2023-04-21,32856,133,,8876,90,130,mmHg,133.0
500724,500091,500005,3012888,,2023-04-21,32856,67,,8876,60,85,mmHg,67.0
500725,500091,500005,3025315,,2023-04-21,32856,72.3,,9529,45,90,kg,72.3
500726,500091,500005,3038553,,2023-04-21,32856,24,,9531,18.5,25,kg/m2,24.0
500727,500092,500005,3004410,,2023-07-15,32856,5.9,,8554,4,5.6,%,5.9
500728,500092,500005,3004501,,2023-07-15,32856,106,,8840,70,99,mg/dL,106.0
500729,500092,500005,3004249,,2023-07-15,32856,117,,8876,90,130,mmHg,117.0
500730,500092,500005,3012888,,2023-07-15,32856,74,,8876,60,85,mmHg,74.0
500731,500092,500005,3025315,,2023-07-15,32856,71.8,,9529,45,90,kg,71.8
500732,500092,500005,3038553,,2023-07-15,32856,23.8,,9531,18.5,25,kg/m2,23.8
500733,500092,500005,3022192,,2023-07-15,32856,215.1,,8840,0,150,mg/dL,215.1
500734,500092,500005,3007070,,2023-07-15,32856,44.1,,8840,40,60,mg/dL,44.1
500735,500092,500005,3028437,,2023-07-15,32856,102.5,,8840,0,130,mg/dL,102.5
500736,500092,500005,3013721,,2023-07-15,32856,68.7,,8645,0,40,U/L,68.7
500737,500092,500005,3006923,,2023-07-15,32856,48.8,,8645,0,40,U/L,48.8
500738,500092,500005,3016723,,2023-07-15,32856,1.04,,8840,0.6,1.2,mg/dL,1.04
500739,500092,500005,3049187,,2023-07-15,32856,100.3,,9550,90,130,mL/min/1.73m2,100.3
500740,500093,500005,3004410,,2023-10-20,32856,5.9,,8554,4,5.6,%,5.9
500741,500093,500005,3004501,,2023-10-20,32856,116,,8840,70,99,mg/dL,116.0
500742,500093,500005,3004249,,2023-10-20,32856,116,,8876,90,130,mmHg,116.0
500743,500093,500005,3012888,,2023-10-20,32856,70,,8876,60,85,mmHg,70.0
500744,500093,500005,3025315,,2023-10-20,32856,73.1,,9529,45,90,kg,73.1
500745,500093,500005,3038553,,2023-10-20,32856,24.3,,9531,18.5,25,kg/m2,24.3
500746,500094,500005,3004410,,2024-01-26,32856,5.3,,8554,4,5.6,%,5.3
500747,500094,500005,3004501,,2024-01-26,32856,87,,8840,70,99,mg/dL,87.0
500748,500094,500005,3004249,,2024-01-26,32856,125,,8876,90,130,mmHg,125.0
500749,500094,500005,3012888,,2024-01-26,32856,78,,8876,60,85,mmHg,78.0
500750,500094,500005,3025315,,2024-01-26,32856,71.6,,9529,45,90,kg,71.6
500751,500094,500005,3038553,,2024-01-26,32856,23.8,,9531,18.5,25,kg/m2,23.8
500752,500095,500005,3004410,,2024-04-29,32856,5.1,,8554,4,5.6,%,5.1
500753,500095,500005,3004501,,2024-04-29,32856,61,,8840,70,99,mg/dL,61.0
500754,500095,500005,3004249,,2024-04-29,32856,115,,8876,90,130,mmHg,115.0
500755,500095,500005,3012888,,2024-04-29,32856,74,,8876,60,85,mmHg,74.0
500756,500095,500005,3025315,,2024-04-29,32856,71,,9529,45,90,kg,71.0
500757,500095,500005,3038553,,2024-04-29,32856,23.6,,9531,18.5,25,kg/m2,23.6
500758,500096,500006,3036277,,2019-06-30,32856,172.3,,8582,150,185,cm,172.3
500759,500096,500006,3004410,,2019-06-30,32856,7.5,,8554,4,5.6,%,7.5
500760,500096,500006,3004501,,2019-06-30,32856,140,,8840,70,99,mg/dL,140.0
500761,500096,500006,3004249,,2019-06-30,32856,141,,8876,90,130,mmHg,141.0
500762,500096,500006,3012888,,2019-06-30,32856,79,,8876,60,85,mmHg,79.0
500763,500096,500006,3025315,,2019-06-30,32856,73.3,,9529,45,90,kg,73.3
500764,500096,500006,3038553,,2019-06-30,32856,24.7,,9531,18.5,25,kg/m2,24.7
500765,500096,500006,3022192,,2019-06-30,32856,179.3,,8840,0,150,mg/dL,179.3
500766,500096,500006,3007070,,2019-06-30,32856,38.4,,8840,40,60,mg/dL,38.4
500767,500096,500006,3028437,,2019-06-30,32856,73,,8840,0,130,mg/dL,73.0
500768,500096,500006,3013721,,2019-06-30,32856,31.2,,8645,0,40,U/L,31.2
500769,500096,500006,3006923,,2019-06-30,32856,14.8,,8645,0,40,U/L,14.8
500770,500096,500006,3016723,,2019-06-30,32856,0.91,,8840,0.6,1.2,mg/dL,0.91
500771,500096,500006,3049187,,2019-06-30,32856,93.1,,9550,90,130,mL/min/1.73m2,93.1
500772,500097,500006,3004410,,2019-10-01,32856,7.1,,8554,4,5.6,%,7.1
500773,500097,500006,3004501,,2019-10-01,32856,123,,8840,70,99,mg/dL,123.0
500774,500097,500006,3004249,,2019-10-01,32856,142,,8876,90,130,mmHg,142.0
500775,500097,500006,3012888,,2019-10-01,32856,90,,8876,60,85,mmHg,90.0
500776,500097,500006,3025315,,2019-10-01,32856,73.1,,9529,45,90,kg,73.1
500777,500097,500006,3038553,,2019-10-01,32856,24.6,,9531,18.5,25,kg/m2,24.6
500778,500098,500006,3004410,,2019-12-29,32856,6.1,,8554,4,5.6,%,6.1
500779,500098,500006,3004501,,2019-12-29,32856,98,,8840,70,99,mg/dL,98.0
500780,500098,500006,3004249,,2019-12-29,32856,122,,8876,90,130,mmHg,122.0
500781,500098,500006,3012888,,2019-12-29,32856,78,,8876,60,85,mmHg,78.0
500782,500098,500006,3025315,,2019-12-29,32856,75,,9529,45,90,kg,75.0
500783,500098,500006,3038553,,2019-12-29,32856,25.3,,9531,18.5,25,kg/m2,25.3
500784,500099,500006,3004410,,2020-03-22,32856,6.2,,8554,4,5.6,%,6.2
500785,500099,500006,3004501,,2020-03-22,32856,89,,8840,70,99,mg/dL,89.0
500786,500099,500006,3004249,,2020-03-22,32856,149,,8876,90,130,mmHg,149.0
500787,500099,500006,3012888,,2020-03-22,32856,81,,8876,60,85,mmHg,81.0
500788,500099,500006,3025315,,2020-03-22,32856,72.4,,9529,45,90,kg,72.4
500789,500099,500006,3038553,,2020-03-22,32856,24.4,,9531,18.5,25,kg/m2,24.4
500790,500100,500006,3004410,,2020-06-20,32856,6.4,,8554,4,5.6,%,6.4
500791,500100,500006,3004501,,2020-06-20,32856,105,,8840,70,99,mg/dL,105.0
500792,500100,500006,3004249,,2020-06-20,32856,153,,8876,90,130,mmHg,153.0
500793,500100,500006,3012888,,2020-06-20,32856,79,,8876,60,85,mmHg,79.0
500794,500100,500006,3025315,,2020-06-20,32856,71.6,,9529,45,90,kg,71.6
500795,500100,500006,3038553,,2020-06-20,32856,24.1,,9531,18.5,25,kg/m2,24.1
500796,500100,500006,3022192,,2020-06-20,32856,253.2,,8840,0,150,mg/dL,253.2
500797,500100,500006,3007070,,2020-06-20,32856,59.6,,8840,40,60,mg/dL,59.6
500798,500100,500006,3028437,,2020-06-20,32856,127.6,,8840,0,130,mg/dL,127.6
500799,500100,500006,3013721,,2020-06-20,32856,43.1,,8645,0,40,U/L,43.1
500800,500100,500006,3006923,,2020-06-20,32856,15.6,,8645,0,40,U/L,15.6
500801,500100,500006,3016723,,2020-06-20,32856,0.91,,8840,0.6,1.2,mg/dL,0.91
500802,500100,500006,3049187,,2020-06-20,32856,83.4,,9550,90,130,mL/min/1.73m2,83.4
500803,500101,500006,3004410,,2020-09-17,32856,6.4,,8554,4,5.6,%,6.4
500804,500101,500006,3004501,,2020-09-17,32856,114,,8840,70,99,mg/dL,114.0
500805,500101,500006,3004249,,2020-09-17,32856,133,,8876,90,130,mmHg,133.0
500806,500101,500006,3012888,,2020-09-17,32856,81,,8876,60,85,mmHg,81.0
500807,500101,500006,3025315,,2020-09-17,32856,72.1,,9529,45,90,kg,72.1
500808,500101,500006,3038553,,2020-09-17,32856,24.3,,9531,18.5,25,kg/m2,24.3
500809,500102,500006,3004410,,2020-12-13,32856,6.2,,8554,4,5.6,%,6.2
500810,500102,500006,3004501,,2020-12-13,32856,97,,8840,70,99,mg/dL,97.0
500811,500102,500006,3004249,,2020-12-13,32856,133,,8876,90,130,mmHg,133.0
500812,500102,500006,3012888,,2020-12-13,32856,86,,8876,60,85,mmHg,86.0
500813,500102,500006,3025315,,2020-12-13,32856,71.6,,9529,45,90,kg,71.6
500814,500102,500006,3038553,,2020-12-13,32856,24.1,,9531,18.5,25,kg/m2,24.1
500815,500103,500006,3004410,,2021-03-14,32856,6.4,,8554,4,5.6,%,6.4
500816,500103,500006,3004501,,2021-03-14,32856,119,,8840,70,99,mg/dL,119.0
500817,500103,500006,3004249,,2021-03-14,32856,151,,8876,90,130,mmHg,151.0
500818,500103,500006,3012888,,2021-03-14,32856,96,,8876,60,85,mmHg,96.0
500819,500103,500006,3025315,,2021-03-14,32856,73,,9529,45,90,kg,73.0
500820,500103,500006,3038553,,2021-03-14,32856,24.6,,9531,18.5,25,kg/m2,24.6
500821,500104,500006,3004410,,2021-06-13,32856,6.6,,8554,4,5.6,%,6.6
500822,500104,500006,3004501,,2021-06-13,32856,112,,8840,70,99,mg/dL,112.0
500823,500104,500006,3004249,,2021-06-13,32856,141,,8876,90,130,mmHg,141.0
500824,500104,500006,3012888,,2021-06-13,32856,98,,8876,60,85,mmHg,98.0
500825,500104,500006,3025315,,2021-06-13,32856,72.6,,9529,45,90,kg,72.6
500826,500104,500006,3038553,,2021-06-13,32856,24.5,,9531,18.5,25,kg/m2,24.5
500827,500104,500006,3022192,,2021-06-13,32856,175.4,,8840,0,150,mg/dL,175.4
500828,500104,500006,3007070,,2021-06-13,32856,67.8,,8840,40,60,mg/dL,67.8
500829,500104,500006,3028437,,2021-06-13,32856,99,,8840,0,130,mg/dL,99.0
500830,500104,500006,3013721,,2021-06-13,32856,61.2,,8645,0,40,U/L,61.2
500831,500104,500006,3006923,,2021-06-13,32856,71.6,,8645,0,40,U/L,71.6
500832,500104,500006,3016723,,2021-06-13,32856,1.03,,8840,0.6,1.2,mg/dL,1.03
500833,500104,500006,3049187,,2021-06-13,32856,62.8,,9550,90,130,mL/min/1.73m2,62.8
500834,500105,500006,3004410,,2021-09-08,32856,7.3,,8554,4,5.6,%,7.3
500835,500105,500006,3004501,,2021-09-08,32856,132,,8840,70,99,mg/dL,132.0
500836,500105,500006,3004249,,2021-09-08,32856,124,,8876,90,130,mmHg,124.0
500837,500105,500006,3012888,,2021-09-08,32856,90,,8876,60,85,mmHg,90.0
500838,500105,500006,3025315,,2021-09-08,32856,72.9,,9529,45,90,kg,72.9
500839,500105,500006,3038553,,2021-09-08,32856,24.6,,9531,18.5,25,kg/m2,24.6
500840,500106,500006,3004410,,2021-12-13,32856,6.8,,8554,4,5.6,%,6.8
500841,500106,500006,3004501,,2021-12-13,32856,117,,8840,70,99,mg/dL,117.0
500842,500106,500006,3004249,,2021-12-13,32856,141,,8876,90,130,mmHg,141.0
500843,500106,500006,3012888,,2021-12-13,32856,94,,8876,60,85,mmHg,94.0
500844,500106,500006,3025315,,2021-12-13,32856,73.1,,9529,45,90,kg,73.1
500845,500106,500006,3038553,,2021-12-13,32856,24.6,,9531,18.5,25,kg/m2,24.6
500846,500107,500006,3004410,,2022-03-21,32856,7,,8554,4,5.6,%,7.0
500847,500107,500006,3004501,,2022-03-21,32856,116,,8840,70,99,mg/dL,116.0
500848,500107,500006,3004249,,2022-03-21,32856,149,,8876,90,130,mmHg,149.0
500849,500107,500006,3012888,,2022-03-21,32856,95,,8876,60,85,mmHg,95.0
500850,500107,500006,3025315,,2022-03-21,32856,73.4,,9529,45,90,kg,73.4
500851,500107,500006,3038553,,2022-03-21,32856,24.7,,9531,18.5,25,kg/m2,24.7
500852,500108,500006,3004410,,2022-06-19,32856,7.4,,8554,4,5.6,%,7.4
500853,500108,500006,3004501,,2022-06-19,32856,147,,8840,70,99,mg/dL,147.0
500854,500108,500006,3004249,,2022-06-19,32856,146,,8876,90,130,mmHg,146.0
500855,500108,500006,3012888,,2022-06-19,32856,93,,8876,60,85,mmHg,93.0
500856,500108,500006,3025315,,2022-06-19,32856,73.8,,9529,45,90,kg,73.8
500857,500108,500006,3038553,,2022-06-19,32856,24.9,,9531,18.5,25,kg/m2,24.9
500858,500108,500006,3022192,,2022-06-19,32856,153.5,,8840,0,150,mg/dL,153.5
500859,500108,500006,3007070,,2022-06-19,32856,63.7,,8840,40,60,mg/dL,63.7
500860,500108,500006,3028437,,2022-06-19,32856,85.6,,8840,0,130,mg/dL,85.6
500861,500108,500006,3013721,,2022-06-19,32856,43.7,,8645,0,40,U/L,43.7
500862,500108,500006,3006923,,2022-06-19,32856,47.8,,8645,0,40,U/L,47.8
500863,500108,500006,3016723,,2022-06-19,32856,0.89,,8840,0.6,1.2,mg/dL,0.89
500864,500108,500006,3049187,,2022-06-19,32856,119.4,,9550,90,130,mL/min/1.73m2,119.4
500865,500109,500006,3004410,,2022-09-21,32856,6.9,,8554,4,5.6,%,6.9
500866,500109,500006,3004501,,2022-09-21,32856,114,,8840,70,99,mg/dL,114.0
500867,500109,500006,3004249,,2022-09-21,32856,143,,8876,90,130,mmHg,143.0
500868,500109,500006,3012888,,2022-09-21,32856,80,,8876,60,85,mmHg,80.0
500869,500109,500006,3025315,,2022-09-21,32856,72.2,,9529,45,90,kg,72.2
500870,500109,500006,3038553,,2022-09-21,32856,24.3,,9531,18.5,25,kg/m2,24.3
500871,500110,500006,3004410,,2022-12-14,32856,6.6,,8554,4,5.6,%,6.6
500872,500110,500006,3004501,,2022-12-14,32856,108,,8840,70,99,mg/dL,108.0
500873,500110,500006,3004249,,2022-12-14,32856,133,,8876,90,130,mmHg,133.0
500874,500110,500006,3012888,,2022-12-14,32856,85,,8876,60,85,mmHg,85.0
500875,500110,500006,3025315,,2022-12-14,32856,74.8,,9529,45,90,kg,74.8
500876,500110,500006,3038553,,2022-12-14,32856,25.2,,9531,18.5,25,kg/m2,25.2
500877,500111,500006,3004410,,2023-03-08,32856,6.6,,8554,4,5.6,%,6.6
500878,500111,500006,3004501,,2023-03-08,32856,120,,8840,70,99,mg/dL,120.0
500879,500111,500006,3004249,,2023-03-08,32856,112,,8876,90,130,mmHg,112.0
500880,500111,500006,3012888,,2023-03-08,32856,100,,8876,60,85,mmHg,100.0
500881,500111,500006,3025315,,2023-03-08,32856,74.9,,9529,45,90,kg,74.9
500882,500111,500006,3038553,,2023-03-08,32856,25.2,,9531,18.5,25,kg/m2,25.2
500883,500112,500006,3004410,,2023-06-02,32856,6.3,,8554,4,5.6,%,6.3
500884,500112,500006,3004501,,2023-06-02,32856,99,,8840,70,99,mg/dL,99.0
500885,500112,500006,3004249,,2023-06-02,32856,142,,8876,90,130,mmHg,142.0
500886,500112,500006,3012888,,2023-06-02,32856,81,,8876,60,85,mmHg,81.0
500887,500112,500006,3025315,,2023-06-02,32856,75.4,,9529,45,90,kg,75.4
500888,500112,500006,3038553,,2023-06-02,32856,25.4,,9531,18.5,25,kg/m2,25.4
500889,500112,500006,3022192,,2023-06-02,32856,113.4,,8840,0,150,mg/dL,113.4
500890,500112,500006,3007070,,2023-06-02,32856,33.8,,8840,40,60,mg/dL,33.8
500891,500112,500006,3028437,,2023-06-02,32856,139.3,,8840,0,130,mg/dL,139.3
500892,500112,500006,3013721,,2023-06-02,32856,20.3,,8645,0,40,U/L,20.3
500893,500112,500006,3006923,,2023-06-02,32856,44.5,,8645,0,40,U/L,44.5
500894,500112,500006,3016723,,2023-06-02,32856,0.72,,8840,0.6,1.2,mg/dL,0.72
500895,500112,500006,3049187,,2023-06-02,32856,82.6,,9550,90,130,mL/min/1.73m2,82.6
500896,500113,500006,3004410,,2023-09-04,32856,7.3,,8554,4,5.6,%,7.3
500897,500113,500006,3004501,,2023-09-04,32856,138,,8840,70,99,mg/dL,138.0
500898,500113,500006,3004249,,2023-09-04,32856,120,,8876,90,130,mmHg,120.0
500899,500113,500006,3012888,,2023-09-04,32856,89,,8876,60,85,mmHg,89.0
500900,500113,500006,3025315,,2023-09-04,32856,75.8,,9529,45,90,kg,75.8
500901,500113,500006,3038553,,2023-09-04,32856,25.5,,9531,18.5,25,kg/m2,25.5
500902,500114,500006,3004410,,2023-12-10,32856,7,,8554,4,5.6,%,7.0
500903,500114,500006,3004501,,2023-12-10,32856,153,,8840,70,99,mg/dL,153.0
500904,500114,500006,3004249,,2023-12-10,32856,149,,8876,90,130,mmHg,149.0
500905,500114,500006,3012888,,2023-12-10,32856,92,,8876,60,85,mmHg,92.0
500906,500114,500006,3025315,,2023-12-10,32856,77,,9529,45,90,kg,77.0
500907,500114,500006,3038553,,2023-12-10,32856,25.9,,9531,18.5,25,kg/m2,25.9
500908,500115,500007,3036277,,2023-09-01,32856,158.8,,8582,150,185,cm,158.8
500909,500115,500007,3004410,,2023-09-01,32856,7.2,,8554,4,5.6,%,7.2
500910,500115,500007,3004501,,2023-09-01,32856,143,,8840,70,99,mg/dL,143.0
500911,500115,500007,3004249,,2023-09-01,32856,149,,8876,90,130,mmHg,149.0
500912,500115,500007,3012888,,2023-09-01,32856,88,,8876,60,85,mmHg,88.0
500913,500115,500007,3025315,,2023-09-01,32856,69.9,,9529,45,90,kg,69.9
500914,500115,500007,3038553,,2023-09-01,32856,27.7,,9531,18.5,25,kg/m2,27.7
500915,500115,500007,3022192,,2023-09-01,32856,301.7,,8840,0,150,mg/dL,301.7
500916,500115,500007,3007070,,2023-09-01,32856,63.3,,8840,40,60,mg/dL,63.3
500917,500115,500007,3028437,,2023-09-01,32856,132.5,,8840,0,130,mg/dL,132.5
500918,500115,500007,3013721,,2023-09-01,32856,61.5,,8645,0,40,U/L,61.5
500919,500115,500007,3006923,,2023-09-01,32856,1.1,,8645,0,40,U/L,1.1
500920,500115,500007,3016723,,2023-09-01,32856,1.17,,8840,0.6,1.2,mg/dL,1.17
500921,500115,500007,3049187,,2023-09-01,32856,98.6,,9550,90,130,mL/min/1.73m2,98.6
500922,500116,500007,3004410,,2023-12-07,32856,6.8,,8554,4,5.6,%,6.8
500923,500116,500007,3004501,,2023-12-07,32856,130,,8840,70,99,mg/dL,130.0
500924,500116,500007,3004249,,2023-12-07,32856,149,,8876,90,130,mmHg,149.0
500925,500116,500007,3012888,,2023-12-07,32856,77,,8876,60,85,mmHg,77.0
500926,500116,500007,3025315,,2023-12-07,32856,70.1,,9529,45,90,kg,70.1
500927,500116,500007,3038553,,2023-12-07,32856,27.8,,9531,18.5,25,kg/m2,27.8
500928,500117,500007,3004410,,2024-03-12,32856,7.2,,8554,4,5.6,%,7.2
500929,500117,500007,3004501,,2024-03-12,32856,134,,8840,70,99,mg/dL,134.0
500930,500117,500007,3004249,,2024-03-12,32856,109,,8876,90,130,mmHg,109.0
500931,500117,500007,3012888,,2024-03-12,32856,99,,8876,60,85,mmHg,99.0
500932,500117,500007,3025315,,2024-03-12,32856,69.6,,9529,45,90,kg,69.6
500933,500117,500007,3038553,,2024-03-12,32856,27.6,,9531,18.5,25,kg/m2,27.6
500934,500118,500007,3004410,,2024-06-15,32856,6.1,,8554,4,5.6,%,6.1
500935,500118,500007,3004501,,2024-06-15,32856,96,,8840,70,99,mg/dL,96.0
500936,500118,500007,3004249,,2024-06-15,32856,142,,8876,90,130,mmHg,142.0
500937,500118,500007,3012888,,2024-06-15,32856,87,,8876,60,85,mmHg,87.0
500938,500118,500007,3025315,,2024-06-15,32856,70.4,,9529,45,90,kg,70.4
500939,500118,500007,3038553,,2024-06-15,32856,27.9,,9531,18.5,25,kg/m2,27.9
500940,500119,500007,3004410,,2024-09-15,32856,5.9,,8554,4,5.6,%,5.9
500941,500119,500007,3004501,,2024-09-15,32856,104,,8840,70,99,mg/dL,104.0
500942,500119,500007,3004249,,2024-09-15,32856,154,,8876,90,130,mmHg,154.0
500943,500119,500007,3012888,,2024-09-15,32856,105,,8876,60,85,mmHg,105.0
500944,500119,500007,3025315,,2024-09-15,32856,69.4,,9529,45,90,kg,69.4
500945,500119,500007,3038553,,2024-09-15,32856,27.5,,9531,18.5,25,kg/m2,27.5
500946,500119,500007,3022192,,2024-09-15,32856,290.3,,8840,0,150,mg/dL,290.3
500947,500119,500007,3007070,,2024-09-15,32856,48.9,,8840,40,60,mg/dL,48.9
500948,500119,500007,3028437,,2024-09-15,32856,59.4,,8840,0,130,mg/dL,59.4
500949,500119,500007,3013721,,2024-09-15,32856,59.9,,8645,0,40,U/L,59.9
500950,500119,500007,3006923,,2024-09-15,32856,45.2,,8645,0,40,U/L,45.2
500951,500119,500007,3016723,,2024-09-15,32856,0.92,,8840,0.6,1.2,mg/dL,0.92
500952,500119,500007,3049187,,2024-09-15,32856,85.7,,9550,90,130,mL/min/1.73m2,85.7
500953,500120,500007,3004410,,2024-12-22,32856,6.2,,8554,4,5.6,%,6.2
500954,500120,500007,3004501,,2024-12-22,32856,99,,8840,70,99,mg/dL,99.0
500955,500120,500007,3004249,,2024-12-22,32856,125,,8876,90,130,mmHg,125.0
500956,500120,500007,3012888,,2024-12-22,32856,88,,8876,60,85,mmHg,88.0
500957,500120,500007,3025315,,2024-12-22,32856,68.6,,9529,45,90,kg,68.6
500958,500120,500007,3038553,,2024-12-22,32856,27.2,,9531,18.5,25,kg/m2,27.2
500959,500121,500007,3004410,,2025-03-27,32856,6.8,,8554,4,5.6,%,6.8
500960,500121,500007,3004501,,2025-03-27,32856,138,,8840,70,99,mg/dL,138.0
500961,500121,500007,3004249,,2025-03-27,32856,143,,8876,90,130,mmHg,143.0
500962,500121,500007,3012888,,2025-03-27,32856,82,,8876,60,85,mmHg,82.0
500963,500121,500007,3025315,,2025-03-27,32856,66.5,,9529,45,90,kg,66.5
500964,500121,500007,3038553,,2025-03-27,32856,26.4,,9531,18.5,25,kg/m2,26.4
500965,500122,500007,3004410,,2025-06-22,32856,7,,8554,4,5.6,%,7.0
500966,500122,500007,3004501,,2025-06-22,32856,128,,8840,70,99,mg/dL,128.0
500967,500122,500007,3004249,,2025-06-22,32856,135,,8876,90,130,mmHg,135.0
500968,500122,500007,3012888,,2025-06-22,32856,83,,8876,60,85,mmHg,83.0
500969,500122,500007,3025315,,2025-06-22,32856,66.8,,9529,45,90,kg,66.8
500970,500122,500007,3038553,,2025-06-22,32856,26.5,,9531,18.5,25,kg/m2,26.5
500971,500123,500007,3004410,,2025-09-27,32856,6.6,,8554,4,5.6,%,6.6
500972,500123,500007,3004501,,2025-09-27,32856,113,,8840,70,99,mg/dL,113.0
500973,500123,500007,3004249,,2025-09-27,32856,144,,8876,90,130,mmHg,144.0
500974,500123,500007,3012888,,2025-09-27,32856,70,,8876,60,85,mmHg,70.0
500975,500123,500007,3025315,,2025-09-27,32856,66.5,,9529,45,90,kg,66.5
500976,500123,500007,3038553,,2025-09-27,32856,26.4,,9531,18.5,25,kg/m2,26.4
500977,500123,500007,3022192,,2025-09-27,32856,139.4,,8840,0,150,mg/dL,139.4
500978,500123,500007,3007070,,2025-09-27,32856,44.4,,8840,40,60,mg/dL,44.4
500979,500123,500007,3028437,,2025-09-27,32856,151.1,,8840,0,130,mg/dL,151.1
500980,500123,500007,3013721,,2025-09-27,32856,41,,8645,0,40,U/L,41.0
500981,500123,500007,3006923,,2025-09-27,32856,0,,8645,0,40,U/L,0
500982,500123,500007,3016723,,2025-09-27,32856,1.04,,8840,0.6,1.2,mg/dL,1.04
500983,500123,500007,3049187,,2025-09-27,32856,63.7,,9550,90,130,mL/min/1.73m2,63.7
500984,500124,500007,3004410,,2025-12-28,32856,7.3,,8554,4,5.6,%,7.3
500985,500124,500007,3004501,,2025-12-28,32856,120,,8840,70,99,mg/dL,120.0
500986,500124,500007,3004249,,2025-12-28,32856,141,,8876,90,130,mmHg,141.0
500987,500124,500007,3012888,,2025-12-28,32856,69,,8876,60,85,mmHg,69.0
500988,500124,500007,3025315,,2025-12-28,32856,67.3,,9529,45,90,kg,67.3
500989,500124,500007,3038553,,2025-12-28,32856,26.7,,9531,18.5,25,kg/m2,26.7
500990,500125,500007,3004410,,2026-04-04,32856,7.3,,8554,4,5.6,%,7.3
500991,500125,500007,3004501,,2026-04-04,32856,143,,8840,70,99,mg/dL,143.0
500992,500125,500007,3004249,,2026-04-04,32856,149,,8876,90,130,mmHg,149.0
500993,500125,500007,3012888,,2026-04-04,32856,80,,8876,60,85,mmHg,80.0
500994,500125,500007,3025315,,2026-04-04,32856,67.2,,9529,45,90,kg,67.2
500995,500125,500007,3038553,,2026-04-04,32856,26.6,,9531,18.5,25,kg/m2,26.6
500996,500126,500007,3004410,,2026-06-30,32856,7.2,,8554,4,5.6,%,7.2
500997,500126,500007,3004501,,2026-06-30,32856,130,,8840,70,99,mg/dL,130.0
500998,500126,500007,3004249,,2026-06-30,32856,153,,8876,90,130,mmHg,153.0
500999,500126,500007,3012888,,2026-06-30,32856,90,,8876,60,85,mmHg,90.0
501000,500126,500007,3025315,,2026-06-30,32856,67,,9529,45,90,kg,67.0
501001,500126,500007,3038553,,2026-06-30,32856,26.6,,9531,18.5,25,kg/m2,26.6
501002,500127,500008,3036277,,2018-12-13,32856,166.6,,8582,150,185,cm,166.6
501003,500127,500008,3004410,,2018-12-13,32856,7.4,,8554,4,5.6,%,7.4
501004,500127,500008,3004501,,2018-12-13,32856,125,,8840,70,99,mg/dL,125.0
501005,500127,500008,3004249,,2018-12-13,32856,127,,8876,90,130,mmHg,127.0
501006,500127,500008,3012888,,2018-12-13,32856,79,,8876,60,85,mmHg,79.0
501007,500127,500008,3025315,,2018-12-13,32856,55.8,,9529,45,90,kg,55.8
501008,500127,500008,3038553,,2018-12-13,32856,20.1,,9531,18.5,25,kg/m2,20.1
501009,500127,500008,3022192,,2018-12-13,32856,165.1,,8840,0,150,mg/dL,165.1
501010,500127,500008,3007070,,2018-12-13,32856,49.2,,8840,40,60,mg/dL,49.2
501011,500127,500008,3028437,,2018-12-13,32856,117.3,,8840,0,130,mg/dL,117.3
501012,500127,500008,3013721,,2018-12-13,32856,12.1,,8645,0,40,U/L,12.1
501013,500127,500008,3006923,,2018-12-13,32856,29.6,,8645,0,40,U/L,29.6
501014,500127,500008,3016723,,2018-12-13,32856,0.23,,8840,0.6,1.2,mg/dL,0.23
501015,500127,500008,3049187,,2018-12-13,32856,122,,9550,90,130,mL/min/1.73m2,122.0
501016,500128,500008,3004410,,2019-03-21,32856,6.3,,8554,4,5.6,%,6.3
501017,500128,500008,3004501,,2019-03-21,32856,121,,8840,70,99,mg/dL,121.0
501018,500128,500008,3004249,,2019-03-21,32856,140,,8876,90,130,mmHg,140.0
501019,500128,500008,3012888,,2019-03-21,32856,86,,8876,60,85,mmHg,86.0
501020,500128,500008,3025315,,2019-03-21,32856,58.2,,9529,45,90,kg,58.2
501021,500128,500008,3038553,,2019-03-21,32856,21,,9531,18.5,25,kg/m2,21.0
501022,500129,500008,3004410,,2019-06-15,32856,6.7,,8554,4,5.6,%,6.7
501023,500129,500008,3004501,,2019-06-15,32856,126,,8840,70,99,mg/dL,126.0
501024,500129,500008,3004249,,2019-06-15,32856,133,,8876,90,130,mmHg,133.0
501025,500129,500008,3012888,,2019-06-15,32856,92,,8876,60,85,mmHg,92.0
501026,500129,500008,3025315,,2019-06-15,32856,56.7,,9529,45,90,kg,56.7
501027,500129,500008,3038553,,2019-06-15,32856,20.4,,9531,18.5,25,kg/m2,20.4
501028,500130,500008,3004410,,2019-09-15,32856,6.6,,8554,4,5.6,%,6.6
501029,500130,500008,3004501,,2019-09-15,32856,135,,8840,70,99,mg/dL,135.0
501030,500130,500008,3004249,,2019-09-15,32856,151,,8876,90,130,mmHg,151.0
501031,500130,500008,3012888,,2019-09-15,32856,66,,8876,60,85,mmHg,66.0
501032,500130,500008,3025315,,2019-09-15,32856,56.9,,9529,45,90,kg,56.9
501033,500130,500008,3038553,,2019-09-15,32856,20.5,,9531,18.5,25,kg/m2,20.5
501034,500131,500008,3004410,,2019-12-09,32856,6.5,,8554,4,5.6,%,6.5
501035,500131,500008,3004501,,2019-12-09,32856,132,,8840,70,99,mg/dL,132.0
501036,500131,500008,3004249,,2019-12-09,32856,153,,8876,90,130,mmHg,153.0
501037,500131,500008,3012888,,2019-12-09,32856,77,,8876,60,85,mmHg,77.0
501038,500131,500008,3025315,,2019-12-09,32856,57.9,,9529,45,90,kg,57.9
501039,500131,500008,3038553,,2019-12-09,32856,20.9,,9531,18.5,25,kg/m2,20.9
501040,500131,500008,3022192,,2019-12-09,32856,148.2,,8840,0,150,mg/dL,148.2
501041,500131,500008,3007070,,2019-12-09,32856,71.1,,8840,40,60,mg/dL,71.1
501042,500131,500008,3028437,,2019-12-09,32856,128.8,,8840,0,130,mg/dL,128.8
501043,500131,500008,3013721,,2019-12-09,32856,68.8,,8645,0,40,U/L,68.8
501044,500131,500008,3006923,,2019-12-09,32856,28.4,,8645,0,40,U/L,28.4
501045,500131,500008,3016723,,2019-12-09,32856,0.85,,8840,0.6,1.2,mg/dL,0.85
501046,500131,500008,3049187,,2019-12-09,32856,61.5,,9550,90,130,mL/min/1.73m2,61.5
501047,500132,500008,3004410,,2020-03-03,32856,6.5,,8554,4,5.6,%,6.5
501048,500132,500008,3004501,,2020-03-03,32856,122,,8840,70,99,mg/dL,122.0
501049,500132,500008,3004249,,2020-03-03,32856,143,,8876,90,130,mmHg,143.0
501050,500132,500008,3012888,,2020-03-03,32856,80,,8876,60,85,mmHg,80.0
501051,500132,500008,3025315,,2020-03-03,32856,58.2,,9529,45,90,kg,58.2
501052,500132,500008,3038553,,2020-03-03,32856,21,,9531,18.5,25,kg/m2,21.0
501053,500133,500008,3004410,,2020-06-06,32856,7.1,,8554,4,5.6,%,7.1
501054,500133,500008,3004501,,2020-06-06,32856,143,,8840,70,99,mg/dL,143.0
501055,500133,500008,3004249,,2020-06-06,32856,134,,8876,90,130,mmHg,134.0
501056,500133,500008,3012888,,2020-06-06,32856,89,,8876,60,85,mmHg,89.0
501057,500133,500008,3025315,,2020-06-06,32856,59.2,,9999999,45,90,kg,59.2
501058,500133,500008,3038553,,2020-06-06,32856,21.3,,9531,18.5,25,kg/m2,21.3
501059,500134,500008,3004410,,2020-09-03,32856,6.6,,8554,4,5.6,%,6.6
501060,500134,500008,3004501,,2020-09-03,32856,128,,8840,70,99,mg/dL,128.0
501061,500134,500008,3004249,,2020-09-03,32856,136,,8876,90,130,mmHg,136.0
501062,500134,500008,3012888,,2020-09-03,32856,86,,8876,60,85,mmHg,86.0
501063,500134,500008,3025315,,2020-09-03,32856,59.9,,9529,45,90,kg,59.9
501064,500134,500008,3038553,,2020-09-03,32856,21.6,,9531,18.5,25,kg/m2,21.6
501065,500135,500008,3004410,,2020-12-09,32856,6.6,,8554,4,5.6,%,6.6
501066,500135,500008,3004501,,2020-12-09,32856,119,,8840,70,99,mg/dL,119.0
501067,500135,500008,3004249,,2020-12-09,32856,140,,8876,90,130,mmHg,140.0
501068,500135,500008,3012888,,2020-12-09,32856,73,,8876,60,85,mmHg,73.0
501069,500135,500008,3025315,,2020-12-09,32856,60.7,,9529,45,90,kg,60.7
501070,500135,500008,3038553,,2020-12-09,32856,21.9,,9531,18.5,25,kg/m2,21.9
501071,500135,500008,3022192,,2020-12-09,32856,210.5,,8840,0,150,mg/dL,210.5
501072,500135,500008,3007070,,2020-12-09,32856,48.7,,8840,40,60,mg/dL,48.7
501073,500135,500008,3028437,,2020-12-09,32856,111.3,,8840,0,130,mg/dL,111.3
501074,500135,500008,3013721,,2020-12-09,32856,52.6,,8645,0,40,U/L,52.6
501075,500135,500008,3006923,,2020-12-09,32856,29.4,,8645,0,40,U/L,29.4
501076,500135,500008,3016723,,2020-12-09,32856,1.12,,8840,0.6,1.2,mg/dL,1.12
501077,500135,500008,3049187,,2020-12-09,32856,81.3,,9550,90,130,mL/min/1.73m2,81.3
501078,500136,500008,3004410,,2021-03-06,32856,6.5,,8554,4,5.6,%,6.5
501079,500136,500008,3004501,,2021-03-06,32856,107,,8840,70,99,mg/dL,107.0
501080,500136,500008,3004249,,2021-03-06,32856,133,,8876,90,130,mmHg,133.0
501081,500136,500008,3012888,,2021-03-06,32856,89,,8876,60,85,mmHg,89.0
501082,500136,500008,3025315,,2021-03-06,32856,59.5,,9529,45,90,kg,59.5
501083,500136,500008,3038553,,2021-03-06,32856,21.4,,9531,18.5,25,kg/m2,21.4
501084,500137,500008,3004410,,2021-06-04,32856,5.9,,8554,4,5.6,%,5.9
501085,500137,500008,3004501,,2021-06-04,32856,122,,8840,70,99,mg/dL,122.0
501086,500137,500008,3004249,,2021-06-04,32856,149,,8876,90,130,mmHg,149.0
501087,500137,500008,3012888,,2021-06-04,32856,74,,8876,60,85,mmHg,74.0
501088,500137,500008,3025315,,2021-06-04,32856,58.7,,9529,45,90,kg,58.7
501089,500137,500008,3038553,,2021-06-04,32856,21.1,,9531,18.5,25,kg/m2,21.1
501090,500138,500008,3004410,,2021-08-27,32856,6.4,,8554,4,5.6,%,6.4
501091,500138,500008,3004501,,2021-08-27,32856,100,,8840,70,99,mg/dL,100.0
501092,500138,500008,3004249,,2021-08-27,32856,132,,8876,90,130,mmHg,132.0
501093,500138,500008,3012888,,2021-08-27,32856,80,,8876,60,85,mmHg,80.0
501094,500138,500008,3025315,,2021-08-27,32856,58.4,,9529,45,90,kg,58.4
501095,500138,500008,3038553,,2021-08-27,32856,21,,9531,18.5,25,kg/m2,21.0
501096,500139,500008,3004410,,2021-12-02,32856,6.8,,8554,4,5.6,%,6.8
501097,500139,500008,3004501,,2021-12-02,32856,143,,8840,70,99,mg/dL,143.0
501098,500139,500008,3004249,,2021-12-02,32856,146,,8876,90,130,mmHg,146.0
501099,500139,500008,3012888,,2021-12-02,32856,83,,8876,60,85,mmHg,83.0
501100,500139,500008,3025315,,2021-12-02,32856,58.2,,9529,45,90,kg,58.2
501101,500139,500008,3038553,,2021-12-02,32856,21,,9531,18.5,25,kg/m2,21.0
501102,500139,500008,3022192,,2021-12-02,32856,101.2,,8840,0,150,mg/dL,101.2
501103,500139,500008,3007070,,2021-12-02,32856,40.3,,8840,40,60,mg/dL,40.3
501104,500139,500008,3028437,,2021-12-02,32856,97.7,,8840,0,130,mg/dL,97.7
501105,500139,500008,3013721,,2021-12-02,32856,70.6,,8645,0,40,U/L,70.6
501106,500139,500008,3006923,,2021-12-02,32856,54.2,,8645,0,40,U/L,54.2
501107,500139,500008,3016723,,2021-12-02,32856,0.88,,8840,0.6,1.2,mg/dL,0.88
501108,500139,500008,3049187,,2021-12-02,32856,65.5,,9550,90,130,mL/min/1.73m2,65.5
501109,500140,500008,3004410,,2022-03-03,32856,6.3,,8554,4,5.6,%,6.3
501110,500140,500008,3004501,,2022-03-03,32856,91,,8840,70,99,mg/dL,91.0
501111,500140,500008,3004249,,2022-03-03,32856,139,,8876,90,130,mmHg,139.0
501112,500140,500008,3012888,,2022-03-03,32856,84,,8876,60,85,mmHg,84.0
501113,500140,500008,3025315,,2022-03-03,32856,56.9,,9529,45,90,kg,56.9
501114,500140,500008,3038553,,2022-03-03,32856,20.5,,9531,18.5,25,kg/m2,20.5
501115,500141,500008,3004410,,2022-06-07,32856,7,,8554,4,5.6,%,7.0
501116,500141,500008,3004501,,2022-06-07,32856,111,,8840,70,99,mg/dL,111.0
501117,500141,500008,3004249,,2022-06-07,32856,113,,8876,90,130,mmHg,113.0
501118,500141,500008,3012888,,2022-06-07,32856,77,,8876,60,85,mmHg,77.0
501119,500141,500008,3025315,,2022-06-07,32856,56,,9529,45,90,kg,56.0
501120,500141,500008,3038553,,2022-06-07,32856,20.2,,9531,18.5,25,kg/m2,20.2
501121,500142,500008,3004410,,2022-08-31,32856,6.8,,8554,4,5.6,%,6.8
501122,500142,500008,3004501,,2022-08-31,32856,140,,8840,70,99,mg/dL,140.0
501123,500142,500008,3004249,,2022-08-31,32856,151,,8876,90,130,mmHg,151.0
501124,500142,500008,3012888,,2022-08-31,32856,78,,8876,60,85,mmHg,78.0
501125,500142,500008,3025315,,2022-08-31,32856,56.9,,9529,45,90,kg,56.9
501126,500142,500008,3038553,,2022-08-31,32856,20.5,,9531,18.5,25,kg/m2,20.5
501127,500143,500008,3004410,,2022-12-03,32856,6.8,,8554,4,5.6,%,6.8
501128,500143,500008,3004501,,2022-12-03,32856,143,,8840,70,99,mg/dL,143.0
501129,500143,500008,3004249,,2022-12-03,32856,142,,8876,90,130,mmHg,142.0
501130,500143,500008,3012888,,2022-12-03,32856,71,,8876,60,85,mmHg,71.0
501131,500143,500008,3025315,,2022-12-03,32856,57.4,,9529,45,90,kg,57.4
501132,500143,500008,3038553,,2022-12-03,32856,20.7,,9531,18.5,25,kg/m2,20.7
501133,500143,500008,3022192,,2022-12-03,32856,138.1,,8840,0,150,mg/dL,138.1
501134,500143,500008,3007070,,2022-12-03,32856,52.7,,8840,40,60,mg/dL,52.7
501135,500143,500008,3028437,,2022-12-03,32856,104.7,,8840,0,130,mg/dL,104.7
501136,500143,500008,3013721,,2022-12-03,32856,22.1,,8645,0,40,U/L,22.1
501137,500143,500008,3006923,,2022-12-03,32856,14.3,,8645,0,40,U/L,14.3
501138,500143,500008,3016723,,2022-12-03,32856,1.08,,8840,0.6,1.2,mg/dL,1.08
501139,500143,500008,3049187,,2022-12-03,32856,114.3,,9550,90,130,mL/min/1.73m2,114.3
501140,500144,500008,3004410,,2023-03-06,32856,6.6,,8554,4,5.6,%,6.6
501141,500144,500008,3004501,,2023-03-06,32856,114,,8840,70,99,mg/dL,114.0
501142,500144,500008,3004249,,2023-03-06,32856,146,,8876,90,130,mmHg,146.0
501143,500144,500008,3012888,,2023-03-06,32856,78,,8876,60,85,mmHg,78.0
501144,500144,500008,3025315,,2023-03-06,32856,58.8,,9529,45,90,kg,58.8
501145,500144,500008,3038553,,2023-03-06,32856,21.2,,9531,18.5,25,kg/m2,21.2
501146,500145,500008,3004410,,2023-06-07,32856,6.8,,8554,4,5.6,%,6.8
501147,500145,500008,3004501,,2023-06-07,32856,151,,8840,70,99,mg/dL,151.0
501148,500145,500008,3004249,,2023-06-07,32856,150,,8876,90,130,mmHg,150.0
501149,500145,500008,3012888,,2023-06-07,32856,87,,8876,60,85,mmHg,87.0
501150,500145,500008,3025315,,2023-06-07,32856,58.1,,9529,45,90,kg,58.1
501151,500145,500008,3038553,,2023-06-07,32856,20.9,,9531,18.5,25,kg/m2,20.9
501152,500146,500008,3004410,,2023-09-02,32856,7,,8554,4,5.6,%,7.0
501153,500146,500008,3004501,,2023-09-02,32856,128,,8840,70,99,mg/dL,128.0
501154,500146,500008,3004249,,2023-09-02,32856,130,,8876,90,130,mmHg,130.0
501155,500146,500008,3012888,,2023-09-02,32856,103,,8876,60,85,mmHg,103.0
501156,500146,500008,3025315,,2023-09-02,32856,56.5,,9529,45,90,kg,56.5
501157,500146,500008,3038553,,2023-09-02,32856,20.4,,9531,18.5,25,kg/m2,20.4
501158,500147,500008,3004410,,2023-12-08,32856,7.3,,8554,4,5.6,%,7.3
501159,500147,500008,3004501,,2023-12-08,32856,146,,8840,70,99,mg/dL,146.0
501160,500147,500008,3004249,,2023-12-08,32856,131,,8876,90,130,mmHg,131.0
501161,500147,500008,3012888,,2023-12-08,32856,76,,8876,60,85,mmHg,76.0
501162,500147,500008,3025315,,2023-12-08,32856,56.7,,9529,45,90,kg,56.7
501163,500147,500008,3038553,,2023-12-08,32856,20.4,,9531,18.5,25,kg/m2,20.4
501164,500147,500008,3022192,,2023-12-08,32856,213.1,,8840,0,150,mg/dL,213.1
501165,500147,500008,3007070,,2023-12-08,32856,46.7,,8840,40,60,mg/dL,46.7
501166,500147,500008,3028437,,2023-12-08,32856,106,,8840,0,130,mg/dL,106.0
501167,500147,500008,3013721,,2023-12-08,32856,35.8,,8645,0,40,U/L,35.8
501168,500147,500008,3006923,,2023-12-08,32856,13.1,,8645,0,40,U/L,13.1
501169,500147,500008,3016723,,2023-12-08,32856,1.25,,8840,0.6,1.2,mg/dL,1.25
501170,500147,500008,3049187,,2023-12-08,32856,96.3,,9550,90,130,mL/min/1.73m2,96.3
501171,500148,500009,3036277,,2018-06-01,32856,175.8,,8582,150,185,cm,175.8
501172,500148,500009,3004410,,2018-06-01,32856,10.3,,8554,4,5.6,%,10.3
501173,500148,500009,3004501,,2018-06-01,32856,197,,8840,70,99,mg/dL,197.0
501174,500148,500009,3004249,,2018-06-01,32856,127,,8876,90,130,mmHg,127.0
501175,500148,500009,3012888,,2018-06-01,32856,90,,8876,60,85,mmHg,90.0
501176,500148,500009,3025315,,2018-06-01,32856,66.8,,9529,45,90,kg,66.8
501177,500148,500009,3038553,,2018-06-01,32856,21.6,,9531,18.5,25,kg/m2,21.6
501178,500148,500009,3022192,,2018-06-01,32856,104.8,,8840,0,150,mg/dL,104.8
501179,500148,500009,3007070,,2018-06-01,32856,38,,8840,40,60,mg/dL,38.0
501180,500148,500009,3028437,,2018-06-01,32856,93.6,,8840,0,130,mg/dL,93.6
501181,500148,500009,3013721,,2018-06-01,32856,65.9,,8645,0,40,U/L,65.9
501182,500148,500009,3006923,,2018-06-01,32856,61.6,,8645,0,40,U/L,61.6
501183,500148,500009,3016723,,2018-06-01,32856,1.15,,8840,0.6,1.2,mg/dL,1.15
501184,500148,500009,3049187,,2018-06-01,32856,72.2,,9550,90,130,mL/min/1.73m2,72.2
501185,500149,500009,3004410,,2018-09-02,32856,9.2,,8554,4,5.6,%,9.2
501186,500149,500009,3004501,,2018-09-02,32856,196,,8840,70,99,mg/dL,196.0
501187,500149,500009,3004249,,2018-09-02,32856,136,,8876,90,130,mmHg,136.0
501188,500149,500009,3012888,,2018-09-02,32856,86,,8876,60,85,mmHg,86.0
501189,500149,500009,3025315,,2018-09-02,32856,65.4,,9529,45,90,kg,65.4
501190,500149,500009,3038553,,2018-09-02,32856,21.2,,9531,18.5,25,kg/m2,21.2
501191,500150,500009,3004410,,2018-11-29,32856,8.1,,8554,4,5.6,%,8.1
501192,500150,500009,3004501,,2018-11-29,32856,139,,8840,70,99,mg/dL,139.0
501193,500150,500009,3004249,,2018-11-29,32856,131,,8876,90,130,mmHg,131.0
501194,500150,500009,3012888,,2018-11-29,32856,78,,8876,60,85,mmHg,78.0
501195,500150,500009,3025315,,2018-11-29,32856,63.8,,9529,45,90,kg,63.8
501196,500150,500009,3038553,,2018-11-29,32856,20.6,,9531,18.5,25,kg/m2,20.6
501197,500151,500009,3004410,,2019-03-06,32856,7.6,,8554,4,5.6,%,7.6
501198,500151,500009,3004501,,2019-03-06,32856,164,,8840,70,99,mg/dL,164.0
501199,500151,500009,3004249,,2019-03-06,32856,126,,8876,90,130,mmHg,126.0
501200,500151,500009,3012888,,2019-03-06,32856,60,,8876,60,85,mmHg,60.0
501201,500151,500009,3025315,,2019-03-06,32856,64.2,,9529,45,90,kg,64.2
501202,500151,500009,3038553,,2019-03-06,32856,20.8,,9531,18.5,25,kg/m2,20.8
501203,500152,500009,3004410,,2019-05-31,32856,7.3,,8554,4,5.6,%,7.3
501204,500152,500009,3004501,,2019-05-31,32856,147,,8840,70,99,mg/dL,147.0
501205,500152,500009,3004249,,2019-05-31,32856,104,,8876,90,130,mmHg,104.0
501206,500152,500009,3012888,,2019-05-31,32856,74,,8876,60,85,mmHg,74.0
501207,500152,500009,3025315,,2019-05-31,32856,63.8,,9529,45,90,kg,63.8
501208,500152,500009,3038553,,2019-05-31,32856,20.6,,9531,18.5,25,kg/m2,20.6
501209,500152,500009,3022192,,2019-05-31,32856,156.3,,8840,0,150,mg/dL,156.3
501210,500152,500009,3007070,,2019-05-31,32856,56.8,,8840,40,60,mg/dL,56.8
501211,500152,500009,3028437,,2019-05-31,32856,178.9,,8840,0,130,mg/dL,178.9
501212,500152,500009,3013721,,2019-05-31,32856,40.2,,8645,0,40,U/L,40.2
501213,500152,500009,3006923,,2019-05-31,32856,25.3,,8645,0,40,U/L,25.3
501214,500152,500009,3016723,,2019-05-31,32856,1.2,,8840,0.6,10001000,mg/dL,1.2
501215,500152,500009,3049187,,2019-05-31,32856,61.4,,9550,90,130,mL/min/1.73m2,61.4
501216,500153,500009,3004410,,2019-08-27,32856,6.8,,8554,4,5.6,%,6.8
501217,500153,500009,3004501,,2019-08-27,32856,150,,8840,70,99,mg/dL,150.0
501218,500153,500009,3004249,,2019-08-27,32856,120,,8876,90,130,mmHg,120.0
501219,500153,500009,3012888,,2019-08-27,32856,76,,8876,60,85,mmHg,76.0
501220,500153,500009,3025315,,2019-08-27,32856,61.3,,9529,45,90,kg,61.3
501221,500153,500009,3038553,,2019-08-27,32856,19.8,,9531,18.5,25,kg/m2,19.8
501222,500154,500009,3004410,,2019-11-25,32856,6.8,,8554,4,5.6,%,6.8
501223,500154,500009,3004501,,2019-11-25,32856,146,,8840,70,99,mg/dL,146.0
501224,500154,500009,3004249,,2019-11-25,32856,124,,8876,90,130,mmHg,124.0
501225,500154,500009,3012888,,2019-11-25,32856,74,,8876,60,85,mmHg,74.0
501226,500154,500009,3025315,,2019-11-25,32856,61.9,,9529,45,90,kg,61.9
501227,500154,500009,3038553,,2019-11-25,32856,20,,9531,18.5,25,kg/m2,20.0
501228,500155,500009,3004410,,2020-02-28,32856,6.4,,8554,4,5.6,%,6.4
501229,500155,500009,3004501,,2020-02-28,32856,103,,8840,70,99,mg/dL,103.0
501230,500155,500009,3004249,,2020-02-28,32856,121,,8876,90,130,mmHg,121.0
501231,500155,500009,3012888,,2020-02-28,32856,90,,8876,60,85,mmHg,90.0
501232,500155,500009,3025315,,2020-02-28,32856,61.5,,9529,45,90,kg,61.5
501233,500155,500009,3038553,,2020-02-28,32856,19.9,,9531,18.5,25,kg/m2,19.9
501234,500156,500009,3004410,,2020-05-30,32856,7.3,,8554,4,5.6,%,7.3
501235,500156,500009,3004501,,2020-05-30,32856,151,,8840,70,99,mg/dL,151.0
501236,500156,500009,3004249,,2020-05-30,32856,143,,8876,90,130,mmHg,143.0
501237,500156,500009,3012888,,2020-05-30,32856,87,,8876,60,85,mmHg,87.0
501238,500156,500009,3025315,,2020-05-30,32856,60.8,,9529,45,90,kg,60.8
501239,500156,500009,3038553,,2020-05-30,32856,19.7,,9531,18.5,25,kg/m2,19.7
501240,500156,500009,3022192,,2020-05-30,32856,114.2,,8840,0,150,mg/dL,114.2
501241,500156,500009,3007070,,2020-05-30,32856,43.9,,8840,40,60,mg/dL,43.9
501242,500156,500009,3028437,,2020-05-30,32856,111.9,,8840,0,130,mg/dL,111.9
501243,500156,500009,3013721,,2020-05-30,32856,41.1,,8645,0,40,U/L,41.1
501244,500156,500009,3006923,,2020-05-30,32856,34,,8645,0,40,U/L,34.0
501245,500156,500009,3016723,,2020-05-30,32856,1.2,,8840,0.6,1.2,mg/dL,1.2
501246,500156,500009,3049187,,2020-05-30,32856,83.6,,9550,90,130,mL/min/1.73m2,83.6
501247,500157,500009,3004410,,2020-09-03,32856,6.9,,8554,4,5.6,%,6.9
501248,500157,500009,3004501,,2020-09-03,32856,111,,8840,70,99,mg/dL,111.0
501249,500157,500009,3004249,,2020-09-03,32856,122,,8876,90,130,mmHg,122.0
501250,500157,500009,3012888,,2020-09-03,32856,67,,8876,60,85,mmHg,67.0
501251,500157,500009,3025315,,2020-09-03,32856,61.7,,9529,45,90,kg,61.7
501252,500157,500009,3038553,,2020-09-03,32856,20,,9531,18.5,25,kg/m2,20.0
501253,500158,500009,3004410,,2020-12-06,32856,6.9,,8554,4,5.6,%,6.9
501254,500158,500009,3004501,,2020-12-06,32856,137,,8840,70,99,mg/dL,137.0
501255,500158,500009,3004249,,2020-12-06,32856,135,,8876,90,130,mmHg,135.0
501256,500158,500009,3012888,,2020-12-06,32856,87,,8876,60,85,mmHg,87.0
501257,500158,500009,3025315,,2020-12-06,32856,62.9,,9529,45,90,kg,62.9
501258,500158,500009,3038553,,2020-12-06,32856,20.4,,9531,18.5,25,kg/m2,20.4
501259,500159,500009,3004501,,2020-12-17,32856,55,,8840,70,99,mg/dL,55.0
501260,500160,500009,3004410,,2021-03-08,32856,7.2,,8554,4,5.6,%,7.2
501261,500160,500009,3004501,,2021-03-08,32856,137,,8840,70,99,mg/dL,137.0
501262,500160,500009,3004249,,2021-03-08,32856,147,,8876,90,130,mmHg,147.0
501263,500160,500009,3012888,,2021-03-08,32856,99,,8876,60,85,mmHg,99.0
501264,500160,500009,3025315,,2021-03-08,32856,62.4,,9529,45,90,kg,62.4
501265,500160,500009,3038553,,2021-03-08,32856,20.2,,9531,18.5,25,kg/m2,20.2
501266,500161,500009,3004410,,2021-06-14,32856,8,,8554,4,5.6,%,8.0
501267,500161,500009,3004501,,2021-06-14,32856,148,,8840,70,99,mg/dL,148.0
501268,500161,500009,3004249,,2021-06-14,32856,139,,8876,90,130,mmHg,139.0
501269,500161,500009,3012888,,2021-06-14,32856,80,,8876,60,85,mmHg,80.0
501270,500161,500009,3025315,,2021-06-14,32856,60.3,,9529,45,90,kg,60.3
501271,500161,500009,3038553,,2021-06-14,32856,19.5,,9531,18.5,25,kg/m2,19.5
501272,500161,500009,3022192,,2021-06-14,32856,205.2,,8840,0,150,mg/dL,205.2
501273,500161,500009,3007070,,2021-06-14,32856,49.9,,8840,40,60,mg/dL,49.9
501274,500161,500009,3028437,,2021-06-14,32856,100.1,,8840,0,130,mg/dL,100.1
501275,500161,500009,3013721,,2021-06-14,32856,6.2,,8645,0,40,U/L,6.2
501276,500161,500009,3006923,,2021-06-14,32856,76.1,,8645,0,40,U/L,76.1
501277,500161,500009,3016723,,2021-06-14,32856,0.66,,8840,0.6,1.2,mg/dL,0.66
501278,500161,500009,3049187,,2021-06-14,32856,65.8,,9550,90,130,mL/min/1.73m2,65.8
501279,500162,500009,3004410,,2021-09-09,32856,7.8,,8554,4,5.6,%,7.8
501280,500162,500009,3004501,,2021-09-09,32856,147,,8840,70,99,mg/dL,147.0
501281,500162,500009,3004249,,2021-09-09,32856,138,,8876,90,130,mmHg,138.0
501282,500162,500009,3012888,,2021-09-09,32856,82,,8876,60,85,mmHg,82.0
501283,500162,500009,3025315,,2021-09-09,32856,60.4,,9529,45,90,kg,60.4
501284,500162,500009,3038553,,2021-09-09,32856,19.5,,9531,18.5,25,kg/m2,19.5
501285,500163,500009,3004410,,2021-12-11,32856,7.5,,8554,4,5.6,%,7.5
501286,500163,500009,3004501,,2021-12-11,32856,154,,8840,70,99,mg/dL,154.0
501287,500163,500009,3004249,,2021-12-11,32856,123,,8876,90,130,mmHg,123.0
501288,500163,500009,3012888,,2021-12-11,32856,69,,8876,60,85,mmHg,69.0
501289,500163,500009,3025315,,2021-12-11,32856,60.3,,9529,45,90,kg,60.3
501290,500163,500009,3038553,,2021-12-11,32856,19.5,,9531,18.5,25,kg/m2,19.5
501291,500164,500009,3004410,,2022-03-10,32856,7.6,,8554,4,5.6,%,7.6
501292,500164,500009,3004501,,2022-03-10,32856,129,,8840,70,99,mg/dL,129.0
501293,500164,500009,3004249,,2022-03-10,32856,133,,8876,90,130,mmHg,133.0
501294,500164,500009,3012888,,2022-03-10,32856,91,,8876,60,85,mmHg,91.0
501295,500164,500009,3025315,,2022-03-10,32856,60.3,,9529,45,90,kg,60.3
501296,500164,500009,3038553,,2022-03-10,32856,19.5,,9531,18.5,25,kg/m2,19.5
501297,500165,500009,3004410,,2022-06-06,32856,7.6,,8554,4,5.6,%,7.6
501298,500165,500009,3004501,,2022-06-06,32856,144,,8840,70,99,mg/dL,144.0
501299,500165,500009,3004249,,2022-06-06,32856,104,,8876,90,130,mmHg,104.0
501300,500165,500009,3012888,,2022-06-06,32856,75,,8876,60,85,mmHg,75.0
501301,500165,500009,3025315,,2022-06-06,32856,59.5,,9529,45,90,kg,59.5
501302,500165,500009,3038553,,2022-06-06,32856,19.3,,9531,18.5,25,kg/m2,19.3
501303,500165,500009,3022192,,2022-06-06,32856,76.5,,8840,0,150,mg/dL,76.5
501304,500165,500009,3007070,,2022-06-06,32856,40.4,,8840,40,60,mg/dL,40.4
501305,500165,500009,3028437,,2022-06-06,32856,109,,8840,0,130,mg/dL,109.0
501306,500165,500009,3013721,,2022-06-06,32856,51.9,,8645,0,40,U/L,51.9
501307,500165,500009,3006923,,2022-06-06,32856,46.5,,8645,0,40,U/L,46.5
501308,500165,500009,3016723,,2022-06-06,32856,0.95,,8840,0.6,1.2,mg/dL,0.95
501309,500165,500009,3049187,,2022-06-06,32856,84.8,,9550,90,130,mL/min/1.73m2,84.8
501310,500166,500009,3004410,,2022-09-01,32856,6.7,,8554,4,5.6,%,6.7
501311,500166,500009,3004501,,2022-09-01,32856,133,,8840,70,99,mg/dL,133.0
501312,500166,500009,3004249,,2022-09-01,32856,117,,8876,90,130,mmHg,117.0
501313,500166,500009,3012888,,2022-09-01,32856,72,,8876,60,85,mmHg,72.0
501314,500166,500009,3025315,,2022-09-01,32856,58.4,,9529,45,90,kg,58.4
501315,500166,500009,3038553,,2022-09-01,32856,18.9,,9531,18.5,25,kg/m2,18.9
501316,500167,500010,3036277,,2023-11-22,32856,162,,8582,150,185,cm,162.0
501317,500167,500010,3004410,,2023-11-22,32856,8.3,,8554,4,5.6,%,8.3
501318,500167,500010,3004501,,2023-11-22,32856,165,,8840,70,99,mg/dL,165.0
501319,500167,500010,3004249,,2023-11-22,32856,132,,8876,90,130,mmHg,132.0
501320,500167,500010,3012888,,2023-11-22,32856,66,,8876,60,85,mmHg,66.0
501321,500167,500010,3025315,,2023-11-22,32856,70.1,,9529,45,90,kg,70.1
501322,500167,500010,3038553,,2023-11-22,32856,26.7,,9531,18.5,25,kg/m2,26.7
501323,500167,500010,3022192,,2023-11-22,32856,203.1,,8840,0,150,mg/dL,203.1
501324,500167,500010,3007070,,2023-11-22,32856,78.5,,8840,40,60,mg/dL,78.5
501325,500167,500010,3028437,,2023-11-22,32856,115.3,,8840,0,130,mg/dL,115.3
501326,500167,500010,3013721,,2023-11-22,32856,29.9,,8645,0,40,U/L,29.9
501327,500167,500010,3006923,,2023-11-22,32856,54.6,,8645,0,40,U/L,54.6
501328,500167,500010,3016723,,2023-11-22,32856,0.73,,8840,0.6,1.2,mg/dL,0.73
501329,500167,500010,3049187,,2023-11-22,32856,59.2,,9550,90,130,mL/min/1.73m2,59.2
501330,500168,500010,3004410,,2024-02-24,32856,8.3,,8554,4,5.6,%,8.3
501331,500168,500010,3004501,,2024-02-24,32856,162,,8840,70,99,mg/dL,162.0
501332,500168,500010,3004249,,2024-02-24,32856,141,,8876,90,130,mmHg,141.0
501333,500168,500010,3012888,,2024-02-24,32856,71,,8876,60,85,mmHg,71.0
501334,500168,500010,3025315,,2024-02-24,32856,70.3,,9529,45,90,kg,70.3
501335,500168,500010,3038553,,2024-02-24,32856,26.8,,9531,18.5,25,kg/m2,26.8
501336,500169,500010,3004410,,2024-05-30,32856,6.9,,8554,4,5.6,%,6.9
501337,500169,500010,3004501,,2024-05-30,32856,141,,8840,70,99,mg/dL,141.0
501338,500169,500010,3004249,,2024-05-30,32856,93,,8876,90,130,mmHg,93.0
501339,500169,500010,3012888,,2024-05-30,32856,69,,8876,60,85,mmHg,69.0
501340,500169,500010,3025315,,2024-05-30,32856,69.2,,9529,45,90,kg,69.2
501341,500169,500010,3038553,,2024-05-30,32856,26.4,,9531,18.5,25,kg/m2,26.4
501342,500170,500010,3004410,,2024-08-26,32856,7.3,,8554,4,5.6,%,7.3
501343,500170,500010,3004501,,2024-08-26,32856,131,,8840,70,99,mg/dL,131.0
501344,500170,500010,3004249,,2024-08-26,32856,134,,8876,90,130,mmHg,134.0
501345,500170,500010,3012888,,2024-08-26,32856,92,,8876,60,85,mmHg,92.0
501346,500170,500010,3025315,,2024-08-26,32856,68.4,,9529,45,90,kg,68.4
501347,500170,500010,3038553,,2024-08-26,32856,26.1,,9531,18.5,25,kg/m2,26.1
501348,500171,500010,3004410,,2024-11-30,32856,7.7,,8554,4,5.6,%,7.7
501349,500171,500010,3004501,,2024-11-30,32856,154,,8840,70,99,mg/dL,154.0
501350,500171,500010,3004249,,2024-11-30,32856,133,,8876,90,130,mmHg,133.0
501351,500171,500010,3012888,,2024-11-30,32856,66,,8876,60,85,mmHg,66.0
501352,500171,500010,3025315,,2024-11-30,32856,70.1,,9529,45,90,kg,70.1
501353,500171,500010,3038553,,2024-11-30,32856,26.7,,9531,18.5,25,kg/m2,26.7
501354,500171,500010,3022192,,2024-11-30,32856,202.4,,8840,0,150,mg/dL,202.4
501355,500171,500010,3007070,,2024-11-30,32856,57.9,,8840,40,60,mg/dL,57.9
501356,500171,500010,3028437,,2024-11-30,32856,171,,8840,0,130,mg/dL,171.0
501357,500171,500010,3013721,,2024-11-30,32856,42.5,,8645,0,40,U/L,42.5
501358,500171,500010,3006923,,2024-11-30,32856,9.2,,8645,0,40,U/L,9.2
501359,500171,500010,3016723,,2024-11-30,32856,0.62,,8840,0.6,1.2,mg/dL,0.62
501360,500171,500010,3049187,,2024-11-30,32856,100.4,,9550,90,130,mL/min/1.73m2,100.4
501361,500172,500010,3004410,,2025-03-06,32856,7.9,,8554,4,5.6,%,7.9
501362,500172,500010,3004501,,2025-03-06,32856,145,,8840,70,99,mg/dL,145.0
501363,500172,500010,3004249,,2025-03-06,32856,101,,8876,90,130,mmHg,101.0
501364,500172,500010,3012888,,2025-03-06,32856,74,,8876,60,85,mmHg,74.0
501365,500172,500010,3025315,,2025-03-06,32856,70.1,,9529,45,90,kg,70.1
501366,500172,500010,3038553,,2025-03-06,32856,26.7,,9531,18.5,25,kg/m2,26.7
501367,500173,500010,3004410,,2025-06-08,32856,7.3,,8554,4,5.6,%,7.3
501368,500173,500010,3004501,,2025-06-08,32856,135,,8840,70,99,mg/dL,135.0
501369,500173,500010,3004249,,2025-06-08,32856,139,,8876,90,130,mmHg,139.0
501370,500173,500010,3012888,,2025-06-08,32856,77,,8876,60,85,mmHg,77.0
501371,500173,500010,3025315,,2025-06-08,32856,69.4,,9529,45,90,kg,69.4
501372,500173,500010,3038553,,2025-06-08,32856,26.4,,9531,18.5,25,kg/m2,26.4
501373,500174,500010,3004410,,2025-09-10,32856,7.6,,8554,4,5.6,%,7.6
501374,500174,500010,3004501,,2025-09-10,32856,147,,8840,70,99,mg/dL,147.0
501375,500174,500010,3004249,,2025-09-10,32856,119,,8876,90,130,mmHg,119.0
501376,500174,500010,3012888,,2025-09-10,32856,90,,8876,60,85,mmHg,90.0
501377,500174,500010,3025315,,2025-09-10,32856,69.8,,9529,45,90,kg,69.8
501378,500174,500010,3038553,,2025-09-10,32856,26.6,,9531,18.5,25,kg/m2,26.6
501379,500175,500010,3004410,,2025-12-13,32856,7.1,,8554,4,5.6,%,7.1
501380,500175,500010,3004501,,2025-12-13,32856,141,,8840,70,99,mg/dL,141.0
501381,500175,500010,3004249,,2025-12-13,32856,140,,8876,90,130,mmHg,140.0
501382,500175,500010,3012888,,2025-12-13,32856,80,,8876,60,85,mmHg,80.0
501383,500175,500010,3025315,,2025-12-13,32856,69.9,,9529,45,90,kg,69.9
501384,500175,500010,3038553,,2025-12-13,32856,26.6,,9531,18.5,25,kg/m2,26.6
501385,500175,500010,3022192,,2025-12-13,32856,153.8,,8840,0,150,mg/dL,153.8
501386,500175,500010,3007070,,2025-12-13,32856,67.4,,8840,40,60,mg/dL,67.4
501387,500175,500010,3028437,,2025-12-13,32856,152,,8840,0,130,mg/dL,152.0
501388,500175,500010,3013721,,2025-12-13,32856,37.4,,8645,0,40,U/L,37.4
501389,500175,500010,3006923,,2025-12-13,32856,36,,8645,0,40,U/L,36.0
501390,500175,500010,3016723,,2025-12-13,32856,0.98,,8840,0.6,1.2,mg/dL,0.98
501391,500175,500010,3049187,,2025-12-13,32856,102.8,,9550,90,130,mL/min/1.73m2,102.8
501392,500176,500010,3004410,,2026-03-08,32856,6.6,,8554,4,5.6,%,6.6
501393,500176,500010,3004501,,2026-03-08,32856,122,,8840,70,99,mg/dL,122.0
501394,500176,500010,3004249,,2026-03-08,32856,125,,8876,90,130,mmHg,125.0
501395,500176,500010,3012888,,2026-03-08,32856,67,,8876,60,85,mmHg,67.0
501396,500176,500010,3025315,,2026-03-08,32856,70.7,,9529,45,90,kg,70.7
501397,500176,500010,3038553,,2026-03-08,32856,26.9,,9531,18.5,25,kg/m2,26.9
501398,500177,500010,3004410,,2026-06-08,32856,7.3,,8554,4,5.6,%,7.3
501399,500177,500010,3004501,,2026-06-08,32856,124,,8840,70,99,mg/dL,124.0
501400,500177,500010,3004249,,2026-06-08,32856,119,,8876,90,130,mmHg,119.0
501401,500177,500010,3012888,,2026-06-08,32856,74,,8876,60,85,mmHg,74.0
501402,500177,500010,3025315,,2026-06-08,32856,71.5,,9529,45,90,kg,71.5
501403,500177,500010,3038553,,2026-06-08,32856,27.2,,9531,18.5,25,kg/m2,27.2
501404,500178,500010,3004410,,2026-08-31,32856,7.2,,8554,4,5.6,%,7.2
501405,500178,500010,3004501,,2026-08-31,32856,139,,8840,70,99,mg/dL,139.0
501406,500178,500010,3004249,,2026-08-31,32856,91,,8876,90,130,mmHg,91.0
501407,500178,500010,3012888,,2026-08-31,32856,68,,8876,60,85,mmHg,68.0
501408,500178,500010,3025315,,2026-08-31,32856,72.8,,9529,45,90,kg,72.8
501409,500178,500010,3038553,,2026-08-31,32856,27.7,,9531,18.5,25,kg/m2,27.7
501410,500179,500011,3036277,,2019-02-23,32856,158,,8582,150,185,cm,158.0
501411,500179,500011,3004410,,2019-02-23,32856,8.1,,8554,4,5.6,%,8.1
501412,500179,500011,3004501,,2019-02-23,32856,142,,8840,70,99,mg/dL,142.0
501413,500179,500011,3004249,,2019-02-23,32856,134,,8876,90,130,mmHg,134.0
501414,500179,500011,3012888,,2019-02-23,32856,71,,8876,60,85,mmHg,71.0
501415,500179,500011,3025315,,2019-02-23,32856,64.4,,9529,45,90,kg,64.4
501416,500179,500011,3038553,,2019-02-23,32856,25.8,,9531,18.5,25,kg/m2,25.8
501417,500179,500011,3022192,,2019-02-23,32856,264.2,,8840,0,150,mg/dL,264.2
501418,500179,500011,3007070,,2019-02-23,32856,47.7,,8840,40,60,mg/dL,47.7
501419,500179,500011,3028437,,2019-02-23,32856,136.3,,8840,0,130,mg/dL,136.3
501420,500179,500011,3013721,,2019-02-23,32856,14.9,,8645,0,40,U/L,14.9
501421,500179,500011,3006923,,2019-02-23,32856,16.2,,8645,0,40,U/L,16.2
501422,500179,500011,3016723,,2019-02-23,32856,0.88,,8840,0.6,1.2,mg/dL,0.88
501423,500179,500011,3049187,,2019-02-23,32856,101.4,,9550,90,130,mL/min/1.73m2,101.4
501424,500180,500011,3004410,,2019-05-20,32856,7.4,,8554,4,5.6,%,7.4
501425,500180,500011,3004501,,2019-05-20,32856,134,,8840,70,99,mg/dL,134.0
501426,500180,500011,3004249,,2019-05-20,32856,136,,8876,90,130,mmHg,136.0
501427,500180,500011,3012888,,2019-05-20,32856,75,,8876,60,85,mmHg,75.0
501428,500180,500011,3025315,,2019-05-20,32856,66.2,,9529,45,90,kg,66.2
501429,500180,500011,3038553,,2019-05-20,32856,26.5,,9531,18.5,25,kg/m2,26.5
501430,500181,500011,3004410,,2019-08-14,32856,7.6,,8554,4,5.6,%,7.6
501431,500181,500011,3004501,,2019-08-14,32856,164,,8840,70,99,mg/dL,164.0
501432,500181,500011,3004249,,2019-08-14,32856,137,,8876,90,130,mmHg,137.0
501433,500181,500011,3012888,,2019-08-14,32856,94,,8876,60,85,mmHg,94.0
501434,500181,500011,3025315,,2019-08-14,32856,65.1,,9529,45,90,kg,65.1
501435,500181,500011,3038553,,2019-08-14,32856,26.1,,9531,18.5,25,kg/m2,26.1
501436,500182,500011,3004410,,2019-11-16,32856,7.8,,8554,4,5.6,%,7.8
501437,500182,500011,3004501,,2019-11-16,32856,163,,8840,70,99,mg/dL,163.0
501438,500182,500011,3004249,,2019-11-16,32856,148,,8876,90,130,mmHg,148.0
501439,500182,500011,3012888,,2019-11-16,32856,66,,8876,60,85,mmHg,66.0
501440,500182,500011,3025315,,2019-11-16,32856,65.4,,9529,45,90,kg,65.4
501441,500182,500011,3038553,,2019-11-16,32856,26.2,,9531,18.5,25,kg/m2,26.2
501442,500183,500011,3004410,,2020-02-08,32856,7.7,,8554,4,5.6,%,7.7
501443,500183,500011,3004501,,2020-02-08,32856,127,,8840,70,99,mg/dL,127.0
501444,500183,500011,3004249,,2020-02-08,32856,130,,8876,90,130,mmHg,130.0
501445,500183,500011,3012888,,2020-02-08,32856,82,,8876,60,85,mmHg,82.0
501446,500183,500011,3025315,,2020-02-08,32856,65.6,,9529,45,90,kg,65.6
501447,500183,500011,3038553,,2020-02-08,32856,26.3,,9531,18.5,25,kg/m2,26.3
501448,500183,500011,3022192,,2020-02-08,32856,211.9,,8840,0,150,mg/dL,211.9
501449,500183,500011,3007070,,2020-02-08,32856,48.2,,8840,40,60,mg/dL,48.2
501450,500183,500011,3028437,,2020-02-08,32856,124,,8840,0,130,mg/dL,124.0
501451,500183,500011,3013721,,2020-02-08,32856,44.4,,8645,0,40,U/L,44.4
501452,500183,500011,3006923,,2020-02-08,32856,75.8,,8645,0,40,U/L,75.8
NOT_A_NUMBER,500183,500011,3016723,,2020-02-08,32856,0.92,,8840,0.6,1.2,mg/dL,0.92
501454,500183,500011,3049187,,2020-02-08,32856,89.9,,9550,90,130,mL/min/1.73m2,89.9
501455,500184,500011,3004410,,2020-05-07,32856,7.4,,8554,4,5.6,%,7.4
501456,500184,500011,3004501,,2020-05-07,32856,134,,8840,70,99,mg/dL,134.0
501457,500184,500011,3004249,,2020-05-07,32856,142,,8876,90,130,mmHg,142.0
501458,500184,500011,3012888,,2020-05-07,32856,81,,8876,60,85,mmHg,81.0
501459,500184,500011,3025315,,2020-05-07,32856,65.9,,9529,45,90,kg,65.9
501460,500184,500011,3038553,,2020-05-07,32856,26.4,,9531,18.5,25,kg/m2,26.4
501461,500185,500011,3004410,,2020-08-10,32856,7.4,,8554,4,5.6,%,7.4
501462,500185,500011,3004501,,2020-08-10,32856,177,,8840,70,99,mg/dL,177.0
501463,500185,500011,3004249,,2020-08-10,32856,151,,8876,90,130,mmHg,151.0
501464,500185,500011,3012888,,2020-08-10,32856,80,,8876,60,85,mmHg,80.0
501465,500185,500011,3025315,,2020-08-10,32856,65.5,,9529,45,90,kg,65.5
501466,500185,500011,3038553,,2020-08-10,32856,26.2,,9531,18.5,25,kg/m2,26.2
501467,500186,500011,3004410,,2020-11-12,32856,8.2,,8554,4,5.6,%,8.2
501468,500186,500011,3004501,,2020-11-12,32856,NOT_A_NUMBER,,8840,70,99,mg/dL,144.0
501469,500186,500011,3004249,,2020-11-12,32856,139,,8876,90,130,mmHg,139.0
501470,500186,500011,3012888,,2020-11-12,32856,94,,8876,60,85,mmHg,94.0
501471,500186,500011,3025315,,2020-11-12,32856,65.3,,9529,45,90,kg,65.3
501472,500186,500011,3038553,,2020-11-12,32856,26.2,,9531,18.5,25,kg/m2,26.2
501473,500187,500011,3004410,,2021-02-12,32856,8.1,,8554,4,5.6,%,8.1
501474,500187,500011,3004501,,2021-02-12,32856,138,,8840,70,99,mg/dL,138.0
501475,500187,500011,3004249,,2021-02-12,32856,134,,8876,90,130,mmHg,134.0
501476,500187,500011,3012888,,2021-02-12,32856,87,,8876,60,85,mmHg,87.0
501477,500187,500011,3025315,,2021-02-12,32856,65.6,,9529,45,90,kg,65.6
501478,500187,500011,3038553,,2021-02-12,32856,26.3,,9531,18.5,25,kg/m2,26.3
501479,500187,500011,3022192,,2021-02-12,32856,300.8,,8840,0,150,mg/dL,300.8
501480,500187,500011,3007070,,2021-02-12,32856,56.6,,8840,40,60,mg/dL,56.6
501481,500187,500011,3028437,,2021-02-12,32856,60.2,,8840,0,130,mg/dL,60.2
501482,500187,500011,3013721,,2021-02-12,32856,28.7,,8645,0,40,U/L,28.7
501483,500187,500011,3006923,,2021-02-12,32856,51.3,,8645,0,40,U/L,51.3
501484,500187,500011,3016723,,2021-02-12,32856,0.85,,8840,0.6,1.2,mg/dL,0.85
501485,500187,500011,3049187,,2021-02-12,32856,60.5,,9550,90,130,mL/min/1.73m2,60.5
501486,500188,500011,3004410,,2021-05-07,32856,7.4,,8554,4,5.6,%,7.4
501487,500188,500011,3004501,,2021-05-07,32856,140,,8840,70,99,mg/dL,140.0
501488,500188,500011,3004249,,2021-05-07,32856,142,,8876,90,130,mmHg,142.0
501489,500188,500011,3012888,,2021-05-07,32856,90,,8876,60,85,mmHg,90.0
501490,500188,500011,3025315,,2021-05-07,32856,64.8,,9529,45,90,kg,64.8
501491,500188,500011,3038553,,2021-05-07,32856,26,,9531,18.5,25,kg/m2,26.0
501492,500189,500011,3004410,,2021-08-13,32856,7.3,,8554,4,5.6,%,7.3
501493,500189,500011,3004501,,2021-08-13,32856,149,,8840,70,99,mg/dL,149.0
501494,500189,500011,3004249,,2021-08-13,32856,154,,8876,90,130,mmHg,154.0
501495,500189,500011,3012888,,2021-08-13,32856,77,,8876,60,85,mmHg,77.0
501496,500189,500011,3025315,,2021-08-13,32856,66.4,,9529,45,90,kg,66.4
501497,500189,500011,3038553,,2021-08-13,32856,26.6,,9531,18.5,25,kg/m2,26.6
501498,500190,500011,3004410,,2021-11-18,32856,7.1,,8554,4,5.6,%,7.1
501499,500190,500011,3004501,,2021-11-18,32856,139,,8840,70,99,mg/dL,139.0
501500,500190,500011,3004249,,2021-11-18,32856,119,,8876,90,130,mmHg,119.0
501501,500190,500011,3012888,,2021-11-18,32856,95,,8876,60,85,mmHg,95.0
501502,500190,500011,3025315,,2021-11-18,32856,67.3,,9529,45,90,kg,67.3
501503,500190,500011,3038553,,2021-11-18,32856,27,,9531,18.5,25,kg/m2,27.0
501504,500191,500011,3004410,,2022-02-24,32856,7,,8554,4,5.6,%,7.0
501505,500191,500011,3004501,,2022-02-24,32856,118,,8840,70,99,mg/dL,118.0
501506,500191,500011,3004249,,2022-02-24,32856,148,,8876,90,130,mmHg,148.0
501507,500191,500011,3012888,,2022-02-24,32856,96,,8876,60,85,mmHg,96.0
501508,500191,500011,3025315,,2022-02-24,32856,66.2,,9529,45,90,kg,66.2
501509,500191,500011,3038553,,2022-02-24,32856,26.5,,9531,18.5,25,kg/m2,26.5
501510,500191,500011,3022192,,2022-02-24,32856,213.2,,8840,0,150,mg/dL,213.2
501511,500191,500011,3007070,,2022-02-24,32856,28.5,,8840,40,60,mg/dL,28.5
501512,500191,500011,3028437,,2022-02-24,32856,158.9,,8840,0,130,mg/dL,158.9
501513,500191,500011,3013721,,2022-02-24,32856,48.9,,8645,0,40,U/L,48.9
501514,500191,500011,3006923,,2022-02-24,32856,56.9,,8645,0,40,U/L,56.9
501515,500191,500011,3016723,,2022-02-24,32856,1.31,,8840,0.6,1.2,mg/dL,1.31
501516,500191,500011,3049187,,2022-02-24,32856,71.7,,9550,90,130,mL/min/1.73m2,71.7
501517,500192,500011,3004410,,2022-05-31,32856,7.3,,8554,4,5.6,%,7.3
501518,500192,500011,3004501,,2022-05-31,32856,124,,8840,70,99,mg/dL,124.0
501519,500192,500011,3004249,,2022-05-31,32856,143,,8876,90,130,mmHg,143.0
501520,500192,500011,3012888,,2022-05-31,32856,75,,8876,60,85,mmHg,75.0
501521,500192,500011,3025315,,2022-05-31,32856,66.1,,9529,45,90,kg,66.1
501522,500192,500011,3038553,,2022-05-31,32856,26.5,,9531,18.5,25,kg/m2,26.5
501523,500193,500011,3004410,,2022-08-28,32856,7.4,,8554,4,5.6,%,7.4
501524,500193,500011,3004501,,2022-08-28,32856,150,,8840,70,99,mg/dL,150.0
501525,500193,500011,3004249,,2022-08-28,32856,138,,8876,90,130,mmHg,138.0
501526,500193,500011,3012888,,2022-08-28,32856,104,,8876,60,85,mmHg,104.0
501527,500193,500011,3025315,,2022-08-28,32856,67.2,,9529,45,90,kg,67.2
501528,500193,500011,3038553,,2022-08-28,32856,26.9,,9531,18.5,25,kg/m2,26.9
501529,500194,500011,3004410,,2022-12-02,32856,7.4,,8554,4,5.6,%,7.4
501530,500194,500011,3004501,,2022-12-02,32856,123,,8840,70,99,mg/dL,123.0
501531,500194,500011,3004249,,2022-12-02,32856,146,,8876,90,130,mmHg,146.0
501532,500194,500011,3012888,,2022-12-02,32856,80,,8876,60,85,mmHg,80.0
501533,500194,500011,3025315,,2022-12-02,32856,67.6,,9529,45,90,kg,67.6
501534,500194,500011,3038553,,2022-12-02,32856,27.1,,9531,18.5,25,kg/m2,27.1
501535,500195,500011,3004410,,2023-02-25,32856,7.5,,8554,4,5.6,%,7.5
501536,500195,500011,3004501,,2023-02-25,32856,132,,8840,70,99,mg/dL,132.0
501537,500195,500011,3004249,,2023-02-25,32856,139,,8876,90,130,mmHg,139.0
501538,500195,500011,3012888,,2023-02-25,32856,81,,8876,60,85,mmHg,81.0
501539,500195,500011,3025315,,2023-02-25,32856,67.4,,9529,45,90,kg,67.4
501540,500195,500011,3038553,,2023-02-25,32856,27,,9531,18.5,25,kg/m2,27.0
501541,500195,500011,3022192,,2023-02-25,32856,191.8,,8840,0,150,mg/dL,191.8
501542,500195,500011,3007070,,2023-02-25,32856,57.5,,8840,40,60,mg/dL,57.5
501543,500195,500011,3028437,,2023-02-25,32856,83.3,,8840,0,130,mg/dL,83.3
501544,500195,500011,3013721,,2023-02-25,32856,18.6,,8645,0,40,U/L,18.6
501545,500195,500011,3006923,,2023-02-25,32856,49.7,,8645,0,40,U/L,49.7
501546,500195,500011,3016723,,2023-02-25,32856,0.96,,8840,0.6,1.2,mg/dL,0.96
501547,500195,500011,3049187,,2023-02-25,32856,61.1,,9550,90,130,mL/min/1.73m2,61.1
501548,500196,500012,3036277,,2018-03-25,32856,176.9,,8582,150,185,cm,176.9
501549,500196,500012,3004410,,2018-03-25,32856,5.9,,8554,4,5.6,%,5.9
501550,500196,500012,3004501,,2018-03-25,32856,108,,8840,70,99,mg/dL,108.0
501551,500196,500012,3004249,,2018-03-25,32856,156,,8876,90,130,mmHg,156.0
501552,500196,500012,3012888,,2018-03-25,32856,75,,8876,60,85,mmHg,75.0
501553,500196,500012,3025315,,2018-03-25,32856,76,,9529,45,90,kg,76.0
501554,500196,500012,3038553,,2018-03-25,32856,24.3,,9531,18.5,25,kg/m2,24.3
501555,500196,500012,3022192,,2018-03-25,32856,223.8,,8840,0,150,mg/dL,223.8
501556,500196,500012,3007070,,2018-03-25,32856,51.5,,8840,40,60,mg/dL,51.5
501557,500196,500012,3028437,,2018-03-25,32856,101,,8840,0,130,mg/dL,101.0
501558,500196,500012,3013721,,2018-03-25,32856,18.3,,8645,0,40,U/L,18.3
501559,500196,500012,3006923,,2018-03-25,32856,63.3,,8645,0,40,U/L,63.3
501560,500196,500012,3016723,,2018-03-25,32856,1.13,,8840,0.6,1.2,mg/dL,1.13
501561,500196,500012,3049187,,2018-03-25,32856,75.8,,9550,90,130,mL/min/1.73m2,75.8
501562,500197,500012,3004410,,2018-06-24,32856,6.5,,8554,4,5.6,%,6.5
501563,500197,500012,3004501,,2018-06-24,32856,142,,8840,70,99,mg/dL,142.0
501564,500197,500012,3004249,,2018-06-24,32856,147,,8876,90,130,mmHg,147.0
501565,500197,500012,3012888,,2018-06-24,32856,66,,8876,60,85,mmHg,66.0
501566,500197,500012,3025315,,2018-06-24,32856,76.4,,9529,45,90,kg,76.4
501567,500197,500012,3038553,,2018-06-24,32856,24.4,,9531,18.5,25,kg/m2,24.4
501568,500198,500012,3004410,,2018-09-20,32856,6.2,,8554,4,5.6,%,6.2
501569,500198,500012,3004501,,2018-09-20,32856,116,,8840,70,99,mg/dL,116.0
501570,500198,500012,3004249,,2018-09-20,32856,145,,8876,90,130,mmHg,145.0
501571,500198,500012,3012888,,2018-09-20,32856,78,,8876,60,85,mmHg,78.0
501572,500198,500012,3025315,,2018-09-20,32856,76.7,,9529,45,90,kg,76.7
501573,500198,500012,3038553,,2018-09-20,32856,24.5,,9531,18.5,25,kg/m2,24.5
501574,500199,500012,3004410,,2018-12-24,32856,6.2,,8554,4,5.6,%,6.2
501575,500199,500012,3004501,,2018-12-24,32856,136,,8840,70,99,mg/dL,136.0
501576,500199,500012,3004249,,2018-12-24,32856,154,,8876,90,130,mmHg,154.0
501577,500199,500012,3012888,,2018-12-24,32856,84,,8876,60,85,mmHg,84.0
501578,500199,500012,3025315,,2018-12-24,32856,75.3,,9529,45,90,kg,75.3
501579,500199,500012,3038553,,2018-12-24,32856,24.1,,9531,18.5,25,kg/m2,24.1
501580,500200,500012,3004410,,2019-03-23,32856,6.3,,8554,4,5.6,%,6.3
501581,500200,500012,3004501,,2019-03-23,32856,95,,8840,70,99,mg/dL,95.0
501582,500200,500012,3004249,,2019-03-23,32856,137,,8876,90,130,mmHg,137.0
501583,500200,500012,3012888,,2019-03-23,32856,75,,8876,60,85,mmHg,75.0
501584,500200,500012,3025315,,2019-03-23,32856,75.3,,9529,45,90,kg,75.3
501585,500200,500012,3038553,,2019-03-23,32856,24.1,,9531,18.5,25,kg/m2,24.1
501586,500200,500012,3022192,,2019-03-23,32856,83.8,,8840,0,150,mg/dL,83.8
501587,500200,500012,3007070,,2019-03-23,32856,35.7,,8840,40,60,mg/dL,35.7
501588,500200,500012,3028437,,2019-03-23,32856,108.5,,8840,0,130,mg/dL,108.5
501589,500200,500012,3013721,,2019-03-23,32856,36.5,,8645,0,40,U/L,36.5
501590,500200,500012,3006923,,2019-03-23,32856,22.3,,8645,0,40,U/L,22.3
501591,500200,500012,3016723,,2019-03-23,32856,0.66,,8840,0.6,1.2,mg/dL,0.66
501592,500200,500012,3049187,,2019-03-23,32856,66.8,,9550,90,130,mL/min/1.73m2,66.8
501593,500201,500012,3004410,,2019-06-29,32856,5.6,,8554,4,5.6,%,5.6
501594,500201,500012,3004501,,2019-06-29,32856,110,,8840,70,99,mg/dL,110.0
501595,500201,500012,3004249,,2019-06-29,32856,134,,8876,90,130,mmHg,134.0
501596,500201,500012,3012888,,2019-06-29,32856,89,,8876,60,85,mmHg,89.0
501597,500201,500012,3025315,,2019-06-29,32856,74.7,,9529,45,90,kg,74.7
501598,500201,500012,3038553,,2019-06-29,32856,23.9,,9531,18.5,25,kg/m2,23.9
501599,500202,500012,3004410,,2019-09-27,32856,5.5,,8554,4,5.6,%,5.5
501600,500202,500012,3004501,,2019-09-27,32856,100,,8840,70,99,mg/dL,100.0
501601,500202,500012,3004249,,2019-09-27,32856,135,,8876,90,130,mmHg,135.0
501602,500202,500012,3012888,,2019-09-27,32856,86,,8876,60,85,mmHg,86.0
501603,500202,500012,3025315,,2019-09-27,32856,75.1,,9529,45,90,kg,75.1
501604,500202,500012,3038553,,2019-09-27,32856,24,,9531,18.5,25,kg/m2,24.0
501605,500203,500012,3004410,,2020-01-01,32856,5.4,,8554,4,5.6,%,5.4
501606,500203,500012,3004501,,2020-01-01,32856,108,,8840,70,99,mg/dL,108.0
501607,500203,500012,3004249,,2020-01-01,32856,150,,8876,90,130,mmHg,150.0
501608,500203,500012,3012888,,2020-01-01,32856,78,,8876,60,85,mmHg,78.0
501609,500203,500012,3025315,,2020-01-01,32856,76.4,,9529,45,90,kg,76.4
501610,500203,500012,3038553,,2020-01-01,32856,24.4,,9531,18.5,25,kg/m2,24.4
501611,500204,500012,3004410,,2020-04-07,32856,5,,8554,4,5.6,%,5.0
501612,500204,500012,3004501,,2020-04-07,32856,60,,8840,70,99,mg/dL,60
501613,500204,500012,3004249,,2020-04-07,32856,119,,8876,90,130,mmHg,119.0
501614,500204,500012,3012888,,2020-04-07,32856,96,,8876,60,85,mmHg,96.0
501615,500204,500012,3025315,,2020-04-07,32856,76.1,,9529,45,90,kg,76.1
501616,500204,500012,3038553,,2020-04-07,32856,24.3,,9531,18.5,25,kg/m2,24.3
501617,500204,500012,3022192,,2020-04-07,32856,203.2,,8840,0,150,mg/dL,203.2
501618,500204,500012,3007070,,2020-04-07,32856,63.3,,8840,40,60,mg/dL,63.3
501619,500204,500012,3028437,,2020-04-07,32856,98.8,,8840,0,130,mg/dL,98.8
501620,500204,500012,3013721,,2020-04-07,32856,39.6,,8645,0,40,U/L,39.6
501621,500204,500012,3006923,,2020-04-07,32856,32.3,,8645,0,40,U/L,32.3
501622,500204,500012,3016723,,2020-04-07,32856,1.02,,8840,0.6,1.2,mg/dL,1.02
501623,500204,500012,3049187,,2020-04-07,32856,74.2,,9550,90,130,mL/min/1.73m2,74.2
501624,500205,500012,3004410,,2020-07-07,32856,5,,8554,4,5.6,%,5.0
501625,500205,500012,3004501,,2020-07-07,32856,67,,8840,70,99,mg/dL,67.0
501626,500205,500012,3004249,,2020-07-07,32856,120,,8876,90,130,mmHg,120.0
501627,500205,500012,3012888,,2020-07-07,32856,82,,8876,60,85,mmHg,82.0
501628,500205,500012,3025315,,2020-07-07,32856,76.7,,9529,45,90,kg,76.7
501629,500205,500012,3038553,,2020-07-07,32856,24.5,,9531,18.5,25,kg/m2,24.5
501630,500206,500012,3004410,,2020-10-03,32856,5.7,,8554,4,5.6,%,5.7
501631,500206,500012,3004501,,2020-10-03,32856,105,,8840,70,99,mg/dL,105.0
501632,500206,500012,3004249,,2020-10-03,32856,151,,8876,90,130,mmHg,151.0
501633,500206,500012,3012888,,2020-10-03,32856,63,,8876,60,85,mmHg,63.0
501634,500206,500012,3025315,,2020-10-03,32856,77.8,,9529,45,90,kg,77.8
501635,500206,500012,3038553,,2020-10-03,32856,24.9,,9531,18.5,25,kg/m2,24.9
501636,500207,500012,3004410,,2021-01-01,32856,5.4,,8554,4,5.6,%,5.4
501637,500207,500012,3004501,,2021-01-01,32856,87,,8840,70,99,mg/dL,87.0
501638,500207,500012,3004249,,2021-01-01,32856,118,,8876,90,130,mmHg,118.0
501639,500207,500012,3012888,,2021-01-01,32856,76,,8876,60,85,mmHg,76.0
501640,500207,500012,3025315,,2021-01-01,32856,77.5,,9529,45,90,kg,77.5
501641,500207,500012,3038553,,2021-01-01,32856,24.8,,9531,18.5,25,kg/m2,24.8
501642,500208,500012,3004410,,2021-04-01,32856,5,,8554,4,5.6,%,5.0
501643,500208,500012,3004501,,2021-04-01,32856,79,,8840,70,99,mg/dL,79.0
501644,500208,500012,3004249,,2021-04-01,32856,119,,8876,90,130,mmHg,119.0
501645,500208,500012,3012888,,2021-04-01,32856,91,,8876,60,85,mmHg,91.0
501646,500208,500012,3025315,,2021-04-01,32856,77.4,,9529,45,90,kg,77.4
501647,500208,500012,3038553,,2021-04-01,32856,24.7,,9531,18.5,25,kg/m2,24.7
501648,500208,500012,3022192,,2021-04-01,32856,180.9,,8840,0,150,mg/dL,180.9
501649,500208,500012,3007070,,2021-04-01,32856,46.8,,8840,40,60,mg/dL,46.8
501650,500208,500012,3028437,,2021-04-01,32856,77.7,,8840,0,130,mg/dL,77.7
501651,500208,500012,3013721,,2021-04-01,32856,56.5,,8645,0,40,U/L,56.5
501652,500208,500012,3006923,,2021-04-01,32856,83.8,,8645,0,40,U/L,83.8
501653,500208,500012,3016723,,2021-04-01,32856,0.65,,8840,0.6,1.2,mg/dL,0.65
501654,500208,500012,3049187,,2021-04-01,32856,84.1,,9550,90,130,mL/min/1.73m2,84.1
501655,500209,500012,3004410,,2021-06-25,32856,5,,8554,4,5.6,%,5.0
501656,500209,500012,3004501,,2021-06-25,32856,70,,8840,70,99,mg/dL,70.0
501657,500209,500012,3004249,,2021-06-25,32856,143,,8876,90,130,mmHg,143.0
501658,500209,500012,3012888,,2021-06-25,32856,87,,8876,60,85,mmHg,87.0
501659,500209,500012,3025315,,2021-06-25,32856,77,,9529,45,90,kg,77.0
501660,500209,500012,3038553,,2021-06-25,32856,24.6,,9531,18.5,25,kg/m2,24.6
501661,500210,500012,3004410,,2021-09-25,32856,5,,8554,4,5.6,%,5.0
501662,500210,500012,3004501,,2021-09-25,32856,97,,8840,70,99,mg/dL,97.0
501663,500210,500012,3004249,,2021-09-25,32856,148,,8876,90,130,mmHg,148.0
501664,500210,500012,3012888,,2021-09-25,32856,71,,8876,60,85,mmHg,71.0
501665,500210,500012,3025315,,2021-09-25,32856,78.3,,9529,45,90,kg,78.3
501666,500210,500012,3038553,,2021-09-25,32856,25,,9531,18.5,25,kg/m2,25.0
501667,500211,500012,3004410,,2021-12-28,32856,5.9,,8554,4,5.6,%,5.9
501668,500211,500012,3004501,,2021-12-28,32856,112,,8840,70,99,mg/dL,112.0
501669,500211,500012,3004249,,2021-12-28,32856,140,,8876,90,130,mmHg,140.0
501670,500211,500012,3012888,,2021-12-28,32856,83,,8876,60,85,mmHg,83.0
501671,500211,500012,3025315,,2021-12-28,32856,78.6,,9529,45,90,kg,78.6
501672,500211,500012,3038553,,2021-12-28,32856,25.1,,9531,18.5,25,kg/m2,25.1
501673,500212,500013,3036277,,2020-05-19,32856,159.4,,8582,150,185,cm,159.4
501674,500212,500013,3004410,,2020-05-19,32856,6.2,,8554,4,5.6,%,6.2
501675,500212,500013,3004501,,2020-05-19,32856,99,,8840,70,99,mg/dL,99.0
501676,500212,500013,3004249,,2020-05-19,32856,138,,8876,90,130,mmHg,138.0
501677,500212,500013,3012888,,2020-05-19,32856,87,,8876,60,85,mmHg,87.0
501678,500212,500013,3025315,,2020-05-19,32856,52.6,,9529,45,90,kg,52.6
501679,500212,500013,3038553,,2020-05-19,32856,20.7,,9531,18.5,25,kg/m2,20.7
501680,500212,500013,3022192,,2020-05-19,32856,136,,8840,0,150,mg/dL,136.0
501681,500212,500013,3007070,,2020-05-19,32856,61.5,,8840,40,60,mg/dL,61.5
501682,500212,500013,3028437,,2020-05-19,32856,86.9,,8840,0,130,mg/dL,86.9
501683,500212,500013,3013721,,2020-05-19,32856,10.9,,8645,0,40,U/L,10.9
501684,500212,500013,3006923,,2020-05-19,32856,69.1,,8645,0,40,U/L,69.1
501685,500212,500013,3016723,,2020-05-19,32856,1.36,,8840,0.6,1.2,mg/dL,1.36
501686,500212,500013,3049187,,2020-05-19,32856,97.8,,9550,90,130,mL/min/1.73m2,97.8
501687,500213,500013,3004410,,2020-08-22,32856,5.4,,8554,4,5.6,%,5.4
501688,500213,500013,3004501,,2020-08-22,32856,73,,8840,70,99,mg/dL,73.0
501689,500213,500013,3004249,,2020-08-22,32856,133,,8876,90,130,mmHg,133.0
501690,500213,500013,3012888,,2020-08-22,32856,85,,8876,60,85,mmHg,85.0
501691,500213,500013,3025315,,2020-08-22,32856,53.5,,9529,45,90,kg,53.5
501692,500213,500013,3038553,,2020-08-22,32856,21.1,,9531,18.5,25,kg/m2,21.1
501693,500214,500013,3004410,,2020-11-28,32856,5.3,,8554,4,5.6,%,5.3
501694,500214,500013,3004501,,2020-11-28,32856,98,,8840,70,99,mg/dL,98.0
501695,500214,500013,3004249,,2020-11-28,32856,130,,8876,90,130,mmHg,130.0
501696,500214,500013,3012888,,2020-11-28,32856,81,,8876,60,85,mmHg,81.0
501697,500214,500013,3025315,,2020-11-28,32856,51.3,,9529,45,90,kg,51.3
501698,500214,500013,3038553,,2020-11-28,32856,20.2,,9531,18.5,25,kg/m2,20.2
501699,500215,500013,3004410,,2021-02-22,32856,5.7,,8554,4,5.6,%,5.7
501700,500215,500013,3004501,,2021-02-22,32856,79,,8840,70,99,mg/dL,79.0
501701,500215,500013,3004249,,2021-02-22,32856,112,,8876,90,130,mmHg,112.0
501702,500215,500013,3012888,,2021-02-22,32856,68,,8876,60,85,mmHg,68.0
501703,500215,500013,3025315,,2021-02-22,32856,50.9,,9529,45,90,kg,50.9
501704,500215,500013,3038553,,2021-02-22,32856,20,,9531,18.5,25,kg/m2,20.0
501705,500216,500013,3004410,,2021-05-23,32856,5.7,,8554,4,5.6,%,5.7
501706,500216,500013,3004501,,2021-05-23,32856,96,,8840,70,99,mg/dL,96.0
501707,500216,500013,3004249,,2021-05-23,32856,126,,8876,90,130,mmHg,126.0
501708,500216,500013,3012888,,2021-05-23,32856,63,,8876,60,85,mmHg,63.0
501709,500216,500013,3025315,,2021-05-23,32856,49.8,,9529,45,90,kg,49.8
501710,500216,500013,3038553,,2021-05-23,32856,19.6,,9531,18.5,25,kg/m2,19.6
501711,500216,500013,3022192,,2021-05-23,32856,101.3,,8840,0,150,mg/dL,101.3
501712,500216,500013,3007070,,2021-05-23,32856,48.1,,8840,40,60,mg/dL,48.1
501713,500216,500013,3028437,,2021-05-23,32856,96.5,,8840,0,130,mg/dL,96.5
501714,500216,500013,3013721,,2021-05-23,32856,34.3,,8645,0,40,U/L,34.3
501715,500216,500013,3006923,,2021-05-23,32856,67.4,,8645,0,40,U/L,67.4
501716,500216,500013,3016723,,2021-05-23,32856,0.66,,8840,0.6,1.2,mg/dL,0.66
501717,500216,500013,3049187,,2021-05-23,32856,115.9,,9550,90,130,mL/min/1.73m2,115.9
501718,500217,500013,3004410,,2021-08-20,32856,5.4,,8554,4,5.6,%,5.4
501719,500217,500013,3004501,,2021-08-20,32856,77,,8840,70,99,mg/dL,77.0
501720,500217,500013,3004249,,2021-08-20,32856,109,,8876,90,130,mmHg,109.0
501721,500217,500013,3012888,,2021-08-20,32856,72,,8876,60,85,mmHg,72.0
501722,500217,500013,3025315,,2021-08-20,32856,50.7,,9529,45,90,kg,50.7
501723,500217,500013,3038553,,2021-08-20,32856,20,,9531,18.5,25,kg/m2,20.0
501724,500218,500013,3004410,,2021-11-22,32856,5.4,,8554,4,5.6,%,5.4
501725,500218,500013,3004501,,2021-11-22,32856,90,,8840,70,99,mg/dL,90.0
501726,500218,500013,3004249,,2021-11-22,32856,133,,8876,90,130,mmHg,133.0
501727,500218,500013,3012888,,2021-11-22,32856,71,,8876,60,85,mmHg,71.0
501728,500218,500013,3025315,,2021-11-22,32856,49.2,,9529,45,90,kg,49.2
501729,500218,500013,3038553,,2021-11-22,32856,19.4,,9531,18.5,25,kg/m2,19.4
501730,500219,500013,3004410,,2022-02-27,32856,5.4,,8554,4,5.6,%,5.4
501731,500219,500013,3004501,,2022-02-27,32856,118,,8840,70,99,mg/dL,118.0
501732,500219,500013,3004249,,2022-02-27,32856,108,,8876,90,130,mmHg,108.0
501733,500219,500013,3012888,,2022-02-27,32856,76,,8876,60,85,mmHg,76.0
501734,500219,500013,3025315,,2022-02-27,32856,47.8,,9529,45,90,kg,47.8
501735,500219,500013,3038553,,2022-02-27,32856,18.8,,9531,18.5,25,kg/m2,18.8
501736,500220,500013,3004410,,2022-05-26,32856,5.3,,8554,4,5.6,%,5.3
501737,500220,500013,3004501,,2022-05-26,32856,83,,8840,70,99,mg/dL,83.0
501738,500220,500013,3004249,,2022-05-26,32856,133,,8876,90,130,mmHg,133.0
501739,500220,500013,3012888,,2022-05-26,32856,73,,8876,60,85,mmHg,73.0
501740,500220,500013,3025315,,2022-05-26,32856,47.7,,9529,45,90,kg,47.7
501741,500220,500013,3038553,,2022-05-26,32856,18.8,,9531,18.5,25,kg/m2,18.8
501742,500220,500013,3022192,,2022-05-26,32856,195.5,,8840,0,150,mg/dL,195.5
501743,500220,500013,3007070,,2022-05-26,32856,54.2,,8840,40,60,mg/dL,54.2
501744,500220,500013,3028437,,2022-05-26,32856,78.1,,8840,0,130,mg/dL,78.1
501745,500220,500013,3013721,,2022-05-26,32856,29.7,,8645,0,40,U/L,29.7
501746,500220,500013,3006923,,2022-05-26,32856,47.3,,8645,0,40,U/L,47.3
501747,500220,500013,3016723,,2022-05-26,32856,1.32,,8840,0.6,1.2,mg/dL,1.32
501748,500220,500013,3049187,,2022-05-26,32856,90.6,,9550,90,130,mL/min/1.73m2,90.6
501749,500221,500013,3004410,,2022-08-19,32856,5,,8554,4,5.6,%,5.0
501750,500221,500013,3004501,,2022-08-19,32856,66,,8840,70,99,mg/dL,66.0
501751,500221,500013,3004249,,2022-08-19,32856,124,,8876,90,130,mmHg,124.0
501752,500221,500013,3012888,,2022-08-19,32856,61,,8876,60,85,mmHg,61.0
501753,500221,500013,3025315,,2022-08-19,32856,47.6,,9529,45,90,kg,47.6
501754,500221,500013,3038553,,2022-08-19,32856,18.7,,9531,18.5,25,kg/m2,18.7
501755,500222,500013,3004410,,2022-11-19,32856,5.5,,8554,4,5.6,%,5.5
501756,500222,500013,3004501,,2022-11-19,32856,92,,8840,70,99,mg/dL,92.0
501757,500222,500013,3004249,,2022-11-19,32856,147,,8876,90,130,mmHg,147.0
501758,500222,500013,3012888,,2022-11-19,32856,74,,8876,60,85,mmHg,74.0
501759,500222,500013,3025315,,2022-11-19,32856,46.4,,9529,45,90,kg,46.4
501760,500222,500013,3038553,,2022-11-19,32856,18.3,,9531,18.5,25,kg/m2,18.3
501761,500223,500013,3004410,,2023-02-17,32856,5.5,,8554,4,5.6,%,5.5
501762,500223,500013,3004501,,2023-02-17,32856,113,,8840,70,99,mg/dL,113.0
501763,500223,500013,3004249,,2023-02-17,32856,123,,8876,90,130,mmHg,123.0
501764,500223,500013,3012888,,2023-02-17,32856,81,,8876,60,85,mmHg,81.0
501765,500223,500013,3025315,,2023-02-17,32856,44.9,,9529,45,90,kg,44.9
501766,500223,500013,3038553,,2023-02-17,32856,17.7,,9531,18.5,25,kg/m2,17.7
501767,500224,500013,3004410,,2023-05-14,32856,5.9,,8554,4,5.6,%,5.9
501768,500224,500013,3004501,,2023-05-14,32856,118,,8840,70,99,mg/dL,118.0
501769,500224,500013,3004249,,2023-05-14,32856,131,,8876,90,130,mmHg,131.0
501770,500224,500013,3012888,,2023-05-14,32856,78,,8876,60,85,mmHg,78.0
501771,500224,500013,3025315,,2023-05-14,32856,45.6,,9529,45,90,kg,45.6
501772,500224,500013,3038553,,2023-05-14,32856,17.9,,9531,18.5,25,kg/m2,17.9
501773,500224,500013,3022192,,2023-05-14,32856,282.7,,8840,0,150,mg/dL,282.7
501774,500224,500013,3007070,,2023-05-14,32856,55.3,,8840,40,60,mg/dL,55.3
501775,500224,500013,3028437,,2023-05-14,32856,91.7,,8840,0,130,mg/dL,91.7
501776,500224,500013,3013721,,2023-05-14,32856,48.9,,8645,0,40,U/L,48.9
501777,500224,500013,3006923,,2023-05-14,32856,92.2,,8645,0,40,U/L,92.2
501778,500224,500013,3016723,,2023-05-14,32856,1.24,,8840,0.6,1.2,mg/dL,1.24
501779,500224,500013,3049187,,2023-05-14,32856,111.5,,9550,90,130,mL/min/1.73m2,111.5
501780,500225,500013,3004410,,2023-08-12,32856,5.6,,8554,4,5.6,%,5.6
501781,500225,500013,3004501,,2023-08-12,32856,78,,8840,70,99,mg/dL,78.0
501782,500225,500013,3004249,,2023-08-12,32856,120,,8876,90,130,mmHg,120.0
501783,500225,500013,3012888,,2023-08-12,32856,76,,8876,60,85,mmHg,76.0
501784,500225,500013,3025315,,2023-08-12,32856,45.2,,9529,45,90,kg,45.2
501785,500225,500013,3038553,,2023-08-12,32856,17.8,,9531,18.5,25,kg/m2,17.8
501786,500227,500014,3036277,,2018-11-06,32856,161.5,,8582,150,185,cm,161.5
501787,500227,500014,3004410,,2018-11-06,32856,8.8,,8554,4,5.6,%,8.8
501788,500227,500014,3004501,,2018-11-06,32856,154,,8840,70,99,mg/dL,154.0
501789,500227,500014,3004249,,2018-11-06,32856,129,,8876,90,130,mmHg,129.0
501790,500227,500014,3012888,,2018-11-06,32856,79,,8876,60,85,mmHg,79.0
501791,500227,500014,3025315,,2018-11-06,32856,80.3,,9529,45,90,kg,80.3
501792,500227,500014,3038553,,2018-11-06,32856,30.8,,9531,18.5,25,kg/m2,30.8
501793,500227,500014,3022192,,2018-11-06,32856,57.4,,8840,0,150,mg/dL,57.4
501794,500227,500014,3007070,,2018-11-06,32856,59.2,,8840,40,60,mg/dL,59.2
501795,500227,500014,3028437,,2018-11-06,32856,126.5,,8840,0,130,mg/dL,126.5
501796,500227,500014,3013721,,2018-11-06,32856,63.5,,8645,0,40,U/L,63.5
501797,500227,500014,3006923,,2018-11-06,32856,35.4,,8645,0,40,U/L,35.4
501798,500227,500014,3016723,,2018-11-06,32856,0.85,,8840,0.6,1.2,mg/dL,0.85
501799,500227,500014,3049187,,2018-11-06,32856,116.6,,9550,90,130,mL/min/1.73m2,116.6
501800,500228,500014,3004410,,2019-02-07,32856,8.3,,8554,4,5.6,%,8.3
501801,500228,500014,3004501,,2019-02-07,32856,169,,8840,70,99,mg/dL,169.0
501802,500228,500014,3004249,,2019-02-07,32856,126,,8876,90,130,mmHg,126.0
501803,500228,500014,3012888,,2019-02-07,32856,78,,8876,60,85,mmHg,78.0
501804,500228,500014,3025315,,2019-02-07,32856,80,,9529,45,90,kg,80.0
501805,500228,500014,3038553,,2019-02-07,32856,30.7,,9531,18.5,25,kg/m2,30.7
501806,500229,500014,3004410,,2019-05-07,32856,8.2,,8554,4,5.6,%,8.2
501807,500229,500014,3004501,,2019-05-07,32856,175,,8840,70,99,mg/dL,175.0
501808,500229,500014,3004249,,2019-05-07,32856,134,,8876,90,130,mmHg,134.0
501809,500229,500014,3012888,,2019-05-07,32856,74,,8876,60,85,mmHg,74.0
501810,500229,500014,3025315,,2019-05-07,32856,80.7,,9529,45,90,kg,80.7
501811,500229,500014,3038553,,2019-05-07,32856,30.9,,9531,18.5,25,kg/m2,30.9
501812,500230,500014,3004410,,2019-08-07,32856,8.1,,8554,4,5.6,%,8.1
501813,500230,500014,3004501,,2019-08-07,32856,167,,8840,70,99,mg/dL,167.0
501814,500230,500014,3004249,,2019-08-07,32856,129,,8876,90,130,mmHg,129.0
501815,500230,500014,3012888,,2019-08-07,32856,96,,8876,60,85,mmHg,96.0
501816,500230,500014,3025315,,2019-08-07,32856,80.2,,9529,45,90,kg,80.2
501817,500230,500014,3038553,,2019-08-07,32856,30.7,,9531,18.5,25,kg/m2,30.7
501818,500231,500014,3004410,,2019-11-08,32856,8,,8554,4,5.6,%,8.0
501819,500231,500014,3004501,,2019-11-08,32856,155,,8840,70,99,mg/dL,155.0
501820,500231,500014,3004249,,2019-11-08,32856,150,,8876,90,130,mmHg,150.0
501821,500231,500014,3012888,,2019-11-08,32856,83,,8876,60,85,mmHg,83.0
501822,500231,500014,3025315,,2019-11-08,32856,80.4,,9529,45,90,kg,80.4
501823,500231,500014,3038553,,2019-11-08,32856,30.8,,9531,18.5,25,kg/m2,30.8
501824,500231,500014,3022192,,2019-11-08,32856,172.5,,8840,0,150,mg/dL,172.5
501825,500231,500014,3007070,,2019-11-08,32856,39,,8840,40,60,mg/dL,39.0
501826,500231,500014,3028437,,2019-11-08,32856,116.8,,8840,0,130,mg/dL,116.8
501827,500231,500014,3013721,,2019-11-08,32856,16,,8645,0,40,U/L,16.0
501828,500231,500014,3006923,,2019-11-08,32856,76.6,,8645,0,40,U/L,76.6
501829,500231,500014,3016723,,2019-11-08,32856,1.32,,8840,0.6,1.2,mg/dL,1.32
501830,500231,500014,3049187,,2019-11-08,32856,80,,9550,90,130,mL/min/1.73m2,80.0
501831,500232,500014,3004410,,2020-02-05,32856,7.5,,8554,4,5.6,%,7.5
501832,500232,500014,3004501,,2020-02-05,32856,141,,8840,70,99,mg/dL,141.0
501833,500232,500014,3004249,,2020-02-05,32856,122,,8876,90,130,mmHg,122.0
501834,500232,500014,3012888,,2020-02-05,32856,87,,8876,60,85,mmHg,87.0
501835,500232,500014,3025315,,2020-02-05,32856,80.9,,9529,45,90,kg,80.9
501836,500232,500014,3038553,,2020-02-05,32856,31,,9531,18.5,25,kg/m2,31.0
501837,500233,500014,3004410,,2020-05-04,32856,7.7,,8554,4,5.6,%,7.7
501838,500233,500014,3004501,,2020-05-04,32856,144,,8840,70,99,mg/dL,144.0
501839,500233,500014,3004249,,2020-05-04,32856,153,,8876,90,130,mmHg,153.0
501840,500233,500014,3012888,,2020-05-04,32856,80,,8876,60,85,mmHg,80.0
501841,500233,500014,3025315,,2020-05-04,32856,81.3,,9529,45,90,kg,81.3
501842,500233,500014,3038553,,2020-05-04,32856,31.2,,9531,18.5,25,kg/m2,31.2
501843,500234,500014,3004410,,2020-08-02,32856,7.4,,8554,4,5.6,%,7.4
501844,500234,500014,3004501,,2020-08-02,32856,140,,8840,70,99,mg/dL,140.0
501845,500234,500014,3004249,,2020-08-02,32856,116,,8876,90,130,mmHg,116.0
501846,500234,500014,3012888,,2020-08-02,32856,76,,8876,60,85,mmHg,76.0
501847,500234,500014,3025315,,2020-08-02,32856,79.7,,9529,45,90,kg,79.7
501848,500234,500014,3038553,,2020-08-02,32856,30.6,,9531,18.5,25,kg/m2,30.6
501849,500235,500014,3004410,,2020-11-02,32856,7.2,,8554,4,5.6,%,7.2
501850,500235,500014,3004501,,2020-11-02,32856,154,,8840,70,99,mg/dL,154.0
501851,500235,500014,3004249,,2020-11-02,32856,121,,8876,90,130,mmHg,121.0
501852,500235,500014,3012888,,2020-11-02,32856,88,,8876,60,85,mmHg,88.0
501853,500235,500014,3025315,,2020-11-02,32856,80,,9529,45,90,kg,80.0
501854,500235,500014,3038553,,2020-11-02,32856,30.7,,9531,18.5,25,kg/m2,30.7
501855,500235,500014,3022192,,2020-11-02,32856,175.5,,8840,0,150,mg/dL,175.5
501856,500235,500014,3007070,,2020-11-02,32856,56.5,,8840,40,60,mg/dL,56.5
501857,500235,500014,3028437,,2020-11-02,32856,121.3,,8840,0,130,mg/dL,121.3
501858,500235,500014,3013721,,2020-11-02,32856,51.6,,8645,0,40,U/L,51.6
501859,500235,500014,3006923,,2020-11-02,32856,75,,8645,0,40,U/L,75.0
501860,500235,500014,3016723,,2020-11-02,32856,1.02,,8840,0.6,1.2,mg/dL,1.02
501861,500235,500014,3049187,,2020-11-02,32856,94.2,,9550,90,130,mL/min/1.73m2,94.2
501862,500236,500014,3004410,,2021-02-04,32856,6.7,,8554,4,5.6,%,6.7
501863,500236,500014,3004501,,2021-02-04,32856,134,,8840,70,99,mg/dL,134.0
501864,500236,500014,3004249,,2021-02-04,32856,145,,8876,90,130,mmHg,145.0
501865,500236,500014,3012888,,2021-02-04,32856,85,,8876,60,85,mmHg,85.0
501866,500236,500014,3025315,,2021-02-04,32856,79.4,,9529,45,90,kg,79.4
501867,500236,500014,3038553,,2021-02-04,32856,30.4,,9531,18.5,25,kg/m2,30.4
501868,500237,500014,3004410,,2021-04-29,32856,6.5,,8554,4,5.6,%,6.5
501869,500237,500014,3004501,,2021-04-29,32856,110,,8840,70,99,mg/dL,110.0
501870,500237,500014,3004249,,2021-04-29,32856,140,,8876,90,130,mmHg,140.0
501871,500237,500014,3012888,,2021-04-29,32856,89,,8876,60,85,mmHg,89.0
501872,500237,500014,3025315,,2021-04-29,32856,79.9,,9529,45,90,kg,79.9
501873,500237,500014,3038553,,2021-04-29,32856,30.6,,9531,18.5,25,kg/m2,30.6
501874,500238,500014,3004410,,2021-07-30,32856,6.6,,8554,4,5.6,%,6.6
501875,500238,500014,3004501,,2021-07-30,32856,135,,8840,70,99,mg/dL,135.0
501876,500238,500014,3004249,,2021-07-30,32856,143,,8876,90,130,mmHg,143.0
501877,500238,500014,3012888,,2021-07-30,32856,98,,8876,60,85,mmHg,98.0
501878,500238,500014,3025315,,2021-07-30,32856,79.6,,9529,45,90,kg,79.6
501879,500238,500014,3038553,,2021-07-30,32856,30.5,,9531,18.5,25,kg/m2,30.5
501880,500239,500014,3004410,,2021-10-26,32856,7.7,,8554,4,5.6,%,7.7
501881,500239,500014,3004501,,2021-10-26,32856,151,,8840,70,99,mg/dL,151.0
501882,500239,500014,3004249,,2021-10-26,32856,124,,8876,90,130,mmHg,124.0
501883,500239,500014,3012888,,2021-10-26,32856,101,,8876,60,85,mmHg,101.0
501884,500239,500014,3025315,,2021-10-26,32856,79.6,,9529,45,90,kg,79.6
501885,500239,500014,3038553,,2021-10-26,32856,30.5,,9531,18.5,25,kg/m2,30.5
501886,500239,500014,3022192,,2021-10-26,32856,253.4,,8840,0,150,mg/dL,253.4
501887,500239,500014,3007070,,2021-10-26,32856,29.4,,8840,40,60,mg/dL,29.4
501888,500239,500014,3028437,,2021-10-26,32856,108.1,,8840,0,130,mg/dL,108.1
501889,500239,500014,3013721,,2021-10-26,32856,61.8,,8645,0,40,U/L,61.8
501890,500239,500014,3006923,,2021-10-26,32856,22,,8645,0,40,U/L,22.0
501891,500239,500014,3016723,,2021-10-26,32856,0.21,,8840,0.6,1.2,mg/dL,0.21
501892,500239,500014,3049187,,2021-10-26,32856,74.9,,9550,90,130,mL/min/1.73m2,74.9
501893,500240,500014,3004410,,2022-01-29,32856,7.7,,8554,4,5.6,%,7.7
501894,500240,500014,3004501,,2022-01-29,32856,168,,8840,70,99,mg/dL,168.0
501895,500240,500014,3004249,,2022-01-29,32856,121,,8876,90,130,mmHg,121.0
501896,500240,500014,3012888,,2022-01-29,32856,72,,8876,60,85,mmHg,72.0
501897,500240,500014,3025315,,2022-01-29,32856,80.5,,9529,45,90,kg,80.5
501898,500240,500014,3038553,,2022-01-29,32856,30.9,,9531,18.5,25,kg/m2,30.9
501899,500241,500014,3004410,,2022-05-03,32856,7.8,,8554,4,5.6,%,7.8
501900,500241,500014,3004501,,2022-05-03,32856,151,,8840,70,99,mg/dL,151.0
501901,500241,500014,3004249,,2022-05-03,32856,142,,8876,90,130,mmHg,142.0
501902,500241,500014,3012888,,2022-05-03,32856,77,,8876,60,85,mmHg,77.0
501903,500241,500014,3025315,,2022-05-03,32856,80.7,,9529,45,90,kg,80.7
501904,500241,500014,3038553,,2022-05-03,32856,30.9,,9531,18.5,25,kg/m2,30.9
501905,500242,500014,3004410,,2022-08-03,32856,7.3,,8554,4,5.6,%,7.3
501906,500242,500014,3004501,,2022-08-03,32856,142,,8840,70,99,mg/dL,142.0
501907,500242,500014,3004249,,2022-08-03,32856,137,,8876,90,130,mmHg,137.0
501908,500242,500014,3012888,,2022-08-03,32856,88,,8876,60,85,mmHg,88.0
501909,500242,500014,3025315,,2022-08-03,32856,81.5,,9529,45,90,kg,81.5
501910,500242,500014,3038553,,2022-08-03,32856,31.2,,9531,18.5,25,kg/m2,31.2
501911,500243,500014,3004410,,2022-10-31,32856,7,,8554,4,5.6,%,7.0
501912,500243,500014,3004501,,2022-10-31,32856,117,,8840,70,99,mg/dL,117.0
501913,500243,500014,3004249,,2022-10-31,32856,134,,8876,90,130,mmHg,134.0
501914,500243,500014,3012888,,2022-10-31,32856,85,,8876,60,85,mmHg,85.0
501915,500243,500014,3025315,,2022-10-31,32856,82.4,,9529,45,90,kg,82.4
501916,500243,500014,3038553,,2022-10-31,32856,31.6,,9531,18.5,25,kg/m2,31.6
501917,500243,500014,3022192,,2022-10-31,32856,156.8,,8840,0,150,mg/dL,156.8
501918,500243,500014,3007070,,2022-10-31,32856,47.1,,8840,40,60,mg/dL,47.1
501919,500243,500014,3028437,,2022-10-31,32856,94.1,,8840,0,130,mg/dL,94.1
501920,500243,500014,3013721,,2022-10-31,32856,45.2,,8645,0,40,U/L,45.2
501921,500243,500014,3006923,,2022-10-31,32856,55.3,,8645,0,40,U/L,55.3
501922,500243,500014,3016723,,2022-10-31,32856,0.88,,8840,0.6,1.2,mg/dL,0.88
501923,500243,500014,3049187,,2022-10-31,32856,96.5,,9550,90,130,mL/min/1.73m2,96.5
501924,500244,500014,3004410,,2023-01-24,32856,7.1,,8554,4,5.6,%,7.1
501925,500244,500014,3004501,,2023-01-24,32856,134,,8840,70,99,mg/dL,134.0
501926,500244,500014,3004249,,2023-01-24,32856,158,,8876,90,130,mmHg,158.0
501927,500244,500014,3012888,,2023-01-24,32856,91,,8876,60,85,mmHg,91.0
501928,500244,500014,3025315,,2023-01-24,32856,81.2,,9529,45,90,kg,81.2
501929,500244,NOT_A_NUMBER,3038553,,2023-01-24,32856,31.1,,9531,18.5,25,kg/m2,31.1
501930,500245,500014,3004410,,2023-04-21,32856,6.7,,8554,4,5.6,%,6.7
501931,500245,500014,3004501,,2023-04-21,32856,118,,8840,70,99,mg/dL,118.0
501932,500245,500014,3004249,,2023-04-21,32856,138,,8876,90,130,mmHg,138.0
501933,500245,500014,3012888,,2023-04-21,32856,78,,8876,60,85,mmHg,78.0
501934,500245,500014,3025315,,2023-04-21,32856,79.4,,9529,45,90,kg,79.4
501935,500245,500014,3038553,,2023-04-21,32856,30.4,,9531,18.5,25,kg/m2,30.4
501936,500246,500015,3036277,,2021-08-10,32856,178,,8582,150,185,cm,178.0
501937,500246,500015,3004410,,2021-08-10,32856,5.8,,8554,4,5.6,%,5.8
501938,500246,500015,3004501,,2021-08-10,32856,96,,8840,70,99,mg/dL,96.0
501939,500246,500015,3004249,,2021-08-10,32856,144,,8876,90,130,mmHg,144.0
501940,500246,500015,3012888,,2021-08-10,32856,86,,8876,60,85,mmHg,86.0
501941,500246,500015,3025315,,2021-08-10,32856,93.5,,9529,45,90,kg,93.5
501942,500246,500015,3038553,,2021-08-10,32856,29.5,,9531,18.5,25,kg/m2,29.5
501943,500246,500015,3022192,,2021-08-10,32856,293.1,,8840,0,150,mg/dL,293.1
501944,500246,500015,3007070,,2021-08-10,32856,50.4,,8840,40,60,mg/dL,50.4
501945,500246,500015,3028437,,2021-08-10,32856,76.6,,8840,0,130,mg/dL,76.6
501946,500246,500015,3013721,,2021-08-10,32856,4.3,,8645,0,40,U/L,4.3
501947,500246,500015,3006923,,2021-08-10,32856,51.4,,8645,0,40,U/L,51.4
501948,500246,500015,3016723,,2021-08-10,32856,1.73,,8840,0.6,1.2,mg/dL,1.73
501949,500246,500015,3049187,,2021-08-10,32856,70.8,,9550,90,130,mL/min/1.73m2,70.8
501950,500247,500015,3004410,,2021-11-13,32856,5.3,,8554,4,5.6,%,5.3
501951,500247,500015,3004501,,2021-11-13,32856,87,,8840,70,99,mg/dL,87.0
501952,500247,500015,3004249,,2021-11-13,32856,143,,8876,90,130,mmHg,143.0
501953,500247,500015,3012888,,2021-11-13,32856,90,,8876,60,85,mmHg,90.0
501954,500247,500015,3025315,,2021-11-13,32856,95,,9529,45,90,kg,95.0
501955,500247,500015,3038553,,2021-11-13,32856,30,,9531,18.5,25,kg/m2,30.0
501956,500248,500015,3004410,,2022-02-17,32856,5.4,,8554,4,5.6,%,5.4
501957,500248,500015,3004501,,2022-02-17,32856,86,,8840,70,99,mg/dL,86.0
501958,500248,500015,3004249,,2022-02-17,32856,116,,8876,90,130,mmHg,116.0
501959,500248,500015,3012888,,2022-02-17,32856,73,,8876,60,85,mmHg,73.0
501960,500248,500015,3025315,,2022-02-17,32856,94.9,,9529,45,90,kg,94.9
501961,500248,500015,3038553,,2022-02-17,32856,30,,9531,18.5,25,kg/m2,30.0
501962,500249,500015,3004410,,2022-05-19,32856,5.7,,8554,4,5.6,%,5.7
501963,500249,500015,3004501,,2022-05-19,32856,91,,8840,70,99,mg/dL,91.0
501964,500249,500015,3004249,,2022-05-19,32856,152,,8876,90,130,mmHg,152.0
501965,500249,500015,3012888,,2022-05-19,32856,89,,8876,60,85,mmHg,89.0
501966,500249,500015,3025315,,2022-05-19,32856,93.1,,9529,45,90,kg,93.1
501967,500249,500015,3038553,,2022-05-19,32856,29.4,,9531,18.5,25,kg/m2,29.4
501968,500250,500015,3004410,,2022-08-22,32856,5.9,,8554,4,5.6,%,5.9
501969,500250,500015,3004501,,2022-08-22,32856,98,,8840,70,99,mg/dL,98.0
501970,500250,500015,3004249,,2022-08-22,32856,140,,8876,90,130,mmHg,140.0
501971,500250,500015,3012888,,2022-08-22,32856,83,,8876,60,85,mmHg,83.0
501972,500250,500015,3025315,,2022-08-22,32856,91.8,,9529,45,90,kg,91.8
501973,500250,500015,3038553,,2022-08-22,32856,29,,9531,18.5,25,kg/m2,29.0
501974,500250,500015,3022192,,2022-08-22,32856,136.7,,8840,0,150,mg/dL,136.7
501975,500250,500015,3007070,,2022-08-22,32856,53.7,,8840,40,60,mg/dL,53.7
501976,500250,500015,3028437,,2022-08-22,32856,109,,8840,0,130,mg/dL,109.0
501977,500250,500015,3013721,,2022-08-22,32856,37.8,,8645,0,40,U/L,37.8
501978,500250,500015,3006923,,2022-08-22,32856,93.8,,8645,0,40,U/L,93.8
501979,500250,500015,3016723,,2022-08-22,32856,0.99,,8840,0.6,1.2,mg/dL,0.99
501980,500250,500015,3049187,,2022-08-22,32856,83.8,,9550,90,130,mL/min/1.73m2,83.8
501981,500251,500015,3004410,,2022-11-28,32856,5.9,,8554,4,5.6,%,5.9
501982,500251,500015,3004501,,2022-11-28,32856,91,,8840,70,99,mg/dL,91.0
501983,500251,500015,3004249,,2022-11-28,32856,131,,8876,90,130,mmHg,131.0
501984,500251,500015,3012888,,2022-11-28,32856,81,,8876,60,85,mmHg,81.0
501985,500251,500015,3025315,,2022-11-28,32856,91.9,,9529,45,90,kg,91.9
501986,500251,500015,3038553,,2022-11-28,32856,29,,9531,18.5,25,kg/m2,29.0
501987,500252,500015,3004410,,2023-03-01,32856,5.5,,8554,4,5.6,%,5.5
501988,500252,500015,3004501,,2023-03-01,32856,95,,8840,70,99,mg/dL,95.0
501989,500252,500015,3004249,,2023-03-01,32856,147,,8876,90,130,mmHg,147.0
501990,500252,500015,3012888,,2023-03-01,32856,85,,8876,60,85,mmHg,85.0
501991,500252,500015,3025315,,2023-03-01,32856,92,,9529,45,90,kg,92.0
501992,500252,500015,3038553,,2023-03-01,32856,29,,9531,18.5,25,kg/m2,29.0
501993,500253,500015,3004410,,2023-05-26,32856,5,,8554,4,5.6,%,5.0
501994,500253,500015,3004501,,2023-05-26,32856,83,,8840,70,99,mg/dL,83.0
501995,500253,500015,3004249,,2023-05-26,32856,134,,8876,90,130,mmHg,134.0
501996,500253,500015,3012888,,2023-05-26,32856,96,,8876,60,85,mmHg,96.0
501997,500253,500015,3025315,,2023-05-26,32856,92.1,,9529,45,90,kg,92.1
501998,500253,500015,3038553,,2023-05-26,32856,29.1,,9531,18.5,25,kg/m2,29.1
501999,500254,500015,3004410,,2023-08-23,32856,5.3,,8554,4,5.6,%,5.3
502000,500254,500015,3004501,,2023-08-23,32856,99,,8840,70,99,mg/dL,99.0
502001,500254,500015,3004249,,2023-08-23,32856,137,,8876,90,130,mmHg,137.0
502002,500254,500015,3012888,,2023-08-23,32856,96,,8876,60,85,mmHg,96.0
502003,500254,500015,3025315,,2023-08-23,32856,93.8,,9529,45,90,kg,93.8
502004,500254,500015,3038553,,2023-08-23,32856,29.6,,9531,18.5,25,kg/m2,29.6
502005,500254,500015,3022192,,2023-08-23,32856,166.6,,8840,0,150,mg/dL,166.6
502006,500254,500015,3007070,,2023-08-23,32856,59.1,,8840,40,60,mg/dL,59.1
502007,500254,500015,3028437,,2023-08-23,32856,113.4,,8840,0,130,mg/dL,113.4
502008,500254,500015,3013721,,2023-08-23,32856,36.1,,8645,0,40,U/L,36.1
502009,500254,500015,3006923,,2023-08-23,32856,28.9,,8645,0,40,U/L,28.9
502010,500254,500015,3016723,,2023-08-23,32856,1.35,,8840,0.6,1.2,mg/dL,1.35
502011,500254,500015,3049187,,2023-08-23,32856,100.2,,9550,90,130,mL/min/1.73m2,100.2
502012,500255,500015,3004410,,2023-11-29,32856,5.1,,8554,4,5.6,%,5.1
502013,500255,500015,3004501,,2023-11-29,32856,83,,8840,70,99,mg/dL,83.0
502014,500255,500015,3004249,,2023-11-29,32856,145,,8876,90,130,mmHg,145.0
502015,500255,500015,3012888,,2023-11-29,32856,75,,8876,60,85,mmHg,75.0
502016,500255,500015,3025315,,2023-11-29,32856,94.3,,9529,45,90,kg,94.3
502017,500255,500015,3038553,,2023-11-29,32856,29.8,,9531,18.5,25,kg/m2,29.8
502018,500256,500015,3004410,,2024-02-24,32856,5.7,,8554,4,5.6,%,5.7
502019,500256,500015,3004501,,2024-02-24,32856,124,,8840,70,99,mg/dL,124.0
502020,500256,500015,3004249,,2024-02-24,32856,153,,8876,90,130,mmHg,153.0
502021,500256,500015,3012888,,2024-02-24,32856,81,,8876,60,85,mmHg,81.0
502022,500256,500015,3025315,,2024-02-24,32856,95.6,,9529,45,90,kg,95.6
502023,500256,500015,3038553,,2024-02-24,32856,30.2,,9531,18.5,25,kg/m2,30.2
502024,500257,500015,3004410,,2024-05-19,32856,5.6,,8554,4,5.6,%,5.6
502025,500257,500015,3004501,,2024-05-19,32856,92,,8840,70,99,mg/dL,92.0
502026,500257,500015,3004249,,2024-05-19,32856,121,,8876,90,130,mmHg,121.0
502027,500257,500015,3012888,,2024-05-19,32856,67,,8876,60,85,mmHg,67.0
502028,500257,500015,3025315,,2024-05-19,32856,97.1,,9529,45,90,kg,97.1
502029,500257,500015,3038553,,2024-05-19,32856,30.6,,9531,18.5,25,kg/m2,30.6
502030,500258,500015,3004410,,2024-08-17,32856,5,,8554,4,5.6,%,5.0
502031,500258,500015,3004501,,2024-08-17,32856,92,,8840,70,99,mg/dL,92.0
502032,500258,500015,3004249,,2024-08-17,32856,150,,8876,90,130,mmHg,150.0
502033,500258,500015,3012888,,2024-08-17,32856,97,,8876,60,85,mmHg,97.0
502034,500258,500015,3025315,,2024-08-17,32856,97.8,,9529,45,90,kg,97.8
502035,500258,500015,3038553,,2024-08-17,32856,30.9,,9531,18.5,25,kg/m2,30.9
502036,500258,500015,3022192,,2024-08-17,32856,246.7,,8840,0,150,mg/dL,246.7
502037,500258,500015,3007070,,2024-08-17,32856,50.5,,8840,40,60,mg/dL,50.5
502038,500258,500015,3028437,,2024-08-17,32856,112.1,,8840,0,130,mg/dL,112.1
502039,500258,500015,3013721,,2024-08-17,32856,40.6,,8645,0,40,U/L,40.6
502040,500258,500015,3006923,,2024-08-17,32856,61.4,,8645,0,40,U/L,61.4
502041,500258,500015,3016723,,2024-08-17,32856,1.46,,8840,0.6,1.2,mg/dL,1.46
502042,500258,500015,3049187,,2024-08-17,32856,77.3,,9550,90,130,mL/min/1.73m2,77.3
502043,500259,500015,3004410,,2024-11-23,32856,5.1,,8554,4,5.6,%,5.1
502044,500259,500015,3004501,,2024-11-23,32856,97,,8840,70,99,mg/dL,97.0
502045,500259,500015,3004249,,2024-11-23,32856,136,,8876,90,130,mmHg,136.0
502046,500259,500015,3012888,,2024-11-23,32856,71,,8876,60,85,mmHg,71.0
502047,500259,500015,3025315,,2024-11-23,32856,96.9,,9529,45,90,kg,96.9
502048,500259,500015,3038553,,2024-11-23,32856,30.6,,9531,18.5,25,kg/m2,30.6
502049,500260,500015,3004410,,2025-02-16,32856,5.3,,8554,4,5.6,%,5.3
502050,500260,500015,3004501,,2025-02-16,32856,99,,8840,70,99,mg/dL,99.0
502051,500260,500015,3004249,,2025-02-16,32856,144,,8876,90,130,mmHg,144.0
502052,500260,500015,3012888,,2025-02-16,32856,89,,8876,60,85,mmHg,89.0
502053,500260,500015,3025315,,2025-02-16,32856,96.8,,9529,45,90,kg,96.8
502054,500260,500015,3038553,,2025-02-16,32856,30.6,,9531,18.5,25,kg/m2,30.6
502055,500261,500015,3004410,,2025-05-16,32856,5.5,,8554,4,5.6,%,5.5
502056,500261,500015,3004501,,2025-05-16,32856,81,,8840,70,99,mg/dL,81.0
502057,500261,500015,3004249,,2025-05-16,32856,127,,8876,90,130,mmHg,127.0
502058,500261,500015,3012888,,2025-05-16,32856,81,,8876,60,85,mmHg,81.0
502059,500261,500015,3025315,,2025-05-16,32856,95.6,,9529,45,90,kg,95.6
502060,500261,500015,3038553,,2025-05-16,32856,30.2,,9531,18.5,25,kg/m2,30.2
502061,500262,500015,3004410,,2025-08-11,32856,5.8,,8554,4,5.6,%,5.8
502062,500262,500015,3004501,,2025-08-11,32856,126,,8840,70,99,mg/dL,126.0
502063,500262,500015,3004249,,2025-08-11,32856,126,,8876,90,130,mmHg,126.0
502064,500262,500015,3012888,,2025-08-11,32856,83,,8876,60,85,mmHg,83.0
502065,500262,500015,3025315,,2025-08-11,32856,95.8,,9529,45,90,kg,95.8
502066,500262,500015,3038553,,2025-08-11,32856,30.2,,9531,18.5,25,kg/m2,30.2
502067,500262,500015,3022192,,2025-08-11,32856,275.8,,8840,0,150,mg/dL,275.8
502068,500262,500015,3007070,,2025-08-11,32856,32.1,,8840,40,60,mg/dL,32.1
502069,500262,500015,3028437,,2025-08-11,32856,136.6,,8840,0,130,mg/dL,136.6
502070,500262,500015,3013721,,2025-08-11,32856,31.1,,8645,0,40,U/L,31.1
502071,500262,500015,3006923,,2025-08-11,32856,17.5,,8645,0,40,U/L,17.5
502072,500262,500015,3016723,,2025-08-11,32856,1.35,,8840,0.6,1.2,mg/dL,1.35
502073,500262,500015,3049187,,2025-08-11,32856,83.7,,9550,90,130,mL/min/1.73m2,83.7
502074,500263,500015,3004410,,2025-11-15,32856,5.6,,8554,4,5.6,%,5.6
502075,500263,500015,3004501,,2025-11-15,32856,104,,8840,70,99,mg/dL,104.0
502076,500263,500015,3004249,,2025-11-15,32856,121,,8876,90,130,mmHg,121.0
502077,500263,500015,3012888,,2025-11-15,32856,100,,8876,60,85,mmHg,100.0
502078,500263,500015,3025315,,2025-11-15,32856,95.8,,9529,45,90,kg,95.8
502079,500263,500015,3038553,,2025-11-15,32856,30.2,,9531,18.5,25,kg/m2,30.2
502080,500264,500016,3036277,,2019-03-27,32856,167.3,,8582,150,185,cm,167.3
502081,500264,500016,3004410,,2019-03-27,32856,5.8,,8554,4,5.6,%,5.8
502082,500264,500016,3004501,,2019-03-27,32856,93,,8840,70,99,mg/dL,93.0
502083,500264,500016,3004249,,2019-03-27,32856,136,,8876,90,130,mmHg,136.0
502084,500264,500016,3012888,,2019-03-27,32856,84,,8876,60,85,mmHg,84.0
502085,500264,500016,3025315,,2019-03-27,32856,61.9,,9529,45,90,kg,61.9
502086,500264,500016,3038553,,2019-03-27,32856,22.1,,9531,18.5,25,kg/m2,22.1
502087,500264,500016,3022192,,2019-03-27,32856,102.4,,8840,0,150,mg/dL,102.4
502088,500264,500016,3007070,,2019-03-27,32856,59.5,,8840,40,60,mg/dL,59.5
502089,500264,500016,3028437,,2019-03-27,32856,115.9,,8840,0,130,mg/dL,115.9
502090,500264,500016,3013721,,2019-03-27,32856,21.4,,8645,0,40,U/L,21.4
502091,500264,500016,3006923,,2019-03-27,32856,25.9,,8645,0,40,U/L,25.9
502092,500264,500016,3016723,,2019-03-27,32856,1.4,,8840,0.6,1.2,mg/dL,1.4
502093,500264,500016,3049187,,2019-03-27,32856,102.3,,9550,90,130,mL/min/1.73m2,102.3
502094,500265,500016,3004410,,2019-07-02,32856,5.1,,8554,4,5.6,%,5.1
502095,500265,500016,3004501,,2019-07-02,32856,108,,8840,70,99,mg/dL,108.0
502096,500265,500016,3004249,,2019-07-02,32856,128,,8876,90,130,mmHg,128.0
502097,500265,500016,3012888,,2019-07-02,32856,85,,8876,60,85,mmHg,85.0
502098,500265,500016,3025315,,2019-07-02,32856,62.1,,9529,45,90,kg,62.1
502099,500265,500016,3038553,,2019-07-02,32856,22.2,,9531,18.5,25,kg/m2,22.2
502100,500266,500016,3004410,,2019-10-01,32856,5,,8554,4,5.6,%,5.0
502101,500266,500016,3004501,,2019-10-01,32856,87,,8840,70,99,mg/dL,87.0
502102,500266,500016,3004249,,2019-10-01,32856,112,,8876,90,130,mmHg,112.0
502103,500266,500016,3012888,,2019-10-01,32856,60,,8876,60,85,mmHg,60.0
502104,500266,500016,3025315,,2019-10-01,32856,62.9,,9529,45,90,kg,62.9
502105,500266,500016,3038553,,2019-10-01,32856,22.5,,9531,18.5,25,kg/m2,22.5
502106,500267,500016,3004410,,2019-12-26,32856,5.5,,8554,4,5.6,%,5.5
502107,500267,500016,3004501,,2019-12-26,32856,97,,8840,70,99,mg/dL,97.0
502108,500267,500016,3004249,,2019-12-26,32856,110,,8876,90,130,mmHg,110.0
502109,500267,500016,3012888,,2019-12-26,32856,77,,8876,60,85,mmHg,77.0
502110,500267,500016,3025315,,2019-12-26,32856,62.2,,9529,45,90,kg,62.2
502111,500267,500016,3038553,,2019-12-26,32856,22.2,,9531,18.5,25,kg/m2,22.2
502112,500268,500016,3004410,,2020-04-02,32856,5.8,,8554,4,5.6,%,5.8
502113,500268,500016,3004501,,2020-04-02,32856,107,,8840,70,99,mg/dL,107.0
502114,500268,500016,3004249,,2020-04-02,32856,122,,8876,90,130,mmHg,122.0
502115,500268,500016,3012888,,2020-04-02,32856,77,,8876,60,85,mmHg,77.0
502116,500268,500016,3025315,,2020-04-02,32856,61.2,,9529,45,90,kg,61.2
502117,500268,500016,3038553,,2020-04-02,32856,21.9,,9531,18.5,25,kg/m2,21.9
502118,500268,500016,3022192,,2020-04-02,32856,225,,8840,0,150,mg/dL,225.0
502119,500268,500016,3007070,,2020-04-02,32856,42.7,,8840,40,60,mg/dL,42.7
502120,500268,500016,3028437,,2020-04-02,32856,102.3,,8840,0,130,mg/dL,102.3
502121,500268,500016,3013721,,2020-04-02,32856,5.7,,8645,0,40,U/L,5.7
502122,500268,500016,3006923,,2020-04-02,32856,70.5,,8645,0,40,U/L,70.5
502123,500268,500016,3016723,,2020-04-02,32856,0.89,,8840,0.6,1.2,mg/dL,0.89
502124,500268,500016,3049187,,2020-04-02,32856,53.6,,9550,90,130,mL/min/1.73m2,53.6
502125,500269,500016,3004410,,2020-07-08,32856,5.4,,8554,4,5.6,%,5.4
502126,500269,500016,3004501,,2020-07-08,32856,74,,8840,70,99,mg/dL,74.0
502127,500269,500016,3004249,,2020-07-08,32856,102,,8876,90,130,mmHg,102.0
502128,500269,500016,3012888,,2020-07-08,32856,64,,8876,60,85,mmHg,64.0
502129,500269,500016,3025315,,2020-07-08,32856,60.8,,9529,45,90,kg,60.8
502130,500269,500016,3038553,,2020-07-08,32856,21.7,,9531,18.5,25,kg/m2,21.7
502131,500270,500016,3004410,,2020-10-08,32856,5,,8554,4,5.6,%,5.0
502132,500270,500016,3004501,,2020-10-08,32856,88,,8840,70,99,mg/dL,88.0
502133,500270,500016,3004249,,2020-10-08,32856,114,,8876,90,130,mmHg,114.0
502134,500270,500016,3012888,,2020-10-08,32856,80,,8876,60,85,mmHg,80.0
502135,500270,500016,3025315,,2020-10-08,32856,61.9,,9529,45,90,kg,61.9
502136,500270,500016,3038553,,2020-10-08,32856,22.1,,9531,18.5,25,kg/m2,22.1
502137,500271,500016,3004410,,2021-01-01,32856,5,,8554,4,5.6,%,5.0
502138,500271,500016,3004501,,2021-01-01,32856,78,,8840,70,99,mg/dL,78.0
502139,500271,500016,3004249,,2021-01-01,32856,140,,8876,90,130,mmHg,140.0
502140,500271,500016,3012888,,2021-01-01,32856,75,,8876,60,85,mmHg,75.0
502141,500271,500016,3025315,,2021-01-01,32856,62.2,,9529,45,90,kg,62.2
502142,500271,500016,3038553,,2021-01-01,32856,22.2,,9531,18.5,25,kg/m2,22.2
502143,500272,500016,3004410,,2021-03-29,32856,5.4,,8554,4,5.6,%,5.4
502144,500272,500016,3004501,,2021-03-29,32856,98,,8840,70,99,mg/dL,98.0
502145,500272,500016,3004249,,2021-03-29,32856,104,,8876,90,130,mmHg,104.0
502146,500272,500016,3012888,,2021-03-29,32856,89,,8876,60,85,mmHg,89.0
502147,500272,500016,3025315,,2021-03-29,32856,62,,9529,45,90,kg,62.0
502148,500272,500016,3038553,,2021-03-29,32856,22.2,,9531,18.5,25,kg/m2,22.2
502149,500272,500016,3022192,,2021-03-29,32856,180.3,,8840,0,150,mg/dL,180.3
502150,500272,500016,3007070,,2021-03-29,32856,45.2,,8840,40,60,mg/dL,45.2
502151,500272,500016,3028437,,2021-03-29,32856,176.2,,8840,0,130,mg/dL,176.2
502152,500272,500016,3013721,,2021-03-29,32856,51.6,,8645,0,40,U/L,51.6
502153,500272,500016,3006923,,2021-03-29,32856,45.8,,8645,0,40,U/L,45.8
502154,500272,500016,3016723,,2021-03-29,32856,1.3,,8840,0.6,1.2,mg/dL,1.3
502155,500272,500016,3049187,,2021-03-29,32856,57.5,,9550,90,130,mL/min/1.73m2,57.5
502156,500273,500016,3004410,,2021-06-27,32856,5.7,,8554,4,5.6,%,5.7
502157,500273,500016,3004501,,2021-06-27,32856,102,,8840,70,99,mg/dL,102.0
502158,500273,500016,3004249,,2021-06-27,32856,126,,8876,90,130,mmHg,126.0
502159,500273,500016,3012888,,2021-06-27,32856,82,,8876,60,85,mmHg,82.0
502160,500273,500016,3025315,,2021-06-27,32856,61.7,,9529,45,90,kg,61.7
502161,500273,500016,3038553,,2021-06-27,32856,22,,9531,18.5,25,kg/m2,22.0
502162,500274,500016,3004410,,2021-09-19,32856,5.3,,8554,4,5.6,%,5.3
502163,500274,500016,3004501,,2021-09-19,32856,101,,8840,70,99,mg/dL,101.0
502164,500274,500016,,,2021-09-19,32856,126,,8876,90,130,mmHg,126.0
502165,500274,500016,3012888,,2021-09-19,32856,75,,8876,60,85,mmHg,75.0
502166,500274,500016,3025315,,2021-09-19,32856,61.4,,9529,45,90,kg,61.4
502167,500274,500016,3038553,,2021-09-19,32856,21.9,,9531,18.5,25,kg/m2,21.9
502168,500275,500016,3004410,,2021-12-24,32856,5,,8554,4,5.6,%,5.0
502169,500275,500016,3004501,,2021-12-24,32856,93,,8840,70,99,mg/dL,93.0
502170,500275,500016,3004249,,2021-12-24,32856,119,,8876,90,130,mmHg,119.0
502171,500275,500016,3012888,,2021-12-24,32856,93,,8876,60,85,mmHg,93.0
502172,500275,500016,3025315,,2021-12-24,32856,63.3,,9529,45,90,kg,63.3
502173,500275,500016,3038553,,2021-12-24,32856,22.6,,9531,18.5,25,kg/m2,22.6
502174,500276,500016,3004410,,2022-03-30,32856,5.4,,8554,4,5.6,%,5.4
502175,500276,500016,3004501,,2022-03-30,32856,69,,8840,70,99,mg/dL,69.0
502176,500276,500016,3004249,,2022-03-30,32856,126,,8876,90,130,mmHg,126.0
502177,500276,500016,3012888,,2022-03-30,32856,82,,8876,60,85,mmHg,82.0
502178,500276,500016,3025315,,2022-03-30,32856,65.2,,9529,45,90,kg,65.2
502179,500276,500016,3038553,,2022-03-30,32856,23.3,,9531,18.5,25,kg/m2,23.3
502180,500276,500016,3022192,,2022-03-30,32856,276.8,,8840,0,150,mg/dL,276.8
502181,500276,500016,3007070,,2022-03-30,32856,45.5,,8840,40,60,mg/dL,45.5
502182,500276,500016,3028437,,2022-03-30,32856,143.4,,8840,0,130,mg/dL,143.4
502183,500276,500016,3013721,,2022-03-30,32856,47,,8645,0,40,U/L,47.0
502184,500276,500016,3006923,,2022-03-30,32856,83.3,,8645,0,40,U/L,83.3
502185,500276,500016,3016723,,2022-03-30,32856,1.04,,8840,0.6,1.2,mg/dL,1.04
502186,500276,500016,3049187,,2022-03-30,32856,95.7,,9550,90,130,mL/min/1.73m2,95.7
502187,500277,500016,3004410,,2022-06-29,32856,5.6,,8554,4,5.6,%,5.6
502188,500277,500016,3004501,,2022-06-29,32856,91,,8840,70,99,mg/dL,91.0
502189,500277,500016,3004249,,2022-06-29,32856,123,,8876,90,130,mmHg,123.0
502190,500277,500016,3012888,,2022-06-29,32856,69,,8876,60,85,mmHg,69.0
502191,500277,500016,3025315,,2022-06-29,32856,66.2,,9529,45,90,kg,66.2
502192,500277,500016,3038553,,2022-06-29,32856,23.7,,9531,18.5,25,kg/m2,23.7
502193,500278,500016,3004410,,2022-09-21,32856,5,,8554,4,5.6,%,5.0
502194,500278,500016,3004501,,2022-09-21,32856,60,,8840,70,99,mg/dL,60
502195,500278,500016,3004249,,2022-09-21,32856,124,,8876,90,130,mmHg,124.0
502196,500278,500016,3012888,,2022-09-21,32856,69,,8876,60,85,mmHg,69.0
502197,500278,500016,3025315,,2022-09-21,32856,65.3,,9529,45,90,kg,65.3
502198,500278,500016,3038553,,2022-09-21,32856,23.3,,9531,18.5,25,kg/m2,23.3
502199,500279,500016,3004410,,2022-12-15,32856,5,,8554,4,5.6,%,5.0
502200,500279,500016,3004501,,2022-12-15,32856,82,,8840,70,99,mg/dL,82.0
502201,500279,500016,3004249,,2022-12-15,32856,162,,8876,90,130,mmHg,162.0
502202,500279,500016,3012888,,2022-12-15,32856,63,,8876,60,85,mmHg,63.0
502203,500279,500016,3025315,,2022-12-15,32856,64,,9529,45,90,kg,64.0
502204,500279,500016,3038553,,2022-12-15,32856,22.9,,9531,18.5,25,kg/m2,22.9
502205,500280,500016,3004410,,2023-03-20,32856,5,,8554,4,5.6,%,5.0
502206,500280,500016,3004501,,2023-03-20,32856,60,,8840,70,99,mg/dL,60
502207,500280,500016,3004249,,2023-03-20,32856,117,,8876,90,130,mmHg,117.0
502208,500280,500016,3012888,,2023-03-20,32856,74,,8876,60,85,mmHg,74.0
502209,500280,500016,3025315,,2023-03-20,32856,62.7,,9529,45,90,kg,62.7
502210,500280,500016,3038553,,2023-03-20,32856,22.4,,9531,18.5,25,kg/m2,22.4
502211,500280,500016,3022192,,2023-03-20,32856,152.4,,8840,0,150,mg/dL,152.4
502212,500280,500016,3007070,,2023-03-20,32856,53.8,,8840,40,60,mg/dL,53.8
502213,500280,500016,3028437,,2023-03-20,32856,153.4,,8840,0,130,mg/dL,153.4
502214,500280,500016,3013721,,2023-03-20,32856,77.2,,8645,0,40,U/L,77.2
502215,500280,500016,3006923,,2023-03-20,32856,115.7,,8645,0,40,U/L,115.7
502216,500280,500016,3016723,,2023-03-20,32856,0.86,,8840,0.6,1.2,mg/dL,0.86
502217,500280,500016,3049187,,2023-03-20,32856,98.9,,9550,90,130,mL/min/1.73m2,98.9
502218,500281,500016,3004410,,2023-06-19,32856,5,,8554,4,5.6,%,5.0
502219,500281,500016,3004501,,2023-06-19,32856,93,,8840,70,99,mg/dL,93.0
502220,500281,500016,3004249,,2023-06-19,32856,104,,8876,90,130,mmHg,104.0
502221,500281,500016,3012888,,2023-06-19,32856,77,,8876,60,85,mmHg,77.0
502222,500281,500016,3025315,,2023-06-19,32856,62.5,,9529,45,90,kg,62.5
502223,500281,500016,3038553,,2023-06-19,32856,22.3,,9531,18.5,25,kg/m2,22.3
502224,500282,500016,3004410,,2023-09-12,32856,5,,8554,4,5.6,%,5.0
502225,500282,500016,3004501,,2023-09-12,32856,60,,8840,70,99,mg/dL,60
502226,500282,500016,3004249,,2023-09-12,32856,112,,8876,90,130,mmHg,112.0
502227,500282,500016,3012888,,2023-09-12,32856,75,,8876,60,85,mmHg,75.0
502228,500282,500016,3025315,,2023-09-12,32856,62,,9529,45,90,kg,62.0
502229,500282,500016,3038553,,2023-09-12,32856,22.2,,9531,18.5,25,kg/m2,22.2
502230,500283,500016,3004410,,2023-12-19,32856,5.1,,8554,4,5.6,%,5.1
502231,500283,500016,3004501,,2023-12-19,32856,92,,8840,70,99,mg/dL,92.0
502232,500283,500016,3004249,,2023-12-19,32856,119,,8876,90,130,mmHg,119.0
502233,500283,500016,3012888,,2023-12-19,32856,70,,8876,60,85,mmHg,70.0
502234,500283,500016,3025315,,2023-12-19,32856,63.2,,9529,45,90,kg,63.2
502235,500283,500016,3038553,,2023-12-19,32856,22.6,,9531,18.5,25,kg/m2,22.6
502236,500284,500017,3036277,,2019-08-13,32856,167.2,,8582,150,185,cm,167.2
502237,500284,500017,3004410,,2019-08-13,32856,5.8,,8554,4,5.6,%,5.8
502238,500284,500017,3004501,,2019-08-13,32856,113,,8840,70,99,mg/dL,113.0
502239,500284,500017,3004249,,2019-08-13,32856,151,,8876,90,130,mmHg,151.0
502240,500284,500017,3012888,,2019-08-13,32856,65,,8876,60,85,mmHg,65.0
502241,500284,500017,3025315,,2019-08-13,32856,68.2,,9529,45,90,kg,68.2
502242,500284,500017,3038553,,2019-08-13,32856,24.4,,9531,18.5,25,kg/m2,24.4
502243,500284,500017,3022192,,2019-08-13,32856,10,,8840,0,150,mg/dL,10
502244,500284,500017,3007070,,2019-08-13,32856,27.9,,8840,40,60,mg/dL,27.9
502245,500284,500017,3028437,,2019-08-13,32856,90.7,,8840,0,130,mg/dL,90.7
502246,500284,500017,3013721,,2019-08-13,32856,41.6,,8645,0,40,U/L,41.6
502247,500284,500017,3006923,,2019-08-13,32856,28.9,,8645,0,40,U/L,28.9
502248,500284,500017,3016723,,2019-08-13,32856,0.63,,8840,0.6,1.2,mg/dL,0.63
502249,500284,500017,3049187,,2019-08-13,32856,95,,9550,90,130,mL/min/1.73m2,95.0
502250,500285,500017,3004410,,2019-11-17,32856,6,,8554,4,5.6,%,6.0
502251,500285,500017,3004501,,2019-11-17,32856,111,,8840,70,99,mg/dL,111.0
502252,500285,500017,3004249,,2019-11-17,32856,133,,8876,90,130,mmHg,133.0
502253,500285,500017,3012888,,2019-11-17,32856,83,,8876,60,85,mmHg,83.0
502254,500285,500017,3025315,,2019-11-17,32856,68.9,,9529,45,90,kg,68.9
502255,500285,500017,3038553,,2019-11-17,32856,24.6,,9531,18.5,25,kg/m2,24.6
502256,500286,500017,3004410,,2020-02-15,32856,5,,8554,4,5.6,%,5.0
502257,500286,500017,3004501,,2020-02-15,32856,10001000,,8840,70,99,mg/dL,85.0
502258,500286,500017,3004249,,2020-02-15,32856,163,,8876,90,130,mmHg,163.0
502259,500286,500017,3012888,,2020-02-15,32856,77,,8876,60,85,mmHg,77.0
502260,500286,500017,3025315,,2020-02-15,32856,68.1,,9529,45,90,kg,68.1
502261,500286,500017,3038553,,2020-02-15,32856,24.4,,9531,18.5,25,kg/m2,24.4
502262,500287,500017,3004410,,2020-05-19,32856,5.1,,8554,4,5.6,%,5.1
502263,500287,500017,3004501,,2020-05-19,32856,67,,8840,70,99,mg/dL,67.0
502264,500287,500017,3004249,,2020-05-19,32856,142,,8876,90,130,mmHg,142.0
502265,500287,500017,3012888,,2020-05-19,32856,78,,8876,60,85,mmHg,78.0
502266,500287,500017,3025315,,2020-05-19,32856,69.9,,9529,45,90,kg,69.9
502267,500287,500017,3038553,,2020-05-19,32856,25,,9531,18.5,25,kg/m2,25.0
502268,500288,500017,3004410,,2020-08-15,32856,5.2,,8554,4,5.6,%,5.2
502269,500288,500017,3004501,,2020-08-15,32856,65,,8840,70,99,mg/dL,65.0
502270,500288,500017,3004249,,2020-08-15,32856,148,,8876,90,130,mmHg,148.0
502271,500288,500017,3012888,,2020-08-15,32856,86,,8876,60,85,mmHg,86.0
502272,500288,500017,3025315,,2020-08-15,32856,71.4,,9529,45,90,kg,71.4
502273,500288,500017,3038553,,2020-08-15,32856,25.5,,9531,18.5,25,kg/m2,25.5
502274,500288,500017,3022192,,2020-08-15,32856,93.6,,8840,0,150,mg/dL,93.6
502275,500288,500017,3007070,,2020-08-15,32856,54,,8840,40,60,mg/dL,54.0
502276,500288,500017,3028437,,2020-08-15,32856,86.2,,8840,0,130,mg/dL,86.2
502277,500288,500017,3013721,,2020-08-15,32856,18.5,,8645,0,40,U/L,18.5
502278,500288,500017,3006923,,2020-08-15,32856,43.4,,8645,0,40,U/L,43.4
502279,500288,500017,3016723,,2020-08-15,32856,0.45,,8840,0.6,1.2,mg/dL,0.45
502280,500288,500017,3049187,,2020-08-15,32856,113,,9550,90,130,mL/min/1.73m2,113.0
502281,500289,500017,3004410,,2020-11-08,32856,5.3,,8554,4,5.6,%,5.3
502282,500289,500017,3004501,,2020-11-08,32856,118,,8840,70,99,mg/dL,118.0
502283,500289,500017,3004249,,2020-11-08,32856,139,,8876,90,130,mmHg,139.0
502284,500289,500017,3012888,,2020-11-08,32856,85,,8876,60,85,mmHg,85.0
502285,500289,500017,3025315,,2020-11-08,32856,73.6,,9529,45,90,kg,73.6
502286,500289,500017,3038553,,2026-13-45,32856,26.3,,9531,18.5,25,kg/m2,26.3
502287,500290,500017,3004410,,2021-02-09,32856,5.7,,8554,4,5.6,%,5.7
502288,500290,500017,3004501,,2021-02-09,32856,116,,8840,70,99,mg/dL,116.0
502289,500290,500017,3004249,,2021-02-09,32856,138,,8876,90,130,mmHg,138.0
502290,500290,500017,3012888,,2021-02-09,32856,84,,8876,60,85,mmHg,84.0
502291,500290,500017,3025315,,2021-02-09,32856,75.5,,9529,45,90,kg,75.5
502292,500290,500017,3038553,,2021-02-09,32856,27,,9531,18.5,25,kg/m2,27.0
502293,500291,500017,3004410,,2021-05-08,32856,5.7,,8554,4,5.6,%,5.7
502294,500291,500017,3004501,,2021-05-08,32856,93,,8840,70,99,mg/dL,93.0
502295,500291,500017,3004249,,2021-05-08,32856,146,,8876,90,130,mmHg,146.0
502296,500291,500017,3012888,,2021-05-08,32856,90,,8876,60,85,mmHg,90.0
502297,500291,500017,3025315,,2021-05-08,32856,74.6,,9529,45,90,kg,74.6
502298,500291,500017,3038553,,2021-05-08,32856,26.7,,9531,18.5,25,kg/m2,26.7
502299,500292,500017,3004410,,2021-08-11,32856,5.7,,8554,4,5.6,%,5.7
502300,500292,500017,3004501,,2021-08-11,32856,80,,8840,70,99,mg/dL,80.0
502301,500292,500017,3004249,,2021-08-11,32856,146,,8876,90,130,mmHg,146.0
502302,500292,500017,3012888,,2021-08-11,32856,85,,8876,60,85,mmHg,85.0
502303,500292,500017,3025315,,2021-08-11,32856,74.2,,9529,45,90,kg,74.2
502304,500292,500017,3038553,,2021-08-11,32856,26.5,,9531,18.5,25,kg/m2,26.5
502305,500292,500017,3022192,,2021-08-11,32856,113.6,,8840,0,150,mg/dL,113.6
502306,500292,500017,3007070,,2021-08-11,32856,42.4,,8840,40,60,mg/dL,42.4
502307,500292,500017,3028437,,2021-08-11,32856,66.7,,8840,0,130,mg/dL,66.7
502308,500292,500017,3013721,,2021-08-11,32856,24.3,,8645,0,40,U/L,24.3
502309,500292,500017,3006923,,2021-08-11,32856,57.7,,8645,0,40,U/L,57.7
502310,500292,500017,3016723,,2021-08-11,32856,0.78,,8840,0.6,1.2,mg/dL,0.78
502311,500292,500017,3049187,,2021-08-11,32856,69.9,,9550,90,130,mL/min/1.73m2,69.9
502312,500293,500017,3004410,,2021-11-12,32856,5.5,,8554,4,5.6,%,5.5
502313,500293,500017,3004501,,2021-11-12,32856,82,,8840,70,99,mg/dL,82.0
502314,500293,500017,3004249,,2021-11-12,32856,123,,8876,90,130,mmHg,123.0
502315,500293,500017,3012888,,2021-11-12,32856,84,,8876,60,85,mmHg,84.0
502316,500293,500017,3025315,,2021-11-12,32856,73.9,,9529,45,90,kg,73.9
502317,500293,500017,3038553,,2021-11-12,32856,26.4,,9531,18.5,25,kg/m2,26.4
502318,500294,500017,3004410,,2022-02-08,32856,5.4,,8554,4,5.6,%,5.4
502319,500294,500017,3004501,,2022-02-08,32856,104,,8840,70,99,mg/dL,104.0
502320,500294,500017,3004249,,2022-02-08,32856,124,,8876,90,130,mmHg,124.0
502321,500294,500017,3012888,,2022-02-08,32856,75,,8876,60,85,mmHg,75.0
502322,500294,500017,3025315,,2022-02-08,32856,73.4,,9529,45,90,kg,73.4
502323,500294,500017,3038553,,2022-02-08,32856,26.3,,9531,18.5,25,kg/m2,26.3
502324,500295,500017,3004410,,2022-05-11,32856,5,,8554,4,5.6,%,5.0
502325,500295,500017,3004501,,2022-05-11,32856,88,,8840,70,99,mg/dL,88.0
502326,500295,500017,3004249,,2022-05-11,32856,131,,8876,90,130,mmHg,131.0
502327,500295,500017,3012888,,2022-05-11,32856,91,,8876,60,85,mmHg,91.0
502328,500295,500017,3025315,,2022-05-11,32856,76,,9529,45,90,kg,76.0
502329,500295,500017,3038553,,2022-05-11,32856,27.2,,9531,18.5,25,kg/m2,27.2
502330,500296,500017,3004410,,2022-08-14,32856,5.2,,8554,4,5.6,%,5.2
502331,500296,500017,3004501,,2022-08-14,32856,102,,8840,70,99,mg/dL,102.0
502332,500296,500017,3004249,,2022-08-14,32856,127,,8876,90,130,mmHg,127.0
502333,500296,500017,3012888,,2022-08-14,32856,90,,8876,60,85,mmHg,90.0
502334,500296,500017,3025315,,2022-08-14,32856,74.8,,9529,45,90,kg,74.8
502335,500296,500017,3038553,,2022-08-14,32856,26.8,,9531,18.5,25,kg/m2,26.8
502336,500296,500017,3022192,,2022-08-14,32856,129.1,,8840,0,150,mg/dL,129.1
502337,500296,500017,3007070,,2022-08-14,32856,56.8,,8840,40,60,mg/dL,56.8
502338,500296,500017,3028437,,2022-08-14,32856,61.8,,8840,0,130,mg/dL,61.8
502339,500296,500017,3013721,,2022-08-14,32856,63.3,,8645,0,40,U/L,63.3
502340,500296,500017,3006923,,2022-08-14,32856,58.2,,8645,0,40,U/L,58.2
502341,500296,500017,3016723,,2022-08-14,32856,0.49,,8840,0.6,1.2,mg/dL,0.49
502342,500296,500017,3049187,,2022-08-14,32856,90.6,,9550,90,130,mL/min/1.73m2,90.6
502343,500297,500017,3004410,,2022-11-11,32856,5.2,,8554,4,5.6,%,5.2
502344,500297,500017,3004501,,2022-11-11,32856,83,,8840,70,99,mg/dL,83.0
502345,500297,500017,3004249,,2022-11-11,32856,123,,8876,90,130,mmHg,123.0
502346,500297,500017,3012888,,2022-11-11,32856,92,,8876,60,85,mmHg,92.0
502347,500297,500017,3025315,,2022-11-11,32856,76.2,,9529,45,90,kg,76.2
502348,500297,500017,3038553,,2022-11-11,32856,27.3,,9531,18.5,25,kg/m2,27.3
502349,500298,500018,3036277,,2023-04-08,32856,156.6,,8582,150,185,cm,156.6
502350,500298,500018,3004410,,2023-04-08,32856,6.9,,8554,4,5.6,%,6.9
502351,500298,500018,3004501,,2023-04-08,32856,147,,8840,70,99,mg/dL,147.0
502352,500298,500018,3004249,,2023-04-08,32856,121,,8876,90,130,mmHg,121.0
502353,500298,500018,3012888,,2023-04-08,32856,65,,8876,60,85,mmHg,65.0
502354,500298,500018,3025315,,2023-04-08,32856,79.5,,9529,45,90,kg,79.5
502355,500298,500018,3038553,,2023-04-08,32856,32.4,,9531,18.5,25,kg/m2,32.4
502356,500298,500018,3022192,,2023-04-08,32856,61.4,,8840,0,150,mg/dL,61.4
502357,500298,500018,3007070,,2023-04-08,32856,65,,8840,40,60,mg/dL,65.0
502358,500298,500018,3028437,,2023-04-08,32856,147.5,,8840,0,130,mg/dL,147.5
502359,500298,500018,3013721,,2023-04-08,32856,60.2,,8645,0,40,U/L,60.2
502360,500298,500018,3006923,,2023-04-08,32856,53.3,,8645,0,40,U/L,53.3
502361,500298,500018,3016723,,2023-04-08,32856,0.85,,8840,0.6,1.2,mg/dL,0.85
502362,500298,500018,3049187,,2023-04-08,32856,96.6,,9550,90,130,mL/min/1.73m2,96.6
502363,500299,500018,3004410,,2023-07-03,32856,6.5,,8554,4,5.6,%,6.5
502364,500299,500018,3004501,,2023-07-03,32856,125,,8840,70,99,mg/dL,125.0
502365,500299,500018,3004249,,2023-07-03,32856,119,,8876,90,130,mmHg,119.0
502366,500299,500018,3012888,,2023-07-03,32856,73,,8876,60,85,mmHg,73.0
502367,500299,500018,3025315,,2023-07-03,32856,80.1,,9529,45,90,kg,80.1
502368,500299,500018,3038553,,2023-07-03,32856,32.7,,9531,18.5,25,kg/m2,32.7
502369,500300,500018,3004410,,2023-10-06,32856,6,,8554,4,5.6,%,6.0
502370,500300,500018,3004501,,2023-10-06,32856,111,,8840,70,99,mg/dL,111.0
502371,500300,500018,3004249,,2023-10-06,32856,136,,8876,90,130,mmHg,136.0
502372,500300,500018,3012888,,2023-10-06,32856,78,,8876,60,85,mmHg,78.0
502373,500300,500018,3025315,,2023-10-06,32856,81,,9529,45,90,kg,81.0
502374,500300,500018,3038553,,2023-10-06,32856,33,,9531,18.5,25,kg/m2,33.0
502375,500301,500018,3004410,,2024-01-07,32856,6.4,,8554,4,5.6,%,6.4
502376,500301,500018,3004501,,2024-01-07,32856,78,,8840,70,99,mg/dL,78.0
502377,500301,500018,3004249,,2024-01-07,32856,143,,8876,90,130,mmHg,143.0
502378,500301,500018,3012888,,2024-01-07,32856,79,,8876,60,85,mmHg,79.0
502379,500301,500018,3025315,,2024-01-07,32856,80.9,,9529,45,90,kg,80.9
502380,500301,500018,3038553,,2024-01-07,32856,33,,9531,18.5,25,kg/m2,33.0
502381,500302,500018,3004410,,2024-04-02,32856,6,,8554,4,5.6,%,6.0
502382,500302,500018,3004501,,2024-04-02,32856,106,,8840,70,99,mg/dL,106.0
502383,500302,500018,3004249,,2024-04-02,32856,116,,8876,90,130,mmHg,116.0
502384,500302,500018,3012888,,2024-04-02,32856,80,,8876,60,85,mmHg,80.0
502385,500302,500018,3025315,,2024-04-02,32856,80.3,,9529,45,90,kg,80.3
502386,500302,500018,3038553,,2024-04-02,32856,32.7,,9531,18.5,25,kg/m2,32.7
502387,500302,500018,3022192,,2024-04-02,32856,157.2,,8840,0,150,mg/dL,157.2
502388,500302,500018,3007070,,2024-04-02,32856,47.2,,8840,40,60,mg/dL,47.2
502389,500302,500018,3028437,,2024-04-02,32856,96.3,,8840,0,130,mg/dL,96.3
502390,500302,500018,3013721,,2024-04-02,32856,40.1,,8645,0,40,U/L,40.1
502391,500302,500018,3006923,,2024-04-02,32856,35.2,,8645,0,40,U/L,35.2
502392,500302,500018,3016723,,2024-04-02,32856,0.7,,8840,0.6,1.2,mg/dL,0.7
502393,500302,500018,3049187,,2024-04-02,32856,110.5,,9550,90,130,mL/min/1.73m2,110.5
502394,500303,500018,3004410,,2024-07-09,32856,6.3,,8554,4,5.6,%,6.3
502395,500303,500018,3004501,,2024-07-09,32856,124,,8840,70,99,mg/dL,124.0
502396,500303,500018,3004249,,2024-07-09,32856,129,,8876,90,130,mmHg,129.0
502397,500303,500018,3012888,,2024-07-09,32856,80,,8876,60,85,mmHg,80.0
502398,500303,500018,3025315,,2024-07-09,32856,80.3,,9529,45,90,kg,80.3
502399,500303,500018,3038553,,2024-07-09,32856,32.7,,9531,18.5,25,kg/m2,32.7
502400,500304,500018,3004410,,2024-10-01,32856,6.9,,8554,4,5.6,%,6.9
502401,500304,500018,3004501,,2024-10-01,32856,128,,8840,70,99,mg/dL,128.0
502402,500304,500018,3004249,,2024-10-01,32856,118,,8876,90,130,mmHg,118.0
502403,500304,500018,3012888,,2024-10-01,32856,70,,8876,60,85,mmHg,70.0
502404,500304,500018,3025315,,2024-10-01,32856,82,,9529,45,90,kg,82.0
502405,500304,500018,3038553,,2024-10-01,32856,33.4,,9531,18.5,25,kg/m2,33.4
502406,500305,500018,3004410,,2025-01-03,32856,6.6,,8554,4,5.6,%,6.6
502407,500305,500018,3004501,,2025-01-03,32856,109,,8840,70,99,mg/dL,109.0
502408,500305,500018,3004249,,2025-01-03,32856,108,,8876,90,130,mmHg,108.0
502409,500305,500018,3012888,,2025-01-03,32856,65,,8876,60,85,mmHg,65.0
502410,500305,500018,3025315,,2025-01-03,32856,82.3,,9529,45,90,kg,82.3
502411,500305,500018,3038553,,2025-01-03,32856,33.6,,9531,18.5,25,kg/m2,33.6
502412,500306,500018,3004410,,2025-04-03,32856,6.7,,8554,4,5.6,%,6.7
502413,500306,500018,3004501,,2025-04-03,32856,151,,8840,70,99,mg/dL,151.0
502414,500306,500018,3004249,,2025-04-03,32856,134,,8876,90,130,mmHg,134.0
502415,500306,500018,3012888,,2025-04-03,32856,79,,8876,60,85,mmHg,79.0
502416,500306,500018,3025315,,2025-04-03,32856,82.9,,9529,45,90,kg,82.9
502417,500306,500018,3038553,,2025-04-03,32856,33.8,,9531,18.5,25,kg/m2,33.8
502418,500306,500018,3022192,,2025-04-03,32856,283.7,,8840,0,150,mg/dL,283.7
502419,500306,500018,3007070,,2025-04-03,32856,50.8,,8840,40,60,mg/dL,50.8
502420,500306,500018,3028437,,2025-04-03,32856,112.9,,8840,0,130,mg/dL,112.9
502421,500306,500018,3013721,,2025-04-03,32856,32.5,,8645,0,40,U/L,32.5
502422,500306,500018,3006923,,2025-04-03,32856,23.3,,8645,0,40,U/L,23.3
502423,500306,500018,3016723,,2025-04-03,32856,0.93,,8840,0.6,1.2,mg/dL,0.93
502424,500306,500018,3049187,,2025-04-03,32856,85.1,,9550,90,130,mL/min/1.73m2,85.1
502425,500307,500018,3004410,,2025-07-01,32856,6.8,,8554,4,5.6,%,6.8
502426,500307,500018,3004501,,2025-07-01,32856,160,,8840,70,99,mg/dL,160.0
502427,500307,500018,3004249,,2025-07-01,32856,125,,8876,90,130,mmHg,125.0
502428,500307,500018,3012888,,2025-07-01,32856,71,,8876,60,85,mmHg,71.0
502429,500307,500018,3025315,,2025-07-01,32856,83,,9529,45,90,kg,83.0
502430,500307,500018,3038553,,2025-07-01,32856,33.8,,9531,18.5,25,kg/m2,33.8
502431,500308,500018,3004410,,2025-09-25,32856,6.5,,8554,4,5.6,%,6.5
502432,500308,500018,3004501,,2025-09-25,32856,144,,8840,70,99,mg/dL,144.0
502433,500308,500018,3004249,,2025-09-25,32856,144,,8876,90,130,mmHg,144.0
502434,500308,500018,3012888,,2025-09-25,32856,74,,8876,60,85,mmHg,74.0
502435,500308,500018,3025315,,2025-09-25,32856,82.2,,9529,45,90,kg,82.2
502436,500308,500018,3038553,,2025-09-25,32856,33.5,,9531,18.5,25,kg/m2,33.5
502437,500309,500018,3004410,,2025-12-29,32856,5.9,,8554,4,5.6,%,5.9
502438,500309,500018,3004501,,2025-12-29,32856,94,,8840,70,99,mg/dL,94.0
502439,500309,500018,3004249,,2025-12-29,32856,127,,8876,90,130,mmHg,127.0
502440,500309,500018,3012888,,2025-12-29,32856,73,,8876,60,85,mmHg,73.0
502441,500309,500018,3025315,,2025-12-29,32856,81.9,,9529,45,90,kg,81.9
502442,500309,500018,3038553,,2025-12-29,32856,33.4,,9531,18.5,25,kg/m2,33.4
502443,500310,500018,3004410,,2026-03-24,32856,7,,8554,4,5.6,%,7.0
502444,500310,500018,3004501,,2026-03-24,32856,141,,8840,70,99,mg/dL,141.0
502445,500310,500018,3004249,,2026-03-24,32856,115,,8876,90,130,mmHg,115.0
502446,500310,500018,3012888,,2026-03-24,32856,72,,8876,60,85,mmHg,72.0
502447,500310,500018,3025315,,2026-03-24,32856,83.1,,9529,45,90,kg,83.1
502448,500310,500018,3038553,,2026-03-24,32856,33.9,,9531,18.5,25,kg/m2,33.9
502449,500310,500018,3022192,,2026-03-24,32856,238.6,,8840,0,150,mg/dL,238.6
502450,500310,500018,3007070,,2026-03-24,32856,57.8,,8840,40,60,mg/dL,57.8
502451,500310,500018,3028437,,2026-03-24,32856,56,,8840,0,130,mg/dL,56.0
502452,500310,500018,3013721,,2026-03-24,32856,54.4,,8645,0,40,U/L,54.4
502453,500310,500018,3006923,,2026-03-24,32856,55.5,,8645,0,40,U/L,55.5
502454,500310,500018,3016723,,2026-03-24,32856,0.55,,8840,0.6,1.2,mg/dL,0.55
502455,500310,500018,3049187,,2026-03-24,32856,72.4,,9550,90,130,mL/min/1.73m2,72.4
502456,500311,500018,3004410,,2026-06-19,32856,6.7,,8554,4,5.6,%,6.7
502457,500311,500018,3004501,,2026-06-19,32856,109,,8840,70,99,mg/dL,109.0
502458,500311,500018,3004249,,2026-06-19,32856,120,,8876,90,130,mmHg,120.0
502459,500311,500018,3012888,,2026-06-19,32856,85,,8876,60,85,mmHg,85.0
502460,500311,500018,3025315,,2026-06-19,32856,83.2,,9529,45,90,kg,83.2
502461,500311,500018,3038553,,2026-06-19,32856,33.9,,9531,18.5,25,kg/m2,33.9
502462,500312,500019,3036277,,2021-11-05,32856,165.2,,8582,150,185,cm,165.2
502463,500312,500019,3004410,,2021-11-05,32856,6.8,,8554,4,5.6,%,6.8
502464,500312,500019,3004501,,2021-11-05,32856,135,,8840,70,99,mg/dL,135.0
502465,500312,500019,3004249,,2021-11-05,32856,130,,8876,90,130,mmHg,130.0
502466,500312,500019,3012888,,2021-11-05,32856,81,,8876,60,85,mmHg,81.0
502467,500312,500019,3025315,,2021-11-05,32856,85.7,,9529,45,90,kg,85.7
502468,500312,500019,3038553,,2021-11-05,32856,31.4,,9531,18.5,25,kg/m2,31.4
502469,500312,500019,3022192,,2021-11-05,32856,109.2,,8840,0,150,mg/dL,109.2
502470,500312,500019,3007070,,2021-11-05,32856,51.4,,8840,40,60,mg/dL,51.4
502471,500312,500019,3028437,,2021-11-05,32856,136.2,,8840,0,130,mg/dL,136.2
502472,500312,500019,3013721,,2021-11-05,32856,40.7,,8645,0,40,U/L,40.7
502473,500312,500019,3006923,,2021-11-05,32856,66.7,,8645,0,40,U/L,66.7
502474,500312,500019,3016723,,2021-11-05,32856,0.76,,8840,0.6,1.2,mg/dL,0.76
502475,500312,500019,3049187,,2021-11-05,32856,67.7,,9550,90,130,mL/min/1.73m2,67.7
502476,500313,500019,3004410,,2022-02-05,32856,6.6,,8554,4,5.6,%,6.6
502477,500313,500019,3004501,,2022-02-05,32856,117,,8840,70,99,mg/dL,117.0
502478,500313,500019,3004249,,2022-02-05,32856,122,,8876,90,130,mmHg,122.0
502479,500313,500019,3012888,,2022-02-05,32856,78,,8876,60,85,mmHg,78.0
502480,500313,500019,3025315,,2022-02-05,32856,85.9,,9529,45,90,kg,85.9
502481,500313,500019,3038553,,2022-02-05,32856,31.5,,9531,18.5,25,kg/m2,31.5
502482,500314,500019,3004410,,2022-05-06,32856,6.8,,8554,4,5.6,%,6.8
502483,500314,500019,3004501,,2022-05-06,32856,137,,8840,70,99,mg/dL,137.0
502484,500314,500019,3004249,,2022-05-06,32856,132,,8876,90,130,mmHg,132.0
502485,500314,500019,3012888,,2022-05-06,32856,76,,8876,60,85,mmHg,76.0
502486,500314,500019,3025315,,2022-05-06,32856,85.4,,9529,45,90,kg,85.4
502487,500314,500019,3038553,,2022-05-06,32856,31.3,,9531,18.5,25,kg/m2,31.3
502488,500315,500019,3004410,,2022-08-04,32856,6.5,,8554,4,5.6,%,6.5
502489,500315,500019,3004501,,2022-08-04,32856,131,,8840,70,99,mg/dL,131.0
502490,500315,500019,3004249,,2022-08-04,32856,109,,8876,90,130,mmHg,109.0
502491,500315,500019,3012888,,2022-08-04,32856,91,,8876,60,85,mmHg,91.0
502492,500315,500019,3025315,,2022-08-04,32856,86.2,,9529,45,90,kg,86.2
502493,500315,500019,3038553,,2022-08-04,32856,31.6,,9531,18.5,25,kg/m2,31.6
502494,500316,500019,3004410,,2022-11-09,32856,5.9,,8554,4,5.6,%,5.9
502495,500316,500019,3004501,,2022-11-09,32856,93,,8840,70,99,mg/dL,93.0
502496,500316,500019,3004249,,2022-11-09,32856,142,,8876,90,130,mmHg,142.0
502497,500316,500019,3012888,,2022-11-09,32856,63,,8876,60,85,mmHg,63.0
502498,500316,500019,3025315,,2022-11-09,32856,85.3,,9529,45,90,kg,85.3
502499,500316,500019,3038553,,2022-11-09,32856,31.3,,9531,18.5,25,kg/m2,31.3
502500,500316,500019,3022192,,2022-11-09,32856,199.6,,8840,0,150,mg/dL,199.6
502501,500316,500019,3007070,,2022-11-09,32856,38,,8840,40,60,mg/dL,38.0
502502,500316,500019,3028437,,2022-11-09,32856,93.1,,8840,0,130,mg/dL,93.1
502503,500316,500019,3013721,,2022-11-09,32856,27.8,,8645,0,40,U/L,27.8
502504,500316,500019,3006923,,2022-11-09,32856,49.5,,8645,0,40,U/L,49.5
502505,500316,500019,3016723,,2022-11-09,32856,0.9,,8840,0.6,1.2,mg/dL,0.9
502506,500316,500019,3049187,,2022-11-09,32856,86.4,,9550,90,130,mL/min/1.73m2,86.4
502507,500317,500019,3004410,,2023-02-10,32856,6.3,,8554,4,5.6,%,6.3
502508,500317,500019,3004501,,2023-02-10,32856,116,,8840,70,99,mg/dL,116.0
502509,500317,500019,3004249,,2023-02-10,32856,131,,8876,90,130,mmHg,131.0
502510,500317,500019,3012888,,2023-02-10,32856,77,,8876,60,85,mmHg,77.0
502511,500317,500019,3025315,,2023-02-10,32856,85.8,,9529,45,90,kg,85.8
502512,500317,500019,3038553,,2023-02-10,32856,31.4,,9531,18.5,25,kg/m2,31.4
502513,500318,500019,3004410,,2023-05-07,32856,6.4,,8554,4,5.6,%,6.4
502514,500318,500019,3004501,,2023-05-07,32856,127,,8840,70,99,mg/dL,127.0
502515,500318,500019,3004249,,2023-05-07,32856,145,,8876,90,130,mmHg,145.0
502516,500318,500019,3012888,,2023-05-07,32856,76,,8876,60,85,mmHg,76.0
502517,500318,500019,3025315,,2023-05-07,32856,86.7,,9529,45,90,kg,86.7
502518,500318,500019,3038553,,2023-05-07,32856,31.8,,9531,18.5,25,kg/m2,31.8
502519,500319,500019,3004410,,2023-08-08,32856,6,,8554,4,5.6,%,6.0
502520,500319,500019,3004501,,2023-08-08,32856,100,,8840,70,99,mg/dL,100.0
502521,500319,500019,3004249,,2023-08-08,32856,124,,8876,90,130,mmHg,124.0
502522,500319,500019,3012888,,2023-08-08,32856,74,,8876,60,85,mmHg,74.0
502523,500319,500019,3025315,,2023-08-08,32856,86.6,,9529,45,90,kg,86.6
502524,500319,500019,3038553,,2023-08-08,32856,31.7,,9531,18.5,25,kg/m2,31.7
502525,500320,500019,3004410,,2023-11-05,32856,6.1,,8554,4,5.6,%,6.1
502526,500320,500019,3004501,,2023-11-05,32856,98,,8840,70,99,mg/dL,98.0
502527,500320,500019,3004249,,2023-11-05,32856,128,,8876,90,130,mmHg,128.0
502528,500320,500019,3012888,,2023-11-05,32856,85,,8876,60,85,mmHg,85.0
502529,500320,500019,3025315,,2023-11-05,32856,86.7,,9529,45,90,kg,86.7
502530,500320,500019,3038553,,2023-11-05,32856,31.8,,9531,18.5,25,kg/m2,31.8
502531,500320,500019,3022192,,2023-11-05,32856,103.3,,8840,0,150,mg/dL,103.3
502532,500320,500019,3007070,,2023-11-05,32856,25.7,,8840,40,60,mg/dL,25.7
502533,500320,500019,3028437,,2023-11-05,32856,127.5,,8840,0,130,mg/dL,127.5
502534,500320,500019,3013721,,2023-11-05,32856,15.1,,8645,0,40,U/L,15.1
502535,500320,500019,3006923,,2023-11-05,32856,52.2,,8645,0,40,U/L,52.2
502536,500320,500019,3016723,,2023-11-05,32856,0.52,,8840,0.6,1.2,mg/dL,0.52
502537,500320,500019,3049187,,2023-11-05,32856,105.3,,9550,90,130,mL/min/1.73m2,105.3
502538,500321,500019,3004410,,2024-02-11,32856,5.6,,8554,4,5.6,%,5.6
502539,500321,500019,3004501,,2024-02-11,32856,70,,8840,70,99,mg/dL,70.0
502540,500321,500019,3004249,,2024-02-11,32856,129,,8876,90,130,mmHg,129.0
502541,500321,500019,3012888,,2024-02-11,32856,67,,8876,60,85,mmHg,67.0
502542,500321,500019,3025315,,2024-02-11,32856,85.7,,9529,45,90,kg,85.7
502543,500321,500019,3038553,,2024-02-11,32856,31.4,,9531,18.5,25,kg/m2,31.4
502544,500322,500019,3004410,,2024-05-14,32856,5.6,,8554,4,5.6,%,5.6
502545,500322,500019,3004501,,2024-05-14,32856,120,,8840,70,99,mg/dL,120.0
502546,500322,500019,3004249,,2024-05-14,32856,105,,8876,90,130,mmHg,105.0
502547,500322,500019,3012888,,2024-05-14,32856,75,,8876,60,85,mmHg,75.0
502548,500322,500019,3025315,,2024-05-14,32856,85.2,,9529,45,90,kg,85.2
502549,500322,500019,3038553,,2024-05-14,32856,31.2,,9531,18.5,25,kg/m2,31.2
502550,500323,500019,3004410,,2024-08-15,32856,6.2,,8554,4,5.6,%,6.2
502551,500323,500019,3004501,,2024-08-15,32856,104,,8840,70,99,mg/dL,104.0
502552,500323,500019,3004249,,2024-08-15,32856,130,,8876,90,130,mmHg,130.0
502553,500323,500019,3012888,,2024-08-15,32856,73,,8876,60,85,mmHg,73.0
502554,500323,500019,3025315,,2024-08-15,32856,84,,9529,45,90,kg,84.0
502555,500323,500019,3038553,,2024-08-15,32856,30.8,,9531,18.5,25,kg/m2,30.8
502556,500324,500019,3004410,,2024-11-20,32856,6.8,,8554,4,5.6,%,6.8
502557,500324,500019,3004501,,2024-11-20,32856,113,,8840,70,99,mg/dL,113.0
502558,500324,500019,3004249,,2024-11-20,32856,139,,8876,90,130,mmHg,139.0
502559,500324,500019,3012888,,2024-11-20,32856,84,,8876,60,85,mmHg,84.0
502560,500324,500019,3025315,,2024-11-20,32856,84.6,,9529,45,90,kg,84.6
502561,500324,500019,3038553,,2024-11-20,32856,31,,9531,18.5,25,kg/m2,31.0
502562,500324,500019,3022192,,2024-11-20,32856,112.7,,8840,0,150,mg/dL,112.7
502563,500324,500019,3007070,,2024-11-20,32856,31.6,,8840,40,60,mg/dL,31.6
502564,500324,500019,3028437,,2024-11-20,32856,61.5,,8840,0,130,mg/dL,61.5
502565,500324,500019,3013721,,2024-11-20,32856,54.4,,8645,0,40,U/L,54.4
502566,500324,500019,3006923,,2024-11-20,32856,58.2,,8645,0,40,U/L,58.2
502567,500324,500019,3016723,,2024-11-20,32856,1.2,,8840,0.6,1.2,mg/dL,1.2
502568,500324,500019,3049187,,2024-11-20,32856,87.8,,9550,90,130,mL/min/1.73m2,87.8
502569,500325,500019,3004410,,2025-02-13,32856,6.1,,8554,4,5.6,%,6.1
502570,500325,500019,3004501,,2025-02-13,32856,112,,8840,70,99,mg/dL,112.0
502571,500325,500019,3004249,,2025-02-13,32856,128,,8876,90,130,mmHg,128.0
502572,500325,500019,3012888,,2025-02-13,32856,91,,8876,60,85,mmHg,91.0
502573,500325,500019,3025315,,2025-02-13,32856,84.8,,9529,45,90,kg,84.8
502574,500325,500019,3038553,,2025-02-13,32856,31.1,,9531,18.5,25,kg/m2,31.1
502575,500326,500019,3004410,,2025-05-14,32856,6.3,,8554,4,5.6,%,6.3
502576,500326,500019,3004501,,2025-05-14,32856,127,,8840,70,99,mg/dL,127.0
502577,500326,500019,3004249,,2025-05-14,32856,126,,8876,90,130,mmHg,126.0
502578,500326,500019,3012888,,2025-05-14,32856,61,,8876,60,85,mmHg,61.0
502579,500326,500019,3025315,,2025-05-14,32856,86.2,,9529,45,90,kg,86.2
502580,500326,500019,3038553,,2025-05-14,32856,31.6,,9531,18.5,25,kg/m2,31.6
502581,500327,500019,3004410,,2025-08-19,32856,6.5,,8554,4,5.6,%,6.5
502582,500327,500019,3004501,,2025-08-19,32856,99,,8840,70,99,mg/dL,99.0
502583,500327,500019,3004249,,2025-08-19,32856,120,,8876,90,130,mmHg,120.0
502584,500327,500019,3012888,,2025-08-19,32856,62,,8876,60,85,mmHg,62.0
502585,500327,500019,3025315,,2025-08-19,32856,85.2,,9529,45,90,kg,85.2
502586,500327,500019,3038553,,2025-08-19,32856,31.2,,9531,18.5,25,kg/m2,31.2
502587,500328,500019,3004410,,2025-11-14,32856,6.6,,8554,4,5.6,%,6.6
502588,500328,500019,3004501,,2025-11-14,32856,157,,8840,70,99,mg/dL,157.0
502589,500328,500019,3004249,,2025-11-14,32856,116,,8876,90,130,mmHg,116.0
502590,500328,500019,3012888,,2025-11-14,32856,89,,8876,60,85,mmHg,89.0
502591,500328,500019,3025315,,2025-11-14,32856,85.7,,9529,45,90,kg,85.7
502592,500328,500019,3038553,,2025-11-14,32856,31.4,,9531,18.5,25,kg/m2,31.4
502593,500328,500019,3022192,,2025-11-14,32856,178.6,,8840,0,150,mg/dL,178.6
502594,500328,500019,3007070,,2025-11-14,32856,30.5,,8840,40,60,mg/dL,30.5
502595,500328,500019,3028437,,2025-11-14,32856,130.2,,8840,0,130,mg/dL,130.2
502596,500328,500019,3013721,,2025-11-14,32856,61,,8645,0,40,U/L,61.0
502597,500328,500019,3006923,,2025-11-14,32856,20.9,,8645,0,40,U/L,20.9
502598,500328,500019,3016723,,2025-11-14,32856,0.94,,8840,0.6,1.2,mg/dL,0.94
502599,500328,500019,3049187,,2025-11-14,32856,71.2,,9550,90,130,mL/min/1.73m2,71.2
502600,500329,500019,3004410,,2026-02-12,32856,6.5,,8554,4,5.6,%,6.5
502601,500329,500019,3004501,,2026-02-12,32856,112,,8840,70,99,mg/dL,112.0
502602,500329,500019,3004249,,2026-02-12,32856,120,,8876,90,130,mmHg,120.0
502603,500329,500019,3012888,,2026-02-12,32856,81,,8876,60,85,mmHg,81.0
502604,500329,500019,3025315,,2026-02-12,32856,84.5,,9529,45,90,kg,84.5
502605,500329,500019,3038553,,2026-02-12,32856,31,,9531,18.5,25,kg/m2,31.0
502606,500330,500019,3004410,,2026-05-17,32856,6.7,,8554,4,5.6,%,6.7
502607,500330,500019,3004501,,2026-05-17,32856,98,,8840,70,99,mg/dL,98.0
502608,500330,500019,3004249,,2026-05-17,32856,108,,8876,90,130,mmHg,108.0
502609,500330,500019,3012888,,2026-05-17,32856,71,,8876,60,85,mmHg,71.0
502610,500330,500019,3025315,,2026-05-17,32856,84.6,,9529,45,90,kg,84.6
502611,500330,500019,3038553,,2026-05-17,32856,31,,9531,18.5,25,kg/m2,31.0
502612,500331,500019,3004410,,2026-08-15,32856,6.6,,8554,4,5.6,%,6.6
502613,500331,500019,3004501,,2026-08-15,32856,105,,8840,70,99,mg/dL,105.0
502614,500331,500019,3004249,,2026-08-15,32856,133,,8876,90,130,mmHg,133.0
502615,500331,500019,3012888,,2026-08-15,32856,70,,8876,60,85,mmHg,70.0
502616,500331,500019,3025315,,2026-08-15,32856,83,,9529,45,90,kg,83.0
502617,500331,500019,3038553,,2026-08-15,32856,30.4,,9531,18.5,25,kg/m2,30.4
502618,500332,500020,3036277,,2023-04-22,32856,172.4,,8582,150,185,cm,172.4
502619,500332,500020,3004410,,2023-04-22,32856,7.8,,8554,4,5.6,%,7.8
502620,500332,500020,3004501,,2023-04-22,32856,175,,8840,70,99,mg/dL,175.0
502621,500332,500020,3004249,,2023-04-22,32856,129,,8876,90,130,mmHg,129.0
502622,500332,500020,3012888,,2023-04-22,32856,70,,8876,60,85,mmHg,70.0
502623,500332,500020,3025315,,2023-04-22,32856,78.8,,9529,45,90,kg,78.8
502624,500332,500020,3038553,,2023-04-22,32856,26.5,,9531,18.5,25,kg/m2,26.5
502625,500332,500020,3022192,,2023-04-22,32856,262.7,,8840,0,150,mg/dL,262.7
502626,500332,500020,3007070,,2023-04-22,32856,45.3,,8840,40,60,mg/dL,45.3
502627,500332,500020,3028437,,2023-04-22,32856,86,,8840,0,130,mg/dL,86.0
502628,500332,500020,3013721,,2023-04-22,32856,59.7,,8645,0,40,U/L,59.7
502629,500332,500020,3006923,,2023-04-22,32856,20.3,,8645,0,40,U/L,20.3
502630,500332,500020,3016723,,2023-04-22,32856,1.05,,8840,0.6,1.2,mg/dL,1.05
502631,500332,500020,3049187,,2023-04-22,32856,95.4,,9550,90,130,mL/min/1.73m2,95.4
502632,500333,500020,3004410,,2023-07-19,32856,7.8,,8554,4,5.6,%,7.8
502633,500333,500020,3004501,,2023-07-19,32856,162,,8840,70,99,mg/dL,162.0
502634,500333,500020,3004249,,2023-07-19,32856,99,,8876,90,130,mmHg,99.0
502635,500333,500020,3012888,,2023-07-19,32856,81,,8876,60,85,mmHg,81.0
502636,500333,500020,3025315,,2023-07-19,32856,78,,9529,45,90,kg,78.0
502637,500333,500020,3038553,,2023-07-19,32856,26.2,,9531,18.5,25,kg/m2,26.2
502638,500334,500020,3004410,,2023-10-20,32856,7.2,,8554,4,5.6,%,7.2
502639,500334,500020,3004501,,2023-10-20,32856,137,,8840,70,99,mg/dL,137.0
502640,500334,500020,3004249,,2023-10-20,32856,106,,8876,90,130,mmHg,106.0
502641,500334,500020,3012888,,2023-10-20,32856,68,,8876,60,85,mmHg,68.0
502642,500334,500020,3025315,,2023-10-20,32856,78.6,,9529,45,90,kg,78.6
502643,500334,500020,3038553,,2023-10-20,32856,26.4,,9531,18.5,25,kg/m2,26.4
502644,500335,500020,3004410,,2024-01-23,32856,7.2,,8554,4,5.6,%,7.2
502645,500335,500020,3004501,,2024-01-23,32856,139,,8840,70,99,mg/dL,139.0
502646,500335,500020,3004249,,2024-01-23,32856,120,,8876,90,130,mmHg,120.0
502647,500335,500020,3012888,,2024-01-23,32856,83,,8876,60,85,mmHg,83.0
502648,500335,500020,3025315,,2024-01-23,32856,80.3,,9529,45,90,kg,80.3
502649,500335,500020,3038553,,2024-01-23,32856,27,,9531,18.5,25,kg/m2,27.0
502650,500336,500020,3004410,,2024-04-17,32856,7.1,,8554,4,5.6,%,7.1
502651,500336,500020,3004501,,2024-04-17,32856,90,,8840,70,99,mg/dL,90.0
502652,500336,500020,3004249,,2024-04-17,32856,100,,8876,90,130,mmHg,100.0
502653,500336,500020,3012888,,2024-04-17,32856,77,,8876,60,85,mmHg,77.0
502654,500336,500020,3025315,,2024-04-17,32856,81.7,,9529,45,90,kg,81.7
502655,500336,500020,3038553,,2024-04-17,32856,27.5,,9531,18.5,25,kg/m2,27.5
502656,500336,500020,3022192,,2024-04-17,32856,172.9,,8840,0,150,mg/dL,172.9
502657,500336,500020,3007070,,2024-04-17,32856,42.1,,8840,40,60,mg/dL,42.1
502658,500336,500020,3028437,,2024-04-17,32856,169.1,,8840,0,130,mg/dL,169.1
502659,500336,500020,3013721,,2024-04-17,32856,58.9,,8645,0,40,U/L,58.9
502660,500336,500020,3006923,,2024-04-17,32856,101.9,,8645,0,40,U/L,101.9
502661,500336,500020,3016723,,2024-04-17,32856,1.11,,8840,0.6,1.2,mg/dL,1.11
502662,500336,500020,3049187,,2024-04-17,32856,54.7,,9550,90,130,mL/min/1.73m2,54.7
502663,500337,500020,3004410,,2024-07-15,32856,6.9,,8554,4,5.6,%,6.9
502664,500337,500020,3004501,,2024-07-15,32856,116,,8840,70,99,mg/dL,116.0
502665,500337,500020,3004249,,2024-07-15,32856,124,,8876,90,130,mmHg,124.0
502666,500337,500020,3012888,,2024-07-15,32856,62,,8876,60,85,mmHg,62.0
502667,500337,500020,3025315,,2024-07-15,32856,82.5,,9529,45,90,kg,82.5
502668,500337,500020,3038553,,2024-07-15,32856,27.8,,9531,18.5,25,kg/m2,27.8
502669,500338,500020,3004410,,2024-10-11,32856,6.7,,8554,4,5.6,%,6.7
502670,500338,500020,3004501,,2024-10-11,32856,131,,8840,70,99,mg/dL,131.0
502671,500338,500020,3004249,,2024-10-11,32856,111,,8876,90,130,mmHg,111.0
502672,500338,500020,3012888,,2024-10-11,32856,78,,8876,60,85,mmHg,78.0
502673,500338,500020,3025315,,2024-10-11,32856,81.8,,9529,45,90,kg,81.8
502674,500338,500020,3038553,,2024-10-11,32856,27.5,,9531,18.5,25,kg/m2,27.5
502675,500339,500020,3004410,,2025-01-16,32856,6.4,,8554,4,5.6,%,6.4
502676,500339,500020,3004501,,2025-01-16,32856,130,,8840,70,99,mg/dL,130.0
502677,500339,500020,3004249,,2025-01-16,32856,127,,8876,90,130,mmHg,127.0
502678,500339,500020,3012888,,2025-01-16,32856,84,,8876,60,85,mmHg,84.0
502679,500339,500020,3025315,,2025-01-16,32856,82.8,,9529,45,90,kg,82.8
502680,500339,500020,3038553,,2025-01-16,32856,27.9,,9531,18.5,25,kg/m2,27.9
502681,500340,500020,3004410,,2025-04-20,32856,7,,8554,4,5.6,%,7.0
502682,500340,500020,3004501,,2025-04-20,32856,120,,8840,70,99,mg/dL,120.0
502683,500340,500020,3004249,,2025-04-20,32856,97,,8876,90,130,mmHg,97.0
502684,500340,500020,3012888,,2025-04-20,32856,81,,8876,60,85,mmHg,81.0
502685,500340,500020,3025315,,2025-04-20,32856,84.2,,9529,45,90,kg,84.2
502686,500340,500020,3038553,,2025-04-20,32856,28.3,,9531,18.5,25,kg/m2,28.3
502687,500340,500020,3022192,,2025-04-20,32856,241.5,,8840,250.0,150,mg/dL,241.5
502688,500340,500020,3007070,,2025-04-20,32856,42.8,,8840,40,60,mg/dL,42.8
502689,500340,500020,3028437,,2025-04-20,32856,45.6,,8840,0,130,mg/dL,45.6
502690,500340,500020,3013721,,2025-04-20,32856,26.6,,8645,0,40,U/L,26.6
502691,500340,500020,3006923,,2025-04-20,32856,25.8,,8645,0,40,U/L,25.8
502692,500340,500020,3016723,,2025-04-20,32856,0.94,,8840,0.6,1.2,mg/dL,0.94
502693,500340,500020,3049187,,2025-04-20,32856,129.5,,9550,90,130,mL/min/1.73m2,129.5
502694,500341,500020,3004410,,2025-07-24,32856,7.2,,8554,4,5.6,%,7.2
502695,500341,500020,3004501,,2025-07-24,32856,107,,8840,70,99,mg/dL,107.0
502696,500341,500020,3004249,,2025-07-24,32856,130,,8876,90,130,mmHg,130.0
502697,500341,500020,3012888,,2025-07-24,32856,71,,8876,60,85,mmHg,71.0
502698,500341,500020,3025315,,2025-07-24,32856,83.5,,9529,45,90,kg,83.5
502699,500341,500020,3038553,,2025-07-24,32856,28.1,,9531,18.5,25,kg/m2,28.1
502700,500342,500020,3004410,,2025-10-26,32856,6.8,,8554,4,5.6,%,6.8
502701,500342,500020,3004501,,2025-10-26,32856,129,,8840,70,99,mg/dL,129.0
502702,500342,500020,3004249,,2025-10-26,32856,136,,8876,90,130,mmHg,136.0
502703,500342,500020,3012888,,2025-10-26,32856,72,,8876,60,85,mmHg,72.0
502704,500342,500020,3025315,,2025-10-26,32856,81.8,,9529,45,90,kg,81.8
502705,500342,500020,3038553,,2025-10-26,32856,27.5,,9531,18.5,25,kg/m2,27.5
502706,500343,500020,3004410,,2026-01-22,32856,7,,8554,4,5.6,%,7.0
502707,500343,500020,3004501,,2026-01-22,32856,117,,8840,70,99,mg/dL,117.0
502708,500343,500020,3004249,,2026-01-22,32856,142,,8876,90,130,mmHg,142.0
502709,500343,500020,3012888,,2026-01-22,32856,77,,8876,60,85,mmHg,77.0
502710,500343,500020,3025315,,2026-01-22,32856,81.3,,9529,45,90,kg,81.3
502711,500343,500020,3038553,,2026-01-22,32856,27.4,,9531,18.5,25,kg/m2,27.4
502712,500344,500020,3004410,,2026-04-26,32856,6.8,,8554,4,5.6,%,6.8
502713,500344,500020,3004501,,2026-04-26,32856,118,,8840,70,99,mg/dL,118.0
502714,500344,500020,3004249,,2026-04-26,32856,143,,8876,90,130,mmHg,143.0
502715,500344,500020,3012888,,2026-04-26,32856,76,,8876,60,85,mmHg,76.0
502716,500344,500020,3025315,,2026-04-26,32856,79.4,,9529,45,90,kg,79.4
502717,500344,500020,3038553,,2026-04-26,32856,26.7,,9531,18.5,25,kg/m2,26.7
502718,500344,500020,3022192,,2026-04-26,32856,200.2,,8840,0,150,mg/dL,200.2
502719,500344,500020,3007070,,2026-04-26,32856,38.9,,8840,40,60,mg/dL,38.9
502720,500344,500020,3028437,,2026-04-26,32856,114.2,,8840,0,130,mg/dL,114.2
502721,500344,500020,3013721,,2026-04-26,32856,81,,8645,0,40,U/L,81.0
502722,500344,500020,3006923,,2026-04-26,32856,32.7,,8645,0,40,U/L,32.7
502723,500344,500020,3016723,,2026-04-26,32856,1.25,,8840,0.6,1.2,mg/dL,1.25
502724,500344,500020,3049187,,2026-04-26,32856,110.3,,9550,90,130,mL/min/1.73m2,110.3
502725,500345,500020,3004410,,2026-07-22,32856,7.4,,8554,4,5.6,%,7.4
502726,500345,500020,3004501,,2026-07-22,32856,151,,8840,70,99,mg/dL,151.0
502727,500345,500020,3004249,,2026-07-22,32856,136,,8876,90,130,mmHg,136.0
502728,500345,500020,3012888,,2026-07-22,32856,84,,8876,60,85,mmHg,84.0
502729,500345,500020,3025315,,2026-07-22,32856,79.1,,9529,45,90,kg,79.1
502730,500345,500020,3038553,,2026-07-22,32856,26.6,,9531,18.5,25,kg/m2,26.6
502731,500346,500021,3036277,,2023-12-15,32856,158.6,,8582,150,185,cm,158.6
502732,500346,500021,3004410,,2023-12-15,32856,7.5,,8554,4,5.6,%,7.5
502733,500346,500021,3004501,,2023-12-15,32856,144,,8840,70,99,mg/dL,144.0
502734,500346,500021,3004249,,2023-12-15,32856,151,,8876,90,130,mmHg,151.0
502735,500346,500021,3012888,,2023-12-15,32856,84,,8876,60,85,mmHg,84.0
502736,500346,500021,3025315,,2023-12-15,32856,70.2,,9529,45,90,kg,70.2
502737,500346,500021,3038553,,2023-12-15,32856,27.9,,9531,18.5,25,kg/m2,27.9
502738,500346,500021,3022192,,2023-12-15,32856,196.7,,8840,0,150,mg/dL,196.7
502739,500346,500021,3007070,,2023-12-15,32856,37.6,,8840,40,60,mg/dL,37.6
502740,500346,500021,3028437,,2023-12-15,32856,136.6,,8840,0,130,mg/dL,136.6
502741,500346,500021,3013721,,2023-12-15,32856,79.1,,8645,0,40,U/L,79.1
502742,500346,500021,3006923,,2023-12-15,32856,51.4,,8645,0,40,U/L,51.4
502743,500346,500021,3016723,,2023-12-15,32856,1.11,,8840,0.6,1.2,mg/dL,1.11
502744,500346,500021,3049187,,2023-12-15,32856,40.8,,9550,90,130,mL/min/1.73m2,40.8
502745,500347,500021,3004410,,2024-03-12,32856,7.2,,8554,4,5.6,%,7.2
502746,500347,500021,3004501,,2024-03-12,32856,133,,8840,70,99,mg/dL,133.0
502747,500347,500021,3004249,,2024-03-12,32856,140,,8876,90,130,mmHg,140.0
502748,500347,500021,3012888,,2024-03-12,32856,76,,8876,60,85,mmHg,76.0
502749,500347,500021,3025315,,2024-03-12,32856,68.5,,9529,45,90,kg,68.5
502750,500347,500021,3038553,,2024-03-12,32856,27.2,,9531,18.5,25,kg/m2,27.2
502751,500348,500021,3004410,,2024-06-08,32856,6.9,,8554,4,5.6,%,6.9
502752,500348,500021,3004501,,2024-06-08,32856,129,,8840,70,99,mg/dL,129.0
502753,500348,500021,3004249,,2024-06-08,32856,140,,8876,90,130,mmHg,140.0
502754,500348,500021,3012888,,2024-06-08,32856,95,,8876,60,85,mmHg,95.0
502755,500348,500021,3025315,,2024-06-08,32856,69.6,,9529,45,90,kg,69.6
502756,500348,500021,3038553,,2024-06-08,32856,27.7,,9531,18.5,25,kg/m2,27.7
502757,500349,500021,3004410,,2024-09-10,32856,6.6,,8554,4,5.6,%,6.6
502758,500349,500021,3004501,,2024-09-10,32856,90,,8840,70,99,mg/dL,90.0
502759,500349,500021,3004249,,2024-09-10,32856,143,,8876,90,130,mmHg,143.0
502760,500349,500021,3012888,,2024-09-10,32856,89,,8876,60,85,mmHg,89.0
502761,500349,500021,3025315,,2024-09-10,32856,69.6,,9529,45,90,kg,69.6
502762,500349,500021,3038553,,2024-09-10,32856,27.7,,9531,18.5,25,kg/m2,27.7
502763,500350,500021,3004410,,2024-12-14,32856,6.6,,8554,4,5.6,%,6.6
502764,500350,500021,3004501,,2024-12-14,32856,93,,8840,70,99,mg/dL,93.0
502765,500350,500021,3004249,,2024-12-14,32856,152,,8876,90,130,mmHg,152.0
502766,500350,500021,3012888,,2024-12-14,32856,89,,8876,60,85,mmHg,89.0
502767,500350,500021,3025315,,2024-12-14,32856,69.9,,9529,45,90,kg,69.9
502768,500350,500021,3038553,,2024-12-14,32856,27.8,,9531,18.5,25,kg/m2,27.8
502769,500350,500021,3022192,,2024-12-14,32856,28.2,,8840,0,150,mg/dL,28.2
502770,500350,500021,3007070,,2024-12-14,32856,37.6,,8840,40,60,mg/dL,37.6
502771,500350,500021,3028437,,2024-12-14,32856,114.8,,8840,0,130,mg/dL,114.8
502772,500350,500021,3013721,,2024-12-14,32856,49.9,,8645,0,40,U/L,49.9
502773,500350,500021,3006923,,2024-12-14,32856,6.8,,8645,0,40,U/L,6.8
502774,500350,500021,3016723,,2024-12-14,32856,1.09,,8840,0.6,1.2,mg/dL,1.09
502775,500350,500021,3049187,,2024-12-14,32856,101.8,,9550,90,130,mL/min/1.73m2,101.8
502776,500351,500021,3004410,,2025-03-14,32856,6.8,,8554,4,5.6,%,6.8
502777,500351,500021,3004501,,2025-03-14,32856,124,,8840,70,99,mg/dL,124.0
502778,500351,500021,3004249,,2025-03-14,32856,141,,8876,90,130,mmHg,141.0
502779,500351,500021,3012888,,2025-03-14,32856,75,,8876,60,85,mmHg,75.0
502780,500351,500021,3025315,,2025-03-14,32856,68.6,,9529,45,90,kg,68.6
502781,500351,500021,3038553,,2025-03-14,32856,27.3,,9531,18.5,25,kg/m2,27.3
502782,500352,500021,3004410,,2025-06-18,32856,7.3,,8554,4,5.6,%,7.3
502783,500352,500021,3004501,,2025-06-18,32856,166,,8840,70,99,mg/dL,166.0
502784,500352,500021,3004249,,2025-06-18,32856,141,,8876,90,130,mmHg,141.0
502785,500352,500021,3012888,,2025-06-18,32856,94,,8876,60,85,mmHg,94.0
502786,500352,500021,3025315,,2025-06-18,32856,69.3,,9529,45,90,kg,69.3
502787,500352,500021,3038553,,2025-06-18,32856,27.6,,9531,18.5,25,kg/m2,27.6
502788,500353,500021,3004410,,2025-09-17,32856,7.2,,8554,4,5.6,%,7.2
502789,500353,500021,3004501,,2025-09-17,32856,177,,8840,70,99,mg/dL,177.0
502790,500353,500021,3004249,,2025-09-17,32856,145,,8876,90,130,mmHg,145.0
502791,500353,500021,3012888,,2025-09-17,32856,87,,8876,60,85,mmHg,87.0
502792,500353,500021,3025315,,2025-09-17,32856,69.3,,9529,45,90,kg,69.3
502793,500353,500021,3038553,,2025-09-17,32856,27.6,,9531,18.5,25,kg/m2,27.6
502794,500354,500021,3004410,,2025-12-16,32856,7.2,,8554,4,5.6,%,7.2
502795,500354,500021,3004501,,2025-12-16,32856,154,,8840,70,99,mg/dL,154.0
502796,500354,500021,3004249,,2025-12-16,32856,132,,8876,90,130,mmHg,132.0
502797,500354,500021,3012888,,2025-12-16,32856,73,,8876,60,85,mmHg,73.0
502798,500354,500021,3025315,,2025-12-16,32856,70.2,,9529,45,90,kg,70.2
502799,500354,500021,3038553,,2025-12-16,32856,27.9,,9531,18.5,25,kg/m2,27.9
502800,500354,500021,3022192,,2025-12-16,32856,10,,8840,0,150,mg/dL,10
502801,500354,500021,3007070,,2025-12-16,32856,19.7,,8840,40,60,mg/dL,19.7
502802,500354,500021,3028437,,2025-12-16,32856,83.9,,8840,0,130,mg/dL,83.9
502803,500354,500021,3013721,,2025-12-16,32856,17.3,,8645,0,40,U/L,17.3
502804,500354,500021,3006923,,2025-12-16,32856,19.6,,8645,0,40,U/L,19.6
502805,500354,500021,3016723,,2025-12-16,32856,1.12,,8840,0.6,1.2,mg/dL,1.12
502806,500354,500021,3049187,,2025-12-16,32856,69.1,,9550,90,130,mL/min/1.73m2,69.1
502807,500355,500021,3004410,,2026-03-21,32856,7,,8554,4,5.6,%,7.0
502808,500355,500021,3004501,,2026-03-21,32856,127,,8840,70,99,mg/dL,127.0
502809,500355,500021,3004249,,2026-03-21,32856,137,,8876,90,130,mmHg,137.0
502810,500355,500021,3012888,,2026-03-21,32856,78,,8876,60,85,mmHg,78.0
502811,500355,500021,3025315,,2026-03-21,32856,68.8,,9529,45,90,kg,68.8
502812,500355,500021,3038553,,2026-03-21,32856,27.4,,9531,18.5,25,kg/m2,27.4
502813,500356,500021,3004410,,2026-06-25,32856,7,,8554,4,5.6,%,7.0
502814,500356,500021,3004501,,2026-06-25,32856,116,,8840,70,99,mg/dL,116.0
502815,500356,500021,3004249,,2026-06-25,32856,130,,8876,90,130,mmHg,130.0
502816,500356,500021,3012888,,2026-06-25,32856,99,,8876,60,85,mmHg,99.0
502817,500356,500021,3025315,,2026-06-25,32856,70.4,,9529,45,90,kg,70.4
502818,500356,500021,3038553,,2026-06-25,32856,28,,9531,18.5,25,kg/m2,28.0
502819,500357,500022,3036277,,2020-02-27,32856,163.3,,8582,150,185,cm,163.3
502820,500357,500022,3004410,,2020-02-27,32856,7.1,,8554,4,5.6,%,7.1
502821,500357,500022,3004501,,2020-02-27,32856,154,,8840,70,99,mg/dL,154.0
502822,500357,500022,3004249,,2020-02-27,32856,125,,8876,90,130,mmHg,125.0
502823,500357,500022,3012888,,2020-02-27,32856,73,,8876,60,85,mmHg,73.0
502824,500357,500022,3025315,,2020-02-27,32856,77.1,,9529,45,90,kg,77.1
502825,500357,500022,3038553,,2020-02-27,32856,28.9,,9531,18.5,25,kg/m2,28.9
502826,500357,500022,3022192,,2020-02-27,32856,181.6,,8840,0,150,mg/dL,181.6
502827,500357,500022,3007070,,2020-02-27,32856,32.5,,8840,40,60,mg/dL,32.5
502828,500357,500022,3028437,,2020-02-27,32856,72.9,,8840,0,130,mg/dL,72.9
502829,500357,500022,3013721,,2020-02-27,32856,30.2,,8645,0,40,U/L,30.2
502830,500357,500022,3006923,,2020-02-27,32856,9.4,,8645,0,40,U/L,9.4
502831,500357,500022,3016723,,2020-02-27,32856,0.82,,8840,0.6,1.2,mg/dL,0.82
502832,500357,500022,3049187,,2020-02-27,32856,74.6,,9550,90,130,mL/min/1.73m2,74.6
502833,500358,500022,3004410,,2020-05-21,32856,6.4,,8554,4,5.6,%,6.4
502834,500358,500022,3004501,,2020-05-21,32856,130,,8840,70,99,mg/dL,130.0
502835,500358,500022,3004249,,2020-05-21,32856,126,,8876,90,130,mmHg,126.0
502836,500358,500022,3012888,,2020-05-21,32856,76,,8876,60,85,mmHg,76.0
502837,500358,500022,3025315,,2020-05-21,32856,77.2,,9529,45,90,kg,77.2
502838,500358,500022,3038553,,2020-05-21,32856,28.9,,9531,18.5,25,kg/m2,28.9
502839,500359,500022,3004410,,2020-08-24,32856,6.7,,8554,4,5.6,%,6.7
502840,500359,500022,3004501,,2020-08-24,32856,104,,8840,70,99,mg/dL,104.0
502841,500359,500022,3004249,,2020-08-24,32856,142,,8876,90,130,mmHg,142.0
502842,500359,500022,3012888,,2020-08-24,32856,85,,8876,60,85,mmHg,85.0
502843,500359,500022,3025315,,2020-08-24,32856,79.6,,9529,45,90,kg,79.6
502844,500359,500022,3038553,,2020-08-24,32856,29.8,,9531,18.5,25,kg/m2,29.8
502845,500360,500022,3004410,,2020-11-30,32856,6.4,,8554,4,5.6,%,6.4
502846,500360,500022,3004501,,2020-11-30,32856,117,,8840,70,99,mg/dL,117.0
502847,500360,500022,3004249,,2020-11-30,32856,149,,8876,90,130,mmHg,149.0
502848,500360,500022,3012888,,2020-11-30,32856,83,,8876,60,85,mmHg,83.0
502849,500360,500022,3025315,,2020-11-30,32856,79.3,,9529,45,90,kg,79.3
502850,500360,500022,3038553,,2020-11-30,32856,29.7,,9531,18.5,25,kg/m2,29.7
502851,500361,500022,3004410,,2021-03-05,32856,6.4,,8554,4,5.6,%,6.4
502852,500361,500022,3004501,,2021-03-05,32856,130,,8840,70,99,mg/dL,130.0
502853,500361,500022,3004249,,2021-03-05,32856,127,,8876,90,130,mmHg,127.0
502854,500361,500022,3012888,,2021-03-05,32856,95,,8876,60,85,mmHg,95.0
502855,500361,500022,3025315,,2021-03-05,32856,80.6,,9529,45,90,kg,80.6
502856,500361,500022,3038553,,2021-03-05,32856,30.2,,9531,18.5,25,kg/m2,30.2
502857,500361,500022,3022192,,2021-03-05,32856,223.9,,8840,0,150,mg/dL,223.9
502858,500361,500022,3007070,,2021-03-05,32856,60.1,,8840,40,60,mg/dL,60.1
502859,500361,500022,3028437,,2021-03-05,32856,189.7,,8840,0,130,mg/dL,189.7
502860,500361,500022,3013721,,2021-03-05,32856,60.8,,8645,0,40,U/L,60.8
502861,500361,500022,3006923,,2021-03-05,32856,22.7,,8645,0,40,U/L,22.7
502862,500361,500022,3016723,,2021-03-05,32856,0.74,,8840,0.6,1.2,mg/dL,0.74
502863,500361,500022,3049187,,2021-03-05,32856,56.4,,9550,90,130,mL/min/1.73m2,56.4
502864,500362,500022,3004410,,2021-06-05,32856,6.3,,8554,4,5.6,%,6.3
502865,500362,500022,3004501,,2021-06-05,32856,122,,8840,70,99,mg/dL,122.0
502866,500362,500022,3004249,,2021-06-05,32856,136,,8876,90,130,mmHg,136.0
502867,500362,500022,3012888,,2021-06-05,32856,86,,8876,60,85,mmHg,86.0
502868,500362,500022,3025315,,2021-06-05,32856,81.7,,9529,45,90,kg,81.7
502869,500362,500022,3038553,,2021-06-05,32856,30.6,,9531,18.5,25,kg/m2,30.6
502870,500363,500022,3004410,,2021-08-29,32856,6.3,,8554,4,5.6,%,6.3
502871,500363,500022,3004501,,2021-08-29,32856,81,,8840,70,99,mg/dL,81.0
502872,500363,500022,3004249,,2021-08-29,32856,148,,8876,90,130,mmHg,148.0
502873,500363,500022,3012888,,2021-08-29,32856,88,,8876,60,85,mmHg,88.0
502874,500363,500022,3025315,,2021-08-29,32856,82.4,,9529,45,90,kg,82.4
502875,500363,500022,3038553,,2021-08-29,32856,30.9,,9531,18.5,25,kg/m2,30.9
502876,500364,500022,3004410,,2021-12-02,32856,5.9,,8554,4,5.6,%,5.9
502877,500364,500022,3004501,,2021-12-02,32856,96,,8840,70,99,mg/dL,96.0
502878,500364,500022,3004249,,2021-12-02,32856,132,,8876,90,130,mmHg,132.0
502879,500364,500022,3012888,,2021-12-02,32856,95,,8876,60,85,mmHg,95.0
502880,500364,500022,3025315,,2021-12-02,32856,83.5,,9529,45,90,kg,83.5
502881,500364,500022,3038553,,2021-12-02,32856,31.3,,9531,18.5,25,kg/m2,31.3
502882,500365,500022,3004410,,2022-03-02,32856,6.8,,8554,4,5.6,%,6.8
502883,500365,500022,3004501,,2022-03-02,32856,140,,8840,70,99,mg/dL,140.0
502884,500365,500022,3004249,,2022-03-02,32856,140,,8876,90,130,mmHg,140.0
502885,500365,500022,3012888,,2022-03-02,32856,99,,8876,60,85,mmHg,99.0
502886,500365,500022,3025315,,2022-03-02,32856,84.2,,9529,45,90,kg,84.2
502887,500365,500022,3038553,,2022-03-02,32856,31.6,,9531,18.5,25,kg/m2,31.6
502888,500365,500022,3022192,,2022-03-02,32856,158.4,,8840,0,150,mg/dL,158.4
502889,500365,500022,3007070,,2022-03-02,32856,60.7,,8840,40,60,mg/dL,60.7
502890,500365,500022,3028437,,2022-03-02,32856,92.1,,8840,0,130,mg/dL,92.1
502891,500365,500022,3013721,,2022-03-02,32856,1,,8645,0,40,U/L,1.0
502892,500365,500022,3006923,,2022-03-02,32856,48.6,,8645,0,40,U/L,48.6
502893,500365,500022,3016723,,2022-03-02,32856,0.81,,8840,0.6,1.2,mg/dL,0.81
502894,500365,500022,3049187,,2022-03-02,32856,116.7,,9550,90,130,mL/min/1.73m2,116.7
502895,500366,500022,3004410,,2022-06-04,32856,6.7,,8554,4,5.6,%,6.7
502896,500366,500022,3004501,,2022-06-04,32856,126,,8840,70,99,mg/dL,126.0
502897,500366,500022,3004249,,2022-06-04,32856,133,,8876,90,130,mmHg,133.0
502898,500366,500022,3012888,,2022-06-04,32856,76,,8876,60,85,mmHg,76.0
502899,500366,500022,3025315,,2022-06-04,32856,84.6,,9529,45,90,kg,84.6
502900,500366,500022,3038553,,2022-06-04,32856,31.7,,9531,18.5,25,kg/m2,31.7
502901,500367,500022,3004410,,2022-09-07,32856,6.5,,8554,4,5.6,%,6.5
502902,500367,500022,3004501,,2022-09-07,32856,114,,8840,70,99,mg/dL,114.0
502903,500367,500022,3004249,,2022-09-07,32856,127,,8876,90,130,mmHg,127.0
502904,500367,500022,3012888,,2022-09-07,32856,93,,8876,60,85,mmHg,93.0
502905,500367,500022,3025315,,2022-09-07,32856,84.1,,9529,45,90,kg,84.1
502906,500367,500022,3038553,,2022-09-07,32856,31.5,,9531,18.5,25,kg/m2,31.5
502907,500368,500022,3004410,,2022-11-30,32856,6.5,,8554,4,5.6,%,6.5
502908,500368,500022,3004501,,2022-11-30,32856,131,,8840,70,99,mg/dL,131.0
502909,500368,500022,3004249,,2022-11-30,32856,146,,8876,90,130,mmHg,146.0
502910,500368,500022,3012888,,2022-11-30,32856,77,,8876,60,85,mmHg,77.0
502911,500368,500022,3025315,,2022-11-30,32856,84.5,,9529,45,90,kg,84.5
502912,500368,500022,3038553,,2022-11-30,32856,31.7,,9531,18.5,25,kg/m2,31.7
502913,500369,500022,3004410,,2023-02-26,32856,6.5,,8554,4,5.6,%,6.5
502914,500369,500022,3004501,,2023-02-26,32856,136,,8840,70,99,mg/dL,136.0
502915,500369,500022,3004249,,2023-02-26,32856,160,,8876,90,130,mmHg,160.0
502916,500369,500022,3012888,,2023-02-26,32856,92,,8876,60,85,mmHg,92.0
502917,500369,500022,3025315,,2023-02-26,32856,85.4,,9529,45,90,kg,85.4
502918,500369,500022,3038553,,2023-02-26,32856,32,,9531,18.5,25,kg/m2,32.0
502919,500369,500022,3022192,,2023-02-26,32856,147.8,,8840,0,150,mg/dL,147.8
502920,500369,500022,3007070,,2023-02-26,32856,25.3,,8840,40,60,mg/dL,25.3
502921,500369,500022,3028437,,2023-02-26,32856,65.1,,8840,0,130,mg/dL,65.1
502922,500369,500022,3013721,,2023-02-26,32856,70.5,,8645,0,40,U/L,70.5
502923,500369,500022,3006923,,2023-02-26,32856,12.2,,8645,0,40,U/L,12.2
502924,500369,500022,3016723,,2023-02-26,32856,1.02,,8840,0.6,1.2,mg/dL,1.02
502925,500369,500022,3049187,,2023-02-26,32856,58.4,,9550,90,130,mL/min/1.73m2,58.4
502926,500370,500022,3004410,,2023-06-01,32856,6.5,,8554,4,5.6,%,6.5
502927,500370,500022,3004501,,2023-06-01,32856,94,,8840,10001000,99,mg/dL,94.0
502928,500370,500022,3004249,,2023-06-01,32856,151,,8876,90,130,mmHg,151.0
502929,500370,500022,3012888,,2023-06-01,32856,87,,8876,60,85,mmHg,87.0
502930,500370,500022,3025315,,2023-06-01,32856,85.7,,9529,45,90,kg,85.7
502931,500370,500022,3038553,,2023-06-01,32856,32.1,,9531,18.5,25,kg/m2,32.1
502932,500371,500022,3004410,,2023-09-01,32856,6.7,,8554,4,5.6,%,6.7
502933,500371,500022,3004501,,2023-09-01,32856,108,,8840,70,99,mg/dL,108.0
502934,500371,500022,3004249,,2023-09-01,32856,152,,8876,90,130,mmHg,152.0
502935,500371,500022,3012888,,2023-09-01,32856,89,,8876,60,85,mmHg,89.0
502936,500371,500022,3025315,,2023-09-01,32856,86.3,,9529,45,90,kg,86.3
502937,500371,500022,3038553,,2023-09-01,32856,32.4,,9531,18.5,25,kg/m2,32.4
502938,500372,500022,3004410,,2023-11-29,32856,6.8,,8554,4,5.6,%,6.8
502939,500372,500022,3004501,,2023-11-29,32856,126,,8840,70,99,mg/dL,126.0
502940,500372,500022,3004249,,2023-11-29,32856,123,,8876,90,130,mmHg,123.0
502941,500372,500022,3012888,,2023-11-29,32856,81,,8876,60,85,mmHg,81.0
502942,500372,500022,3025315,,2023-11-29,32856,86.6,,9529,45,90,kg,86.6
502943,500372,500022,3038553,,2023-11-29,32856,32.5,,9531,18.5,25,kg/m2,32.5
502944,500373,500022,3004410,,2024-03-02,32856,7,,8554,4,5.6,%,7.0
502945,500373,500022,3004501,,2024-03-02,32856,108,,8840,70,99,mg/dL,108.0
502946,500373,500022,3004249,,2024-03-02,32856,144,,8876,90,130,mmHg,144.0
502947,500373,500022,3012888,,2024-03-02,32856,71,,8876,60,85,mmHg,71.0
502948,500373,500022,3025315,,2024-03-02,32856,86.6,,9529,45,90,kg,86.6
502949,500373,500022,3038553,,2024-03-02,32856,32.5,,9531,18.5,25,kg/m2,32.5
502950,500373,500022,3022192,,2024-03-02,32856,168.2,,8840,0,150,mg/dL,168.2
502951,500373,500022,3007070,,2024-03-02,32856,25.2,,8840,40,60,mg/dL,25.2
502952,500373,500022,3028437,,2024-03-02,32856,120.4,,8840,0,130,mg/dL,120.4
502953,500373,500022,3013721,,2024-03-02,32856,39.5,,8645,0,40,U/L,39.5
502954,500373,500022,3006923,,2024-03-02,32856,31.8,,8645,0,40,U/L,31.8
502955,500373,500022,3016723,,2024-03-02,32856,0.53,,8840,0.6,1.2,mg/dL,0.53
502956,500373,500022,3049187,,2024-03-02,32856,72.2,,9550,90,130,mL/min/1.73m2,72.2
502957,500374,500022,3004410,,2024-05-27,32856,6.1,,8554,4,5.6,%,6.1
502958,500374,500022,3004501,,2024-05-27,32856,102,,8840,70,99,mg/dL,102.0
502959,500374,500022,3004249,,2024-05-27,32856,133,,8876,90,130,mmHg,133.0
502960,500374,500022,3012888,,2024-05-27,32856,92,,8876,60,85,mmHg,92.0
502961,500374,500022,3025315,,2024-05-27,32856,86.6,,9529,45,90,kg,86.6
502962,500374,500022,3038553,,2024-05-27,32856,32.5,,9531,18.5,25,kg/m2,32.5
502963,500375,500022,3004410,,2024-08-21,32856,6.4,,8554,4,5.6,%,6.4
502964,500375,500022,3004501,,2024-08-21,32856,123,,8840,70,99,mg/dL,123.0
502965,500375,500022,3004249,,2024-08-21,32856,129,,8876,90,130,mmHg,129.0
502966,500375,500022,3012888,,2024-08-21,32856,98,,8876,60,85,mmHg,98.0
502967,500375,500022,3025315,,2024-08-21,32856,86.5,,9529,45,90,kg,86.5
502968,500375,500022,3038553,,2024-08-21,32856,32.4,,9531,18.5,25,kg/m2,32.4
502969,500376,500022,3004410,,2024-11-19,32856,6.3,,8554,4,5.6,%,6.3
502970,500376,500022,3004501,,2024-11-19,32856,123,,8840,70,99,mg/dL,123.0
502971,500376,500022,3004249,,2024-11-19,32856,132,,8876,90,130,mmHg,132.0
502972,500376,500022,3012888,,2024-11-19,32856,98,,8876,60,85,mmHg,98.0
502973,500376,500022,3025315,,2024-11-19,32856,85.9,,9529,45,90,kg,85.9
502974,500376,500022,3038553,,2024-11-19,32856,32.2,,9531,18.5,25,kg/m2,32.2
502975,500377,500022,NOT_A_NUMBER,,2025-02-23,32856,7,,8554,4,5.6,%,7.0
502976,500377,500022,3004501,,2025-02-23,32856,151,,8840,70,99,mg/dL,151.0
502977,500377,500022,3004249,,2025-02-23,32856,124,,8876,90,130,mmHg,124.0
502978,500377,500022,3012888,,2025-02-23,32856,83,,8876,60,85,mmHg,83.0
502979,500377,500022,3025315,,2025-02-23,32856,86.8,,9529,45,90,kg,86.8
502980,500377,500022,3038553,,2025-02-23,32856,32.5,,9531,18.5,25,kg/m2,32.5
502981,500377,500022,3022192,,2025-02-23,32856,278.5,,8840,0,150,mg/dL,278.5
502982,500377,500022,3007070,,2025-02-23,32856,37.5,,8840,40,60,mg/dL,37.5
502983,500377,500022,3028437,,2025-02-23,32856,142.1,,8840,0,130,mg/dL,142.1
502984,500377,500022,3013721,,2025-02-23,32856,43.5,,8645,0,40,U/L,43.5
502985,500377,500022,3006923,,2025-02-23,32856,83.7,,8645,0,40,U/L,83.7
502986,500377,500022,3016723,,2025-02-23,32856,1.03,,8840,0.6,1.2,mg/dL,1.03
502987,500377,500022,3049187,,2025-02-23,32856,89.9,,9550,90,130,mL/min/1.73m2,89.9
502988,500378,500022,3004410,,2025-05-25,32856,7.5,,8554,4,5.6,%,7.5
502989,500378,500022,3004501,,2025-05-25,32856,156,,8840,70,99,mg/dL,156.0
502990,500378,500022,3004249,,2025-05-25,32856,152,,8876,90,130,mmHg,152.0
502991,500378,500022,3012888,,2025-05-25,32856,87,,8876,60,85,mmHg,87.0
502992,500378,500022,3025315,,2025-05-25,32856,87.1,,9529,45,90,kg,87.1
502993,500378,500022,3038553,,2025-05-25,32856,32.7,,9531,18.5,25,kg/m2,32.7
502994,500379,500022,3004410,,2025-08-20,32856,7.4,,8554,4,5.6,%,7.4
502995,500379,500022,3004501,,2025-08-20,32856,129,,8840,70,99,mg/dL,129.0
502996,500379,500022,3004249,,2025-08-20,32856,144,,8876,90,130,mmHg,144.0
502997,500379,500022,3012888,,2025-08-20,32856,66,,8876,60,85,mmHg,66.0
502998,500379,500022,3025315,,2025-08-20,32856,86,,9529,45,90,kg,86.0
502999,500379,500022,3038553,,2025-08-20,32856,32.2,,9531,18.5,25,kg/m2,32.2
503000,500380,500022,3004410,,2025-11-13,32856,7,,8554,4,5.6,%,7.0
503001,500380,500022,3004501,,2025-11-13,32856,122,,8840,70,99,mg/dL,122.0
503002,500380,500022,3004249,,2025-11-13,32856,125,,8876,90,130,mmHg,125.0
503003,500380,500022,3012888,,2025-11-13,32856,80,,8876,60,85,mmHg,80.0
503004,500380,500022,3025315,,2025-11-13,32856,88,,9529,45,90,kg,88.0
503005,500380,500022,3038553,,2025-11-13,32856,33,,9531,18.5,25,kg/m2,33.0
503006,500381,500023,3036277,,2018-04-18,32856,171,,8582,150,185,cm,171.0
503007,500381,500023,3004410,,2018-04-18,32856,10.1,,8554,4,5.6,%,10.1
503008,500381,500023,3004501,,2018-04-18,32856,197,,8840,70,99,mg/dL,197.0
503009,500381,500023,3004249,,2018-04-18,32856,133,,8876,90,130,mmHg,133.0
503010,500381,500023,3012888,,2018-04-18,32856,69,,8876,60,85,mmHg,69.0
503011,500381,500023,3025315,,2018-04-18,32856,87.1,,9529,45,90,kg,87.1
503012,500381,500023,3038553,,2018-04-18,32856,29.8,,9531,18.5,25,kg/m2,29.8
503013,500381,500023,3022192,,2018-04-18,32856,108,,8840,0,150,mg/dL,108.0
503014,500381,500023,3007070,,2018-04-18,32856,65.4,,8840,40,60,mg/dL,65.4
503015,500381,500023,3028437,,2018-04-18,32856,125.2,,8840,0,130,mg/dL,125.2
503016,500381,500023,3013721,,2018-04-18,32856,21.9,,8645,0,40,U/L,21.9
503017,500381,500023,3006923,,2018-04-18,32856,66,,8645,0,40,U/L,66.0
503018,500381,500023,3016723,,2018-04-18,32856,1.11,,8840,0.6,1.2,mg/dL,1.11
503019,500381,500023,3049187,,2018-04-18,32856,88.9,,9550,90,130,mL/min/1.73m2,88.9
503020,500382,500023,3004410,,2018-07-11,32856,9.5,,8554,4,5.6,%,9.5
503021,500382,500023,3004501,,2018-07-11,32856,207,,8840,70,99,mg/dL,207.0
503022,500382,500023,3004249,,2018-07-11,32856,156,,8876,90,130,mmHg,156.0
503023,500382,500023,3012888,,2018-07-11,32856,83,,8876,60,85,mmHg,83.0
503024,500382,500023,3025315,,2018-07-11,32856,88.1,,9529,45,90,kg,88.1
503025,500382,500023,3038553,,2018-07-11,32856,30.1,,9531,18.5,25,kg/m2,30.1
503026,500383,500023,3004410,,2018-10-16,32856,8.5,,8554,4,5.6,%,8.5
503027,500383,500023,3004501,,2018-10-16,32856,154,,8840,70,99,mg/dL,154.0
503028,500383,500023,3004249,,2018-10-16,32856,141,,8876,90,130,mmHg,141.0
503029,500383,500023,3012888,,2018-10-16,32856,92,,8876,60,85,mmHg,92.0
503030,500383,500023,3025315,,2018-10-16,32856,86.7,,9529,45,90,kg,86.7
503031,500383,500023,3038553,,2018-10-16,32856,29.7,,9531,18.5,25,kg/m2,29.7
503032,500384,500023,3004410,,2019-01-09,32856,7.7,,8554,4,5.6,%,7.7
503033,500384,500023,3004501,,2019-01-09,32856,121,,8840,70,99,mg/dL,121.0
503034,500384,500023,3004249,,2019-01-09,32856,142,,8876,90,130,mmHg,142.0
503035,500384,500023,3012888,,2019-01-09,32856,90,,8876,60,85,mmHg,90.0
503036,500384,500023,3025315,,2019-01-09,32856,86.4,,9529,45,90,kg,86.4
503037,500384,500023,3038553,,2019-01-09,32856,29.5,,9531,18.5,25,kg/m2,29.5
503038,500385,500023,3004410,,2019-04-14,32856,7.4,,8554,4,5.6,%,7.4
503039,500385,500023,3004501,,2019-04-14,32856,136,,8840,70,99,mg/dL,136.0
503040,500385,500023,3004249,,2019-04-14,32856,138,,8876,90,130,mmHg,138.0
503041,500385,500023,3012888,,2019-04-14,32856,82,,8876,60,85,mmHg,82.0
503042,500385,500023,3025315,,2019-04-14,32856,86.1,,9529,45,90,kg,86.1
503043,500385,500023,3038553,,2019-04-14,32856,29.4,,9531,18.5,25,kg/m2,29.4
503044,500385,500023,3022192,,2019-04-14,32856,85,,8840,0,150,mg/dL,85.0
503045,500385,500023,3007070,,2019-04-14,32856,54.9,,8840,40,60,mg/dL,54.9
503046,500385,500023,3028437,,2019-04-14,32856,154.7,,8840,0,130,mg/dL,154.7
503047,500385,500023,3013721,,2019-04-14,32856,25.6,,8645,0,40,U/L,25.6
503048,500385,500023,3006923,,2019-04-14,32856,61.1,,8645,0,40,U/L,61.1
503049,500385,500023,3016723,,2019-04-14,32856,0.99,,8840,0.6,1.2,mg/dL,0.99
503050,500385,500023,3049187,,2019-04-14,32856,82.1,,9550,90,130,mL/min/1.73m2,82.1
503051,500386,500023,3004410,,2019-07-17,32856,7.9,,8554,4,5.6,%,7.9
503052,500386,500023,3004501,,2019-07-17,32856,155,,8840,70,99,mg/dL,155.0
503053,500386,500023,3004249,,2019-07-17,32856,154,,8876,90,130,mmHg,154.0
503054,500386,500023,3012888,,2019-07-17,32856,85,,8876,60,85,mmHg,85.0
503055,500386,500023,3025315,,2019-07-17,32856,87.5,,9529,45,90,kg,87.5
503056,500386,500023,3038553,,2019-07-17,32856,29.9,,9531,18.5,25,kg/m2,29.9
503057,500387,500023,3004410,,2019-10-18,32856,8,,8554,4,5.6,%,8.0
503058,500387,500023,3004501,,2019-10-18,32856,159,,8840,70,99,mg/dL,159.0
503059,500387,500023,3004249,,2019-10-18,32856,126,,8876,90,130,mmHg,126.0
503060,500387,500023,3012888,,2019-10-18,32856,90,,8876,60,85,mmHg,90.0
503061,500387,500023,3025315,,2019-10-18,32856,87.4,,9529,45,90,kg,87.4
503062,500387,500023,3038553,,2019-10-18,32856,29.9,,9531,18.5,25,kg/m2,29.9
503063,500388,500023,3004410,,2020-01-17,32856,8,,8554,4,5.6,%,8.0
503064,500388,500023,3004501,,2020-01-17,32856,168,,8840,70,99,mg/dL,168.0
503065,500388,500023,3004249,,2020-01-17,32856,132,,8876,90,130,mmHg,132.0
503066,500388,500023,3012888,,2020-01-17,32856,91,,8876,60,85,mmHg,91.0
503067,500388,500023,3025315,,2020-01-17,32856,85.3,,9529,45,90,kg,85.3
503068,500388,500023,3038553,,2020-01-17,32856,29.2,,9531,18.5,25,kg/m2,29.2
503069,500389,500023,3004410,,2020-04-16,32856,8.4,,8554,4,5.6,%,8.4
503070,500389,500023,3004501,,2020-04-16,32856,155,,8840,70,99,mg/dL,155.0
503071,500389,500023,3004249,,2020-04-16,32856,126,,8876,90,130,mmHg,126.0
503072,500389,500023,3012888,,2020-04-16,32856,70,,8876,60,85,mmHg,70.0
503073,500389,500023,3025315,,2020-04-16,32856,84.1,,9529,45,90,kg,84.1
503074,500389,500023,3038553,,2020-04-16,32856,28.8,,9531,18.5,25,kg/m2,28.8
503075,500389,500023,3022192,,2020-04-16,32856,239.3,,8840,0,150,mg/dL,239.3
503076,500389,500023,3007070,,2020-04-16,32856,68.9,,8840,40,60,mg/dL,68.9
503077,500389,500023,3028437,,2020-04-16,32856,132.2,,8840,0,130,mg/dL,132.2
503078,500389,500023,3013721,,2020-04-16,32856,64.6,,8645,0,40,U/L,64.6
503079,500389,500023,3006923,,2020-04-16,32856,21.2,,8645,0,40,U/L,21.2
503080,500389,500023,3016723,,2020-04-16,32856,1.03,,8840,0.6,1.2,mg/dL,1.03
503081,500389,500023,3049187,,2020-04-16,32856,51.1,,9550,90,130,mL/min/1.73m2,51.1
503082,500390,500023,3004410,,2020-07-09,32856,7.6,,8554,4,5.6,%,7.6
503083,500390,500023,3004501,,2020-07-09,32856,148,,8840,70,99,mg/dL,148.0
503084,500390,500023,3004249,,2020-07-09,32856,122,,8876,90,130,mmHg,122.0
503085,500390,500023,3012888,,2020-07-09,32856,85,,8876,60,85,mmHg,85.0
503086,500390,500023,3025315,,2020-07-09,32856,85.3,,9529,45,90,kg,85.3
503087,500390,500023,3038553,,2020-07-09,32856,29.2,,9531,18.5,25,kg/m2,29.2
503088,500391,500023,3004410,,2020-10-13,32856,7.8,,8554,4,5.6,%,7.8
503089,500391,500023,3004501,,2020-10-13,32856,155,,8840,70,99,mg/dL,155.0
503090,500391,500023,3004249,,2020-10-13,32856,123,,8876,90,130,mmHg,123.0
503091,500391,500023,3012888,,2020-10-13,32856,73,,8876,60,85,mmHg,73.0
503092,500391,500023,3025315,,2020-10-13,32856,84.6,,9529,45,90,kg,84.6
503093,500391,500023,3038553,,2020-10-13,32856,28.9,,9531,18.5,25,kg/m2,28.9
503094,500392,500023,3004410,,2021-01-18,32856,7.4,,8554,4,5.6,%,7.4
503095,500392,500023,3004501,,2021-01-18,32856,150,,8840,70,99,mg/dL,150.0
503096,500392,500023,3004249,,2021-01-18,32856,131,,8876,90,130,mmHg,131.0
503097,500392,500023,3012888,,2021-01-18,32856,84,,8876,60,85,mmHg,84.0
503098,500392,500023,3025315,,2021-01-18,32856,84.4,,9529,45,90,kg,84.4
503099,500392,500023,3038553,,2021-01-18,32856,28.9,,9531,18.5,25,kg/m2,28.9
503100,500393,500023,3004410,,2021-04-18,32856,6.7,,8554,4,5.6,%,6.7
503101,500393,500023,3004501,,2021-04-18,32856,128,,8840,70,99,mg/dL,128.0
503102,500393,500023,3004249,,2021-04-18,32856,156,,8876,90,130,mmHg,156.0
503103,500393,500023,3012888,,2021-04-18,32856,85,,8876,60,85,mmHg,85.0
503104,500393,500023,3025315,,2021-04-18,32856,84.8,,9529,45,90,kg,84.8
503105,500393,500023,3038553,,2021-04-18,32856,29,,9531,18.5,25,kg/m2,29.0
503106,500393,500023,3022192,,2021-04-18,32856,244,,8840,0,150,mg/dL,244.0
503107,500393,500023,3007070,,2021-04-18,32856,47.4,,8840,40,60,mg/dL,47.4
503108,500393,500023,3028437,,2021-04-18,32856,141.5,,8840,0,130,mg/dL,141.5
503109,500393,500023,3013721,,2021-04-18,32856,25.2,,8645,0,40,U/L,25.2
503110,500393,500023,3006923,,2021-04-18,32856,48.5,,8645,0,40,U/L,48.5
503111,500393,500023,3016723,,2021-04-18,32856,0.75,,8840,0.6,1.2,mg/dL,0.75
503112,500393,500023,3049187,,2021-04-18,32856,78.7,,9550,90,130,mL/min/1.73m2,78.7
503113,500394,500023,3004501,,2021-05-08,32856,60,,8840,70,99,mg/dL,60.0
503114,500395,500023,3004410,,2021-07-25,32856,6.8,,8554,4,5.6,%,6.8
503115,500395,500023,3004501,,2021-07-25,32856,129,,8840,70,99,mg/dL,129.0
503116,500395,500023,3004249,,2021-07-25,32856,144,,8876,90,130,mmHg,144.0
503117,500395,500023,3012888,,2021-07-25,32856,84,,8876,60,85,mmHg,84.0
503118,500395,500023,3025315,,2021-07-25,32856,85.2,,9529,45,90,kg,85.2
503119,500395,500023,3038553,,2021-07-25,32856,29.1,,9531,18.5,25,kg/m2,29.1
503120,500396,500023,3004410,,2021-10-17,32856,6.8,,8554,4,5.6,%,6.8
503121,500396,500023,3004501,,2021-10-17,32856,128,,8840,70,99,mg/dL,128.0
503122,500396,500023,3004249,,2021-10-17,32856,138,,8876,90,130,mmHg,138.0
503123,500396,500023,3012888,,2021-10-17,32856,75,,8876,60,85,mmHg,75.0
503124,500396,500023,3025315,,2021-10-17,32856,84.5,,9529,45,90,kg,84.5
503125,500396,500023,3038553,,2021-10-17,32856,28.9,,9531,18.5,25,kg/m2,28.9
503126,500397,500023,3004501,,2021-10-27,32856,54,,8840,70,99,mg/dL,54.0
503127,500398,500023,3004410,,2022-01-14,32856,7.2,,8554,4,5.6,%,7.2
503128,500398,500023,3004501,,2022-01-14,32856,144,,8840,70,99,mg/dL,144.0
503129,500398,500023,3004249,,2022-01-14,32856,155,,8876,90,130,mmHg,155.0
503130,500398,500023,3012888,,2022-01-14,32856,82,,8876,60,85,mmHg,82.0
503131,500398,500023,3025315,,2022-01-14,32856,85.6,,9529,45,90,kg,85.6
503132,500398,500023,3038553,,2022-01-14,32856,29.3,,9531,18.5,25,kg/m2,29.3
503133,500399,500023,3004410,,2022-04-21,32856,6.9,,8554,4,5.6,%,6.9
503134,500399,500023,3004501,,2022-04-21,32856,122,,8840,70,99,mg/dL,122.0
503135,500399,500023,3004249,,2022-04-21,32856,136,,8876,90,130,mmHg,136.0
503136,500399,500023,3012888,,2022-04-21,32856,76,,8876,60,85,mmHg,76.0
503137,500399,500023,3025315,,2022-04-21,32856,85.1,,9529,45,90,kg,85.1
503138,500399,500023,3038553,,2022-04-21,32856,29.1,,9531,18.5,25,kg/m2,29.1
503139,500399,500023,3022192,,2022-04-21,32856,156,,8840,0,150,mg/dL,156.0
503140,500399,500023,3007070,,2022-04-21,32856,34.4,,8840,40,60,mg/dL,34.4
503141,500399,500023,3028437,,2022-04-21,32856,129.7,,8840,0,130,mg/dL,129.7
503142,500399,500023,3013721,,2022-04-21,32856,60.4,,8645,0,40,U/L,60.4
503143,500399,500023,3006923,,2022-04-21,32856,53.5,,8645,0,40,U/L,53.5
503144,500399,500023,3016723,,2022-04-21,32856,0.6,,8840,0.6,1.2,mg/dL,0.6
503145,500399,500023,3049187,,2022-04-21,32856,80.5,,9550,90,130,mL/min/1.73m2,80.5
503146,500400,500023,3004410,,2022-07-25,32856,6.6,,8554,4,5.6,%,6.6
503147,500400,500023,3004501,,2022-07-25,32856,115,,8840,70,99,mg/dL,115.0
503148,500400,500023,3004249,,2022-07-25,32856,130,,8876,90,130,mmHg,130.0
503149,500400,500023,3012888,,2022-07-25,32856,101,,8876,60,85,mmHg,101.0
503150,500400,500023,3025315,,2022-07-25,32856,85.5,,9529,45,90,kg,85.5
503151,500400,500023,3038553,,2022-07-25,32856,29.2,,9531,18.5,25,kg/m2,29.2
503152,500401,500023,3004501,,2022-09-22,32856,61,,8840,70,99,mg/dL,61.0
503153,500402,500023,3004410,,2022-10-17,32856,7.2,,8554,4,5.6,%,7.2
503154,500402,500023,3004501,,2022-10-17,32856,118,,8840,70,99,mg/dL,118.0
503155,500402,500023,3004249,,2022-10-17,32856,125,,8876,90,130,mmHg,125.0
503156,500402,500023,3012888,,2022-10-17,32856,86,,8876,60,85,mmHg,86.0
503157,500402,500023,3025315,,2022-10-17,32856,84.9,,9529,45,90,kg,84.9
503158,500402,500023,3038553,,2022-10-17,32856,29,,9531,18.5,25,kg/m2,29.0
503159,500403,500023,3004410,,2023-01-19,32856,7.2,,8554,4,5.6,%,7.2
503160,500403,500023,3004501,,2023-01-19,32856,126,,8840,70,99,mg/dL,126.0
503161,500403,500023,3004249,,2023-01-19,32856,136,,8876,90,130,mmHg,136.0
503162,500403,500023,3012888,,2023-01-19,32856,81,,8876,60,85,mmHg,81.0
503163,500403,500023,3025315,,2023-01-19,32856,85.5,,9529,45,90,kg,85.5
503164,500403,500023,3038553,,2023-01-19,32856,29.2,,9531,18.5,25,kg/m2,29.2
503165,500404,500023,3004410,,2023-04-23,32856,6.6,,8554,4,5.6,%,6.6
503166,500404,500023,3004501,,2023-04-23,32856,130,,8840,70,99,mg/dL,130.0
503167,500404,500023,3004249,,2023-04-23,32856,151,,8876,90,130,mmHg,151.0
503168,500404,500023,3012888,,2023-04-23,32856,81,,8876,60,85,mmHg,81.0
503169,500404,500023,3025315,,2023-04-23,32856,83.9,,9529,45,90,kg,83.9
503170,500404,500023,3038553,,2023-04-23,32856,28.7,,9531,18.5,25,kg/m2,28.7
503171,500404,500023,3022192,,2023-04-23,32856,59.6,,8840,0,150,mg/dL,59.6
503172,500404,500023,3007070,,2023-04-23,32856,49.3,,8840,40,60,mg/dL,49.3
503173,500404,500023,3028437,,2023-04-23,32856,134.9,,8840,0,130,mg/dL,134.9
503174,500404,500023,3013721,,2023-04-23,32856,1.7,,8645,0,40,U/L,1.7
503175,500404,500023,3006923,,2023-04-23,32856,29.7,,8645,0,40,U/L,29.7
503176,500404,500023,3016723,,2023-04-23,32856,0.97,,8840,0.6,1.2,mg/dL,0.97
503177,500404,500023,3049187,,2023-04-23,32856,82.4,,9550,90,130,mL/min/1.73m2,82.4
503178,500405,500023,3004410,,2023-07-23,32856,7,,8554,4,5.6,%,7.0
503179,500405,500023,3004501,,2023-07-23,32856,153,,8840,70,99,mg/dL,153.0
503180,500405,500023,3004249,,2023-07-23,32856,132,,8876,90,130,mmHg,132.0
503181,500405,500023,3012888,,2023-07-23,32856,88,,8876,60,85,mmHg,88.0
503182,500405,500023,3025315,,2023-07-23,32856,83.4,,9529,45,90,kg,83.4
503183,500405,500023,3038553,,2023-07-23,32856,28.5,,9531,18.5,25,kg/m2,28.5
503184,500406,500023,3004410,,2023-10-26,32856,6.7,,8554,4,5.6,%,6.7
503185,500406,500023,3004501,,2023-10-26,32856,124,,8840,70,99,mg/dL,124.0
503186,500406,500023,3004249,,2023-10-26,32856,131,,8876,90,130,mmHg,131.0
503187,500406,500023,3012888,,2023-10-26,32856,92,,8876,60,85,mmHg,92.0
503188,500406,500023,3025315,,2023-10-26,32856,82,,9529,45,90,kg,82.0
503189,500406,500023,3038553,,2023-10-26,32856,28,,9531,18.5,25,kg/m2,28.0
503190,500407,500023,3004410,,2024-01-27,32856,6.9,,8554,4,5.6,%,6.9
503191,500407,500023,3004501,,2024-01-27,32856,131,,8840,70,99,mg/dL,131.0
503192,500407,500023,3004249,,2024-01-27,32856,125,,8876,90,130,mmHg,125.0
503193,500407,500023,3012888,,2024-01-27,32856,83,,8876,60,85,mmHg,83.0
503194,500407,500023,3025315,,2024-01-27,32856,80.3,,9529,45,90,kg,80.3
503195,500407,500023,3038553,,2024-01-27,32856,27.5,,9531,18.5,25,kg/m2,27.5
503196,500408,500024,3036277,,2020-04-19,32856,182.6,,8582,150,185,cm,182.6
503197,500408,500024,3004410,,2020-04-19,32856,6.1,,8554,4,5.6,%,6.1
503198,500408,500024,3004501,,2020-04-19,32856,108,,8840,70,99,mg/dL,108.0
503199,500408,500024,3004249,,2020-04-19,32856,139,,8876,90,130,mmHg,139.0
503200,500408,500024,3012888,,2020-04-19,32856,80,,8876,60,85,mmHg,80.0
503201,500408,500024,3025315,,2020-04-19,32856,85.7,,9529,45,90,kg,85.7
503202,500408,500024,3038553,,2020-04-19,32856,25.7,,9531,18.5,25,kg/m2,25.7
503203,500408,500024,3022192,,2020-04-19,32856,204.5,,8840,0,150,mg/dL,204.5
503204,500408,500024,3007070,,2020-04-19,32856,40.6,,8840,40,60,mg/dL,40.6
503205,500408,500024,3028437,,2020-04-19,32856,150.8,,8840,0,130,mg/dL,150.8
503206,500408,500024,3013721,,2020-04-19,32856,5.9,,8645,0,40,U/L,5.9
503207,500408,500024,3006923,,2020-04-19,32856,64.1,,8645,0,40,U/L,64.1
503208,500408,500024,3016723,,2020-04-19,32856,0.97,,8840,0.6,1.2,mg/dL,0.97
503209,500408,500024,3049187,,2020-04-19,32856,104.7,,9550,90,130,mL/min/1.73m2,104.7
503210,500409,500024,3004410,,2020-07-19,32856,5.7,,8554,4,5.6,%,5.7
503211,500409,500024,3004501,,2020-07-19,32856,86,,8840,70,99,mg/dL,86.0
503212,500409,500024,3004249,,2020-07-19,32856,142,,8876,90,130,mmHg,142.0
503213,500409,500024,3012888,,2020-07-19,32856,90,,8876,60,85,mmHg,90.0
503214,500409,500024,3025315,,2020-07-19,32856,86.1,,9529,45,90,kg,86.1
503215,500409,500024,3038553,,2020-07-19,32856,25.8,,9531,18.5,25,kg/m2,25.8
503216,500410,500024,3004410,,2020-10-18,32856,5,,8554,4,5.6,%,5.0
503217,500410,500024,3004501,,2020-10-18,32856,60,,8840,70,99,mg/dL,60
503218,500410,500024,3004249,,2020-10-18,32856,170,,8876,90,130,mmHg,170.0
503219,500410,500024,3012888,,2020-10-18,32856,86,,8876,60,85,mmHg,86.0
503220,500410,500024,3025315,,2020-10-18,32856,86,,9529,45,90,kg,86.0
503221,500410,500024,3038553,,2020-10-18,32856,25.8,,9531,18.5,25,kg/m2,25.8
503222,500411,500024,3004410,,2021-01-20,32856,5.3,,8554,4,5.6,%,5.3
503223,500411,500024,3004501,,2021-01-20,32856,90,,8840,70,99,mg/dL,90.0
503224,500411,500024,3004249,,2021-01-20,32856,153,,8876,90,130,mmHg,153.0
503225,500411,500024,3012888,,2021-01-20,32856,81,,8876,60,85,mmHg,81.0
503226,500411,500024,3025315,,2021-01-20,32856,86.3,,9529,45,90,kg,86.3
503227,500411,500024,3038553,,2021-01-20,32856,25.9,,9531,18.5,25,kg/m2,25.9
503228,500412,500024,3004410,,2021-04-14,32856,5.3,,8554,4,5.6,%,5.3
503229,500412,500024,3004501,,2021-04-14,32856,69,,8840,70,99,mg/dL,69.0
503230,500412,500024,3004249,,2021-04-14,32856,141,,8876,90,130,mmHg,141.0
503231,500412,500024,3012888,,2021-04-14,32856,94,,8876,60,85,mmHg,94.0
503232,500412,500024,3025315,,2021-04-14,32856,86.6,,9529,45,90,kg,86.6
503233,500412,500024,3038553,,2021-04-14,32856,26,,9531,18.5,25,kg/m2,26.0
503234,500412,500024,3022192,,2021-04-14,32856,176.2,,8840,0,150,mg/dL,176.2
503235,500412,500024,3007070,,2021-04-14,32856,39.7,,8840,40,60,mg/dL,39.7
503236,500412,500024,3028437,,2021-04-14,32856,86.2,,8840,0,130,mg/dL,86.2
503237,500412,500024,3013721,,2021-04-14,32856,43.3,,8645,0,40,U/L,43.3
503238,500412,500024,3006923,,2021-04-14,32856,14.8,,8645,0,40,U/L,14.8
503239,500412,500024,3016723,,2021-04-14,32856,1.16,,8840,0.6,1.2,mg/dL,1.16
503240,500412,500024,3049187,,2021-04-14,32856,72.6,,9550,90,130,mL/min/1.73m2,72.6
503241,500413,500024,3004410,,2021-07-15,32856,5.5,,8554,4,5.6,%,5.5
503242,500413,500024,3004501,,2021-07-15,32856,88,,8840,70,99,mg/dL,88.0
503243,500413,500024,3004249,,2021-07-15,32856,136,,8876,90,130,mmHg,136.0
503244,500413,500024,3012888,,2021-07-15,32856,75,,8876,60,85,mmHg,75.0
503245,500413,500024,3025315,,2021-07-15,32856,86.9,,9529,45,90,kg,86.9
503246,500413,500024,3038553,,2021-07-15,32856,26.1,,9531,18.5,25,kg/m2,26.1
503247,500414,500024,3004410,,2021-10-08,32856,5.3,,8554,4,5.6,%,5.3
503248,500414,500024,3004501,,2021-10-08,32856,92,,8840,70,99,mg/dL,92.0
503249,500414,500024,3004249,,2021-10-08,32856,137,,8876,90,130,mmHg,137.0
503250,500414,500024,3012888,,2021-10-08,32856,83,,8876,60,85,mmHg,83.0
503251,500414,500024,3025315,,2021-10-08,32856,87.1,,9529,45,90,kg,87.1
503252,500414,500024,3038553,,2021-10-08,32856,26.1,,9531,18.5,25,kg/m2,26.1
503253,500415,500024,3004410,,2022-01-10,32856,5.4,,8554,4,5.6,%,5.4
503254,500415,500024,3004501,,2022-01-10,32856,85,,8840,70,99,mg/dL,85.0
503255,500415,500024,3004249,,2022-01-10,32856,147,,8876,90,130,mmHg,147.0
503256,500415,500024,3012888,,2022-01-10,32856,80,,8876,60,85,mmHg,80.0
503257,500415,500024,3025315,,2022-01-10,32856,88.6,,9529,45,90,kg,88.6
503258,500415,500024,3038553,,2022-01-10,32856,26.6,,9531,18.5,25,kg/m2,26.6
503259,500416,500024,3004410,,2022-04-06,32856,5.6,,8554,4,5.6,%,5.6
503260,500416,500024,3004501,,2022-04-06,32856,76,,8840,70,99,mg/dL,76.0
503261,500416,500024,3004249,,2022-04-06,32856,145,,8876,90,130,mmHg,145.0
503262,500416,500024,3012888,,2022-04-06,32856,73,,8876,60,85,mmHg,73.0
503263,500416,500024,3025315,,2022-04-06,32856,88.6,,9529,45,90,kg,88.6
503264,500416,500024,3038553,,2022-04-06,32856,26.6,,9531,18.5,25,kg/m2,26.6
503265,500416,500024,3022192,,2022-04-06,32856,225.9,,8840,0,150,mg/dL,225.9
503266,500416,500024,3007070,,2022-04-06,32856,57.5,,8840,40,60,mg/dL,57.5
503267,500416,500024,3028437,,2022-04-06,32856,164.7,,8840,0,130,mg/dL,164.7
503268,500416,500024,3013721,,2022-04-06,32856,41.4,,8645,0,40,U/L,41.4
503269,500416,500024,3006923,,2022-04-06,32856,25.6,,8645,0,40,U/L,25.6
503270,500416,500024,3016723,,2022-04-06,32856,0.94,,8840,0.6,1.2,mg/dL,0.94
503271,500416,500024,3049187,,2022-04-06,32856,47.2,,9550,90,130,mL/min/1.73m2,47.2
503272,500417,500024,3004410,,2022-07-08,32856,5.8,,8554,4,5.6,%,5.8
503273,500417,500024,3004501,,2022-07-08,32856,99,,8840,70,99,mg/dL,99.0
503274,500417,500024,3004249,,2022-07-08,32856,146,,8876,90,130,mmHg,146.0
503275,500417,500024,3012888,,2022-07-08,32856,79,,8876,60,85,mmHg,79.0
503276,500417,500024,3025315,,2022-07-08,32856,90.7,,9529,45,90,kg,90.7
503277,500417,500024,3038553,,2022-07-08,32856,27.2,,9531,18.5,25,kg/m2,27.2
503278,500418,500024,3004410,,2022-10-10,32856,5.6,,8554,4,5.6,%,5.6
503279,500418,500024,3004501,,2022-10-10,32856,72,,8840,70,99,mg/dL,72.0
503280,500418,500024,3004249,,2022-10-10,32856,139,,8876,90,130,mmHg,139.0
503281,500418,500024,3012888,,2022-10-10,32856,78,,8876,60,85,mmHg,78.0
503282,500418,500024,3025315,,2022-10-10,32856,89.7,,9529,45,90,kg,89.7
503283,500418,500024,3038553,,2022-10-10,32856,26.9,,9531,18.5,25,kg/m2,26.9
503284,500419,500024,3004410,,2023-01-04,32856,5.2,,8554,4,5.6,%,5.2
503285,500419,500024,3004501,,2023-01-04,32856,82,,8840,70,99,mg/dL,82.0
503286,500419,500024,3004249,,2023-01-04,32856,160,,8876,90,130,mmHg,160.0
503287,500419,500024,3012888,,2023-01-04,32856,83,,8876,60,85,mmHg,83.0
503288,500419,500024,3025315,,2023-01-04,32856,87.1,,9529,45,90,kg,87.1
503289,500419,500024,3038553,,2023-01-04,32856,26.1,,9531,18.5,25,kg/m2,26.1
503290,500420,500024,3004410,,2023-04-01,32856,5.6,,8554,4,5.6,%,5.6
503291,500420,500024,3004501,,2023-04-01,32856,122,,8840,70,99,mg/dL,122.0
503292,500420,500024,3004249,,2023-04-01,32856,151,,8876,90,130,mmHg,151.0
503293,500420,500024,3012888,,2023-04-01,32856,91,,8876,60,85,mmHg,91.0
503294,500420,500024,3025315,,2023-04-01,32856,87.9,,9529,45,90,kg,87.9
503295,500420,500024,3038553,,2023-04-01,32856,26.4,,9531,18.5,25,kg/m2,26.4
503296,500420,500024,3022192,,2023-04-01,32856,140.1,,8840,0,150,mg/dL,140.1
503297,500420,500024,3007070,,2023-04-01,32856,36.5,,8840,40,60,mg/dL,36.5
503298,500420,500024,3028437,,2023-04-01,32856,113.6,,8840,0,130,mg/dL,113.6
503299,500420,500024,3013721,,2023-04-01,32856,67.7,,8645,0,40,U/L,67.7
503300,500420,500024,3006923,,2023-04-01,32856,53.4,,8645,0,40,U/L,53.4
503301,500420,500024,3016723,,2023-04-01,32856,1.12,,8840,0.6,1.2,mg/dL,1.12
503302,500420,500024,3049187,,2023-04-01,32856,66.2,,9550,90,130,mL/min/1.73m2,66.2
503303,500421,500024,3004410,,2023-06-26,32856,5.9,,8554,4,5.6,%,5.9
503304,500421,500024,3004501,,2023-06-26,32856,100,,8840,70,99,mg/dL,100.0
503305,500421,500024,3004249,,2023-06-26,32856,148,,8876,90,130,mmHg,148.0
503306,500421,500024,3012888,,2023-06-26,32856,95,,8876,60,85,mmHg,95.0
503307,500421,500024,3025315,,2023-06-26,32856,87.5,,9529,45,90,kg,87.5
503308,500421,500024,3038553,,2023-06-26,32856,26.2,,9531,18.5,25,kg/m2,26.2
503309,500422,500024,3004410,,2023-09-20,32856,5.9,,8554,4,5.6,%,5.9
503310,500422,500024,3004501,,2023-09-20,32856,97,,8840,70,99,mg/dL,97.0
503311,500422,500024,3004249,,2023-09-20,32856,138,,8876,90,130,mmHg,138.0
503312,500422,500024,3012888,,2023-09-20,32856,83,,8876,60,85,mmHg,83.0
503313,500422,500024,3025315,,2023-09-20,32856,88.5,,9529,45,90,kg,88.5
503314,500422,500024,3038553,,2023-09-20,32856,26.5,,9531,18.5,25,kg/m2,26.5
503315,500423,500024,3004410,,2023-12-23,32856,6.1,,8554,4,5.6,%,6.1
503316,500423,500024,3004501,,2023-12-23,32856,138,,8840,70,99,mg/dL,138.0
503317,500423,500024,3004249,,2023-12-23,32856,152,,8876,90,130,mmHg,152.0
503318,500423,500024,3012888,,2023-12-23,32856,68,,8876,60,85,mmHg,68.0
503319,500423,500024,3025315,,2023-12-23,32856,88.5,,9529,45,90,kg,88.5
503320,500423,500024,3038553,,2023-12-23,32856,26.5,,9531,18.5,25,kg/m2,26.5
503321,500424,500024,3004410,,2024-03-24,32856,5.8,,8554,4,5.6,%,5.8
503322,500424,500024,3004501,,2024-03-24,32856,83,,8840,70,99,mg/dL,83.0
503323,500424,500024,3004249,,2024-03-24,32856,139,,8876,90,130,mmHg,139.0
503324,500424,500024,3012888,,2024-03-24,32856,74,,8876,60,85,mmHg,74.0
503325,500424,500024,3025315,,2024-03-24,32856,87.8,,9529,45,90,kg,87.8
503326,500424,500024,3038553,,2024-03-24,32856,26.3,,9531,18.5,25,kg/m2,26.3
503327,500424,500024,3022192,,2024-03-24,32856,183.9,,8840,0,150,mg/dL,183.9
503328,500424,500024,3007070,,2024-03-24,32856,50.2,,8840,40,60,mg/dL,50.2
503329,500424,500024,3028437,,2024-03-24,32856,148,,8840,0,130,mg/dL,148.0
503330,500424,500024,3013721,,2024-03-24,32856,24.6,,8645,0,40,U/L,24.6
503331,500424,500024,3006923,,2024-03-24,32856,0,,8645,0,40,U/L,0
503332,500424,500024,3016723,,2024-03-24,32856,0.86,,8840,0.6,1.2,mg/dL,0.86
503333,500424,500024,3049187,,2024-03-24,32856,44.4,,9550,90,130,mL/min/1.73m2,44.4
503334,500425,500024,3004410,,2024-06-29,32856,5.8,,8554,4,5.6,%,5.8
503335,500425,500024,3004501,,2024-06-29,32856,108,,8840,70,99,mg/dL,108.0
503336,500425,500024,3004249,,2024-06-29,32856,137,,8876,90,130,mmHg,137.0
503337,500425,500024,3012888,,2024-06-29,32856,81,,8876,60,85,mmHg,81.0
503338,500425,500024,3025315,,2024-06-29,32856,87.3,,9529,45,90,kg,87.3
503339,500425,500024,3038553,,2024-06-29,32856,26.2,,9531,18.5,25,kg/m2,26.2
503340,500426,500024,3004410,,2024-09-22,32856,5.9,,8554,4,5.6,%,5.9
503341,500426,500024,3004501,,2024-09-22,32856,107,,8840,70,99,mg/dL,107.0
503342,500426,500024,3004249,,2024-09-22,32856,166,,8876,90,130,mmHg,166.0
503343,500426,500024,3012888,,2024-09-22,32856,73,,8876,60,85,mmHg,73.0
503344,500426,500024,3025315,,2024-09-22,32856,87.8,,9529,45,90,kg,87.8
503345,500426,500024,3038553,,2024-09-22,32856,26.3,,9531,18.5,25,kg/m2,26.3
503346,500427,500024,3004410,,2024-12-24,32856,6,,8554,4,5.6,%,6.0
503347,500427,500024,3004501,,2024-12-24,32856,112,,8840,70,99,mg/dL,112.0
503348,500427,500024,3004249,,2024-12-24,32856,131,,8876,90,130,mmHg,131.0
503349,500427,500024,3012888,,2024-12-24,32856,79,,8876,60,85,mmHg,79.0
503350,500427,500024,3025315,,2024-12-24,32856,88.7,,9529,45,90,kg,88.7
503351,500427,500024,3038553,,2024-12-24,32856,26.6,,9531,18.5,25,kg/m2,26.6
503352,500428,500025,3036277,,2022-10-03,32856,154.5,,8582,150,185,cm,154.5
503353,500428,500025,3004410,,2022-10-03,32856,6.3,,8554,4,5.6,%,6.3
503354,500428,500025,3004501,,2022-10-03,32856,100,,8840,70,99,mg/dL,100.0
503355,500428,500025,3004249,,2022-10-03,32856,136,,8876,90,130,mmHg,136.0
503356,500428,500025,3012888,,2022-10-03,32856,79,,8876,60,85,mmHg,79.0
503357,500428,500025,3025315,,2022-10-03,32856,58.7,,9529,45,90,kg,58.7
503358,500428,500025,3038553,,2022-10-03,32856,24.6,,9531,18.5,25,kg/m2,24.6
503359,500428,500025,3022192,,2022-10-03,32856,244.1,,8840,0,150,mg/dL,244.1
503360,500428,500025,3007070,,2022-10-03,32856,51.4,,8840,40,60,mg/dL,51.4
503361,500428,500025,3028437,,2022-10-03,32856,131.5,,8840,0,130,mg/dL,131.5
503362,500428,500025,3013721,,2022-10-03,32856,54.2,,8645,0,40,U/L,54.2
503363,500428,500025,3006923,,2022-10-03,32856,48.8,,8645,0,40,U/L,48.8
503364,500428,500025,3016723,,2022-10-03,32856,0.79,,8840,0.6,1.2,mg/dL,0.79
503365,500428,500025,3049187,,2022-10-03,32856,92.3,,9550,90,130,mL/min/1.73m2,92.3
503366,500429,500025,3004410,,2023-01-03,32856,5.8,,8554,4,5.6,%,5.8
503367,500429,500025,3004501,,2023-01-03,32856,110,,8840,70,99,mg/dL,110.0
503368,500429,500025,3004249,,2023-01-03,32856,101,,8876,90,130,mmHg,101.0
503369,500429,500025,3012888,,2023-01-03,32856,82,,8876,60,85,mmHg,82.0
503370,500429,500025,3025315,,2023-01-03,32856,57.7,,9529,45,90,kg,57.7
503371,500429,500025,3038553,,2023-01-03,32856,24.2,,9531,18.5,25,kg/m2,24.2
503372,500430,500025,3004410,,2023-04-03,32856,5.6,,8554,4,5.6,%,5.6
503373,500430,500025,3004501,,2023-04-03,32856,104,,8840,70,99,mg/dL,104.0
503374,500430,500025,3004249,,2023-04-03,32856,115,,8876,90,130,mmHg,115.0
503375,500430,500025,3012888,,2023-04-03,32856,81,,8876,60,85,mmHg,81.0
503376,500430,500025,3025315,,2023-04-03,32856,58.9,,9529,45,90,kg,58.9
503377,500430,500025,3038553,,2023-04-03,32856,24.7,,9531,18.5,25,kg/m2,24.7
503378,500431,500025,3004410,,2023-07-07,32856,5.6,,8554,4,5.6,%,5.6
503379,500431,500025,3004501,,2023-07-07,32856,110,,8840,70,99,mg/dL,110.0
503380,500431,500025,3004249,,2023-07-07,32856,124,,8876,90,130,mmHg,124.0
503381,500431,500025,3012888,,2023-07-07,32856,70,,8876,60,85,mmHg,70.0
503382,500431,500025,3025315,,2023-07-07,32856,60.6,,9529,45,90,kg,60.6
503383,500431,500025,3038553,,2023-07-07,32856,25.4,,9531,18.5,25,kg/m2,25.4
503384,500432,500025,3004410,,2023-10-08,32856,5.5,,8554,4,5.6,%,5.5
503385,500432,500025,3004501,,2023-10-08,32856,88,,8840,70,99,mg/dL,88.0
503386,500432,500025,3004249,,2023-10-08,32856,137,,8876,90,130,mmHg,137.0
503387,500432,500025,3012888,,2023-10-08,32856,79,,8876,60,85,mmHg,79.0
503388,500432,500025,3025315,,2023-10-08,32856,59.3,,9529,45,90,kg,59.3
503389,500432,500025,3038553,,2023-10-08,32856,24.8,,9531,18.5,25,kg/m2,24.8
503390,500432,500025,3022192,,2023-10-08,32856,169.3,,8840,0,150,mg/dL,169.3
503391,500432,500025,3007070,,2023-10-08,32856,35.5,,8840,40,60,mg/dL,35.5
503392,500432,500025,3028437,,2023-10-08,32856,131.3,,8840,0,130,mg/dL,131.3
503393,500432,500025,3013721,,2023-10-08,32856,59.9,,8645,0,40,U/L,59.9
503394,500432,500025,3006923,,2023-10-08,32856,50,,8645,0,40,U/L,50.0
503395,500432,500025,3016723,,2023-10-08,32856,1.07,,8840,0.6,1.2,mg/dL,1.07
503396,500432,500025,3049187,,2023-10-08,32856,94.9,,9550,90,130,mL/min/1.73m2,94.9
503397,500433,500025,3004410,,2024-01-13,32856,5,,8554,4,5.6,%,5.0
503398,500433,500025,3004501,,2024-01-13,32856,67,,8840,70,99,mg/dL,67.0
503399,500433,500025,3004249,,2024-01-13,32856,150,,8876,90,130,mmHg,150.0
503400,500433,500025,3012888,,2024-01-13,32856,73,,8876,60,85,mmHg,73.0
503401,500433,500025,3025315,,2024-01-13,32856,58.8,,9529,45,90,kg,58.8
503402,500433,500025,3038553,,2024-01-13,32856,24.6,,9531,18.5,25,kg/m2,24.6
503403,500434,500025,3004410,,2024-04-07,32856,5,,8554,4,5.6,%,5.0
503404,500434,500025,3004501,,2024-04-07,32856,87,,8840,70,99,mg/dL,87.0
503405,500434,500025,3004249,,2024-04-07,32856,131,,8876,90,130,mmHg,131.0
503406,500434,500025,3012888,,2024-04-07,32856,87,,8876,60,85,mmHg,87.0
503407,500434,500025,3025315,,2024-04-07,32856,59.6,,9529,45,90,kg,59.6
503408,500434,500025,3038553,,2024-04-07,32856,25,,9531,18.5,25,kg/m2,25.0
503409,500435,500025,3004410,,2024-07-06,32856,5.9,,8554,4,5.6,%,5.9
503410,500435,500025,3004501,,2024-07-06,32856,110,,8840,70,99,mg/dL,110.0
503411,500435,500025,3004249,,2024-07-06,32856,133,,8876,90,130,mmHg,133.0
503412,500435,500025,3012888,,2024-07-06,32856,94,,8876,60,85,mmHg,94.0
503413,500435,500025,3025315,,2024-07-06,32856,60.9,,9529,45,90,kg,60.9
503414,500435,500025,3038553,,2024-07-06,32856,25.5,,9531,18.5,25,kg/m2,25.5
503415,500436,500025,3004410,,2024-09-30,32856,5.6,,8554,4,5.6,%,5.6
503416,500436,500025,3004501,,2024-09-30,32856,103,,8840,70,99,mg/dL,103.0
503417,500436,500025,3004249,,2024-09-30,32856,129,,8876,90,130,mmHg,129.0
503418,500436,500025,3012888,,2024-09-30,32856,80,,8876,60,85,mmHg,80.0
503419,500436,500025,3025315,,2024-09-30,32856,61.4,,9529,45,90,kg,61.4
503420,500436,500025,3038553,,2024-09-30,32856,25.7,,9531,18.5,25,kg/m2,25.7
503421,500436,500025,3022192,,2024-09-30,32856,167.3,,8840,0,150,mg/dL,167.3
503422,500436,500025,3007070,,2024-09-30,32856,44.9,,8840,40,60,mg/dL,44.9
503423,500436,500025,3028437,,2024-09-30,32856,142.4,,8840,0,130,mg/dL,142.4
503424,500436,500025,3013721,,2024-09-30,32856,36.9,,8645,0,40,U/L,36.9
503425,500436,500025,3006923,,2024-09-30,32856,38.4,,8645,0,40,U/L,38.4
503426,500436,500025,3016723,,2024-09-30,32856,0.62,,8840,0.6,1.2,mg/dL,0.62
503427,500436,500025,3049187,,2024-09-30,32856,49.3,,9550,90,130,mL/min/1.73m2,49.3
503428,500437,500025,3004410,,2024-12-26,32856,5.9,,8554,4,5.6,%,5.9
503429,500437,500025,3004501,,2024-12-26,32856,92,,8840,70,99,mg/dL,92.0
503430,500437,500025,3004249,,2024-12-26,32856,113,,8876,90,130,mmHg,113.0
503431,500437,500025,3012888,,2024-12-26,32856,96,,8876,60,85,mmHg,96.0
503432,500437,500025,3025315,,2024-12-26,32856,62.2,,9529,45,90,kg,62.2
503433,500437,500025,3038553,,2024-12-26,32856,26.1,,9531,18.5,25,kg/m2,26.1
503434,500438,500025,3004410,,2025-03-26,32856,5.8,,8554,4,5.6,%,5.8
503435,500438,500025,3004501,,2025-03-26,32856,93,,8840,70,99,mg/dL,93.0
503436,500438,500025,3004249,,2025-03-26,32856,135,,8876,90,130,mmHg,135.0
503437,500438,500025,3012888,,2025-03-26,32856,77,,8876,60,85,mmHg,77.0
503438,500438,500025,3025315,,2025-03-26,32856,60.8,,9529,45,90,kg,60.8
503439,500438,500025,3038553,,2025-03-26,32856,25.5,,9531,18.5,25,kg/m2,25.5
503440,500439,500025,3004410,,2025-06-29,32856,6.4,,8554,4,5.6,%,6.4
503441,500439,500025,3004501,,2025-06-29,32856,114,,8840,70,99,mg/dL,114.0
503442,500439,500025,3004249,,2025-06-29,32856,130,,8876,90,130,mmHg,130.0
503443,500439,500025,3012888,,2025-06-29,32856,70,,8876,60,85,mmHg,70.0
503444,500439,500025,3025315,,2025-06-29,32856,61.4,,9529,45,90,kg,61.4
503445,500439,500025,3038553,,2025-06-29,32856,25.7,,9531,18.5,25,kg/m2,25.7
503446,500440,500025,3004410,,2025-09-25,32856,5.9,,8554,4,5.6,%,5.9
503447,500440,500025,3004501,,2025-09-25,32856,94,,8840,70,99,mg/dL,94.0
503448,500440,500025,3004249,,2025-09-25,32856,123,,8876,90,130,mmHg,123.0
503449,500440,500025,3012888,,2025-09-25,32856,76,,8876,60,85,mmHg,76.0
503450,500440,500025,3025315,,2025-09-25,32856,62,,9529,45,90,kg,62.0
503451,500440,500025,3038553,,2025-09-25,32856,26,,9531,18.5,25,kg/m2,26.0
503452,500440,500025,3022192,,2025-09-25,32856,154.5,,8840,0,150,mg/dL,154.5
503453,500440,500025,3007070,,2025-09-25,32856,41.2,,8840,40,60,mg/dL,41.2
503454,500440,500025,3028437,,2025-09-25,32856,117.2,,8840,0,130,mg/dL,117.2
503455,500440,500025,3013721,,2025-09-25,32856,51.1,,8645,0,40,U/L,51.1
503456,500440,500025,3006923,,2025-09-25,32856,61.5,,8645,0,40,U/L,61.5
503457,500440,500025,3016723,,2025-09-25,32856,0.82,,8840,0.6,1.2,mg/dL,0.82
503458,500440,500025,3049187,,2025-09-25,32856,92,,9550,90,130,mL/min/1.73m2,92.0
503459,500441,500025,3004410,,2025-12-19,32856,6.4,,8554,4,5.6,%,6.4
503460,500441,500025,3004501,,2025-12-19,32856,125,,8840,70,99,mg/dL,125.0
503461,500441,500025,3004249,,2025-12-19,32856,121,,8876,90,130,mmHg,121.0
503462,500441,500025,3012888,,2025-12-19,32856,72,,8876,60,85,mmHg,72.0
503463,500441,500025,3025315,,2025-12-19,32856,62.6,,9529,45,90,kg,62.6
503464,500441,500025,3038553,,2025-12-19,32856,26.2,,9531,18.5,25,kg/m2,26.2
503465,500442,500025,3004410,,2026-03-24,32856,6.4,,8554,4,5.6,%,6.4
503466,500442,500025,3004501,,2026-03-24,32856,124,,8840,70,99,mg/dL,124.0
503467,500442,500025,3004249,,2026-03-24,32856,124,,8876,90,130,mmHg,124.0
503468,500442,500025,3012888,,2026-03-24,32856,77,,8876,60,85,mmHg,77.0
503469,500442,500025,3025315,,2026-03-24,32856,62.6,,9529,45,90,kg,62.6
503470,500442,500025,3038553,,2026-03-24,32856,26.2,,9531,18.5,25,kg/m2,26.2
503471,500443,500025,3004410,,2026-06-24,32856,6.2,,8554,4,5.6,%,6.2
503472,500443,500025,3004501,,2026-06-24,32856,124,,8840,70,99,mg/dL,124.0
503473,500443,500025,3004249,,2026-06-24,32856,101,,8876,90,130,mmHg,101.0
503474,500443,500025,3012888,,2026-06-24,32856,80,,8876,60,85,mmHg,80.0
503475,500443,500025,3025315,,2026-06-24,32856,63.4,,9529,45,90,kg,63.4
503476,500443,500025,3038553,,2026-06-24,32856,26.6,,9531,18.5,25,kg/m2,26.6
503477,500444,500026,3036277,,2018-10-18,32856,168.8,,8582,150,185,cm,168.8
503478,500444,500026,3004410,,2018-10-18,32856,8.8,,8554,4,5.6,%,8.8
503479,500444,500026,3004501,,2018-10-18,32856,172,,8840,70,99,mg/dL,172.0
503480,500444,500026,3004249,,2018-10-18,32856,136,,8876,90,130,mmHg,136.0
503481,500444,500026,3012888,,2018-10-18,32856,69,,8876,60,85,mmHg,69.0
503482,500444,500026,3025315,,2018-10-18,32856,75.8,,9529,45,90,kg,75.8
503483,500444,500026,3038553,,2018-10-18,32856,26.6,,9531,18.5,25,kg/m2,26.6
503484,500444,500026,3022192,,2018-10-18,32856,203.9,,8840,0,150,mg/dL,203.9
503485,500444,500026,3007070,,2018-10-18,32856,70.5,,8840,40,60,mg/dL,70.5
503486,500444,500026,3028437,,2018-10-18,32856,33.2,,8840,0,130,mg/dL,33.2
503487,500444,500026,3013721,,2018-10-18,32856,43.6,,8645,0,40,U/L,43.6
503488,500444,500026,3006923,,2018-10-18,32856,30,,8645,0,40,U/L,30.0
503489,500444,500026,3016723,,2018-10-18,32856,1.12,,8840,0.6,1.2,mg/dL,1.12
503490,500444,500026,3049187,,2018-10-18,32856,72.2,,9550,90,130,mL/min/1.73m2,72.2
503491,500445,500026,3004410,,2019-01-19,32856,8.2,,8554,4,5.6,%,8.2
503492,500445,500026,3004501,,2019-01-19,32856,161,,8840,70,99,mg/dL,161.0
503493,500445,500026,3004249,,2019-01-19,32856,150,,8876,90,130,mmHg,150.0
503494,500445,500026,3012888,,2019-01-19,32856,79,,8876,60,85,mmHg,79.0
503495,500445,500026,3025315,,2019-01-19,32856,73.7,,9529,45,90,kg,73.7
503496,500445,500026,3038553,,2019-01-19,32856,25.9,,9531,18.5,25,kg/m2,25.9
503497,500446,500026,3004410,,2019-04-16,32856,7.4,,8554,4,5.6,%,7.4
503498,500446,500026,3004501,,2019-04-16,32856,167,,8840,70,99,mg/dL,167.0
503499,500446,500026,3004249,,2019-04-16,32856,123,,8876,90,130,mmHg,123.0
503500,500446,500026,3012888,,2019-04-16,32856,91,,8876,60,85,mmHg,91.0
503501,500446,500026,3025315,,2019-04-16,32856,72.6,,9529,45,90,kg,72.6
503502,500446,500026,3038553,,2019-04-16,32856,25.5,,9531,18.5,25,kg/m2,25.5
503503,500447,500026,3004410,,2019-07-22,32856,7.9,,8554,4,5.6,%,7.9
503504,500447,500026,3004501,,2019-07-22,32856,166,,8840,70,99,mg/dL,166.0
503505,500447,500026,3004249,,2019-07-22,32856,150,,8876,90,130,mmHg,150.0
503506,500447,500026,3012888,,2019-07-22,32856,91,,8876,60,85,mmHg,91.0
503507,500447,500026,3025315,,2019-07-22,32856,74.4,,9529,45,90,kg,74.4
503508,500447,500026,3038553,,2019-07-22,32856,26.1,,9531,18.5,25,kg/m2,26.1
503509,500448,500026,3004410,,2019-10-15,32856,8.3,,8554,4,5.6,%,8.3
503510,500448,500026,3004501,,2019-10-15,32856,161,,8840,70,99,mg/dL,161.0
503511,500448,500026,3004249,,2019-10-15,32856,122,,8876,90,130,mmHg,122.0
503512,500448,500026,3012888,,2019-10-15,32856,80,,8876,60,85,mmHg,80.0
503513,500448,500026,3025315,,2019-10-15,32856,75.4,,9529,45,90,kg,75.4
503514,500448,500026,3038553,,2019-10-15,32856,26.5,,9531,18.5,25,kg/m2,26.5
503515,500448,500026,3022192,,2019-10-15,32856,142.7,,8840,0,150,mg/dL,142.7
503516,500448,500026,3007070,,2019-10-15,32856,32.8,,8840,40,60,mg/dL,32.8
503517,500448,500026,3028437,,2019-10-15,32856,183.2,,8840,0,130,mg/dL,183.2
503518,500448,500026,3013721,,2019-10-15,32856,54.3,,8645,0,40,U/L,54.3
503519,500448,500026,3006923,,2019-10-15,32856,23.7,,8645,0,40,U/L,23.7
503520,500448,500026,3016723,,2019-10-15,32856,1.22,,8840,0.6,1.2,mg/dL,1.22
503521,500448,500026,3049187,,2019-10-15,32856,138.8,,9550,90,130,mL/min/1.73m2,138.8
503522,500449,500026,3004410,,2020-01-20,32856,7.5,,8554,4,5.6,%,7.5
503523,500449,500026,3004501,,2020-01-20,32856,135,,8840,70,99,mg/dL,135.0
503524,500449,500026,3004249,,2020-01-20,32856,153,,8876,90,130,mmHg,153.0
503525,500449,500026,3012888,,2020-01-20,32856,69,,8876,60,85,mmHg,69.0
503526,500449,500026,3025315,,2020-01-20,32856,74.6,,9529,45,90,kg,74.6
503527,500449,500026,3038553,,2020-01-20,32856,26.2,,9531,18.5,25,kg/m2,26.2
503528,500450,500026,3004410,,2020-04-20,32856,7.4,,8554,4,5.6,%,7.4
503529,500450,500026,3004501,,2020-04-20,32856,119,,8840,70,99,mg/dL,119.0
503530,500450,500026,3004249,,2020-04-20,32856,134,,8876,90,130,mmHg,134.0
503531,500450,500026,3012888,,2020-04-20,32856,101,,8876,60,85,mmHg,101.0
503532,500450,500026,3025315,,2020-04-20,32856,72.9,,9529,45,90,kg,72.9
503533,500450,500026,3038553,,2020-04-20,32856,25.6,,9531,18.5,25,kg/m2,25.6
503534,500451,500026,3004410,,2020-07-25,32856,7.3,,8554,4,5.6,%,7.3
503535,500451,500026,3004501,,2020-07-25,32856,107,,8840,70,99,mg/dL,107.0
503536,500451,500026,3004249,,2020-07-25,32856,134,,8876,90,130,mmHg,134.0
503537,500451,500026,3012888,,2020-07-25,32856,91,,8876,60,85,mmHg,91.0
503538,500451,500026,3025315,,2020-07-25,32856,73.2,,9529,45,90,kg,73.2
503539,500451,500026,3038553,,2020-07-25,32856,25.7,,9531,18.5,25,kg/m2,25.7
503540,500452,500026,3004410,,2020-10-29,32856,7,,8554,4,5.6,%,7.0
503541,500452,500026,3004501,,2020-10-29,32856,141,,8840,70,99,mg/dL,141.0
503542,500452,500026,3004249,,2020-10-29,32856,145,,8876,90,130,mmHg,145.0
503543,500452,500026,3012888,,2020-10-29,32856,87,,8876,60,85,mmHg,87.0
503544,500452,500026,3025315,,2020-10-29,32856,74.3,,9529,45,90,kg,74.3
503545,500452,500026,3038553,,2020-10-29,32856,26.1,,9531,18.5,25,kg/m2,26.1
503546,500452,500026,3022192,,2020-10-29,32856,96.7,,8840,0,150,mg/dL,96.7
503547,500452,500026,3007070,,2020-10-29,32856,49.1,,8840,40,60,mg/dL,49.1
503548,500452,500026,3028437,,2020-10-29,32856,113.9,,8840,0,130,mg/dL,113.9
503549,500452,500026,3013721,,2020-10-29,32856,0,,8645,0,40,U/L,0
503550,500452,500026,3006923,,2020-10-29,32856,65.7,,8645,0,40,U/L,65.7
503551,500452,500026,3016723,,2020-10-29,32856,0.92,,8840,0.6,1.2,mg/dL,0.92
503552,500452,500026,3049187,,2020-10-29,32856,82.1,,9550,90,130,mL/min/1.73m2,82.1
503553,500453,500026,3004410,,2021-02-03,32856,6.6,,8554,4,5.6,%,6.6
503554,500453,500026,3004501,,2021-02-03,32856,119,,8840,70,99,mg/dL,119.0
503555,500453,500026,3004249,,2021-02-03,32856,139,,8876,90,130,mmHg,139.0
503556,500453,500026,3012888,,2021-02-03,32856,79,,8876,60,85,mmHg,79.0
503557,500453,500026,3025315,,2021-02-03,32856,73.4,,9529,45,90,kg,73.4
503558,500453,500026,3038553,,2021-02-03,32856,25.8,,9531,18.5,25,kg/m2,25.8
503559,500454,500026,3004410,,2021-05-09,32856,6.9,,8554,4,5.6,%,6.9
503560,500454,500026,3004501,,2021-05-09,32856,126,,8840,70,99,mg/dL,126.0
503561,500454,500026,3004249,,2021-05-09,32856,141,,8876,90,130,mmHg,141.0
503562,500454,500026,3012888,,2021-05-09,32856,68,,8876,60,85,mmHg,68.0
503563,500454,500026,3025315,,2021-05-09,32856,73.9,,9529,45,90,kg,73.9
503564,500454,500026,3038553,,2021-05-09,32856,25.9,,9531,18.5,25,kg/m2,25.9
503565,500455,500026,3004410,,2021-08-08,32856,7.4,,8554,4,5.6,%,7.4
503566,500455,500026,3004501,,2021-08-08,32856,125,,8840,70,99,mg/dL,125.0
503567,500455,500026,3004249,,2021-08-08,32856,142,,8876,90,130,mmHg,142.0
503568,500455,500026,3012888,,2021-08-08,32856,102,,8876,60,85,mmHg,102.0
503569,500455,500026,3025315,,2021-08-08,32856,73.1,,9529,45,90,kg,73.1
503570,500455,500026,3038553,,2021-08-08,32856,25.7,,9531,18.5,25,kg/m2,25.7
503571,500456,500026,3004410,,2021-10-31,32856,6.5,,8554,4,5.6,%,6.5
503572,500456,500026,3004501,,2021-10-31,32856,113,,8840,70,99,mg/dL,113.0
503573,500456,500026,3004249,,2021-10-31,32856,133,,8876,90,130,mmHg,133.0
503574,500456,500026,3012888,,2021-10-31,32856,82,,8876,60,85,mmHg,82.0
503575,500456,500026,3025315,,2021-10-31,32856,72.4,,9529,45,90,kg,72.4
503576,500456,500026,3038553,,2021-10-31,32856,25.4,,9531,18.5,25,kg/m2,25.4
503577,500456,500026,3022192,,2021-10-31,32856,247,,8840,0,150,mg/dL,247.0
503578,500456,500026,3007070,,2021-10-31,32856,36,,8840,40,60,mg/dL,36.0
503579,500456,500026,3028437,,2021-10-31,32856,59.6,,8840,0,130,mg/dL,59.6
503580,500456,500026,3013721,,2021-10-31,32856,43.7,,8645,0,40,U/L,43.7
503581,500456,500026,3006923,,2021-10-31,32856,47.3,,8645,0,40,U/L,47.3
503582,500456,500026,3016723,,2021-10-31,32856,1.16,,8840,0.6,1.2,mg/dL,1.16
503583,500456,500026,3049187,,2021-10-31,32856,74.9,,9550,90,130,mL/min/1.73m2,74.9
503584,500457,500026,3004410,,2022-01-30,32856,7,,8554,4,5.6,%,7.0
503585,500457,500026,3004501,,2022-01-30,32856,116,,8840,70,99,mg/dL,116.0
503586,500457,500026,3004249,,2022-01-30,32856,139,,8876,90,130,mmHg,139.0
503587,500457,500026,3012888,,2022-01-30,32856,70,,8876,60,85,mmHg,70.0
503588,500457,500026,3025315,,2022-01-30,32856,73.8,,9529,45,90,kg,73.8
503589,500457,500026,3038553,,2022-01-30,32856,25.9,,9531,18.5,25,kg/m2,25.9
503590,500458,500026,3004410,,2022-05-05,32856,7.1,,8554,4,5.6,%,7.1
503591,500458,500026,3004501,,2022-05-05,32856,120,,8840,70,99,mg/dL,120.0
503592,500458,500026,3004249,,2022-05-05,32856,132,,8876,90,130,mmHg,132.0
503593,500458,500026,3012888,,2022-05-05,32856,90,,8876,60,85,mmHg,90.0
503594,500458,500026,3025315,,2022-05-05,32856,73.8,,9529,45,90,kg,73.8
503595,500458,500026,3038553,,2022-05-05,32856,25.9,,9531,18.5,25,kg/m2,25.9
503596,500459,500026,3004410,,2022-08-02,32856,7,,8554,4,5.6,%,7.0
503597,500459,500026,3004501,,2022-08-02,32856,124,,8840,70,99,mg/dL,124.0
503598,500459,500026,3004249,,2022-08-02,32856,131,,8876,90,130,mmHg,131.0
503599,500459,500026,3012888,,2022-08-02,32856,83,,8876,60,85,mmHg,83.0
503600,500459,500026,3025315,,2022-08-02,32856,75.5,,9529,45,90,kg,75.5
503601,500459,500026,3038553,,2022-08-02,32856,26.5,,9531,18.5,25,kg/m2,26.5
503602,500460,500026,3004410,,2022-10-29,32856,7.6,,8554,4,5.6,%,7.6
503603,500460,500026,3004501,,2022-10-29,32856,164,,8840,70,99,mg/dL,164.0
503604,500460,500026,3004249,,2022-10-29,32856,123,,8876,90,130,mmHg,123.0
503605,500460,500026,3012888,,2022-10-29,32856,92,,8876,60,85,mmHg,92.0
503606,500460,500026,3025315,,2022-10-29,32856,75.3,,9529,45,90,kg,75.3
503607,500460,500026,3038553,,2022-10-29,32856,26.4,,9531,18.5,25,kg/m2,26.4
503608,500460,500026,3022192,,2022-10-29,32856,228.3,,8840,0,150,mg/dL,228.3
503609,500460,500026,3007070,,2022-10-29,32856,53.9,,8840,40,60,mg/dL,53.9
503610,500460,500026,3028437,,2022-10-29,32856,102.1,,8840,0,130,mg/dL,102.1
503611,500460,500026,3013721,,2022-10-29,32856,39,,8645,0,40,U/L,39.0
503612,500460,500026,3006923,,2022-10-29,32856,9.1,,8645,0,40,U/L,9.1
503613,500460,500026,3016723,,2022-10-29,32856,0.52,,8840,0.6,1.2,mg/dL,0.52
503614,500460,500026,3049187,,2022-10-29,32856,51.4,,9550,90,130,mL/min/1.73m2,51.4
503615,500461,500026,3004410,,2023-01-24,32856,7.5,,8554,4,5.6,%,7.5
503616,500461,500026,3004501,,2023-01-24,32856,153,,8840,70,99,mg/dL,153.0
503617,500461,500026,3004249,,2023-01-24,32856,138,,8876,90,130,mmHg,138.0
503618,500461,500026,3012888,,2023-01-24,32856,93,,8876,60,85,mmHg,93.0
503619,500461,500026,3025315,,2023-01-24,32856,76,,9529,45,90,kg,76.0
503620,500461,500026,3038553,,2023-01-24,32856,26.7,,9531,18.5,25,kg/m2,26.7
503621,500462,500026,3004410,,2023-04-19,32856,7.7,,8554,4,5.6,%,7.7
503622,500462,500026,3004501,,2023-04-19,32856,131,,8840,70,99,mg/dL,131.0
503623,500462,500026,3004249,,2023-04-19,32856,157,,8876,90,130,mmHg,157.0
503624,500462,500026,3012888,,2023-04-19,32856,90,,8876,60,85,mmHg,90.0
503625,500462,500026,3025315,,2023-04-19,32856,77.2,,9529,45,90,kg,77.2
503626,500462,500026,3038553,,2023-04-19,32856,27.1,,9531,18.5,25,kg/m2,27.1
503627,500463,500026,3004410,,2023-07-12,32856,7.5,,8554,4,5.6,%,7.5
503628,500463,500026,3004501,,2023-07-12,32856,159,,8840,70,99,mg/dL,159.0
503629,500463,500026,3004249,,2023-07-12,32856,136,,8876,90,130,mmHg,136.0
503630,500463,500026,3012888,,2023-07-12,32856,84,,8876,60,85,mmHg,84.0
503631,500463,500026,3025315,,2023-07-12,32856,78.1,,9529,45,90,kg,78.1
503632,500463,500026,3038553,,2023-07-12,32856,27.4,,9531,18.5,25,kg/m2,27.4
503633,500464,500026,3004410,,2023-10-17,32856,7.8,,8554,4,5.6,%,7.8
503634,500464,500026,3004501,,2023-10-17,32856,136,,8840,70,99,mg/dL,136.0
503635,500464,500026,3004249,,2023-10-17,32856,134,,8876,90,130,mmHg,134.0
503636,500464,500026,3012888,,2023-10-17,32856,81,,8876,60,85,mmHg,81.0
503637,500464,500026,3025315,,2023-10-17,32856,79,,9529,45,90,kg,79.0
503638,500464,500026,3038553,,2023-10-17,32856,27.7,,9531,18.5,25,kg/m2,27.7
503639,500464,500026,3022192,,2023-10-17,32856,245,,8840,0,150,mg/dL,245.0
503640,500464,500026,3007070,,2023-10-17,32856,28.6,,8840,40,60,mg/dL,28.6
503641,500464,500026,3028437,,2023-10-17,32856,144,,8840,0,130,mg/dL,144.0
503642,500464,500026,3013721,,2023-10-17,32856,23.3,,8645,0,40,U/L,23.3
503643,500464,500026,3006923,,2023-10-17,32856,51.1,,8645,0,40,U/L,51.1
503644,500464,500026,3016723,,2023-10-17,32856,0.91,,8840,0.6,1.2,mg/dL,0.91
503645,500464,500026,3049187,,2023-10-17,32856,104.5,,9550,90,130,mL/min/1.73m2,104.5
503646,500465,500027,3036277,,2018-10-27,32856,159.4,,8582,150,185,cm,159.4
503647,500465,500027,3004410,,2018-10-27,32856,9,,8554,4,5.6,%,9.0
503648,500465,500027,3004501,,2018-10-27,32856,182,,8840,70,99,mg/dL,182.0
503649,500465,500027,3004249,,2018-10-27,32856,135,,8876,90,130,mmHg,135.0
503650,500465,500027,3012888,,2018-10-27,32856,74,,8876,60,85,mmHg,74.0
503651,500465,500027,3025315,,2018-10-27,32856,60,,9529,45,90,kg,60.0
503652,500465,500027,3038553,,2018-10-27,32856,23.6,,9531,18.5,25,kg/m2,23.6
503653,500465,500027,3022192,,2018-10-27,32856,187,,8840,0,150,mg/dL,187.0
503654,500465,500027,3007070,,2018-10-27,32856,42.8,,8840,40,60,mg/dL,42.8
503655,500465,500027,3028437,,2018-10-27,32856,134.8,,8840,0,130,mg/dL,134.8
503656,500465,500027,3013721,,2018-10-27,32856,60.3,,8645,0,40,U/L,60.3
503657,500465,500027,3006923,,2018-10-27,32856,29,,8645,0,40,U/L,29.0
503658,500465,500027,3016723,,2018-10-27,32856,1.21,,8840,0.6,1.2,mg/dL,1.21
503659,500465,500027,3049187,,2018-10-27,32856,86.6,,9550,90,130,mL/min/1.73m2,86.6
503660,500466,500027,3004410,,2019-01-21,32856,8.6,,8554,4,5.6,%,8.6
503661,500466,500027,3004501,,2019-01-21,32856,161,,8840,70,99,mg/dL,161.0
503662,500466,500027,3004249,,2019-01-21,32856,132,,8876,90,130,mmHg,132.0
503663,500466,500027,3012888,,2019-01-21,32856,87,,8876,60,85,mmHg,87.0
503664,500466,500027,3025315,,2019-01-21,32856,62.4,,9529,45,90,kg,62.4
503665,500466,500027,3038553,,2019-01-21,32856,24.6,,9531,18.5,25,kg/m2,24.6
503666,500467,500027,3004410,,2019-04-25,32856,8,,8554,4,5.6,%,8.0
503667,500467,500027,3004501,,2019-04-25,32856,163,,8840,70,99,mg/dL,163.0
503668,500467,500027,3004249,,2019-04-25,32856,135,,8876,90,130,mmHg,135.0
503669,500467,500027,3012888,,2019-04-25,32856,86,,8876,60,85,mmHg,86.0
503670,500467,500027,3025315,,2019-04-25,32856,63.6,,9529,45,90,kg,63.6
503671,500467,500027,3038553,,2019-04-25,32856,25,,9531,18.5,25,kg/m2,25.0
503672,500468,500027,3004410,,2019-07-22,32856,8.1,,8554,4,5.6,%,8.1
503673,500468,500027,3004501,,2019-07-22,32856,169,,8840,70,99,mg/dL,169.0
503674,500468,500027,3004249,,2019-07-22,32856,149,,8876,90,130,mmHg,149.0
503675,500468,500027,3012888,,2019-07-22,32856,89,,8876,60,85,mmHg,89.0
503676,500468,500027,3025315,,2019-07-22,32856,64.6,,9529,45,90,kg,64.6
503677,500468,500027,3038553,,2019-07-22,32856,25.4,,9531,18.5,25,kg/m2,25.4
503678,500469,500027,3004410,,2019-10-27,32856,7.4,,8554,4,5.6,%,7.4
503679,500469,500027,3004501,,2019-10-27,32856,152,,8840,70,99,mg/dL,152.0
503680,500469,500027,3004249,,2019-10-27,32856,121,,8876,90,130,mmHg,121.0
503681,500469,500027,3012888,,2019-10-27,32856,77,,8876,60,85,mmHg,77.0
503682,500469,500027,3025315,,2019-10-27,32856,65.9,,9529,45,90,kg,65.9
503683,500469,500027,3038553,,2019-10-27,32856,25.9,,9531,18.5,25,kg/m2,25.9
503684,500469,500027,3022192,,2019-10-27,32856,132,,8840,0,150,mg/dL,132.0
503685,500469,500027,3007070,,2019-10-27,32856,64.8,,8840,40,60,mg/dL,64.8
503686,500469,500027,3028437,,2019-10-27,32856,150.3,,8840,0,130,mg/dL,150.3
503687,500469,500027,3013721,,2019-10-27,32856,54.2,,8645,0,40,U/L,54.2
503688,500469,500027,3006923,,2019-10-27,32856,39.7,,8645,0,40,U/L,39.7
503689,500469,500027,3016723,,2019-10-27,32856,1.18,,8840,0.6,1.2,mg/dL,1.18
503690,500469,500027,3049187,,2019-10-27,32856,73.7,,9550,90,130,mL/min/1.73m2,73.7
503691,500470,500027,3004410,,2020-01-19,32856,7.3,,8554,4,5.6,%,7.3
503692,500470,500027,3004501,,2020-01-19,32856,132,,8840,70,99,mg/dL,132.0
503693,500470,500027,3004249,,2020-01-19,32856,122,,8876,90,130,mmHg,122.0
503694,500470,500027,3012888,,2020-01-19,32856,93,,8876,60,85,mmHg,93.0
503695,500470,500027,3025315,,2020-01-19,32856,65.4,,9529,45,90,kg,65.4
503696,500470,500027,3038553,,2020-01-19,32856,25.7,,9531,18.5,25,kg/m2,25.7
503697,500471,500027,3004410,,2020-04-16,32856,8.2,,8554,4,5.6,%,8.2
503698,500471,500027,3004501,,2020-04-16,32856,157,,8840,70,99,mg/dL,157.0
503699,500471,500027,3004249,,2020-04-16,32856,135,,8876,90,130,mmHg,135.0
503700,500471,500027,3012888,,2020-04-16,32856,93,,8876,60,85,mmHg,93.0
503701,500471,500027,3025315,,2020-04-16,32856,65.2,,9529,45,90,kg,65.2
503702,500471,500027,3038553,,2020-04-16,32856,25.7,,9531,18.5,25,kg/m2,25.7
503703,500472,500027,3004410,,2020-07-20,32856,7.9,,8554,4,5.6,%,7.9
503704,500472,500027,3004501,,2020-07-20,32856,137,,8840,70,99,mg/dL,137.0
503705,500472,500027,3004249,,2020-07-20,32856,125,,8876,90,130,mmHg,125.0
503706,500472,500027,3012888,,2020-07-20,32856,81,,8876,60,85,mmHg,81.0
503707,500472,500027,3025315,,2020-07-20,32856,65.8,,9529,45,90,kg,65.8
503708,500472,500027,3038553,,2020-07-20,32856,25.9,,9531,18.5,25,kg/m2,25.9
503709,500473,500027,3004410,,2020-10-24,32856,8.1,,8554,4,5.6,%,8.1
503710,500473,500027,3004501,,2020-10-24,32856,173,,8840,70,99,mg/dL,173.0
503711,500473,500027,3004249,,2020-10-24,32856,133,,8876,90,130,mmHg,133.0
503712,500473,500027,3012888,,2020-10-24,32856,87,,8876,60,85,mmHg,87.0
503713,500473,500027,3025315,,2020-10-24,32856,67.3,,9529,45,90,kg,67.3
503714,500473,500027,3038553,,2020-10-24,32856,26.5,,9531,18.5,25,kg/m2,26.5
503715,500473,500027,3022192,,2020-10-24,32856,68.1,,8840,0,150,mg/dL,68.1
503716,500473,500027,3007070,,2020-10-24,32856,40.4,,8840,40,60,mg/dL,40.4
503717,500473,500027,3028437,,2020-10-24,32856,129,,8840,0,130,mg/dL,129.0
503718,500473,500027,3013721,,2020-10-24,32856,49.1,,8645,0,40,U/L,49.1
503719,500473,500027,3006923,,2020-10-24,32856,51.1,,8645,0,40,U/L,51.1
503720,500473,500027,3016723,,2020-10-24,32856,0.87,,8840,0.6,1.2,mg/dL,0.87
503721,500473,500027,3049187,,2020-10-24,32856,110.7,,9550,90,130,mL/min/1.73m2,110.7
503722,500474,500027,3004410,,2021-01-25,32856,7.9,,8554,4,5.6,%,7.9
503723,500474,500027,3004501,,2021-01-25,32856,131,,8840,70,99,mg/dL,131.0
503724,500474,500027,3004249,,2021-01-25,32856,152,,8876,90,130,mmHg,152.0
503725,500474,500027,3012888,,2021-01-25,32856,85,,8876,60,85,mmHg,85.0
503726,500474,500027,3025315,,2021-01-25,32856,66.2,,9529,NOT_A_NUMBER,90,kg,66.2
503727,500474,500027,3038553,,2021-01-25,32856,26.1,,9531,18.5,25,kg/m2,26.1
503728,500475,500027,3004410,,2021-04-19,32856,7,,8554,4,5.6,%,7.0
503729,500475,500027,3004501,,2021-04-19,32856,116,,8840,70,99,mg/dL,116.0
503730,500475,500027,3004249,,2021-04-19,32856,144,,8876,90,130,mmHg,144.0
503731,500475,500027,3012888,,2021-04-19,32856,86,,8876,60,85,mmHg,86.0
503732,500475,500027,3025315,,2021-04-19,32856,67.3,,9529,45,90,kg,67.3
503733,500475,500027,3038553,,2021-04-19,32856,26.5,,9531,18.5,25,kg/m2,26.5
503734,500476,500027,3004410,,2021-07-12,32856,7.2,,8554,4,5.6,%,7.2
503735,500476,500027,3004501,,2021-07-12,32856,129,,8840,70,99,mg/dL,129.0
503736,500476,500027,3004249,,2021-07-12,32856,136,,8876,90,130,mmHg,136.0
503737,500476,500027,3012888,,2021-07-12,32856,89,,8876,60,85,mmHg,89.0
503738,500476,500027,3025315,,2021-07-12,32856,67,,9529,45,90,kg,67.0
503739,500476,500027,3038553,,2021-07-12,32856,26.4,,9531,18.5,25,kg/m2,26.4
503740,500477,500027,3004410,,2021-10-18,32856,7.5,,8554,4,5.6,%,7.5
503741,500477,500027,3004501,,2021-10-18,32856,144,,8840,70,99,mg/dL,144.0
503742,500477,500027,3004249,,2021-10-18,32856,154,,8876,90,130,mmHg,154.0
503743,500477,500027,3012888,,2021-10-18,32856,84,,8876,60,85,mmHg,84.0
503744,500477,500027,3025315,,2021-10-18,32856,65.4,,9529,45,90,kg,65.4
503745,500477,500027,3038553,,2021-10-18,32856,25.7,,9531,18.5,25,kg/m2,25.7
503746,500477,500027,3022192,,2021-10-18,32856,76.8,,8840,0,150,mg/dL,76.8
503747,500477,500027,3007070,,2021-10-18,32856,45.3,,8840,40,60,mg/dL,45.3
503748,500477,500027,3028437,,2021-10-18,32856,71.1,,8840,0,130,mg/dL,71.1
503749,500477,500027,3013721,,2021-10-18,32856,44,,8645,0,40,U/L,44.0
503750,500477,500027,3006923,,2021-10-18,32856,78.9,,8645,0,40,U/L,78.9
503751,500477,500027,3016723,,2021-10-18,32856,0.98,,8840,0.6,1.2,mg/dL,0.98
503752,500477,500027,3049187,,2021-10-18,32856,114.2,,9550,90,130,mL/min/1.73m2,114.2
503753,500478,500028,3036277,,2018-09-07,32856,169.2,,8582,150,185,cm,169.2
503754,500478,500028,3004410,,2018-09-07,32856,6.6,,8554,4,5.6,%,6.6
503755,500478,500028,3004501,,2018-09-07,32856,141,,8840,70,99,mg/dL,141.0
503756,500478,500028,3004249,,2018-09-07,32856,145,,8876,90,130,mmHg,145.0
503757,500478,500028,3012888,,2018-09-07,32856,104,,8876,60,85,mmHg,104.0
503758,500478,500028,3025315,,2018-09-07,32856,72.7,,9529,45,90,kg,72.7
503759,500478,500028,3038553,,2018-09-07,32856,25.4,,9531,18.5,25,kg/m2,25.4
503760,500478,500028,3022192,,2018-09-07,32856,156.7,,8840,0,150,mg/dL,156.7
503761,500478,500028,3007070,,2018-09-07,32856,50.9,,8840,40,60,mg/dL,50.9
503762,500478,500028,3028437,,2018-09-07,32856,123.4,,8840,0,130,mg/dL,123.4
503763,500478,500028,3013721,,2018-09-07,32856,20.2,,8645,0,40,U/L,20.2
503764,500478,500028,3006923,,2018-09-07,32856,60.5,,8645,0,40,U/L,60.5
503765,500478,500028,3016723,,2018-09-07,32856,0.74,,8840,0.6,1.2,mg/dL,0.74
503766,500478,500028,3049187,,2018-09-07,32856,117.8,,9550,90,130,mL/min/1.73m2,117.8
503767,500479,500028,3004410,,2018-12-07,32856,5.9,,8554,4,5.6,%,5.9
503768,500479,500028,3004501,,2018-12-07,32856,96,,8840,70,99,mg/dL,96.0
503769,500479,500028,3004249,,2018-12-07,32856,130,,8876,90,130,mmHg,130.0
503770,500479,500028,3012888,,2018-12-07,32856,86,,8876,60,85,mmHg,86.0
503771,500479,500028,3025315,,2018-12-07,32856,71.9,,9529,45,90,kg,71.9
503772,500479,500028,3038553,,2018-12-07,32856,25.1,,9531,18.5,25,kg/m2,25.1
503773,500480,500028,3004410,,2019-03-08,32856,6,,8554,4,5.6,%,6.0
503774,500480,500028,3004501,,2019-03-08,32856,110,,8840,70,99,mg/dL,110.0
503775,500480,500028,3004249,,2019-03-08,32856,142,,8876,90,130,mmHg,142.0
503776,500480,500028,3012888,,2019-03-08,32856,83,,8876,60,85,mmHg,83.0
503777,500480,500028,3025315,,2019-03-08,32856,72.7,,9529,45,90,kg,72.7
503778,500480,500028,3038553,,2019-03-08,32856,25.4,,9531,18.5,25,kg/m2,25.4
503779,500481,500028,3004410,,2019-06-05,32856,6.1,,8554,4,5.6,%,6.1
503780,500481,500028,3004501,,2019-06-05,32856,122,,8840,70,99,mg/dL,122.0
503781,500481,500028,3004249,,2019-06-05,32856,147,,8876,90,130,mmHg,147.0
503782,500481,500028,3012888,,2019-06-05,32856,87,,8876,60,85,mmHg,87.0
503783,500481,500028,3025315,,2019-06-05,32856,71.1,,9529,45,90,kg,71.1
503784,500481,500028,3038553,,2019-06-05,32856,24.8,,9531,18.5,25,kg/m2,24.8
503785,500482,500028,3004410,,2019-09-03,32856,6.3,,8554,4,5.6,%,6.3
503786,500482,500028,3004501,,2019-09-03,32856,99,,8840,70,99,mg/dL,99.0
503787,500482,500028,3004249,,2019-09-03,32856,132,,8876,90,130,mmHg,132.0
503788,500482,500028,3012888,,2019-09-03,32856,91,,8876,60,85,mmHg,91.0
503789,500482,500028,3025315,,2019-09-03,32856,71.8,,9529,45,90,kg,71.8
503790,500482,500028,3038553,,2019-09-03,32856,25.1,,9531,18.5,25,kg/m2,25.1
503791,500482,500028,3022192,,2019-09-03,32856,93.8,,8840,0,150,mg/dL,93.8
503792,500482,500028,3007070,,2019-09-03,32856,31.2,,8840,40,60,mg/dL,31.2
503793,500482,500028,3028437,,2019-09-03,32856,125.4,,8840,0,130,mg/dL,125.4
503794,500482,500028,3013721,,2019-09-03,32856,47.7,,8645,0,40,U/L,47.7
503795,500482,500028,3006923,,2019-09-03,32856,38.4,,8645,0,40,U/L,38.4
503796,500482,500028,3016723,,2019-09-03,32856,0.92,,8840,0.6,1.2,mg/dL,0.92
503797,500482,500028,3049187,,2019-09-03,32856,81.9,,9550,90,130,mL/min/1.73m2,81.9
503798,500483,500028,3004410,,2019-12-08,32856,6,,8554,4,5.6,%,6.0
503799,500483,500028,3004501,,2019-12-08,32856,100,,8840,70,99,mg/dL,100.0
503800,500483,500028,3004249,,2019-12-08,32856,135,,8876,90,130,mmHg,135.0
503801,500483,500028,3012888,,2019-12-08,32856,82,,8876,60,85,mmHg,82.0
503802,500483,500028,3025315,,2019-12-08,32856,70,,9529,45,90,kg,70.0
503803,500483,500028,3038553,,2019-12-08,32856,24.5,,9531,18.5,25,kg/m2,24.5
503804,500484,500028,3004410,,2020-03-09,32856,5.6,,8554,4,5.6,%,5.6
503805,500484,500028,3004501,,2020-03-09,32856,92,,8840,70,99,mg/dL,92.0
503806,500484,500028,3004249,,2020-03-09,32856,135,,8876,90,130,mmHg,135.0
503807,500484,500028,3012888,,2020-03-09,32856,77,,8876,60,85,mmHg,77.0
503808,500484,500028,3025315,,2020-03-09,32856,68.8,,9529,45,90,kg,68.8
503809,500484,500028,3038553,,2020-03-09,32856,24,,9531,18.5,25,kg/m2,24.0
503810,500485,500028,3004410,,2020-06-09,32856,5.7,,8554,4,5.6,%,5.7
503811,500485,500028,3004501,,2020-06-09,32856,96,,8840,70,99,mg/dL,96.0
503812,500485,500028,3004249,,2020-06-09,32856,140,,8876,90,130,mmHg,140.0
503813,500485,500028,3012888,,2020-06-09,32856,82,,8876,60,85,mmHg,82.0
503814,500485,500028,3025315,,2020-06-09,32856,69.2,,9529,45,90,kg,69.2
503815,500485,500028,3038553,,2020-06-09,32856,24.2,,9531,18.5,25,kg/m2,24.2
503816,500486,500028,3004410,,2020-09-10,32856,6,,8554,4,5.6,%,6.0
503817,500486,500028,3004501,,2020-09-10,32856,99,,8840,70,99,mg/dL,99.0
503818,500486,500028,3004249,,2020-09-10,32856,142,,8876,90,130,mmHg,142.0
503819,500486,500028,3012888,,2020-09-10,32856,86,,8876,60,85,mmHg,86.0
503820,500486,500028,3025315,,2020-09-10,32856,69.7,,9529,45,90,kg,69.7
503821,500486,500028,3038553,,2020-09-10,32856,24.3,,9531,18.5,25,kg/m2,24.3
503822,500486,500028,3022192,,2020-09-10,32856,222,,8840,0,150,mg/dL,222.0
503823,500486,500028,3007070,,2020-09-10,32856,37.2,,8840,40,60,mg/dL,37.2
503824,500486,500028,3028437,,2020-09-10,32856,129.6,,8840,0,130,mg/dL,129.6
503825,500486,500028,3013721,,2020-09-10,32856,46,,8645,0,40,U/L,46.0
503826,500486,500028,3006923,,2020-09-10,32856,84.3,,8645,0,40,U/L,84.3
503827,500486,500028,3016723,,2020-09-10,32856,0.74,,8840,0.6,1.2,mg/dL,0.74
503828,500486,500028,3049187,,2020-09-10,32856,65.2,,9550,90,130,mL/min/1.73m2,65.2
503829,500487,500028,3004410,,2020-12-08,32856,6.2,,8554,4,5.6,%,6.2
503830,500487,500028,3004501,,2020-12-08,32856,118,,8840,70,99,mg/dL,118.0
503831,500487,500028,3004249,,2020-12-08,32856,133,,8876,90,130,mmHg,133.0
503832,500487,500028,3012888,,2020-12-08,32856,89,,8876,60,85,mmHg,89.0
503833,500487,500028,3025315,,2020-12-08,32856,69,,9529,45,90,kg,69.0
503834,500487,500028,3038553,,2020-12-08,32856,24.1,,9531,18.5,25,kg/m2,24.1
503835,500488,500028,3004410,,2021-03-12,32856,5.8,,8554,4,5.6,%,5.8
503836,500488,500028,3004501,,2021-03-12,32856,86,,8840,70,99,mg/dL,86.0
503837,500488,500028,3004249,,2021-03-12,32856,132,,8876,90,130,mmHg,132.0
503838,500488,500028,3012888,,2021-03-12,32856,75,,8876,60,85,mmHg,75.0
503839,500488,500028,3025315,,2021-03-12,32856,69.1,,9529,45,90,kg,69.1
503840,500488,500028,3038553,,2021-03-12,32856,24.1,,9531,18.5,25,kg/m2,24.1
503841,500489,500028,3004410,,2021-06-05,32856,6.1,,8554,4,5.6,%,6.1
503842,500489,500028,3004501,,2021-06-05,32856,81,,8840,70,99,mg/dL,81.0
503843,500489,500028,3004249,,2021-06-05,32856,159,,8876,90,130,mmHg,159.0
503844,500489,500028,3012888,,2021-06-05,32856,95,,8876,60,85,mmHg,95.0
503845,500489,500028,3025315,,2021-06-05,32856,69.8,,9529,45,90,kg,69.8
503846,500489,500028,3038553,,2021-06-05,32856,24.4,,9531,18.5,25,kg/m2,24.4
503847,500490,500029,3036277,,2021-04-22,32856,152.5,,8582,150,185,cm,152.5
503848,500490,500029,3004410,,2021-04-22,32856,6.8,,8554,4,5.6,%,6.8
503849,500490,500029,3004501,,2021-04-22,32856,125,,8840,70,99,mg/dL,125.0
503850,500490,500029,3004249,,2021-04-22,32856,127,,8876,90,130,mmHg,127.0
503851,500490,500029,3012888,,2021-04-22,32856,88,,8876,60,85,mmHg,88.0
503852,500490,500029,3025315,,2021-04-22,32856,53.5,,9529,45,90,kg,53.5
503853,500490,500029,3038553,,2021-04-22,32856,23,,9531,18.5,25,kg/m2,23.0
503854,500490,500029,3022192,,2021-04-22,32856,114.6,,8840,0,150,mg/dL,114.6
503855,500490,500029,3007070,,2021-04-22,32856,61.4,,8840,40,60,mg/dL,61.4
503856,500490,500029,3028437,,2021-04-22,32856,100.6,,8840,0,130,mg/dL,100.6
503857,500490,500029,3013721,,2021-04-22,32856,48.5,,8645,0,40,U/L,48.5
503858,500490,500029,3006923,,2021-04-22,32856,0,,8645,0,40,U/L,0
503859,500490,500029,3016723,,2021-04-22,32856,0.98,,8840,0.6,1.2,mg/dL,0.98
503860,500490,500029,3049187,,2021-04-22,32856,124.8,,9550,90,130,mL/min/1.73m2,124.8
503861,500491,500029,3004410,,2021-07-22,32856,6.4,,8554,4,5.6,%,6.4
503862,500491,500029,3004501,,2021-07-22,32856,144,,8840,70,99,mg/dL,144.0
503863,500491,500029,3004249,,2021-07-22,32856,141,,8876,90,130,mmHg,141.0
503864,500491,500029,3012888,,2021-07-22,32856,88,,8876,60,85,mmHg,88.0
503865,500491,500029,3025315,,2021-07-22,32856,52.1,,9529,45,90,kg,52.1
503866,500491,500029,3038553,,2021-07-22,32856,22.4,,9531,18.5,25,kg/m2,22.4
503867,500492,500029,3004410,,2021-10-19,32856,6.1,,8554,4,5.6,%,6.1
503868,500492,500029,3004501,,2021-10-19,32856,111,,8840,70,99,mg/dL,111.0
503869,500492,500029,3004249,,2021-10-19,32856,135,,8876,90,130,mmHg,135.0
503870,500492,500029,3012888,,2021-10-19,32856,88,,8876,60,85,mmHg,88.0
503871,500492,500029,3025315,,2021-10-19,32856,52.2,,9529,45,90,kg,52.2
503872,500492,500029,3038553,,2021-10-19,32856,22.4,,9531,18.5,25,kg/m2,22.4
503873,500493,500029,3004410,,2022-01-22,32856,6,,8554,4,5.6,%,6.0
503874,500493,500029,3004501,,2022-01-22,32856,105,,8840,70,99,mg/dL,105.0
503875,500493,500029,3004249,,2022-01-22,32856,138,,8876,90,130,mmHg,138.0
503876,500493,500029,3012888,,2022-01-22,32856,81,,8876,60,85,mmHg,81.0
503877,500493,500029,3025315,,2022-01-22,32856,53.1,,9529,45,90,kg,53.1
503878,500493,500029,3038553,,2022-01-22,32856,22.8,,9531,18.5,25,kg/m2,22.8
503879,500494,500029,3004410,,2022-04-21,32856,6.2,,8554,4,5.6,%,6.2
503880,500494,500029,3004501,,2022-04-21,32856,121,,8840,70,99,mg/dL,121.0
503881,500494,500029,3004249,,2022-04-21,32856,151,,8876,90,130,mmHg,151.0
503882,500494,500029,3012888,,2022-04-21,32856,81,,8876,60,85,mmHg,81.0
503883,500494,500029,3025315,,2022-04-21,32856,50.4,,9529,45,90,kg,50.4
503884,500494,500029,3038553,,2022-04-21,32856,21.7,,9531,18.5,25,kg/m2,21.7
503885,500494,500029,3022192,,2022-04-21,32856,149.8,,8840,0,150,mg/dL,149.8
503886,500494,500029,3007070,,2022-04-21,32856,36.4,,8840,40,60,mg/dL,36.4
503887,500494,500029,3028437,,2022-04-21,32856,162.4,,8840,0,130,mg/dL,162.4
503888,500494,500029,3013721,,2022-04-21,32856,54.6,,8645,0,40,U/L,54.6
503889,500494,500029,3006923,,2022-04-21,32856,54.1,,8645,0,40,U/L,54.1
503890,500494,500029,3016723,,2022-04-21,32856,1.09,,8840,0.6,1.2,mg/dL,1.09
503891,500494,500029,3049187,,2022-04-21,32856,84.5,,9550,90,130,mL/min/1.73m2,84.5
503892,500495,500029,3004410,,2022-07-19,32856,6.5,,8554,4,5.6,%,6.5
503893,500495,500029,3004501,,2022-07-19,32856,112,,8840,70,99,mg/dL,112.0
503894,500495,500029,3004249,,2022-07-19,32856,128,,8876,90,130,mmHg,128.0
503895,500495,500029,3012888,,2022-07-19,32856,80,,8876,60,85,mmHg,80.0
503896,500495,500029,3025315,,2022-07-19,32856,52.2,,9529,45,90,kg,52.2
503897,500495,500029,3038553,,2022-07-19,32856,22.4,,9531,18.5,25,kg/m2,22.4
503898,500496,500029,3004410,,2022-10-19,32856,6.3,,8554,4,5.6,%,6.3
503899,500496,500029,3004501,,2022-10-19,32856,101,,8840,70,99,mg/dL,101.0
503900,500496,500029,3004249,,2022-10-19,32856,136,,8876,90,130,mmHg,136.0
503901,500496,500029,3012888,,2022-10-19,32856,77,,8876,60,85,mmHg,77.0
503902,500496,500029,3025315,,2022-10-19,32856,52.3,,9529,45,90,kg,52.3
503903,500496,500029,3038553,,2022-10-19,32856,22.5,,9531,18.5,25,kg/m2,22.5
503904,500497,500029,3004410,,2023-01-18,32856,6,,8554,4,5.6,%,6.0
503905,500497,500029,3004501,,2023-01-18,32856,82,,8840,70,99,mg/dL,82.0
503906,500497,500029,3004249,,2023-01-18,32856,170,,8876,90,130,mmHg,170.0
503907,500497,500029,3012888,,2023-01-18,32856,92,,8876,60,85,mmHg,92.0
503908,500497,500029,3025315,,2023-01-18,32856,53.1,,9529,45,90,kg,53.1
503909,500497,500029,3038553,,2023-01-18,32856,22.8,,9531,18.5,25,kg/m2,22.8
503910,500498,500029,3004410,,2023-04-13,32856,6.4,,8554,4,5.6,%,6.4
503911,500498,500029,3004501,,2023-04-13,32856,130,,8840,70,99,mg/dL,130.0
503912,500498,500029,3004249,,2023-04-13,32856,135,,8876,90,130,mmHg,135.0
503913,500498,500029,3012888,,2023-04-13,32856,84,,8876,60,85,mmHg,84.0
503914,500498,500029,3025315,,2023-04-13,32856,53,,9529,45,90,kg,53.0
503915,500498,500029,3038553,,2023-04-13,32856,22.8,,9531,18.5,25,kg/m2,22.8
503916,500498,500029,3022192,,2023-04-13,32856,118.6,,8840,0,150,mg/dL,118.6
503917,500498,500029,3007070,,2023-04-13,32856,54.6,,8840,40,60,mg/dL,54.6
503918,500498,500029,3028437,,2023-04-13,32856,54.6,,8840,0,130,mg/dL,54.6
503919,500498,500029,3013721,,2023-04-13,32856,49.4,,8645,0,40,U/L,49.4
503920,500498,500029,3006923,,2023-04-13,32856,47.4,,8645,0,40,U/L,47.4
503921,500498,500029,3016723,,2023-04-13,32856,0.5,,8840,0.6,1.2,mg/dL,0.5
503922,500498,500029,3049187,,2023-04-13,32856,87.2,,9550,90,130,mL/min/1.73m2,87.2
503923,500499,500029,3004410,,2023-07-11,32856,6.4,,8554,4,5.6,%,6.4
503924,500499,500029,3004501,,2023-07-11,32856,88,,8840,70,99,mg/dL,88.0
503925,500499,500029,3004249,,2023-07-11,32856,148,,8876,90,130,mmHg,148.0
503926,500499,500029,3012888,,2023-07-11,32856,75,,8876,60,85,mmHg,75.0
503927,500499,500029,3025315,,2023-07-11,32856,55.4,,9529,45,90,kg,55.4
503928,500499,500029,3038553,,2023-07-11,32856,23.8,,9531,18.5,25,kg/m2,23.8
503929,500500,500029,3004410,,2023-10-10,32856,6.2,,8554,4,5.6,%,6.2
503930,500500,500029,3004501,,2023-10-10,32856,107,,8840,70,99,mg/dL,107.0
503931,500500,500029,3004249,,2023-10-10,32856,142,,8876,90,130,mmHg,142.0
503932,500500,500029,3012888,,2023-10-10,32856,69,,8876,60,85,mmHg,69.0
503933,500500,500029,3025315,,2023-10-10,32856,54.2,,9529,45,90,kg,54.2
503934,500500,500029,3038553,,2023-10-10,32856,23.3,,9531,18.5,25,kg/m2,23.3
503935,500501,500029,3004410,,2024-01-03,32856,5.9,,8554,4,5.6,%,5.9
503936,500501,500029,3004501,,2024-01-03,32856,92,,8840,70,99,mg/dL,92.0
503937,500501,500029,3004249,,2024-01-03,32856,133,,8876,90,130,mmHg,133.0
503938,500501,500029,3012888,,2024-01-03,32856,92,,8876,60,85,mmHg,92.0
503939,500501,500029,3025315,,2024-01-03,32856,54.9,,9529,45,90,kg,54.9
503940,500501,500029,3038553,,2024-01-03,32856,23.6,,9531,18.5,25,kg/m2,23.6
503941,500502,500029,3004410,,2024-04-02,32856,6,,8554,4,5.6,%,6.0
503942,500502,500029,3004501,,2024-04-02,32856,130,,8840,70,99,mg/dL,130.0
503943,500502,500029,3004249,,2024-04-02,32856,152,,8876,90,130,mmHg,152.0
503944,500502,500029,3012888,,2024-04-02,32856,90,,8876,60,85,mmHg,90.0
503945,500502,500029,3025315,,2024-04-02,32856,55,,9529,45,90,kg,55.0
503946,500502,500029,3038553,,2024-04-02,32856,23.6,,9531,18.5,25,kg/m2,23.6
503947,500502,500029,3022192,,2024-04-02,32856,259.7,,8840,0,150,mg/dL,259.7
503948,500502,500029,3007070,,2024-04-02,32856,48.6,,8840,40,60,mg/dL,48.6
503949,500502,500029,3028437,,2024-04-02,32856,99.9,,8840,0,130,mg/dL,99.9
503950,500502,500029,3013721,,2024-04-02,32856,50.8,,8645,0,40,U/L,50.8
503951,500502,500029,3006923,,2024-04-02,32856,21,,8645,0,40,U/L,21.0
503952,500502,500029,3016723,,2024-04-02,32856,1.16,,8840,0.6,1.2,mg/dL,1.16
503953,500502,500029,3049187,,2024-04-02,32856,73,,9550,90,130,mL/min/1.73m2,73.0
503954,500503,500030,3036277,,2023-07-05,32856,169.5,,8582,150,185,cm,169.5
503955,500503,500030,3004410,,2023-07-05,32856,9.8,,8554,4,5.6,%,9.8
503956,500503,500030,3004501,,2023-07-05,32856,209,,8840,70,99,mg/dL,209.0
503957,500503,500030,3004249,,2023-07-05,32856,139,,8876,90,130,mmHg,139.0
503958,500503,500030,3012888,,2023-07-05,32856,76,,8876,60,85,mmHg,76.0
503959,500503,500030,3025315,,2023-07-05,32856,86.2,,9529,45,90,kg,86.2
503960,500503,500030,3038553,,2023-07-05,32856,30,,9531,18.5,25,kg/m2,30.0
503961,500503,500030,3022192,,2023-07-05,32856,151.7,,8840,0,150,mg/dL,151.7
503962,500503,500030,3007070,,2023-07-05,32856,67,,8840,40,60,mg/dL,67.0
503963,500503,500030,3028437,,2023-07-05,32856,101.3,,8840,0,130,mg/dL,101.3
503964,500503,500030,3013721,,2023-07-05,32856,18.3,,8645,0,40,U/L,18.3
503965,500503,500030,3006923,,2023-07-05,32856,22.9,,8645,0,40,U/L,22.9
503966,500503,500030,3016723,,2023-07-05,32856,1.11,,8840,0.6,1.2,mg/dL,1.11
503967,500503,500030,3049187,,2023-07-05,32856,95.7,,9550,90,130,mL/min/1.73m2,95.7
503968,500504,500030,3004410,,2023-09-27,32856,10,,8554,4,5.6,%,10.0
503969,500504,500030,3004501,,2023-09-27,32856,218,,8840,70,99,mg/dL,218.0
503970,500504,500030,3004249,,2023-09-27,32856,138,,8876,90,130,mmHg,138.0
503971,500504,500030,3012888,,2023-09-27,32856,92,,8876,60,85,mmHg,92.0
503972,500504,500030,3025315,,2023-09-27,32856,85,,9529,45,90,kg,85.0
503973,500504,500030,3038553,,2023-09-27,32856,29.6,,9531,18.5,25,kg/m2,29.6
503974,500505,500030,3004410,,2023-12-26,32856,9.3,,8554,4,5.6,%,9.3
503975,500505,500030,3004501,,2023-12-26,32856,187,,8840,70,99,mg/dL,187.0
503976,500505,500030,3004249,,2023-12-26,32856,100,,8876,90,130,mmHg,100.0
503977,500505,500030,3012888,,2023-12-26,32856,75,,8876,60,85,mmHg,75.0
503978,500505,500030,3025315,,2023-12-26,32856,85.5,,9529,45,90,kg,85.5
503979,500505,500030,3038553,,2023-12-26,32856,29.8,,9531,18.5,25,kg/m2,29.8
503980,500506,500030,3004410,,2024-03-21,32856,9,,8554,4,5.6,%,9.0
503981,500506,500030,3004501,,2024-03-21,32856,193,,8840,70,99,mg/dL,193.0
503982,500506,500030,3004249,,2024-03-21,32856,118,,8876,90,130,mmHg,118.0
503983,500506,500030,3012888,,2024-03-21,32856,89,,8876,60,85,mmHg,89.0
503984,500506,500030,3025315,,2024-03-21,32856,86.5,,9529,45,90,kg,86.5
503985,500506,500030,3038553,,2024-03-21,32856,30.1,,9531,18.5,25,kg/m2,30.1
503986,500507,500030,3004410,,2024-06-14,32856,8.1,,8554,4,5.6,%,8.1
503987,500507,500030,3004501,,2024-06-14,32856,146,,8840,70,99,mg/dL,146.0
503988,500507,500030,3004249,,2024-06-14,32856,122,,8876,90,130,mmHg,122.0
503989,500507,500030,3012888,,2024-06-14,32856,80,,8876,60,85,mmHg,80.0
503990,500507,500030,3025315,,2024-06-14,32856,87.4,,9529,45,90,kg,87.4
503991,500507,500030,3038553,,2024-06-14,32856,30.4,,9531,18.5,25,kg/m2,30.4
503992,500507,500030,3022192,,2024-06-14,32856,134.3,,8840,0,150,mg/dL,134.3
503993,500507,500030,3007070,,2024-06-14,32856,49.2,,8840,40,60,mg/dL,49.2
503994,500507,500030,3028437,,2024-06-14,32856,79.9,,8840,0,130,mg/dL,79.9
503995,500507,500030,3013721,,2024-06-14,32856,26.5,,8645,0,40,U/L,26.5
503996,500507,500030,3006923,,2024-06-14,32856,21.1,,8645,0,40,U/L,21.1
503997,500507,500030,3016723,,2024-06-14,32856,1.16,,8840,0.6,1.2,mg/dL,1.16
503998,500507,500030,3049187,,2024-06-14,32856,86.7,,9550,90,130,mL/min/1.73m2,86.7
503999,500508,500030,3004410,,2024-09-15,32856,7.4,,8554,4,5.6,%,7.4
504000,500508,500030,3004501,,2024-09-15,32856,132,,8840,70,99,mg/dL,132.0
504001,500508,500030,3004249,,2024-09-15,32856,121,,8876,90,130,mmHg,121.0
504002,500508,500030,3012888,,2024-09-15,32856,84,,8876,60,85,mmHg,84.0
504003,500508,500030,3025315,,2024-09-15,32856,86.3,,9529,45,90,kg,86.3
504004,500508,500030,3038553,,2024-09-15,32856,30,,9531,18.5,25,kg/m2,30.0
504005,500509,500030,3004410,,2024-12-08,32856,6.5,,8554,4,5.6,%,6.5
504006,500509,500030,3004501,,2024-12-08,32856,114,,8840,70,99,mg/dL,114.0
504007,500509,500030,3004249,,2024-12-08,32856,154,,8876,90,130,mmHg,154.0
504008,500509,500030,3012888,,2024-12-08,32856,89,,8876,60,85,mmHg,89.0
504009,500509,500030,3025315,,2024-12-08,32856,87.6,,9529,45,90,kg,87.6
504010,500509,500030,3038553,,2024-12-08,32856,30.5,,9531,18.5,25,kg/m2,30.5
504011,500510,500030,3004410,,2025-03-06,32856,6.9,,8554,4,5.6,%,6.9
504012,500510,500030,3004501,,2025-03-06,32856,153,,8840,70,99,mg/dL,153.0
504013,500510,500030,3004249,,2025-03-06,32856,155,,8876,90,130,mmHg,155.0
504014,500510,500030,3012888,,2025-03-06,32856,73,,8876,60,85,mmHg,73.0
504015,500510,500030,3025315,,2025-03-06,32856,84.7,,9529,45,90,kg,84.7
504016,500510,500030,3038553,,2025-03-06,32856,29.5,,9531,18.5,25,kg/m2,29.5
504017,500511,500030,3004410,,2025-06-07,32856,6.5,,8554,4,5.6,%,6.5
504018,500511,500030,3004501,,2025-06-07,32856,119,,8840,70,99,mg/dL,119.0
504019,500511,500030,3004249,,2025-06-07,32856,130,,8876,90,130,mmHg,130.0
504020,500511,500030,3012888,,2025-06-07,32856,82,,8876,60,85,mmHg,82.0
504021,500511,500030,3025315,,2025-06-07,32856,83.5,,9529,45,90,kg,83.5
504022,500511,500030,3038553,,2025-06-07,32856,29.1,,9531,18.5,25,kg/m2,29.1
504023,500511,500030,3022192,,2025-06-07,32856,148,,8840,0,150,mg/dL,148.0
504024,500511,500030,3007070,,2025-06-07,32856,41,,8840,40,60,mg/dL,41.0
504025,500511,500030,3028437,,2025-06-07,32856,129,,8840,0,130,mg/dL,129.0
504026,500511,500030,3013721,,2025-06-07,32856,60.9,,8645,0,40,U/L,60.9
504027,500511,500030,3006923,,2025-06-07,32856,56.1,,8645,0,40,U/L,56.1
504028,500511,500030,3016723,,2025-06-07,32856,1.03,,8840,0.6,1.2,mg/dL,1.03
504029,500511,500030,3049187,,2025-06-07,32856,45.2,,9550,90,130,mL/min/1.73m2,45.2
504030,500512,500030,3004410,,2025-09-10,32856,6.3,,8554,4,5.6,%,6.3
504031,500512,500030,3004501,,2025-09-10,32856,94,,8840,70,99,mg/dL,94.0
504032,500512,500030,3004249,,2025-09-10,32856,136,,8876,90,130,mmHg,136.0
504033,500512,500030,3012888,,2025-09-10,32856,86,,8876,60,85,mmHg,86.0
504034,500512,500030,3025315,,2025-09-10,32856,84.2,,9529,45,90,kg,84.2
504035,500512,500030,3038553,,2025-09-10,32856,29.3,,9531,18.5,25,kg/m2,29.3
504036,500513,500030,3004410,,2025-12-08,32856,6.8,,8554,4,5.6,%,6.8
504037,500513,500030,3004501,,2025-12-08,32856,118,,8840,70,99,mg/dL,118.0
504038,500513,500030,3004249,,2025-12-08,32856,122,,8876,90,130,mmHg,122.0
504039,500513,500030,3012888,,2025-12-08,32856,68,,8876,60,85,mmHg,68.0
504040,500513,500030,3025315,,2025-12-08,32856,84,,9529,45,90,kg,84.0
504041,500513,500030,3038553,,2025-12-08,32856,29.2,,9531,18.5,25,kg/m2,29.2
504042,500514,500030,3004410,,2026-03-13,32856,6.4,,8554,4,5.6,%,6.4
504043,500514,500030,3004501,,2026-03-13,32856,123,,8840,70,99,mg/dL,123.0
504044,500514,500030,3004249,,2026-03-13,32856,130,,8876,90,130,mmHg,130.0
504045,500514,500030,3012888,,2026-03-13,32856,79,,8876,60,85,mmHg,79.0
504046,500514,500030,3025315,,2026-03-13,32856,83.8,,9529,45,90,kg,83.8
504047,500514,500030,3038553,,2026-03-13,32856,29.2,,9531,18.5,25,kg/m2,29.2
504048,500515,500030,3004410,,2026-06-11,32856,6.2,,8554,4,5.6,%,6.2
504049,500515,500030,3004501,,2026-06-11,32856,104,,8840,70,99,mg/dL,104.0
504050,500515,500030,3004249,,2026-06-11,32856,152,,8876,90,130,mmHg,152.0
504051,500515,500030,3012888,,2026-06-11,32856,77,,8876,60,85,mmHg,77.0
504052,500515,500030,3025315,,2026-06-11,32856,84.7,,9529,45,90,kg,84.7
504053,500515,500030,3038553,,2026-06-11,32856,29.5,,9531,18.5,25,kg/m2,29.5
504054,500515,500030,3022192,,2026-06-11,32856,268.6,,8840,0,150,mg/dL,268.6
504055,500515,500030,3007070,,2026-06-11,32856,26.1,,8840,40,60,mg/dL,26.1
504056,500515,500030,3028437,,2026-06-11,32856,79.9,,8840,0,130,mg/dL,79.9
504057,500515,500030,3013721,,2026-06-11,32856,50.4,,8645,0,40,U/L,50.4
504058,500515,500030,3006923,,2026-06-11,32856,0,,8645,0,40,U/L,0
504059,500515,500030,3016723,,2026-06-11,32856,0.58,,8840,0.6,1.2,mg/dL,0.58
504060,500515,500030,3049187,,2026-06-11,32856,62.4,,9550,90,130,mL/min/1.73m2,62.4
504061,500516,500031,3036277,,2021-12-19,32856,174.7,,8582,150,185,cm,174.7
504062,500516,500031,3004410,,2021-12-19,32856,6.6,,8554,4,5.6,%,6.6
504063,500516,500031,3004501,,2021-12-19,32856,140,,8840,70,99,mg/dL,140.0
504064,500516,500031,3004249,,2021-12-19,32856,124,,8876,90,130,mmHg,124.0
504065,500516,500031,3012888,,2021-12-19,32856,87,,8876,60,85,mmHg,87.0
504066,500516,500031,3025315,,2021-12-19,32856,85.2,,9529,45,90,kg,85.2
504067,500516,500031,3038553,,2021-12-19,32856,27.9,,9531,18.5,25,kg/m2,27.9
504068,500516,500031,3022192,,2021-12-19,32856,108.6,,8840,0,150,mg/dL,108.6
504069,500516,500031,3007070,,2021-12-19,32856,39,,8840,40,60,mg/dL,39.0
504070,500516,500031,3028437,,2021-12-19,32856,160.1,,8840,0,130,mg/dL,160.1
504071,500516,500031,3013721,,2021-12-19,32856,62.2,,8645,0,40,U/L,62.2
504072,500516,500031,3006923,,2021-12-19,32856,80.9,,8645,0,40,U/L,80.9
504073,500516,500031,3016723,,2021-12-19,32856,0.68,,8840,0.6,1.2,mg/dL,0.68
504074,500516,500031,3049187,,2021-12-19,32856,83.4,,9550,90,130,mL/min/1.73m2,83.4
504075,500517,500031,3004410,,2022-03-20,32856,5.9,,8554,4,5.6,%,5.9
504076,500517,500031,3004501,,2022-03-20,32856,106,,8840,70,99,mg/dL,106.0
504077,500517,500031,3004249,,2022-03-20,32856,122,,8876,90,130,mmHg,122.0
504078,500517,500031,3012888,,2022-03-20,32856,84,,8876,60,85,mmHg,84.0
504079,500517,500031,3025315,,2022-03-20,32856,83.7,,9529,45,90,kg,83.7
504080,500517,500031,3038553,,2022-03-20,32856,27.4,,9531,18.5,25,kg/m2,27.4
504081,500518,500031,3004410,,2022-06-15,32856,5.3,,8554,4,5.6,%,5.3
504082,500518,500031,3004501,,2022-06-15,32856,107,,8840,70,99,mg/dL,107.0
504083,500518,500031,3004249,,2022-06-15,32856,111,,8876,90,130,mmHg,111.0
504084,500518,500031,3012888,,2022-06-15,32856,75,,8876,60,85,mmHg,75.0
504085,500518,500031,3025315,,2022-06-15,32856,83.4,,9529,45,90,kg,83.4
504086,500518,500031,3038553,,2022-06-15,32856,27.3,,9531,18.5,25,kg/m2,27.3
504087,500519,500031,3004410,,2022-09-21,32856,5.3,,8554,4,5.6,%,5.3
504088,500519,500031,3004501,,2022-09-21,32856,96,,8840,70,99,mg/dL,96.0
504089,500519,500031,3004249,,2022-09-21,32856,136,,8876,90,130,mmHg,136.0
504090,500519,500031,3012888,,2022-09-21,32856,80,,8876,60,85,mmHg,80.0
504091,500519,500031,3025315,,2022-09-21,32856,83.3,,9529,45,90,kg,83.3
504092,500519,500031,3038553,,2022-09-21,32856,27.3,,9531,18.5,25,kg/m2,27.3
504093,500520,500031,3004410,,2022-12-17,32856,5.4,,8554,4,5.6,%,5.4
504094,500520,500031,3004501,,2022-12-17,32856,97,,8840,70,99,mg/dL,97.0
504095,500520,500031,3004249,,2022-12-17,32856,129,,8876,90,130,mmHg,129.0
504096,500520,500031,3012888,,2022-12-17,32856,82,,8876,60,85,mmHg,82.0
504097,500520,500031,3025315,,2022-12-17,32856,83.2,,9529,45,90,kg,83.2
504098,500520,500031,3038553,,2022-12-17,32856,27.3,,9531,18.5,25,kg/m2,27.3
504099,500520,500031,3022192,,2022-12-17,32856,107.3,,8840,0,150,mg/dL,107.3
504100,500520,500031,3007070,,2022-12-17,32856,32,,8840,40,60,mg/dL,32.0
504101,500520,500031,3028437,,2022-12-17,32856,163.4,,8840,0,130,mg/dL,163.4
504102,500520,500031,3013721,,2022-12-17,32856,47.3,,8645,0,40,U/L,47.3
504103,500520,500031,3006923,,2022-12-17,32856,17.7,,8645,0,40,U/L,17.7
504104,500520,500031,3016723,,2022-12-17,32856,1.14,,8840,0.6,1.2,mg/dL,1.14
504105,500520,500031,3049187,,2022-12-17,32856,76.9,,9550,90,130,mL/min/1.73m2,76.9
504106,500521,500031,3004410,,2023-03-22,32856,5.3,,8554,4,5.6,%,5.3
504107,500521,500031,3004501,,2023-03-22,32856,74,,8840,70,99,mg/dL,74.0
504108,500521,500031,3004249,,2023-03-22,32856,144,,8876,90,130,mmHg,144.0
504109,500521,500031,3012888,,2023-03-22,32856,80,,8876,60,85,mmHg,80.0
504110,500521,500031,3025315,,2023-03-22,32856,85,,9529,45,90,kg,85.0
504111,500521,500031,3038553,,2023-03-22,32856,27.9,,9531,18.5,25,kg/m2,27.9
504112,500522,500031,3004410,,2023-06-20,32856,5.5,,8554,4,5.6,%,5.5
504113,500522,500031,3004501,,2023-06-20,32856,107,,8840,70,99,mg/dL,107.0
504114,500522,500031,3004249,,2023-06-20,32856,132,,8876,90,130,mmHg,132.0
504115,500522,500031,3012888,,2023-06-20,32856,95,,8876,60,85,mmHg,95.0
504116,500522,500031,3025315,,2023-06-20,32856,85.2,,9529,45,90,kg,85.2
504117,500522,500031,3038553,,2023-06-20,32856,27.9,,9531,18.5,25,kg/m2,27.9
504118,500523,500031,3004410,,2023-09-24,32856,5.7,,8554,4,5.6,%,5.7
504119,500523,500031,3004501,,2023-09-24,32856,108,,8840,70,99,mg/dL,108.0
504120,500523,500031,3004249,,2023-09-24,32856,153,,8876,90,130,mmHg,153.0
504121,500523,500031,3012888,,2023-09-24,32856,90,,8876,60,85,mmHg,90.0
504122,500523,500031,3025315,,2023-09-24,32856,84,,9529,45,90,kg,84.0
504123,500523,500031,3038553,,2023-09-24,32856,27.5,,9531,18.5,25,kg/m2,27.5
504124,500524,500031,3004410,,2023-12-18,32856,6.2,,8554,4,5.6,%,6.2
504125,500524,500031,3004501,,2023-12-18,32856,104,,8840,70,99,mg/dL,104.0
504126,500524,500031,3004249,,2023-12-18,32856,150,,8876,90,130,mmHg,150.0
504127,500524,500031,3012888,,2023-12-18,32856,70,,8876,60,85,mmHg,70.0
504128,500524,500031,3025315,,2023-12-18,32856,85,,9529,45,90,kg,85.0
504129,500524,500031,3038553,,2023-12-18,32856,27.9,,9531,18.5,25,kg/m2,27.9
504130,500524,500031,3022192,,2023-12-18,32856,93.1,,8840,0,150,mg/dL,93.1
504131,500524,500031,3007070,,2023-12-18,32856,44.3,,8840,40,60,mg/dL,44.3
504132,500524,500031,3028437,,2023-12-18,32856,146,,8840,0,130,mg/dL,146.0
504133,500524,500031,3013721,,2023-12-18,32856,21.9,,8645,0,40,U/L,21.9
504134,500524,500031,3006923,,2023-12-18,32856,40.1,,8645,0,40,U/L,40.1
504135,500524,500031,3016723,,2023-12-18,32856,0.77,,8840,0.6,1.2,mg/dL,0.77
504136,500524,500031,3049187,,2023-12-18,32856,41.6,,9550,90,130,mL/min/1.73m2,41.6
504137,500525,500031,3004410,,2024-03-11,32856,5.5,,8554,4,5.6,%,5.5
504138,500525,500031,3004501,,2024-03-11,32856,81,,8840,70,99,mg/dL,81.0
504139,500525,500031,3004249,,2024-03-11,32856,127,,8876,90,130,mmHg,127.0
504140,500525,500031,3012888,,2024-03-11,32856,79,,8876,60,85,mmHg,79.0
504141,500525,500031,3025315,,2024-03-11,32856,85.5,,9529,45,90,kg,85.5
504142,500525,500031,3038553,,2024-03-11,32856,28,,9531,18.5,25,kg/m2,28.0
504143,500526,500031,3004410,,2024-06-11,32856,5.3,,8554,4,5.6,%,5.3
504144,500526,500031,3004501,,2024-06-11,32856,82,,8840,70,99,mg/dL,82.0
504145,500526,500031,3004249,,2024-06-11,32856,116,,8876,90,130,mmHg,116.0
504146,500526,500031,3012888,,2024-06-11,32856,74,,8876,60,85,mmHg,74.0
504147,500526,500031,3025315,,2024-06-11,32856,85.2,,9529,45,90,kg,85.2
504148,500526,500031,3038553,,2024-06-11,32856,27.9,,9531,18.5,25,kg/m2,27.9
504149,500527,500031,3004410,,2024-09-10,32856,5.7,,8554,4,5.6,%,5.7
504150,500527,500031,3004501,,2024-09-10,32856,91,,8840,70,99,mg/dL,91.0
504151,500527,500031,3004249,,2024-09-10,32856,147,,8876,90,130,mmHg,147.0
504152,500527,500031,3012888,,2024-09-10,32856,75,,8876,60,85,mmHg,75.0
504153,500527,500031,3025315,,2024-09-10,32856,85.8,,9529,45,90,kg,85.8
504154,500527,500031,3038553,,2024-09-10,32856,28.1,,9531,18.5,25,kg/m2,28.1
504155,500528,500031,3004410,,2024-12-03,32856,6.2,,8554,4,5.6,%,6.2
504156,500528,500031,3004501,,2024-12-03,32856,121,,8840,70,99,mg/dL,121.0
504157,500528,500031,3004249,,2024-12-03,32856,144,,8876,90,130,mmHg,144.0
504158,500528,500031,3012888,,2024-12-03,32856,97,,8876,60,85,mmHg,97.0
504159,500528,500031,3025315,,2024-12-03,32856,86.5,,9529,45,90,kg,86.5
504160,500528,500031,3038553,,2024-12-03,32856,28.3,,9531,18.5,25,kg/m2,28.3
504161,500528,500031,3022192,,2024-12-03,32856,162,,8840,0,150,mg/dL,162.0
504162,500528,500031,3007070,,2024-12-03,32856,36.7,,8840,40,60,mg/dL,36.7
504163,500528,500031,3028437,,2024-12-03,32856,69.8,,8840,0,130,mg/dL,69.8
504164,500528,500031,3013721,,2024-12-03,32856,56.5,,8645,0,40,U/L,56.5
504165,500528,500031,3006923,,2024-12-03,32856,58.3,,8645,0,40,U/L,58.3
504166,500528,500031,3016723,,2024-12-03,32856,0.89,,8840,0.6,1.2,mg/dL,0.89
504167,500528,500031,3049187,,2024-12-03,32856,59.5,,9550,90,130,mL/min/1.73m2,59.5
504168,500529,500031,3004410,,2025-02-28,32856,5.4,,8554,4,5.6,%,5.4
504169,500529,500031,3004501,,2025-02-28,32856,72,,8840,70,99,mg/dL,72.0
504170,500529,500031,3004249,,2025-02-28,32856,113,,8876,90,130,mmHg,113.0
504171,500529,500031,3012888,,2025-02-28,32856,90,,8876,60,85,mmHg,90.0
504172,500529,500031,3025315,,2025-02-28,32856,87.3,,9529,45,90,kg,87.3
504173,500529,500031,3038553,,2025-02-28,32856,28.6,,9531,18.5,25,kg/m2,28.6
504174,500530,500031,3004410,,2025-05-25,32856,5.5,,8554,4,5.6,%,5.5
504175,500530,500031,3004501,,2025-05-25,32856,80,,8840,70,99,mg/dL,80.0
504176,500530,500031,3004249,,2025-05-25,32856,137,,8876,90,130,mmHg,137.0
504177,500530,500031,3012888,,2025-05-25,32856,76,,8876,60,85,mmHg,76.0
504178,500530,500031,3025315,,2025-05-25,32856,87.9,,9529,45,90,kg,87.9
504179,500530,500031,3038553,,2025-05-25,32856,28.8,,9531,18.5,25,kg/m2,28.8
504180,500531,500031,3004410,,2025-08-31,32856,5.6,,8554,4,5.6,%,5.6
504181,500531,500031,3004501,,2025-08-31,32856,118,,8840,70,99,mg/dL,118.0
504182,500531,500031,3004249,,2025-08-31,32856,152,,8876,90,130,mmHg,152.0
504183,500531,500031,3012888,,2025-08-31,32856,85,,8876,60,85,mmHg,85.0
504184,500531,500031,3025315,,2025-08-31,32856,87.5,,9529,45,90,kg,87.5
504185,500531,500031,3038553,,2025-08-31,32856,28.7,,9531,18.5,25,kg/m2,28.7
504186,500532,500031,3004410,,2025-11-24,32856,6,,8554,4,5.6,%,6.0
504187,500532,500031,3004501,,2025-11-24,32856,101,,8840,70,99,mg/dL,101.0
504188,500532,500031,3004249,,2025-11-24,32856,151,,8876,90,130,mmHg,151.0
504189,500532,500031,3012888,,2025-11-24,32856,71,,8876,60,85,mmHg,71.0
504190,500532,500031,3025315,,2025-11-24,32856,86.9,,9529,45,90,kg,86.9
504191,500532,500031,3038553,,2025-11-24,32856,28.5,,9531,18.5,25,kg/m2,28.5
504192,500532,500031,3022192,,2025-11-24,32856,147,,8840,0,150,mg/dL,147.0
504193,500532,500031,3007070,,2025-11-24,32856,50,,8840,40,60,mg/dL,50.0
504194,500532,500031,3028437,,2025-11-24,32856,119.6,,8840,0,130,mg/dL,119.6
504195,500532,500031,3013721,,2025-11-24,32856,0,,8645,0,40,U/L,0
504196,500532,500031,3006923,,2025-11-24,32856,66.6,,8645,0,40,U/L,66.6
504197,500532,500031,3016723,,2025-11-24,32856,0.65,,8840,0.6,1.2,mg/dL,0.65
504198,500532,500031,3049187,,2025-11-24,32856,84.5,,9550,90,130,mL/min/1.73m2,84.5
504199,500533,500032,3036277,,2018-12-07,32856,166.3,,8582,150,185,cm,166.3
504200,500533,500032,3004410,,2018-12-07,32856,8.2,,8554,4,5.6,%,8.2
504201,500533,500032,3004501,,2018-12-07,32856,156,,8840,70,99,mg/dL,156.0
504202,500533,500032,3004249,,2018-12-07,32856,134,,8876,90,130,mmHg,134.0
504203,500533,500032,3012888,,2018-12-07,32856,82,,8876,60,85,mmHg,82.0
504204,500533,500032,3025315,,2018-12-07,32856,73,,9529,45,90,kg,73.0
504205,500533,500032,3038553,,2018-12-07,32856,26.4,,9531,18.5,25,kg/m2,26.4
504206,500533,500032,3022192,,2018-12-07,32856,152.6,,8840,0,150,mg/dL,152.6
504207,500533,500032,3007070,,2018-12-07,32856,65.4,,8840,40,60,mg/dL,65.4
504208,500533,500032,3028437,,2018-12-07,32856,118.7,,8840,0,130,mg/dL,118.7
504209,500533,500032,3013721,,2018-12-07,32856,25.5,,8645,0,40,U/L,25.5
504210,500533,500032,3006923,,2018-12-07,32856,41.2,,8645,0,40,U/L,41.2
504211,500533,500032,3016723,,2018-12-07,32856,0.4,,8840,0.6,1.2,mg/dL,0.4
504212,500533,500032,3049187,,2018-12-07,32856,108,,9550,90,130,mL/min/1.73m2,108.0
504213,500534,500032,3004410,,2019-03-15,32856,8.1,,8554,4,5.6,%,8.1
504214,500534,500032,3004501,,2019-03-15,32856,149,,8840,70,99,mg/dL,149.0
504215,500534,500032,3004249,,2019-03-15,32856,121,,8876,90,130,mmHg,121.0
504216,500534,500032,3012888,,2019-03-15,32856,66,,8876,60,85,mmHg,66.0
504217,500534,500032,3025315,,2019-03-15,32856,71.5,,9529,45,90,kg,71.5
504218,500534,500032,3038553,,2019-03-15,32856,25.9,,9531,18.5,25,kg/m2,25.9
504219,500535,500032,3004410,,2019-06-14,32856,7.5,,8554,4,5.6,%,7.5
504220,500535,500032,3004501,,2019-06-14,32856,157,,8840,70,99,mg/dL,157.0
504221,500535,500032,3004249,,2019-06-14,32856,132,,8876,90,130,mmHg,132.0
504222,500535,500032,3012888,,2019-06-14,32856,80,,8876,60,85,mmHg,80.0
504223,500535,500032,3025315,,2019-06-14,32856,72,,9529,45,90,kg,72.0
504224,500535,500032,3038553,,2019-06-14,32856,26,,9531,18.5,25,kg/m2,26.0
504225,500536,500032,3004410,,2019-09-17,32856,7.4,,8554,4,5.6,%,7.4
504226,500536,500032,3004501,,2019-09-17,32856,152,,8840,70,99,mg/dL,152.0
504227,500536,500032,3004249,,2019-09-17,32856,144,,8876,90,130,mmHg,144.0
504228,500536,500032,3012888,,2019-09-17,32856,89,,8876,60,85,mmHg,89.0
504229,500536,500032,3025315,,2019-09-17,32856,73.9,,9529,45,90,kg,73.9
504230,500536,500032,3038553,,2019-09-17,32856,26.7,,9531,18.5,25,kg/m2,26.7
504231,500537,500032,3004410,,2019-12-15,32856,7.7,,8554,4,5.6,%,7.7
504232,500537,500032,3004501,,2019-12-15,32856,159,,8840,70,99,mg/dL,159.0
504233,500537,500032,3004249,,2019-12-15,32856,116,,8876,90,130,mmHg,116.0
504234,500537,500032,3012888,,2019-12-15,32856,79,,8876,60,85,mmHg,79.0
504235,500537,500032,3025315,,2019-12-15,32856,74.6,,9529,45,90,kg,74.6
504236,500537,500032,3038553,,2019-12-15,32856,27,,9531,18.5,25,kg/m2,27.0
504237,500537,500032,3022192,,2019-12-15,32856,196.8,,8840,0,150,mg/dL,196.8
504238,500537,500032,3007070,,2019-12-15,32856,35.1,,8840,40,60,mg/dL,35.1
504239,500537,500032,3028437,,2019-12-15,32856,100.1,,8840,0,130,mg/dL,100.1
504240,500537,500032,3013721,,2019-12-15,32856,43.1,,8645,0,40,U/L,43.1
504241,500537,500032,3006923,,2019-12-15,32856,38.5,,8645,0,40,U/L,38.5
504242,500537,500032,3016723,,2019-12-15,32856,1.28,,8840,0.6,1.2,mg/dL,1.28
504243,500537,500032,3049187,,2019-12-15,32856,109.2,,9550,90,130,mL/min/1.73m2,109.2
504244,500538,500032,3004410,,2020-03-12,32856,7.7,,8554,4,5.6,%,7.7
504245,500538,500032,3004501,,2020-03-12,32856,143,,8840,70,99,mg/dL,143.0
504246,500538,500032,3004249,,2020-03-12,32856,134,,8876,90,130,mmHg,134.0
504247,500538,500032,3012888,,2020-03-12,32856,68,,8876,60,85,mmHg,68.0
504248,500538,500032,3025315,,2020-03-12,32856,75,,9529,45,90,kg,75.0
504249,500538,500032,3038553,,2020-03-12,32856,27.1,,9531,18.5,25,kg/m2,27.1
504250,500539,500032,3004410,,2020-06-12,32856,7.7,,8554,4,5.6,%,7.7
504251,500539,500032,3004501,,2020-06-12,32856,183,,8840,70,99,mg/dL,183.0
504252,500539,500032,3004249,,2020-06-12,32856,120,,8876,90,130,mmHg,120.0
504253,500539,500032,3012888,,2020-06-12,32856,72,,8876,60,85,mmHg,72.0
504254,500539,500032,3025315,,2020-06-12,32856,75.4,,9529,45,90,kg,75.4
504255,500539,500032,3038553,,2020-06-12,32856,27.3,,9531,18.5,25,kg/m2,27.3
504256,500540,500032,3004410,,2020-09-08,32856,6.9,,8554,4,5.6,%,6.9
504257,500540,500032,3004501,,2020-09-08,32856,128,,8840,70,99,mg/dL,128.0
504258,500540,500032,3004249,,2020-09-08,32856,140,,8876,90,130,mmHg,140.0
504259,500540,500032,3012888,,2020-09-08,32856,73,,8876,60,85,mmHg,73.0
504260,500540,500032,3025315,,2020-09-08,32856,75.9,,9529,45,90,kg,75.9
504261,500540,500032,3038553,,2020-09-08,32856,27.4,,9531,18.5,25,kg/m2,27.4
504262,500541,500032,3004410,,2020-12-10,32856,7.4,,8554,4,5.6,%,7.4
504263,500541,500032,3004501,,2020-12-10,32856,127,,8840,70,99,mg/dL,127.0
504264,500541,500032,3004249,,2020-12-10,32856,116,,8876,90,130,mmHg,116.0
504265,500541,500032,3012888,,2020-12-10,32856,76,,8876,60,85,mmHg,76.0
504266,500541,500032,3025315,,2020-12-10,32856,77.1,,9529,45,90,kg,77.1
504267,500541,500032,3038553,,2020-12-10,32856,27.9,,9531,18.5,25,kg/m2,27.9
504268,500541,500032,3022192,,2020-12-10,32856,176.5,,8840,0,150,mg/dL,176.5
504269,500541,500032,3007070,,2020-12-10,32856,28.9,,8840,40,60,mg/dL,28.9
504270,500541,500032,3028437,,2020-12-10,32856,181.1,,8840,0,130,mg/dL,181.1
504271,500541,500032,3013721,,2020-12-10,32856,14.3,,8645,0,40,U/L,14.3
504272,500541,500032,3006923,,2020-12-10,32856,30.2,,8645,0,40,U/L,30.2
504273,500541,500032,3016723,,2020-12-10,32856,0.92,,8840,0.6,1.2,mg/dL,0.92
504274,500541,500032,3049187,,2020-12-10,32856,80.6,,9550,90,130,mL/min/1.73m2,80.6
504275,500542,500032,3004410,,2021-03-17,32856,7.2,,8554,4,5.6,%,7.2
504276,500542,500032,3004501,,2021-03-17,32856,130,,8840,70,99,mg/dL,130.0
504277,500542,500032,3004249,,2021-03-17,32856,129,,8876,90,130,mmHg,129.0
504278,500542,500032,3012888,,2021-03-17,32856,76,,8876,60,85,mmHg,76.0
504279,500542,500032,3025315,,2021-03-17,32856,79.2,,9529,45,90,kg,79.2
504280,500542,500032,3038553,,2021-03-17,32856,28.6,,9531,18.5,25,kg/m2,28.6
504281,500543,500032,3004410,,2021-06-18,32856,7.6,,8554,4,5.6,%,7.6
504282,500543,500032,3004501,,2021-06-18,32856,143,,8840,70,99,mg/dL,143.0
504283,500543,500032,3004249,,2021-06-18,32856,156,,8876,90,130,mmHg,156.0
504284,500543,500032,3012888,,2021-06-18,32856,81,,8876,60,85,mmHg,81.0
504285,500543,500032,3025315,,2021-06-18,32856,78.3,,9529,45,90,kg,78.3
504286,500543,500032,3038553,,2021-06-18,32856,28.3,,9531,18.5,25,kg/m2,28.3
504287,500544,500032,3004410,,2021-09-24,32856,7.8,,8554,4,5.6,%,7.8
504288,500544,500032,3004501,,2021-09-24,32856,164,,8840,70,99,mg/dL,164.0
504289,500544,500032,3004249,,2021-09-24,32856,116,,8876,90,130,mmHg,116.0
504290,500544,500032,3012888,,2021-09-24,32856,75,,8876,60,85,mmHg,75.0
504291,500544,500032,3025315,,2021-09-24,32856,80.9,,9529,45,90,kg,80.9
504292,500544,500032,3038553,,2021-09-24,32856,29.3,,9531,18.5,25,kg/m2,29.3
504293,500545,500032,3004410,,2021-12-24,32856,7.1,,8554,4,5.6,%,7.1
504294,500545,500032,3004501,,2021-12-24,32856,130,,8840,70,99,mg/dL,130.0
504295,500545,500032,3004249,,2021-12-24,32856,131,,8876,90,130,mmHg,131.0
504296,500545,500032,3012888,,2021-12-24,32856,82,,8876,60,85,mmHg,82.0
504297,500545,500032,3025315,,2021-12-24,32856,81.5,,9529,45,90,kg,81.5
504298,500545,500032,3038553,,2021-12-24,32856,29.5,,9531,18.5,25,kg/m2,29.5
504299,500545,500032,3022192,,2021-12-24,32856,188.7,,8840,0,150,mg/dL,188.7
504300,500545,500032,3007070,,2021-12-24,32856,63.3,,8840,40,60,mg/dL,63.3
504301,500545,500032,3028437,,2021-12-24,32856,175.2,,8840,0,130,mg/dL,175.2
504302,500545,500032,3013721,,2021-12-24,32856,18.7,,8645,0,40,U/L,18.7
504303,500545,500032,3006923,,2021-12-24,32856,68.7,,8645,0,40,U/L,68.7
504304,500545,500032,3016723,,2021-12-24,32856,0.8,,8840,0.6,1.2,mg/dL,0.8
504305,500545,500032,3049187,,2021-12-24,32856,115,,9550,90,130,mL/min/1.73m2,115.0
504306,500546,500032,3004410,,2022-03-25,32856,7.6,,8554,4,5.6,%,7.6
504307,500546,500032,3004501,,2022-03-25,32856,175,,8840,70,99,mg/dL,175.0
504308,500546,500032,3004249,,2022-03-25,32856,104,,8876,90,130,mmHg,104.0
504309,500546,500032,3012888,,2022-03-25,32856,79,,8876,60,85,mmHg,79.0
504310,500546,500032,3025315,,2022-03-25,32856,84.1,,9529,45,90,kg,84.1
504311,500546,500032,3038553,,2022-03-25,32856,30.4,,9531,18.5,25,kg/m2,30.4
504312,500547,500032,3004410,,2022-06-29,32856,7.6,,8554,4,5.6,%,7.6
504313,500547,500032,3004501,,2022-06-29,32856,103,,8840,70,99,mg/dL,103.0
504314,500547,500032,3004249,,2022-06-29,32856,100,,8876,90,130,mmHg,100.0
504315,500547,500032,3012888,,2022-06-29,32856,69,,8876,60,85,mmHg,69.0
504316,500547,500032,3025315,,2022-06-29,32856,83.8,,9529,45,90,kg,83.8
504317,500547,500032,3038553,,2022-06-29,32856,30.3,,9531,18.5,25,kg/m2,30.3
504318,500548,500032,3004410,,2022-10-01,32856,7.4,,8554,4,5.6,%,7.4
504319,500548,500032,3004501,,2022-10-01,32856,118,,8840,70,99,mg/dL,118.0
504320,500548,500032,3004249,,2022-10-01,32856,115,,8876,90,130,mmHg,115.0
504321,500548,500032,3012888,,2022-10-01,32856,84,,8876,60,85,mmHg,84.0
504322,500548,500032,3025315,,2022-10-01,32856,84.6,,9529,45,90,kg,84.6
504323,500548,500032,3038553,,2022-10-01,32856,30.6,,9531,18.5,25,kg/m2,30.6
504324,500549,500032,3004410,,2022-12-30,32856,7.8,,8554,4,5.6,%,7.8
504325,500549,500032,3004501,,2022-12-30,32856,172,,8840,70,99,mg/dL,172.0
504326,500549,500032,3004249,,2022-12-30,32856,127,,8876,90,130,mmHg,127.0
504327,500549,500032,3012888,,2022-12-30,32856,81,,8876,60,85,mmHg,81.0
504328,500549,500032,3025315,,2022-12-30,32856,83.8,,9529,45,90,kg,83.8
504329,500549,500032,3038553,,2022-12-30,32856,30.3,,9531,18.5,25,kg/m2,30.3
504330,500549,500032,3022192,,2022-12-30,32856,304.7,,8840,0,150,mg/dL,304.7
504331,500549,500032,3007070,,2022-12-30,32856,58.1,,8840,40,60,mg/dL,58.1
504332,500549,500032,3028437,,2022-12-30,32856,100.4,,8840,0,130,mg/dL,100.4
504333,500549,500032,3013721,,2022-12-30,32856,13.2,,8645,0,40,U/L,13.2
504334,500549,500032,3006923,,2022-12-30,32856,19.9,,8645,0,40,U/L,19.9
504335,500549,500032,3016723,,2022-12-30,32856,1.02,,8840,0.6,1.2,mg/dL,1.02
504336,500549,500032,3049187,,2022-12-30,32856,89.2,,9550,90,130,mL/min/1.73m2,89.2
504337,500550,500032,3004410,,2023-03-25,32856,7.8,,8554,4,5.6,%,7.8
504338,500550,500032,3004501,,2023-03-25,32856,153,,8840,70,99,mg/dL,153.0
504339,500550,500032,3004249,,2023-03-25,32856,134,,8876,90,130,mmHg,134.0
504340,500550,500032,3012888,,2023-03-25,32856,98,,8876,60,85,mmHg,98.0
504341,500550,500032,3025315,,2023-03-25,32856,84.2,,9529,45,90,kg,84.2
504342,500550,500032,3038553,,2023-03-25,32856,30.4,,9531,18.5,25,kg/m2,30.4
504343,500551,500032,3004410,,2023-06-19,32856,8.1,,8554,4,5.6,%,8.1
504344,500551,500032,3004501,,2023-06-19,32856,159,,8840,70,99,mg/dL,159.0
504345,500551,500032,3004249,,2023-06-19,32856,121,,8876,90,130,mmHg,121.0
504346,500551,500032,3012888,,2023-06-19,32856,71,,8876,60,85,mmHg,71.0
504347,500551,500032,3025315,,2023-06-19,32856,86.2,,9529,45,90,kg,86.2
504348,500551,500032,3038553,,2023-06-19,32856,31.2,,9531,18.5,25,kg/m2,31.2
504349,500552,500032,3004410,,2023-09-14,32856,6.8,,8554,4,5.6,%,6.8
504350,500552,500032,3004501,,2023-09-14,32856,109,,8840,70,99,mg/dL,109.0
504351,500552,500032,3004249,,2023-09-14,32856,117,,8876,90,130,mmHg,117.0
504352,500552,500032,3012888,,2023-09-14,32856,66,,8876,60,85,mmHg,66.0
504353,500552,500032,3025315,,2023-09-14,32856,86.4,,9529,45,90,kg,86.4
504354,500552,500032,3038553,,2023-09-14,32856,31.2,,9531,18.5,25,kg/m2,31.2
504355,500553,500032,3004410,,2023-12-20,32856,6.1,,8554,4,5.6,%,6.1
504356,500553,500032,3004501,,2023-12-20,32856,106,,8840,70,99,mg/dL,106.0
504357,500553,500032,3004249,,2023-12-20,32856,130,,8876,90,130,mmHg,130.0
504358,500553,500032,3012888,,2023-12-20,32856,63,,8876,60,85,mmHg,63.0
504359,500553,500032,3025315,,2023-12-20,32856,86.2,,9529,45,90,kg,86.2
504360,500553,500032,3038553,,2023-12-20,32856,31.2,,9531,18.5,25,kg/m2,31.2
504361,500553,500032,3022192,,2023-12-20,32856,136,,8840,0,150,mg/dL,136.0
504362,500553,500032,3007070,,2023-12-20,32856,43.7,,8840,40,60,mg/dL,43.7
504363,500553,500032,3028437,,2023-12-20,32856,158.1,,8840,0,130,mg/dL,158.1
504364,500553,500032,3013721,,2023-12-20,32856,38.3,,8645,0,40,U/L,38.3
504365,500553,500032,3006923,,2023-12-20,32856,89.3,,8645,0,40,U/L,89.3
504366,500553,500032,3016723,,2023-12-20,32856,1.06,,8840,0.6,1.2,mg/dL,1.06
504367,500553,500032,3049187,,2023-12-20,32856,67.3,,9550,90,130,mL/min/1.73m2,67.3
504368,500554,500033,3036277,,2018-10-09,32856,164,,8582,150,185,cm,164.0
504369,500554,500033,3004410,,2018-10-09,32856,8.6,,8554,4,5.6,%,8.6
504370,500554,500033,3004501,,2018-10-09,32856,175,,8840,70,99,mg/dL,175.0
504371,500554,500033,3004249,,2018-10-09,32856,118,,8876,90,130,mmHg,118.0
504372,500554,500033,3012888,,2018-10-09,32856,90,,8876,60,85,mmHg,90.0
504373,500554,500033,3025315,,2018-10-09,32856,68.9,,9529,45,90,kg,68.9
504374,500554,500033,3038553,,2018-10-09,32856,25.6,,9531,18.5,25,kg/m2,25.6
504375,500554,500033,3022192,,2018-10-09,32856,120.8,,8840,0,150,mg/dL,120.8
504376,500554,500033,3007070,,2018-10-09,32856,43.3,,8840,40,60,mg/dL,43.3
504377,500554,500033,3028437,,2018-10-09,32856,79.4,,8840,0,130,mg/dL,79.4
504378,500554,500033,3013721,,2018-10-09,32856,32.5,,8645,0,40,U/L,32.5
504379,500554,500033,3006923,,2018-10-09,32856,54.1,,8645,0,40,U/L,54.1
504380,500554,500033,3016723,,2018-10-09,32856,1.17,,8840,0.6,1.2,mg/dL,1.17
504381,500554,500033,3049187,,2018-10-09,32856,108.9,,9550,90,130,mL/min/1.73m2,108.9
504382,500555,500033,3004410,,2019-01-12,32856,8.2,,8554,4,5.6,%,8.2
504383,500555,500033,3004501,,2019-01-12,32856,172,,8840,70,99,mg/dL,172.0
504384,500555,500033,3004249,,2019-01-12,32856,132,,8876,90,130,mmHg,132.0
504385,500555,500033,3012888,,2019-01-12,32856,77,,8876,60,85,mmHg,77.0
504386,500555,500033,3025315,,2019-01-12,32856,70.2,,9529,45,90,kg,70.2
504387,500555,500033,3038553,,2019-01-12,32856,26.1,,9531,18.5,25,kg/m2,26.1
504388,500556,500033,3004410,,2019-04-10,32856,7.7,,8554,4,5.6,%,7.7
504389,500556,500033,3004501,,2019-04-10,32856,142,,8840,70,99,mg/dL,142.0
504390,500556,500033,3004249,,2019-04-10,32856,151,,8876,90,130,mmHg,151.0
504391,500556,500033,3012888,,2019-04-10,32856,90,,8876,60,85,mmHg,90.0
504392,500556,500033,3025315,,2019-04-10,32856,69.5,,9529,45,90,kg,69.5
504393,500556,500033,3038553,,2019-04-10,32856,25.8,,9531,18.5,25,kg/m2,25.8
504394,500557,500033,3004410,,2019-07-03,32856,7.1,,8554,4,5.6,%,7.1
504395,500557,500033,3004501,,2019-07-03,32856,170,,8840,70,99,mg/dL,170.0
504396,500557,500033,3004249,,2019-07-03,32856,124,,8876,90,130,mmHg,124.0
504397,500557,500033,3012888,,2019-07-03,32856,85,,8876,60,85,mmHg,85.0
504398,500557,500033,3025315,,2019-07-03,32856,69,,9529,45,90,kg,69.0
504399,500557,500033,3038553,,2019-07-03,32856,25.7,,9531,18.5,25,kg/m2,25.7
504400,500558,500033,3004410,,2019-09-27,32856,7.2,,8554,4,5.6,%,7.2
504401,500558,500033,3004501,,2019-09-27,32856,155,,8840,70,99,mg/dL,155.0
504402,500558,500033,3004249,,2019-09-27,32856,132,,8876,90,130,mmHg,132.0
504403,500558,500033,3012888,,2019-09-27,32856,95,,8876,60,85,mmHg,95.0
504404,500558,500033,3025315,,2019-09-27,32856,68.6,,9529,45,90,kg,68.6
504405,500558,500033,3038553,,2019-09-27,32856,25.5,,9531,18.5,25,kg/m2,25.5
504406,500558,500033,3022192,,2019-09-27,32856,292.8,,8840,0,150,mg/dL,292.8
504407,500558,500033,3007070,,2019-09-27,32856,41.7,,8840,40,60,mg/dL,41.7
504408,500558,500033,3028437,,2019-09-27,32856,138.3,,8840,0,130,mg/dL,138.3
504409,500558,500033,3013721,,2019-09-27,32856,60.9,,8645,0,40,U/L,60.9
504410,500558,500033,3006923,,2019-09-27,32856,47.7,,8645,0,40,U/L,47.7
504411,500558,500033,3016723,,2019-09-27,32856,0.84,,8840,0.6,1.2,mg/dL,0.84
504412,500558,500033,3049187,,2019-09-27,32856,88.9,,9550,90,130,mL/min/1.73m2,88.9
504413,500559,500033,3004410,,2020-01-03,32856,7.1,,8554,4,5.6,%,7.1
504414,500559,500033,3004501,,2020-01-03,32856,142,,8840,70,99,mg/dL,142.0
504415,500559,500033,3004249,,2020-01-03,32856,139,,8876,90,130,mmHg,139.0
504416,500559,500033,3012888,,2020-01-03,32856,104,,8876,60,85,mmHg,104.0
504417,500559,500033,3025315,,2020-01-03,32856,71,,9529,45,90,kg,71.0
504418,500559,500033,3038553,,2020-01-03,32856,26.4,,9531,18.5,25,kg/m2,26.4
504419,500560,500033,3004410,,2020-04-06,32856,6.4,,8554,4,5.6,%,6.4
504420,500560,500033,3004501,,2020-04-06,32856,117,,8840,70,99,mg/dL,117.0
504421,500560,500033,3004249,,2020-04-06,32856,125,,8876,90,130,mmHg,125.0
504422,500560,500033,3012888,,2020-04-06,32856,78,,8876,60,85,mmHg,78.0
504423,500560,500033,3025315,,2020-04-06,32856,69.5,,9529,45,90,kg,69.5
504424,500560,500033,3038553,,2020-04-06,32856,25.8,,9531,18.5,25,kg/m2,25.8
504425,500561,500033,3004410,,2020-07-05,32856,6.5,,8554,4,5.6,%,6.5
504426,500561,500033,3004501,,2020-07-05,32856,108,,8840,70,99,mg/dL,108.0
504427,500561,500033,3004249,,2020-07-05,32856,121,,8876,90,130,mmHg,121.0
504428,500561,500033,3012888,,2020-07-05,32856,88,,8876,60,85,mmHg,88.0
504429,500561,500033,3025315,,2020-07-05,32856,70,,9529,45,90,kg,70.0
504430,500561,500033,3038553,,2020-07-05,32856,26,,9531,18.5,25,kg/m2,26.0
504431,500562,500033,3004410,,2020-10-04,32856,6,,8554,4,5.6,%,6.0
504432,500562,500033,3004501,,2020-10-04,32856,110,,8840,70,99,mg/dL,110.0
504433,500562,500033,3004249,,2020-10-04,32856,149,,8876,90,130,mmHg,149.0
504434,500562,500033,3012888,,2020-10-04,32856,78,,8876,60,85,mmHg,78.0
504435,500562,500033,3025315,,2020-10-04,32856,71.4,,9529,45,90,kg,71.4
504436,500562,500033,3038553,,2020-10-04,32856,26.5,,9531,18.5,25,kg/m2,26.5
504437,500562,500033,3022192,,2020-10-04,32856,155.9,,8840,0,150,mg/dL,155.9
504438,500562,500033,3007070,,2020-10-04,32856,53.3,,8840,40,60,mg/dL,53.3
504439,500562,500033,3028437,,2020-10-04,32856,105,,8840,0,130,mg/dL,105.0
504440,500562,500033,3013721,,2020-10-04,32856,51.2,,8645,0,40,U/L,51.2
504441,500562,500033,3006923,,2020-10-04,32856,80.9,,8645,0,40,U/L,80.9
504442,500562,500033,3016723,,2020-10-04,32856,1.03,,8840,0.6,1.2,mg/dL,1.03
504443,500562,500033,3049187,,2020-10-04,32856,94.2,,9550,90,130,mL/min/1.73m2,94.2
504444,500563,500033,3004410,,2021-01-01,32856,5.8,,8554,4,5.6,%,5.8
504445,500563,500033,3004501,,2021-01-01,32856,106,,8840,70,99,mg/dL,106.0
504446,500563,500033,3004249,,2021-01-01,32856,159,,8876,90,130,mmHg,159.0
504447,500563,500033,3012888,,2021-01-01,32856,86,,8876,60,85,mmHg,86.0
504448,500563,500033,3025315,,2021-01-01,32856,71.7,,9529,45,90,kg,71.7
504449,500563,500033,3038553,,2021-01-01,32856,26.7,,9531,18.5,25,kg/m2,26.7
504450,500564,500033,3004410,,2021-04-02,32856,6.6,,8554,4,5.6,%,6.6
504451,500564,500033,3004501,,2021-04-02,32856,119,,8840,70,99,mg/dL,119.0
504452,500564,500033,3004249,,2021-04-02,32856,134,,8876,90,130,mmHg,134.0
504453,500564,500033,3012888,,2021-04-02,32856,83,,8876,60,85,mmHg,83.0
504454,500564,500033,3025315,,2021-04-02,32856,71.5,,9529,45,90,kg,71.5
504455,500564,500033,3038553,,2021-04-02,32856,26.6,,9531,18.5,25,kg/m2,26.6
504456,500565,500033,3004410,,2021-06-27,32856,7.1,,8554,4,5.6,%,7.1
504457,500565,500033,3004501,,2021-06-27,32856,137,,8840,70,99,mg/dL,137.0
504458,500565,500033,3004249,,2021-06-27,32856,147,,8876,90,130,mmHg,147.0
504459,500565,500033,3012888,,2021-06-27,32856,84,,8876,60,85,mmHg,84.0
504460,500565,500033,3025315,,2021-06-27,32856,72,,9529,45,90,kg,72.0
504461,500565,500033,3038553,,2021-06-27,32856,26.8,,9531,18.5,25,kg/m2,26.8
504462,500566,500033,3004410,,2021-10-01,32856,7.1,,8554,4,5.6,%,7.1
504463,500566,500033,3004501,,2021-10-01,32856,133,,8840,70,99,mg/dL,133.0
504464,500566,500033,3004249,,2021-10-01,32856,147,,8876,90,130,mmHg,147.0
504465,500566,500033,3012888,,2021-10-01,32856,87,,8876,60,85,mmHg,87.0
504466,500566,500033,3025315,,2021-10-01,32856,71.6,,9529,45,90,kg,71.6
504467,500566,500033,3038553,,2021-10-01,32856,26.6,,9531,18.5,25,kg/m2,26.6
504468,500566,500033,3022192,,2021-10-01,32856,74,,8840,0,150,mg/dL,74.0
504469,500566,500033,3007070,,2021-10-01,32856,54.5,,8840,40,60,mg/dL,54.5
504470,500566,500033,3028437,,2021-10-01,32856,109.1,,8840,0,130,mg/dL,109.1
504471,500566,500033,3013721,,2021-10-01,32856,55.2,,8645,0,40,U/L,55.2
504472,500566,500033,3006923,,2021-10-01,32856,83.3,,8645,0,40,U/L,83.3
504473,500566,500033,3016723,,2021-10-01,32856,1.04,,8840,0.6,1.2,mg/dL,1.04
504474,500566,500033,3049187,,2021-10-01,32856,102.4,,9550,90,130,mL/min/1.73m2,102.4
504475,500567,500033,3004410,,2021-12-25,32856,7.3,,8554,4,5.6,%,7.3
504476,500567,500033,3004501,,2021-12-25,32856,161,,8840,70,99,mg/dL,161.0
504477,500567,500033,3004249,,2021-12-25,32856,150,,8876,90,130,mmHg,150.0
504478,500567,500033,3012888,,2021-12-25,32856,71,,8876,60,85,mmHg,71.0
504479,500567,500033,3025315,,2021-12-25,32856,72.6,,9529,45,90,kg,72.6
504480,500567,500033,3038553,,2021-12-25,32856,27,,9531,18.5,25,kg/m2,27.0
504481,500568,500033,3004410,,2022-04-02,32856,7.9,,8554,4,5.6,%,7.9
504482,500568,500033,3004501,,2022-04-02,32856,139,,8840,70,99,mg/dL,139.0
504483,500568,500033,3004249,,2022-04-02,32856,148,,8876,90,130,mmHg,148.0
504484,500568,500033,3012888,,2022-04-02,32856,84,,8876,60,85,mmHg,84.0
504485,500568,500033,3025315,,2022-04-02,32856,72.3,,9529,45,90,kg,72.3
504486,500568,500033,3038553,,2022-04-02,32856,26.9,,9531,18.5,25,kg/m2,26.9
504487,500569,500033,3004410,,2022-07-08,32856,7.8,,8554,4,5.6,%,7.8
504488,500569,500033,3004501,,2022-07-08,32856,141,,8840,70,99,mg/dL,141.0
504489,500569,500033,3004249,,2022-07-08,32856,143,,8876,90,130,mmHg,143.0
504490,500569,500033,3012888,,2022-07-08,32856,86,,8876,60,85,mmHg,86.0
504491,500569,500033,3025315,,2022-07-08,32856,71.2,,9529,45,90,kg,71.2
504492,500569,500033,3038553,,2022-07-08,32856,26.5,,9531,18.5,25,kg/m2,26.5
504493,500570,500033,3004410,,2022-10-06,32856,7.5,,8554,4,5.6,%,7.5
504494,500570,500033,3004501,,2022-10-06,32856,121,,8840,70,99,mg/dL,121.0
504495,500570,500033,3004249,,2022-10-06,32856,142,,8876,90,130,mmHg,142.0
504496,500570,500033,3012888,,2022-10-06,32856,86,,8876,60,85,mmHg,86.0
504497,500570,500033,3025315,,2022-10-06,32856,71.2,,9529,45,90,kg,71.2
504498,500570,500033,3038553,,2022-10-06,32856,26.5,,9531,18.5,25,kg/m2,26.5
504499,500570,500033,3022192,,2022-10-06,32856,36.4,,8840,0,150,mg/dL,36.4
504500,500570,500033,3007070,,2022-10-06,32856,35.1,,8840,40,60,mg/dL,35.1
504501,500570,500033,3028437,,2022-10-06,32856,69,,8840,0,130,mg/dL,69.0
504502,500570,500033,3013721,,2022-10-06,32856,33.1,,8645,0,40,U/L,33.1
504503,500570,500033,3006923,,2022-10-06,32856,50.1,,8645,0,40,U/L,50.1
504504,500570,500033,3016723,,2022-10-06,32856,1.17,,8840,0.6,1.2,mg/dL,1.17
504505,500570,500033,3049187,,2022-10-06,32856,74.9,,9550,90,130,mL/min/1.73m2,74.9
504506,500571,500033,3004410,,2022-12-31,32856,7.3,,8554,4,5.6,%,7.3
504507,500571,500033,3004501,,2022-12-31,32856,158,,8840,70,99,mg/dL,158.0
504508,500571,500033,3004249,,2022-12-31,32856,121,,8876,90,130,mmHg,121.0
504509,500571,500033,3012888,,2022-12-31,32856,71,,8876,60,85,mmHg,71.0
504510,500571,500033,3025315,,2022-12-31,32856,70.6,,9529,45,90,kg,70.6
504511,500571,500033,3038553,,2022-12-31,32856,26.2,,9531,18.5,25,kg/m2,26.2
504512,500572,500033,3004410,,2023-04-01,32856,7.2,,8554,4,5.6,%,7.2
504513,500572,500033,3004501,,2023-04-01,32856,122,,8840,70,99,mg/dL,122.0
504514,500572,500033,3004249,,2023-04-01,32856,143,,8876,90,130,mmHg,143.0
504515,500572,500033,3012888,,2023-04-01,32856,91,,8876,60,85,mmHg,91.0
504516,500572,500033,3025315,,2023-04-01,32856,69.5,,9529,45,90,kg,69.5
504517,500572,500033,3038553,,2023-04-01,32856,25.8,,9531,18.5,25,kg/m2,25.8
504518,500573,500033,3004410,,2023-07-02,32856,7.6,,8554,4,5.6,%,7.6
504519,500573,500033,3004501,,2023-07-02,32856,136,,8840,70,99,mg/dL,136.0
504520,500573,500033,3004249,,2023-07-02,32856,151,,8876,90,130,mmHg,151.0
504521,500573,500033,3012888,,2023-07-02,32856,95,,8876,60,85,mmHg,95.0
504522,500573,500033,3025315,,2023-07-02,32856,69.6,,9529,45,90,kg,69.6
504523,500573,500033,3038553,,2023-07-02,32856,25.9,,9531,18.5,25,kg/m2,25.9
504524,500574,500034,3036277,,2022-02-11,32856,165,,8582,150,185,cm,165.0
504525,500574,500034,3004410,,2022-02-11,32856,6.6,,8554,4,5.6,%,6.6
504526,500574,500034,3004501,,2022-02-11,32856,117,,8840,70,99,mg/dL,117.0
504527,500574,500034,3004249,,2022-02-11,32856,134,,8876,90,130,mmHg,134.0
504528,500574,500034,3012888,,2022-02-11,32856,64,,8876,60,85,mmHg,64.0
504529,500574,500034,3025315,,2022-02-11,32856,49.3,,9529,45,90,kg,49.3
504530,500574,500034,3038553,,2022-02-11,32856,18.1,,9531,18.5,25,kg/m2,18.1
504531,500574,500034,3022192,,2022-02-11,32856,191.9,,8840,0,150,mg/dL,191.9
504532,500574,500034,3007070,,2022-02-11,32856,46.6,,8840,40,60,mg/dL,46.6
504533,500574,500034,3028437,,2022-02-11,32856,107.2,,8840,0,130,mg/dL,107.2
504534,500574,500034,3013721,,2022-02-11,32856,62.5,,8645,0,40,U/L,62.5
504535,500574,500034,3006923,,2022-02-11,32856,0,,8645,0,40,U/L,0
504536,500574,500034,3016723,,2022-02-11,32856,0.97,,8840,0.6,1.2,mg/dL,0.97
504537,500574,500034,3049187,,2022-02-11,32856,42.9,,9550,90,130,mL/min/1.73m2,42.9
504538,500575,500034,3004410,,2022-05-20,32856,6,,8554,4,5.6,%,6.0
504539,500575,500034,3004501,,2022-05-20,32856,94,,8840,70,99,mg/dL,94.0
504540,500575,500034,3004249,,2022-05-20,32856,129,,8876,90,130,mmHg,129.0
504541,500575,500034,3012888,,2022-05-20,32856,86,,8876,60,85,mmHg,86.0
504542,500575,500034,3025315,,2022-05-20,32856,49,,9529,45,90,kg,49.0
504543,500575,500034,3038553,,2022-05-20,32856,18,,9531,18.5,25,kg/m2,18.0
504544,500576,500034,3004410,,2022-08-14,32856,6.2,,8554,4,5.6,%,6.2
504545,500576,500034,3004501,,2022-08-14,32856,113,,8840,70,99,mg/dL,113.0
504546,500576,500034,3004249,,2022-08-14,32856,124,,8876,90,130,mmHg,124.0
504547,500576,500034,3012888,,2022-08-14,32856,81,,8876,60,85,mmHg,81.0
504548,500576,500034,3025315,,2022-08-14,32856,49.4,,9529,45,90,kg,49.4
504549,500576,500034,3038553,,2022-08-14,32856,18.1,,9531,18.5,25,kg/m2,18.1
504550,500577,500034,3004410,,2022-11-19,32856,5.6,,8554,4,5.6,%,5.6
504551,500577,500034,3004501,,2022-11-19,32856,124,,8840,70,99,mg/dL,124.0
504552,500577,500034,3004249,,2022-11-19,32856,102,,8876,90,130,mmHg,102.0
504553,500577,500034,3012888,,2022-11-19,32856,81,,8876,60,85,mmHg,81.0
504554,500577,500034,3025315,,2022-11-19,32856,49.5,,9529,45,90,kg,49.5
504555,500577,500034,3038553,,2022-11-19,32856,18.2,,9531,18.5,25,kg/m2,18.2
504556,500578,500034,3004410,,2023-02-23,32856,5.6,,8554,4,5.6,%,5.6
504557,500578,500034,3004501,,2023-02-23,32856,99,,8840,70,99,mg/dL,99.0
504558,500578,500034,3004249,,2023-02-23,32856,138,,8876,90,130,mmHg,138.0
504559,500578,500034,3012888,,2023-02-23,32856,67,,8876,60,85,mmHg,67.0
504560,500578,500034,3025315,,2023-02-23,32856,50.6,,9529,45,90,kg,50.6
504561,500578,500034,3038553,,2023-02-23,32856,18.6,,9531,18.5,25,kg/m2,18.6
504562,500578,500034,3022192,,2023-02-23,32856,313.4,,8840,0,150,mg/dL,313.4
504563,500578,500034,3007070,,2023-02-23,32856,63.4,,8840,40,60,mg/dL,63.4
504564,500578,500034,3028437,,2023-02-23,32856,133.1,,8840,0,130,mg/dL,133.1
504565,500578,500034,3013721,,2023-02-23,32856,65.6,,8645,0,40,U/L,65.6
504566,500578,500034,3006923,,2023-02-23,32856,4.6,,8645,0,40,U/L,4.6
504567,500578,500034,3016723,,2023-02-23,32856,0.68,,8840,0.6,1.2,mg/dL,0.68
504568,500578,500034,3049187,,2023-02-23,32856,73,,9550,90,130,mL/min/1.73m2,73.0
504569,500579,500034,3004410,,2023-05-22,32856,6,,8554,4,5.6,%,6.0
504570,500579,500034,3004501,,2023-05-22,32856,103,,8840,70,99,mg/dL,103.0
504571,500579,500034,3004249,,2023-05-22,32856,151,,8876,90,130,mmHg,151.0
504572,500579,500034,3012888,,2023-05-22,32856,81,,8876,60,85,mmHg,81.0
504573,500579,500034,3025315,,2023-05-22,32856,52.1,,9529,45,90,kg,52.1
504574,500579,500034,3038553,,2023-05-22,32856,19.1,,9531,18.5,25,kg/m2,19.1
504575,500580,500034,3004410,,2023-08-16,32856,6.5,,8554,4,5.6,%,6.5
504576,500580,500034,3004501,,2023-08-16,32856,114,,8840,70,99,mg/dL,114.0
504577,500580,500034,3004249,,2023-08-16,32856,128,,8876,90,130,mmHg,128.0
504578,500580,500034,3012888,,2023-08-16,32856,76,,8876,60,85,mmHg,76.0
504579,500580,500034,3025315,,2023-08-16,32856,51.3,,9529,45,90,kg,51.3
504580,500580,500034,3038553,,2023-08-16,32856,18.8,,9531,18.5,25,kg/m2,18.8
504581,500581,500034,3004410,,2023-11-19,32856,6.2,,8554,4,5.6,%,6.2
504582,500581,500034,3004501,,2023-11-19,32856,78,,8840,70,99,mg/dL,78.0
504583,500581,500034,3004249,,2023-11-19,32856,133,,8876,90,130,mmHg,133.0
504584,500581,500034,3012888,,2023-11-19,32856,80,,8876,60,85,mmHg,80.0
504585,500581,500034,3025315,,2023-11-19,32856,50.3,,9529,45,90,kg,50.3
504586,500581,500034,3038553,,2023-11-19,32856,18.5,,9531,18.5,25,kg/m2,18.5
504587,999999999,500034,3004410,,2024-02-25,32856,6,,8554,4,5.6,%,6.0
504588,500582,500034,3004501,,2024-02-25,32856,110,,8840,70,99,mg/dL,110.0
504589,500582,500034,3004249,,2024-02-25,32856,127,,8876,90,130,mmHg,127.0
504590,500582,500034,3012888,,2024-02-25,32856,88,,8876,60,85,mmHg,88.0
504591,500582,500034,3025315,,2024-02-25,32856,50.7,,9529,45,90,kg,50.7
504592,500582,500034,3038553,,2024-02-25,32856,18.6,,9531,18.5,25,kg/m2,18.6
504593,500582,500034,3022192,,2024-02-25,32856,175.3,,8840,0,150,mg/dL,175.3
504594,500582,500034,3007070,,2024-02-25,32856,49.5,,8840,40,60,mg/dL,49.5
504595,500582,500034,3028437,,2024-02-25,32856,76,,8840,0,130,mg/dL,76.0
504596,500582,500034,3013721,,2024-02-25,32856,0,,8645,0,40,U/L,0
504597,500582,500034,3006923,,2024-02-25,32856,67.5,,8645,0,40,U/L,67.5
504598,500582,500034,3016723,,2024-02-25,32856,1.41,,8840,0.6,1.2,mg/dL,1.41
504599,500582,500034,3049187,,2024-02-25,32856,68.6,,9550,90,130,mL/min/1.73m2,68.6
504600,500583,500034,3004410,,2024-05-23,32856,5.3,,8554,4,5.6,%,5.3
504601,500583,500034,3004501,,2024-05-23,32856,91,,8840,70,99,mg/dL,91.0
504602,500583,500034,3004249,,2024-05-23,32856,117,,8876,90,130,mmHg,117.0
504603,500583,500034,3012888,,2024-05-23,32856,76,,8876,60,85,mmHg,76.0
504604,500583,500034,3025315,,2024-05-23,32856,51.8,,9529,45,90,kg,51.8
504605,500583,500034,3038553,,2024-05-23,32856,19,,9531,18.5,25,kg/m2,19.0
504606,500584,500034,3004410,,2024-08-22,32856,5.5,,8554,4,5.6,%,5.5
504607,500584,500034,3004501,,2024-08-22,32856,78,,8840,70,99,mg/dL,78.0
504608,500584,500034,3004249,,2024-08-22,32856,117,,8876,90,130,mmHg,117.0
504609,500584,500034,3012888,,2024-08-22,32856,71,,8876,60,85,mmHg,71.0
504610,500584,500034,3025315,,2024-08-22,32856,52.1,,9529,45,90,kg,52.1
504611,500584,500034,3038553,,2024-08-22,32856,19.1,,9531,18.5,25,kg/m2,19.1
504612,500585,500034,3004410,,2024-11-23,32856,6,,8554,4,5.6,%,6.0
504613,500585,500034,3004501,,2024-11-23,32856,114,,8840,70,99,mg/dL,114.0
504614,500585,500034,3004249,,2024-11-23,32856,138,,8876,90,130,mmHg,138.0
504615,500585,500034,3012888,,2024-11-23,32856,78,,8876,60,85,mmHg,78.0
504616,500585,500034,3025315,,2024-11-23,32856,50.9,,9529,45,90,kg,50.9
504617,500585,500034,3038553,,2024-11-23,32856,18.7,,9531,18.5,25,kg/m2,18.7
504618,500586,500034,3004410,,2025-02-27,32856,5.8,,8554,4,5.6,%,5.8
504619,500586,500034,3004501,,2025-02-27,32856,122,,8840,70,99,mg/dL,122.0
504620,500586,500034,3004249,,2025-02-27,32856,116,,8876,90,130,mmHg,116.0
504621,500586,500034,3012888,,2025-02-27,32856,84,,8876,60,85,mmHg,84.0
504622,500586,500034,3025315,,2025-02-27,32856,51.3,,9529,45,90,kg,51.3
504623,500586,500034,3038553,,2025-02-27,32856,18.8,,9531,18.5,25,kg/m2,18.8
504624,500586,500034,3022192,,2025-02-27,32856,257.4,,8840,0,150,mg/dL,257.4
504625,500586,500034,3007070,,2025-02-27,32856,49,,8840,40,60,mg/dL,49.0
504626,500586,500034,3028437,,2025-02-27,32856,135.8,,8840,0,130,mg/dL,135.8
504627,500586,500034,3013721,,2025-02-27,32856,61.9,,8645,0,40,U/L,61.9
504628,500586,500034,3006923,,2025-02-27,32856,65.1,,8645,0,40,U/L,65.1
504629,500586,500034,3016723,,2025-02-27,32856,0.47,,8840,0.6,1.2,mg/dL,0.47
504630,500586,500034,3049187,,2025-02-27,32856,104.6,,9550,90,130,mL/min/1.73m2,104.6
504631,500587,500035,3036277,,2022-01-13,32856,175.4,,8582,150,185,cm,175.4
504632,500587,500035,3004410,,2022-01-13,32856,9,,8554,4,5.6,%,9.0
504633,500587,500035,3004501,,2022-01-13,32856,193,,8840,70,99,mg/dL,193.0
504634,500587,500035,3004249,,2022-01-13,32856,120,,8876,90,130,mmHg,120.0
504635,500587,500035,3012888,,2022-01-13,32856,89,,8876,60,85,mmHg,89.0
504636,500587,500035,3025315,,2022-01-13,32856,95.1,,9529,45,90,kg,95.1
504637,500587,500035,3038553,,2022-01-13,32856,30.9,,9531,18.5,25,kg/m2,30.9
504638,500587,500035,3022192,,2022-01-13,32856,126.6,,8840,0,150,mg/dL,126.6
504639,500587,500035,3007070,,2022-01-13,32856,54.7,,8840,40,60,mg/dL,54.7
504640,500587,500035,3028437,,2022-01-13,32856,123.3,,8840,0,130,mg/dL,123.3
504641,500587,500035,3013721,,2022-01-13,32856,31.7,,8645,0,40,U/L,31.7
504642,500587,500035,3006923,,2022-01-13,32856,56.1,,8645,0,40,U/L,56.1
504643,500587,500035,3016723,,2022-01-13,32856,0.62,,8840,0.6,1.2,mg/dL,0.62
504644,500587,500035,3049187,,2022-01-13,32856,87.9,,9550,90,130,mL/min/1.73m2,87.9
504645,500588,500035,3004410,,2022-04-18,32856,8.2,,8554,4,5.6,%,8.2
504646,500588,500035,3004501,,2022-04-18,32856,149,,8840,70,99,mg/dL,149.0
504647,500588,500035,3004249,,2022-04-18,32856,120,,8876,90,130,mmHg,120.0
504648,500588,500035,3012888,,2022-04-18,32856,83,,8876,60,85,mmHg,83.0
504649,500588,500035,3025315,,2022-04-18,32856,97.6,,9529,45,90,kg,97.6
504650,500588,500035,3038553,,2022-04-18,32856,31.7,,9531,18.5,25,kg/m2,31.7
504651,500589,500035,3004410,,2022-07-13,32856,8.9,,8554,4,5.6,%,8.9
504652,500589,500035,3004501,,2022-07-13,32856,190,,8840,70,99,mg/dL,190.0
504653,500589,500035,3004249,,2022-07-13,32856,120,,8876,90,130,mmHg,120.0
504654,500589,500035,3012888,,2022-07-13,32856,90,,8876,60,85,mmHg,90.0
504655,500589,500035,3025315,,2022-07-13,32856,96.7,,9529,45,90,kg,96.7
504656,500589,500035,3038553,,2022-07-13,32856,31.4,,9531,18.5,25,kg/m2,31.4
504657,500590,500035,3004410,,2022-10-07,32856,8.6,,8554,4,5.6,%,8.6
504658,500590,500035,3004501,,2022-10-07,32856,163,,8840,70,99,mg/dL,163.0
504659,500590,500035,3004249,,2022-10-07,32856,142,,8876,90,130,mmHg,142.0
504660,500590,500035,3012888,,2022-10-07,32856,71,,8876,60,85,mmHg,71.0
504661,500590,500035,3025315,,2022-10-07,32856,96.4,,9529,45,90,kg,96.4
504662,500590,500035,3038553,,2022-10-07,32856,31.3,,9531,18.5,25,kg/m2,31.3
504663,500591,500035,3004410,,2023-01-02,32856,7.5,,8554,4,5.6,%,7.5
504664,500591,500035,3004501,,2023-01-02,32856,134,,8840,70,99,mg/dL,134.0
504665,500591,500035,3004249,,2023-01-02,32856,114,,8876,90,130,mmHg,114.0
504666,500591,500035,3012888,,2023-01-02,32856,85,,8876,60,85,mmHg,85.0
504667,500591,500035,3025315,,2023-01-02,32856,96.6,,9529,45,90,kg,96.6
504668,500591,500035,3038553,,2023-01-02,32856,31.4,,9531,18.5,25,kg/m2,31.4
504669,500591,500035,3022192,,2023-01-02,32856,184.2,,8840,0,150,mg/dL,184.2
504670,500591,500035,3007070,,2023-01-02,32856,44.3,,8840,40,60,mg/dL,44.3
504671,500591,500035,3028437,,2023-01-02,32856,96.2,,8840,0,130,mg/dL,96.2
504672,500591,500035,3013721,,2023-01-02,32856,55.4,,8645,0,40,U/L,55.4
504673,500591,500035,3006923,,2023-01-02,32856,42.7,,8645,0,40,U/L,42.7
504674,500591,500035,3016723,,2023-01-02,32856,1.05,,8840,0.6,1.2,mg/dL,1.05
504675,500591,500035,3049187,,2023-01-02,32856,92.5,,9550,90,130,mL/min/1.73m2,92.5
504676,500592,500035,3004410,,2023-03-27,32856,7.2,,8554,4,5.6,%,7.2
504677,500592,500035,3004501,,2023-03-27,32856,121,,8840,70,99,mg/dL,121.0
504678,500592,500035,3004249,,2023-03-27,32856,145,,8876,90,130,mmHg,145.0
504679,500592,500035,3012888,,2023-03-27,32856,85,,8876,60,85,mmHg,85.0
504680,500592,500035,3025315,,2023-03-27,32856,96.8,,9529,45,90,kg,96.8
504681,500592,500035,3038553,,2023-03-27,32856,31.5,,9531,18.5,25,kg/m2,31.5
504682,500593,500035,3004410,,2023-06-25,32856,6.5,,8554,4,5.6,%,6.5
504683,500593,500035,3004501,,2023-06-25,32856,142,,8840,70,99,mg/dL,142.0
504684,500593,500035,3004249,,2023-06-25,32856,129,,8876,90,130,mmHg,129.0
504685,500593,500035,3012888,,2023-06-25,32856,63,,8876,60,85,mmHg,63.0
504686,500593,500035,3025315,,2023-06-25,32856,95.2,,9529,45,90,kg,95.2
504687,500593,500035,3038553,,2023-06-25,32856,30.9,,9531,18.5,25,kg/m2,30.9
504688,500594,500035,3004410,,2023-09-19,32856,6.9,,8554,4,5.6,%,6.9
504689,500594,500035,3004501,,2023-09-19,32856,122,,8840,70,99,mg/dL,122.0
504690,500594,500035,3004249,,2023-09-19,32856,105,,8876,90,130,mmHg,105.0
504691,500594,500035,3012888,,2023-09-19,32856,83,,8876,60,85,mmHg,83.0
504692,500594,500035,3025315,,2023-09-19,32856,96.4,,9529,45,90,kg,96.4
504693,500594,500035,3038553,,2023-09-19,32856,31.3,,9531,18.5,25,kg/m2,31.3
504694,500595,500035,3004410,,2023-12-22,32856,7.1,,8554,4,5.6,%,7.1
504695,500595,500035,3004501,,2023-12-22,32856,146,,8840,70,99,mg/dL,146.0
504696,500595,500035,3004249,,2023-12-22,32856,117,,8876,90,130,mmHg,117.0
504697,500595,500035,3012888,,2023-12-22,32856,81,,8876,60,85,mmHg,81.0
504698,500595,500035,3025315,,2023-12-22,32856,95.4,,9529,45,90,kg,95.4
504699,500595,500035,3038553,,2023-12-22,32856,31,,9531,18.5,25,kg/m2,31.0
504700,500595,500035,3022192,,2023-12-22,32856,211.7,,8840,0,150,mg/dL,211.7
504701,500595,500035,3007070,,2023-12-22,32856,55,,8840,40,60,mg/dL,55.0
504702,500595,500035,3028437,,2023-12-22,32856,100.9,,8840,0,130,mg/dL,100.9
504703,500595,500035,3013721,,2023-12-22,32856,32.6,,8645,0,40,U/L,32.6
504704,500595,500035,3006923,,2023-12-22,32856,50.8,,8645,0,40,U/L,50.8
504705,500595,500035,3016723,,2023-12-22,32856,0.98,,8840,0.6,1.2,mg/dL,0.98
504706,500595,500035,3049187,,2023-12-22,32856,75.7,,9550,90,130,mL/min/1.73m2,75.7
504707,500596,500035,3004410,,2024-03-23,32856,7.2,,8554,4,5.6,%,7.2
504708,500596,500035,3004501,,2024-03-23,32856,163,,8840,70,99,mg/dL,163.0
504709,500596,500035,3004249,,2024-03-23,32856,142,,8876,90,130,mmHg,142.0
504710,500596,500035,3012888,,2024-03-23,32856,82,,8876,60,85,mmHg,82.0
504711,500596,500035,3025315,,2024-03-23,32856,94.3,,9529,45,90,kg,94.3
504712,500596,500035,3038553,,2024-03-23,32856,30.7,,9531,18.5,25,kg/m2,30.7
504713,500597,500035,3004410,,2024-06-29,32856,6.5,,8554,4,5.6,%,6.5
504714,500597,500035,3004501,,2024-06-29,32856,106,,8840,70,99,mg/dL,106.0
504715,500597,500035,3004249,,2024-06-29,32856,126,,8876,90,130,mmHg,126.0
504716,500597,500035,3012888,,2024-06-29,32856,85,,8876,60,85,mmHg,85.0
504717,500597,500035,3025315,,2024-06-29,32856,93.5,,9529,45,90,kg,93.5
504718,500597,500035,3038553,,2024-06-29,32856,30.4,,9531,18.5,25,kg/m2,30.4
504719,500598,500035,3004410,,2024-10-05,32856,7.4,,8554,4,5.6,%,7.4
504720,500598,500035,3004501,,2024-10-05,32856,146,,8840,70,99,mg/dL,146.0
504721,500598,500035,3004249,,2024-10-05,32856,108,,8876,90,130,mmHg,108.0
504722,500598,500035,3012888,,2024-10-05,32856,64,,8876,60,85,mmHg,64.0
504723,500598,500035,3025315,,2024-10-05,32856,94.8,,9529,45,90,kg,94.8
504724,500598,500035,3038553,,2024-10-05,32856,30.8,,9531,18.5,25,kg/m2,30.8
504725,500599,500035,3004410,,2025-01-09,32856,7.1,,8554,4,5.6,%,7.1
504726,500599,500035,3004501,,2025-01-09,32856,121,,8840,70,99,mg/dL,121.0
504727,500599,500035,3004249,,2025-01-09,32856,159,,8876,90,130,mmHg,159.0
504728,500599,500035,3012888,,2025-01-09,32856,67,,8876,60,85,mmHg,67.0
504729,500599,500035,3025315,,2025-01-09,32856,94.6,,9529,45,90,kg,94.6
504730,500599,500035,3038553,,2025-01-09,32856,30.7,,9531,18.5,25,kg/m2,30.7
504731,500599,500035,3022192,,2025-01-09,32856,222.4,,8840,0,150,mg/dL,222.4
504732,500599,500035,3007070,,2025-01-09,32856,57.8,,8840,40,60,mg/dL,57.8
504733,500599,500035,3028437,,2025-01-09,32856,140.7,,8840,0,130,mg/dL,140.7
504734,500599,500035,3013721,,2025-01-09,32856,29.4,,8645,0,40,U/L,29.4
504735,500599,500035,3006923,,2025-01-09,32856,90.4,,8645,0,40,U/L,90.4
504736,500599,500035,3016723,,2025-01-09,32856,0.81,,8840,0.6,1.2,mg/dL,0.81
504737,500599,500035,3049187,,2025-01-09,32856,48.9,,9550,90,130,mL/min/1.73m2,48.9
504738,500600,500035,3004410,,2025-04-04,32856,6.9,,8554,4,5.6,%,6.9
504739,500600,500035,3004501,,2025-04-04,32856,121,,8840,70,99,mg/dL,121.0
504740,500600,500035,3004249,,2025-04-04,32856,122,,8876,90,130,mmHg,122.0
504741,500600,500035,3012888,,2025-04-04,32856,73,,8876,60,85,mmHg,73.0
504742,500600,500035,3025315,,2025-04-04,32856,93.7,,9529,45,90,kg,93.7
504743,500600,500035,3038553,,2025-04-04,32856,30.5,,9531,18.5,25,kg/m2,30.5
504744,500601,500035,3004410,,2025-06-30,32856,6.5,,8554,4,5.6,%,6.5
504745,500601,500035,3004501,,2025-06-30,32856,123,,8840,70,99,mg/dL,123.0
504746,500601,500035,3004249,,2025-06-30,32856,100,,8876,90,130,mmHg,100.0
504747,500601,500035,3012888,,2025-06-30,32856,83,,8876,60,85,mmHg,83.0
504748,500601,500035,3025315,,2025-06-30,32856,93.8,,9529,45,90,kg,93.8
504749,500601,500035,3038553,,2025-06-30,32856,30.5,,9531,18.5,25,kg/m2,30.5
504750,500602,500036,3036277,,2019-04-24,32856,181.8,,8582,150,185,cm,181.8
504751,500602,500036,3004410,,2019-04-24,32856,9.6,,8554,4,5.6,%,9.6
504752,500602,500036,3004501,,2019-04-24,32856,204,,8840,70,99,mg/dL,204.0
504753,500602,500036,3004249,,2019-04-24,32856,116,,8876,90,130,mmHg,116.0
504754,500602,500036,3012888,,2019-04-24,32856,67,,8876,60,85,mmHg,67.0
504755,500602,500036,3025315,,2019-04-24,32856,111.7,,9529,45,90,kg,111.7
504756,500602,500036,3038553,,2019-04-24,32856,33.8,,9531,18.5,25,kg/m2,33.8
504757,500602,500036,3022192,,2019-04-24,32856,212.2,,8840,0,150,mg/dL,212.2
504758,500602,500036,3007070,,2019-04-24,32856,47.8,,8840,40,60,mg/dL,47.8
504759,500602,500036,3028437,,2019-04-24,32856,72.6,,8840,0,130,mg/dL,72.6
504760,500602,500036,3013721,,2019-04-24,32856,37.1,,8645,0,40,U/L,37.1
504761,500602,500036,3006923,,2019-04-24,32856,40.4,,8645,0,40,U/L,40.4
504762,500602,500036,3016723,,2019-04-24,32856,1.48,,8840,0.6,1.2,mg/dL,1.48
504763,500602,500036,3049187,,2019-04-24,32856,92.3,,9550,90,130,mL/min/1.73m2,92.3
504764,500603,500036,3004410,,2019-07-19,32856,8.3,,8554,4,5.6,%,8.3
504765,500603,500036,3004501,,2019-07-19,32856,167,,8840,70,99,mg/dL,167.0
504766,500603,500036,3004249,,2019-07-19,32856,132,,8876,90,130,mmHg,132.0
504767,500603,500036,3012888,,2019-07-19,32856,78,,8876,60,85,mmHg,78.0
504768,500603,500036,3025315,,2019-07-19,32856,112.7,,9529,45,90,kg,112.7
504769,500603,500036,3038553,,2019-07-19,32856,34.1,,9531,18.5,25,kg/m2,34.1
504770,500604,500036,3004410,,2019-10-15,32856,8.7,,8554,4,5.6,%,8.7
504771,500604,500036,3004501,,2019-10-15,32856,189,,8840,70,99,mg/dL,189.0
504772,500604,500036,3004249,,2019-10-15,32856,128,,8876,90,130,mmHg,128.0
504773,500604,500036,3012888,,2019-10-15,32856,74,,8876,60,85,mmHg,74.0
504774,500604,500036,3025315,,2019-10-15,32856,111.6,,9529,45,90,kg,111.6
504775,500604,500036,3038553,,2019-10-15,32856,33.8,,9531,18.5,25,kg/m2,33.8
504776,500605,500036,3004410,,2020-01-09,32856,8.5,,8554,4,5.6,%,8.5
504777,500605,500036,3004501,,2020-01-09,32856,172,,8840,70,99,mg/dL,172.0
504778,500605,500036,3004249,,2020-01-09,32856,118,,8876,90,130,mmHg,118.0
504779,500605,500036,3012888,,2020-01-09,32856,70,,8876,60,85,mmHg,70.0
504780,500605,500036,3025315,,2020-01-09,32856,112.2,,9529,45,90,kg,112.2
504781,500605,500036,3038553,,2020-01-09,32856,33.9,,9531,18.5,25,kg/m2,33.9
504782,500606,500036,3004410,,2020-04-12,32856,7.6,,8554,4,5.6,%,7.6
504783,500606,500036,3004501,,2020-04-12,32856,138,,8840,70,99,mg/dL,138.0
504784,500606,500036,3004249,,2020-04-12,32856,130,,8876,90,130,mmHg,130.0
504785,500606,500036,3012888,,2020-04-12,32856,69,,8876,60,85,mmHg,69.0
504786,500606,500036,3025315,,2020-04-12,32856,111.8,,9529,45,90,kg,111.8
504787,500606,500036,3038553,,2020-04-12,32856,33.8,,9531,18.5,25,kg/m2,33.8
504788,500606,500036,3022192,,2020-04-12,32856,247.4,,8840,0,150,mg/dL,247.4
504789,500606,500036,3007070,,2020-04-12,32856,45.3,,8840,40,60,mg/dL,45.3
504790,500606,500036,3028437,,2020-04-12,32856,103.9,,8840,0,130,mg/dL,103.9
504791,500606,500036,3013721,,2020-04-12,32856,21.4,,8645,0,40,U/L,21.4
504792,500606,500036,3006923,,2020-04-12,32856,65.5,,8645,0,40,U/L,65.5
504793,500606,500036,3016723,,2020-04-12,32856,1.06,,8840,0.6,1.2,mg/dL,1.06
504794,500606,500036,3049187,,2020-04-12,32856,69.1,,9550,90,130,mL/min/1.73m2,69.1
504795,500607,500036,3004410,,2020-07-10,32856,7.2,,8554,4,5.6,%,7.2
504796,500607,500036,3004501,,2020-07-10,32856,129,,8840,70,99,mg/dL,129.0
504797,500607,500036,3004249,,2020-07-10,32856,123,,8876,90,130,mmHg,123.0
504798,500607,500036,3012888,,2020-07-10,32856,75,,8876,60,85,mmHg,75.0
504799,500607,500036,3025315,,2020-07-10,32856,111.9,,9529,45,90,kg,111.9
504800,500607,500036,3038553,,2020-07-10,32856,33.9,,9531,18.5,25,kg/m2,33.9
504801,500608,500036,3004410,,2020-10-06,32856,7.7,,8554,4,5.6,%,7.7
504802,500608,500036,3004501,,2020-10-06,32856,144,,8840,70,99,mg/dL,144.0
504803,500608,500036,3004249,,2020-10-06,32856,99,,8876,90,130,mmHg,99.0
504804,500608,500036,3012888,,2020-10-06,32856,74,,8876,60,85,mmHg,74.0
504805,500608,500036,3025315,,2020-10-06,32856,113.3,,9529,45,90,kg,113.3
504806,500608,500036,3038553,,2020-10-06,32856,34.3,,9531,18.5,25,kg/m2,34.3
504807,500609,500036,3004410,,2021-01-12,32856,7.6,,8554,4,5.6,%,7.6
504808,500609,500036,3004501,,2021-01-12,32856,151,,8840,70,99,mg/dL,151.0
504809,500609,500036,3004249,,2021-01-12,32856,138,,8876,90,130,mmHg,138.0
504810,500609,500036,3012888,,2021-01-12,32856,73,,8876,60,85,mmHg,73.0
504811,500609,500036,3025315,,2021-01-12,32856,113.4,,9529,45,90,kg,113.4
504812,500609,500036,3038553,,2021-01-12,32856,34.3,,9531,18.5,25,kg/m2,34.3
504813,500610,500036,3004410,,2021-04-12,32856,7.3,,8554,4,5.6,%,7.3
504814,500610,500036,3004501,,2021-04-12,32856,127,,8840,70,99,mg/dL,127.0
504815,500610,500036,3004249,,2021-04-12,32856,120,,8876,90,130,mmHg,120.0
504816,500610,500036,3012888,,2021-04-12,32856,67,,8876,60,85,mmHg,67.0
504817,500610,500036,3025315,,2021-04-12,32856,114,,9529,45,90,kg,114.0
504818,500610,500036,3038553,,2021-04-12,32856,34.5,,9531,18.5,25,kg/m2,34.5
504819,500610,500036,3022192,,2021-04-12,32856,115,,8840,0,150,mg/dL,115.0
504820,500610,500036,3007070,,2021-04-12,32856,77.8,,8840,40,60,mg/dL,77.8
504821,500610,500036,3028437,,2021-04-12,32856,178.8,,8840,0,130,mg/dL,178.8
504822,500610,500036,3013721,,2021-04-12,32856,66,,8645,0,40,U/L,66.0
504823,500610,500036,3006923,,2021-04-12,32856,97,,8645,0,40,U/L,97.0
504824,500610,500036,3016723,,2021-04-12,32856,1.09,,8840,0.6,1.2,mg/dL,1.09
504825,500610,500036,3049187,,2021-04-12,32856,79.1,,9550,90,130,mL/min/1.73m2,79.1
504826,500611,500036,3004410,,2021-07-14,32856,7.1,,8554,4,5.6,%,7.1
504827,500611,500036,3004501,,2021-07-14,32856,152,,8840,70,99,mg/dL,152.0
504828,500611,500036,3004249,,2021-07-14,32856,119,,8876,90,130,mmHg,119.0
504829,500611,500036,3012888,,2021-07-14,32856,73,,8876,60,85,mmHg,73.0
504830,500611,500036,3025315,,2021-07-14,32856,111.2,,9529,45,90,kg,111.2
504831,500611,500036,3038553,,2021-07-14,32856,33.6,,9531,18.5,25,kg/m2,33.6
504832,500612,500036,3004410,,2021-10-16,32856,7.1,,8554,4,5.6,%,7.1
504833,500612,500036,3004501,,2021-10-16,32856,133,,8840,70,99,mg/dL,133.0
504834,500612,500036,3004249,,2021-10-16,32856,107,,8876,90,130,mmHg,107.0
504835,500612,500036,3012888,,2021-10-16,32856,88,,8876,60,85,mmHg,88.0
504836,500612,500036,3025315,,2021-10-16,32856,110,,9529,45,90,kg,110.0
504837,500612,500036,3038553,,2021-10-16,32856,33.3,,9531,18.5,25,kg/m2,33.3
504838,500613,500036,3004410,,2022-01-20,32856,6.5,,8554,4,5.6,%,6.5
504839,500613,500036,3004501,,2022-01-20,32856,95,,8840,70,99,mg/dL,95.0
504840,500613,500036,3004249,,2022-01-20,32856,138,,8876,90,130,mmHg,138.0
504841,500613,500036,3012888,,2022-01-20,32856,63,,8876,60,85,mmHg,63.0
504842,500613,500036,3025315,,2022-01-20,32856,107.9,,9529,45,90,kg,107.9
504843,500613,500036,3038553,,2022-01-20,32856,32.6,,9531,18.5,25,kg/m2,32.6
504844,500614,500036,3004410,,2022-04-19,32856,7.2,,8554,4,5.6,%,7.2
504845,500614,500036,3004501,,2022-04-19,32856,138,,8840,70,99,mg/dL,138.0
504846,500614,500036,3004249,,2022-04-19,32856,120,,8876,90,130,mmHg,120.0
504847,500614,500036,3012888,,2022-04-19,32856,54,,8876,60,85,mmHg,54.0
504848,500614,500036,3025315,,2022-04-19,32856,105.1,,9529,45,90,kg,105.1
504849,500614,500036,3038553,,2022-04-19,32856,31.8,,9531,18.5,25,kg/m2,31.8
504850,500614,500036,3022192,,2022-04-19,32856,212.5,,8840,0,150,mg/dL,212.5
504851,500614,500036,3007070,,2022-04-19,32856,43.9,,8840,40,60,mg/dL,43.9
504852,500614,500036,3028437,,2022-04-19,32856,135,,8840,0,130,mg/dL,135.0
504853,500614,500036,3013721,,2022-04-19,32856,37.3,,8645,0,40,U/L,37.3
504854,500614,500036,3006923,,2022-04-19,32856,95.3,,8645,0,40,U/L,95.3
504855,500614,500036,3016723,,2022-04-19,32856,0.23,,8840,0.6,1.2,mg/dL,0.23
504856,500614,500036,3049187,,2022-04-19,32856,103.5,,9550,90,130,mL/min/1.73m2,103.5
504857,500615,500036,3004410,,2022-07-15,32856,7.3,,8554,4,5.6,%,7.3
504858,500615,500036,3004501,,2022-07-15,32856,137,,8840,70,99,mg/dL,137.0
504859,500615,500036,3004249,,2022-07-15,32856,147,,8876,90,130,mmHg,147.0
504860,500615,500036,3012888,,2022-07-15,32856,70,,8876,60,85,mmHg,70.0
504861,500615,500036,3025315,,2022-07-15,32856,103.4,,9529,45,90,kg,103.4
504862,500615,500036,3038553,,2022-07-15,32856,31.3,,9531,18.5,25,kg/m2,31.3
504863,500616,500036,3004410,,2022-10-14,32856,7.1,,8554,4,5.6,%,7.1
504864,500616,500036,3004501,,2022-10-14,32856,134,,8840,70,99,mg/dL,134.0
504865,500616,500036,3004249,,2022-10-14,32856,138,,8876,90,130,mmHg,138.0
504866,500616,500036,3012888,,2022-10-14,32856,75,,8876,60,85,mmHg,75.0
504867,500616,500036,3025315,,2022-10-14,32856,103.3,,9529,45,90,kg,103.3
504868,500616,500036,3038553,,2022-10-14,32856,31.3,,9531,18.5,25,kg/m2,31.3
504869,500617,500037,3036277,,2018-06-17,32856,173.6,,8582,150,185,cm,173.6
504870,500617,500037,3004410,,2018-06-17,32856,10.1,,8554,4,5.6,%,10.1
504871,500617,500037,3004501,,2018-06-17,32856,212,,8840,70,99,mg/dL,212.0
504872,500617,500037,3004249,,2018-06-17,32856,150,,8876,90,130,mmHg,150.0
504873,500617,500037,3012888,,2018-06-17,32856,96,,8876,60,85,mmHg,96.0
504874,500617,500037,3025315,,2018-06-17,32856,90.4,,9529,45,90,kg,90.4
504875,500617,500037,3038553,,2018-06-17,32856,30,,9531,18.5,25,kg/m2,30.0
504876,500617,500037,3022192,,2018-06-17,32856,73.5,,8840,0,150,mg/dL,73.5
504877,500617,500037,3007070,,2018-06-17,32856,39.7,,8840,40,60,mg/dL,39.7
504878,500617,500037,3028437,,2018-06-17,32856,113,,8840,0,130,mg/dL,113.0
504879,500617,500037,3013721,,2018-06-17,32856,73.1,,8645,0,40,U/L,73.1
504880,500617,500037,3006923,,2018-06-17,32856,0,,8645,0,40,U/L,0
504881,500617,500037,3016723,,2018-06-17,32856,0.71,,8840,0.6,1.2,mg/dL,0.71
504882,500617,500037,3049187,,2018-06-17,32856,71.6,,9550,90,130,mL/min/1.73m2,71.6
504883,500618,500037,3004501,,2018-07-13,32856,58,,8840,70,99,mg/dL,58.0
504884,500619,500037,3004410,,2018-09-11,32856,9.4,,8554,4,5.6,%,9.4
504885,500619,500037,3004501,,2018-09-11,32856,168,,8840,70,99,mg/dL,168.0
504886,500619,500037,3004249,,2018-09-11,32856,125,,8876,90,130,mmHg,125.0
504887,500619,500037,3012888,,2018-09-11,32856,87,,8876,60,85,mmHg,87.0
504888,500619,500037,3025315,,2018-09-11,32856,89.6,,9529,45,90,kg,89.6
504889,500619,500037,3038553,,2018-09-11,32856,29.7,,9531,18.5,25,kg/m2,29.7
504890,500620,500037,3004410,,2018-12-15,32856,8.6,,8554,4,5.6,%,8.6
504891,500620,500037,3004501,,2018-12-15,32856,188,,8840,70,99,mg/dL,188.0
504892,500620,500037,3004249,,2018-12-15,32856,136,,8876,90,130,mmHg,136.0
504893,500620,500037,3012888,,2018-12-15,32856,83,,8876,60,85,mmHg,83.0
504894,500620,500037,3025315,,2018-12-15,32856,90.4,,9529,45,90,kg,90.4
504895,500620,500037,3038553,,2018-12-15,32856,30,,9531,18.5,25,kg/m2,30.0
504896,500621,500037,3004501,,2019-01-01,32856,69,,8840,70,99,mg/dL,69
504897,500622,500037,3004410,,2019-03-23,32856,7.6,,8554,4,5.6,%,7.6
504898,500622,500037,3004501,,2019-03-23,32856,155,,8840,70,99,mg/dL,155.0
504899,500622,500037,3004249,,2019-03-23,32856,169,,8876,90,130,mmHg,169.0
504900,500622,500037,3012888,,2019-03-23,32856,68,,8876,60,85,mmHg,68.0
504901,500622,500037,3025315,,2019-03-23,32856,90,,9529,45,90,kg,90.0
504902,500622,500037,3038553,,2019-03-23,32856,29.9,,9531,18.5,25,kg/m2,29.9
504903,500623,500037,3004501,,2019-04-28,32856,52,,8840,70,99,mg/dL,52.0
504904,500624,500037,3004410,,2019-06-26,32856,7,,8554,4,5.6,%,7.0
504905,500624,500037,3004501,,2019-06-26,32856,109,,8840,70,99,mg/dL,109.0
504906,500624,500037,3004249,,2019-06-26,32856,118,,8876,90,130,mmHg,118.0
504907,500624,500037,3012888,,2019-06-26,32856,102,,8876,60,85,mmHg,102.0
504908,500624,500037,3025315,,2019-06-26,32856,89,,9529,45,90,kg,89.0
504909,500624,500037,3038553,,2019-06-26,32856,29.5,,9531,18.5,25,kg/m2,29.5
504910,500624,500037,3022192,,2019-06-26,32856,146.9,,8840,0,150,mg/dL,146.9
504911,500624,500037,3007070,,2019-06-26,32856,38.6,,8840,40,60,mg/dL,38.6
504912,500624,500037,3028437,,2019-06-26,32856,115.4,,8840,0,130,mg/dL,115.4
504913,500624,500037,3013721,,2019-06-26,32856,13.2,,8645,0,40,U/L,13.2
504914,500624,500037,3006923,,2019-06-26,32856,52.3,,8645,0,40,U/L,52.3
504915,500624,500037,3016723,,2019-06-26,32856,0.62,,8840,0.6,1.2,mg/dL,0.62
504916,500624,500037,3049187,,2019-06-26,32856,103.7,,9550,90,130,mL/min/1.73m2,103.7
504917,500625,500037,3004410,,2019-10-02,32856,7,,8554,4,5.6,%,7.0
504918,500625,500037,3004501,,2019-10-02,32856,123,,8840,70,99,mg/dL,123.0
504919,500625,500037,3004249,,2019-10-02,32856,159,,8876,90,130,mmHg,159.0
504920,500625,500037,3012888,,2019-10-02,32856,70,,8876,60,85,mmHg,70.0
504921,500625,500037,3025315,,2019-10-02,32856,88.9,,9529,45,90,kg,88.9
504922,500625,500037,3038553,,2019-10-02,32856,29.5,,9531,18.5,25,kg/m2,29.5
504923,500626,500037,3004410,,2019-12-26,32856,6.8,,8554,4,5.6,%,6.8
504924,500626,500037,3004501,,2019-12-26,32856,149,,8840,70,99,mg/dL,149.0
504925,500626,500037,3004249,,2019-12-26,32856,127,,8876,90,130,mmHg,127.0
504926,500626,500037,3012888,,2019-12-26,32856,85,,8876,60,85,mmHg,85.0
504927,500626,500037,3025315,,2019-12-26,32856,89.2,,9529,45,90,kg,89.2
504928,500626,500037,3038553,,2019-12-26,32856,29.6,,9531,18.5,25,kg/m2,29.6
504929,500627,500037,3004410,,2020-03-19,32856,7.6,,8554,4,5.6,%,7.6
504930,500627,500037,3004501,,2020-03-19,32856,175,,8840,70,99,mg/dL,175.0
504931,500627,500037,3004249,,2020-03-19,32856,136,,8876,90,130,mmHg,136.0
504932,500627,500037,3012888,,2020-03-19,32856,89,,8876,60,85,mmHg,89.0
504933,500627,500037,3025315,,2020-03-19,32856,89.4,,9529,45,90,kg,89.4
504934,500627,500037,3038553,,2020-03-19,32856,29.7,,9531,18.5,25,kg/m2,29.7
504935,500628,500037,3004501,,2020-05-14,32856,64,,8840,70,99,mg/dL,64.0
504936,500629,500037,3004410,,2020-06-20,32856,7.4,,8554,4,5.6,%,7.4
504937,500629,500037,3004501,,2020-06-20,32856,138,,8840,70,99,mg/dL,138.0
504938,500629,500037,3004249,,2020-06-20,32856,140,,8876,90,130,mmHg,140.0
504939,500629,500037,3012888,,2020-06-20,32856,92,,8876,60,85,mmHg,92.0
504940,500629,500037,3025315,,2020-06-20,32856,89.7,,9529,45,90,kg,89.7
504941,500629,500037,3038553,,2020-06-20,32856,29.8,,9531,18.5,25,kg/m2,29.8
504942,500629,500037,3022192,,2020-06-20,32856,129.7,,8840,0,150,mg/dL,129.7
504943,500629,500037,3007070,,2020-06-20,32856,59.5,,8840,40,60,mg/dL,59.5
504944,500629,500037,3028437,,2020-06-20,32856,42.3,,8840,0,130,mg/dL,42.3
504945,500629,500037,3013721,,2020-06-20,32856,44.9,,8645,0,40,U/L,44.9
504946,500629,500037,3006923,,2020-06-20,32856,71.2,,8645,0,40,U/L,71.2
504947,500629,500037,3016723,,2020-06-20,32856,1.18,,8840,0.6,1.2,mg/dL,1.18
504948,500629,500037,3049187,,2020-06-20,32856,52,,9550,90,130,mL/min/1.73m2,52.0
504949,500630,500037,3004410,,2020-09-17,32856,7.8,,8554,4,5.6,%,7.8
504950,500630,500037,3004501,,2020-09-17,32856,147,,8840,70,99,mg/dL,147.0
504951,500630,500037,3004249,,2020-09-17,32856,141,,8876,90,130,mmHg,141.0
504952,500630,500037,3012888,,2020-09-17,32856,82,,8876,60,85,mmHg,82.0
504953,500630,500037,3025315,,2020-09-17,32856,89.3,,9529,45,90,kg,89.3
504954,500630,500037,3038553,,2020-09-17,32856,29.6,,9531,18.5,25,kg/m2,29.6
504955,500631,500037,3004410,,2020-12-19,32856,7.7,,8554,4,5.6,%,7.7
504956,500631,500037,3004501,,2020-12-19,32856,144,,8840,70,99,mg/dL,144.0
504957,500631,500037,3004249,,2020-12-19,32856,143,,8876,90,130,mmHg,143.0
504958,500631,500037,3012888,,2020-12-19,32856,77,,8876,60,85,mmHg,77.0
504959,500631,500037,3025315,,2020-12-19,32856,89.8,,9529,45,90,kg,89.8
504960,500631,500037,3038553,,2020-12-19,32856,29.8,,9531,18.5,25,kg/m2,29.8
504961,500632,500037,3004501,,2021-01-13,32856,66,,8840,70,99,mg/dL,66.0
504962,500633,500037,3004410,,2021-03-21,32856,7.5,,8554,4,5.6,%,7.5
504963,500633,500037,3004501,,2021-03-21,32856,151,,8840,70,99,mg/dL,151.0
504964,500633,500037,3004249,,2021-03-21,32856,129,,8876,90,130,mmHg,129.0
504965,500633,500037,3012888,,2021-03-21,32856,94,,8876,60,85,mmHg,94.0
504966,500633,500037,3025315,,2021-03-21,32856,88.1,,9529,45,90,kg,88.1
504967,500633,500037,3038553,,2021-03-21,32856,29.2,,9531,18.5,25,kg/m2,29.2
504968,500634,500038,3036277,,2023-12-05,32856,159.9,,8582,150,185,cm,159.9
504969,500634,500038,3004410,,2023-12-05,32856,8.1,,8554,4,5.6,%,8.1
504970,500634,500038,3004501,,2023-12-05,32856,158,,8840,70,99,mg/dL,158.0
504971,500634,500038,3004249,,2023-12-05,32856,129,,8876,90,130,mmHg,129.0
504972,500634,500038,3012888,,2023-12-05,32856,68,,8876,60,85,mmHg,68.0
504973,500634,500038,3025315,,2023-12-05,32856,59.8,,9529,45,90,kg,59.8
504974,500634,500038,3038553,,2023-12-05,32856,23.4,,9531,18.5,25,kg/m2,23.4
504975,500634,500038,3022192,,2023-12-05,32856,117.3,,8840,0,150,mg/dL,117.3
504976,500634,500038,3007070,,2023-12-05,32856,44.7,,8840,40,60,mg/dL,44.7
504977,500634,500038,3028437,,2023-12-05,32856,85.7,,8840,0,130,mg/dL,85.7
504978,500634,500038,3013721,,2023-12-05,32856,40.5,,8645,0,40,U/L,40.5
504979,500634,500038,3006923,,2023-12-05,32856,0,,8645,0,40,U/L,0
504980,500634,500038,3016723,,2023-12-05,32856,0.69,,8840,0.6,1.2,mg/dL,0.69
504981,500634,500038,3049187,,2023-12-05,32856,92.6,,9550,90,130,mL/min/1.73m2,92.6
504982,500635,500038,3004410,,2024-03-07,32856,7.6,,8554,4,5.6,%,7.6
504983,500635,500038,3004501,,2024-03-07,32856,147,,8840,70,99,mg/dL,147.0
504984,500635,500038,3004249,,2024-03-07,32856,140,,8876,90,130,mmHg,140.0
504985,500635,500038,3012888,,2024-03-07,32856,89,,8876,60,85,mmHg,89.0
504986,500635,500038,3025315,,2024-03-07,32856,61.1,,9529,45,90,kg,61.1
504987,500635,500038,3038553,,2024-03-07,32856,23.9,,9531,18.5,25,kg/m2,23.9
504988,500636,500038,3004410,,2024-06-11,32856,7.6,,8554,4,5.6,%,7.6
504989,500636,500038,3004501,,2024-06-11,32856,138,,8840,70,99,mg/dL,138.0
504990,500636,500038,3004249,,2024-06-11,32856,130,,8876,90,130,mmHg,130.0
504991,500636,500038,3012888,,2024-06-11,32856,90,,8876,60,85,mmHg,90.0
504992,500636,500038,3025315,,2024-06-11,32856,61.6,,9529,45,90,kg,61.6
504993,500636,500038,3038553,,2024-06-11,32856,24.1,,9531,18.5,25,kg/m2,24.1
504994,500637,500038,3004410,,2024-09-10,32856,7.7,,8554,4,5.6,%,7.7
504995,500637,500038,3004501,,2024-09-10,32856,147,,8840,70,99,mg/dL,147.0
504996,500637,500038,3004249,,2024-09-10,32856,140,,8876,90,130,mmHg,140.0
504997,500637,500038,3012888,,2024-09-10,32856,89,,8876,60,85,mmHg,89.0
504998,500637,500038,3025315,,2024-09-10,32856,61.8,,9529,45,90,kg,61.8
504999,500637,500038,3038553,,2024-09-10,32856,24.2,,9531,18.5,25,kg/m2,24.2
505000,500638,500038,3004410,,2024-12-11,32856,7.7,,8554,4,5.6,%,7.7
505001,500638,500038,3004501,,2024-12-11,32856,138,,8840,70,99,mg/dL,138.0
505002,500638,500038,3004249,,2024-12-11,32856,140,,8876,90,130,mmHg,140.0
505003,500638,500038,3012888,,2024-12-11,32856,89,,8876,60,85,mmHg,89.0
505004,500638,500038,3025315,,2024-12-11,32856,63.4,,9529,45,90,kg,63.4
505005,500638,500038,3038553,,2024-12-11,32856,24.8,,9531,18.5,25,kg/m2,24.8
505006,500638,500038,3022192,,2024-12-11,32856,80.7,,8840,0,150,mg/dL,80.7
505007,500638,500038,3007070,,2024-12-11,32856,37.7,,8840,40,60,mg/dL,37.7
505008,500638,500038,3028437,,2024-12-11,32856,147.4,,8840,0,130,mg/dL,147.4
505009,500638,500038,3013721,,2024-12-11,32856,69.9,,8645,0,40,U/L,69.9
505010,500638,500038,3006923,,2024-12-11,32856,42,,8645,0,40,U/L,42.0
505011,500638,500038,3016723,,2024-12-11,32856,1.01,,8840,0.6,1.2,mg/dL,1.01
505012,500638,500038,3049187,,2024-12-11,32856,102.1,,9550,90,130,mL/min/1.73m2,102.1
505013,500639,500038,3004410,,2025-03-17,32856,8.2,,8554,4,5.6,%,8.2
505014,500639,500038,3004501,,2025-03-17,32856,156,,8840,70,99,mg/dL,156.0
505015,500639,500038,3004249,,2025-03-17,32856,138,,8876,90,130,mmHg,138.0
505016,500639,500038,3012888,,2025-03-17,32856,92,,8876,60,85,mmHg,92.0
505017,500639,500038,3025315,,2025-03-17,32856,63,,9529,45,90,kg,63.0
505018,500639,500038,3038553,,2025-03-17,32856,24.6,,9531,18.5,25,kg/m2,24.6
505019,500640,500038,3004410,,2025-06-23,32856,8,,8554,4,5.6,%,8.0
505020,500640,500038,3004501,,2025-06-23,32856,144,,8840,70,99,mg/dL,144.0
505021,500640,500038,3004249,,2025-06-23,32856,135,,8876,90,130,mmHg,135.0
505022,500640,500038,3012888,,2025-06-23,32856,92,,8876,60,85,mmHg,92.0
505023,500640,500038,3025315,,2025-06-23,32856,63,,9529,45,90,kg,63.0
505024,500640,500038,3038553,,2025-06-23,32856,24.6,,9531,18.5,25,kg/m2,24.6
505025,500641,500038,3004410,,2025-09-16,32856,8,,8554,4,5.6,%,8.0
505026,500641,500038,3004501,,2025-09-16,32856,161,,8840,70,99,mg/dL,161.0
505027,500641,500038,3004249,,2025-09-16,32856,141,,8876,90,130,mmHg,141.0
505028,500641,500038,3012888,,2025-09-16,32856,84,,8876,60,85,mmHg,84.0
505029,500641,500038,3025315,,2025-09-16,32856,61.9,,9529,45,90,kg,61.9
505030,500641,500038,3038553,,2025-09-16,32856,24.2,,9531,18.5,25,kg/m2,24.2
505031,500642,500038,3004410,,2025-12-09,32856,7.7,,8554,4,5.6,%,7.7
505032,500642,500038,3004501,,2025-12-09,32856,151,,8840,70,99,mg/dL,151.0
505033,500642,500038,3004249,,2025-12-09,32856,136,,8876,90,130,mmHg,136.0
505034,500642,500038,3012888,,2025-12-09,32856,70,,8876,60,85,mmHg,70.0
505035,500642,500038,3025315,,2025-12-09,32856,62.4,,9529,45,90,kg,62.4
505036,500642,500038,3038553,,2025-12-09,32856,24.4,,9531,18.5,25,kg/m2,24.4
505037,500642,500038,3022192,,2025-12-09,32856,54.9,,8840,0,150,mg/dL,54.9
505038,500642,500038,3007070,,2025-12-09,32856,34.5,,8840,40,60,mg/dL,34.5
505039,500642,500038,3028437,,2025-12-09,32856,161.4,,8840,0,130,mg/dL,161.4
505040,500642,500038,3013721,,2025-12-09,32856,50.7,,8645,0,40,U/L,50.7
505041,500642,500038,3006923,,2025-12-09,32856,13.3,,8645,0,40,U/L,13.3
505042,500642,500038,3016723,,2025-12-09,32856,0.31,,8840,0.6,1.2,mg/dL,0.31
505043,500642,500038,3049187,,2025-12-09,32856,52.5,,9550,90,130,mL/min/1.73m2,52.5
505044,500643,500038,3004410,,2026-03-06,32856,7.7,,8554,4,5.6,%,7.7
505045,500643,500038,3004501,,2026-03-06,32856,161,,8840,70,99,mg/dL,161.0
505046,500643,500038,3004249,,2026-03-06,32856,136,,8876,90,130,mmHg,136.0
505047,500643,500038,3012888,,2026-03-06,32856,74,,8876,60,85,mmHg,74.0
505048,500643,500038,3025315,,2026-03-06,32856,63.5,,9529,45,90,kg,63.5
505049,500643,500038,3038553,,2026-03-06,32856,24.8,,9531,18.5,25,kg/m2,24.8
505050,500644,500038,3004410,,2026-06-04,32856,7.2,,8554,4,5.6,%,7.2
505051,500644,500038,3004501,,2026-06-04,32856,123,,8840,70,99,mg/dL,123.0
505052,500644,500038,3004249,,2026-06-04,32856,131,,8876,90,130,mmHg,131.0
505053,500644,500038,3012888,,2026-06-04,32856,91,,8876,60,85,mmHg,91.0
505054,500644,500038,3025315,,2026-06-04,32856,63.6,,9529,45,90,kg,63.6
505055,500644,500038,3038553,,2026-06-04,32856,24.9,,9531,18.5,25,kg/m2,24.9
505056,500645,500038,3004410,,2026-08-27,32856,7.8,,8554,4,5.6,%,7.8
505057,500645,500038,3004501,,2026-08-27,32856,143,,8840,70,99,mg/dL,143.0
505058,500645,500038,3004249,,2026-08-27,32856,146,,8876,90,130,mmHg,146.0
505059,500645,500038,3012888,,2026-08-27,32856,95,,8876,60,85,mmHg,95.0
505060,500645,500038,3025315,,2026-08-27,32856,64.3,,9529,45,90,kg,64.3
505061,500645,500038,3038553,,2026-08-27,32856,25.1,,9531,18.5,25,kg/m2,25.1
505062,500646,500039,3036277,,2019-07-30,32856,148.4,,8582,150,185,cm,148.4
505063,500646,500039,3004410,,2019-07-30,32856,5.8,,8554,4,5.6,%,5.8
505064,500646,500039,3004501,,2019-07-30,32856,121,,8840,70,99,mg/dL,121.0
505065,500646,500039,3004249,,2019-07-30,32856,121,,8876,90,130,mmHg,121.0
505066,500646,500039,3012888,,2019-07-30,32856,71,,8876,60,85,mmHg,71.0
505067,500646,500039,3025315,,2019-07-30,32856,73.8,,9529,45,90,kg,73.8
505068,500646,500039,3038553,,2019-07-30,32856,33.5,,9531,18.5,25,kg/m2,33.5
505069,500646,500039,3022192,,2019-07-30,32856,83.4,,8840,0,150,mg/dL,83.4
505070,500646,500039,3007070,,2019-07-30,32856,65.3,,8840,40,60,mg/dL,65.3
505071,500646,500039,3028437,,2019-07-30,32856,96.3,,8840,0,130,mg/dL,96.3
505072,500646,500039,3013721,,2019-07-30,32856,57.1,,8645,0,40,U/L,57.1
505073,500646,500039,3006923,,2019-07-30,32856,41.2,,8645,0,40,U/L,41.2
505074,500646,500039,3016723,,2019-07-30,32856,0.86,,8840,0.6,1.2,mg/dL,0.86
505075,500646,500039,3049187,,2019-07-30,32856,94.5,,9550,90,130,mL/min/1.73m2,94.5
505076,500647,500039,3004410,,2019-10-25,32856,5.3,,8554,4,5.6,%,5.3
505077,500647,500039,3004501,,2019-10-25,32856,85,,8840,70,99,mg/dL,85.0
505078,500647,500039,3004249,,2019-10-25,32856,131,,8876,90,130,mmHg,131.0
505079,500647,500039,3012888,,2019-10-25,32856,75,,8876,60,85,mmHg,75.0
505080,500647,500039,3025315,,2019-10-25,32856,74.4,,9529,45,90,kg,74.4
505081,500647,500039,3038553,,2019-10-25,32856,33.8,,9531,18.5,25,kg/m2,33.8
505082,500648,500039,3004410,,2020-01-28,32856,5,,8554,4,5.6,%,5.0
505083,500648,500039,3004501,,2020-01-28,32856,69,,8840,70,99,mg/dL,69.0
505084,500648,500039,3004249,,2020-01-28,32856,126,,8876,90,130,mmHg,126.0
505085,500648,500039,3012888,,2020-01-28,32856,74,,8876,60,85,mmHg,74.0
505086,500648,500039,3025315,,2020-01-28,32856,74.2,,9529,45,90,kg,74.2
505087,500648,500039,3038553,,2020-01-28,32856,33.7,,9531,18.5,25,kg/m2,33.7
505088,500649,500039,3004410,,2020-05-02,32856,5,,8554,4,5.6,%,5.0
505089,500649,500039,3004501,,2020-05-02,32856,82,,8840,70,99,mg/dL,82.0
505090,500649,500039,3004249,,2020-05-02,32856,135,,8876,90,130,mmHg,135.0
505091,500649,500039,3012888,,2020-05-02,32856,77,,8876,60,85,mmHg,77.0
505092,500649,500039,3025315,,2020-05-02,32856,74.6,,9529,45,90,kg,74.6
505093,500649,500039,3038553,,2020-05-02,32856,33.9,,9531,18.5,25,kg/m2,33.9
505094,500650,500039,3004410,,2020-08-04,32856,5.5,,8554,4,5.6,%,5.5
505095,500650,500039,3004501,,2020-08-04,32856,81,,8840,70,99,mg/dL,81.0
505096,500650,500039,3004249,,2020-08-04,32856,116,,8876,90,130,mmHg,116.0
505097,500650,500039,3012888,,2020-08-04,32856,84,,8876,60,85,mmHg,84.0
505098,500650,500039,3025315,,2020-08-04,32856,76.7,,9529,45,90,kg,76.7
505099,500650,500039,3038553,,2020-08-04,32856,34.8,,9531,18.5,25,kg/m2,34.8
505100,500650,500039,3022192,,2020-08-04,32856,113.1,,8840,0,150,mg/dL,113.1
505101,500650,500039,3007070,,2020-08-04,32856,71.6,,8840,40,60,mg/dL,71.6
505102,500650,500039,3028437,,2020-08-04,32856,162.9,,8840,0,130,mg/dL,162.9
505103,500650,500039,3013721,,2020-08-04,32856,27.2,,8645,0,40,U/L,27.2
505104,500650,500039,3006923,,2020-08-04,32856,42.7,,8645,0,40,U/L,42.7
505105,500650,500039,3016723,,2020-08-04,32856,0.91,,8840,0.6,1.2,mg/dL,0.91
505106,500650,500039,3049187,,2020-08-04,32856,111,,9550,90,130,mL/min/1.73m2,111.0
505107,500651,500039,3004410,,2020-11-01,32856,5,,8554,4,5.6,%,5.0
505108,500651,500039,3004501,,2020-11-01,32856,80,,8840,70,99,mg/dL,80.0
505109,500651,500039,3004249,,2020-11-01,32856,131,,8876,90,130,mmHg,131.0
505110,500651,500039,3012888,,2020-11-01,32856,86,,8876,60,85,mmHg,86.0
505111,500651,500039,3025315,,2020-11-01,32856,75.4,,9529,45,90,kg,75.4
505112,500651,500039,3038553,,2020-11-01,32856,34.2,,9531,18.5,25,kg/m2,34.2
505113,500652,500039,3004410,,2021-01-25,32856,5,,8554,4,5.6,%,5.0
505114,500652,500039,3004501,,2021-01-25,32856,83,,8840,70,99,mg/dL,83.0
505115,500652,500039,3004249,,2021-01-25,32856,124,,8876,90,130,mmHg,124.0
505116,500652,500039,3012888,,2021-01-25,32856,72,,8876,60,85,mmHg,72.0
505117,500652,500039,3025315,,2021-01-25,32856,75.6,,9529,45,90,kg,75.6
505118,500652,500039,3038553,,2021-01-25,32856,34.3,,9531,18.5,25,kg/m2,34.3
505119,500653,500039,3004410,,2021-04-27,32856,5,,8554,4,5.6,%,5.0
505120,500653,500039,3004501,,2021-04-27,32856,74,,8840,70,99,mg/dL,74.0
505121,500653,500039,3004249,,2021-04-27,32856,128,,8876,90,130,mmHg,128.0
505122,500653,500039,3012888,,2021-04-27,32856,76,,8876,60,85,mmHg,76.0
505123,500653,500039,3025315,,2021-04-27,32856,76.3,,9529,45,90,kg,76.3
505124,500653,500039,3038553,,2021-04-27,32856,34.6,,9531,18.5,25,kg/m2,34.6
505125,500654,500039,3004410,,2021-07-22,32856,5,,8554,4,5.6,%,5.0
505126,500654,500039,3004501,,2021-07-22,32856,100,,8840,70,99,mg/dL,100.0
505127,500654,500039,3004249,,2021-07-22,32856,119,,8876,90,130,mmHg,119.0
505128,500654,500039,3012888,,2021-07-22,32856,82,,8876,60,85,mmHg,82.0
505129,500654,500039,3025315,,2021-07-22,32856,75.6,,9529,45,90,kg,75.6
505130,500654,500039,3038553,,2021-07-22,32856,34.3,,9531,18.5,25,kg/m2,34.3
505131,500654,500039,3022192,,2021-07-22,32856,206.8,,8840,0,150,mg/dL,206.8
505132,500654,500039,3007070,,2021-07-22,32856,49.2,,8840,40,60,mg/dL,49.2
505133,500654,500039,3028437,,2021-07-22,32856,142.2,,8840,0,130,mg/dL,142.2
505134,500654,500039,3013721,,2021-07-22,32856,43.1,,8645,0,40,U/L,43.1
505135,500654,500039,3006923,,2021-07-22,32856,57,,8645,0,40,U/L,57.0
505136,500654,500039,3016723,,2021-07-22,32856,1.03,,8840,0.6,1.2,mg/dL,1.03
505137,500654,500039,3049187,,2021-07-22,32856,114.9,,9550,90,130,mL/min/1.73m2,114.9
505138,500655,500039,3004410,,2021-10-27,32856,5,,8554,4,5.6,%,5.0
505139,500655,500039,3004501,,2021-10-27,32856,69,,8840,70,99,mg/dL,69.0
505140,500655,500039,3004249,,2021-10-27,32856,122,,8876,90,130,mmHg,122.0
505141,500655,500039,3012888,,2021-10-27,32856,84,,8876,60,85,mmHg,84.0
505142,500655,500039,3025315,,2021-10-27,32856,75.1,,9529,45,90,kg,75.1
505143,500655,500039,3038553,,2021-10-27,32856,34.1,,9531,18.5,25,kg/m2,34.1
505144,500656,500039,3004410,,2022-01-29,32856,5,,8554,4,5.6,%,5.0
505145,500656,500039,3004501,,2022-01-29,32856,72,,8840,70,99,mg/dL,72.0
505146,500656,500039,3004249,,2022-01-29,32856,149,,8876,90,130,mmHg,149.0
505147,500656,500039,3012888,,2022-01-29,32856,88,,8876,60,85,mmHg,88.0
505148,500656,500039,3025315,,2022-01-29,32856,75.6,,9529,45,90,kg,75.6
505149,500656,500039,3038553,,2022-01-29,32856,34.3,,9531,18.5,25,kg/m2,34.3
505150,500657,500039,3004410,,2022-05-05,32856,5.4,,8554,4,5.6,%,5.4
505151,500657,500039,3004501,,2022-05-05,32856,110,,8840,70,99,mg/dL,110.0
505152,500657,500039,3004249,,2022-05-05,32856,111,,8876,90,130,mmHg,111.0
505153,500657,500039,3012888,,2022-05-05,32856,62,,8876,60,85,mmHg,62.0
505154,500657,500039,3025315,,2022-05-05,32856,75.8,,9529,45,90,kg,75.8
505155,500657,500039,3038553,,2022-05-05,32856,34.4,,9531,18.5,25,kg/m2,34.4
505156,500658,500039,3004410,,2022-08-10,32856,5,,8554,4,5.6,%,5.0
505157,500658,500039,3004501,,2022-08-10,32856,74,,8840,70,99,mg/dL,74.0
505158,500658,500039,3004249,,2022-08-10,32856,104,,8876,90,130,mmHg,104.0
505159,500658,500039,3012888,,2022-08-10,32856,57,,8876,60,85,mmHg,57.0
505160,500658,500039,3025315,,2022-08-10,32856,75.8,,9529,45,90,kg,75.8
505161,500658,500039,3038553,,2022-08-10,32856,34.4,,9531,18.5,25,kg/m2,34.4
505162,500658,500039,3022192,,2022-08-10,32856,94.6,,8840,0,150,mg/dL,94.6
505163,500658,500039,3007070,,2022-08-10,32856,50.7,,8840,40,60,mg/dL,50.7
505164,500658,500039,3028437,,2022-08-10,32856,103.1,,8840,0,130,mg/dL,103.1
505165,500658,500039,3013721,,2022-08-10,32856,31.1,,8645,0,40,U/L,31.1
505166,500658,500039,3006923,,2022-08-10,32856,0,,8645,0,40,U/L,0
505167,500658,500039,3016723,,2022-08-10,32856,0.53,,8840,0.6,1.2,mg/dL,0.53
505168,500658,500039,3049187,,2022-08-10,32856,72.8,,9550,90,130,mL/min/1.73m2,72.8
505169,500659,500039,3004410,,2022-11-05,32856,5,,8554,4,5.6,%,5.0
505170,500659,500039,3004501,,2022-11-05,32856,100,,8840,70,99,mg/dL,100.0
505171,500659,500039,3004249,,2022-11-05,32856,105,,8876,90,130,mmHg,105.0
505172,500659,500039,3012888,,2022-11-05,32856,78,,8876,60,85,mmHg,78.0
505173,500659,500039,3025315,,2022-11-05,32856,75.5,,9529,45,90,kg,75.5
505174,500659,500039,3038553,,2022-11-05,32856,34.3,,9531,18.5,25,kg/m2,34.3
505175,500660,500039,3004410,,2023-01-28,32856,5,,8554,4,5.6,%,5.0
505176,500660,500039,3004501,,2023-01-28,32856,74,,8840,70,99,mg/dL,74.0
505177,500660,500039,3004249,,2023-01-28,32856,131,,8876,90,130,mmHg,131.0
505178,500660,500039,3012888,,2023-01-28,32856,78,,8876,60,85,mmHg,78.0
505179,500660,500039,3025315,,2023-01-28,32856,75.4,,9529,45,90,kg,75.4
505180,500660,500039,3038553,,2023-01-28,32856,34.2,,9531,18.5,25,kg/m2,34.2
505181,500661,500039,3004410,,2023-05-03,32856,5,,8554,4,5.6,%,5.0
505182,500661,500039,3004501,,2023-05-03,32856,90,,8840,70,99,mg/dL,90.0
505183,500661,500039,3004249,,2023-05-03,32856,115,,8876,90,130,mmHg,115.0
505184,500661,500039,3012888,,2023-05-03,32856,83,,8876,60,85,mmHg,83.0
505185,500661,500039,3025315,,2023-05-03,32856,73.5,,9529,45,90,kg,73.5
505186,500661,500039,3038553,,2023-05-03,32856,33.4,,9531,18.5,25,kg/m2,33.4
505187,500662,500039,3004410,,2023-07-27,32856,5,,8554,4,5.6,%,5.0
505188,500662,500039,3004501,,2023-07-27,32856,80,,8840,70,99,mg/dL,80.0
505189,500662,500039,3004249,,2023-07-27,32856,153,,8876,90,130,mmHg,153.0
505190,500662,500039,3012888,,2023-07-27,32856,78,,8876,60,85,mmHg,78.0
505191,500662,500039,3025315,,2023-07-27,32856,73.4,,9529,45,90,kg,73.4
505192,500662,500039,3038553,,2023-07-27,32856,33.3,,9531,18.5,25,kg/m2,33.3
505193,500662,500039,3022192,,2023-07-27,32856,158,,8840,0,150,mg/dL,158.0
505194,500662,500039,3007070,,2023-07-27,32856,43.6,,8840,40,60,mg/dL,43.6
505195,500662,500039,3028437,,2023-07-27,32856,57.6,,8840,0,130,mg/dL,57.6
505196,500662,500039,3013721,,2023-07-27,32856,59.6,,8645,0,40,U/L,59.6
505197,500662,500039,3006923,,2023-07-27,32856,85.6,,8645,0,40,U/L,85.6
505198,500662,500039,3016723,,2023-07-27,32856,1.02,,8840,0.6,1.2,mg/dL,1.02
505199,500662,500039,3049187,,2023-07-27,32856,96.6,,9550,90,130,mL/min/1.73m2,96.6
505200,500663,500040,3036277,,2018-10-27,32856,164.7,,8582,150,185,cm,164.7
505201,500663,500040,3004410,,2018-10-27,32856,8.5,,8554,4,5.6,%,8.5
505202,500663,500040,3004501,,2018-10-27,32856,147,,8840,70,99,mg/dL,147.0
505203,500663,500040,3004249,,2018-10-27,32856,139,,8876,90,130,mmHg,139.0
505204,500663,500040,3012888,,2018-10-27,32856,92,,8876,60,85,mmHg,92.0
505205,500663,500040,3025315,,2018-10-27,32856,83.3,,9529,45,90,kg,83.3
505206,500663,500040,3038553,,2018-10-27,32856,30.7,,9531,18.5,25,kg/m2,30.7
505207,500663,500040,3022192,,2018-10-27,32856,130.3,,8840,0,150,mg/dL,130.3
505208,500663,500040,3007070,,2018-10-27,32856,45.1,,8840,40,60,mg/dL,45.1
505209,500663,500040,3028437,,2018-10-27,32856,101.3,,8840,0,130,mg/dL,101.3
505210,500663,500040,3013721,,2018-10-27,32856,53,,8645,0,40,U/L,53.0
505211,500663,500040,3006923,,2018-10-27,32856,50.1,,8645,0,40,U/L,50.1
505212,500663,500040,3016723,,2018-10-27,32856,1.1,,8840,0.6,1.2,mg/dL,1.1
505213,500663,500040,3049187,,2018-10-27,32856,58.7,,9550,90,130,mL/min/1.73m2,58.7
505214,500664,500040,3004410,,2019-01-21,32856,7.9,,8554,4,5.6,%,7.9
505215,500664,500040,3004501,,2019-01-21,32856,131,,8840,70,99,mg/dL,131.0
505216,500664,500040,3004249,,2019-01-21,32856,124,,8876,90,130,mmHg,124.0
505217,500664,500040,3012888,,2019-01-21,32856,96,,8876,60,85,mmHg,96.0
505218,500664,500040,3025315,,2019-01-21,32856,83.6,,9529,45,90,kg,83.6
505219,500664,500040,3038553,,2019-01-21,32856,30.8,,9531,18.5,25,kg/m2,30.8
505220,500665,500040,3004410,,2019-04-23,32856,7,,8554,4,5.6,%,7.0
505221,500665,500040,3004501,,2019-04-23,32856,125,,8840,70,99,mg/dL,125.0
505222,500665,500040,3004249,,2019-04-23,32856,130,,8876,90,130,mmHg,130.0
505223,500665,500040,3012888,,2019-04-23,32856,96,,8876,60,85,mmHg,96.0
505224,500665,500040,3025315,,2019-04-23,32856,83.7,,9529,45,90,kg,83.7
505225,500665,500040,3038553,,2019-04-23,32856,30.9,,9531,18.5,25,kg/m2,30.9
505226,500666,500040,3004410,,2019-07-19,32856,7.5,,8554,4,5.6,%,7.5
505227,500666,500040,3004501,,2019-07-19,32856,156,,8840,70,99,mg/dL,156.0
505228,500666,500040,3004249,,2019-07-19,32856,102,,8876,90,130,mmHg,102.0
505229,500666,500040,3012888,,2019-07-19,32856,88,,8876,60,85,mmHg,88.0
505230,500666,500040,3025315,,2019-07-19,32856,85.3,,9529,45,90,kg,85.3
505231,500666,500040,3038553,,2019-07-19,32856,31.4,,9531,18.5,25,kg/m2,31.4
505232,500667,500040,3004410,,2019-10-15,32856,7.5,,8554,4,5.6,%,7.5
505233,500667,500040,3004501,,2019-10-15,32856,132,,8840,70,99,mg/dL,132.0
505234,500667,500040,3004249,,2019-10-15,32856,148,,8876,90,130,mmHg,148.0
505235,500667,500040,3012888,,2019-10-15,32856,108,,8876,60,85,mmHg,108.0
505236,500667,500040,3025315,,2019-10-15,32856,85.4,,9529,45,90,kg,85.4
505237,500667,500040,3038553,,2019-10-15,32856,31.5,,9531,18.5,25,kg/m2,31.5
505238,500667,500040,3022192,,2019-10-15,32856,196.4,,8840,0,150,mg/dL,196.4
505239,500667,500040,3007070,,2019-10-15,32856,48.5,,8840,40,60,mg/dL,48.5
505240,500667,500040,3028437,,2019-10-15,32856,60,,8840,0,130,mg/dL,60.0
505241,500667,500040,3013721,,2019-10-15,32856,46.5,,8645,0,40,U/L,46.5
505242,500667,500040,3006923,,2019-10-15,32856,42,,8645,0,40,U/L,42.0
505243,500667,500040,3016723,,2019-10-15,32856,0.98,,8840,0.6,1.2,mg/dL,0.98
505244,500667,500040,3049187,,2019-10-15,32856,78.9,,9550,90,130,mL/min/1.73m2,78.9
505245,500668,500040,3004410,,2020-01-10,32856,7.5,,8554,4,5.6,%,7.5
505246,500668,500040,3004501,,2020-01-10,32856,124,,8840,70,99,mg/dL,124.0
505247,500668,500040,3004249,,2020-01-10,32856,130,,8876,90,130,mmHg,130.0
505248,500668,500040,3012888,,2020-01-10,32856,65,,8876,60,85,mmHg,65.0
505249,500668,500040,3025315,,2020-01-10,32856,83.4,,9529,45,90,kg,83.4
505250,500668,500040,3038553,,2020-01-10,32856,30.7,,9531,18.5,25,kg/m2,30.7
505251,500669,500040,3004410,,2020-04-03,32856,7.7,,8554,4,5.6,%,7.7
505252,500669,500040,3004501,,2020-04-03,32856,159,,8840,70,99,mg/dL,159.0
505253,500669,500040,3004249,,2020-04-03,32856,153,,8876,90,130,mmHg,153.0
505254,500669,500040,3012888,,2020-04-03,32856,85,,8876,60,85,mmHg,85.0
505255,500669,500040,3025315,,2020-04-03,32856,84.3,,9529,45,90,kg,84.3
505256,500669,500040,3038553,,2020-04-03,32856,31.1,,9531,18.5,25,kg/m2,31.1
505257,500670,500040,3004410,,2020-07-10,32856,8,,8554,4,5.6,%,8.0
505258,500670,500040,3004501,,2020-07-10,32856,154,,8840,70,99,mg/dL,154.0
505259,500670,500040,3004249,,2020-07-10,32856,164,,8876,90,130,mmHg,164.0
505260,500670,500040,3012888,,2020-07-10,32856,84,,8876,60,85,mmHg,84.0
505261,500670,500040,3025315,,2020-07-10,32856,84.5,,9529,45,90,kg,84.5
505262,500670,500040,3038553,,2020-07-10,32856,31.2,,9531,18.5,25,kg/m2,31.2
505263,500671,500040,3004410,,2020-10-04,32856,7.7,,8554,4,5.6,%,7.7
505264,500671,500040,3004501,,2020-10-04,32856,152,,8840,70,99,mg/dL,152.0
505265,500671,500040,3004249,,2020-10-04,32856,132,,8876,90,130,mmHg,132.0
505266,500671,500040,3012888,,2020-10-04,32856,90,,8876,60,85,mmHg,90.0
505267,500671,500040,3025315,,2020-10-04,32856,84.6,,9529,45,90,kg,84.6
505268,500671,500040,3038553,,2020-10-04,32856,31.2,,9531,18.5,25,kg/m2,31.2
505269,500671,500040,3022192,,2020-10-04,32856,151.9,,8840,0,150,mg/dL,151.9
505270,500671,500040,3007070,,2020-10-04,32856,67.6,,8840,40,60,mg/dL,67.6
505271,500671,500040,3028437,,2020-10-04,32856,111.4,,8840,0,130,mg/dL,111.4
505272,500671,500040,3013721,,2020-10-04,32856,52.3,,8645,0,40,U/L,52.3
505273,500671,500040,3006923,,2020-10-04,32856,59.3,,8645,0,40,U/L,59.3
505274,500671,500040,3016723,,2020-10-04,32856,1.14,,8840,0.6,1.2,mg/dL,1.14
505275,500671,500040,3049187,,2020-10-04,32856,80.4,,9550,90,130,mL/min/1.73m2,80.4
505276,500672,500040,3004410,,2021-01-04,32856,8.2,,8554,4,5.6,%,8.2
505277,500672,500040,3004501,,2021-01-04,32856,183,,8840,70,99,mg/dL,183.0
505278,500672,500040,3004249,,2021-01-04,32856,133,,8876,90,130,mmHg,133.0
505279,500672,500040,3012888,,2021-01-04,32856,78,,8876,60,85,mmHg,78.0
505280,500672,500040,3025315,,2021-01-04,32856,84.8,,9529,45,90,kg,84.8
505281,500672,500040,3038553,,2021-01-04,32856,31.3,,9531,18.5,25,kg/m2,31.3
505282,500673,500040,3004410,,2021-04-03,32856,8.4,,8554,4,5.6,%,8.4
505283,500673,500040,3004501,,2021-04-03,32856,140,,8840,70,99,mg/dL,140.0
505284,500673,500040,3004249,,2021-04-03,32856,138,,8876,90,130,mmHg,138.0
505285,500673,500040,3012888,,2021-04-03,32856,89,,8876,60,85,mmHg,89.0
505286,500673,500040,3025315,,2021-04-03,32856,83.1,,9529,45,90,kg,83.1
505287,500673,500040,3038553,,2021-04-03,32856,30.6,,9531,18.5,25,kg/m2,30.6
505288,500674,500040,3004410,,2021-07-06,32856,7.3,,8554,4,5.6,%,7.3
505289,500674,500040,3004501,,2021-07-06,32856,127,,8840,70,99,mg/dL,127.0
505290,500674,500040,3004249,,2021-07-06,32856,149,,8876,90,130,mmHg,149.0
505291,500674,500040,3012888,,2021-07-06,32856,93,,8876,60,85,mmHg,93.0
505292,500674,500040,3025315,,2021-07-06,32856,82.9,,9529,45,90,kg,82.9
505293,500674,500040,3038553,,2021-07-06,32856,30.6,,9531,18.5,25,kg/m2,30.6
505294,500675,500040,3004410,,2021-10-02,32856,7.4,,8554,4,5.6,%,7.4
505295,500675,500040,3004501,,2021-10-02,32856,141,,8840,70,99,mg/dL,141.0
505296,500675,500040,3004249,,2021-10-02,32856,131,,8876,90,130,mmHg,131.0
505297,500675,500040,3012888,,2021-10-02,32856,84,,8876,60,85,mmHg,84.0
505298,500675,500040,3025315,,2021-10-02,32856,83.6,,9529,45,90,kg,83.6
505299,500675,500040,3038553,,2021-10-02,32856,30.8,,9531,18.5,25,kg/m2,30.8
505300,500675,500040,3022192,,2021-10-02,32856,208,,8840,0,150,mg/dL,208.0
505301,500675,500040,3007070,,2021-10-02,32856,50.4,,8840,40,60,mg/dL,50.4
505302,500675,500040,3028437,,2021-10-02,32856,79.3,,8840,0,130,mg/dL,79.3
505303,500675,500040,3013721,,2021-10-02,32856,44,,8645,0,40,U/L,44.0
505304,500675,500040,3006923,,2021-10-02,32856,2.4,,8645,0,40,U/L,2.4
505305,500675,500040,3016723,,2021-10-02,32856,0.64,,8840,0.6,1.2,mg/dL,0.64
505306,500675,500040,3049187,,2021-10-02,32856,66.4,,9550,90,130,mL/min/1.73m2,66.4
505307,500676,500040,3004410,,2022-01-05,32856,7.5,,8554,4,5.6,%,7.5
505308,500676,500040,3004501,,2022-01-05,32856,148,,8840,70,99,mg/dL,148.0
505309,500676,500040,3004249,,2022-01-05,32856,120,,8876,90,130,mmHg,120.0
505310,500676,500040,3012888,,2022-01-05,32856,82,,8876,60,85,mmHg,82.0
505311,500676,500040,3025315,,2022-01-05,32856,84.2,,9529,45,90,kg,84.2
505312,500676,500040,3038553,,2022-01-05,32856,31,,9531,18.5,25,kg/m2,31.0
505313,500677,500040,3004410,,2022-04-03,32856,7.5,,8554,4,5.6,%,7.5
505314,500677,500040,3004501,,2022-04-03,32856,120,,8840,70,99,mg/dL,120.0
505315,500677,500040,3004249,,2022-04-03,32856,145,,8876,90,130,mmHg,145.0
505316,500677,500040,3012888,,2022-04-03,32856,65,,8876,60,85,mmHg,65.0
505317,500677,500040,3025315,,2022-04-03,32856,84,,9529,45,90,kg,84.0
505318,500677,500040,3038553,,2022-04-03,32856,31,,9531,18.5,25,kg/m2,31.0
505319,500678,500040,3004410,,2022-07-05,32856,7.5,,8554,4,5.6,%,7.5
505320,500678,500040,3004501,,2022-07-05,32856,142,,8840,70,99,mg/dL,142.0
505321,500678,500040,3004249,,2022-07-05,32856,140,,8876,90,130,mmHg,140.0
505322,500678,500040,3012888,,2022-07-05,32856,80,,8876,60,85,mmHg,80.0
505323,500678,500040,3025315,,2022-07-05,32856,85.2,,9529,45,90,kg,85.2
505324,500678,500040,3038553,,2022-07-05,32856,31.4,,9531,18.5,25,kg/m2,31.4
505325,500679,500040,3004410,,2022-10-09,32856,7.1,,8554,4,5.6,%,7.1
505326,500679,500040,3004501,,2022-10-09,32856,151,,8840,70,99,mg/dL,151.0
505327,500679,500040,3004249,,2022-10-09,32856,147,,8876,90,130,mmHg,147.0
505328,500679,500040,3012888,,2022-10-09,32856,87,,8876,60,85,mmHg,87.0
505329,500679,500040,3025315,,2022-10-09,32856,84.2,,9529,45,90,kg,84.2
505330,500679,500040,3038553,,2022-10-09,32856,31,,9531,18.5,25,kg/m2,31.0
505331,500679,500040,3022192,,2022-10-09,32856,15.1,,8840,0,150,mg/dL,15.1
505332,500679,500040,3007070,,2022-10-09,32856,52.5,,8840,40,60,mg/dL,52.5
505333,500679,500040,3028437,,2022-10-09,32856,107.4,,8840,0,130,mg/dL,107.4
505334,500679,500040,3013721,,2022-10-09,32856,55.8,,8645,0,40,U/L,55.8
505335,500679,500040,3006923,,2022-10-09,32856,30.1,,8645,0,40,U/L,30.1
505336,500679,500040,3016723,,2022-10-09,32856,0.82,,8840,0.6,1.2,mg/dL,0.82
505337,500679,500040,3049187,,2022-10-09,32856,101,,9550,90,130,mL/min/1.73m2,101.0
505338,500680,500040,3004410,,2023-01-01,32856,6.6,,8554,4,5.6,%,6.6
505339,500680,500040,3004501,,2023-01-01,32856,122,,8840,70,99,mg/dL,122.0
505340,500680,500040,3004249,,2023-01-01,32856,141,,8876,90,130,mmHg,141.0
505341,500680,500040,3012888,,2023-01-01,32856,88,,8876,60,85,mmHg,88.0
505342,500680,500040,3025315,,2023-01-01,32856,83,,9529,45,90,kg,83.0
505343,500680,500040,3038553,,2023-01-01,32856,30.6,,9531,18.5,25,kg/m2,30.6
505344,500681,500040,3004410,,2023-04-08,32856,7,,8554,4,5.6,%,7.0
505345,500681,500040,3004501,,2023-04-08,32856,121,,8840,70,99,mg/dL,121.0
505346,500681,500040,3004249,,2023-04-08,32856,132,,8876,90,130,mmHg,132.0
505347,500681,500040,3012888,,2023-04-08,32856,96,,8876,60,85,mmHg,96.0
505348,500681,500040,3025315,,2023-04-08,32856,82.5,,9529,45,90,kg,82.5
505349,500681,500040,3038553,,2023-04-08,32856,30.4,,9531,18.5,25,kg/m2,30.4
505350,500682,500040,3004410,,2023-07-05,32856,7,,8554,4,5.6,%,7.0
505351,500682,500040,3004501,,2023-07-05,32856,136,,8840,70,99,mg/dL,136.0
505352,500682,500040,3004249,,2023-07-05,32856,145,,8876,90,130,mmHg,145.0
505353,500682,500040,3012888,,2023-07-05,32856,91,,8876,60,85,mmHg,91.0
505354,500682,500040,3025315,,2023-07-05,32856,83.8,,9529,45,90,kg,83.8
505355,500682,500040,3038553,,2023-07-05,32856,30.9,,9531,18.5,25,kg/m2,30.9
505356,500683,500040,3004410,,2023-10-06,32856,6.6,,8554,4,5.6,%,6.6
505357,500683,500040,3004501,,2023-10-06,32856,118,,8840,70,99,mg/dL,118.0
505358,500683,500040,3004249,,2023-10-06,32856,140,,8876,90,130,mmHg,140.0
505359,500683,500040,3012888,,2023-10-06,32856,65,,8876,60,85,mmHg,65.0
505360,500683,500040,3025315,,2023-10-06,32856,84.1,,9529,45,90,kg,84.1
505361,500683,500040,3038553,,2023-10-06,32856,31,,9531,18.5,25,kg/m2,31.0
505362,500683,500040,3022192,,2023-10-06,32856,141.5,,8840,0,150,mg/dL,141.5
505363,500683,500040,3007070,,2023-10-06,32856,35.5,,8840,40,60,mg/dL,35.5
505364,500683,500040,3028437,,2023-10-06,32856,56.4,,8840,0,130,mg/dL,56.4
505365,500683,500040,3013721,,2023-10-06,32856,38.3,,8645,0,40,U/L,38.3
505366,500683,500040,3006923,,2023-10-06,32856,0,,8645,0,40,U/L,0
505367,500683,500040,3016723,,2023-10-06,32856,1.42,,8840,0.6,1.2,mg/dL,1.42
505368,500683,500040,3049187,,2023-10-06,32856,68.3,,9550,90,130,mL/min/1.73m2,68.3
505369,500684,500040,3004410,,2023-12-29,32856,6.9,,8554,4,5.6,%,6.9
505370,500684,500040,3004501,,2023-12-29,32856,147,,8840,70,99,mg/dL,147.0
505371,500684,500040,3004249,,2023-12-29,32856,151,,8876,90,130,mmHg,151.0
505372,500684,500040,3012888,,2023-12-29,32856,61,,8876,60,85,mmHg,61.0
505373,500684,500040,3025315,,2023-12-29,32856,84.6,,9529,45,90,kg,84.6
505374,500684,500040,3038553,,2023-12-29,32856,31.2,,9531,18.5,25,kg/m2,31.2
505375,500685,500041,3036277,,2022-09-11,32856,167.8,,8582,150,185,cm,167.8
505376,500685,500041,3004410,,2022-09-11,32856,6.9,,8554,4,5.6,%,6.9
505377,500685,500041,3004501,,2022-09-11,32856,157,,8840,70,99,mg/dL,157.0
505378,500685,500041,3004249,,2022-09-11,32856,128,,8876,90,130,mmHg,128.0
505379,500685,500041,3012888,,2022-09-11,32856,76,,8876,60,85,mmHg,76.0
505380,500685,500041,3025315,,2022-09-11,32856,65.3,,9529,45,90,kg,65.3
505381,500685,500041,3038553,,2022-09-11,32856,23.2,,9531,18.5,25,kg/m2,23.2
505382,500685,500041,3022192,,2022-09-11,32856,182.2,,8840,0,150,mg/dL,182.2
505383,500685,500041,3007070,,2022-09-11,32856,49.7,,8840,40,60,mg/dL,49.7
505384,500685,500041,3028437,,2022-09-11,32856,57.3,,8840,0,130,mg/dL,57.3
505385,500685,500041,3013721,,2022-09-11,32856,64.7,,8645,0,40,U/L,64.7
505386,500685,500041,3006923,,2022-09-11,32856,45.4,,8645,0,40,U/L,45.4
505387,500685,500041,3016723,,2022-09-11,32856,0.49,,8840,0.6,1.2,mg/dL,0.49
505388,500685,500041,3049187,,2022-09-11,32856,57.2,,9550,90,130,mL/min/1.73m2,57.2
505389,500686,500041,3004410,,2022-12-15,32856,6.8,,8554,4,5.6,%,6.8
505390,500686,500041,3004501,,2022-12-15,32856,125,,8840,70,99,mg/dL,125.0
505391,500686,500041,3004249,,2022-12-15,32856,126,,8876,90,130,mmHg,126.0
505392,500686,500041,3012888,,2022-12-15,32856,71,,8876,60,85,mmHg,71.0
505393,500686,500041,3025315,,2022-12-15,32856,64.8,,9529,45,90,kg,64.8
505394,500686,500041,3038553,,2022-12-15,32856,23,,9531,18.5,25,kg/m2,23.0
505395,500687,500041,3004410,,2023-03-13,32856,7.2,,8554,4,5.6,%,7.2
505396,500687,500041,3004501,,2023-03-13,32856,187,,8840,70,99,mg/dL,187.0
505397,500687,500041,3004249,,2023-03-13,32856,120,,8876,90,130,mmHg,120.0
505398,500687,500041,3012888,,2023-03-13,32856,67,,8876,60,85,mmHg,67.0
505399,500687,500041,3025315,,2023-03-13,32856,64.4,,9529,45,90,kg,64.4
505400,500687,500041,3038553,,2023-03-13,32856,22.9,,9531,18.5,25,kg/m2,22.9
505401,500688,500041,3004410,,2023-06-15,32856,6.4,,8554,4,5.6,%,6.4
505402,500688,500041,3004501,,2023-06-15,32856,113,,8840,70,99,mg/dL,113.0
505403,500688,500041,3004249,,2023-06-15,32856,126,,8876,90,130,mmHg,126.0
505404,500688,500041,3012888,,2023-06-15,32856,81,,8876,60,85,mmHg,81.0
505405,500688,500041,3025315,,2023-06-15,32856,65.3,,9529,45,90,kg,65.3
505406,500688,500041,3038553,,2023-06-15,32856,23.2,,9531,18.5,25,kg/m2,23.2
505407,500689,500041,3004410,,2023-09-17,32856,6.1,,8554,4,5.6,%,6.1
505408,500689,500041,3004501,,2023-09-17,32856,105,,8840,70,99,mg/dL,105.0
505409,500689,500041,3004249,,2023-09-17,32856,124,,8876,90,130,mmHg,124.0
505410,500689,500041,3012888,,2023-09-17,32856,70,,8876,60,85,mmHg,70.0
505411,500689,500041,3025315,,2023-09-17,32856,66.4,,9529,45,90,kg,66.4
505412,500689,500041,3038553,,2023-09-17,32856,23.6,,9531,18.5,25,kg/m2,23.6
505413,500689,500041,3022192,,2023-09-17,32856,220.5,,8840,0,150,mg/dL,220.5
505414,500689,500041,3007070,,2023-09-17,32856,65.5,,8840,40,60,mg/dL,65.5
505415,500689,500041,3028437,,2023-09-17,32856,106.8,,8840,0,130,mg/dL,106.8
505416,500689,500041,3013721,,2023-09-17,32856,51.1,,8645,0,40,U/L,51.1
505417,500689,500041,3006923,,2023-09-17,32856,0,,8645,0,40,U/L,0
505418,500689,500041,3016723,,2023-09-17,32856,0.8,,8840,0.6,1.2,mg/dL,0.8
505419,500689,500041,3049187,,2023-09-17,32856,81,,9550,90,130,mL/min/1.73m2,81.0
505420,500690,500041,3004410,,2023-12-20,32856,6.3,,8554,4,5.6,%,6.3
505421,500690,500041,3004501,,2023-12-20,32856,129,,8840,70,99,mg/dL,129.0
505422,500690,500041,3004249,,2023-12-20,32856,138,,8876,90,130,mmHg,138.0
505423,500690,500041,3012888,,2023-12-20,32856,71,,8876,60,85,mmHg,71.0
505424,500690,500041,3025315,,2023-12-20,32856,65.8,,9529,45,90,kg,65.8
505425,500690,500041,3038553,,2023-12-20,32856,23.4,,9531,18.5,25,kg/m2,23.4
505426,500691,500041,3004410,,2024-03-20,32856,6.2,,8554,4,5.6,%,6.2
505427,500691,500041,3004501,,2024-03-20,32856,115,,8840,70,99,mg/dL,115.0
505428,500691,500041,3004249,,2024-03-20,32856,118,,8876,90,130,mmHg,118.0
505429,500691,500041,3012888,,2024-03-20,32856,80,,8876,60,85,mmHg,80.0
505430,500691,500041,3025315,,2024-03-20,32856,65.2,,9529,45,90,kg,65.2
505431,500691,500041,3038553,,2024-03-20,32856,23.2,,9531,18.5,25,kg/m2,23.2
505432,500692,500041,3004410,,2024-06-23,32856,5.9,,8554,4,5.6,%,5.9
505433,500692,500041,3004501,,2024-06-23,32856,109,,8840,70,99,mg/dL,109.0
505434,500692,500041,3004249,,2024-06-23,32856,122,,8876,90,130,mmHg,122.0
505435,500692,500041,3012888,,2024-06-23,32856,82,,8876,60,85,mmHg,82.0
505436,500692,500041,3025315,,2024-06-23,32856,64,,9529,45,90,kg,64.0
505437,500692,500041,3038553,,2024-06-23,32856,22.7,,9531,18.5,25,kg/m2,22.7
505438,500693,500041,3004410,,2024-09-22,32856,6.3,,8554,4,5.6,%,6.3
505439,500693,500041,3004501,,2024-09-22,32856,140,,8840,70,99,mg/dL,140.0
505440,500693,500041,3004249,,2024-09-22,32856,101,,8876,90,130,mmHg,101.0
505441,500693,500041,3012888,,2024-09-22,32856,75,,8876,60,85,mmHg,75.0
505442,500693,500041,3025315,,2024-09-22,32856,63.6,,9529,45,90,kg,63.6
505443,500693,500041,3038553,,2024-09-22,32856,22.6,,9531,18.5,25,kg/m2,22.6
505444,500693,500041,3022192,,2024-09-22,32856,242.9,,8840,0,150,mg/dL,242.9
505445,500693,500041,3007070,,2024-09-22,32856,37.3,,8840,40,60,mg/dL,37.3
505446,500693,500041,3028437,,2024-09-22,32856,126.3,,8840,0,130,mg/dL,126.3
505447,500693,500041,3013721,,2024-09-22,32856,76.5,,8645,0,40,U/L,76.5
505448,500693,500041,3006923,,2024-09-22,32856,57,,8645,0,40,U/L,57.0
505449,500693,500041,3016723,,2024-09-22,32856,0.42,,8840,0.6,1.2,mg/dL,0.42
505450,500693,500041,3049187,,2024-09-22,32856,80.5,,9550,90,130,mL/min/1.73m2,80.5
505451,500694,500041,3004410,,2024-12-20,32856,6.4,,8554,4,5.6,%,6.4
505452,500694,500041,3004501,,2024-12-20,32856,110,,8840,70,99,mg/dL,110.0
505453,500694,500041,3004249,,2024-12-20,32856,124,,8876,90,130,mmHg,124.0
505454,500694,500041,3012888,,2024-12-20,32856,68,,8876,60,85,mmHg,68.0
505455,500694,500041,3025315,,2024-12-20,32856,63.8,,9529,45,90,kg,63.8
505456,500694,500041,3038553,,2024-12-20,32856,22.7,,9531,18.5,25,kg/m2,22.7
505457,500695,500041,3004410,,2025-03-21,32856,6.6,,8554,4,5.6,%,6.6
505458,500695,500041,3004501,,2025-03-21,32856,130,,8840,70,99,mg/dL,130.0
505459,500695,500041,3004249,,2025-03-21,32856,121,,8876,90,130,mmHg,121.0
505460,500695,500041,3012888,,2025-03-21,32856,86,,8876,60,85,mmHg,86.0
505461,500695,500041,3025315,,2025-03-21,32856,62.3,,9529,45,90,kg,62.3
505462,500695,500041,3038553,,2025-03-21,32856,22.1,,9531,18.5,25,kg/m2,22.1
505463,500696,500041,3004410,,2025-06-27,32856,6.8,,8554,4,5.6,%,6.8
505464,500696,500041,3004501,,2025-06-27,32856,150,,8840,70,99,mg/dL,150.0
505465,500696,500041,3004249,,2025-06-27,32856,108,,8876,90,130,mmHg,108.0
505466,500696,500041,3012888,,2025-06-27,32856,83,,8876,60,85,mmHg,83.0
505467,500696,500041,3025315,,2025-06-27,32856,60.8,,9529,45,90,kg,60.8
505468,500696,500041,3038553,,2025-06-27,32856,21.6,,9531,18.5,25,kg/m2,21.6
505469,500697,500041,3004410,,2025-09-30,32856,6.4,,8554,4,5.6,%,6.4
505470,500697,500041,3004501,,2025-09-30,32856,116,,8840,70,99,mg/dL,116.0
505471,500697,500041,3004249,,2025-09-30,32856,144,,8876,90,130,mmHg,144.0
505472,500697,500041,3012888,,2025-09-30,32856,93,,8876,60,85,mmHg,93.0
505473,500697,500041,3025315,,2025-09-30,32856,59.9,,9529,45,90,kg,59.9
505474,500697,500041,3038553,,2025-09-30,32856,21.3,,9531,18.5,25,kg/m2,21.3
505475,500697,500041,3022192,,2025-09-30,32856,223,,8840,0,150,mg/dL,223.0
505476,500697,500041,3007070,,2025-09-30,32856,59.2,,8840,40,60,mg/dL,59.2
505477,500697,500041,3028437,,2025-09-30,32856,110.9,,8840,0,130,mg/dL,110.9
505478,500697,500041,3013721,,2025-09-30,32856,25.1,,8645,0,40,U/L,25.1
505479,500697,500041,3006923,,2025-09-30,32856,65,,8645,0,40,U/L,65.0
505480,500697,500041,3016723,,2025-09-30,32856,1.04,,8840,0.6,1.2,mg/dL,1.04
505481,500697,500041,3049187,,2025-09-30,32856,78.3,,9550,90,130,mL/min/1.73m2,78.3
505482,500698,500041,3004410,,2026-01-01,32856,6.5,,8554,4,5.6,%,6.5
505483,500698,500041,3004501,,2026-01-01,32856,112,,8840,70,99,mg/dL,112.0
505484,500698,500041,3004249,,2026-01-01,32856,134,,8876,90,130,mmHg,134.0
505485,500698,500041,3012888,,2026-01-01,32856,74,,8876,60,85,mmHg,74.0
505486,500698,500041,3025315,,2026-01-01,32856,60.2,,9529,45,90,kg,60.2
505487,500698,500041,3038553,,2026-01-01,32856,21.4,,9531,18.5,25,kg/m2,21.4
505488,500699,500041,3004410,,2026-04-01,32856,7.2,,8554,4,5.6,%,7.2
505489,500699,500041,3004501,,2026-04-01,32856,121,,8840,70,99,mg/dL,121.0
505490,500699,500041,3004249,,2026-04-01,32856,139,,8876,90,130,mmHg,139.0
505491,500699,500041,3012888,,2026-04-01,32856,76,,8876,60,85,mmHg,76.0
505492,500699,500041,3025315,,2026-04-01,32856,60.4,,9529,45,90,kg,60.4
505493,500699,500041,3038553,,2026-04-01,32856,21.5,,9531,18.5,25,kg/m2,21.5
505494,500700,500041,3004410,,2026-06-29,32856,6.4,,8554,4,5.6,%,6.4
505495,500700,500041,3004501,,2026-06-29,32856,140,,8840,70,99,mg/dL,140.0
505496,500700,500041,3004249,,2026-06-29,32856,107,,8876,90,130,mmHg,107.0
505497,500700,500041,3012888,,2026-06-29,32856,72,,8876,60,85,mmHg,72.0
505498,500700,500041,3025315,,2026-06-29,32856,59.6,,9529,45,90,kg,59.6
505499,500700,500041,3038553,,2026-06-29,32856,21.2,,9531,18.5,25,kg/m2,21.2
505500,500701,500042,3036277,,2022-01-18,32856,163,,8582,150,185,cm,163.0
505501,500701,500042,3004410,,2022-01-18,32856,8.6,,8554,4,5.6,%,8.6
505502,500701,500042,3004501,,2022-01-18,32856,187,,8840,70,99,mg/dL,187.0
505503,500701,500042,3004249,,2022-01-18,32856,104,,8876,90,130,mmHg,104.0
505504,500701,500042,3012888,,2022-01-18,32856,65,,8876,60,85,mmHg,65.0
505505,500701,500042,3025315,,2022-01-18,32856,84,,9529,45,90,kg,84.0
505506,500701,500042,3038553,,2022-01-18,32856,31.6,,9531,18.5,25,kg/m2,31.6
505507,500701,500042,3022192,,2022-01-18,32856,240.2,,8840,0,150,mg/dL,240.2
505508,500701,500042,3007070,,2022-01-18,32856,25.6,,8840,40,60,mg/dL,25.6
505509,500701,500042,3028437,,2022-01-18,32856,98.5,,8840,0,130,mg/dL,98.5
505510,500701,500042,3013721,,2022-01-18,32856,35.7,,8645,0,40,U/L,35.7
505511,500701,500042,3006923,,2022-01-18,32856,43.2,,8645,0,40,U/L,43.2
505512,500701,500042,3016723,,2022-01-18,32856,1,,8840,0.6,1.2,mg/dL,1.0
505513,500701,500042,3049187,,2022-01-18,32856,120.4,,9550,90,130,mL/min/1.73m2,120.4
505514,500702,500042,3004410,,2022-04-19,32856,8.1,,8554,4,5.6,%,8.1
505515,500702,500042,3004501,,2022-04-19,32856,153,,8840,70,99,mg/dL,153.0
505516,500702,500042,3004249,,2022-04-19,32856,124,,8876,90,130,mmHg,124.0
505517,500702,500042,3012888,,2022-04-19,32856,77,,8876,60,85,mmHg,77.0
505518,500702,500042,3025315,,2022-04-19,32856,82.9,,9529,45,90,kg,82.9
505519,500702,500042,3038553,,2022-04-19,32856,31.2,,9531,18.5,25,kg/m2,31.2
505520,500703,500042,3004410,,2022-07-13,32856,7.6,,8554,4,5.6,%,7.6
505521,500703,500042,3004501,,2022-07-13,32856,122,,8840,70,99,mg/dL,122.0
505522,500703,500042,3004249,,2022-07-13,32856,122,,8876,90,130,mmHg,122.0
505523,500703,500042,3012888,,2022-07-13,32856,81,,8876,60,85,mmHg,81.0
505524,500703,500042,3025315,,2022-07-13,32856,82.7,,9529,45,90,kg,82.7
505525,500703,500042,3038553,,2022-07-13,32856,31.1,,9531,18.5,25,kg/m2,31.1
505526,500704,500042,3004410,,2022-10-08,32856,7.9,,8554,4,5.6,%,7.9
505527,500704,500042,3004501,,2022-10-08,32856,107,,8840,70,99,mg/dL,107.0
505528,500704,500042,3004249,,2022-10-08,32856,137,,8876,90,130,mmHg,137.0
505529,500704,500042,3012888,,2022-10-08,32856,64,,8876,60,85,mmHg,64.0
505530,500704,500042,3025315,,2022-10-08,32856,83.9,,9529,45,90,kg,83.9
505531,500704,500042,3038553,,2022-10-08,32856,31.6,,9531,18.5,25,kg/m2,31.6
505532,500705,500042,3004410,,2022-12-31,32856,7.8,,8554,4,5.6,%,7.8
505533,500705,500042,3004501,,2022-12-31,32856,133,,8840,70,99,mg/dL,133.0
505534,500705,500042,3004249,,2022-12-31,32856,110,,8876,90,130,mmHg,110.0
505535,500705,500042,3012888,,2022-12-31,32856,73,,8876,60,85,mmHg,73.0
505536,500705,500042,3025315,,2022-12-31,32856,83.3,,9529,45,90,kg,83.3
505537,500705,500042,3038553,,2022-12-31,32856,31.4,,9531,18.5,25,kg/m2,31.4
505538,500705,500042,3022192,,2022-12-31,32856,110.4,,8840,0,150,mg/dL,110.4
505539,500705,500042,3007070,,2022-12-31,32856,26.3,,8840,40,60,mg/dL,26.3
505540,500705,500042,3028437,,2022-12-31,32856,110.2,,8840,0,130,mg/dL,110.2
505541,500705,500042,3013721,,2022-12-31,32856,34.1,,8645,0,40,U/L,34.1
505542,500705,500042,3006923,,2022-12-31,32856,0,,8645,0,40,U/L,0
505543,500705,500042,3016723,,2022-12-31,32856,1.1,,8840,0.6,1.2,mg/dL,1.1
505544,500705,500042,3049187,,2022-12-31,32856,81.8,,9550,90,130,mL/min/1.73m2,81.8
505545,500706,500042,3004410,,2023-03-31,32856,8.2,,8554,4,5.6,%,8.2
505546,500706,500042,3004501,,2023-03-31,32856,172,,8840,70,99,mg/dL,172.0
505547,500706,500042,3004249,,2023-03-31,32856,110,,8876,90,130,mmHg,110.0
505548,500706,500042,3012888,,2023-03-31,32856,83,,8876,60,85,mmHg,83.0
505549,500706,500042,3025315,,2023-03-31,32856,83.5,,9529,45,90,kg,83.5
505550,500706,500042,3038553,,2023-03-31,32856,31.4,,9531,18.5,25,kg/m2,31.4
505551,500707,500042,3004410,,2023-06-28,32856,7.5,,8554,4,5.6,%,7.5
505552,500707,500042,3004501,,2023-06-28,32856,102,,8840,70,99,mg/dL,102.0
505553,500707,500042,3004249,,2023-06-28,32856,122,,8876,90,130,mmHg,122.0
505554,500707,500042,3012888,,2023-06-28,32856,70,,8876,60,85,mmHg,70.0
505555,500707,500042,3025315,,2023-06-28,32856,82.7,,9529,45,90,kg,82.7
505556,500707,500042,3038553,,2023-06-28,32856,31.1,,9531,18.5,25,kg/m2,31.1
505557,500708,500042,3004410,,2023-10-04,32856,8,,8554,4,5.6,%,8.0
505558,500708,500042,3004501,,2023-10-04,32856,151,,8840,70,99,mg/dL,151.0
505559,500708,500042,3004249,,2023-10-04,32856,142,,8876,90,130,mmHg,142.0
505560,500708,500042,3012888,,2023-10-04,32856,80,,8876,60,85,mmHg,80.0
505561,500708,500042,3025315,,2023-10-04,32856,83.2,,9529,45,90,kg,83.2
505562,500708,500042,3038553,,2023-10-04,32856,31.3,,9531,18.5,25,kg/m2,31.3
505563,500709,500042,3004410,,2023-12-29,32856,6.9,,8554,4,5.6,%,6.9
505564,500709,500042,3004501,,2023-12-29,32856,115,,8840,70,99,mg/dL,115.0
505565,500709,500042,3004249,,2023-12-29,32856,107,,8876,90,130,mmHg,107.0
505566,500709,500042,3012888,,2023-12-29,32856,77,,8876,60,85,mmHg,77.0
505567,500709,500042,3025315,,2023-12-29,32856,82.9,,9529,45,90,kg,82.9
505568,500709,500042,3038553,,2023-12-29,32856,31.2,,9531,18.5,25,kg/m2,31.2
505569,500709,500042,3022192,,2023-12-29,32856,208.4,,8840,0,150,mg/dL,208.4
505570,500709,500042,3007070,,2023-12-29,32856,46,,8840,40,60,mg/dL,46.0
505571,500709,500042,3028437,,2023-12-29,32856,97.7,,8840,0,130,mg/dL,97.7
505572,500709,500042,3013721,,2023-12-29,32856,63.4,,8645,0,40,U/L,63.4
505573,500709,500042,3006923,,2023-12-29,32856,24.9,,8645,0,40,U/L,24.9
505574,500709,500042,3016723,,2023-12-29,32856,0.68,,8840,0.6,1.2,mg/dL,0.68
505575,500709,500042,3049187,,2023-12-29,32856,69.5,,9550,90,130,mL/min/1.73m2,69.5
505576,500710,500042,3004410,,2024-03-24,32856,6.6,,8554,4,5.6,%,6.6
505577,500710,500042,3004501,,2024-03-24,32856,121,,8840,70,99,mg/dL,121.0
505578,500710,500042,3004249,,2024-03-24,32856,114,,8876,90,130,mmHg,114.0
505579,500710,500042,3012888,,2024-03-24,32856,70,,8876,60,85,mmHg,70.0
505580,500710,500042,3025315,,2024-03-24,32856,82.6,,9529,45,90,kg,82.6
505581,500710,500042,3038553,,2024-03-24,32856,31.1,,9531,18.5,25,kg/m2,31.1
505582,500711,500042,3004410,,2024-06-19,32856,6.7,,8554,4,5.6,%,6.7
505583,500711,500042,3004501,,2024-06-19,32856,121,,8840,70,99,mg/dL,121.0
505584,500711,500042,3004249,,2024-06-19,32856,105,,8876,90,130,mmHg,105.0
505585,500711,500042,3012888,,2024-06-19,32856,79,,8876,60,85,mmHg,79.0
505586,500711,500042,3025315,,2024-06-19,32856,83,,9529,45,90,kg,83.0
505587,500711,500042,3038553,,2024-06-19,32856,31.2,,9531,18.5,25,kg/m2,31.2
505588,500712,500042,3004410,,2024-09-11,32856,7.4,,8554,4,5.6,%,7.4
505589,500712,500042,3004501,,2024-09-11,32856,162,,8840,70,99,mg/dL,162.0
505590,500712,500042,3004249,,2024-09-11,32856,118,,8876,90,130,mmHg,118.0
505591,500712,500042,3012888,,2024-09-11,32856,72,,8876,60,85,mmHg,72.0
505592,500712,500042,3025315,,2024-09-11,32856,82.8,,9529,45,90,kg,82.8
505593,500712,500042,3038553,,2024-09-11,32856,31.2,,9531,18.5,25,kg/m2,31.2
505594,500713,500042,3004410,,2024-12-04,32856,8.2,,8554,4,5.6,%,8.2
505595,500713,500042,3004501,,2024-12-04,32856,163,,8840,70,99,mg/dL,163.0
505596,500713,500042,3004249,,2024-12-04,32856,121,,8876,90,130,mmHg,121.0
505597,500713,500042,3012888,,2024-12-04,32856,79,,8876,60,85,mmHg,79.0
505598,500713,500042,3025315,,2024-12-04,32856,82.3,,9529,45,90,kg,82.3
505599,500713,500042,3038553,,2024-12-04,32856,31,,9531,18.5,25,kg/m2,31.0
505600,500713,500042,3022192,,2024-12-04,32856,240.1,,8840,0,150,mg/dL,240.1
505601,500713,500042,3007070,,2024-12-04,32856,38.5,,8840,40,60,mg/dL,38.5
505602,500713,500042,3028437,,2024-12-04,32856,87.4,,8840,0,130,mg/dL,87.4
505603,500713,500042,3013721,,2024-12-04,32856,43.1,,8645,0,40,U/L,43.1
505604,500713,500042,3006923,,2024-12-04,32856,48.3,,8645,0,40,U/L,48.3
505605,500713,500042,3016723,,2024-12-04,32856,1.1,,8840,0.6,1.2,mg/dL,1.1
505606,500713,500042,3049187,,2024-12-04,32856,86.2,,9550,90,130,mL/min/1.73m2,86.2
505607,500714,500042,3004410,,2025-03-10,32856,7.5,,8554,4,5.6,%,7.5
505608,500714,500042,3004501,,2025-03-10,32856,129,,8840,70,99,mg/dL,129.0
505609,500714,500042,3004249,,2025-03-10,32856,132,,8876,90,130,mmHg,132.0
505610,500714,500042,3012888,,2025-03-10,32856,70,,8876,60,85,mmHg,70.0
505611,500714,500042,3025315,,2025-03-10,32856,83.5,,9529,45,90,kg,83.5
505612,500714,500042,3038553,,2025-03-10,32856,31.4,,9531,18.5,25,kg/m2,31.4
505613,500715,500042,3004410,,2025-06-10,32856,7,,8554,4,5.6,%,7.0
505614,500715,500042,3004501,,2025-06-10,32856,121,,8840,70,99,mg/dL,121.0
505615,500715,500042,3004249,,2025-06-10,32856,97,,8876,90,130,mmHg,97.0
505616,500715,500042,3012888,,2025-06-10,32856,76,,8876,60,85,mmHg,76.0
505617,500715,500042,3025315,,2025-06-10,32856,81.9,,9529,45,90,kg,81.9
505618,500715,500042,3038553,,2025-06-10,32856,30.8,,9531,18.5,25,kg/m2,30.8
505619,500716,500042,3004410,,2025-09-15,32856,6.8,,8554,4,5.6,%,6.8
505620,500716,500042,3004501,,2025-09-15,32856,144,,8840,70,99,mg/dL,144.0
505621,500716,500042,3004249,,2025-09-15,32856,112,,8876,90,130,mmHg,112.0
505622,500716,500042,3012888,,2025-09-15,32856,78,,8876,60,85,mmHg,78.0
505623,500716,500042,3025315,,2025-09-15,32856,82.2,,9529,45,90,kg,82.2
505624,500716,500042,3038553,,2025-09-15,32856,30.9,,9531,18.5,25,kg/m2,30.9
505625,500717,500042,3004410,,2025-12-20,32856,6.7,,8554,4,5.6,%,6.7
505626,500717,500042,3004501,,2025-12-20,32856,114,,8840,70,99,mg/dL,114.0
505627,500717,500042,3004249,,2025-12-20,32856,115,,8876,90,130,mmHg,115.0
505628,500717,500042,3012888,,2025-12-20,32856,78,,8876,60,85,mmHg,78.0
505629,500717,500042,3025315,,2025-12-20,32856,80.2,,9529,45,90,kg,80.2
505630,500717,500042,3038553,,2025-12-20,32856,30.2,,9531,18.5,25,kg/m2,30.2
505631,500717,500042,3022192,,2025-12-20,32856,205.9,,8840,0,150,mg/dL,205.9
505632,500717,500042,3007070,,2025-12-20,32856,55.4,,8840,40,60,mg/dL,55.4
505633,500717,500042,3028437,,2025-12-20,32856,120.1,,8840,0,130,mg/dL,120.1
505634,500717,500042,3013721,,2025-12-20,32856,28.5,,8645,0,40,U/L,28.5
505635,500717,500042,3006923,,2025-12-20,32856,20.9,,8645,0,40,U/L,20.9
505636,500717,500042,3016723,,2025-12-20,32856,0.98,,8840,0.6,1.2,mg/dL,0.98
505637,500717,500042,3049187,,2025-12-20,32856,112.1,,9550,90,130,mL/min/1.73m2,112.1
505638,500718,500042,3004410,,2026-03-18,32856,6.1,,8554,4,5.6,%,6.1
505639,500718,500042,3004501,,2026-03-18,32856,104,,8840,70,99,mg/dL,104.0
505640,500718,500042,3004249,,2026-03-18,32856,131,,8876,90,130,mmHg,131.0
505641,500718,500042,3012888,,2026-03-18,32856,74,,8876,60,85,mmHg,74.0
505642,500718,500042,3025315,,2026-03-18,32856,79.9,,9529,45,90,kg,79.9
505643,500718,500042,3038553,,2026-03-18,32856,30.1,,9531,18.5,25,kg/m2,30.1
505644,500719,500043,3036277,,2018-04-28,32856,168,,8582,150,185,cm,168.0
505645,500719,500043,3004410,,2018-04-28,32856,9,,8554,4,5.6,%,9.0
505646,500719,500043,3004501,,2018-04-28,32856,199,,8840,70,99,mg/dL,199.0
505647,500719,500043,3004249,,2018-04-28,32856,150,,8876,90,130,mmHg,150.0
505648,500719,500043,3012888,,2018-04-28,32856,62,,8876,60,85,mmHg,62.0
505649,500719,500043,3025315,,2018-04-28,32856,86.1,,9529,45,90,kg,86.1
505650,500719,500043,3038553,,2018-04-28,32856,30.5,,9531,18.5,25,kg/m2,30.5
505651,500719,500043,3022192,,2018-04-28,32856,240.8,,8840,0,150,mg/dL,240.8
505652,500719,500043,3007070,,2018-04-28,32856,50.9,,8840,40,60,mg/dL,50.9
505653,500719,500043,3028437,,2018-04-28,32856,90.6,,8840,0,130,mg/dL,90.6
505654,500719,500043,3013721,,2018-04-28,32856,27.6,,8645,0,40,U/L,27.6
505655,500719,500043,3006923,,2018-04-28,32856,31.5,,8645,0,40,U/L,31.5
505656,500719,500043,3016723,,2018-04-28,32856,0.81,,8840,0.6,1.2,mg/dL,0.81
505657,500719,500043,3049187,,2018-04-28,32856,88.2,,9550,90,130,mL/min/1.73m2,88.2
505658,500720,500043,3004410,,2018-08-01,32856,9,,8554,4,5.6,%,9.0
505659,500720,500043,3004501,,2018-08-01,32856,183,,8840,70,99,mg/dL,183.0
505660,500720,500043,3004249,,2018-08-01,32856,129,,8876,90,130,mmHg,129.0
505661,500720,500043,3012888,,2018-08-01,32856,82,,8876,60,85,mmHg,82.0
505662,500720,500043,3025315,,2018-08-01,32856,85.7,,9529,45,90,kg,85.7
505663,500720,500043,3038553,,2018-08-01,32856,30.4,,9531,18.5,25,kg/m2,30.4
505664,500721,500043,3004410,,2018-11-05,32856,8.1,,8554,4,5.6,%,8.1
505665,500721,500043,3004501,,2018-11-05,32856,151,,8840,70,99,mg/dL,151.0
505666,500721,500043,3004249,,2018-11-05,32856,132,,8876,90,130,mmHg,132.0
505667,500721,500043,3012888,,2018-11-05,32856,80,,8876,60,85,mmHg,80.0
505668,500721,500043,3025315,,2018-11-05,32856,84.6,,9529,45,90,kg,84.6
505669,500721,500043,3038553,,2018-11-05,32856,30,,9531,18.5,25,kg/m2,30.0
505670,500722,500043,3004410,,2019-01-31,32856,8.2,,8554,4,5.6,%,8.2
505671,500722,500043,3004501,,2019-01-31,32856,154,,8840,70,99,mg/dL,154.0
505672,500722,500043,3004249,,2019-01-31,32856,138,,8876,90,130,mmHg,138.0
505673,500722,500043,3012888,,2019-01-31,32856,60,,8876,60,85,mmHg,60.0
505674,500722,500043,3025315,,2019-01-31,32856,84,,9529,45,90,kg,84.0
505675,500722,500043,3038553,,2019-01-31,32856,29.8,,9531,18.5,25,kg/m2,29.8
505676,500723,500043,3004410,,2019-04-25,32856,7.6,,8554,4,5.6,%,7.6
505677,500723,500043,3004501,,2019-04-25,32856,137,,8840,70,99,mg/dL,137.0
505678,500723,500043,3004249,,2019-04-25,32856,134,,8876,90,130,mmHg,134.0
505679,500723,500043,3012888,,2019-04-25,32856,71,,8876,60,85,mmHg,71.0
505680,500723,500043,3025315,,2019-04-25,32856,84,,9529,45,90,kg,84.0
505681,500723,500043,3038553,,2019-04-25,32856,29.8,,9531,18.5,25,kg/m2,29.8
505682,500723,500043,3022192,,2019-04-25,32856,243.6,,8840,0,150,mg/dL,243.6
505683,500723,500043,3007070,,2019-04-25,32856,61.2,,8840,40,60,mg/dL,61.2
505684,500723,500043,3028437,,2019-04-25,32856,101.9,,8840,0,130,mg/dL,101.9
505685,500723,500043,3013721,,2019-04-25,32856,4.8,,8645,0,40,U/L,4.8
505686,500723,500043,3006923,,2019-04-25,32856,40.2,,8645,0,40,U/L,40.2
505687,500723,500043,3016723,,2019-04-25,32856,1.14,,8840,0.6,1.2,mg/dL,1.14
505688,500723,500043,3049187,,2019-04-25,32856,104,,9550,90,130,mL/min/1.73m2,104.0
505689,500724,500043,3004410,,2019-07-27,32856,6.7,,8554,4,5.6,%,6.7
505690,500724,500043,3004501,,2019-07-27,32856,127,,8840,70,99,mg/dL,127.0
505691,500724,500043,3004249,,2019-07-27,32856,112,,8876,90,130,mmHg,112.0
505692,500724,500043,3012888,,2019-07-27,32856,62,,8876,60,85,mmHg,62.0
505693,500724,500043,3025315,,2019-07-27,32856,85.4,,9529,45,90,kg,85.4
505694,500724,500043,3038553,,2019-07-27,32856,30.3,,9531,18.5,25,kg/m2,30.3
505695,500725,500043,3004410,,2019-10-20,32856,6.4,,8554,4,5.6,%,6.4
505696,500725,500043,3004501,,2019-10-20,32856,114,,8840,70,99,mg/dL,114.0
505697,500725,500043,3004249,,2019-10-20,32856,137,,8876,90,130,mmHg,137.0
505698,500725,500043,3012888,,2019-10-20,32856,76,,8876,60,85,mmHg,76.0
505699,500725,500043,3025315,,2019-10-20,32856,85.2,,9529,45,90,kg,85.2
505700,500725,500043,3038553,,2019-10-20,32856,30.2,,9531,18.5,25,kg/m2,30.2
505701,500726,500043,3004410,,2020-01-18,32856,6.4,,8554,4,5.6,%,6.4
505702,500726,500043,3004501,,2020-01-18,32856,142,,8840,70,99,mg/dL,142.0
505703,500726,500043,3004249,,2020-01-18,32856,116,,8876,90,130,mmHg,116.0
505704,500726,500043,3012888,,2020-01-18,32856,82,,8876,60,85,mmHg,82.0
505705,500726,500043,3025315,,2020-01-18,32856,84.7,,9529,45,90,kg,84.7
505706,500726,500043,3038553,,2020-01-18,32856,30,,9531,18.5,25,kg/m2,30.0
505707,500727,500043,3004410,,2020-04-12,32856,6.6,,8554,4,5.6,%,6.6
505708,500727,500043,3004501,,2020-04-12,32856,116,,8840,70,99,mg/dL,116.0
505709,500727,500043,3004249,,2020-04-12,32856,124,,8876,90,130,mmHg,124.0
505710,500727,500043,3012888,,2020-04-12,32856,82,,8876,60,85,mmHg,82.0
505711,500727,500043,3025315,,2020-04-12,32856,85.8,,9529,45,90,kg,85.8
505712,500727,500043,3038553,,2020-04-12,32856,30.4,,9531,18.5,25,kg/m2,30.4
505713,500727,500043,3022192,,2020-04-12,32856,200.2,,8840,0,150,mg/dL,200.2
505714,500727,500043,3007070,,2020-04-12,32856,54.1,,8840,40,60,mg/dL,54.1
505715,500727,500043,3028437,,2020-04-12,32856,146.1,,8840,0,130,mg/dL,146.1
505716,500727,500043,3013721,,2020-04-12,32856,50.6,,8645,0,40,U/L,50.6
505717,500727,500043,3006923,,2020-04-12,32856,69.9,,8645,0,40,U/L,69.9
505718,500727,500043,3016723,,2020-04-12,32856,0.62,,8840,0.6,1.2,mg/dL,0.62
505719,500727,500043,3049187,,2020-04-12,32856,70.7,,9550,90,130,mL/min/1.73m2,70.7
505720,500728,500043,3004410,,2020-07-12,32856,6.8,,8554,4,5.6,%,6.8
505721,500728,500043,3004501,,2020-07-12,32856,152,,8840,70,99,mg/dL,152.0
505722,500728,500043,3004249,,2020-07-12,32856,123,,8876,90,130,mmHg,123.0
505723,500728,500043,3012888,,2020-07-12,32856,70,,8876,60,85,mmHg,70.0
505724,500728,500043,3025315,,2020-07-12,32856,84.8,,9529,45,90,kg,84.8
505725,500728,500043,3038553,,2020-07-12,32856,30,,9531,18.5,25,kg/m2,30.0
505726,500729,500043,3004410,,2020-10-13,32856,7,,8554,4,5.6,%,7.0
505727,500729,500043,3004501,,2020-10-13,32856,138,,8840,70,99,mg/dL,138.0
505728,500729,500043,3004249,,2020-10-13,32856,125,,8876,90,130,mmHg,125.0
505729,500729,500043,3012888,,2020-10-13,32856,67,,8876,60,85,mmHg,67.0
505730,500729,500043,3025315,,2020-10-13,32856,84.4,,9529,45,90,kg,84.4
505731,500729,500043,3038553,,2020-10-13,32856,29.9,,9531,18.5,25,kg/m2,29.9
505732,500730,500043,3004410,,2021-01-08,32856,6.9,,8554,4,5.6,%,6.9
505733,500730,500043,3004501,,2021-01-08,32856,116,,8840,70,99,mg/dL,116.0
505734,500730,500043,3004249,,2021-01-08,32856,115,,8876,90,130,mmHg,115.0
505735,500730,500043,3012888,,2021-01-08,32856,71,,8876,60,85,mmHg,71.0
505736,500730,500043,3025315,,2021-01-08,32856,85.1,,9529,45,90,kg,85.1
505737,500730,500043,3038553,,2021-01-08,32856,30.2,,9531,18.5,25,kg/m2,30.2
505738,500731,500043,3004410,,2021-04-12,32856,7,,8554,4,5.6,%,7.0
505739,500731,500043,3004501,,2021-04-12,32856,127,,8840,70,99,mg/dL,127.0
505740,500731,500043,3004249,,2021-04-12,32856,124,,8876,90,130,mmHg,124.0
505741,500731,500043,3012888,,2021-04-12,32856,73,,8876,60,85,mmHg,73.0
505742,500731,500043,3025315,,2021-04-12,32856,86.2,,9529,45,90,kg,86.2
505743,500731,500043,3038553,,2021-04-12,32856,30.5,,9531,18.5,25,kg/m2,30.5
505744,500731,500043,3022192,,2021-04-12,32856,130.7,,8840,0,150,mg/dL,130.7
505745,500731,500043,3007070,,2021-04-12,32856,36.4,,8840,40,60,mg/dL,36.4
505746,500731,500043,3028437,,2021-04-12,32856,133.7,,8840,0,130,mg/dL,133.7
505747,500731,500043,3013721,,2021-04-12,32856,42.3,,8645,0,40,U/L,42.3
505748,500731,500043,3006923,,2021-04-12,32856,87.1,,8645,0,40,U/L,87.1
505749,500731,500043,3016723,,2021-04-12,32856,0.48,,8840,0.6,1.2,mg/dL,0.48
505750,500731,500043,3049187,,2021-04-12,32856,73.8,,9550,90,130,mL/min/1.73m2,73.8
505751,500732,500043,3004410,,2021-07-07,32856,7.6,,8554,4,5.6,%,7.6
505752,500732,500043,3004501,,2021-07-07,32856,127,,8840,70,99,mg/dL,127.0
505753,500732,500043,3004249,,2021-07-07,32856,118,,8876,90,130,mmHg,118.0
505754,500732,500043,3012888,,2021-07-07,32856,82,,8876,60,85,mmHg,82.0
505755,500732,500043,3025315,,2021-07-07,32856,85.4,,9529,45,90,kg,85.4
505756,500732,500043,3038553,,2021-07-07,32856,30.3,,9531,18.5,25,kg/m2,30.3
505757,500733,500043,3004410,,2021-10-13,32856,7.1,,8554,4,5.6,%,7.1
505758,500733,500043,3004501,,2021-10-13,32856,143,,8840,70,99,mg/dL,143.0
505759,500733,500043,3004249,,2021-10-13,32856,139,,8876,90,130,mmHg,139.0
505760,500733,500043,3012888,,2021-10-13,32856,68,,8876,60,85,mmHg,68.0
505761,500733,500043,3025315,,2021-10-13,32856,85,,9529,45,90,kg,85.0
505762,500733,500043,3038553,,2021-10-13,32856,30.1,,9531,18.5,25,kg/m2,30.1
505763,500734,500043,3004410,,2022-01-05,32856,6.1,,8554,4,5.6,%,6.1
505764,500734,500043,3004501,,2022-01-05,32856,130,,8840,70,99,mg/dL,130.0
505765,500734,500043,3004249,,2022-01-05,32856,141,,8876,90,130,mmHg,141.0
505766,500734,500043,3012888,,2022-01-05,32856,88,,8876,60,85,mmHg,88.0
505767,500734,500043,3025315,,2022-01-05,32856,85.1,,9529,45,90,kg,85.1
505768,500734,500043,3038553,,2022-01-05,32856,30.2,,9531,18.5,25,kg/m2,30.2
505769,500735,500043,3004410,,2022-04-11,32856,6.5,,8554,4,5.6,%,6.5
505770,500735,500043,3004501,,2022-04-11,32856,156,,8840,70,99,mg/dL,156.0
505771,500735,500043,3004249,,2022-04-11,32856,111,,8876,90,130,mmHg,111.0
505772,500735,500043,3012888,,2022-04-11,32856,78,,8876,60,85,mmHg,78.0
505773,500735,500043,3025315,,2022-04-11,32856,85.5,,9529,45,90,kg,85.5
505774,500735,500043,3038553,,2022-04-11,32856,30.3,,9531,18.5,25,kg/m2,30.3
505775,500735,500043,3022192,,2022-04-11,32856,237.4,,8840,0,150,mg/dL,237.4
505776,500735,500043,3007070,,2022-04-11,32856,40.3,,8840,40,60,mg/dL,40.3
505777,500735,500043,3028437,,2022-04-11,32856,123.4,,8840,0,130,mg/dL,123.4
505778,500735,500043,3013721,,2022-04-11,32856,58.8,,8645,0,40,U/L,58.8
505779,500735,500043,3006923,,2022-04-11,32856,4.7,,8645,0,40,U/L,4.7
505780,500735,500043,3016723,,2022-04-11,32856,0.73,,8840,0.6,1.2,mg/dL,0.73
505781,500735,500043,3049187,,2022-04-11,32856,95.6,,9550,90,130,mL/min/1.73m2,95.6
505782,500736,500043,3004410,,2022-07-10,32856,6.6,,8554,4,5.6,%,6.6
505783,500736,500043,3004501,,2022-07-10,32856,113,,8840,70,99,mg/dL,113.0
505784,500736,500043,3004249,,2022-07-10,32856,119,,8876,90,130,mmHg,119.0
505785,500736,500043,3012888,,2022-07-10,32856,90,,8876,60,85,mmHg,90.0
505786,500736,500043,3025315,,2022-07-10,32856,87.9,,9529,45,90,kg,87.9
505787,500736,500043,3038553,,2022-07-10,32856,31.1,,9531,18.5,25,kg/m2,31.1
505788,500737,500043,3004410,,2022-10-09,32856,6.7,,8554,4,5.6,%,6.7
505789,500737,500043,3004501,,2022-10-09,32856,139,,8840,70,99,mg/dL,139.0
505790,500737,500043,3004249,,2022-10-09,32856,114,,8876,90,130,mmHg,114.0
505791,500737,500043,3012888,,2022-10-09,32856,68,,8876,60,85,mmHg,68.0
505792,500737,500043,3025315,,2022-10-09,32856,87.7,,9529,45,90,kg,87.7
505793,500737,500043,3038553,,2022-10-09,32856,31.1,,9531,18.5,25,kg/m2,31.1
505794,500738,500044,3036277,,2022-04-25,32856,173.1,,8582,150,185,cm,173.1
505795,500738,500044,3004410,,2022-04-25,32856,7,,8554,4,5.6,%,7.0
505796,500738,500044,3004501,,2022-04-25,32856,133,,8840,70,99,mg/dL,133.0
505797,500738,500044,3004249,,2022-04-25,32856,109,,8876,90,130,mmHg,109.0
505798,500738,500044,3012888,,2022-04-25,32856,87,,8876,60,85,mmHg,87.0
505799,500738,500044,3025315,,2022-04-25,32856,90.8,,9529,45,90,kg,90.8
505800,500738,500044,3038553,,2022-04-25,32856,30.3,,9531,18.5,25,kg/m2,30.3
505801,500738,500044,3022192,,2022-04-25,32856,176.2,,8840,0,150,mg/dL,176.2
505802,500738,500044,3007070,,2022-04-25,32856,52,,8840,40,60,mg/dL,52.0
505803,500738,500044,3028437,,2022-04-25,32856,134.7,,8840,0,130,mg/dL,134.7
505804,500738,500044,3013721,,2022-04-25,32856,49.1,,8645,0,40,U/L,49.1
505805,500738,500044,3006923,,2022-04-25,32856,53.3,,8645,0,40,U/L,53.3
505806,500738,500044,3016723,,2022-04-25,32856,1.33,,8840,0.6,1.2,mg/dL,1.33
505807,500738,500044,3049187,,2022-04-25,32856,98.2,,9550,90,130,mL/min/1.73m2,98.2
505808,500739,500044,3004410,,2022-07-28,32856,6.5,,8554,4,5.6,%,6.5
505809,500739,500044,3004501,,2022-07-28,32856,143,,8840,70,99,mg/dL,143.0
505810,500739,500044,3004249,,2022-07-28,32856,125,,8876,90,130,mmHg,125.0
505811,500739,500044,3012888,,2022-07-28,32856,72,,8876,60,85,mmHg,72.0
505812,500739,500044,3025315,,2022-07-28,32856,91.6,,9529,45,90,kg,91.6
505813,500739,500044,3038553,,2022-07-28,32856,30.6,,9531,18.5,25,kg/m2,30.6
505814,500740,500044,3004410,,2022-10-25,32856,6.5,,8554,4,5.6,%,6.5
505815,500740,500044,3004501,,2022-10-25,32856,115,,8840,70,99,mg/dL,115.0
505816,500740,500044,3004249,,2022-10-25,32856,112,,8876,90,130,mmHg,112.0
505817,500740,500044,3012888,,2022-10-25,32856,63,,8876,60,85,mmHg,63.0
505818,500740,500044,3025315,,2022-10-25,32856,92.6,,9529,45,90,kg,92.6
505819,500740,500044,3038553,,2022-10-25,32856,30.9,,9531,18.5,25,kg/m2,30.9
505820,500741,500044,3004410,,2023-01-21,32856,6.6,,8554,4,5.6,%,6.6
505821,500741,500044,3004501,,2023-01-21,32856,117,,8840,70,99,mg/dL,117.0
505822,500741,500044,3004249,,2023-01-21,32856,114,,8876,90,130,mmHg,114.0
505823,500741,500044,3012888,,2023-01-21,32856,54,,8876,60,85,mmHg,54.0
505824,500741,500044,3025315,,2023-01-21,32856,94.3,,9529,45,90,kg,94.3
505825,500741,500044,3038553,,2023-01-21,32856,31.5,,9531,18.5,25,kg/m2,31.5
505826,500742,500044,3004410,,2023-04-19,32856,6.5,,8554,4,5.6,%,6.5
505827,500742,500044,3004501,,2023-04-19,32856,118,,8840,70,99,mg/dL,118.0
505828,500742,500044,3004249,,2023-04-19,32856,105,,8876,90,130,mmHg,105.0
505829,500742,500044,3012888,,2023-04-19,32856,61,,8876,60,85,mmHg,61.0
505830,500742,500044,3025315,,2023-04-19,32856,93.3,,9529,45,90,kg,93.3
505831,500742,500044,3038553,,2023-04-19,32856,31.1,,9531,18.5,25,kg/m2,31.1
505832,500742,500044,3022192,,2023-04-19,32856,153.7,,8840,0,150,mg/dL,153.7
505833,500742,500044,3007070,,2023-04-19,32856,39.7,,8840,40,60,mg/dL,39.7
505834,500742,500044,3028437,,2023-04-19,32856,110.7,,8840,0,130,mg/dL,110.7
505835,500742,500044,3013721,,2023-04-19,32856,54.8,,8645,0,40,U/L,54.8
505836,500742,500044,3006923,,2023-04-19,32856,71.5,,8645,0,40,U/L,71.5
505837,500742,500044,3016723,,2023-04-19,32856,0.64,,8840,0.6,1.2,mg/dL,0.64
505838,500742,500044,3049187,,2023-04-19,32856,88.7,,9550,90,130,mL/min/1.73m2,88.7
505839,500743,500044,3004410,,2023-07-26,32856,6.4,,8554,4,5.6,%,6.4
505840,500743,500044,3004501,,2023-07-26,32856,111,,8840,70,99,mg/dL,111.0
505841,500743,500044,3004249,,2023-07-26,32856,126,,8876,90,130,mmHg,126.0
505842,500743,500044,3012888,,2023-07-26,32856,79,,8876,60,85,mmHg,79.0
505843,500743,500044,3025315,,2023-07-26,32856,94.4,,9529,45,90,kg,94.4
505844,500743,500044,3038553,,2023-07-26,32856,31.5,,9531,18.5,25,kg/m2,31.5
505845,500744,500044,3004410,,2023-10-29,32856,5.7,,8554,4,5.6,%,5.7
505846,500744,500044,3004501,,2023-10-29,32856,129,,8840,70,99,mg/dL,129.0
505847,500744,500044,3004249,,2023-10-29,32856,135,,8876,90,130,mmHg,135.0
505848,500744,500044,3012888,,2023-10-29,32856,84,,8876,60,85,mmHg,84.0
505849,500744,500044,3025315,,2023-10-29,32856,93.4,,9529,45,90,kg,93.4
505850,500744,500044,3038553,,2023-10-29,32856,31.2,,9531,18.5,25,kg/m2,31.2
505851,500745,500044,3004410,,2024-01-24,32856,5.6,,8554,4,5.6,%,5.6
505852,500745,500044,3004501,,2024-01-24,32856,109,,8840,70,99,mg/dL,109.0
505853,500745,500044,3004249,,2024-01-24,32856,125,,8876,90,130,mmHg,125.0
505854,500745,500044,3012888,,2024-01-24,32856,72,,8876,60,85,mmHg,72.0
505855,500745,500044,3025315,,2024-01-24,32856,92.5,,9529,45,90,kg,92.5
505856,500745,500044,3038553,,2024-01-24,32856,30.9,,9531,18.5,25,kg/m2,30.9
505857,500746,500044,3004410,,2024-04-21,32856,6.1,,8554,4,5.6,%,6.1
505858,500746,500044,3004501,,2024-04-21,32856,106,,8840,70,99,mg/dL,106.0
505859,500746,500044,3004249,,2024-04-21,32856,130,,8876,90,130,mmHg,130.0
505860,500746,500044,3012888,,2024-04-21,32856,88,,8876,60,85,mmHg,88.0
505861,500746,500044,3025315,,2024-04-21,32856,91.8,,9529,45,90,kg,91.8
505862,500746,500044,3038553,,2024-04-21,32856,30.6,,9531,18.5,25,kg/m2,30.6
505863,500746,500044,3022192,,2024-04-21,32856,39.5,,8840,0,150,mg/dL,39.5
505864,500746,500044,3007070,,2024-04-21,32856,58,,8840,40,60,mg/dL,58.0
505865,500746,500044,3028437,,2024-04-21,32856,74.1,,8840,0,130,mg/dL,74.1
505866,500746,500044,3013721,,2024-04-21,32856,24.9,,8645,0,40,U/L,24.9
505867,500746,500044,3006923,,2024-04-21,32856,72.9,,8645,0,40,U/L,72.9
505868,500746,500044,3016723,,2024-04-21,32856,0.89,,8840,0.6,1.2,mg/dL,0.89
505869,500746,500044,3049187,,2024-04-21,32856,68.2,,9550,90,130,mL/min/1.73m2,68.2
505870,500747,500044,3004410,,2024-07-14,32856,6,,8554,4,5.6,%,6.0
505871,500747,500044,3004501,,2024-07-14,32856,109,,8840,70,99,mg/dL,109.0
505872,500747,500044,3004249,,2024-07-14,32856,120,,8876,90,130,mmHg,120.0
505873,500747,500044,3012888,,2024-07-14,32856,76,,8876,60,85,mmHg,76.0
505874,500747,500044,3025315,,2024-07-14,32856,91.4,,9529,45,90,kg,91.4
505875,500747,500044,3038553,,2024-07-14,32856,30.5,,9531,18.5,25,kg/m2,30.5
505876,500748,500044,3004410,,2024-10-18,32856,6.2,,8554,4,5.6,%,6.2
505877,500748,500044,3004501,,2024-10-18,32856,100,,8840,70,99,mg/dL,100.0
505878,500748,500044,3004249,,2024-10-18,32856,126,,8876,90,130,mmHg,126.0
505879,500748,500044,3012888,,2024-10-18,32856,70,,8876,60,85,mmHg,70.0
505880,500748,500044,3025315,,2024-10-18,32856,91.9,,9529,45,90,kg,91.9
505881,500748,500044,3038553,,2024-10-18,32856,30.7,,9531,18.5,25,kg/m2,30.7
505882,500749,500044,3004410,,2025-01-23,32856,6.5,,8554,4,5.6,%,6.5
505883,500749,500044,3004501,,2025-01-23,32856,102,,8840,70,99,mg/dL,102.0
505884,500749,500044,3004249,,2025-01-23,32856,105,,8876,90,130,mmHg,105.0
505885,500749,500044,3012888,,2025-01-23,32856,79,,8876,60,85,mmHg,79.0
505886,500749,500044,3025315,,2025-01-23,32856,91.8,,9529,45,90,kg,91.8
505887,500749,500044,3038553,,2025-01-23,32856,30.6,,9531,18.5,25,kg/m2,30.6
505888,500750,500044,3004410,,2025-04-25,32856,6.8,,8554,4,5.6,%,6.8
505889,500750,500044,3004501,,2025-04-25,32856,137,,8840,70,99,mg/dL,137.0
505890,500750,500044,3004249,,2025-04-25,32856,120,,8876,90,130,mmHg,120.0
505891,500750,500044,3012888,,2025-04-25,32856,73,,8876,60,85,mmHg,73.0
505892,500750,500044,3025315,,2025-04-25,32856,93,,9529,45,90,kg,93.0
505893,500750,500044,3038553,,2025-04-25,32856,31,,9531,18.5,25,kg/m2,31.0
505894,500750,500044,3022192,,2025-04-25,32856,201.4,,8840,0,150,mg/dL,201.4
505895,500750,500044,3007070,,2025-04-25,32856,30.7,,8840,40,60,mg/dL,30.7
505896,500750,500044,3028437,,2025-04-25,32856,123.9,,8840,0,130,mg/dL,123.9
505897,500750,500044,3013721,,2025-04-25,32856,23.9,,8645,0,40,U/L,23.9
505898,500750,500044,3006923,,2025-04-25,32856,37.1,,8645,0,40,U/L,37.1
505899,500750,500044,3016723,,2025-04-25,32856,0.95,,8840,0.6,1.2,mg/dL,0.95
505900,500750,500044,3049187,,2025-04-25,32856,67.7,,9550,90,130,mL/min/1.73m2,67.7
505901,500751,500044,3004410,,2025-07-21,32856,6.8,,8554,4,5.6,%,6.8
505902,500751,500044,3004501,,2025-07-21,32856,138,,8840,70,99,mg/dL,138.0
505903,500751,500044,3004249,,2025-07-21,32856,131,,8876,90,130,mmHg,131.0
505904,500751,500044,3012888,,2025-07-21,32856,64,,8876,60,85,mmHg,64.0
505905,500751,500044,3025315,,2025-07-21,32856,93.5,,9529,45,90,kg,93.5
505906,500751,500044,3038553,,2025-07-21,32856,31.2,,9531,18.5,25,kg/m2,31.2
505907,500752,500044,3004410,,2025-10-22,32856,6.4,,8554,4,5.6,%,6.4
505908,500752,500044,3004501,,2025-10-22,32856,134,,8840,70,99,mg/dL,134.0
505909,500752,500044,3004249,,2025-10-22,32856,130,,8876,90,130,mmHg,130.0
505910,500752,500044,3012888,,2025-10-22,32856,78,,8876,60,85,mmHg,78.0
505911,500752,500044,3025315,,2025-10-22,32856,93.8,,9529,45,90,kg,93.8
505912,500752,500044,3038553,,2025-10-22,32856,31.3,,9531,18.5,25,kg/m2,31.3
505913,500753,500044,3004410,,2026-01-26,32856,6.6,,8554,4,5.6,%,6.6
505914,500753,500044,3004501,,2026-01-26,32856,105,,8840,70,99,mg/dL,105.0
505915,500753,500044,3004249,,2026-01-26,32856,133,,8876,90,130,mmHg,133.0
505916,500753,500044,3012888,,2026-01-26,32856,76,,8876,60,85,mmHg,76.0
505917,500753,500044,3025315,,2026-01-26,32856,91.8,,9529,45,90,kg,91.8
505918,500753,500044,3038553,,2026-01-26,32856,30.6,,9531,18.5,25,kg/m2,30.6
505919,500754,500044,3004410,,2026-04-28,32856,6,,8554,4,5.6,%,6.0
505920,500754,500044,3004501,,2026-04-28,32856,89,,8840,70,99,mg/dL,89.0
505921,500754,500044,3004249,,2026-04-28,32856,111,,8876,90,130,mmHg,111.0
505922,500754,500044,3012888,,2026-04-28,32856,80,,8876,60,85,mmHg,80.0
505923,500754,500044,3025315,,2026-04-28,32856,92.4,,9529,45,90,kg,92.4
505924,500754,500044,3038553,,2026-04-28,32856,30.8,,9531,18.5,25,kg/m2,30.8
505925,500754,500044,3022192,,2026-04-28,32856,74.8,,8840,0,150,mg/dL,74.8
505926,500754,500044,3007070,,2026-04-28,32856,73.8,,8840,40,60,mg/dL,73.8
505927,500754,500044,3028437,,2026-04-28,32856,147,,8840,0,130,mg/dL,147.0
505928,500754,500044,3013721,,2026-04-28,32856,57.2,,8645,0,40,U/L,57.2
505929,500754,500044,3006923,,2026-04-28,32856,63.1,,8645,0,40,U/L,63.1
505930,500754,500044,3016723,,2026-04-28,32856,1.48,,8840,0.6,1.2,mg/dL,1.48
505931,500754,500044,3049187,,2026-04-28,32856,87.7,,9550,90,130,mL/min/1.73m2,87.7
505932,500755,500044,3004410,,2026-07-21,32856,6.9,,8554,4,5.6,%,6.9
505933,500755,500044,3004501,,2026-07-21,32856,136,,8840,70,99,mg/dL,136.0
505934,500755,500044,3004249,,2026-07-21,32856,136,,8876,90,130,mmHg,136.0
505935,500755,500044,3012888,,2026-07-21,32856,72,,8876,60,85,mmHg,72.0
505936,500755,500044,3025315,,2026-07-21,32856,92.5,,9529,45,90,kg,92.5
505937,500755,500044,3038553,,2026-07-21,32856,30.9,,9531,18.5,25,kg/m2,30.9
505938,500756,500045,3036277,,2021-04-20,32856,171.6,,8582,150,185,cm,171.6
505939,500756,500045,3004410,,2021-04-20,32856,9.1,,8554,4,5.6,%,9.1
505940,500756,500045,3004501,,2021-04-20,32856,195,,8840,70,99,mg/dL,195.0
505941,500756,500045,3004249,,2021-04-20,32856,126,,8876,90,130,mmHg,126.0
505942,500756,500045,3012888,,2021-04-20,32856,79,,8876,60,85,mmHg,79.0
505943,500756,500045,3025315,,2021-04-20,32856,75.1,,9529,45,90,kg,75.1
505944,500756,500045,3038553,,2021-04-20,32856,25.5,,9531,18.5,25,kg/m2,25.5
505945,500756,500045,3022192,,2021-04-20,32856,153.5,,8840,0,150,mg/dL,153.5
505946,500756,500045,3007070,,2021-04-20,32856,41.2,,8840,40,60,mg/dL,41.2
505947,500756,500045,3028437,,2021-04-20,32856,111.3,,8840,0,130,mg/dL,111.3
505948,500756,500045,3013721,,2021-04-20,32856,15.2,,8645,0,40,U/L,15.2
505949,500756,500045,3006923,,2021-04-20,32856,0,,8645,0,40,U/L,0
505950,500756,500045,3016723,,2021-04-20,32856,0.71,,8840,0.6,1.2,mg/dL,0.71
505951,500756,500045,3049187,,2021-04-20,32856,116.3,,9550,90,130,mL/min/1.73m2,116.3
505952,500757,500045,3004410,,2021-07-23,32856,8.4,,8554,4,5.6,%,8.4
505953,500757,500045,3004501,,2021-07-23,32856,184,,8840,70,99,mg/dL,184.0
505954,500757,500045,3004249,,2021-07-23,32856,117,,8876,90,130,mmHg,117.0
505955,500757,500045,3012888,,2021-07-23,32856,68,,8876,60,85,mmHg,68.0
505956,500757,500045,3025315,,2021-07-23,32856,75.9,,9529,45,90,kg,75.9
505957,500757,500045,3038553,,2021-07-23,32856,25.8,,9531,18.5,25,kg/m2,25.8
505958,500758,500045,3004410,,2021-10-19,32856,8.5,,8554,4,5.6,%,8.5
505959,500758,500045,3004501,,2021-10-19,32856,188,,8840,70,99,mg/dL,188.0
505960,500758,500045,3004249,,2021-10-19,32856,139,,8876,90,130,mmHg,139.0
505961,500758,500045,3012888,,2021-10-19,32856,72,,8876,60,85,mmHg,72.0
505962,500758,500045,3025315,,2021-10-19,32856,75.4,,9529,45,90,kg,75.4
505963,500758,500045,3038553,,2021-10-19,32856,25.6,,9531,18.5,25,kg/m2,25.6
505964,500759,500045,3004410,,2022-01-20,32856,8,,8554,4,5.6,%,8.0
505965,500759,500045,3004501,,2022-01-20,32856,152,,8840,70,99,mg/dL,152.0
505966,500759,500045,3004249,,2022-01-20,32856,119,,8876,90,130,mmHg,119.0
505967,500759,500045,3012888,,2022-01-20,32856,72,,8876,60,85,mmHg,72.0
505968,500759,500045,3025315,,2022-01-20,32856,75.8,,9529,45,90,kg,75.8
505969,500759,500045,3038553,,2022-01-20,32856,25.7,,9531,18.5,25,kg/m2,25.7
505970,500760,500045,3004410,,2022-04-19,32856,7.6,,8554,4,5.6,%,7.6
505971,500760,500045,3004501,,2022-04-19,32856,164,,8840,70,99,mg/dL,164.0
505972,500760,500045,3004249,,2022-04-19,32856,102,,8876,90,130,mmHg,102.0
505973,500760,500045,3012888,,2022-04-19,32856,85,,8876,60,85,mmHg,85.0
505974,500760,500045,3025315,,2022-04-19,32856,76.7,,9529,45,90,kg,76.7
505975,500760,500045,3038553,,2022-04-19,32856,26,,9531,18.5,25,kg/m2,26.0
505976,500760,500045,3022192,,2022-04-19,32856,97.9,,8840,0,150,mg/dL,97.9
505977,500760,500045,3007070,,2022-04-19,32856,33,,8840,40,60,mg/dL,33.0
505978,500760,500045,3028437,,2022-04-19,32856,145.1,,8840,0,130,mg/dL,145.1
505979,500760,500045,3013721,,2022-04-19,32856,0,,8645,0,40,U/L,0
505980,500760,500045,3006923,,2022-04-19,32856,43,,8645,0,40,U/L,43.0
505981,500760,500045,3016723,,2022-04-19,32856,1.19,,8840,0.6,1.2,mg/dL,1.19
505982,500760,500045,3049187,,2022-04-19,32856,74.7,,9550,90,130,mL/min/1.73m2,74.7
505983,500761,500045,3004410,,2022-07-14,32856,7.1,,8554,4,5.6,%,7.1
505984,500761,500045,3004501,,2022-07-14,32856,129,,8840,70,99,mg/dL,129.0
505985,500761,500045,3004249,,2022-07-14,32856,123,,8876,90,130,mmHg,123.0
505986,500761,500045,3012888,,2022-07-14,32856,77,,8876,60,85,mmHg,77.0
505987,500761,500045,3025315,,2022-07-14,32856,75.9,,9529,45,90,kg,75.9
505988,500761,500045,3038553,,2022-07-14,32856,25.8,,9531,18.5,25,kg/m2,25.8
505989,500762,500045,3004410,,2022-10-20,32856,7.3,,8554,4,5.6,%,7.3
505990,500762,500045,3004501,,2022-10-20,32856,148,,8840,70,99,mg/dL,148.0
505991,500762,500045,3004249,,2022-10-20,32856,143,,8876,90,130,mmHg,143.0
505992,500762,500045,3012888,,2022-10-20,32856,72,,8876,60,85,mmHg,72.0
505993,500762,500045,3025315,,2022-10-20,32856,76.5,,9529,45,90,kg,76.5
505994,500762,500045,3038553,,2022-10-20,32856,26,,9531,18.5,25,kg/m2,26.0
505995,500763,500045,3004410,,2023-01-13,32856,7.3,,8554,4,5.6,%,7.3
505996,500763,500045,3004501,,2023-01-13,32856,138,,8840,70,99,mg/dL,138.0
505997,500763,500045,3004249,,2023-01-13,32856,127,,8876,90,130,mmHg,127.0
505998,500763,500045,3012888,,2023-01-13,32856,73,,8876,60,85,mmHg,73.0
505999,500763,500045,3025315,,2023-01-13,32856,76.2,,9529,45,90,kg,76.2
506000,500763,500045,3038553,,2023-01-13,32856,25.9,,9531,18.5,25,kg/m2,25.9
506001,500764,500045,3004501,,2023-02-01,32856,37,,8840,70,99,mg/dL,37.0
506002,500765,500045,3004410,,2023-04-07,32856,8,,8554,4,5.6,%,8.0
506003,500765,500045,3004501,,2023-04-07,32856,160,,8840,70,99,mg/dL,160.0
506004,500765,500045,3004249,,2023-04-07,32856,119,,8876,90,130,mmHg,119.0
506005,500765,500045,3012888,,2023-04-07,32856,81,,8876,60,85,mmHg,81.0
506006,500765,500045,3025315,,2023-04-07,32856,78.4,,9529,45,90,kg,78.4
506007,500765,500045,3038553,,2023-04-07,32856,26.6,,9531,18.5,25,kg/m2,26.6
506008,500765,500045,3022192,,2023-04-07,32856,205.7,,8840,0,150,mg/dL,205.7
506009,500765,500045,3007070,,2023-04-07,32856,33.9,,8840,40,60,mg/dL,33.9
506010,500765,500045,3028437,,2023-04-07,32856,200.7,,8840,0,130,mg/dL,200.7
506011,500765,500045,3013721,,2023-04-07,32856,33.6,,8645,0,40,U/L,33.6
506012,500765,500045,3006923,,2023-04-07,32856,76.8,,8645,0,40,U/L,76.8
506013,500765,500045,3016723,,2023-04-07,32856,0.59,,8840,0.6,1.2,mg/dL,0.59
506014,500765,500045,3049187,,2023-04-07,32856,86.3,,9550,90,130,mL/min/1.73m2,86.3
506015,500766,500045,3004410,,2023-07-07,32856,7,,8554,4,5.6,%,7.0
506016,500766,500045,3004501,,2023-07-07,32856,143,,8840,70,99,mg/dL,143.0
506017,500766,500045,3004249,,2023-07-07,32856,126,,8876,90,130,mmHg,126.0
506018,500766,500045,3012888,,2023-07-07,32856,78,,8876,60,85,mmHg,78.0
506019,500766,500045,3025315,,2023-07-07,32856,77.7,,9529,45,90,kg,77.7
506020,500766,500045,3038553,,2023-07-07,32856,26.4,,9531,18.5,25,kg/m2,26.4
506021,500767,500045,3004410,,2023-10-08,32856,7.1,,8554,4,5.6,%,7.1
506022,500767,500045,3004501,,2023-10-08,32856,155,,8840,70,99,mg/dL,155.0
506023,500767,500045,3004249,,2023-10-08,32856,131,,8876,90,130,mmHg,131.0
506024,500767,500045,3012888,,2023-10-08,32856,102,,8876,60,85,mmHg,102.0
506025,500767,500045,3025315,,2023-10-08,32856,77.2,,9529,45,90,kg,77.2
506026,500767,500045,3038553,,2023-10-08,32856,26.2,,9531,18.5,25,kg/m2,26.2
506027,500768,500045,3004410,,2024-01-11,32856,6.8,,8554,4,5.6,%,6.8
506028,500768,500045,3004501,,2024-01-11,32856,138,,8840,70,99,mg/dL,138.0
506029,500768,500045,3004249,,2024-01-11,32856,118,,8876,90,130,mmHg,118.0
506030,500768,500045,3012888,,2024-01-11,32856,96,,8876,60,85,mmHg,96.0
506031,500768,500045,3025315,,2024-01-11,32856,78,,9529,45,90,kg,78.0
506032,500768,500045,3038553,,2024-01-11,NOT_A_NUMBER,26.5,,9531,18.5,25,kg/m2,26.5
506033,500769,500045,3004410,,2024-04-14,32856,8,,8554,4,5.6,%,8.0
506034,500769,500045,3004501,,2024-04-14,32856,146,,8840,70,99,mg/dL,146.0
506035,500769,500045,3004249,,2024-04-14,32856,107,,8876,90,130,mmHg,107.0
506036,500769,500045,3012888,,2024-04-14,32856,76,,8876,60,85,mmHg,76.0
506037,500769,500045,3025315,,2024-04-14,32856,78.8,,9529,45,90,kg,78.8
506038,500769,500045,3038553,,2024-04-14,32856,26.8,,9531,18.5,25,kg/m2,26.8
506039,500769,500045,3022192,,2024-04-14,32856,281,,8840,0,150,mg/dL,281.0
506040,500769,500045,3007070,,2024-04-14,32856,37.9,,8840,40,60,mg/dL,37.9
506041,500769,500045,3028437,,2024-04-14,32856,86.2,,8840,0,130,mg/dL,86.2
506042,500769,500045,3013721,,2024-04-14,32856,34.4,,8645,0,40,U/L,34.4
506043,500769,500045,3006923,,2024-04-14,32856,60.6,,8645,0,40,U/L,60.6
506044,500769,500045,3016723,,2024-04-14,32856,1.1,,8840,0.6,1.2,mg/dL,1.1
506045,500769,500045,3049187,,2024-04-14,32856,80,,9550,90,130,mL/min/1.73m2,80.0
506046,500770,500046,3036277,,2020-03-11,32856,177.7,,8582,150,185,cm,177.7
506047,500770,500046,3004410,,2020-03-11,32856,6.8,,8554,4,5.6,%,6.8
506048,500770,500046,3004501,,2020-03-11,32856,146,,8840,70,99,mg/dL,146.0
506049,500770,500046,3004249,,2020-03-11,32856,115,,8876,90,130,mmHg,115.0
506050,500770,500046,3012888,,2020-03-11,32856,73,,8876,60,85,mmHg,73.0
506051,500770,500046,3025315,,2020-03-11,32856,83.4,,9529,45,90,kg,83.4
506052,500770,500046,3038553,,2020-03-11,32856,26.4,,9531,18.5,25,kg/m2,26.4
506053,500770,500046,3022192,,2020-03-11,32856,88.5,,8840,0,150,mg/dL,88.5
506054,500770,500046,3007070,,2020-03-11,32856,39.8,,8840,40,60,mg/dL,39.8
506055,500770,500046,3028437,,2020-03-11,32856,116.1,,8840,0,130,mg/dL,116.1
506056,500770,500046,3013721,,2020-03-11,32856,0,,8645,0,40,U/L,0
506057,500770,500046,3006923,,2020-03-11,32856,47.7,,8645,0,40,U/L,47.7
506058,500770,500046,3016723,,2020-03-11,32856,0.91,,8840,0.6,1.2,mg/dL,0.91
506059,500770,500046,3049187,,2020-03-11,32856,66.8,,9550,90,130,mL/min/1.73m2,66.8
506060,500771,500046,3004410,,2020-06-10,32856,6.7,,8554,4,5.6,%,6.7
506061,500771,500046,3004501,,2020-06-10,32856,137,,8840,70,99,mg/dL,137.0
506062,500771,500046,3004249,,2020-06-10,32856,135,,8876,90,130,mmHg,135.0
506063,500771,500046,3012888,,2020-06-10,32856,78,,8876,60,85,mmHg,78.0
506064,500771,500046,3025315,,2020-06-10,32856,83.7,,9529,45,90,kg,83.7
506065,500771,500046,3038553,,2020-06-10,32856,26.5,,9531,18.5,25,kg/m2,26.5
506066,500772,500046,3004410,,2020-09-06,32856,6.6,,8554,4,5.6,%,6.6
506067,500772,500046,3004501,,2020-09-06,32856,130,,8840,70,99,mg/dL,130.0
506068,500772,500046,3004249,,2020-09-06,32856,136,,8876,90,130,mmHg,136.0
506069,500772,500046,3012888,,2020-09-06,32856,72,,8876,60,85,mmHg,72.0
506070,500772,500046,3025315,,2020-09-06,32856,85.3,,9529,45,90,kg,85.3
506071,500772,500046,3038553,,2020-09-06,32856,27,,9531,18.5,25,kg/m2,27.0
506072,500773,500046,3004410,,2020-12-08,32856,6.5,,8554,4,5.6,%,6.5
506073,500773,500046,3004501,,2020-12-08,32856,114,,8840,70,99,mg/dL,114.0
506074,500773,500046,3004249,,2020-12-08,32856,130,,8876,90,130,mmHg,130.0
506075,500773,500046,3012888,,2020-12-08,32856,79,,8876,60,85,mmHg,79.0
506076,500773,500046,3025315,,2020-12-08,32856,85.7,,9529,45,90,kg,85.7
506077,500773,500046,3038553,,2020-12-08,32856,27.1,,9531,18.5,25,kg/m2,27.1
506078,500774,500046,3004410,,2021-03-08,32856,6.8,,8554,4,5.6,%,6.8
506079,500774,500046,3004501,,2021-03-08,32856,111,,8840,70,99,mg/dL,111.0
506080,500774,500046,3004249,,2021-03-08,32856,115,,8876,90,130,mmHg,115.0
506081,500774,500046,3012888,,2021-03-08,32856,83,,8876,60,85,mmHg,83.0
506082,500774,500046,3025315,,2021-03-08,32856,85,,9529,45,90,kg,85.0
506083,500774,500046,3038553,,2021-03-08,32856,26.9,,9531,18.5,25,kg/m2,26.9
506084,500774,500046,3022192,,2021-03-08,32856,162.6,,8840,0,150,mg/dL,162.6
506085,500774,500046,3007070,,2021-03-08,32856,55.4,,8840,40,60,mg/dL,55.4
506086,500774,500046,3028437,,2021-03-08,32856,109,,8840,0,130,mg/dL,109.0
506087,500774,500046,3013721,,2021-03-08,32856,24.2,,8645,0,40,U/L,24.2
506088,500774,500046,3006923,,2021-03-08,32856,0,,8645,0,40,U/L,0
506089,500774,500046,3016723,,2021-03-08,32856,0.67,,8840,0.6,1.2,mg/dL,0.67
506090,500774,500046,3049187,,2021-03-08,32856,75.5,,9550,90,130,mL/min/1.73m2,75.5
506091,500775,500046,3004410,,2021-06-05,32856,6.4,,8554,4,5.6,%,6.4
506092,500775,500046,3004501,,2021-06-05,32856,130,,8840,70,99,mg/dL,130.0
506093,500775,500046,3004249,,2021-06-05,32856,107,,8876,90,130,mmHg,107.0
506094,500775,500046,3012888,,2021-06-05,32856,86,,8876,60,85,mmHg,86.0
506095,500775,500046,3025315,,2021-06-05,32856,85.5,,9529,45,90,kg,85.5
506096,500775,500046,3038553,,2021-06-05,32856,27.1,,9531,18.5,25,kg/m2,27.1
506097,500776,500046,3004410,,2021-09-11,32856,6.2,,8554,4,5.6,%,6.2
506098,500776,500046,3004501,,2021-09-11,32856,103,,8840,70,99,mg/dL,103.0
506099,500776,500046,3004249,,2021-09-11,32856,116,,8876,90,130,mmHg,116.0
506100,500776,500046,3012888,,2021-09-11,32856,73,,8876,60,85,mmHg,73.0
506101,500776,500046,3025315,,2021-09-11,32856,86.1,,9529,45,90,kg,86.1
506102,500776,500046,3038553,,2021-09-11,32856,27.3,,9531,18.5,25,kg/m2,27.3
506103,500777,500046,3004410,,2021-12-04,32856,5.9,,8554,4,5.6,%,5.9
506104,500777,500046,3004501,,2021-12-04,32856,92,,8840,70,99,mg/dL,92.0
506105,500777,500046,3004249,,2021-12-04,32856,121,,8876,90,130,mmHg,121.0
506106,500777,500046,3012888,,2021-12-04,32856,64,,8876,60,85,mmHg,64.0
506107,500777,500046,3025315,,2021-12-04,32856,85.6,,9529,45,90,kg,85.6
506108,500777,500046,3038553,,2021-12-04,32856,27.1,,9531,18.5,25,kg/m2,27.1
506109,500778,500046,3004410,,2022-02-26,32856,5.9,,8554,4,5.6,%,5.9
506110,500778,500046,3004501,,2022-02-26,32856,87,,8840,70,99,mg/dL,87.0
506111,500778,500046,3004249,,2022-02-26,32856,121,,8876,90,130,mmHg,121.0
506112,500778,500046,3012888,,2022-02-26,32856,78,,8876,60,85,mmHg,78.0
506113,500778,500046,3025315,,2022-02-26,32856,86.8,,9529,45,90,kg,86.8
506114,500778,500046,3038553,,2022-02-26,32856,27.5,,9531,18.5,25,kg/m2,27.5
506115,500778,500046,3022192,,2022-02-26,32856,116.6,,8840,0,150,mg/dL,116.6
506116,500778,500046,3007070,,2022-02-26,32856,46.9,,8840,40,60,mg/dL,46.9
506117,500778,500046,3028437,,2022-02-26,32856,152.8,,8840,0,130,mg/dL,152.8
506118,500778,500046,3013721,,2022-02-26,32856,32.1,,8645,0,40,U/L,32.1
506119,500778,500046,3006923,,2022-02-26,32856,62.5,,8645,0,40,U/L,62.5
506120,500778,500046,3016723,,2022-02-26,32856,0.51,,8840,0.6,1.2,mg/dL,0.51
506121,500778,500046,3049187,,2022-02-26,32856,89.9,,9550,90,130,mL/min/1.73m2,89.9
506122,500779,500046,3004410,,2022-05-24,32856,5.6,,8554,4,5.6,%,5.6
506123,500779,500046,3004501,,2022-05-24,32856,74,,8840,70,99,mg/dL,74.0
506124,500779,500046,3004249,,2022-05-24,32856,117,,8876,90,130,mmHg,117.0
506125,500779,500046,3012888,,2022-05-24,32856,66,,8876,60,85,mmHg,66.0
506126,500779,500046,3025315,,2022-05-24,32856,88.1,,9529,45,90,kg,88.1
506127,500779,500046,3038553,,2022-05-24,32856,27.9,,9531,18.5,25,kg/m2,27.9
506128,500780,500046,3004410,,2022-08-21,32856,5.5,,8554,4,5.6,%,5.5
506129,500780,500046,3004501,,2022-08-21,32856,125,,8840,70,99,mg/dL,125.0
506130,500780,500046,3004249,,2022-08-21,32856,139,,8876,90,130,mmHg,139.0
506131,500780,500046,3012888,,2022-08-21,32856,86,,8876,60,85,mmHg,86.0
506132,500780,500046,3025315,,2022-08-21,32856,89.4,,9529,45,90,kg,89.4
506133,500780,500046,3038553,,2022-08-21,32856,28.3,,9531,18.5,25,kg/m2,28.3
506134,500781,500046,3004410,,2022-11-19,32856,6,,8554,4,5.6,%,6.0
506135,500781,500046,3004501,,2022-11-19,32856,95,,8840,70,99,mg/dL,95.0
506136,500781,500046,3004249,,2022-11-19,32856,132,,8876,90,130,mmHg,132.0
506137,500781,500046,3012888,,2022-11-19,32856,68,,8876,60,85,mmHg,68.0
506138,500781,500046,3025315,,2022-11-19,32856,90.8,,9529,45,90,kg,90.8
506139,500781,500046,3038553,,2022-11-19,32856,28.8,,9531,18.5,25,kg/m2,28.8
506140,500782,500046,3004410,,2023-02-15,32856,6.3,,8554,4,5.6,%,6.3
506141,500782,500046,3004501,,2023-02-15,32856,129,,8840,70,99,mg/dL,129.0
506142,500782,500046,3004249,,2023-02-15,32856,131,,8876,90,130,mmHg,131.0
506143,500782,500046,3012888,,2023-02-15,32856,83,,8876,60,85,mmHg,83.0
506144,500782,500046,3025315,,2023-02-15,32856,89.2,,9529,45,90,kg,89.2
506145,500782,500046,3038553,,2023-02-15,32856,28.2,,9531,18.5,25,kg/m2,28.2
506146,500782,500046,3022192,,2023-02-15,32856,248,,8840,0,150,mg/dL,248.0
506147,500782,500046,3007070,,2023-02-15,32856,52.5,,8840,40,60,mg/dL,52.5
506148,500782,500046,3028437,,2023-02-15,32856,183.2,,8840,0,130,mg/dL,183.2
506149,500782,500046,3013721,,2023-02-15,32856,28.1,,8645,0,40,U/L,28.1
506150,500782,500046,3006923,,2023-02-15,32856,34.7,,8645,0,40,U/L,34.7
506151,500782,500046,3016723,,2023-02-15,32856,1.21,,8840,0.6,1.2,mg/dL,1.21
506152,500782,500046,3049187,,2023-02-15,32856,82.2,,9550,90,130,mL/min/1.73m2,82.2
506153,500783,500046,3004410,,2023-05-18,32856,6.2,,8554,4,5.6,%,6.2
506154,500783,500046,3004501,,2023-05-18,32856,99,,8840,70,99,mg/dL,99.0
506155,500783,500046,3004249,,2023-05-18,32856,129,,8876,90,130,mmHg,129.0
506156,500783,500046,3012888,,2023-05-18,32856,78,,8876,60,85,mmHg,78.0
506157,500783,500046,3025315,,2023-05-18,32856,91.5,,9529,45,90,kg,91.5
506158,500783,500046,3038553,,2023-05-18,32856,29,,9531,18.5,25,kg/m2,29.0
506159,500784,500046,3004410,,2023-08-22,32856,5.4,,8554,4,5.6,%,5.4
506160,500784,500046,3004501,,2023-08-22,32856,103,,8840,70,99,mg/dL,103.0
506161,500784,500046,3004249,,2023-08-22,32856,124,,8876,90,130,mmHg,124.0
506162,500784,500046,3012888,,2023-08-22,32856,70,,8876,60,85,mmHg,70.0
506163,500784,500046,3025315,,2023-08-22,32856,91.4,,9529,45,90,kg,91.4
506164,500784,500046,3038553,,2023-08-22,32856,28.9,,9531,18.5,25,kg/m2,28.9
506165,500785,500046,3004410,,2023-11-15,32856,5.6,,8554,4,5.6,%,5.6
506166,500785,500046,3004501,,2023-11-15,32856,84,,8840,70,99,mg/dL,84.0
506167,500785,500046,3004249,,2023-11-15,32856,122,,8876,90,130,mmHg,122.0
506168,500785,500046,3012888,,2023-11-15,32856,76,,8876,60,85,mmHg,76.0
506169,500785,500046,3025315,,2023-11-15,32856,89.9,,9529,45,90,kg,89.9
506170,500785,500046,3038553,,2023-11-15,32856,28.5,,9531,18.5,25,kg/m2,28.5
506171,500786,500046,3004410,,2024-02-09,32856,6.1,,8554,4,5.6,%,6.1
506172,500786,500046,3004501,,2024-02-09,32856,99,,8840,70,99,mg/dL,99.0
506173,500786,500046,3004249,,2024-02-09,32856,125,,8876,90,130,mmHg,125.0
506174,500786,500046,3012888,,2024-02-09,32856,71,,8876,60,85,mmHg,71.0
506175,500786,500046,3025315,,2024-02-09,32856,89,,9529,45,90,kg,89.0
506176,500786,500046,3038553,,2024-02-09,32856,28.2,,9531,18.5,25,kg/m2,28.2
506177,500786,500046,3022192,,2024-02-09,32856,251.6,,8840,0,150,mg/dL,251.6
506178,500786,500046,3007070,,2024-02-09,32856,54.3,,8840,40,60,mg/dL,54.3
506179,500786,500046,3028437,,2024-02-09,32856,122.9,,8840,0,130,mg/dL,122.9
506180,500786,500046,3013721,,2024-02-09,32856,26.6,,8645,0,40,U/L,26.6
506181,500786,500046,3006923,,2024-02-09,32856,45.3,,8645,0,40,U/L,45.3
506182,500786,500046,3016723,,2024-02-09,32856,1.14,,8840,0.6,1.2,mg/dL,1.14
506183,500786,500046,3049187,,2024-02-09,32856,94.2,,9550,90,130,mL/min/1.73m2,94.2
506184,500787,500046,3004410,,2024-05-03,32856,6.1,,8554,4,5.6,%,6.1
506185,500787,500046,3004501,,2024-05-03,32856,113,,8840,70,99,mg/dL,113.0
506186,500787,500046,3004249,,2024-05-03,32856,147,,8876,90,130,mmHg,147.0
506187,500787,500046,3012888,,2024-05-03,32856,80,,8876,60,85,mmHg,80.0
506188,500787,500046,3025315,,2024-05-03,32856,88.9,,9529,45,90,kg,88.9
506189,500787,500046,3038553,,2024-05-03,32856,28.2,,9531,18.5,25,kg/m2,28.2
506190,500788,500046,3004410,,2024-07-28,32856,5.6,,8554,4,5.6,%,5.6
506191,500788,500046,3004501,,2024-07-28,32856,87,,8840,70,99,mg/dL,87.0
506192,500788,500046,3004249,,2024-07-28,32856,110,,8876,90,130,mmHg,110.0
506193,500788,500046,3012888,,2024-07-28,32856,76,,8876,60,85,mmHg,76.0
506194,500788,500046,3025315,,2024-07-28,32856,89.1,,9529,45,90,kg,89.1
506195,500788,500046,3038553,,2024-07-28,32856,28.2,,9531,18.5,25,kg/m2,28.2
506196,500789,500046,3004410,,2024-10-21,32856,6.3,,8554,4,5.6,%,6.3
506197,500789,500046,3004501,,2024-10-21,32856,108,,8840,70,99,mg/dL,108.0
506198,500789,500046,3004249,,2024-10-21,32856,125,,8876,90,130,mmHg,125.0
506199,500789,500046,3012888,,2024-10-21,32856,73,,8876,60,85,mmHg,73.0
506200,500789,500046,3025315,,2024-10-21,32856,89.7,,9529,45,90,kg,89.7
506201,500789,500046,3038553,,2024-10-21,32856,28.4,,9531,18.5,25,kg/m2,28.4
506202,500790,500046,3004410,,2025-01-24,32856,6.6,,8554,4,5.6,%,6.6
506203,500790,500046,3004501,,2025-01-24,32856,138,,8840,70,99,mg/dL,138.0
506204,500790,500046,3004249,,2025-01-24,32856,127,,8876,90,130,mmHg,127.0
506205,500790,500046,3012888,,2025-01-24,32856,93,,8876,60,85,mmHg,93.0
506206,500790,500046,3025315,,2025-01-24,32856,88.9,,9529,45,90,kg,88.9
506207,500790,500046,3038553,,2025-01-24,32856,28.2,,9531,18.5,25,kg/m2,28.2
506208,500790,500046,3022192,,2025-01-24,32856,227.2,,8840,0,150,mg/dL,227.2
506209,500790,500046,3007070,,2025-01-24,32856,57.6,,8840,40,60,mg/dL,57.6
506210,500790,500046,3028437,,2025-01-24,32856,106.3,,8840,0,130,mg/dL,106.3
506211,500790,500046,3013721,,2025-01-24,32856,29.5,,8645,0,40,U/L,29.5
506212,500790,500046,3006923,,2025-01-24,32856,116.8,,8645,0,40,U/L,116.8
506213,500790,500046,3016723,,2025-01-24,32856,0.84,,8840,0.6,1.2,mg/dL,0.84
506214,500790,500046,3049187,,2025-01-24,32856,71.1,,9550,90,130,mL/min/1.73m2,71.1
506215,500791,500046,3004410,,2025-04-28,32856,6,,8554,4,5.6,%,6.0
506216,500791,500046,3004501,,2025-04-28,32856,115,,8840,70,99,mg/dL,115.0
506217,500791,500046,3004249,,2025-04-28,32856,101,,8876,90,130,mmHg,101.0
506218,500791,500046,3012888,,2025-04-28,32856,88,,8876,60,85,mmHg,88.0
506219,500791,500046,3025315,,2025-04-28,32856,88.9,,9529,45,90,kg,88.9
506220,500791,500046,3038553,,2025-04-28,32856,28.2,,9531,18.5,25,kg/m2,28.2
506221,500792,500046,3004410,,2025-07-29,32856,6.4,,8554,4,5.6,%,6.4
506222,500792,500046,3004501,,2025-07-29,32856,114,,8840,70,99,mg/dL,114.0
506223,500792,500046,3004249,,2025-07-29,32856,127,,8876,90,130,mmHg,127.0
506224,500792,500046,3012888,,2025-07-29,32856,59,,8876,60,85,mmHg,59.0
506225,500792,500046,3025315,,2025-07-29,32856,90.1,,9529,45,90,kg,90.1
506226,500792,500046,3038553,,2025-07-29,32856,28.5,,9531,18.5,25,kg/m2,28.5
506227,500793,500046,3004410,,2025-10-28,32856,6.7,,8554,4,5.6,%,6.7
506228,500793,500046,3004501,,2025-10-28,32856,136,,8840,70,99,mg/dL,136.0
506229,500793,500046,3004249,,2025-10-28,32856,118,,8876,90,130,mmHg,118.0
506230,500793,500046,3012888,,2025-10-28,32856,76,,8876,60,85,mmHg,76.0
506231,500793,500046,3025315,,2025-10-28,32856,89.2,,9529,45,90,kg,89.2
506232,500793,500046,3038553,,2025-10-28,32856,28.2,,9531,18.5,25,kg/m2,28.2
506233,500794,500047,3036277,,2021-07-05,32856,164.8,,8582,150,185,cm,164.8
506234,500794,500047,3004410,,2021-07-05,32856,8.2,,8554,4,5.6,%,8.2
506235,500794,500047,3004501,,2021-07-05,32856,124,,8840,70,99,mg/dL,124.0
506236,500794,500047,3004249,,2021-07-05,32856,160,,8876,90,130,mmHg,160.0
506237,500794,500047,3012888,,2021-07-05,32856,96,,8876,60,85,mmHg,96.0
506238,500794,500047,3025315,,2021-07-05,32856,79.3,,9529,45,90,kg,79.3
506239,500794,500047,3038553,,2021-07-05,32856,29.2,,9531,18.5,25,kg/m2,29.2
506240,500794,500047,3022192,,2021-07-05,32856,245.5,,8840,0,150,mg/dL,245.5
506241,500794,500047,3007070,,2021-07-05,32856,62.1,,8840,40,60,mg/dL,62.1
506242,500794,500047,3028437,,2021-07-05,32856,108,,8840,0,130,mg/dL,108.0
506243,500794,500047,3013721,,2021-07-05,32856,46.9,,8645,0,40,U/L,46.9
506244,500794,500047,3006923,,2021-07-05,32856,96.1,,8645,0,40,U/L,96.1
506245,500794,500047,3016723,,2021-07-05,32856,1.09,,8840,0.6,1.2,mg/dL,1.09
506246,500794,500047,3049187,,2021-07-05,32856,91.2,,9550,90,130,mL/min/1.73m2,91.2
506247,500795,500047,3004410,,2021-10-06,32856,8.4,,8554,4,5.6,%,8.4
506248,500795,500047,3004501,,2021-10-06,32856,157,,8840,70,99,mg/dL,157.0
506249,500795,500047,3004249,,2021-10-06,32856,165,,8876,90,130,mmHg,165.0
506250,500795,500047,3012888,,2021-10-06,32856,79,,8876,60,85,mmHg,79.0
506251,500795,500047,3025315,,2021-10-06,32856,79.3,,9529,45,90,kg,79.3
506252,500795,500047,3038553,,2021-10-06,32856,29.2,,9531,18.5,25,kg/m2,29.2
506253,500796,500047,3004410,,2022-01-11,32856,7.8,,8554,4,5.6,%,7.8
506254,500796,500047,3004501,,2022-01-11,32856,154,,8840,70,99,mg/dL,154.0
506255,500796,500047,3004249,,2022-01-11,32856,150,,8876,90,130,mmHg,150.0
506256,500796,500047,3012888,,2022-01-11,32856,90,,8876,60,85,mmHg,90.0
506257,500796,500047,3025315,,2022-01-11,32856,78.9,,9529,45,90,kg,78.9
506258,500796,500047,3038553,,2022-01-11,32856,29.1,,9531,18.5,25,kg/m2,29.1
506259,500797,500047,3004410,,2022-04-07,32856,7.4,,8554,4,5.6,%,7.4
506260,500797,500047,3004501,,2022-04-07,32856,153,,8840,70,99,mg/dL,153.0
506261,500797,500047,3004249,,2022-04-07,32856,137,,8876,90,130,mmHg,137.0
506262,500797,500047,3012888,,2022-04-07,32856,92,,8876,60,85,mmHg,92.0
506263,500797,500047,3025315,,2022-04-07,32856,78.2,,9529,45,90,kg,78.2
506264,500797,500047,3038553,,2022-04-07,32856,28.8,,9531,18.5,25,kg/m2,28.8
506265,500798,500047,3004410,,2022-07-02,32856,7.5,,8554,4,5.6,%,7.5
506266,500798,500047,3004501,,2022-07-02,32856,142,,8840,70,99,mg/dL,142.0
506267,500798,500047,3004249,,2022-07-02,32856,129,,8876,90,130,mmHg,129.0
506268,500798,500047,3012888,,2022-07-02,32856,83,,8876,60,85,mmHg,83.0
506269,500798,500047,3025315,,2022-07-02,32856,79.4,,9529,45,90,kg,79.4
506270,500798,500047,3038553,,2022-07-02,32856,29.2,,9531,18.5,25,kg/m2,29.2
506271,500798,500047,3022192,,2022-07-02,32856,114.1,,8840,0,150,mg/dL,114.1
506272,500798,500047,3007070,,2022-07-02,32856,50.6,,8840,40,60,mg/dL,50.6
506273,500798,500047,3028437,,2022-07-02,32856,107,,8840,0,130,mg/dL,107.0
506274,500798,500047,3013721,,2022-07-02,32856,39.1,,8645,0,40,U/L,39.1
506275,500798,500047,3006923,,2022-07-02,32856,1.7,,8645,0,40,U/L,1.7
506276,500798,500047,3016723,,2022-07-02,32856,0.84,,8840,0.6,1.2,mg/dL,0.84
506277,500798,500047,3049187,,2022-07-02,32856,100.1,,9550,90,130,mL/min/1.73m2,100.1
506278,500799,500047,3004410,,2022-09-24,32856,7.7,,8554,4,5.6,%,7.7
506279,500799,500047,3004501,,2022-09-24,32856,139,,8840,70,99,mg/dL,139.0
506280,500799,500047,3004249,,2022-09-24,32856,153,,8876,90,130,mmHg,153.0
506281,500799,500047,3012888,,2022-09-24,32856,72,,8876,60,85,mmHg,72.0
506282,500799,500047,3025315,,2022-09-24,32856,80.4,,9529,45,90,kg,80.4
506283,500799,500047,3038553,,2022-09-24,32856,29.6,,9531,18.5,25,kg/m2,29.6
506284,500800,500047,3004410,,2022-12-25,32856,7.3,,8554,4,5.6,%,7.3
506285,500800,500047,3004501,,2022-12-25,32856,139,,8840,70,99,mg/dL,139.0
506286,500800,500047,3004249,,2022-12-25,32856,112,,8876,90,130,mmHg,112.0
506287,500800,500047,3012888,,2022-12-25,32856,94,,8876,60,85,mmHg,94.0
506288,500800,500047,3025315,,2022-12-25,32856,81,,9529,45,90,kg,81.0
506289,500800,500047,3038553,,2022-12-25,32856,29.8,,9531,18.5,25,kg/m2,29.8
506290,500801,500047,3004410,,2023-03-23,32856,7,,8554,4,5.6,%,7.0
506291,500801,500047,3004501,,2023-03-23,32856,119,,8840,70,99,mg/dL,119.0
506292,500801,500047,3004249,,2023-03-23,32856,131,,8876,90,130,mmHg,131.0
506293,500801,500047,3012888,,2023-03-23,32856,89,,8876,60,85,mmHg,89.0
506294,500801,500047,3025315,,2023-03-23,32856,79.2,,9529,45,90,kg,79.2
506295,500801,500047,3038553,,2023-03-23,32856,29.2,,9531,18.5,25,kg/m2,29.2
506296,500802,500047,3004410,,2023-06-21,32856,7,,8554,4,5.6,%,7.0
506297,500802,500047,3004501,,2023-06-21,32856,96,,8840,70,99,mg/dL,96.0
506298,500802,500047,3004249,,2023-06-21,32856,123,,8876,90,130,mmHg,123.0
506299,500802,500047,3012888,,2023-06-21,32856,91,,8876,60,85,mmHg,91.0
506300,500802,500047,3025315,,2023-06-21,32856,80,,9529,45,90,kg,80.0
506301,500802,500047,3038553,,2023-06-21,32856,29.5,,9531,18.5,25,kg/m2,29.5
506302,500802,500047,3022192,,2023-06-21,32856,183.3,,8840,0,150,mg/dL,183.3
506303,500802,500047,3007070,,2023-06-21,32856,35.2,,8840,40,60,mg/dL,35.2
506304,500802,500047,3028437,,2023-06-21,32856,105.3,,8840,0,130,mg/dL,105.3
506305,500802,500047,3013721,,2023-06-21,32856,38,,8645,0,40,U/L,38.0
506306,500802,500047,3006923,,2023-06-21,32856,35.3,,8645,0,40,U/L,35.3
506307,500802,500047,3016723,,2023-06-21,32856,1.19,,8840,0.6,1.2,mg/dL,1.19
506308,500802,500047,3049187,,2023-06-21,32856,75.6,,9550,90,130,mL/min/1.73m2,75.6
506309,500803,500047,3004410,,2023-09-27,32856,6.7,,8554,4,5.6,%,6.7
506310,500803,500047,3004501,,2023-09-27,32856,133,,8840,70,99,mg/dL,133.0
506311,500803,500047,3004249,,2023-09-27,32856,147,,8876,90,130,mmHg,147.0
506312,500803,500047,3012888,,2023-09-27,32856,81,,8876,60,85,mmHg,81.0
506313,500803,500047,3025315,,2023-09-27,32856,78.8,,9529,45,90,kg,78.8
506314,500803,500047,3038553,,2023-09-27,32856,29,,9531,18.5,25,kg/m2,29.0
506315,500804,500047,3004410,,2023-12-26,32856,6.9,,8554,4,5.6,%,6.9
506316,500804,500047,3004501,,2023-12-26,32856,136,,8840,70,99,mg/dL,136.0
506317,500804,500047,3004249,,2023-12-26,32856,148,,8876,90,130,mmHg,148.0
506318,500804,500047,3012888,,2023-12-26,32856,84,,8876,60,85,mmHg,84.0
506319,500804,500047,3025315,,2023-12-26,32856,77.2,,9529,45,90,kg,77.2
506320,500804,500047,3038553,,2023-12-26,32856,28.4,,9531,18.5,25,kg/m2,28.4
506321,500805,500047,3004410,,2024-03-29,32856,7.3,,8554,4,5.6,%,7.3
506322,500805,500047,3004501,,2024-03-29,32856,164,,8840,70,99,mg/dL,164.0
506323,500805,500047,3004249,,2024-03-29,32856,144,,8876,90,130,mmHg,144.0
506324,500805,500047,3012888,,2024-03-29,32856,96,,8876,60,85,mmHg,96.0
506325,500805,500047,3025315,,2024-03-29,32856,77.8,,9529,45,90,kg,77.8
506326,500805,500047,3038553,,2024-03-29,32856,28.6,,9531,18.5,25,kg/m2,28.6
506327,500806,500047,3004410,,2024-07-03,32856,7.8,,8554,4,5.6,%,7.8
506328,500806,500047,3004501,,2024-07-03,32856,133,,8840,70,99,mg/dL,133.0
506329,500806,500047,3004249,,2024-07-03,32856,141,,8876,90,130,mmHg,141.0
506330,500806,500047,3012888,,2024-07-03,32856,80,,8876,60,85,mmHg,80.0
506331,500806,500047,3025315,,2024-07-03,32856,77.3,,9529,45,90,kg,77.3
506332,500806,500047,3038553,,2024-07-03,32856,28.5,,9531,18.5,25,kg/m2,28.5
506333,500806,500047,3022192,,2024-07-03,32856,247.8,,8840,0,150,mg/dL,247.8
506334,500806,500047,3007070,,2024-07-03,32856,33.4,,8840,40,60,mg/dL,33.4
506335,500806,500047,3028437,,2024-07-03,32856,135.1,,8840,0,130,mg/dL,135.1
506336,500806,500047,3013721,,2024-07-03,32856,39.4,,8645,0,40,U/L,39.4
506337,500806,500047,3006923,,2024-07-03,32856,21.7,,8645,0,40,U/L,21.7
506338,500806,500047,3016723,,2024-07-03,32856,1.12,,8840,0.6,1.2,mg/dL,1.12
506339,500806,500047,3049187,,2024-07-03,32856,71.1,,9550,90,130,mL/min/1.73m2,71.1
506340,500807,500047,3004410,,2024-10-08,32856,7.8,,8554,4,5.6,%,7.8
506341,500807,500047,3004501,,2024-10-08,32856,158,,8840,70,99,mg/dL,158.0
506342,500807,500047,3004249,,2024-10-08,32856,139,,8876,90,130,mmHg,139.0
506343,500807,500047,3012888,,2024-10-08,32856,84,,8876,60,85,mmHg,84.0
506344,500807,500047,3025315,,2024-10-08,32856,77.2,,9529,45,90,kg,77.2
506345,500807,500047,3038553,,2024-10-08,32856,28.4,,9531,18.5,25,kg/m2,28.4
506346,500808,500047,3004410,,2025-01-02,32856,7.5,,8554,4,5.6,%,7.5
506347,500808,500047,3004501,,2025-01-02,32856,145,,8840,70,99,mg/dL,145.0
506348,500808,500047,3004249,,2025-01-02,32856,141,,8876,90,130,mmHg,141.0
506349,500808,500047,3012888,,2025-01-02,32856,71,,8876,60,85,mmHg,71.0
506350,500808,500047,3025315,,2025-01-02,32856,77.2,,9529,45,90,kg,77.2
506351,500808,500047,3038553,,2025-01-02,32856,28.4,,9531,18.5,25,kg/m2,28.4
506352,500809,500047,3004410,,2025-04-01,32856,6.9,,8554,4,5.6,%,6.9
506353,500809,500047,3004501,,2025-04-01,32856,125,,8840,70,99,mg/dL,125.0
506354,500809,500047,3004249,,2025-04-01,32856,139,,8876,90,130,mmHg,139.0
506355,500809,500047,3012888,,2025-04-01,32856,91,,8876,60,85,mmHg,91.0
506356,500809,500047,3025315,,2025-04-01,32856,77.7,,9529,45,90,kg,77.7
506357,500809,500047,3038553,,2025-04-01,32856,28.6,,9531,18.5,25,kg/m2,28.6
506358,500810,500047,3004410,,2025-07-02,32856,7.8,,8554,4,5.6,%,7.8
506359,500810,500047,3004501,,2025-07-02,32856,109,,8840,70,99,mg/dL,109.0
506360,500810,500047,3004249,,2025-07-02,32856,146,,8876,90,130,mmHg,146.0
506361,500810,500047,3012888,,2025-07-02,32856,75,,8876,60,85,mmHg,75.0
506362,500810,500047,3025315,,2025-07-02,32856,76.4,,9529,45,90,kg,76.4
506363,500810,500047,3038553,,2025-07-02,32856,28.1,,9531,18.5,25,kg/m2,28.1
506364,500810,500047,3022192,,2025-07-02,32856,312,,8840,0,150,mg/dL,312.0
506365,500810,500047,3007070,,2025-07-02,32856,46.6,,8840,40,60,mg/dL,46.6
506366,500810,500047,3028437,,2025-07-02,32856,86.3,,8840,0,130,mg/dL,86.3
506367,500810,500047,3013721,,2025-07-02,32856,41.1,,8645,0,40,U/L,41.1
506368,500810,500047,3006923,,2025-07-02,32856,57.5,,8645,0,40,U/L,57.5
506369,500810,500047,3016723,,2025-07-02,32856,1.13,,8840,0.6,1.2,mg/dL,1.13
506370,500810,500047,3049187,,2025-07-02,32856,74.5,,9550,90,130,mL/min/1.73m2,74.5
506371,500811,500047,3004410,,2025-09-30,32856,7.8,,8554,4,5.6,%,7.8
506372,500811,500047,3004501,,2025-09-30,32856,137,,8840,70,99,mg/dL,137.0
506373,500811,500047,3004249,,2025-09-30,32856,121,,8876,90,130,mmHg,121.0
506374,500811,500047,3012888,,2025-09-30,32856,88,,8876,60,85,mmHg,88.0
506375,500811,500047,3025315,,2025-09-30,32856,75.6,,9529,45,90,kg,75.6
506376,500811,500047,3038553,,2025-09-30,32856,27.8,,9531,18.5,25,kg/m2,27.8
506377,500812,500047,3004410,,2025-12-29,32856,7.4,,8554,4,5.6,%,7.4
506378,500812,500047,3004501,,2025-12-29,32856,150,,8840,70,99,mg/dL,150.0
506379,500812,500047,3004249,,2025-12-29,32856,126,,8876,90,130,mmHg,126.0
506380,500812,500047,3012888,,2025-12-29,32856,79,,8876,60,85,mmHg,79.0
506381,500812,500047,3025315,,2025-12-29,32856,74.9,,9529,45,90,kg,74.9
506382,500812,500047,3038553,,2025-12-29,32856,27.6,,9531,18.5,25,kg/m2,27.6
506383,500813,500048,3036277,,2020-10-24,32856,165.8,,8582,150,185,cm,165.8
506384,500813,500048,3004410,,2020-10-24,32856,7.1,,8554,4,5.6,%,7.1
506385,500813,500048,3004501,,2020-10-24,32856,132,,8840,70,99,mg/dL,132.0
506386,500813,500048,3004249,,2020-10-24,32856,139,,8876,90,130,mmHg,139.0
506387,500813,500048,3012888,,2020-10-24,32856,97,,8876,60,85,mmHg,97.0
506388,500813,500048,3025315,,2020-10-24,32856,77,,9529,45,90,kg,77.0
506389,500813,500048,3038553,,2020-10-24,32856,28,,9531,18.5,25,kg/m2,28.0
506390,500813,500048,3022192,,2020-10-24,32856,164.3,,8840,0,150,mg/dL,164.3
506391,500813,500048,3007070,,2020-10-24,32856,38.5,,8840,40,60,mg/dL,38.5
506392,500813,500048,3028437,,2020-10-24,32856,61.1,,8840,0,130,mg/dL,61.1
506393,500813,500048,3013721,,2020-10-24,32856,66.3,,8645,0,40,U/L,66.3
506394,500813,500048,3006923,,2020-10-24,32856,0,,8645,0,40,U/L,0
506395,500813,500048,3016723,,2020-10-24,32856,1.17,,8840,0.6,1.2,mg/dL,1.17
506396,500813,500048,3049187,,2020-10-24,32856,113.7,,9550,90,130,mL/min/1.73m2,113.7
506397,500814,500048,3004410,,2021-01-26,32856,6.8,,8554,4,5.6,%,6.8
506398,500814,500048,3004501,,2021-01-26,32856,114,,8840,70,99,mg/dL,114.0
506399,500814,500048,3004249,,2021-01-26,32856,141,,8876,90,130,mmHg,141.0
506400,500814,500048,3012888,,2021-01-26,32856,80,,8876,60,85,mmHg,80.0
506401,500814,500048,3025315,,2021-01-26,32856,77.8,,9529,45,90,kg,77.8
506402,500814,500048,3038553,,2021-01-26,32856,28.3,,9531,18.5,25,kg/m2,28.3
506403,500815,500048,3004410,,2021-04-23,32856,7.2,,8554,4,5.6,%,7.2
506404,500815,500048,3004501,,2021-04-23,32856,141,,8840,70,99,mg/dL,141.0
506405,500815,500048,3004249,,2021-04-23,32856,123,,8876,90,130,mmHg,123.0
506406,500815,500048,3012888,,2021-04-23,32856,85,,8876,60,85,mmHg,85.0
506407,500815,500048,3025315,,2021-04-23,32856,79.2,,9529,45,90,kg,79.2
506408,500815,500048,3038553,,2021-04-23,32856,28.8,,9531,18.5,25,kg/m2,28.8
506409,500816,500048,3004410,,2021-07-20,32856,7.3,,8554,4,5.6,%,7.3
506410,500816,500048,3004501,,2021-07-20,32856,161,,8840,70,99,mg/dL,161.0
506411,500816,500048,3004249,,2021-07-20,32856,124,,8876,90,130,mmHg,124.0
506412,500816,500048,3012888,,2021-07-20,32856,75,,8876,60,85,mmHg,75.0
506413,500816,500048,3025315,,2021-07-20,32856,79.4,,9529,45,90,kg,79.4
506414,500816,500048,3038553,,2021-07-20,32856,28.9,,9531,18.5,25,kg/m2,28.9
506415,500817,500048,3004410,,2021-10-24,32856,6.6,,8554,4,5.6,%,6.6
506416,500817,500048,3004501,,2021-10-24,32856,111,,8840,70,99,mg/dL,111.0
506417,500817,500048,3004249,,2021-10-24,32856,151,,8876,90,130,mmHg,151.0
506418,500817,500048,3012888,,2021-10-24,32856,83,,8876,60,85,mmHg,83.0
506419,500817,500048,3025315,,2021-10-24,32856,78.1,,9529,45,90,kg,78.1
506420,500817,500048,3038553,,2021-10-24,32856,28.4,,9531,18.5,25,kg/m2,28.4
506421,500817,500048,3022192,,2021-10-24,32856,215.8,,8840,0,150,mg/dL,215.8
506422,500817,500048,3007070,,2021-10-24,32856,50.7,,8840,40,60,mg/dL,50.7
506423,500817,500048,3028437,,2021-10-24,32856,81.5,,8840,0,130,mg/dL,81.5
506424,500817,500048,3013721,,2021-10-24,32856,71.9,,8645,0,40,U/L,71.9
506425,500817,500048,3006923,,2021-10-24,32856,79.5,,8645,0,40,U/L,79.5
506426,500817,500048,3016723,,2021-10-24,32856,0.58,,8840,0.6,1.2,mg/dL,0.58
506427,500817,500048,3049187,,2021-10-24,32856,59.1,,9550,90,130,mL/min/1.73m2,59.1
506428,500818,500048,3004410,,2022-01-22,32856,6.9,,8554,4,5.6,%,6.9
506429,500818,500048,3004501,,2022-01-22,32856,123,,8840,70,99,mg/dL,123.0
506430,500818,500048,3004249,,2022-01-22,32856,133,,8876,90,130,mmHg,133.0
506431,500818,500048,3012888,,2022-01-22,32856,99,,8876,60,85,mmHg,99.0
506432,500818,500048,3025315,,2022-01-22,32856,78.2,,9529,45,90,kg,78.2
506433,500818,500048,3038553,,2022-01-22,32856,28.4,,9531,18.5,25,kg/m2,28.4
506434,500819,500048,3004410,,2022-04-19,32856,6.5,,8554,4,5.6,%,6.5
506435,500819,500048,3004501,,2022-04-19,32856,105,,8840,70,99,mg/dL,105.0
506436,500819,500048,3004249,,2022-04-19,32856,128,,8876,90,130,mmHg,128.0
506437,500819,500048,3012888,,2022-04-19,32856,91,,8876,60,85,mmHg,91.0
506438,500819,500048,3025315,,2022-04-19,32856,76,,9529,45,90,kg,76.0
506439,500819,500048,3038553,,2022-04-19,32856,27.6,,9531,18.5,25,kg/m2,27.6
506440,500820,500048,3004410,,2022-07-24,32856,7,,8554,4,5.6,%,7.0
506441,500820,500048,3004501,,2022-07-24,32856,124,,8840,70,99,mg/dL,124.0
506442,500820,500048,3004249,,2022-07-24,32856,156,,8876,90,130,mmHg,156.0
506443,500820,500048,3012888,,2022-07-24,32856,90,,8876,60,85,mmHg,90.0
506444,500820,500048,3025315,,2022-07-24,32856,75.1,,9529,45,90,kg,75.1
506445,500820,500048,3038553,,2022-07-24,32856,27.3,,9531,18.5,25,kg/m2,27.3
506446,500821,500048,3004410,,2022-10-27,32856,6.6,,8554,4,5.6,%,6.6
506447,500821,500048,3004501,,2022-10-27,32856,116,,8840,70,99,mg/dL,116.0
506448,500821,500048,3004249,,2022-10-27,32856,137,,8876,90,130,mmHg,137.0
506449,500821,500048,3012888,,2022-10-27,32856,91,,8876,60,85,mmHg,91.0
506450,500821,500048,3025315,,2022-10-27,32856,73.6,,9529,45,90,kg,73.6
506451,500821,500048,3038553,,2022-10-27,32856,26.8,,9531,18.5,25,kg/m2,26.8
506452,500821,500048,3022192,,2022-10-27,32856,172.7,,8840,0,150,mg/dL,172.7
506453,500821,500048,3007070,,2022-10-27,32856,58.3,,8840,40,60,mg/dL,58.3
506454,500821,500048,3028437,,2022-10-27,32856,111.2,,8840,0,130,mg/dL,111.2
506455,500821,500048,3013721,,2022-10-27,32856,50.3,,8645,0,40,U/L,50.3
506456,500821,500048,3006923,,2022-10-27,32856,67.9,,8645,0,40,U/L,67.9
506457,500821,500048,3016723,,2022-10-27,32856,1.13,,8840,0.6,1.2,mg/dL,1.13
506458,500821,500048,3049187,,2022-10-27,32856,54.8,,9550,90,130,mL/min/1.73m2,54.8
506459,500822,500048,3004410,,2023-02-02,32856,6.4,,8554,4,5.6,%,6.4
506460,500822,500048,3004501,,2023-02-02,32856,103,,8840,70,99,mg/dL,103.0
506461,500822,500048,3004249,,2023-02-02,32856,143,,8876,90,130,mmHg,143.0
506462,500822,500048,3012888,,2023-02-02,32856,86,,8876,60,85,mmHg,86.0
506463,500822,500048,3025315,,2023-02-02,32856,75.1,,9529,45,90,kg,75.1
506464,500822,500048,3038553,,2023-02-02,32856,27.3,,9531,18.5,25,kg/m2,27.3
506465,500823,500048,3004410,,2023-05-06,32856,6.6,,8554,4,5.6,%,6.6
506466,500823,500048,3004501,,2023-05-06,32856,130,,8840,70,99,mg/dL,130.0
506467,500823,500048,3004249,,2023-05-06,32856,137,,8876,90,130,mmHg,137.0
506468,500823,500048,3012888,,2023-05-06,32856,79,,8876,60,85,mmHg,79.0
506469,500823,500048,3025315,,2023-05-06,32856,75.6,,9529,45,90,kg,75.6
506470,500823,500048,3038553,,2023-05-06,32856,27.5,,9531,18.5,25,kg/m2,27.5
506471,500824,500048,3004410,,2023-08-08,32856,6.9,,8554,4,5.6,%,6.9
506472,500824,500048,3004501,,2023-08-08,32856,143,,8840,70,99,mg/dL,143.0
506473,500824,500048,3004249,,2023-08-08,32856,148,,8876,90,130,mmHg,148.0
506474,500824,500048,3012888,,2023-08-08,32856,93,,8876,60,85,mmHg,93.0
506475,500824,500048,3025315,,2023-08-08,32856,77.7,,9529,45,90,kg,77.7
506476,500824,500048,3038553,,2023-08-08,32856,28.3,,9531,18.5,25,kg/m2,28.3
506477,500825,500048,3004410,,2023-10-31,32856,7,,8554,4,5.6,%,7.0
506478,500825,500048,3004501,,2023-10-31,32856,136,,8840,70,99,mg/dL,136.0
506479,500825,500048,3004249,,2023-10-31,32856,118,,8876,90,130,mmHg,118.0
506480,500825,500048,3012888,,2023-10-31,32856,95,,8876,60,85,mmHg,95.0
506481,500825,500048,3025315,,2023-10-31,32856,76.8,,9529,45,90,kg,76.8
506482,500825,500048,3038553,,2023-10-31,32856,27.9,,9531,18.5,25,kg/m2,27.9
506483,500825,500048,3022192,,2023-10-31,32856,120,,8840,0,150,mg/dL,120.0
506484,500825,500048,3007070,,2023-10-31,32856,66,,8840,40,60,mg/dL,66.0
506485,500825,500048,3028437,,2023-10-31,32856,115.3,,8840,0,130,mg/dL,115.3
506486,500825,500048,3013721,,2023-10-31,32856,44.8,,8645,0,40,U/L,44.8
506487,500825,500048,3006923,,2023-10-31,32856,11.8,,8645,0,40,U/L,11.8
506488,500825,500048,3016723,,2023-10-31,32856,0.97,,8840,0.6,1.2,mg/dL,0.97
506489,500825,500048,3049187,,2023-10-31,32856,66.8,,9550,90,130,mL/min/1.73m2,66.8
506490,500826,500049,3036277,,2023-05-04,32856,170.6,,8582,150,185,cm,170.6
506491,500826,500049,3004410,,2023-05-04,32856,8.7,,8554,4,5.6,%,8.7
506492,500826,500049,3004501,,2023-05-04,32856,164,,8840,70,99,mg/dL,164.0
506493,500826,500049,3004249,,2023-05-04,32856,137,,8876,90,130,mmHg,137.0
506494,500826,500049,3012888,,2023-05-04,32856,89,,8876,60,85,mmHg,89.0
506495,500826,500049,3025315,,2023-05-04,32856,86.4,,9529,45,90,kg,86.4
506496,500826,500049,3038553,,2023-05-04,32856,29.7,,9531,18.5,25,kg/m2,29.7
506497,500826,500049,3022192,,2023-05-04,32856,166.2,,8840,0,150,mg/dL,166.2
506498,500826,500049,3007070,,2023-05-04,32856,50.6,,8840,40,60,mg/dL,50.6
506499,500826,500049,3028437,,2023-05-04,32856,106.9,,8840,0,130,mg/dL,106.9
506500,500826,500049,3013721,,2023-05-04,32856,50.2,,8645,0,40,U/L,50.2
506501,500826,500049,3006923,,2023-05-04,32856,20.2,,8645,0,40,U/L,20.2
506502,500826,500049,3016723,,2023-05-04,32856,0.89,,8840,0.6,1.2,mg/dL,0.89
506503,500826,500049,3049187,,2023-05-04,32856,101.6,,9550,90,130,mL/min/1.73m2,101.6
506504,500827,500049,3004410,,2023-07-28,32856,7.9,,8554,4,5.6,%,7.9
506505,500827,500049,3004501,,2023-07-28,32856,167,,8840,70,99,mg/dL,167.0
506506,500827,500049,3004249,,2023-07-28,32856,146,,8876,90,130,mmHg,146.0
506507,500827,500049,3012888,,2023-07-28,32856,76,,8876,60,85,mmHg,76.0
506508,500827,500049,3025315,,2023-07-28,32856,85.9,,9529,45,90,kg,85.9
506509,500827,500049,3038553,,2023-07-28,32856,29.5,,9531,18.5,25,kg/m2,29.5
506510,500828,500049,3004410,,2023-10-23,32856,7.9,,8554,4,5.6,%,7.9
506511,500828,500049,3004501,,2023-10-23,32856,165,,8840,70,99,mg/dL,165.0
506512,500828,500049,3004249,,2023-10-23,32856,150,,8876,90,130,mmHg,150.0
506513,500828,500049,3012888,,2023-10-23,32856,94,,8876,60,85,mmHg,94.0
506514,500828,500049,3025315,,2023-10-23,32856,85.5,,9529,45,90,kg,85.5
506515,500828,500049,3038553,,2023-10-23,32856,29.4,,9531,18.5,25,kg/m2,29.4
506516,500829,500049,3004410,,2024-01-22,32856,8.3,,8554,4,5.6,%,8.3
506517,500829,500049,3004501,,2024-01-22,32856,175,,8840,70,99,mg/dL,175.0
506518,500829,500049,3004249,,2024-01-22,32856,143,,8876,90,130,mmHg,143.0
506519,500829,500049,3012888,,2024-01-22,32856,85,,8876,60,85,mmHg,85.0
506520,500829,500049,3025315,,2024-01-22,32856,84,,9529,45,90,kg,84.0
506521,500829,500049,3038553,,2024-01-22,32856,28.9,,9531,18.5,25,kg/m2,28.9
506522,500830,500049,3004410,,2024-04-20,32856,7.5,,8554,4,5.6,%,7.5
506523,500830,500049,3004501,,2024-04-20,32856,135,,8840,70,99,mg/dL,135.0
506524,500830,500049,3004249,,2024-04-20,32856,140,,8876,90,130,mmHg,140.0
506525,500830,500049,3012888,,2024-04-20,32856,92,,8876,60,85,mmHg,92.0
506526,500830,500049,3025315,,2024-04-20,32856,84,,9529,45,90,kg,84.0
506527,500830,500049,3038553,,2024-04-20,32856,28.9,,9531,18.5,25,kg/m2,28.9
506528,500830,500049,3022192,,2024-04-20,32856,149.5,,8840,0,150,mg/dL,149.5
506529,500830,500049,3007070,,2024-04-20,32856,51,,8840,40,60,mg/dL,51.0
506530,500830,500049,3028437,,2024-04-20,32856,109.5,,8840,0,130,mg/dL,109.5
506531,500830,500049,3013721,,2024-04-20,32856,74.5,,8645,0,40,U/L,74.5
506532,500830,500049,3006923,,2024-04-20,32856,38.2,,8645,0,40,U/L,38.2
506533,500830,500049,3016723,,2024-04-20,32856,0.77,,8840,0.6,1.2,mg/dL,0.77
506534,500830,500049,3049187,,2024-04-20,32856,108.2,,9550,90,130,mL/min/1.73m2,108.2
506535,500831,500049,3004410,,2024-07-14,32856,7.1,,8554,4,5.6,%,7.1
506536,500831,500049,3004501,,2024-07-14,32856,146,,8840,70,99,mg/dL,146.0
506537,500831,500049,3004249,,2024-07-14,32856,146,,8876,90,130,mmHg,146.0
506538,500831,500049,3012888,,2024-07-14,32856,83,,8876,60,85,mmHg,83.0
506539,500831,500049,3025315,,2024-07-14,32856,83.7,,9529,45,90,kg,83.7
506540,500831,500049,3038553,,2024-07-14,32856,28.8,,9531,18.5,25,kg/m2,28.8
506541,500832,500049,3004410,,2024-10-19,32856,6.7,,8554,4,5.6,%,6.7
506542,500832,500049,3004501,,2024-10-19,32856,132,,8840,70,99,mg/dL,132.0
506543,500832,500049,3004249,,2024-10-19,32856,129,,8876,90,130,mmHg,129.0
506544,500832,500049,3012888,,2024-10-19,32856,86,,8876,60,85,mmHg,86.0
506545,500832,500049,3025315,,2024-10-19,32856,82.3,,9529,45,90,kg,82.3
506546,500832,500049,3038553,,2024-10-19,32856,28.3,,9531,18.5,25,kg/m2,28.3
506547,500833,500049,3004410,,2025-01-25,32856,6.4,,8554,4,5.6,%,6.4
506548,500833,500049,3004501,,2025-01-25,32856,107,,8840,70,99,mg/dL,107.0
506549,500833,500049,3004249,,2025-01-25,32856,119,,8876,90,130,mmHg,119.0
506550,500833,500049,3012888,,2025-01-25,32856,87,,8876,60,85,mmHg,87.0
506551,500833,500049,3025315,,2025-01-25,32856,83.3,,9529,45,90,kg,83.3
506552,500833,500049,3038553,,2025-01-25,32856,28.6,,9531,18.5,25,kg/m2,28.6
506553,500834,500049,3004410,,2025-04-23,32856,7.1,,8554,4,5.6,%,7.1
506554,500834,500049,3004501,,2025-04-23,32856,115,,8840,70,99,mg/dL,115.0
506555,500834,500049,3004249,,2025-04-23,32856,145,,8876,90,130,mmHg,145.0
506556,500834,500049,3012888,,2025-04-23,32856,93,,8876,60,85,mmHg,93.0
506557,500834,500049,3025315,,2025-04-23,32856,85,,9529,45,90,kg,85.0
506558,500834,500049,3038553,,2025-04-23,32856,29.2,,9531,18.5,25,kg/m2,29.2
506559,500834,500049,3022192,,2025-04-23,32856,192,,8840,0,150,mg/dL,192.0
506560,500834,500049,3007070,,2025-04-23,32856,40.1,,8840,40,60,mg/dL,40.1
506561,500834,500049,3028437,,2025-04-23,32856,83.1,,8840,0,130,mg/dL,83.1
506562,500834,500049,3013721,,2025-04-23,32856,41.6,,8645,0,40,U/L,41.6
506563,500834,500049,3006923,,2025-04-23,32856,44.7,,8645,0,40,U/L,44.7
506564,500834,500049,3016723,,2025-04-23,32856,1.08,,8840,0.6,1.2,mg/dL,1.08
506565,500834,500049,3049187,,2025-04-23,32856,99.2,,9550,90,130,mL/min/1.73m2,99.2
506566,500835,500049,3004410,,2025-07-20,32856,7.4,,8554,4,5.6,%,7.4
506567,500835,500049,3004501,,2025-07-20,32856,116,,8840,70,99,mg/dL,116.0
506568,500835,500049,3004249,,2025-07-20,32856,129,,8876,90,130,mmHg,129.0
506569,500835,500049,3012888,,2025-07-20,32856,77,,8876,60,85,mmHg,77.0
506570,500835,500049,3025315,,2025-07-20,32856,85.8,,9529,45,90,kg,85.8
506571,500835,500049,3038553,,2025-07-20,32856,29.5,,9531,18.5,25,kg/m2,29.5
506572,500836,500049,3004410,,2025-10-12,32856,7.4,,8554,4,5.6,%,7.4
506573,500836,500049,3004501,,2025-10-12,32856,164,,8840,70,99,mg/dL,164.0
506574,500836,500049,3004249,,2025-10-12,32856,162,,8876,90,130,mmHg,162.0
506575,500836,500049,3012888,,2025-10-12,32856,100,,8876,60,85,mmHg,100.0
506576,500836,500049,3025315,,2025-10-12,32856,84.8,,9529,45,90,kg,84.8
506577,500836,500049,3038553,,2025-10-12,32856,29.1,,9531,18.5,25,kg/m2,29.1
506578,500837,500049,3004410,,2026-01-11,32856,7,,8554,4,5.6,%,7.0
506579,500837,500049,3004501,,2026-01-11,32856,125,,8840,70,99,mg/dL,125.0
506580,500837,500049,3004249,,2026-01-11,32856,149,,8876,90,130,mmHg,149.0
506581,500837,500049,3012888,,2026-01-11,32856,86,,8876,60,85,mmHg,86.0
506582,500837,500049,3025315,,2026-01-11,32856,83.9,,9529,45,90,kg,83.9
506583,500837,500049,3038553,,2026-01-11,32856,28.8,,9531,18.5,25,kg/m2,28.8
506584,500838,500050,3036277,,2021-06-04,32856,168.6,,8582,150,185,cm,168.6
506585,500838,500050,3004410,,2021-06-04,32856,8,,8554,4,5.6,%,8.0
506586,500838,500050,3004501,,2021-06-04,32856,130,,8840,70,99,mg/dL,130.0
506587,500838,500050,3004249,,2021-06-04,32856,120,,8876,90,130,mmHg,120.0
506588,500838,500050,3012888,,2021-06-04,32856,65,,8876,60,85,mmHg,65.0
506589,500838,500050,3025315,,2021-06-04,32856,86.1,,9529,45,90,kg,86.1
506590,500838,500050,3038553,,2021-06-04,32856,30.3,,9531,18.5,25,kg/m2,30.3
506591,500838,500050,3022192,,2021-06-04,32856,178,,8840,0,150,mg/dL,178.0
506592,500838,500050,3007070,,2021-06-04,32856,43.6,,8840,40,60,mg/dL,43.6
506593,500838,500050,3028437,,2021-06-04,32856,60.6,,8840,0,130,mg/dL,60.6
506594,500838,500050,3013721,,2021-06-04,32856,70,,8645,0,40,U/L,70.0
506595,500838,500050,3006923,,2021-06-04,32856,0,,8645,0,40,U/L,0
506596,500838,500050,3016723,,2021-06-04,32856,0.74,,8840,0.6,1.2,mg/dL,0.74
506597,500838,500050,3049187,,2021-06-04,32856,88,,9550,90,130,mL/min/1.73m2,88.0
506598,500839,500050,3004410,,2021-09-09,32856,7.8,,8554,4,5.6,%,7.8
506599,500839,500050,3004501,,2021-09-09,32856,170,,8840,70,99,mg/dL,170.0
506600,500839,500050,3004249,,2021-09-09,32856,141,,8876,90,130,mmHg,141.0
506601,500839,500050,3012888,,2021-09-09,32856,68,,8876,60,85,mmHg,68.0
506602,500839,500050,3025315,,2021-09-09,32856,86.4,,9529,45,90,kg,86.4
506603,500839,500050,3038553,,2021-09-09,32856,30.4,,9531,18.5,25,kg/m2,30.4
506604,500840,500050,3004410,,2021-12-08,32856,7.4,,8554,4,5.6,%,7.4
506605,500840,500050,3004501,,2021-12-08,32856,142,,8840,70,99,mg/dL,142.0
506606,500840,500050,3004249,,2021-12-08,32856,147,,8876,90,130,mmHg,147.0
506607,500840,500050,3012888,,2021-12-08,32856,75,,8876,60,85,mmHg,75.0
506608,500840,500050,3025315,,2021-12-08,32856,87.1,,9529,45,90,kg,87.1
506609,500840,500050,3038553,,2021-12-08,32856,30.6,,9531,18.5,25,kg/m2,30.6
506610,500841,500050,3004410,,2022-03-03,32856,6.7,,8554,4,5.6,%,6.7
506611,500841,500050,3004501,,2022-03-03,32856,86,,8840,70,99,mg/dL,86.0
506612,500841,500050,3004249,,2022-03-03,32856,107,,8876,90,130,mmHg,107.0
506613,500841,500050,3012888,,2022-03-03,32856,87,,8876,60,85,mmHg,87.0
506614,500841,500050,3025315,,2022-03-03,32856,87.9,,9529,45,90,kg,87.9
506615,500841,500050,3038553,,2022-03-03,32856,30.9,,9531,18.5,25,kg/m2,30.9
506616,500842,500050,3004410,,2022-05-30,32856,7,,8554,4,5.6,%,7.0
506617,500842,500050,3004501,,2022-05-30,32856,135,,8840,70,99,mg/dL,135.0
506618,500842,500050,3004249,,2022-05-30,32856,127,,8876,90,130,mmHg,127.0
506619,500842,500050,3012888,,2022-05-30,32856,84,,8876,60,85,mmHg,84.0
506620,500842,500050,3025315,,2022-05-30,32856,87.9,,9529,45,90,kg,87.9
506621,500842,500050,3038553,,2022-05-30,32856,30.9,,9531,18.5,25,kg/m2,30.9
506622,500842,500050,3022192,,2022-05-30,32856,160.5,,8840,0,150,mg/dL,160.5
506623,500842,500050,3007070,,2022-05-30,32856,34.6,,8840,40,60,mg/dL,34.6
506624,500842,500050,3028437,,2022-05-30,32856,58.7,,8840,0,130,mg/dL,58.7
506625,500842,500050,3013721,,2022-05-30,32856,28.6,,8645,0,40,U/L,28.6
506626,500842,500050,3006923,,2022-05-30,32856,36,,8645,0,40,U/L,36.0
506627,500842,500050,3016723,,2022-05-30,32856,1.14,,8840,0.6,1.2,mg/dL,1.14
506628,500842,500050,3049187,,2022-05-30,32856,95.1,,9550,90,130,mL/min/1.73m2,95.1
506629,500843,500050,3004410,,2022-08-28,32856,7.1,,8554,4,5.6,%,7.1
506630,500843,500050,3004501,,2022-08-28,32856,144,,8840,70,99,mg/dL,144.0
506631,500843,500050,3004249,,2022-08-28,32856,118,,8876,90,130,mmHg,118.0
506632,500843,500050,3012888,,2022-08-28,32856,84,,8876,60,85,mmHg,84.0
506633,500843,500050,3025315,,2022-08-28,32856,88.3,,9529,45,90,kg,88.3
506634,500843,500050,3038553,,2022-08-28,32856,31.1,,9531,18.5,25,kg/m2,31.1
506635,500844,500050,3004410,,2022-11-22,32856,8,,8554,4,5.6,%,8.0
506636,500844,500050,3004501,,2022-11-22,32856,174,,8840,70,99,mg/dL,174.0
506637,500844,500050,3004249,,2022-11-22,32856,138,,8876,90,130,mmHg,138.0
506638,500844,500050,3012888,,2022-11-22,32856,73,,8876,60,85,mmHg,73.0
506639,500844,500050,3025315,,2022-11-22,32856,88.1,,9529,45,90,kg,88.1
506640,500844,500050,3038553,,2022-11-22,32856,31,,9531,18.5,25,kg/m2,31.0
506641,500845,500050,3004410,,2023-02-16,32856,7.9,,8554,4,5.6,%,7.9
506642,500845,500050,3004501,,2023-02-16,32856,145,,8840,70,99,mg/dL,145.0
506643,500845,500050,3004249,,2023-02-16,32856,127,,8876,90,130,mmHg,127.0
506644,500845,500050,3012888,,2023-02-16,32856,68,,8876,60,85,mmHg,68.0
506645,500845,500050,3025315,,2023-02-16,32856,88.9,,9529,45,90,kg,88.9
506646,500845,500050,3038553,,2023-02-16,32856,31.3,,9531,18.5,25,kg/m2,31.3
506647,500846,500050,3004410,,2023-05-15,32856,7.5,,8554,4,5.6,%,7.5
506648,500846,500050,3004501,,2023-05-15,32856,148,,8840,70,99,mg/dL,148.0
506649,500846,500050,3004249,,2023-05-15,32856,131,,8876,90,130,mmHg,131.0
506650,500846,500050,3012888,,2023-05-15,32856,73,,8876,60,85,mmHg,73.0
506651,500846,500050,3025315,,2023-05-15,32856,87.9,,9529,45,90,kg,87.9
506652,500846,500050,3038553,,2023-05-15,32856,30.9,,9531,18.5,25,kg/m2,30.9
506653,500846,500050,3022192,,2023-05-15,32856,216.8,,8840,0,150,mg/dL,216.8
506654,500846,500050,3007070,,2023-05-15,32856,23.6,,8840,40,60,mg/dL,23.6
506655,500846,500050,3028437,,2023-05-15,32856,80.3,,8840,0,130,mg/dL,80.3
506656,500846,500050,3013721,,2023-05-15,32856,50.8,,8645,0,40,U/L,50.8
506657,500846,500050,3006923,,2023-05-15,32856,79.2,,8645,0,40,U/L,79.2
506658,500846,500050,3016723,,2023-05-15,32856,1.02,,8840,0.6,1.2,mg/dL,1.02
506659,500846,500050,3049187,,2023-05-15,32856,125,,9550,90,130,mL/min/1.73m2,125.0
506660,500847,500050,3004410,,2023-08-07,32856,8.1,,8554,4,5.6,%,8.1
506661,500847,500050,3004501,,2023-08-07,32856,152,,8840,70,99,mg/dL,152.0
506662,500847,500050,3004249,,2023-08-07,32856,136,,8876,90,130,mmHg,136.0
506663,500847,500050,3012888,,2023-08-07,32856,68,,8876,60,85,mmHg,68.0
506664,500847,500050,3025315,,2023-08-07,32856,88.4,,9529,45,90,kg,88.4
506665,500847,500050,3038553,,2023-08-07,32856,31.1,,9531,18.5,25,kg/m2,31.1
506666,500848,500050,3004410,,2023-11-10,32856,7.4,,8554,4,5.6,%,7.4
506667,500848,500050,3004501,,2023-11-10,32856,119,,8840,70,99,mg/dL,119.0
506668,500848,500050,3004249,,2023-11-10,32856,129,,8876,90,130,mmHg,129.0
506669,500848,500050,3012888,,2023-11-10,32856,68,,8876,60,85,mmHg,68.0
506670,500848,500050,3025315,,2023-11-10,32856,86.9,,9529,45,90,kg,86.9
506671,500848,500050,3038553,,2023-11-10,32856,30.6,,9531,18.5,25,kg/m2,30.6
506672,500849,500050,3004410,,2024-02-08,32856,7,,8554,4,5.6,%,7.0
506673,500849,500050,3004501,,2024-02-08,32856,143,,8840,70,99,mg/dL,143.0
506674,500849,500050,3004249,,2024-02-08,32856,113,,8876,90,130,mmHg,113.0
506675,500849,500050,3012888,,2024-02-08,32856,77,,8876,60,85,mmHg,77.0
506676,500849,500050,3025315,,2024-02-08,32856,88.1,,9529,45,90,kg,88.1
506677,500849,500050,3038553,,2024-02-08,32856,31,,9531,18.5,25,kg/m2,31.0
506678,500850,500050,3004410,,2024-05-10,32856,7.1,,8554,4,5.6,%,7.1
506679,500850,500050,3004501,,2024-05-10,32856,134,,8840,70,99,mg/dL,134.0
506680,500850,500050,3004249,,2024-05-10,32856,110,,8876,90,130,mmHg,110.0
506681,500850,500050,3012888,,2024-05-10,32856,71,,8876,60,85,mmHg,71.0
506682,500850,500050,3025315,,2024-05-10,32856,89.4,,9529,45,90,kg,89.4
506683,500850,500050,3038553,,2024-05-10,32856,31.5,,9531,18.5,25,kg/m2,31.5
506684,500850,500050,3022192,,2024-05-10,32856,337.3,,8840,0,150,mg/dL,337.3
506685,500850,500050,3007070,,2024-05-10,32856,49.6,,8840,40,60,mg/dL,49.6
506686,500850,500050,3028437,,2024-05-10,32856,169.2,,8840,0,130,mg/dL,169.2
506687,500850,500050,3013721,,2024-05-10,32856,16,,8645,0,40,U/L,16.0
506688,500850,500050,3006923,,2024-05-10,32856,82.8,,8645,0,40,U/L,82.8
506689,500850,500050,3016723,,2024-05-10,32856,0.86,,8840,0.6,1.2,mg/dL,0.86
506690,500850,500050,3049187,,2024-05-10,32856,98.8,,9550,90,130,mL/min/1.73m2,98.8
506691,500851,500050,3004410,,2024-08-08,32856,7.7,,8554,4,5.6,%,7.7
506692,500851,500050,3004501,,2024-08-08,32856,159,,8840,70,99,mg/dL,159.0
506693,500851,500050,3004249,,2024-08-08,32856,143,,8876,90,130,mmHg,143.0
506694,500851,500050,3012888,,2024-08-08,32856,79,,8876,60,85,mmHg,79.0
506695,500851,500050,3025315,,2024-08-08,32856,90,,9529,45,90,kg,90.0
506696,500851,500050,3038553,,2024-08-08,32856,31.7,,9531,18.5,25,kg/m2,31.7
506697,500852,500051,3036277,,2018-09-02,32856,161.5,,8582,150,185,cm,161.5
506698,500852,500051,3004410,,2018-09-02,32856,8.6,,8554,4,5.6,%,8.6
506699,500852,500051,3004501,,2018-09-02,32856,141,,8840,70,99,mg/dL,141.0
506700,500852,500051,3004249,,2018-09-02,32856,124,,8876,90,130,mmHg,124.0
506701,500852,500051,3012888,,2018-09-02,32856,55,,8876,60,85,mmHg,55.0
506702,500852,500051,3025315,,2018-09-02,32856,65.2,,9529,45,90,kg,65.2
506703,500852,500051,3038553,,2018-09-02,32856,25,,9531,18.5,25,kg/m2,25.0
506704,500852,500051,3022192,,2018-09-02,32856,215.7,,8840,0,150,mg/dL,215.7
506705,500852,500051,3007070,,2018-09-02,32856,40,,8840,40,60,mg/dL,40.0
506706,500852,500051,3028437,,2018-09-02,32856,144.9,,8840,0,130,mg/dL,144.9
506707,500852,500051,3013721,,2018-09-02,32856,15.2,,8645,0,40,U/L,15.2
506708,500852,500051,3006923,,2018-09-02,32856,7.8,,8645,0,40,U/L,7.8
506709,500852,500051,3016723,,2018-09-02,32856,0.92,,8840,0.6,1.2,mg/dL,0.92
506710,500852,500051,3049187,,2018-09-02,32856,98.3,,9550,90,130,mL/min/1.73m2,98.3
506711,500853,500051,3004410,,2018-11-25,32856,8,,8554,4,5.6,%,8.0
506712,500853,500051,3004501,,2018-11-25,32856,158,,8840,70,99,mg/dL,158.0
506713,500853,500051,3004249,,2018-11-25,32856,118,,8876,90,130,mmHg,118.0
506714,500853,500051,3012888,,2018-11-25,32856,70,,8876,60,85,mmHg,70.0
506715,500853,500051,3025315,,2018-11-25,32856,65.7,,9529,45,90,kg,65.7
506716,500853,500051,3038553,,2018-11-25,32856,25.2,,9531,18.5,25,kg/m2,25.2
506717,500854,500051,3004410,,2019-03-03,32856,8.1,,8554,4,5.6,%,8.1
506718,500854,500051,3004501,,2019-03-03,32856,167,,8840,70,99,mg/dL,167.0
506719,500854,500051,3004249,,2019-03-03,32856,135,,8876,90,130,mmHg,135.0
506720,500854,500051,3012888,,2019-03-03,32856,64,,8876,60,85,mmHg,64.0
506721,500854,500051,3025315,,2019-03-03,32856,65,,9529,45,90,kg,65.0
506722,500854,500051,3038553,,2019-03-03,32856,24.9,,9531,18.5,25,kg/m2,24.9
506723,500855,500051,3004410,,2019-05-28,32856,7.9,,8554,4,5.6,%,7.9
506724,500855,500051,3004501,,2019-05-28,32856,169,,8840,70,99,mg/dL,169.0
506725,500855,500051,3004249,,2019-05-28,32856,133,,8876,90,130,mmHg,133.0
506726,500855,500051,3012888,,2019-05-28,32856,79,,8876,60,85,mmHg,79.0
506727,500855,500051,3025315,,2019-05-28,32856,66,,9529,45,90,kg,66.0
506728,500855,500051,3038553,,2019-05-28,32856,25.3,,9531,18.5,25,kg/m2,25.3
506729,500856,500051,3004410,,2019-08-25,32856,7.4,,8554,4,5.6,%,7.4
506730,500856,500051,3004501,,2019-08-25,32856,119,,8840,70,99,mg/dL,119.0
506731,500856,500051,3004249,,2019-08-25,32856,127,,8876,90,130,mmHg,127.0
506732,500856,500051,3012888,,2019-08-25,32856,82,,8876,60,85,mmHg,82.0
506733,500856,500051,3025315,,2019-08-25,32856,64.5,,9529,45,90,kg,64.5
506734,500856,500051,3038553,,2019-08-25,32856,24.7,,9531,18.5,25,kg/m2,24.7
506735,500856,500051,3022192,,2019-08-25,32856,165.2,,8840,0,150,mg/dL,165.2
506736,500856,500051,3007070,,2019-08-25,32856,43.2,,8840,40,60,mg/dL,43.2
506737,500856,500051,3028437,,2019-08-25,32856,101.4,,8840,0,130,mg/dL,101.4
506738,500856,500051,3013721,,2019-08-25,32856,49.1,,8645,0,40,U/L,49.1
506739,500856,500051,3006923,,2019-08-25,32856,42.3,,8645,0,40,U/L,42.3
506740,500856,500051,3016723,,2019-08-25,32856,1.32,,8840,0.6,1.2,mg/dL,1.32
506741,500856,500051,3049187,,2019-08-25,32856,71.2,,9550,90,130,mL/min/1.73m2,71.2
506742,500857,500051,3004410,,2019-11-24,32856,7.1,,8554,4,5.6,%,7.1
506743,500857,500051,3004501,,2019-11-24,32856,136,,8840,70,99,mg/dL,136.0
506744,500857,500051,3004249,,2019-11-24,32856,126,,8876,90,130,mmHg,126.0
506745,500857,500051,3012888,,2019-11-24,32856,89,,8876,60,85,mmHg,89.0
506746,500857,500051,3025315,,2019-11-24,32856,64.5,,9529,45,90,kg,64.5
506747,500857,500051,3038553,,2019-11-24,32856,24.7,,9531,18.5,25,kg/m2,24.7
506748,500858,500051,3004410,,2020-03-01,32856,7.2,,8554,4,5.6,%,7.2
506749,500858,500051,3004501,,2020-03-01,32856,112,,8840,70,99,mg/dL,112.0
506750,500858,500051,3004249,,2020-03-01,32856,128,,8876,90,130,mmHg,128.0
506751,500858,500051,3012888,,2020-03-01,32856,79,,8876,60,85,mmHg,79.0
506752,500858,500051,3025315,,2020-03-01,32856,63.7,,9529,45,90,kg,63.7
506753,500858,500051,3038553,,2020-03-01,32856,24.4,,9531,18.5,25,kg/m2,24.4
506754,500859,500051,3004410,,2020-06-05,32856,7.1,,8554,4,5.6,%,7.1
506755,500859,500051,3004501,,2020-06-05,32856,126,,8840,70,99,mg/dL,126.0
506756,500859,500051,3004249,,2020-06-05,32856,92,,8876,90,130,mmHg,92.0
506757,500859,500051,3012888,,2020-06-05,32856,72,,8876,60,85,mmHg,72.0
506758,500859,500051,3025315,,2020-06-05,32856,64,,9529,45,90,kg,64.0
506759,500859,500051,3038553,,2020-06-05,32856,24.5,,9531,18.5,25,kg/m2,24.5
506760,500860,500051,3004410,,2020-09-09,32856,6.8,,8554,4,5.6,%,6.8
506761,500860,500051,3004501,,2020-09-09,32856,95,,8840,70,99,mg/dL,95.0
506762,500860,500051,3004249,,2020-09-09,32856,99,,8876,90,130,mmHg,99.0
506763,500860,500051,3012888,,2020-09-09,32856,88,,8876,60,85,mmHg,88.0
506764,500860,500051,3025315,,2020-09-09,32856,63.1,,9529,45,90,kg,63.1
506765,500860,500051,3038553,,2020-09-09,32856,24.2,,9531,18.5,25,kg/m2,24.2
506766,500860,500051,3022192,,2020-09-09,32856,187.3,,8840,0,150,mg/dL,187.3
506767,500860,500051,3007070,,2020-09-09,32856,55,,8840,40,60,mg/dL,55.0
506768,500860,500051,3028437,,2020-09-09,32856,91.4,,8840,0,130,mg/dL,91.4
506769,500860,500051,3013721,,2020-09-09,32856,56,,8645,0,40,U/L,56.0
506770,500860,500051,3006923,,2020-09-09,32856,48,,8645,0,40,U/L,48.0
506771,500860,500051,3016723,,2020-09-09,32856,0.51,,8840,0.6,1.2,mg/dL,0.51
506772,500860,500051,3049187,,2020-09-09,32856,121.8,,9550,90,130,mL/min/1.73m2,121.8
506773,500861,500051,3004410,,2020-12-06,32856,6.7,,8554,4,5.6,%,6.7
506774,500861,500051,3004501,,2020-12-06,32856,152,,8840,70,99,mg/dL,152.0
506775,500861,500051,3004249,,2020-12-06,32856,130,,8876,90,130,mmHg,130.0
506776,500861,500051,3012888,,2020-12-06,32856,74,,8876,60,85,mmHg,74.0
506777,500861,500051,3025315,,2020-12-06,32856,62.6,,9529,45,90,kg,62.6
506778,500861,500051,3038553,,2020-12-06,32856,24,,9531,18.5,25,kg/m2,24.0
506779,500862,500051,3004410,,2021-03-10,32856,7.3,,8554,4,5.6,%,7.3
506780,500862,500051,3004501,,2021-03-10,32856,155,,8840,70,99,mg/dL,155.0
506781,500862,500051,3004249,,2021-03-10,32856,128,,8876,90,130,mmHg,128.0
506782,500862,500051,3012888,,2021-03-10,32856,77,,8876,60,85,mmHg,77.0
506783,500862,500051,3025315,,2021-03-10,32856,63.7,,9529,45,90,kg,63.7
506784,500862,500051,3038553,,2021-03-10,32856,24.4,,9531,18.5,25,kg/m2,24.4
506785,500863,500051,3004410,,2021-06-06,32856,7.6,,8554,4,5.6,%,7.6
506786,500863,500051,3004501,,2021-06-06,32856,130,,8840,70,99,mg/dL,130.0
506787,500863,500051,3004249,,2021-06-06,32856,128,,8876,90,130,mmHg,128.0
506788,500863,500051,3012888,,2021-06-06,32856,80,,8876,60,85,mmHg,80.0
506789,500863,500051,3025315,,2021-06-06,32856,63.6,,9529,45,90,kg,63.6
506790,500863,500051,3038553,,2021-06-06,32856,24.4,,9531,18.5,25,kg/m2,24.4
506791,500864,500051,3004410,,2021-09-08,32856,7.9,,8554,4,5.6,%,7.9
506792,500864,500051,3004501,,2021-09-08,32856,127,,8840,70,99,mg/dL,127.0
506793,500864,500051,3004249,,2021-09-08,32856,150,,8876,90,130,mmHg,150.0
506794,500864,500051,3012888,,2021-09-08,32856,71,,8876,60,85,mmHg,71.0
506795,500864,500051,3025315,,2021-09-08,32856,62.7,,9529,45,90,kg,62.7
506796,500864,500051,3038553,,2021-09-08,32856,24,,9531,18.5,25,kg/m2,24.0
506797,500864,500051,3022192,,2021-09-08,32856,224.7,,8840,0,150,mg/dL,224.7
506798,500864,500051,3007070,,2021-09-08,32856,62.2,,8840,40,60,mg/dL,62.2
506799,500864,500051,3028437,,2021-09-08,32856,90.1,,8840,0,130,mg/dL,90.1
506800,500864,500051,3013721,,2021-09-08,32856,71.4,,8645,0,40,U/L,71.4
506801,500864,500051,3006923,,2021-09-08,32856,81.6,,8645,0,40,U/L,81.6
506802,500864,500051,3016723,,2021-09-08,32856,0.75,,8840,0.6,1.2,mg/dL,0.75
506803,500864,500051,3049187,,2021-09-08,32856,73.9,,9550,90,130,mL/min/1.73m2,73.9
506804,500865,500051,3004410,,2021-12-04,32856,7.9,,8554,4,5.6,%,7.9
506805,500865,500051,3004501,,2021-12-04,32856,143,,8840,70,99,mg/dL,143.0
506806,500865,500051,3004249,,2021-12-04,32856,127,,8876,90,130,mmHg,127.0
506807,500865,500051,3012888,,2021-12-04,32856,73,,8876,60,85,mmHg,73.0
506808,500865,500051,3025315,,2021-12-04,32856,61.4,,9529,45,90,kg,61.4
506809,500865,500051,3038553,,2021-12-04,32856,23.5,,9531,18.5,25,kg/m2,23.5
506810,500866,500051,3004410,,2022-03-08,32856,7.5,,8554,4,5.6,%,7.5
506811,500866,500051,3004501,,2022-03-08,32856,154,,8840,70,99,mg/dL,154.0
506812,500866,500051,3004249,,2022-03-08,32856,124,,8876,90,130,mmHg,124.0
506813,500866,500051,3012888,,2022-03-08,32856,79,,8876,60,85,mmHg,79.0
506814,500866,500051,3025315,,2022-03-08,32856,60.3,,9529,45,90,kg,60.3
506815,500866,500051,3038553,,2022-03-08,32856,23.1,,9531,18.5,25,kg/m2,23.1
506816,500867,500052,3036277,,2023-09-27,32856,168.2,,8582,150,185,cm,168.2
506817,500867,500052,3004410,,2023-09-27,32856,8.1,,8554,4,5.6,%,8.1
506818,500867,500052,3004501,,2023-09-27,32856,143,,8840,70,99,mg/dL,143.0
506819,500867,500052,3004249,,2023-09-27,32856,146,,8876,90,130,mmHg,146.0
506820,500867,500052,3012888,,2023-09-27,32856,88,,8876,60,85,mmHg,88.0
506821,500867,500052,3025315,,2023-09-27,32856,76.4,,9529,45,90,kg,76.4
506822,500867,500052,3038553,,2023-09-27,32856,27,,9531,18.5,25,kg/m2,27.0
506823,500867,500052,3022192,,2023-09-27,32856,198,,8840,0,150,mg/dL,198.0
506824,500867,500052,3007070,,2023-09-27,32856,54.3,,8840,40,60,mg/dL,54.3
506825,500867,500052,3028437,,2023-09-27,32856,90.1,,8840,0,130,mg/dL,90.1
506826,500867,500052,3013721,,2023-09-27,32856,15.3,,8645,0,40,U/L,15.3
506827,500867,500052,3006923,,2023-09-27,32856,26.4,,8645,0,40,U/L,26.4
506828,500867,500052,3016723,,2023-09-27,32856,1.23,,8840,0.6,1.2,mg/dL,1.23
506829,500867,500052,3049187,,2023-09-27,32856,95.8,,9550,90,130,mL/min/1.73m2,95.8
506830,500868,500052,3004410,,2023-12-23,32856,7.5,,8554,4,5.6,%,7.5
506831,500868,500052,3004501,,2023-12-23,32856,136,,8840,70,99,mg/dL,136.0
506832,500868,500052,3004249,,2023-12-23,32856,132,,8876,90,130,mmHg,132.0
506833,500868,500052,3012888,,2023-12-23,32856,88,,8876,60,85,mmHg,88.0
506834,500868,500052,3025315,,2023-12-23,32856,76.5,,9529,45,90,kg,76.5
506835,500868,500052,3038553,,2023-12-23,32856,27,,9531,18.5,25,kg/m2,27.0
506836,500869,500052,3004410,,2024-03-19,32856,7.8,,8554,4,5.6,%,7.8
506837,500869,500052,3004501,,2024-03-19,32856,184,,8840,70,99,mg/dL,184.0
506838,500869,500052,3004249,,2024-03-19,32856,124,,8876,90,130,mmHg,124.0
506839,500869,500052,3012888,,2024-03-19,32856,69,,8876,60,85,mmHg,69.0
506840,500869,500052,3025315,,2024-03-19,32856,76.1,,9529,45,90,kg,76.1
506841,500869,500052,3038553,,2024-03-19,32856,26.9,,9531,18.5,25,kg/m2,26.9
506842,500870,500052,3004410,,2024-06-12,32856,8.1,,8554,4,5.6,%,8.1
506843,500870,500052,3004501,,2024-06-12,32856,159,,8840,70,99,mg/dL,159.0
506844,500870,500052,3004249,,2024-06-12,32856,135,,8876,90,130,mmHg,135.0
506845,500870,500052,3012888,,2024-06-12,32856,80,,8876,60,85,mmHg,80.0
506846,500870,500052,3025315,,2024-06-12,32856,76,,9529,45,90,kg,76.0
506847,500870,500052,3038553,,2024-06-12,32856,26.9,,9531,18.5,25,kg/m2,26.9
506848,500871,500052,3004410,,2024-09-04,32856,7.1,,8554,4,5.6,%,7.1
506849,500871,500052,3004501,,2024-09-04,32856,112,,8840,70,99,mg/dL,112.0
506850,500871,500052,3004249,,2024-09-04,32856,173,,8876,90,130,mmHg,173.0
506851,500871,500052,3012888,,2024-09-04,32856,84,,8876,60,85,mmHg,84.0
506852,500871,500052,3025315,,2024-09-04,32856,75.4,,9529,45,90,kg,75.4
506853,500871,500052,3038553,,2024-09-04,32856,26.7,,9531,18.5,25,kg/m2,26.7
506854,500871,500052,3022192,,2024-09-04,32856,184.9,,8840,0,150,mg/dL,184.9
506855,500871,500052,3007070,,2024-09-04,32856,60.2,,8840,40,60,mg/dL,60.2
506856,500871,500052,3028437,,2024-09-04,32856,88.5,,8840,0,130,mg/dL,88.5
506857,500871,500052,3013721,,2024-09-04,32856,42,,8645,0,40,U/L,42.0
506858,500871,500052,3006923,,2024-09-04,32856,65.7,,8645,0,40,U/L,65.7
506859,500871,500052,3016723,,2024-09-04,32856,0.63,,8840,0.6,1.2,mg/dL,0.63
506860,500871,500052,3049187,,2024-09-04,32856,115.6,,9550,90,130,mL/min/1.73m2,115.6
506861,500872,500052,3004410,,2024-11-30,32856,7.2,,8554,4,5.6,%,7.2
506862,500872,500052,3004501,,2024-11-30,32856,170,,8840,70,99,mg/dL,170.0
506863,500872,500052,3004249,,2024-11-30,32856,133,,8876,90,130,mmHg,133.0
506864,500872,500052,3012888,,2024-11-30,32856,90,,8876,60,85,mmHg,90.0
506865,500872,500052,3025315,,2024-11-30,32856,75.9,,9529,45,90,kg,75.9
506866,500872,500052,3038553,,2024-11-30,32856,26.8,,9531,18.5,25,kg/m2,26.8
506867,500873,500052,3004410,,2025-03-07,32856,6.9,,8554,4,5.6,%,6.9
506868,500873,500052,3004501,,2025-03-07,32856,132,,8840,70,99,mg/dL,132.0
506869,500873,500052,3004249,,2025-03-07,32856,134,,8876,90,130,mmHg,134.0
506870,500873,500052,3012888,,2025-03-07,32856,90,,8876,60,85,mmHg,90.0
506871,500873,500052,3025315,,2025-03-07,32856,75.7,,9529,45,90,kg,75.7
506872,500873,500052,3038553,,2025-03-07,32856,26.8,,9531,18.5,25,kg/m2,26.8
506873,500874,500052,3004410,,2025-06-06,32856,6.5,,8554,4,5.6,%,6.5
506874,500874,500052,3004501,,2025-06-06,32856,114,,8840,70,99,mg/dL,114.0
506875,500874,500052,3004249,,2025-06-06,32856,158,,8876,90,130,mmHg,158.0
506876,500874,500052,3012888,,2025-06-06,32856,90,,8876,60,85,mmHg,90.0
506877,500874,500052,3025315,,2025-06-06,32856,75.7,,9529,45,90,kg,75.7
506878,500874,500052,3038553,,2025-06-06,32856,26.8,,9531,18.5,25,kg/m2,26.8
506879,500875,500052,3004410,,2025-09-11,32856,7.9,,8554,4,5.6,%,7.9
506880,500875,500052,3004501,,2025-09-11,32856,164,,8840,70,99,mg/dL,164.0
506881,500875,500052,3004249,,2025-09-11,32856,135,,8876,90,130,mmHg,135.0
506882,500875,500052,3012888,,2025-09-11,32856,88,,8876,60,85,mmHg,88.0
506883,500875,500052,3025315,,2025-09-11,32856,75.9,,9529,45,90,kg,75.9
506884,500875,500052,3038553,,2025-09-11,32856,26.8,,9531,18.5,25,kg/m2,26.8
506885,500875,500052,3022192,,2025-09-11,32856,240.5,,8840,0,150,mg/dL,240.5
506886,500875,500052,3007070,,2025-09-11,32856,58.1,,8840,40,60,mg/dL,58.1
506887,500875,500052,3028437,,2025-09-11,32856,121.3,,8840,0,130,mg/dL,121.3
506888,500875,500052,3013721,,2025-09-11,32856,0,,8645,0,40,U/L,0
506889,500875,500052,3006923,,2025-09-11,32856,13.6,,8645,0,40,U/L,13.6
506890,500875,500052,3016723,,2025-09-11,32856,2.11,,8840,0.6,1.2,mg/dL,2.11
506891,500875,500052,3049187,,2025-09-11,32856,44,,9550,90,130,mL/min/1.73m2,44.0
506892,500876,500052,3004410,,2025-12-12,32856,8.3,,8554,4,5.6,%,8.3
506893,500876,500052,3004501,,2025-12-12,32856,181,,8840,70,99,mg/dL,181.0
506894,500876,500052,3004249,,2025-12-12,32856,145,,8876,90,130,mmHg,145.0
506895,500876,500052,3012888,,2025-12-12,32856,80,,8876,60,85,mmHg,80.0
506896,500876,500052,3025315,,2025-12-12,32856,74.7,,9529,45,90,kg,74.7
506897,500876,500052,3038553,,2025-12-12,32856,26.4,,9531,18.5,25,kg/m2,26.4
506898,500877,500052,3004410,,2026-03-15,32856,7.6,,8554,4,5.6,%,7.6
506899,500877,500052,3004501,,2026-03-15,32856,170,,8840,70,99,mg/dL,170.0
506900,500877,500052,3004249,,2026-03-15,32856,143,,8876,90,130,mmHg,143.0
506901,500877,500052,3012888,,2026-03-15,32856,82,,8876,60,85,mmHg,82.0
506902,500877,500052,3025315,,2026-03-15,32856,74.2,,9529,45,90,kg,74.2
506903,500877,500052,3038553,,2026-03-15,32856,26.2,,9531,18.5,25,kg/m2,26.2
506904,500878,500052,3004410,,2026-06-11,32856,7.3,,8554,4,5.6,%,7.3
506905,500878,500052,3004501,,2026-06-11,32856,136,,8840,70,99,mg/dL,136.0
506906,500878,500052,3004249,,2026-06-11,32856,127,,8876,90,130,mmHg,127.0
506907,500878,500052,3012888,,2026-06-11,32856,75,,8876,60,85,mmHg,75.0
506908,500878,500052,3025315,,2026-06-11,32856,73.3,,9529,45,90,kg,73.3
506909,500878,500052,3038553,,2026-06-11,32856,25.9,,9531,18.5,25,kg/m2,25.9
506910,500879,500053,3036277,,2021-01-18,32856,163.7,,8582,150,185,cm,163.7
506911,500879,500053,3004410,,2021-01-18,32856,9.1,,8554,4,5.6,%,9.1
506912,500879,500053,3004501,,2021-01-18,32856,185,,8840,70,99,mg/dL,185.0
506913,500879,500053,3004249,,2021-01-18,32856,145,,8876,90,130,mmHg,145.0
506914,500879,500053,3012888,,2021-01-18,32856,71,,8876,60,85,mmHg,71.0
506915,500879,500053,3025315,,2021-01-18,32856,79.3,,9529,45,90,kg,79.3
506916,500879,500053,3038553,,2021-01-18,32856,29.6,,9531,18.5,25,kg/m2,29.6
506917,500879,500053,3022192,,2021-01-18,32856,187.7,,8840,0,150,mg/dL,187.7
506918,500879,500053,3007070,,2021-01-18,32856,40,,8840,40,60,mg/dL,40.0
506919,500879,500053,3028437,,2021-01-18,32856,167.9,,8840,0,130,mg/dL,167.9
506920,500879,500053,3013721,,2021-01-18,32856,47.9,,8645,0,40,U/L,47.9
506921,500879,500053,3006923,,2021-01-18,32856,66.8,,8645,0,40,U/L,66.8
506922,500879,500053,3016723,,2021-01-18,32856,1.04,,8840,0.6,1.2,mg/dL,1.04
506923,500879,500053,3049187,,2021-01-18,32856,31,,9550,90,130,mL/min/1.73m2,31.0
506924,500880,500053,3004410,,2021-04-25,32856,8.7,,8554,4,5.6,%,8.7
506925,500880,500053,3004501,,2021-04-25,32856,144,,8840,70,99,mg/dL,144.0
506926,500880,500053,3004249,,2021-04-25,32856,135,,8876,90,130,mmHg,135.0
506927,500880,500053,3012888,,2021-04-25,32856,96,,8876,60,85,mmHg,96.0
506928,500880,500053,3025315,,2021-04-25,32856,79.1,,9529,45,90,kg,79.1
506929,500880,500053,3038553,,2021-04-25,32856,29.5,,9531,18.5,25,kg/m2,29.5
506930,500881,500053,3004410,,2021-07-27,32856,8.2,,8554,4,5.6,%,8.2
506931,500881,500053,3004501,,2021-07-27,32856,137,,8840,70,99,mg/dL,137.0
506932,500881,500053,3004249,,2021-07-27,32856,149,,8876,90,130,mmHg,149.0
506933,500881,500053,3012888,,2021-07-27,32856,80,,8876,60,85,mmHg,80.0
506934,500881,500053,3025315,,2021-07-27,32856,79.8,,9529,45,90,kg,79.8
506935,500881,500053,3038553,,2021-07-27,32856,29.8,,9531,18.5,25,kg/m2,29.8
506936,500882,500053,3004410,,2021-10-25,32856,7.2,,8554,4,5.6,%,7.2
506937,500882,500053,3004501,,2021-10-25,32856,124,,8840,70,99,mg/dL,124.0
506938,500882,500053,3004249,,2021-10-25,32856,126,,8876,90,130,mmHg,126.0
506939,500882,500053,3012888,,2021-10-25,32856,81,,8876,60,85,mmHg,81.0
506940,500882,500053,3025315,,2021-10-25,32856,79.3,,9529,45,90,kg,79.3
506941,500882,500053,3038553,,2021-10-25,32856,29.6,,9531,18.5,25,kg/m2,29.6
506942,500883,500053,3004410,,2022-01-27,32856,6.5,,8554,4,5.6,%,6.5
506943,500883,500053,3004501,,2022-01-27,32856,133,,8840,70,99,mg/dL,133.0
506944,500883,500053,3004249,,2022-01-27,32856,153,,8876,90,130,mmHg,153.0
506945,500883,500053,3012888,,2022-01-27,32856,80,,8876,60,85,mmHg,80.0
506946,500883,500053,3025315,,2022-01-27,32856,80.7,,9529,45,90,kg,80.7
506947,500883,500053,3038553,,2022-01-27,32856,30.1,,9531,18.5,25,kg/m2,30.1
506948,500883,500053,3022192,,2022-01-27,32856,181.2,,8840,0,150,mg/dL,181.2
506949,500883,500053,3007070,,2022-01-27,32856,48,,8840,40,60,mg/dL,48.0
506950,500883,500053,3028437,,2022-01-27,32856,126.2,,8840,0,130,mg/dL,126.2
506951,500883,500053,3013721,,2022-01-27,32856,64.1,,8645,0,40,U/L,64.1
506952,500883,500053,3006923,,2022-01-27,32856,50.5,,8645,0,40,U/L,50.5
506953,500883,500053,3016723,,2022-01-27,32856,0.74,,8840,0.6,1.2,mg/dL,0.74
506954,500883,500053,3049187,,2022-01-27,32856,87.7,,9550,90,130,mL/min/1.73m2,87.7
506955,500884,500053,3004410,,2022-05-05,32856,6.9,,8554,4,5.6,%,6.9
506956,500884,500053,3004501,,2022-05-05,32856,117,,8840,70,99,mg/dL,117.0
506957,500884,500053,3004249,,2022-05-05,32856,135,,8876,90,130,mmHg,135.0
506958,500884,500053,3012888,,2022-05-05,32856,83,,8876,60,85,mmHg,83.0
506959,500884,500053,3025315,,2022-05-05,32856,81,,9529,45,90,kg,81.0
506960,500884,500053,3038553,,2022-05-05,32856,30.2,,9531,18.5,25,kg/m2,30.2
506961,500885,500053,3004410,,2022-08-06,32856,6.9,,8554,4,5.6,%,6.9
506962,500885,500053,3004501,,2022-08-06,32856,145,,8840,70,99,mg/dL,145.0
506963,500885,500053,3004249,,2022-08-06,32856,120,,8876,90,130,mmHg,120.0
506964,500885,500053,3012888,,2022-08-06,32856,96,,8876,60,85,mmHg,96.0
506965,500885,500053,3025315,,2022-08-06,32856,79.4,,9529,45,90,kg,79.4
506966,500885,500053,3038553,,2022-08-06,32856,29.6,,9531,18.5,25,kg/m2,29.6
506967,500886,500053,3004410,,2022-11-09,32856,6.7,,8554,4,5.6,%,6.7
506968,500886,500053,3004501,,2022-11-09,32856,124,,8840,70,99,mg/dL,124.0
506969,500886,500053,3004249,,2022-11-09,32856,142,,8876,90,130,mmHg,142.0
506970,500886,500053,3012888,,2022-11-09,32856,86,,8876,60,85,mmHg,86.0
506971,500886,500053,3025315,,2022-11-09,32856,78.9,,9529,45,90,kg,78.9
506972,500886,500053,3038553,,2022-11-09,32856,29.4,,9531,18.5,25,kg/m2,29.4
506973,500887,500053,3004410,,2023-02-12,32856,6.5,,8554,4,5.6,%,6.5
506974,500887,500053,3004501,,2023-02-12,32856,108,,8840,70,99,mg/dL,108.0
506975,500887,500053,3004249,,2023-02-12,32856,150,,8876,90,130,mmHg,150.0
506976,500887,500053,3012888,,2023-02-12,32856,90,,8876,60,85,mmHg,90.0
506977,500887,500053,3025315,,2023-02-12,32856,78.4,,9529,45,90,kg,78.4
506978,500887,500053,3038553,,2023-02-12,32856,29.3,,9531,18.5,25,kg/m2,29.3
506979,500887,500053,3022192,,2023-02-12,32856,211.5,,8840,0,150,mg/dL,211.5
506980,500887,500053,3007070,,2023-02-12,32856,40.1,,8840,40,60,mg/dL,40.1
506981,500887,500053,3028437,,2023-02-12,32856,69.8,,8840,0,130,mg/dL,69.8
506982,500887,500053,3013721,,2023-02-12,32856,4.6,,8645,0,40,U/L,4.6
506983,500887,500053,3006923,,2023-02-12,32856,68.7,,8645,0,40,U/L,68.7
506984,500887,500053,3016723,,2023-02-12,32856,0.92,,8840,0.6,1.2,mg/dL,0.92
506985,500887,500053,3049187,,2023-02-12,32856,56.4,,9550,90,130,mL/min/1.73m2,56.4
506986,500888,500053,3004410,,2023-05-19,32856,6.6,,8554,4,5.6,%,6.6
506987,500888,500053,3004501,,2023-05-19,32856,140,,8840,70,99,mg/dL,140.0
506988,500888,500053,3004249,,2023-05-19,32856,138,,8876,90,130,mmHg,138.0
506989,500888,500053,3012888,,2023-05-19,32856,95,,8876,60,85,mmHg,95.0
506990,500888,500053,3025315,,2023-05-19,32856,77.6,,9529,45,90,kg,77.6
506991,500888,500053,3038553,,2023-05-19,32856,29,,9531,18.5,25,kg/m2,29.0
506992,500889,500053,3004410,,2023-08-13,32856,6.8,,8554,4,5.6,%,6.8
506993,500889,500053,3004501,,2023-08-13,32856,137,,8840,70,99,mg/dL,137.0
506994,500889,500053,3004249,,2023-08-13,32856,142,,8876,90,130,mmHg,142.0
506995,500889,500053,3012888,,2023-08-13,32856,89,,8876,60,85,mmHg,89.0
506996,500889,500053,3025315,,2023-08-13,32856,77.9,,9529,45,90,kg,77.9
506997,500889,500053,3038553,,2023-08-13,32856,29.1,,9531,18.5,25,kg/m2,29.1
506998,500890,500053,3004410,,2023-11-07,32856,6.5,,8554,4,5.6,%,6.5
506999,500890,500053,3004501,,2023-11-07,32856,101,,8840,70,99,mg/dL,101.0
507000,500890,500053,3004249,,2023-11-07,32856,126,,8876,90,130,mmHg,126.0
507001,500890,500053,3012888,,2023-11-07,32856,75,,8876,60,85,mmHg,75.0
507002,500890,500053,3025315,,2023-11-07,32856,79,,9529,45,90,kg,79.0
507003,500890,500053,3038553,,2023-11-07,32856,29.5,,9531,18.5,25,kg/m2,29.5
507004,500891,500053,3004410,,2024-02-12,32856,6.7,,8554,4,5.6,%,6.7
507005,500891,500053,3004501,,2024-02-12,32856,114,,8840,70,99,mg/dL,114.0
507006,500891,500053,3004249,,2024-02-12,32856,141,,8876,90,130,mmHg,141.0
507007,500891,500053,3012888,,2024-02-12,32856,77,,8876,60,85,mmHg,77.0
507008,500891,500053,3025315,,2024-02-12,32856,79.9,,9529,45,90,kg,79.9
507009,500891,500053,3038553,,2024-02-12,32856,29.8,,9531,18.5,25,kg/m2,29.8
507010,500891,500053,3022192,,2024-02-12,32856,58,,8840,0,150,mg/dL,58.0
507011,500891,500053,3007070,,2024-02-12,32856,46.1,,8840,40,60,mg/dL,46.1
507012,500891,500053,3028437,,2024-02-12,32856,125.9,,8840,0,130,mg/dL,125.9
507013,500891,500053,3013721,,2024-02-12,32856,24.1,,8645,0,40,U/L,24.1
507014,500891,500053,3006923,,2024-02-12,32856,39.5,,8645,0,40,U/L,39.5
507015,500891,500053,3016723,,2024-02-12,32856,1.12,,8840,0.6,1.2,mg/dL,1.12
507016,500891,500053,3049187,,2024-02-12,32856,61.6,,9550,90,130,mL/min/1.73m2,61.6
507017,500892,500053,3004410,,2024-05-08,32856,6.4,,8554,4,5.6,%,6.4
507018,500892,500053,3004501,,2024-05-08,32856,120,,8840,70,99,mg/dL,120.0
507019,500892,500053,3004249,,2024-05-08,32856,132,,8876,90,130,mmHg,132.0
507020,500892,500053,3012888,,2024-05-08,32856,69,,8876,60,85,mmHg,69.0
507021,500892,500053,3025315,,2024-05-08,32856,80.6,,9529,45,90,kg,80.6
507022,500892,500053,3038553,,2024-05-08,32856,30.1,,9531,18.5,25,kg/m2,30.1
507023,500893,500053,3004410,,2024-07-31,32856,6.2,,8554,4,5.6,%,6.2
507024,500893,500053,3004501,,2024-07-31,32856,103,,8840,70,99,mg/dL,103.0
507025,500893,500053,3004249,,2024-07-31,32856,143,,8876,90,130,mmHg,143.0
507026,500893,500053,3012888,,2024-07-31,32856,88,,8876,60,85,mmHg,88.0
507027,500893,500053,3025315,,2024-07-31,32856,80.3,,9529,45,90,kg,80.3
507028,500893,500053,3038553,,2024-07-31,32856,30,,9531,18.5,25,kg/m2,30.0
507029,500894,500053,3004410,,2024-11-06,32856,6.7,,8554,4,5.6,%,6.7
507030,500894,500053,3004501,,2024-11-06,32856,94,,8840,70,99,mg/dL,94.0
507031,500894,500053,3004249,,2024-11-06,32856,124,,8876,90,130,mmHg,124.0
507032,500894,500053,3012888,,2024-11-06,32856,72,,8876,60,85,mmHg,72.0
507033,500894,500053,3025315,,2024-11-06,32856,79.8,,9529,45,90,kg,79.8
507034,500894,500053,3038553,,2024-11-06,32856,29.8,,9531,18.5,25,kg/m2,29.8
507035,500895,500054,3036277,,2020-07-10,32856,154.5,,8582,150,185,cm,154.5
507036,500895,500054,3004410,,2020-07-10,32856,6.2,,8554,4,5.6,%,6.2
507037,500895,500054,3004501,,2020-07-10,32856,122,,8840,70,99,mg/dL,122.0
507038,500895,500054,3004249,,2020-07-10,32856,143,,8876,90,130,mmHg,143.0
507039,500895,500054,3012888,,2020-07-10,32856,71,,8876,60,85,mmHg,71.0
507040,500895,500054,3025315,,2020-07-10,32856,63,,9529,45,90,kg,63.0
507041,500895,500054,3038553,,2020-07-10,32856,26.4,,9531,18.5,25,kg/m2,26.4
507042,500895,500054,3022192,,2020-07-10,32856,148.7,,8840,0,150,mg/dL,148.7
507043,500895,500054,3007070,,2020-07-10,32856,41.2,,8840,40,60,mg/dL,41.2
507044,500895,500054,3028437,,2020-07-10,32856,115.8,,8840,0,130,mg/dL,115.8
507045,500895,500054,3013721,,2020-07-10,32856,11.9,,8645,0,40,U/L,11.9
507046,500895,500054,3006923,,2020-07-10,32856,110.7,,8645,0,40,U/L,110.7
507047,500895,500054,3016723,,2020-07-10,32856,0.87,,8840,0.6,1.2,mg/dL,0.87
507048,500895,500054,3049187,,2020-07-10,32856,69.9,,9550,90,130,mL/min/1.73m2,69.9
507049,500896,500054,3004410,,2020-10-07,32856,5,,8554,4,5.6,%,5.0
507050,500896,500054,3004501,,2020-10-07,32856,96,,8840,70,99,mg/dL,96.0
507051,500896,500054,3004249,,2020-10-07,32856,106,,8876,90,130,mmHg,106.0
507052,500896,500054,3012888,,2020-10-07,32856,70,,8876,60,85,mmHg,70.0
507053,500896,500054,3025315,,2020-10-07,32856,61.3,,9529,45,90,kg,61.3
507054,500896,500054,3038553,,2020-10-07,32856,25.7,,9531,18.5,25,kg/m2,25.7
507055,500897,500054,3004410,,2021-01-13,32856,5,,8554,4,5.6,%,5.0
507056,500897,500054,3004501,,2021-01-13,32856,95,,8840,70,99,mg/dL,95.0
507057,500897,500054,3004249,,2021-01-13,32856,128,,8876,90,130,mmHg,128.0
507058,500897,500054,3012888,,2021-01-13,32856,68,,8876,60,85,mmHg,68.0
507059,500897,500054,3025315,,2021-01-13,32856,62.3,,9529,45,90,kg,62.3
507060,500897,500054,3038553,,2021-01-13,32856,26.1,,9531,18.5,25,kg/m2,26.1
507061,500898,500054,3004410,,2021-04-08,32856,5.5,,8554,4,5.6,%,5.5
507062,500898,500054,3004501,,2021-04-08,32856,70,,8840,70,99,mg/dL,70.0
507063,500898,500054,3004249,,2021-04-08,32856,151,,8876,90,130,mmHg,151.0
507064,500898,500054,3012888,,2021-04-08,32856,82,,8876,60,85,mmHg,82.0
507065,500898,500054,3025315,,2021-04-08,32856,62.4,,9529,45,90,kg,62.4
507066,500898,500054,3038553,,2021-04-08,32856,26.1,,9531,18.5,25,kg/m2,26.1
507067,500899,500054,3004410,,2021-07-15,32856,5.7,,8554,4,5.6,%,5.7
507068,500899,500054,3004501,,2021-07-15,32856,111,,8840,70,99,mg/dL,111.0
507069,500899,500054,3004249,,2021-07-15,32856,116,,8876,90,130,mmHg,116.0
507070,500899,500054,3012888,,2021-07-15,32856,68,,8876,60,85,mmHg,68.0
507071,500899,500054,3025315,,2021-07-15,32856,63.5,,9529,45,90,kg,63.5
507072,500899,500054,3038553,,2021-07-15,32856,26.6,,9531,18.5,25,kg/m2,26.6
507073,500899,500054,3022192,,2021-07-15,32856,270,,8840,0,150,mg/dL,270.0
507074,500899,500054,3007070,,2021-07-15,32856,37.8,,8840,40,60,mg/dL,37.8
507075,500899,500054,3028437,,2021-07-15,32856,162.9,,8840,0,130,mg/dL,162.9
507076,500899,500054,3013721,,2021-07-15,32856,54.1,,8645,0,40,U/L,54.1
507077,500899,500054,3006923,,2021-07-15,32856,47.7,,8645,0,40,U/L,47.7
507078,500899,500054,3016723,,2021-07-15,32856,1.28,,8840,0.6,1.2,mg/dL,1.28
507079,500899,500054,3049187,,2021-07-15,32856,85.8,,9550,90,130,mL/min/1.73m2,85.8
507080,500900,500054,3004410,,2021-10-09,32856,5.8,,8554,4,5.6,%,5.8
507081,500900,500054,3004501,,2021-10-09,32856,95,,8840,70,99,mg/dL,95.0
507082,500900,500054,3004249,,2021-10-09,32856,133,,8876,90,130,mmHg,133.0
507083,500900,500054,3012888,,2021-10-09,32856,75,,8876,60,85,mmHg,75.0
507084,500900,500054,3025315,,2021-10-09,32856,64.8,,9529,45,90,kg,64.8
507085,500900,500054,3038553,,2021-10-09,32856,27.1,,9531,18.5,25,kg/m2,27.1
507086,500901,500054,3004410,,2022-01-15,32856,6,,8554,4,5.6,%,6.0
507087,500901,500054,3004501,,2022-01-15,32856,133,,8840,70,99,mg/dL,133.0
507088,500901,500054,3004249,,2022-01-15,32856,133,,8876,90,130,mmHg,133.0
507089,500901,500054,3012888,,2022-01-15,32856,80,,8876,60,85,mmHg,80.0
507090,500901,500054,3025315,,2022-01-15,32856,64.4,,9529,45,90,kg,64.4
507091,500901,500054,3038553,,2022-01-15,32856,27,,9531,18.5,25,kg/m2,27.0
507092,500902,500054,3004410,,2022-04-22,32856,5.8,,8554,4,5.6,%,5.8
507093,500902,500054,3004501,,2022-04-22,32856,90,,8840,70,99,mg/dL,90.0
507094,500902,500054,3004249,,2022-04-22,32856,121,,8876,90,130,mmHg,121.0
507095,500902,500054,3012888,,2022-04-22,32856,76,,8876,60,85,mmHg,76.0
507096,500902,500054,3025315,,2022-04-22,32856,64.1,,9529,45,90,kg,64.1
507097,500902,500054,3038553,,2022-04-22,32856,26.9,,9531,18.5,25,kg/m2,26.9
507098,500903,500054,3004410,,2022-07-22,32856,6.3,,8554,4,5.6,%,6.3
507099,500903,500054,3004501,,2022-07-22,32856,113,,8840,70,99,mg/dL,113.0
507100,500903,500054,3004249,,2022-07-22,32856,112,,8876,90,130,mmHg,112.0
507101,500903,500054,3012888,,2022-07-22,32856,75,,8876,60,85,mmHg,75.0
507102,500903,500054,3025315,,2022-07-22,32856,64.6,,9529,45,90,kg,64.6
507103,500903,500054,3038553,,2022-07-22,32856,27.1,,9531,18.5,25,kg/m2,27.1
507104,500903,500054,3022192,,2022-07-22,32856,178.2,,8840,0,150,mg/dL,178.2
507105,500903,500054,3007070,,2022-07-22,32856,34.1,,8840,40,60,mg/dL,34.1
507106,500903,500054,3028437,,2022-07-22,32856,71.4,,8840,0,130,mg/dL,71.4
507107,500903,500054,3013721,,2022-07-22,32856,44.6,,8645,0,40,U/L,44.6
507108,500903,500054,3006923,,2022-07-22,32856,57,,8645,0,40,U/L,57.0
507109,500903,500054,3016723,,2022-07-22,32856,0.67,,8840,0.6,1.2,mg/dL,0.67
507110,500903,500054,3049187,,2022-07-22,32856,69.8,,9550,90,130,mL/min/1.73m2,69.8
507111,500904,500054,3004410,,2022-10-26,32856,5.6,,8554,4,5.6,%,5.6
507112,500904,500054,3004501,,2022-10-26,32856,108,,8840,70,99,mg/dL,108.0
507113,500904,500054,3004249,,2022-10-26,32856,126,,8876,90,130,mmHg,126.0
507114,500904,500054,3012888,,2022-10-26,32856,82,,8876,60,85,mmHg,82.0
507115,500904,500054,3025315,,2022-10-26,32856,63.1,,9529,45,90,kg,63.1
507116,500904,500054,3038553,,2022-10-26,32856,26.4,,9531,18.5,25,kg/m2,26.4
507117,500905,500054,3004410,,2023-01-31,32856,5.8,,8554,4,5.6,%,5.8
507118,500905,500054,3004501,,2023-01-31,32856,102,,8840,70,99,mg/dL,102.0
507119,500905,500054,3004249,,2023-01-31,32856,111,,8876,90,130,mmHg,111.0
507120,500905,500054,3012888,,2023-01-31,32856,72,,8876,60,85,mmHg,72.0
507121,500905,500054,3025315,,2023-01-31,32856,62.5,,9529,45,90,kg,62.5
507122,500905,500054,3038553,,2023-01-31,32856,26.2,,9531,18.5,25,kg/m2,26.2
507123,500906,500054,3004410,,2023-05-03,32856,6.4,,8554,4,5.6,%,6.4
507124,500906,500054,3004501,,2023-05-03,32856,134,,8840,70,99,mg/dL,134.0
507125,500906,500054,3004249,,2023-05-03,32856,115,,8876,90,130,mmHg,115.0
507126,500906,500054,3012888,,2023-05-03,32856,57,,8876,60,85,mmHg,57.0
507127,500906,500054,3025315,,2023-05-03,32856,60.6,,9529,45,90,kg,60.6
507128,500906,500054,3038553,,2023-05-03,32856,25.4,,9531,18.5,25,kg/m2,25.4
507129,500907,500054,3004410,,2023-07-31,32856,6.8,,8554,4,5.6,%,6.8
507130,500907,500054,3004501,,2023-07-31,32856,116,,8840,70,99,mg/dL,116.0
507131,500907,500054,3004249,,2023-07-31,32856,136,,8876,90,130,mmHg,136.0
507132,500907,500054,3012888,,2023-07-31,32856,70,,8876,60,85,mmHg,70.0
507133,500907,500054,3025315,,2023-07-31,32856,61.2,,9529,45,90,kg,61.2
507134,500907,500054,3038553,,2023-07-31,32856,25.6,,9531,18.5,25,kg/m2,25.6
507135,500907,500054,3022192,,2023-07-31,32856,186.4,,8840,0,150,mg/dL,186.4
507136,500907,500054,3007070,,2023-07-31,32856,35,,8840,40,60,mg/dL,35.0
507137,500907,500054,3028437,,2023-07-31,32856,189.9,,8840,0,130,mg/dL,189.9
507138,500907,500054,3013721,,2023-07-31,32856,40.6,,8645,0,40,U/L,40.6
507139,500907,500054,3006923,,2023-07-31,32856,50.8,,8645,0,40,U/L,50.8
507140,500907,500054,3016723,,2023-07-31,32856,1.81,,8840,0.6,1.2,mg/dL,1.81
507141,500907,500054,3049187,,2023-07-31,32856,48.1,,9550,90,130,mL/min/1.73m2,48.1
507142,500908,500055,3036277,,2018-04-21,32856,155.8,,8582,150,185,cm,155.8
507143,500908,500055,3004410,,2018-04-21,32856,7.2,,8554,4,5.6,%,7.2
507144,500908,500055,3004501,,2018-04-21,32856,140,,8840,70,99,mg/dL,140.0
507145,500908,500055,3004249,,2018-04-21,32856,114,,8876,90,130,mmHg,114.0
507146,500908,500055,3012888,,2018-04-21,32856,79,,8876,60,85,mmHg,79.0
507147,500908,500055,3025315,,2018-04-21,32856,69.2,,9529,45,90,kg,69.2
507148,500908,500055,3038553,,2018-04-21,32856,28.5,,9531,18.5,25,kg/m2,28.5
507149,500908,500055,3022192,,2018-04-21,32856,242.9,,8840,0,150,mg/dL,242.9
507150,500908,500055,3007070,,2018-04-21,32856,61.7,,8840,40,60,mg/dL,61.7
507151,500908,500055,3028437,,2018-04-21,32856,128.2,,8840,0,130,mg/dL,128.2
507152,500908,500055,3013721,,2018-04-21,32856,67.6,,8645,0,40,U/L,67.6
507153,500908,500055,3006923,,2018-04-21,32856,3,,8645,0,40,U/L,3.0
507154,500908,500055,3016723,,2018-04-21,32856,1.04,,8840,0.6,1.2,mg/dL,1.04
507155,500908,500055,3049187,,2018-04-21,32856,71.2,,9550,90,130,mL/min/1.73m2,71.2
507156,500909,500055,3004410,,2018-07-22,32856,7.1,,8554,4,5.6,%,7.1
507157,500909,500055,3004501,,2018-07-22,32856,130,,8840,70,99,mg/dL,130.0
507158,500909,500055,3004249,,2018-07-22,32856,116,,8876,90,130,mmHg,116.0
507159,500909,500055,3012888,,2018-07-22,32856,75,,8876,60,85,mmHg,75.0
507160,500909,500055,3025315,,2018-07-22,32856,67.9,,9529,45,90,kg,67.9
507161,500909,500055,3038553,,2018-07-22,32856,28,,9531,18.5,25,kg/m2,28.0
507162,500910,500055,3004410,,2018-10-23,32856,6.1,,8554,4,5.6,%,6.1
507163,500910,500055,3004501,,2018-10-23,32856,120,,8840,70,99,mg/dL,120.0
507164,500910,500055,3004249,,2018-10-23,32856,124,,8876,90,130,mmHg,124.0
507165,500910,500055,3012888,,2018-10-23,32856,77,,8876,60,85,mmHg,77.0
507166,500910,500055,3025315,,2018-10-23,32856,68.2,,9529,45,90,kg,68.2
507167,500910,500055,3038553,,2018-10-23,32856,28.1,,9531,18.5,25,kg/m2,28.1
507168,500911,500055,3004410,,2019-01-21,32856,6.4,,8554,4,5.6,%,6.4
507169,500911,500055,3004501,,2019-01-21,32856,101,,8840,70,99,mg/dL,101.0
507170,500911,500055,3004249,,2019-01-21,32856,116,,8876,90,130,mmHg,116.0
507171,500911,500055,3012888,,2019-01-21,32856,69,,8876,60,85,mmHg,69.0
507172,500911,500055,3025315,,2019-01-21,32856,68.6,,9529,45,90,kg,68.6
507173,500911,500055,3038553,,2019-01-21,32856,28.3,,9531,18.5,25,kg/m2,28.3
507174,500912,500055,3004410,,2019-04-26,32856,6.3,,8554,4,5.6,%,6.3
507175,500912,500055,3004501,,2019-04-26,32856,114,,8840,70,99,mg/dL,114.0
507176,500912,500055,3004249,,2019-04-26,32856,142,,8876,90,130,mmHg,142.0
507177,500912,500055,3012888,,2019-04-26,32856,70,,8876,60,85,mmHg,70.0
507178,500912,500055,3025315,,2019-04-26,32856,69.4,,9529,45,90,kg,69.4
507179,500912,500055,3038553,,2019-04-26,32856,28.6,,9531,18.5,25,kg/m2,28.6
507180,500912,500055,3022192,,2019-04-26,32856,211.1,,8840,0,150,mg/dL,211.1
507181,500912,500055,3007070,,2019-04-26,32856,18.2,,8840,40,60,mg/dL,18.2
507182,500912,500055,3028437,,2019-04-26,32856,52.1,,8840,0,130,mg/dL,52.1
507183,500912,500055,3013721,,2019-04-26,32856,34.3,,8645,0,40,U/L,34.3
507184,500912,500055,3006923,,2019-04-26,32856,9.6,,8645,0,40,U/L,9.6
507185,500912,500055,3016723,,2019-04-26,32856,0.7,,8840,0.6,1.2,mg/dL,0.7
507186,500912,500055,3049187,,2019-04-26,32856,68.1,,9550,90,130,mL/min/1.73m2,68.1
507187,500913,500055,3004410,,2019-07-28,32856,6.2,,8554,4,5.6,%,6.2
507188,500913,500055,3004501,,2019-07-28,32856,107,,8840,70,99,mg/dL,107.0
507189,500913,500055,3004249,,2019-07-28,32856,139,,8876,90,130,mmHg,139.0
507190,500913,500055,3012888,,2019-07-28,32856,77,,8876,60,85,mmHg,77.0
507191,500913,500055,3025315,,2019-07-28,32856,70.3,,9529,45,90,kg,70.3
507192,500913,500055,3038553,,2019-07-28,32856,29,,9531,18.5,25,kg/m2,29.0
507193,500914,500055,3004410,,2019-10-30,32856,6.4,,8554,4,5.6,%,6.4
507194,500914,500055,3004501,,2019-10-30,32856,116,,8840,70,99,mg/dL,116.0
507195,500914,500055,3004249,,2019-10-30,32856,115,,8876,90,130,mmHg,115.0
507196,500914,500055,3012888,,2019-10-30,32856,78,,8876,60,85,mmHg,78.0
507197,500914,500055,3025315,,2019-10-30,32856,68.7,,9529,45,90,kg,68.7
507198,500914,500055,3038553,,2019-10-30,32856,28.3,,9531,18.5,25,kg/m2,28.3
507199,500915,500055,3004410,,2020-01-27,32856,6.1,,8554,4,5.6,%,6.1
507200,500915,500055,3004501,,2020-01-27,32856,120,,8840,70,99,mg/dL,120.0
507201,500915,500055,3004249,,2020-01-27,32856,115,,8876,90,130,mmHg,115.0
507202,500915,500055,3012888,,2020-01-27,32856,69,,8876,60,85,mmHg,69.0
507203,500915,500055,3025315,,2020-01-27,32856,68.2,,9529,45,90,kg,68.2
507204,500915,500055,3038553,,2020-01-27,32856,28.1,,9531,18.5,25,kg/m2,28.1
507205,500916,500055,3004410,,2020-04-25,32856,5.9,,8554,4,5.6,%,5.9
507206,500916,500055,3004501,,2020-04-25,32856,99,,8840,70,99,mg/dL,99.0
507207,500916,500055,3004249,,2020-04-25,32856,140,,8876,90,130,mmHg,140.0
507208,500916,500055,3012888,,2020-04-25,32856,75,,8876,60,85,mmHg,75.0
507209,500916,500055,3025315,,2020-04-25,32856,67.5,,9529,45,90,kg,67.5
507210,500916,500055,3038553,,2020-04-25,32856,27.8,,9531,18.5,25,kg/m2,27.8
507211,500916,500055,3022192,,2020-04-25,32856,153.1,,8840,0,150,mg/dL,153.1
507212,500916,500055,3007070,,2020-04-25,32856,25.2,,8840,40,60,mg/dL,25.2
507213,500916,500055,3028437,,2020-04-25,32856,59,,8840,0,130,mg/dL,59.0
507214,500916,500055,3013721,,2020-04-25,32856,4.1,,8645,0,40,U/L,4.1
507215,500916,500055,3006923,,2020-04-25,32856,52.5,,8645,0,40,U/L,52.5
507216,500916,500055,3016723,,2020-04-25,32856,1.13,,8840,0.6,1.2,mg/dL,1.13
507217,500916,500055,3049187,,2020-04-25,32856,84.3,,9550,90,130,mL/min/1.73m2,84.3
507218,500917,500055,3004410,,2020-07-26,32856,6.5,,8554,4,5.6,%,6.5
507219,500917,500055,3004501,,2020-07-26,32856,132,,8840,70,99,mg/dL,132.0
507220,500917,500055,3004249,,2020-07-26,32856,149,,8876,90,130,mmHg,149.0
507221,500917,500055,3012888,,2020-07-26,32856,81,,8876,60,85,mmHg,81.0
507222,500917,500055,3025315,,2020-07-26,32856,67.2,,9529,45,90,kg,67.2
507223,500917,500055,3038553,,2020-07-26,32856,27.7,,9531,18.5,25,kg/m2,27.7
507224,500918,500055,3004410,,2020-10-20,32856,6.6,,8554,4,5.6,%,6.6
507225,500918,500055,3004501,,2020-10-20,32856,120,,8840,70,99,mg/dL,120.0
507226,500918,500055,3004249,,2020-10-20,32856,128,,8876,90,130,mmHg,128.0
507227,500918,500055,3012888,,2020-10-20,32856,79,,8876,60,85,mmHg,79.0
507228,500918,500055,3025315,,2020-10-20,32856,68.8,,9529,45,90,kg,68.8
507229,500918,500055,3038553,,2020-10-20,32856,28.3,,9531,18.5,25,kg/m2,28.3
507230,500919,500055,3004410,,2021-01-16,32856,6.9,,8554,4,5.6,%,6.9
507231,500919,500055,3004501,,2021-01-16,32856,113,,8840,70,99,mg/dL,113.0
507232,500919,500055,3004249,,2021-01-16,32856,139,,8876,90,130,mmHg,139.0
507233,500919,500055,3012888,,2021-01-16,32856,73,,8876,60,85,mmHg,73.0
507234,500919,500055,3025315,,2021-01-16,32856,69.4,,9529,45,90,kg,69.4
507235,500919,500055,3038553,,2021-01-16,32856,28.6,,9531,18.5,25,kg/m2,28.6
507236,500920,500055,3004410,,2021-04-19,32856,6.6,,8554,4,5.6,%,6.6
507237,500920,500055,3004501,,2021-04-19,32856,123,,8840,70,99,mg/dL,123.0
507238,500920,500055,3004249,,2021-04-19,32856,94,,8876,90,130,mmHg,94.0
507239,500920,500055,3012888,,2021-04-19,32856,91,,8876,60,85,mmHg,91.0
507240,500920,500055,3025315,,2021-04-19,32856,68.9,,9529,45,90,kg,68.9
507241,500920,500055,3038553,,2021-04-19,32856,28.4,,9531,18.5,25,kg/m2,28.4
507242,500920,500055,3022192,,2021-04-19,32856,196.5,,8840,0,150,mg/dL,196.5
507243,500920,500055,3007070,,2021-04-19,32856,49.6,,8840,40,60,mg/dL,49.6
507244,500920,500055,3028437,,2021-04-19,32856,90.5,,8840,0,130,mg/dL,90.5
507245,500920,500055,3013721,,2021-04-19,32856,29.7,,8645,0,40,U/L,29.7
507246,500920,500055,3006923,,2021-04-19,32856,52.8,,8645,0,40,U/L,52.8
507247,500920,500055,3016723,,2021-04-19,32856,1.19,,8840,0.6,1.2,mg/dL,1.19
507248,500920,500055,3049187,,2021-04-19,32856,75.1,,9550,90,130,mL/min/1.73m2,75.1
507249,500921,500055,3004410,,2021-07-19,32856,6.5,,8554,4,5.6,%,6.5
507250,500921,500055,3004501,,2021-07-19,32856,106,,8840,70,99,mg/dL,106.0
507251,500921,500055,3004249,,2021-07-19,32856,126,,8876,90,130,mmHg,126.0
507252,500921,500055,3012888,,2021-07-19,32856,74,,8876,60,85,mmHg,74.0
507253,500921,500055,3025315,,2021-07-19,32856,68.4,,9529,45,90,kg,68.4
507254,500921,500055,3038553,,2021-07-19,32856,28.2,,9531,18.5,25,kg/m2,28.2
507255,500922,500055,3004410,,2021-10-12,32856,6.5,,8554,4,5.6,%,6.5
507256,500922,500055,3004501,,2021-10-12,32856,127,,8840,70,99,mg/dL,127.0
507257,500922,500055,3004249,,2021-10-12,32856,121,,8876,90,130,mmHg,121.0
507258,500922,500055,3012888,,2021-10-12,32856,82,,8876,60,85,mmHg,82.0
507259,500922,500055,3025315,,2021-10-12,32856,71,,9529,45,90,kg,71.0
507260,500922,500055,3038553,,2021-10-12,32856,29.2,,9531,18.5,25,kg/m2,29.2
507261,500923,500055,3004410,,2022-01-08,32856,6.7,,8554,4,5.6,%,6.7
507262,500923,500055,3004501,,2022-01-08,32856,117,,8840,70,99,mg/dL,117.0
507263,500923,500055,3004249,,2022-01-08,32856,95,,8876,90,130,mmHg,95.0
507264,500923,500055,3012888,,2022-01-08,32856,58,,8876,60,85,mmHg,58.0
507265,500923,500055,3025315,,2022-01-08,32856,72,,9529,45,90,kg,72.0
507266,500923,500055,3038553,,2022-01-08,32856,29.7,,9531,18.5,25,kg/m2,29.7
507267,500924,500055,3004410,,2022-04-06,32856,7.2,,8554,4,5.6,%,7.2
507268,500924,500055,3004501,,2022-04-06,32856,147,,8840,70,99,mg/dL,147.0
507269,500924,500055,3004249,,2022-04-06,32856,131,,8876,90,130,mmHg,131.0
507270,500924,500055,3012888,,2022-04-06,32856,99,,8876,60,85,mmHg,99.0
507271,500924,500055,3025315,,2022-04-06,32856,73.7,,9529,45,90,kg,73.7
507272,500924,500055,3038553,,2022-04-06,32856,30.4,,9531,18.5,25,kg/m2,30.4
507273,500924,500055,3022192,,2022-04-06,32856,212.7,,8840,0,150,mg/dL,212.7
507274,500924,500055,3007070,,2022-04-06,32856,46.2,,8840,40,60,mg/dL,46.2
507275,500924,500055,3028437,,2022-04-06,32856,146.3,,8840,0,130,mg/dL,146.3
507276,500924,500055,3013721,,2022-04-06,32856,46.9,,8645,0,40,U/L,46.9
507277,500924,500055,3006923,,2022-04-06,32856,108.5,,8645,0,40,U/L,108.5
507278,500924,500055,3016723,,2022-04-06,32856,0.48,,8840,0.6,1.2,mg/dL,0.48
507279,500924,500055,3049187,,2022-04-06,32856,73,,9550,90,130,mL/min/1.73m2,73.0
507280,500925,500055,3004410,,2022-07-05,32856,6.9,,8554,4,5.6,%,6.9
507281,500925,500055,3004501,,2022-07-05,32856,127,,8840,70,99,mg/dL,127.0
507282,500925,500055,3004249,,2022-07-05,32856,132,,8876,90,130,mmHg,132.0
507283,500925,500055,3012888,,2022-07-05,32856,70,,8876,60,85,mmHg,70.0
507284,500925,500055,3025315,,2022-07-05,32856,74.9,,9529,45,90,kg,74.9
507285,500925,500055,3038553,,2022-07-05,32856,30.9,,9531,18.5,25,kg/m2,30.9
507286,500926,500055,3004410,,2022-10-02,32856,7.2,,8554,4,5.6,%,7.2
507287,500926,500055,3004501,,2022-10-02,32856,123,,8840,70,99,mg/dL,123.0
507288,500926,500055,3004249,,2022-10-02,32856,137,,8876,90,130,mmHg,137.0
507289,500926,500055,3012888,,2022-10-02,32856,73,,8876,60,85,mmHg,73.0
507290,500926,500055,3025315,,2022-10-02,32856,74.7,,9529,45,90,kg,74.7
507291,500926,500055,3038553,,2022-10-02,32856,30.8,,9531,18.5,25,kg/m2,30.8
507292,500927,500055,3004410,,2023-01-01,32856,6.7,,8554,4,5.6,%,6.7
507293,500927,500055,3004501,,2023-01-01,32856,149,,8840,70,99,mg/dL,149.0
507294,500927,500055,3004249,,2023-01-01,32856,141,,8876,90,130,mmHg,141.0
507295,500927,500055,3012888,,2023-01-01,32856,83,,8876,60,85,mmHg,83.0
507296,500927,500055,3025315,,2023-01-01,32856,75.4,,9529,45,90,kg,75.4
507297,500927,500055,3038553,,2023-01-01,32856,31.1,,9531,18.5,25,kg/m2,31.1
507298,500928,500055,3004410,,2023-03-28,32856,6.4,,8554,4,5.6,%,6.4
507299,500928,500055,3004501,,2023-03-28,32856,138,,8840,70,99,mg/dL,138.0
507300,500928,500055,3004249,,2023-03-28,32856,128,,8876,90,130,mmHg,128.0
507301,500928,500055,3012888,,2023-03-28,32856,76,,8876,60,85,mmHg,76.0
507302,500928,500055,3025315,,2023-03-28,32856,75.7,,9529,45,90,kg,75.7
507303,500928,500055,3038553,,2023-03-28,32856,31.2,,9531,18.5,25,kg/m2,31.2
507304,500928,500055,3022192,,2023-03-28,32856,110.1,,8840,0,150,mg/dL,110.1
507305,500928,500055,3007070,,2023-03-28,32856,31,,8840,40,60,mg/dL,31.0
507306,500928,500055,3028437,,2023-03-28,32856,107.5,,8840,0,130,mg/dL,107.5
507307,500928,500055,3013721,,2023-03-28,32856,45.8,,8645,0,40,U/L,45.8
507308,500928,500055,3006923,,2023-03-28,32856,0,,8645,0,40,U/L,0
507309,500928,500055,3016723,,2023-03-28,32856,1.3,,8840,0.6,1.2,mg/dL,1.3
507310,500928,500055,3049187,,2023-03-28,32856,59.9,,9550,90,130,mL/min/1.73m2,59.9
507311,500929,500055,3004410,,2023-06-26,32856,6.9,,8554,4,5.6,%,6.9
507312,500929,500055,3004501,,2023-06-26,32856,113,,8840,70,99,mg/dL,113.0
507313,500929,500055,3004249,,2023-06-26,32856,124,,8876,90,130,mmHg,124.0
507314,500929,500055,3012888,,2023-06-26,32856,80,,8876,60,85,mmHg,80.0
507315,500929,500055,3025315,,2023-06-26,32856,75.6,,9529,45,90,kg,75.6
507316,500929,500055,3038553,,2023-06-26,32856,31.1,,9531,18.5,25,kg/m2,31.1
507317,500930,500055,3004410,,2023-09-22,32856,7.4,,8554,4,5.6,%,7.4
507318,500930,500055,3004501,,2023-09-22,32856,139,,8840,70,99,mg/dL,139.0
507319,500930,500055,3004249,,2023-09-22,32856,134,,8876,90,130,mmHg,134.0
507320,500930,500055,3012888,,2023-09-22,32856,64,,8876,60,85,mmHg,64.0
507321,500930,500055,3025315,,2023-09-22,32856,73.9,,9529,45,90,kg,73.9
507322,500930,500055,3038553,,2023-09-22,32856,30.4,,9531,18.5,25,kg/m2,30.4
507323,500931,500055,3004410,,2023-12-22,32856,6.8,,8554,4,5.6,%,6.8
507324,500931,500055,3004501,,2023-12-22,32856,118,,8840,70,99,mg/dL,118.0
507325,500931,500055,3004249,,2023-12-22,32856,120,,8876,90,130,mmHg,120.0
507326,500931,500055,3012888,,2023-12-22,32856,73,,8876,60,85,mmHg,73.0
507327,500931,500055,3025315,,2023-12-22,32856,72.7,,9529,45,90,kg,72.7
507328,500931,500055,3038553,,2023-12-22,32856,30,,9531,18.5,25,kg/m2,30.0
507329,500932,500056,3036277,,2020-09-20,32856,177.2,,8582,150,185,cm,177.2
507330,500932,500056,3004410,,2020-09-20,32856,6.8,,8554,4,5.6,%,6.8
507331,500932,500056,3004501,,2020-09-20,32856,104,,8840,70,99,mg/dL,104.0
507332,500932,500056,3004249,,2020-09-20,32856,133,,8876,90,130,mmHg,133.0
507333,500932,500056,3012888,,2020-09-20,32856,94,,8876,60,85,mmHg,94.0
507334,500932,500056,3025315,,2020-09-20,32856,70.3,,9529,45,90,kg,70.3
507335,500932,500056,3038553,,2020-09-20,32856,22.4,,9531,18.5,25,kg/m2,22.4
507336,500932,500056,3022192,,2020-09-20,32856,182,,8840,0,150,mg/dL,182.0
507337,500932,500056,3007070,,2020-09-20,32856,23.4,,8840,40,60,mg/dL,23.4
507338,500932,500056,3028437,,2020-09-20,32856,160.4,,8840,0,130,mg/dL,160.4
507339,500932,500056,3013721,,2020-09-20,32856,48.7,,8645,0,40,U/L,48.7
507340,500932,500056,3006923,,2020-09-20,32856,53.7,,8645,0,40,U/L,53.7
507341,500932,500056,3016723,,2020-09-20,32856,1.03,,8840,0.6,1.2,mg/dL,1.03
507342,500932,500056,3049187,,2020-09-20,32856,107.7,,9550,90,130,mL/min/1.73m2,107.7
507343,500933,500056,3004410,,2020-12-26,32856,6.4,,8554,4,5.6,%,6.4
507344,500933,500056,3004501,,2020-12-26,32856,124,,8840,70,99,mg/dL,124.0
507345,500933,500056,3004249,,2020-12-26,32856,143,,8876,90,130,mmHg,143.0
507346,500933,500056,3012888,,2020-12-26,32856,86,,8876,60,85,mmHg,86.0
507347,500933,500056,3025315,,2020-12-26,32856,69.4,,9529,45,90,kg,69.4
507348,500933,500056,3038553,,2020-12-26,32856,22.1,,9531,18.5,25,kg/m2,22.1
507349,500934,500056,3004410,,2021-04-02,32856,6.4,,8554,4,5.6,%,6.4
507350,500934,500056,3004501,,2021-04-02,32856,118,,8840,70,99,mg/dL,118.0
507351,500934,500056,3004249,,2021-04-02,32856,145,,8876,90,130,mmHg,145.0
507352,500934,500056,3012888,,2021-04-02,32856,83,,8876,60,85,mmHg,83.0
507353,500934,500056,3025315,,2021-04-02,32856,69.5,,9529,45,90,kg,69.5
507354,500934,500056,3038553,,2021-04-02,32856,22.1,,9531,18.5,25,kg/m2,22.1
507355,500935,500056,3004410,,2021-07-05,32856,6.2,,8554,4,5.6,%,6.2
507356,500935,500056,3004501,,2021-07-05,32856,135,,8840,70,99,mg/dL,135.0
507357,500935,500056,3004249,,2021-07-05,32856,138,,8876,90,130,mmHg,138.0
507358,500935,500056,3012888,,2021-07-05,32856,86,,8876,60,85,mmHg,86.0
507359,500935,500056,3025315,,2021-07-05,32856,70.6,,9529,45,90,kg,70.6
507360,500935,500056,3038553,,2021-07-05,32856,22.5,,9531,18.5,25,kg/m2,22.5
507361,500936,500056,3004410,,2021-10-04,32856,6.4,,8554,4,5.6,%,6.4
507362,500936,500056,3004501,,2021-10-04,32856,107,,8840,70,99,mg/dL,107.0
507363,500936,500056,3004249,,2021-10-04,32856,162,,8876,90,130,mmHg,162.0
507364,500936,500056,3012888,,2021-10-04,32856,88,,8876,60,85,mmHg,88.0
507365,500936,500056,3025315,,2021-10-04,32856,72.2,,9529,45,90,kg,72.2
507366,500936,500056,3038553,,2021-10-04,32856,23,,9531,18.5,25,kg/m2,23.0
507367,500936,500056,3022192,,2021-10-04,32856,173,,8840,0,150,mg/dL,173.0
507368,500936,500056,3007070,,2021-10-04,32856,45.7,,8840,40,60,mg/dL,45.7
507369,500936,500056,3028437,,2021-10-04,32856,127.1,,8840,0,130,mg/dL,127.1
507370,500936,500056,3013721,,2021-10-04,32856,48.3,,8645,0,40,U/L,48.3
507371,500936,500056,3006923,,2021-10-04,32856,55.6,,8645,0,40,U/L,55.6
507372,500936,500056,3016723,,2021-10-04,32856,0.82,,8840,0.6,1.2,mg/dL,0.82
507373,500936,500056,3049187,,2021-10-04,32856,92.4,,9550,90,130,mL/min/1.73m2,92.4
507374,500937,500056,3004410,,2022-01-03,32856,6.4,,8554,4,5.6,%,6.4
507375,500937,500056,3004501,,2022-01-03,32856,125,,8840,70,99,mg/dL,125.0
507376,500937,500056,3004249,,2022-01-03,32856,161,,8876,90,130,mmHg,161.0
507377,500937,500056,3012888,,2022-01-03,32856,82,,8876,60,85,mmHg,82.0
507378,500937,500056,3025315,,2022-01-03,32856,72.3,,9529,45,90,kg,72.3
507379,500937,500056,3038553,,2022-01-03,32856,23,,9531,18.5,25,kg/m2,23.0
507380,500938,500056,3004410,,2022-04-02,32856,6.2,,8554,4,5.6,%,6.2
507381,500938,500056,3004501,,2022-04-02,32856,93,,8840,70,99,mg/dL,93.0
507382,500938,500056,3004249,,2022-04-02,32856,121,,8876,90,130,mmHg,121.0
507383,500938,500056,3012888,,2022-04-02,32856,70,,8876,60,85,mmHg,70.0
507384,500938,500056,3025315,,2022-04-02,32856,72.2,,9529,45,90,kg,72.2
507385,500938,500056,3038553,,2022-04-02,32856,23,,9531,18.5,25,kg/m2,23.0
507386,500939,500056,3004410,,2022-07-06,32856,6.2,,8554,4,5.6,%,6.2
507387,500939,500056,3004501,,2022-07-06,32856,121,,8840,70,99,mg/dL,121.0
507388,500939,500056,3004249,,2022-07-06,32856,143,,8876,90,130,mmHg,143.0
507389,500939,500056,3012888,,2022-07-06,32856,64,,8876,60,85,mmHg,64.0
507390,500939,500056,3025315,,2022-07-06,32856,72.6,,9529,45,90,kg,72.6
507391,500939,500056,3038553,,2022-07-06,32856,23.1,,9531,18.5,25,kg/m2,23.1
507392,500940,500056,3004410,,2022-10-08,32856,7,,8554,4,5.6,%,7.0
507393,500940,500056,3004501,,2022-10-08,32856,125,,8840,70,99,mg/dL,125.0
507394,500940,500056,3004249,,2022-10-08,32856,151,,8876,90,130,mmHg,151.0
507395,500940,500056,3012888,,2022-10-08,32856,93,,8876,60,85,mmHg,93.0
507396,500940,500056,3025315,,2022-10-08,32856,72.3,,9529,45,90,kg,72.3
507397,500940,500056,3038553,,2022-10-08,32856,23,,9531,18.5,25,kg/m2,23.0
507398,500940,500056,3022192,,2022-10-08,32856,146.3,,8840,0,150,mg/dL,146.3
507399,500940,500056,3007070,,2022-10-08,32856,59.9,,8840,40,60,mg/dL,59.9
507400,500940,500056,3028437,,2022-10-08,32856,127.8,,8840,0,130,mg/dL,127.8
507401,500940,500056,3013721,,2022-10-08,32856,36.4,,8645,0,40,U/L,36.4
507402,500940,500056,3006923,,2022-10-08,32856,37.4,,8645,0,40,U/L,37.4
507403,500940,500056,3016723,,2022-10-08,32856,0.94,,8840,0.6,1.2,mg/dL,0.94
507404,500940,500056,3049187,,2022-10-08,32856,82.1,,9550,90,130,mL/min/1.73m2,82.1
507405,500941,500056,3004410,,2023-01-12,32856,6.8,,8554,4,5.6,%,6.8
507406,500941,500056,3004501,,2023-01-12,32856,142,,8840,70,99,mg/dL,142.0
507407,500941,500056,3004249,,2023-01-12,32856,129,,8876,90,130,mmHg,129.0
507408,500941,500056,3012888,,2023-01-12,32856,92,,8876,60,85,mmHg,92.0
507409,500941,500056,3025315,,2023-01-12,32856,71.7,,9529,45,90,kg,71.7
507410,500941,500056,3038553,,2023-01-12,32856,22.8,,9531,18.5,25,kg/m2,22.8
507411,500942,500056,3004410,,2023-04-15,32856,7.2,,8554,4,5.6,%,7.2
507412,500942,500056,3004501,,2023-04-15,32856,147,,8840,70,99,mg/dL,147.0
507413,500942,500056,3004249,,2023-04-15,32856,141,,8876,90,130,mmHg,141.0
507414,500942,500056,3012888,,2023-04-15,32856,65,,8876,60,85,mmHg,65.0
507415,500942,500056,3025315,,2023-04-15,32856,69.2,,9529,45,90,kg,69.2
507416,500942,500056,3038553,,2023-04-15,32856,22,,9531,18.5,25,kg/m2,22.0
507417,500943,500056,3004410,,2023-07-09,32856,6.7,,8554,4,5.6,%,6.7
507418,500943,500056,3004501,,2023-07-09,32856,118,,8840,70,99,mg/dL,118.0
507419,500943,500056,3004249,,2023-07-09,32856,150,,8876,90,130,mmHg,150.0
507420,500943,500056,3012888,,2023-07-09,32856,74,,8876,60,85,mmHg,74.0
507421,500943,500056,3025315,,2023-07-09,32856,68.6,,9529,45,90,kg,68.6
507422,500943,500056,3038553,,2023-07-09,32856,21.8,,9531,18.5,25,kg/m2,21.8
507423,500944,500056,3004410,,2023-10-11,32856,6.2,,8554,4,5.6,%,6.2
507424,500944,500056,3004501,,2023-10-11,32856,100,,8840,70,99,mg/dL,100.0
507425,500944,500056,3004249,,2023-10-11,32856,146,,8876,90,130,mmHg,146.0
507426,500944,500056,3012888,,2023-10-11,32856,99,,8876,60,85,mmHg,99.0
507427,500944,500056,3025315,,2023-10-11,32856,68.1,,9529,45,90,kg,68.1
507428,500944,500056,3038553,,2023-10-11,32856,21.7,,9531,18.5,25,kg/m2,21.7
507429,500944,500056,3022192,,2023-10-11,32856,174.6,,8840,0,150,mg/dL,174.6
507430,500944,500056,3007070,,2023-10-11,32856,44.5,,8840,40,60,mg/dL,44.5
507431,500944,500056,3028437,,2023-10-11,32856,176.8,,8840,0,130,mg/dL,176.8
507432,500944,500056,3013721,,2023-10-11,32856,38.2,,8645,0,40,U/L,38.2
507433,500944,500056,3006923,,2023-10-11,32856,15.1,,8645,0,40,U/L,15.1
507434,500944,500056,3016723,,2023-10-11,32856,0.52,,8840,0.6,1.2,mg/dL,0.52
507435,500944,500056,3049187,,2023-10-11,32856,65.6,,9550,90,130,mL/min/1.73m2,65.6
507436,500945,500056,3004410,,2024-01-03,32856,6.4,,8554,4,5.6,%,6.4
507437,500945,500056,3004501,,2024-01-03,32856,120,,8840,70,99,mg/dL,120.0
507438,500945,500056,3004249,,2024-01-03,32856,153,,8876,90,130,mmHg,153.0
507439,500945,500056,3012888,,2024-01-03,32856,87,,8876,60,85,mmHg,87.0
507440,500945,500056,3025315,,2024-01-03,32856,66,,9529,45,90,kg,66.0
507441,500945,500056,3038553,,2024-01-03,32856,21,,9531,18.5,25,kg/m2,21.0
507442,500946,500057,3036277,,2019-12-04,32856,145.1,,8582,150,185,cm,145.1
507443,500946,500057,3004410,,2019-12-04,32856,6.7,,8554,4,5.6,%,6.7
507444,500946,500057,3004501,,2019-12-04,32856,140,,8840,70,99,mg/dL,140.0
507445,500946,500057,3004249,,2019-12-04,32856,120,,8876,90,130,mmHg,120.0
507446,500946,500057,3012888,,2019-12-04,32856,75,,8876,60,85,mmHg,75.0
507447,500946,500057,3025315,,2019-12-04,32856,60.8,,9529,45,90,kg,60.8
507448,500946,500057,3038553,,2019-12-04,32856,28.9,,9531,18.5,25,kg/m2,28.9
507449,500946,500057,3022192,,2019-12-04,32856,163,,8840,0,150,mg/dL,163.0
507450,500946,500057,3007070,,2019-12-04,32856,41,,8840,40,60,mg/dL,41.0
507451,500946,500057,3028437,,2019-12-04,32856,144.6,,8840,0,130,mg/dL,144.6
507452,500946,500057,3013721,,2019-12-04,32856,19,,8645,0,40,U/L,19.0
507453,500946,500057,3006923,,2019-12-04,32856,0,,8645,0,40,U/L,0
507454,500946,500057,3016723,,2019-12-04,32856,0.87,,8840,0.6,1.2,mg/dL,0.87
507455,500946,500057,3049187,,2019-12-04,32856,101.7,,9550,90,130,mL/min/1.73m2,101.7
507456,500947,500057,3004410,,2020-03-08,32856,6.3,,8554,4,5.6,%,6.3
507457,500947,500057,3004501,,2020-03-08,32856,103,,8840,70,99,mg/dL,103.0
507458,500947,500057,3004249,,2020-03-08,32856,106,,8876,90,130,mmHg,106.0
507459,500947,500057,3012888,,2020-03-08,32856,76,,8876,60,85,mmHg,76.0
507460,500947,500057,3025315,,2020-03-08,32856,59.8,,9529,45,90,kg,59.8
507461,500947,500057,3038553,,2020-03-08,32856,28.4,,9531,18.5,25,kg/m2,28.4
507462,500948,500057,3004410,,2020-06-02,32856,5.9,,8554,4,5.6,%,5.9
507463,500948,500057,3004501,,2020-06-02,32856,102,,8840,70,99,mg/dL,102.0
507464,500948,500057,3004249,,2020-06-02,32856,140,,8876,90,130,mmHg,140.0
507465,500948,500057,3012888,,2020-06-02,32856,71,,8876,60,85,mmHg,71.0
507466,500948,500057,3025315,,2020-06-02,32856,62.1,,9529,45,90,kg,62.1
507467,500948,500057,3038553,,2020-06-02,32856,29.5,,9531,18.5,25,kg/m2,29.5
507468,500949,500057,3004410,,2020-08-30,32856,6.2,,8554,4,5.6,%,6.2
507469,500949,500057,3004501,,2020-08-30,32856,102,,8840,70,99,mg/dL,102.0
507470,500949,500057,3004249,,2020-08-30,32856,117,,8876,90,130,mmHg,117.0
507471,500949,500057,3012888,,2020-08-30,32856,67,,8876,60,85,mmHg,67.0
507472,500949,500057,3025315,,2020-08-30,32856,62.5,,9529,45,90,kg,62.5
507473,500949,500057,3038553,,2020-08-30,32856,29.7,,9531,18.5,25,kg/m2,29.7
507474,500950,500057,3004410,,2020-11-22,32856,6.4,,8554,4,5.6,%,6.4
507475,500950,500057,3004501,,2020-11-22,32856,113,,8840,70,99,mg/dL,113.0
507476,500950,500057,3004249,,2020-11-22,32856,136,,8876,90,130,mmHg,136.0
507477,500950,500057,3012888,,2020-11-22,32856,72,,8876,60,85,mmHg,72.0
507478,500950,500057,3025315,,2020-11-22,32856,61,,9529,45,90,kg,61.0
507479,500950,500057,3038553,,2020-11-22,32856,29,,9531,18.5,25,kg/m2,29.0
507480,500950,500057,3022192,,2020-11-22,32856,197.1,,8840,0,150,mg/dL,197.1
507481,500950,500057,3007070,,2020-11-22,32856,50.6,,8840,40,60,mg/dL,50.6
507482,500950,500057,3028437,,2020-11-22,32856,162.8,,8840,0,130,mg/dL,162.8
507483,500950,500057,3013721,,2020-11-22,32856,35.8,,8645,0,40,U/L,35.8
507484,500950,500057,3006923,,2020-11-22,32856,39.6,,8645,0,40,U/L,39.6
507485,500950,500057,3016723,,2020-11-22,32856,0.72,,8840,0.6,1.2,mg/dL,0.72
507486,500950,500057,3049187,,2020-11-22,32856,88.7,,9550,90,130,mL/min/1.73m2,88.7
507487,500951,500057,3004410,,2021-02-16,32856,6.2,,8554,4,5.6,%,6.2
507488,500951,500057,3004501,,2021-02-16,32856,134,,8840,70,99,mg/dL,134.0
507489,500951,500057,3004249,,2021-02-16,32856,123,,8876,90,130,mmHg,123.0
507490,500951,500057,3012888,,2021-02-16,32856,72,,8876,60,85,mmHg,72.0
507491,500951,500057,3025315,,2021-02-16,32856,60,,9529,45,90,kg,60.0
507492,500951,500057,3038553,,2021-02-16,32856,28.5,,9531,18.5,25,kg/m2,28.5
507493,500952,500057,3004410,,2021-05-18,32856,6.5,,8554,4,5.6,%,6.5
507494,500952,500057,3004501,,2021-05-18,32856,77,,8840,70,99,mg/dL,77.0
507495,500952,500057,3004249,,2021-05-18,32856,124,,8876,90,130,mmHg,124.0
507496,500952,500057,3012888,,2021-05-18,32856,75,,8876,60,85,mmHg,75.0
507497,500952,500057,3025315,,2021-05-18,32856,61.5,,9529,45,90,kg,61.5
507498,500952,500057,3038553,,2021-05-18,32856,29.2,,9531,18.5,25,kg/m2,29.2
507499,500953,500057,3004410,,2021-08-12,32856,6,,8554,4,5.6,%,6.0
507500,500953,500057,3004501,,2021-08-12,32856,110,,8840,70,99,mg/dL,110.0
507501,500953,500057,3004249,,2021-08-12,32856,145,,8876,90,130,mmHg,145.0
507502,500953,500057,3012888,,2021-08-12,32856,82,,8876,60,85,mmHg,82.0
507503,500953,500057,3025315,,2021-08-12,32856,62.6,,9529,45,90,kg,62.6
507504,500953,500057,3038553,,2021-08-12,32856,29.7,,9531,18.5,25,kg/m2,29.7
507505,500954,500057,3004410,,2021-11-05,32856,5.6,,8554,4,5.6,%,5.6
507506,500954,500057,3004501,,2021-11-05,32856,73,,8840,70,99,mg/dL,73.0
507507,500954,500057,3004249,,2021-11-05,32856,138,,8876,90,130,mmHg,138.0
507508,500954,500057,3012888,,2021-11-05,32856,61,,8876,60,85,mmHg,61.0
507509,500954,500057,3025315,,2021-11-05,32856,61.6,,9529,45,90,kg,61.6
507510,500954,500057,3038553,,2021-11-05,32856,29.3,,9531,18.5,25,kg/m2,29.3
507511,500954,500057,3022192,,2021-11-05,32856,171.5,,8840,0,150,mg/dL,171.5
507512,500954,500057,3007070,,2021-11-05,32856,45.5,,8840,40,60,mg/dL,45.5
507513,500954,500057,3028437,,2021-11-05,32856,115.8,,8840,0,130,mg/dL,115.8
507514,500954,500057,3013721,,2021-11-05,32856,52.2,,8645,0,40,U/L,52.2
507515,500954,500057,3006923,,2021-11-05,32856,72.3,,8645,0,40,U/L,72.3
507516,500954,500057,3016723,,2021-11-05,32856,1.43,,8840,0.6,1.2,mg/dL,1.43
507517,500954,500057,3049187,,2021-11-05,32856,126.4,,9550,90,130,mL/min/1.73m2,126.4
507518,500955,500057,3004410,,2022-02-08,32856,6.2,,8554,4,5.6,%,6.2
507519,500955,500057,3004501,,2022-02-08,32856,130,,8840,70,99,mg/dL,130.0
507520,500955,500057,3004249,,2022-02-08,32856,137,,8876,90,130,mmHg,137.0
507521,500955,500057,3012888,,2022-02-08,32856,86,,8876,60,85,mmHg,86.0
507522,500955,500057,3025315,,2022-02-08,32856,61.8,,9529,45,90,kg,61.8
507523,500955,500057,3038553,,2022-02-08,32856,29.4,,9531,18.5,25,kg/m2,29.4
507524,500956,500057,3004410,,2022-05-04,32856,5.6,,8554,4,5.6,%,5.6
507525,500956,500057,3004501,,2022-05-04,32856,77,,8840,70,99,mg/dL,77.0
507526,500956,500057,3004249,,2022-05-04,32856,90,,8876,90,130,mmHg,90
507527,500956,500057,3012888,,2022-05-04,32856,87,,8876,60,85,mmHg,87.0
507528,500956,500057,3025315,,2022-05-04,32856,61.5,,9529,45,90,kg,61.5
507529,500956,500057,3038553,,2022-05-04,32856,29.2,,9531,18.5,25,kg/m2,29.2
507530,500957,500057,3004410,,2022-08-03,32856,6,,8554,4,5.6,%,6.0
507531,500957,500057,3004501,,2022-08-03,32856,129,,8840,70,99,mg/dL,129.0
507532,500957,500057,3004249,,2022-08-03,32856,104,,8876,90,130,mmHg,104.0
507533,500957,500057,3012888,,2022-08-03,32856,69,,8876,60,85,mmHg,69.0
507534,500957,500057,3025315,,2022-08-03,32856,61.3,,9529,45,90,kg,61.3
507535,500957,500057,3038553,,2022-08-03,32856,29.1,,9531,18.5,25,kg/m2,29.1
507536,500958,500057,3004410,,2022-11-03,32856,6.2,,8554,4,5.6,%,6.2
507537,500958,500057,3004501,,2022-11-03,32856,121,,8840,70,99,mg/dL,121.0
507538,500958,500057,3004249,,2022-11-03,32856,119,,8876,90,130,mmHg,119.0
507539,500958,500057,3012888,,2022-11-03,32856,65,,8876,60,85,mmHg,65.0
507540,500958,500057,3025315,,2022-11-03,32856,59.6,,9529,45,90,kg,59.6
507541,500958,500057,3038553,,2022-11-03,32856,28.3,,9531,18.5,25,kg/m2,28.3
507542,500958,500057,3022192,,2022-11-03,32856,255.7,,8840,0,150,mg/dL,255.7
507543,500958,500057,3007070,,2022-11-03,32856,40.2,,8840,40,60,mg/dL,40.2
507544,500958,500057,3028437,,2022-11-03,32856,146.5,,8840,0,130,mg/dL,146.5
507545,500958,500057,3013721,,2022-11-03,32856,67.2,,8645,0,40,U/L,67.2
507546,500958,500057,3006923,,2022-11-03,32856,54.1,,8645,0,40,U/L,54.1
507547,500958,500057,3016723,,2022-11-03,32856,0.58,,8840,0.6,1.2,mg/dL,0.58
507548,500958,500057,3049187,,2022-11-03,32856,69.1,,9550,90,130,mL/min/1.73m2,69.1
507549,500959,500057,3004410,,2023-02-04,32856,6.3,,8554,4,5.6,%,6.3
507550,500959,500057,3004501,,2023-02-04,32856,123,,8840,70,99,mg/dL,123.0
507551,500959,500057,3004249,,2023-02-04,32856,137,,8876,90,130,mmHg,137.0
507552,500959,500057,3012888,,2023-02-04,32856,77,,8876,60,85,mmHg,77.0
507553,500959,500057,3025315,,2023-02-04,32856,59.8,,9529,45,90,kg,59.8
507554,500959,500057,3038553,,2023-02-04,32856,28.4,,9531,18.5,25,kg/m2,28.4
507555,500961,500058,3036277,,2019-09-04,32856,164.6,,8582,150,185,cm,164.6
507556,500961,500058,3004410,,2019-09-04,32856,7.7,,8554,4,5.6,%,7.7
507557,500961,500058,3004501,,2019-09-04,32856,159,,8840,70,99,mg/dL,159.0
507558,500961,500058,3004249,,2019-09-04,32856,126,,8876,90,130,mmHg,126.0
507559,500961,500058,3012888,,2019-09-04,32856,80,,8876,60,85,mmHg,80.0
507560,500961,500058,3025315,,2019-09-04,32856,72.1,,9529,45,90,kg,72.1
507561,500961,500058,3038553,,2019-09-04,32856,26.6,,9531,18.5,25,kg/m2,26.6
507562,500961,500058,3022192,,2019-09-04,32856,187.4,,8840,0,150,mg/dL,187.4
507563,500961,500058,3007070,,2019-09-04,32856,43.7,,8840,40,60,mg/dL,43.7
507564,500961,500058,3028437,,2019-09-04,32856,152.7,,8840,0,130,mg/dL,152.7
507565,500961,500058,3013721,,2019-09-04,32856,30.4,,8645,0,40,U/L,30.4
507566,500961,500058,3006923,,2019-09-04,32856,12.7,,8645,0,40,U/L,12.7
507567,500961,500058,3016723,,2019-09-04,32856,1.29,,8840,0.6,1.2,mg/dL,1.29
507568,500961,500058,3049187,,2019-09-04,32856,122.3,,9550,90,130,mL/min/1.73m2,122.3
507569,500962,500058,3004410,,2019-12-11,32856,7.8,,8554,4,5.6,%,7.8
507570,500962,500058,3004501,,2019-12-11,32856,169,,8840,70,99,mg/dL,169.0
507571,500962,500058,3004249,,2019-12-11,32856,129,,8876,90,130,mmHg,129.0
507572,500962,500058,3012888,,2019-12-11,32856,79,,8876,60,85,mmHg,79.0
507573,500962,500058,3025315,,2019-12-11,32856,73.5,,9529,45,90,kg,73.5
507574,500962,500058,3038553,,2019-12-11,32856,27.1,,9531,18.5,25,kg/m2,27.1
507575,500963,500058,3004410,,2020-03-10,32856,7.7,,8554,4,5.6,%,7.7
507576,500963,500058,3004501,,2020-03-10,32856,143,,8840,70,99,mg/dL,143.0
507577,500963,500058,3004249,,2020-03-10,32856,131,,8876,90,130,mmHg,131.0
507578,500963,500058,3012888,,2020-03-10,32856,81,,8876,60,85,mmHg,81.0
507579,500963,500058,3025315,,2020-03-10,32856,74.6,,9529,45,90,kg,74.6
507580,500963,500058,3038553,,2020-03-10,32856,27.5,,9531,18.5,25,kg/m2,27.5
507581,500964,500058,3004410,,2020-06-08,32856,7,,8554,4,5.6,%,7.0
507582,500964,500058,3004501,,2020-06-08,32856,144,,8840,70,99,mg/dL,144.0
507583,500964,500058,3004249,,2020-06-08,32856,146,,8876,90,130,mmHg,146.0
507584,500964,500058,3012888,,2020-06-08,32856,67,,8876,60,85,mmHg,67.0
507585,500964,500058,3025315,,2020-06-08,32856,76,,9529,45,90,kg,76.0
507586,500964,500058,3038553,,2020-06-08,32856,28.1,,9531,18.5,25,kg/m2,28.1
507587,500965,500058,3004410,,2020-09-02,32856,6.9,,8554,4,5.6,%,6.9
507588,500965,500058,3004501,,2020-09-02,32856,134,,8840,70,99,mg/dL,134.0
507589,500965,500058,3004249,,2020-09-02,32856,149,,8876,90,130,mmHg,149.0
507590,500965,500058,3012888,,2020-09-02,32856,74,,8876,60,85,mmHg,74.0
507591,500965,500058,3025315,,2020-09-02,32856,75.6,,9529,45,90,kg,75.6
507592,500965,500058,3038553,,2020-09-02,32856,27.9,,9531,18.5,25,kg/m2,27.9
507593,500965,500058,3022192,,2020-09-02,32856,176.1,,8840,0,150,mg/dL,176.1
507594,500965,500058,3007070,,2020-09-02,32856,67.4,,8840,40,60,mg/dL,67.4
507595,500965,500058,3028437,,2020-09-02,32856,69.3,,8840,0,130,mg/dL,69.3
507596,500965,500058,3013721,,2020-09-02,32856,53.7,,8645,0,40,U/L,53.7
507597,500965,500058,3006923,,2020-09-02,32856,90,,8645,0,40,U/L,90.0
507598,500965,500058,3016723,,2020-09-02,32856,1.12,,8840,0.6,1.2,mg/dL,1.12
507599,500965,500058,3049187,,2020-09-02,32856,112.3,,9550,90,130,mL/min/1.73m2,112.3
507600,500966,500058,3004410,,2020-12-07,32856,6.3,,8554,4,5.6,%,6.3
507601,500966,500058,3004501,,2020-12-07,32856,107,,8840,70,99,mg/dL,107.0
507602,500966,500058,3004249,,2020-12-07,32856,143,,8876,90,130,mmHg,143.0
507603,500966,500058,3012888,,2020-12-07,32856,84,,8876,60,85,mmHg,84.0
507604,500966,500058,3025315,,2020-12-07,32856,76.2,,9529,45,90,kg,76.2
507605,500966,500058,3038553,,2020-12-07,32856,28.1,,9531,18.5,25,kg/m2,28.1
507606,500967,500058,3004410,,2021-03-07,32856,6.9,,8554,4,5.6,%,6.9
507607,500967,500058,3004501,,2021-03-07,32856,118,,8840,70,99,mg/dL,118.0
507608,500967,500058,3004249,,2021-03-07,32856,136,,8876,90,130,mmHg,136.0
507609,500967,500058,3012888,,2021-03-07,32856,82,,8876,60,85,mmHg,82.0
507610,500967,500058,3025315,,2021-03-07,32856,76.6,,9529,45,90,kg,76.6
507611,500967,500058,3038553,,2021-03-07,32856,28.3,,9531,18.5,25,kg/m2,28.3
507612,500968,500058,3004410,,2021-06-05,32856,7.1,,8554,4,5.6,%,7.1
507613,500968,500058,3004501,,2021-06-05,32856,104,,8840,70,99,mg/dL,104.0
507614,500968,500058,3004249,,2021-06-05,32856,135,,8876,90,130,mmHg,135.0
507615,500968,500058,3012888,,2021-06-05,32856,73,,8876,60,85,mmHg,73.0
507616,500968,500058,3025315,,2021-06-05,32856,77,,9529,45,90,kg,77.0
507617,500968,500058,3038553,,2021-06-05,32856,28.4,,9531,18.5,25,kg/m2,28.4
507618,500969,500058,3004410,,2021-09-01,32856,6.7,,8554,4,5.6,%,6.7
507619,500969,500058,3004501,,2021-09-01,32856,137,,8840,70,99,mg/dL,137.0
507620,500969,500058,3004249,,2021-09-01,32856,127,,8876,90,130,mmHg,127.0
507621,500969,500058,3012888,,2021-09-01,32856,86,,8876,60,85,mmHg,86.0
507622,500969,500058,3025315,,2021-09-01,32856,76.7,,9529,45,90,kg,76.7
507623,500969,500058,3038553,,2021-09-01,32856,28.3,,9531,18.5,25,kg/m2,28.3
507624,500969,500058,3022192,,2021-09-01,32856,172.1,,8840,0,150,mg/dL,172.1
507625,500969,500058,3007070,,2021-09-01,32856,32.5,,8840,40,60,mg/dL,32.5
507626,500969,500058,3028437,,2021-09-01,32856,139.7,,8840,0,130,mg/dL,139.7
507627,500969,500058,3013721,,2021-09-01,32856,57.2,,8645,0,40,U/L,57.2
507628,500969,500058,3006923,,2021-09-01,32856,63.3,,8645,0,40,U/L,63.3
507629,500969,500058,3016723,,2021-09-01,32856,0.45,,8840,0.6,1.2,mg/dL,0.45
507630,500969,500058,3049187,,2021-09-01,32856,71.6,,9550,90,130,mL/min/1.73m2,71.6
507631,500970,500058,3004410,,2021-11-24,32856,6.9,,8554,4,5.6,%,6.9
507632,500970,500058,3004501,,2021-11-24,32856,139,,8840,70,99,mg/dL,139.0
507633,500970,500058,3004249,,2021-11-24,32856,141,,8876,90,130,mmHg,141.0
507634,500970,500058,3012888,,2021-11-24,32856,84,,8876,60,85,mmHg,84.0
507635,500970,500058,3025315,,2021-11-24,32856,78,,9529,45,90,kg,78.0
507636,500970,500058,3038553,,2021-11-24,32856,28.8,,9531,18.5,25,kg/m2,28.8
507637,500971,500058,3004410,,2022-02-19,32856,6.8,,8554,4,5.6,%,6.8
507638,500971,500058,3004501,,2022-02-19,32856,139,,8840,70,99,mg/dL,139.0
507639,500971,500058,3004249,,2022-02-19,32856,150,,8876,90,130,mmHg,150.0
507640,500971,500058,3012888,,2022-02-19,32856,86,,8876,60,85,mmHg,86.0
507641,500971,500058,3025315,,2022-02-19,32856,78.8,,9529,45,90,kg,78.8
507642,500971,500058,3038553,,2022-02-19,32856,29.1,,9531,18.5,25,kg/m2,29.1
507643,500972,500058,3004410,,2022-05-27,32856,6.7,,8554,4,5.6,%,6.7
507644,500972,500058,3004501,,2022-05-27,32856,104,,8840,70,99,mg/dL,104.0
507645,500972,500058,3004249,,2022-05-27,32856,147,,8876,90,130,mmHg,147.0
507646,500972,500058,3012888,,2022-05-27,32856,93,,8876,60,85,mmHg,93.0
507647,500972,500058,3025315,,2022-05-27,32856,78.9,,9529,45,90,kg,78.9
507648,500972,500058,3038553,,2022-05-27,32856,29.1,,9531,18.5,25,kg/m2,29.1
507649,500973,500058,3004410,,2022-09-02,32856,6.9,,8554,4,5.6,%,6.9
507650,500973,500058,3004501,,2022-09-02,32856,98,,8840,70,99,mg/dL,98.0
507651,500973,500058,3004249,,2022-09-02,32856,161,,8876,90,130,mmHg,161.0
507652,500973,500058,3012888,,2022-09-02,32856,81,,8876,60,85,mmHg,81.0
507653,500973,500058,3025315,,2022-09-02,32856,78.7,,9529,45,90,kg,78.7
507654,500973,500058,3038553,,2022-09-02,32856,29,,9531,18.5,25,kg/m2,29.0
507655,500973,500058,3022192,,2022-09-02,32856,180.5,,8840,0,150,mg/dL,180.5
507656,500973,500058,3007070,,2022-09-02,32856,36,,8840,40,60,mg/dL,36.0
507657,500973,500058,3028437,,2022-09-02,32856,64.5,,8840,0,130,mg/dL,64.5
507658,500973,500058,3013721,,2022-09-02,32856,49.1,,8645,0,40,U/L,49.1
507659,500973,500058,3006923,,2022-09-02,32856,10,,8645,0,40,U/L,10.0
507660,500973,500058,3016723,,2022-09-02,32856,0.78,,8840,0.6,1.2,mg/dL,0.78
507661,500973,500058,3049187,,2022-09-02,32856,113.5,,9550,90,130,mL/min/1.73m2,113.5
507662,500974,500059,3036277,,2022-04-27,32856,169.6,,8582,150,185,cm,169.6
507663,500974,500059,3004410,,2022-04-27,32856,8.8,,8554,4,5.6,%,8.8
507664,500974,500059,3004501,,2022-04-27,32856,165,,8840,70,99,mg/dL,165.0
507665,500974,500059,3004249,,2022-04-27,32856,122,,8876,90,130,mmHg,122.0
507666,500974,500059,3012888,,2022-04-27,32856,73,,8876,60,85,mmHg,73.0
507667,500974,500059,3025315,,2022-04-27,32856,103,,9529,45,90,kg,103.0
507668,500974,500059,3038553,,2022-04-27,32856,35.8,,9531,18.5,25,kg/m2,35.8
507669,500974,500059,3022192,,2022-04-27,32856,182.6,,8840,0,150,mg/dL,182.6
507670,500974,500059,3007070,,2022-04-27,32856,38.1,,8840,40,60,mg/dL,38.1
507671,500974,500059,3028437,,2022-04-27,32856,125.5,,8840,0,130,mg/dL,125.5
507672,500974,500059,3013721,,2022-04-27,32856,3.2,,8645,0,40,U/L,3.2
507673,500974,500059,3006923,,2022-04-27,32856,86.8,,8645,0,40,U/L,86.8
507674,500974,500059,3016723,,2022-04-27,32856,1.01,,8840,0.6,1.2,mg/dL,1.01
507675,500974,500059,3049187,,2022-04-27,32856,65.3,,9550,90,130,mL/min/1.73m2,65.3
507676,500975,500059,3004410,,2022-07-30,32856,9.3,,8554,4,5.6,%,9.3
507677,500975,500059,3004501,,2022-07-30,32856,177,,8840,70,99,mg/dL,177.0
507678,500975,500059,3004249,,2022-07-30,32856,145,,8876,90,130,mmHg,145.0
507679,500975,500059,3012888,,2022-07-30,32856,76,,8876,60,85,mmHg,76.0
507680,500975,500059,3025315,,2022-07-30,32856,104.6,,9529,45,90,kg,104.6
507681,500975,500059,3038553,,2022-07-30,32856,36.4,,9531,18.5,25,kg/m2,36.4
507682,500976,500059,3004410,,2022-11-04,32856,9,,8554,4,5.6,%,9.0
507683,500976,500059,3004501,,2022-11-04,32856,159,,8840,70,99,mg/dL,159.0
507684,500976,500059,3004249,,2022-11-04,32856,132,,8876,90,130,mmHg,132.0
507685,500976,500059,3012888,,2022-11-04,32856,75,,8876,60,85,mmHg,75.0
507686,500976,500059,3025315,,2022-11-04,32856,105,,9529,45,90,kg,105.0
507687,500976,500059,3038553,,2022-11-04,32856,36.5,,9531,18.5,25,kg/m2,36.5
507688,500977,500059,3004410,,2023-02-01,32856,7.5,,8554,4,5.6,%,7.5
507689,500977,500059,3004501,,2023-02-01,32856,124,,8840,70,99,mg/dL,124.0
507690,500977,500059,3004249,,2023-02-01,32856,105,,8876,90,130,mmHg,105.0
507691,500977,500059,3012888,,2023-02-01,32856,78,,8876,60,85,mmHg,78.0
507692,500977,500059,3025315,,2023-02-01,32856,105.7,,9529,45,90,kg,105.7
507693,500977,500059,3038553,,2023-02-01,32856,36.7,,9531,18.5,25,kg/m2,36.7
507694,500978,500059,3004410,,2023-05-01,32856,7.8,,8554,4,5.6,%,7.8
507695,500978,500059,3004501,,2023-05-01,32856,140,,8840,70,99,mg/dL,140.0
507696,500978,500059,3004249,,2023-05-01,32856,124,,8876,90,130,mmHg,124.0
507697,500978,500059,3012888,,2023-05-01,32856,83,,8876,60,85,mmHg,83.0
507698,500978,500059,3025315,,2023-05-01,32856,106.6,,9529,45,90,kg,106.6
507699,500978,500059,3038553,,2023-05-01,32856,37.1,,9531,18.5,25,kg/m2,37.1
507700,500978,500059,3022192,,2023-05-01,32856,91.3,,8840,0,150,mg/dL,91.3
507701,500978,500059,3007070,,2023-05-01,32856,65.6,,8840,40,60,mg/dL,65.6
507702,500978,500059,3028437,,2023-05-01,32856,136,,8840,0,130,mg/dL,136.0
507703,500978,500059,3013721,,2023-05-01,32856,60.8,,8645,0,40,U/L,60.8
507704,500978,500059,3006923,,2023-05-01,32856,58.6,,8645,0,40,U/L,58.6
507705,500978,500059,3016723,,2023-05-01,32856,0.94,,8840,0.6,1.2,mg/dL,0.94
507706,500978,500059,3049187,,2023-05-01,32856,61.9,,9550,90,130,mL/min/1.73m2,61.9
507707,500979,500059,3004501,,2023-06-23,32856,63,,8840,70,99,mg/dL,63.0
507708,500980,500059,3004410,,2023-07-28,32856,6.9,,8554,4,5.6,%,6.9
507709,500980,500059,3004501,,2023-07-28,32856,121,,8840,70,99,mg/dL,121.0
507710,500980,500059,3004249,,2023-07-28,32856,113,,8876,90,130,mmHg,113.0
507711,500980,500059,3012888,,2023-07-28,32856,59,,8876,60,85,mmHg,59.0
507712,500980,500059,3025315,,2023-07-28,32856,107.5,,9529,45,90,kg,107.5
507713,500980,500059,3038553,,2023-07-28,32856,37.4,,9531,18.5,25,kg/m2,37.4
507714,500981,500059,3004410,,2023-10-29,32856,6.8,,8554,4,5.6,%,6.8
507715,500981,500059,3004501,,2023-10-29,32856,90,,8840,70,99,mg/dL,90.0
507716,500981,500059,3004249,,2023-10-29,32856,147,,8876,90,130,mmHg,147.0
507717,500981,500059,3012888,,2023-10-29,32856,67,,8876,60,85,mmHg,67.0
507718,500981,500059,3025315,,2023-10-29,32856,107.4,,9529,45,90,kg,107.4
507719,500981,500059,3038553,,2023-10-29,32856,37.3,,9531,18.5,25,kg/m2,37.3
507720,500982,500059,3004410,,2024-01-29,32856,7,,8554,4,5.6,%,7.0
507721,500982,500059,3004501,,2024-01-29,32856,127,,8840,70,99,mg/dL,127.0
507722,500982,500059,3004249,,2024-01-29,32856,120,,8876,90,130,mmHg,120.0
507723,500982,500059,3012888,,2024-01-29,32856,78,,8876,60,85,mmHg,78.0
507724,500982,500059,3025315,,2024-01-29,32856,108.2,,9529,45,90,kg,108.2
507725,500982,500059,3038553,,2024-01-29,32856,37.6,,9531,18.5,25,kg/m2,37.6
507726,500983,500059,3004410,,2024-05-06,32856,7.8,,8554,4,5.6,%,7.8
507727,500983,500059,3004501,,2024-05-06,32856,136,,8840,70,99,mg/dL,136.0
507728,500983,500059,3004249,,2024-05-06,32856,126,,8876,90,130,mmHg,126.0
507729,500983,500059,3012888,,2024-05-06,32856,74,,8876,60,85,mmHg,74.0
507730,500983,500059,3025315,,2024-05-06,32856,108.1,,9529,45,90,kg,108.1
507731,500983,500059,3038553,,2024-05-06,32856,37.6,,9531,18.5,25,kg/m2,37.6
507732,500983,500059,3022192,,2024-05-06,32856,262.8,,8840,0,150,mg/dL,262.8
507733,500983,500059,3007070,,2024-05-06,32856,46.3,,8840,40,60,mg/dL,46.3
507734,500983,500059,3028437,,2024-05-06,32856,112.6,,8840,0,130,mg/dL,112.6
507735,500983,500059,3013721,,2024-05-06,32856,63.1,,8645,0,40,U/L,63.1
507736,500983,500059,3006923,,2024-05-06,32856,34.8,,8645,0,40,U/L,34.8
507737,500983,500059,3016723,,2024-05-06,32856,0.71,,8840,0.6,1.2,mg/dL,0.71
507738,500983,500059,3049187,,2024-05-06,32856,105.3,,9550,90,130,mL/min/1.73m2,105.3
507739,500984,500059,3004410,,2024-08-01,32856,7.5,,8554,4,5.6,%,7.5
507740,500984,500059,3004501,,2024-08-01,32856,142,,8840,70,99,mg/dL,142.0
507741,500984,500059,3004249,,2024-08-01,32856,131,,8876,90,130,mmHg,131.0
507742,500984,500059,3012888,,2024-08-01,32856,69,,8876,60,85,mmHg,69.0
507743,500984,500059,3025315,,2024-08-01,32856,109.2,,9529,45,90,kg,109.2
507744,500984,500059,3038553,,2024-08-01,32856,38,,9531,18.5,25,kg/m2,38.0
507745,500985,500059,3004410,,2024-10-26,32856,6.9,,8554,4,5.6,%,6.9
507746,500985,500059,3004501,,2024-10-26,32856,147,,8840,70,99,mg/dL,147.0
507747,500985,500059,3004249,,2024-10-26,32856,129,,8876,90,130,mmHg,129.0
507748,500985,500059,3012888,,2024-10-26,32856,67,,8876,60,85,mmHg,67.0
507749,500985,500059,3025315,,2024-10-26,32856,109.9,,9529,45,90,kg,109.9
507750,500985,500059,3038553,,2024-10-26,32856,38.2,,9531,18.5,25,kg/m2,38.2
507751,500986,500059,3004410,,2025-01-30,32856,7.3,,8554,4,5.6,%,7.3
507752,500986,500059,3004501,,2025-01-30,32856,144,,8840,70,99,mg/dL,144.0
507753,500986,500059,3004249,,2025-01-30,32856,126,,8876,90,130,mmHg,126.0
507754,500986,500059,3012888,,2025-01-30,32856,71,,8876,60,85,mmHg,71.0
507755,500986,500059,3025315,,2025-01-30,32856,110,,9529,45,90,kg,110.0
507756,500986,500059,3038553,,2025-01-30,32856,38.2,,9531,18.5,25,kg/m2,38.2
507757,500987,500059,3004410,,2025-05-02,32856,7,,8554,4,5.6,%,7.0
507758,500987,500059,3004501,,2025-05-02,32856,109,,8840,70,99,mg/dL,109.0
507759,500987,500059,3004249,,2025-05-02,32856,138,,8876,90,130,mmHg,138.0
507760,500987,500059,3012888,,2025-05-02,32856,68,,8876,60,85,mmHg,68.0
507761,500987,500059,3025315,,2025-05-02,32856,110,,9529,45,90,kg,110.0
507762,500987,500059,3038553,,2025-05-02,32856,38.2,,9531,18.5,25,kg/m2,38.2
507763,500987,500059,3022192,,2025-05-02,32856,202.1,,8840,0,150,mg/dL,202.1
507764,500987,500059,3007070,,2025-05-02,32856,57.4,,8840,40,60,mg/dL,57.4
507765,500987,500059,3028437,,2025-05-02,32856,65.7,,8840,0,130,mg/dL,65.7
507766,500987,500059,3013721,,2025-05-02,32856,83.7,,8645,0,40,U/L,83.7
507767,500987,500059,3006923,,2025-05-02,32856,30.4,,8645,0,40,U/L,30.4
507768,500987,500059,3016723,,2025-05-02,32856,0.4,,8840,0.6,1.2,mg/dL,0.4
507769,500987,500059,3049187,,2025-05-02,32856,109.3,,9550,90,130,mL/min/1.73m2,109.3
507770,500988,500059,3004410,,2025-08-04,32856,6.8,,8554,4,5.6,%,6.8
507771,500988,500059,3004501,,2025-08-04,32856,133,,8840,70,99,mg/dL,133.0
507772,500988,500059,3004249,,2025-08-04,32856,134,,8876,90,130,mmHg,134.0
507773,500988,500059,3012888,,2025-08-04,32856,77,,8876,60,85,mmHg,77.0
507774,500988,500059,3025315,,2025-08-04,32856,107.2,,9529,45,90,kg,107.2
507775,500988,500059,3038553,,2025-08-04,32856,37.3,,9531,18.5,25,kg/m2,37.3
507776,500989,500059,3004410,,2025-11-03,32856,7.3,,8554,4,5.6,%,7.3
507777,500989,500059,3004501,,2025-11-03,32856,133,,8840,70,99,mg/dL,133.0
507778,500989,500059,3004249,,2025-11-03,32856,117,,8876,90,130,mmHg,117.0
507779,500989,500059,3012888,,2025-11-03,32856,84,,8876,60,85,mmHg,84.0
507780,500989,500059,3025315,,2025-11-03,32856,108.2,,9529,45,90,kg,108.2
507781,500989,500059,3038553,,2025-11-03,32856,37.6,,9531,18.5,25,kg/m2,37.6
507782,500990,500059,3004410,,2026-01-30,32856,7.5,,8554,4,5.6,%,7.5
507783,500990,500059,3004501,,2026-01-30,32856,147,,8840,70,99,mg/dL,147.0
507784,500990,500059,3004249,,2026-01-30,32856,120,,8876,90,130,mmHg,120.0
507785,500990,500059,3012888,,2026-01-30,32856,69,,8876,60,85,mmHg,69.0
507786,500990,500059,3025315,,2026-01-30,32856,108.6,,9529,45,90,kg,108.6
507787,500990,500059,3038553,,2026-01-30,32856,37.8,,9531,18.5,25,kg/m2,37.8
507788,500991,500059,3004410,,2026-04-26,32856,7.8,,8554,4,5.6,%,7.8
507789,500991,500059,3004501,,2026-04-26,32856,144,,8840,70,99,mg/dL,144.0
507790,500991,500059,3004249,,2026-04-26,32856,125,,8876,90,130,mmHg,125.0
507791,500991,500059,3012888,,2026-04-26,32856,69,,8876,60,85,mmHg,69.0
507792,500991,500059,3025315,,2026-04-26,32856,109.6,,9529,45,90,kg,109.6
507793,500991,500059,3038553,,2026-04-26,32856,38.1,,9531,18.5,25,kg/m2,38.1
507794,500991,500059,3022192,,2026-04-26,32856,158.8,,8840,0,150,mg/dL,158.8
507795,500991,500059,3007070,,2026-04-26,32856,60.8,,8840,40,60,mg/dL,60.8
507796,500991,500059,3028437,,2026-04-26,32856,139.8,,8840,0,130,mg/dL,139.8
507797,500991,500059,3013721,,2026-04-26,32856,42.5,,8645,0,40,U/L,42.5
507798,500991,500059,3006923,,2026-04-26,32856,59.1,,8645,0,40,U/L,59.1
507799,500991,500059,3016723,,2026-04-26,32856,0.74,,8840,0.6,1.2,mg/dL,0.74
507800,500991,500059,3049187,,2026-04-26,32856,49.1,,9550,90,130,mL/min/1.73m2,49.1
507801,500992,500059,3004410,,2026-07-26,32856,6.8,,8554,4,5.6,%,6.8
507802,500992,500059,3004501,,2026-07-26,32856,134,,8840,70,99,mg/dL,134.0
507803,500992,500059,3004249,,2026-07-26,32856,131,,8876,90,130,mmHg,131.0
507804,500992,500059,3012888,,2026-07-26,32856,75,,8876,60,85,mmHg,75.0
507805,500992,500059,3025315,,2026-07-26,32856,108.6,,9529,45,90,kg,108.6
507806,500992,500059,3038553,,2026-07-26,32856,37.8,,9531,18.5,25,kg/m2,37.8
507807,500993,500060,3036277,,2021-04-19,32856,151.7,,8582,150,185,cm,151.7
507808,500993,500060,3004410,,2021-04-19,32856,7.8,,8554,4,5.6,%,7.8
507809,500993,500060,3004501,,2021-04-19,32856,132,,8840,70,99,mg/dL,132.0
507810,500993,500060,3004249,,2021-04-19,32856,127,,8876,90,130,mmHg,127.0
507811,500993,500060,3012888,,2021-04-19,32856,80,,8876,60,85,mmHg,80.0
507812,500993,500060,3025315,,2021-04-19,32856,65.8,,9529,45,90,kg,65.8
507813,500993,500060,3038553,,2021-04-19,32856,28.6,,9531,18.5,25,kg/m2,28.6
507814,500993,500060,3022192,,2021-04-19,32856,107.6,,8840,0,150,mg/dL,107.6
507815,500993,500060,3007070,,2021-04-19,32856,54.9,,8840,40,60,mg/dL,54.9
507816,500993,500060,3028437,,2021-04-19,32856,81.6,,8840,0,130,mg/dL,81.6
507817,500993,500060,3013721,,2021-04-19,32856,33.4,,8645,0,40,U/L,33.4
507818,500993,500060,3006923,,2021-04-19,32856,51.8,,8645,0,40,U/L,51.8
507819,500993,500060,3016723,,2021-04-19,32856,0.88,,8840,0.6,1.2,mg/dL,0.88
507820,500993,500060,3049187,,2021-04-19,32856,64.9,,9550,90,130,mL/min/1.73m2,64.9
507821,500994,500060,3004410,,2021-07-22,32856,6.8,,8554,4,5.6,%,6.8
507822,500994,500060,3004501,,2021-07-22,32856,155,,8840,70,99,mg/dL,155.0
507823,500994,500060,3004249,,2021-07-22,32856,133,,8876,90,130,mmHg,133.0
507824,500994,500060,3012888,,2021-07-22,32856,85,,8876,60,85,mmHg,85.0
507825,500994,500060,3025315,,2021-07-22,32856,65.2,,9529,45,90,kg,65.2
507826,500994,500060,3038553,,2021-07-22,32856,28.3,,9531,18.5,25,kg/m2,28.3
507827,500995,500060,3004410,,2021-10-19,32856,7.4,,8554,4,5.6,%,7.4
507828,500995,500060,3004501,,2021-10-19,32856,143,,8840,70,99,mg/dL,143.0
507829,500995,500060,3004249,,2021-10-19,32856,140,,8876,90,130,mmHg,140.0
507830,500995,500060,3012888,,2021-10-19,32856,78,,8876,60,85,mmHg,78.0
507831,500995,500060,3025315,,2021-10-19,32856,65.8,,9529,45,90,kg,65.8
507832,500995,500060,3038553,,2021-10-19,32856,28.6,,9531,18.5,25,kg/m2,28.6
507833,500996,999999999,3004410,,2022-01-24,32856,6.9,,8554,4,5.6,%,6.9
507834,500996,500060,3004501,,2022-01-24,32856,133,,8840,70,99,mg/dL,133.0
507835,500996,500060,3004249,,2022-01-24,32856,137,,8876,90,130,mmHg,137.0
507836,500996,500060,3012888,,2022-01-24,32856,77,,8876,60,85,mmHg,77.0
507837,500996,500060,3025315,,2022-01-24,32856,65.6,,9529,45,90,kg,65.6
507838,500996,500060,3038553,,2022-01-24,32856,28.5,,9531,18.5,25,kg/m2,28.5
507839,500997,500060,3004410,,2022-05-02,32856,7.1,,8554,4,5.6,%,7.1
507840,500997,500060,3004501,,2022-05-02,32856,119,,8840,70,99,mg/dL,119.0
507841,500997,500060,3004249,,2022-05-02,32856,123,,8876,90,130,mmHg,123.0
507842,500997,500060,3012888,,2022-05-02,32856,80,,8876,60,85,mmHg,80.0
507843,500997,500060,3025315,,2022-05-02,32856,66.4,,9529,45,90,kg,66.4
507844,500997,500060,3038553,,2022-05-02,32856,28.9,,9531,18.5,25,kg/m2,28.9
507845,500997,500060,3022192,,2022-05-02,32856,194,,8840,0,150,mg/dL,194.0
507846,500997,500060,3007070,,2022-05-02,32856,44.2,,8840,40,60,mg/dL,44.2
507847,500997,500060,3028437,,2022-05-02,32856,85.5,,8840,0,130,mg/dL,85.5
507848,500997,500060,3013721,,2022-05-02,32856,23.2,,8645,0,40,U/L,23.2
507849,500997,500060,3006923,,2022-05-02,32856,38.1,,8645,0,40,U/L,38.1
507850,500997,500060,3016723,,2022-05-02,32856,0.63,,8840,0.6,1.2,mg/dL,0.63
507851,500997,500060,3049187,,2022-05-02,32856,70.1,,9550,90,130,mL/min/1.73m2,70.1
507852,500998,500060,3004410,,2022-07-27,32856,7.4,,8554,4,5.6,%,7.4
507853,500998,500060,3004501,,2022-07-27,32856,124,,8840,70,99,mg/dL,124.0
507854,500998,500060,3004249,,2022-07-27,32856,118,,8876,90,130,mmHg,118.0
507855,500998,500060,3012888,,2022-07-27,32856,73,,8876,60,85,mmHg,73.0
507856,500998,500060,3025315,,2022-07-27,32856,64.7,,9529,45,90,kg,64.7
507857,500998,500060,3038553,,2022-07-27,32856,28.1,,9531,18.5,25,kg/m2,28.1
507858,500999,500060,3004410,,2022-11-01,32856,7.7,,8554,4,5.6,%,7.7
507859,500999,500060,3004501,,2022-11-01,32856,122,,8840,70,99,mg/dL,122.0
507860,500999,500060,3004249,,2022-11-01,32856,129,,8876,90,130,mmHg,129.0
507861,500999,500060,3012888,,2022-11-01,32856,74,,8876,60,85,mmHg,74.0
507862,500999,500060,3025315,,2022-11-01,32856,66.3,,9529,45,90,kg,66.3
507863,500999,500060,3038553,,2022-11-01,32856,28.8,,9531,18.5,25,kg/m2,28.8
507864,501000,500060,3004410,,2023-01-29,32856,7.1,,8554,4,5.6,%,7.1
507865,501000,500060,3004501,,2023-01-29,32856,118,,8840,70,99,mg/dL,118.0
507866,501000,500060,3004249,,2023-01-29,32856,128,,8876,90,130,mmHg,128.0
507867,501000,500060,3012888,,2023-01-29,32856,68,,8876,60,85,mmHg,68.0
507868,501000,500060,3025315,,2023-01-29,32856,66.9,,9529,45,90,kg,66.9
507869,501000,500060,3038553,,2023-01-29,32856,29.1,,9531,18.5,25,kg/m2,29.1
507870,501001,500060,3004410,,2023-05-04,32856,6.8,,8554,4,5.6,%,6.8
507871,501001,500060,3004501,,2023-05-04,32856,117,,8840,70,99,mg/dL,117.0
507872,501001,500060,3004249,,2023-05-04,32856,114,,8876,90,130,mmHg,114.0
507873,501001,500060,3012888,,2023-05-04,32856,73,,8876,60,85,mmHg,73.0
507874,501001,500060,3025315,,2023-05-04,32856,68,,9529,45,90,kg,68.0
507875,501001,500060,3038553,,2023-05-04,32856,29.5,,9531,18.5,25,kg/m2,29.5
507876,501001,500060,3022192,,2023-05-04,32856,154.3,,8840,0,150,mg/dL,154.3
507877,501001,500060,3007070,,2023-05-04,32856,60.1,,8840,40,60,mg/dL,60.1
507878,501001,500060,3028437,,2023-05-04,32856,218,,8840,0,130,mg/dL,218.0
507879,501001,500060,3013721,,2023-05-04,32856,0,,8645,0,40,U/L,0
507880,501001,500060,3006923,,2023-05-04,32856,49.6,,8645,0,40,U/L,49.6
507881,501001,500060,3016723,,2023-05-04,32856,0.7,,8840,0.6,1.2,mg/dL,0.7
507882,501001,500060,3049187,,2023-05-04,32856,69.4,,9550,90,130,mL/min/1.73m2,69.4
507883,501002,500060,3004410,,2023-08-03,32856,6.9,,8554,4,5.6,%,6.9
507884,501002,500060,3004501,,2023-08-03,32856,147,,8840,70,99,mg/dL,147.0
507885,501002,500060,3004249,,2023-08-03,32856,138,,8876,90,130,mmHg,138.0
507886,501002,500060,3012888,,2023-08-03,32856,73,,8876,60,85,mmHg,73.0
507887,501002,500060,3025315,,2023-08-03,32856,67.8,,9529,45,90,kg,67.8
507888,501002,500060,3038553,,2023-08-03,32856,29.5,,9531,18.5,25,kg/m2,29.5
507889,501003,500060,3004410,,2023-11-09,32856,7.1,,8554,4,5.6,%,7.1
507890,501003,500060,3004501,,2023-11-09,32856,122,,8840,70,99,mg/dL,122.0
507891,501003,500060,3004249,,2023-11-09,32856,121,,8876,90,130,mmHg,121.0
507892,501003,500060,3012888,,2023-11-09,32856,69,,8876,60,85,mmHg,69.0
507893,501003,500060,3025315,,2023-11-09,32856,68.3,,9529,45,90,kg,68.3
507894,501003,500060,3038553,,2023-11-09,32856,29.7,,9531,18.5,25,kg/m2,29.7
507895,501004,500060,3004410,,2024-02-15,32856,7.1,,8554,4,5.6,%,7.1
507896,501004,500060,3004501,,2024-02-15,32856,149,,8840,70,99,mg/dL,149.0
507897,501004,500060,3004249,,2024-02-15,32856,134,,8876,90,130,mmHg,134.0
507898,501004,500060,3012888,,2024-02-15,32856,86,,8876,60,85,mmHg,86.0
507899,501004,500060,3025315,,2024-02-15,32856,68.6,,9529,45,90,kg,68.6
507900,501004,500060,3038553,,2024-02-15,32856,29.8,,9531,18.5,25,kg/m2,29.8
507901,501005,500060,3004410,,2024-05-15,32856,6.9,,8554,4,5.6,%,6.9
507902,501005,500060,3004501,,2024-05-15,32856,111,,8840,70,99,mg/dL,111.0
507903,501005,500060,3004249,,2024-05-15,32856,116,,8876,90,130,mmHg,116.0
507904,501005,500060,3012888,,2024-05-15,32856,71,,8876,60,85,mmHg,71.0
507905,501005,500060,3025315,,2024-05-15,32856,70.6,,9529,45,90,kg,70.6
507906,501005,500060,3038553,,2024-05-15,32856,30.7,,9531,18.5,25,kg/m2,30.7
507907,501005,500060,3022192,,2024-05-15,32856,150,,8840,0,150,mg/dL,150.0
507908,501005,500060,3007070,,2024-05-15,32856,49.3,,8840,40,60,mg/dL,49.3
507909,501005,500060,3028437,,2024-05-15,32856,145.9,,8840,0,130,mg/dL,145.9
507910,501005,500060,3013721,,2024-05-15,32856,56.7,,8645,0,40,U/L,56.7
507911,501005,500060,3006923,,2024-05-15,32856,91,,8645,0,40,U/L,91.0
507912,501005,500060,3016723,,2024-05-15,32856,0.66,,8840,0.6,1.2,mg/dL,0.66
507913,501005,500060,3049187,,2024-05-15,32856,80.7,,9550,90,130,mL/min/1.73m2,80.7
507914,501006,500060,3004410,,2024-08-17,32856,6,,8554,4,5.6,%,6.0
507915,501006,500060,3004501,,2024-08-17,32856,96,,8840,70,99,mg/dL,96.0
507916,501006,500060,3004249,,2024-08-17,32856,151,,8876,90,130,mmHg,151.0
507917,501006,500060,3012888,,2024-08-17,32856,62,,8876,60,85,mmHg,62.0
507918,501006,500060,3025315,,2024-08-17,32856,69.6,,9529,45,90,kg,69.6
507919,501006,500060,3038553,,2024-08-17,32856,30.2,,9531,18.5,25,kg/m2,30.2
507920,501007,500061,3036277,,2020-07-28,32856,157.5,,8582,150,185,cm,157.5
507921,501007,500061,3004410,,2020-07-28,32856,6,,8554,4,5.6,%,6.0
507922,501007,500061,3004501,,2020-07-28,32856,110,,8840,70,99,mg/dL,110.0
507923,501007,500061,3004249,,2020-07-28,32856,113,,8876,90,130,mmHg,113.0
507924,501007,500061,3012888,,2020-07-28,32856,94,,8876,60,85,mmHg,94.0
507925,501007,500061,3025315,,2020-07-28,32856,55.6,,9529,45,90,kg,55.6
507926,501007,500061,3038553,,2020-07-28,32856,22.4,,9531,18.5,25,kg/m2,22.4
507927,501007,500061,3022192,,2020-07-28,32856,61.7,,8840,0,150,mg/dL,61.7
507928,501007,500061,3007070,,2020-07-28,32856,59.5,,8840,40,60,mg/dL,59.5
507929,501007,500061,3028437,,2020-07-28,32856,135.2,,8840,0,130,mg/dL,135.2
507930,501007,500061,3013721,,2020-07-28,32856,51.8,,8645,0,40,U/L,51.8
507931,501007,500061,3006923,,2020-07-28,32856,68.5,,8645,0,40,U/L,68.5
507932,501007,500061,3016723,,2020-07-28,32856,1.02,,8840,0.6,1.2,mg/dL,1.02
507933,501007,500061,3049187,,2020-07-28,32856,30.7,,9550,90,130,mL/min/1.73m2,30.7
507934,501008,500061,3004410,,2020-10-27,32856,6.1,,8554,4,5.6,%,6.1
507935,501008,500061,3004501,,2020-10-27,32856,145,,8840,70,99,mg/dL,145.0
507936,501008,500061,3004249,,2020-10-27,32856,121,,8876,90,130,mmHg,121.0
507937,501008,500061,3012888,,2020-10-27,32856,83,,8876,60,85,mmHg,83.0
507938,501008,500061,3025315,,2020-10-27,32856,55.4,,9529,45,90,kg,55.4
507939,501008,500061,3038553,,2020-10-27,32856,22.3,,9531,18.5,25,kg/m2,22.3
507940,501009,500061,3004410,,2021-01-27,32856,5.4,,8554,4,5.6,%,5.4
507941,501009,500061,3004501,,2021-01-27,32856,93,,8840,70,99,mg/dL,93.0
507942,501009,500061,3004249,,2021-01-27,32856,129,,8876,90,130,mmHg,129.0
507943,501009,500061,3012888,,2021-01-27,32856,89,,8876,60,85,mmHg,89.0
507944,501009,500061,3025315,,2021-01-27,32856,57.6,,9529,45,90,kg,57.6
507945,501009,500061,3038553,,2021-01-27,32856,23.2,,9531,18.5,25,kg/m2,23.2
507946,501010,500061,3004410,,2021-05-02,32856,5.2,,8554,4,5.6,%,5.2
507947,501010,500061,3004501,,2021-05-02,32856,104,,8840,70,99,mg/dL,104.0
507948,501010,500061,3004249,,2021-05-02,32856,113,,8876,90,130,mmHg,113.0
507949,501010,500061,3012888,,2021-05-02,32856,85,,8876,60,85,mmHg,85.0
507950,501010,500061,3025315,,2021-05-02,32856,57.1,,9529,45,90,kg,57.1
507951,501010,500061,3038553,,2021-05-02,32856,23,,9531,18.5,25,kg/m2,23.0
507952,501011,500061,3004410,,2021-08-04,32856,5.6,,8554,4,5.6,%,5.6
507953,501011,500061,3004501,,2021-08-04,32856,126,,8840,70,99,mg/dL,126.0
507954,501011,500061,3004249,,2021-08-04,32856,154,,8876,90,130,mmHg,154.0
507955,501011,500061,3012888,,2021-08-04,32856,63,,8876,60,85,mmHg,63.0
507956,501011,500061,3025315,,2021-08-04,32856,58.6,,9529,45,90,kg,58.6
507957,501011,500061,3038553,,2021-08-04,32856,23.6,,9531,18.5,25,kg/m2,23.6
507958,501011,500061,3022192,,2021-08-04,32856,177,,8840,0,150,mg/dL,177.0
507959,501011,500061,3007070,,2021-08-04,32856,52.8,,8840,40,60,mg/dL,52.8
507960,501011,500061,3028437,,2021-08-04,32856,128.6,,8840,0,130,mg/dL,128.6
507961,501011,500061,3013721,,2021-08-04,32856,52.9,,8645,0,40,U/L,52.9
507962,501011,500061,3006923,,2021-08-04,32856,0,,8645,0,40,U/L,0
507963,501011,500061,3016723,,2021-08-04,32856,1.08,,8840,0.6,1.2,mg/dL,1.08
507964,501011,500061,3049187,,2021-08-04,32856,111.1,,9550,90,130,mL/min/1.73m2,111.1
507965,501012,500061,3004410,,2021-11-07,32856,5.9,,8554,4,5.6,%,5.9
507966,501012,500061,3004501,,2021-11-07,32856,73,,8840,70,99,mg/dL,73.0
507967,501012,500061,3004249,,2021-11-07,32856,126,,8876,90,130,mmHg,126.0
507968,501012,500061,3012888,,2021-11-07,32856,63,,8876,60,85,mmHg,63.0
507969,501012,500061,3025315,,2021-11-07,32856,58.6,,9529,45,90,kg,58.6
507970,501012,500061,3038553,,2021-11-07,32856,23.6,,9531,18.5,25,kg/m2,23.6
507971,501013,500061,3004410,,2022-02-10,32856,5.2,,8554,4,5.6,%,5.2
507972,501013,500061,3004501,,2022-02-10,32856,99,,8840,70,99,mg/dL,99.0
507973,501013,500061,3004249,,2022-02-10,32856,127,,8876,90,130,mmHg,127.0
507974,501013,500061,3012888,,2022-02-10,32856,81,,8876,60,85,mmHg,81.0
507975,501013,500061,3025315,,2022-02-10,32856,57.3,,9529,45,90,kg,57.3
507976,501013,500061,3038553,,2022-02-10,32856,23.1,,9531,18.5,25,kg/m2,23.1
507977,501014,500061,3004410,,2022-05-17,32856,5.8,,8554,4,5.6,%,5.8
507978,501014,500061,3004501,,2022-05-17,32856,100,,8840,70,99,mg/dL,100.0
507979,501014,500061,3004249,,2022-05-17,32856,114,,8876,90,130,mmHg,114.0
507980,501014,500061,3012888,,2022-05-17,32856,75,,8876,60,85,mmHg,75.0
507981,501014,500061,3025315,,2022-05-17,32856,57.7,,9529,45,90,kg,57.7
507982,501014,500061,3038553,,2022-05-17,32856,23.3,,9531,18.5,25,kg/m2,23.3
507983,501015,500061,3004410,,2022-08-13,32856,5,,8554,4,5.6,%,5.0
507984,501015,500061,3004501,,2022-08-13,32856,64,,8840,70,99,mg/dL,64.0
507985,501015,500061,3004249,,2022-08-13,32856,133,,8876,90,130,mmHg,133.0
507986,501015,500061,3012888,,2022-08-13,32856,72,,8876,60,85,mmHg,72.0
507987,501015,500061,3025315,,2022-08-13,32856,56.2,,9529,45,90,kg,56.2
507988,501015,500061,3038553,,2022-08-13,32856,22.7,,9531,18.5,25,kg/m2,22.7
507989,501015,500061,3022192,,2022-08-13,32856,216.6,,8840,0,150,mg/dL,216.6
507990,501015,500061,3007070,,2022-08-13,32856,54.2,,8840,40,60,mg/dL,54.2
507991,501015,500061,3028437,,2022-08-13,32856,108.9,,8840,0,130,mg/dL,108.9
507992,501015,,3013721,,2022-08-13,32856,21.3,,8645,0,40,U/L,21.3
507993,501015,500061,3006923,,2022-08-13,32856,54.9,,8645,0,40,U/L,54.9
507994,501015,500061,3016723,,2022-08-13,32856,1.33,,8840,0.6,1.2,mg/dL,1.33
507995,501015,500061,3049187,,2022-08-13,32856,102.7,,9550,90,130,mL/min/1.73m2,102.7
507996,501016,500061,3004410,,2022-11-11,32856,5.4,,8554,4,5.6,%,5.4
507997,501016,500061,3004501,,2022-11-11,32856,78,,8840,70,99,mg/dL,78.0
507998,501016,500061,3004249,,2022-11-11,32856,106,,8876,90,130,mmHg,106.0
507999,501016,500061,3012888,,2022-11-11,32856,67,,8876,60,85,mmHg,67.0
508000,501016,500061,3025315,,2022-11-11,32856,56,,9529,45,90,kg,56.0
508001,501016,500061,3038553,,2022-11-11,32856,22.6,,9531,18.5,25,kg/m2,22.6
508002,501017,500061,3004410,,2023-02-06,32856,5.8,,8554,4,5.6,%,5.8
508003,501017,500061,3004501,,2023-02-06,32856,100,,8840,70,99,mg/dL,100.0
508004,501017,500061,3004249,,2023-02-06,32856,134,,8876,90,130,mmHg,134.0
508005,501017,500061,3012888,,2023-02-06,32856,72,,8876,60,85,mmHg,72.0
508006,501017,500061,3025315,,2023-02-06,32856,55.2,,9529,45,90,kg,55.2
508007,501017,500061,3038553,,2023-02-06,32856,22.3,,9531,18.5,25,kg/m2,22.3
508008,501018,500061,3004410,,2023-05-09,32856,5.3,,8554,4,5.6,%,5.3
508009,501018,500061,3004501,,2023-05-09,32856,89,,8840,70,99,mg/dL,89.0
508010,501018,500061,3004249,,2023-05-09,32856,148,,8876,90,130,mmHg,148.0
508011,501018,500061,3012888,,2023-05-09,32856,74,,8876,60,85,mmHg,74.0
508012,501018,500061,3025315,,2023-05-09,32856,56.1,,9529,45,90,kg,56.1
508013,501018,500061,3038553,,2023-05-09,32856,22.6,,9531,18.5,25,kg/m2,22.6
508014,501019,500062,3036277,,2023-08-12,32856,170,,8582,150,185,cm,170.0
508015,501019,500062,3004410,,2023-08-12,32856,5.8,,8554,4,5.6,%,5.8
508016,501019,500062,3004501,,2023-08-12,32856,99,,8840,70,99,mg/dL,99.0
508017,501019,500062,3004249,,2023-08-12,32856,126,,8876,90,130,mmHg,126.0
508018,501019,500062,3012888,,2023-08-12,32856,88,,8876,60,85,mmHg,88.0
508019,501019,500062,3025315,,2023-08-12,32856,67,,9529,45,90,kg,67.0
508020,501019,500062,3038553,,2023-08-12,32856,23.2,,9531,18.5,25,kg/m2,23.2
508021,501019,500062,3022192,,2023-08-12,32856,152.8,,8840,0,150,mg/dL,152.8
508022,501019,500062,3007070,,2023-08-12,32856,39.5,,8840,40,60,mg/dL,39.5
508023,501019,500062,3028437,,2023-08-12,32856,89.7,,8840,0,130,mg/dL,89.7
508024,501019,500062,3013721,,2023-08-12,32856,54.5,,8645,0,40,U/L,54.5
508025,501019,500062,3006923,,2023-08-12,32856,12.5,,8645,0,40,U/L,12.5
508026,501019,500062,3016723,,2023-08-12,32856,0.93,,8840,0.6,1.2,mg/dL,0.93
508027,501019,500062,3049187,,2023-08-12,32856,89.4,,9550,90,130,mL/min/1.73m2,89.4
508028,501020,500062,3004410,,2023-11-05,32856,5,,8554,4,5.6,%,5.0
508029,501020,500062,3004501,,2023-11-05,32856,89,,8840,70,99,mg/dL,89.0
508030,501020,500062,3004249,,2023-11-05,32856,115,,8876,90,130,mmHg,115.0
508031,501020,500062,3012888,,2023-11-05,32856,69,,8876,60,85,mmHg,69.0
508032,501020,500062,3025315,,2023-11-05,32856,67,,9529,45,90,kg,67.0
508033,501020,500062,3038553,,2023-11-05,32856,23.2,,9531,18.5,25,kg/m2,23.2
508034,501021,500062,3004410,,2024-02-03,32856,5.2,,8554,4,5.6,%,5.2
508035,501021,500062,3004501,,2024-02-03,32856,103,,8840,70,99,mg/dL,103.0
508036,501021,500062,3004249,,2024-02-03,32856,120,,8876,90,130,mmHg,120.0
508037,501021,500062,3012888,,2024-02-03,32856,72,,8876,60,85,mmHg,72.0
508038,501021,500062,3025315,,2024-02-03,32856,68.6,,9529,45,90,kg,68.6
508039,501021,500062,3038553,,2024-02-03,32856,23.7,,9531,18.5,25,kg/m2,23.7
508040,501022,500062,3004410,,2024-05-04,32856,5.4,,8554,4,5.6,%,5.4
508041,501022,500062,3004501,,2024-05-04,32856,91,,8840,70,99,mg/dL,91.0
508042,501022,500062,3004249,,2024-05-04,32856,115,,8876,90,130,mmHg,115.0
508043,501022,500062,3012888,,2024-05-04,32856,71,,8876,60,85,mmHg,71.0
508044,501022,500062,3025315,,2024-05-04,32856,69,,9529,45,90,kg,69.0
508045,501022,500062,3038553,,2024-05-04,32856,23.9,,9531,18.5,25,kg/m2,23.9
508046,501023,500062,3004410,,2024-07-27,32856,5,,8554,4,5.6,%,5.0
508047,501023,500062,3004501,,2024-07-27,32856,70,,8840,70,99,mg/dL,70.0
508048,501023,500062,3004249,,2024-07-27,32856,127,,8876,90,130,mmHg,127.0
508049,501023,500062,3012888,,2024-07-27,32856,70,,8876,60,85,mmHg,70.0
508050,501023,500062,3025315,,2024-07-27,32856,68.2,,9529,45,90,kg,68.2
508051,501023,500062,3038553,,2024-07-27,32856,23.6,,9531,18.5,25,kg/m2,23.6
508052,501023,500062,3022192,,2024-07-27,32856,124,,8840,0,150,mg/dL,124.0
508053,501023,500062,3007070,,2024-07-27,32856,56.5,,8840,40,60,mg/dL,56.5
508054,501023,500062,3028437,,2024-07-27,32856,128.5,,8840,0,130,mg/dL,128.5
508055,501023,500062,3013721,,2024-07-27,32856,37.2,,8645,0,40,U/L,37.2
508056,501023,500062,3006923,,2024-07-27,32856,32.7,,8645,0,40,U/L,32.7
508057,501023,500062,3016723,,2024-07-27,32856,0.88,,8840,0.6,1.2,mg/dL,0.88
508058,501023,500062,3049187,,2024-07-27,32856,80,,9550,90,130,mL/min/1.73m2,80.0
508059,501024,500062,3004410,,2024-10-26,32856,5.4,,8554,4,5.6,%,5.4
508060,501024,500062,3004501,,2024-10-26,32856,79,,8840,70,99,mg/dL,79.0
508061,501024,500062,3004249,,2024-10-26,32856,128,,8876,90,130,mmHg,128.0
508062,501024,500062,3012888,,2024-10-26,32856,69,,8876,60,85,mmHg,69.0
508063,501024,500062,3025315,,2024-10-26,32856,68.3,,9529,45,90,kg,68.3
508064,501024,500062,3038553,,2024-10-26,32856,23.6,,9531,18.5,25,kg/m2,23.6
508065,501025,500062,3004410,,2025-01-21,32856,5.5,,8554,4,5.6,%,5.5
508066,501025,500062,3004501,,2025-01-21,32856,76,,8840,70,99,mg/dL,76.0
508067,501025,500062,3004249,,2025-01-21,32856,130,,8876,90,130,mmHg,130.0
508068,501025,500062,3012888,,2025-01-21,32856,82,,8876,60,85,mmHg,82.0
508069,501025,500062,3025315,,2025-01-21,32856,67.6,,9529,45,90,kg,67.6
508070,501025,500062,3038553,,2025-01-21,32856,23.4,,9531,18.5,25,kg/m2,23.4
508071,501026,500062,3004410,,2025-04-15,32856,5,,8554,4,5.6,%,5.0
508072,501026,500062,3004501,,2025-04-15,32856,66,,8840,70,99,mg/dL,66.0
508073,501026,500062,3004249,,2025-04-15,32856,127,,8876,90,130,mmHg,127.0
508074,501026,500062,3012888,,2025-04-15,32856,81,,8876,60,85,mmHg,81.0
508075,501026,500062,3025315,,2025-04-15,32856,67.8,,9529,45,90,kg,67.8
508076,501026,500062,3038553,,2025-04-15,32856,23.5,,9531,18.5,25,kg/m2,23.5
508077,501027,500062,3004410,,2025-07-11,32856,5.6,,8554,4,5.6,%,5.6
508078,501027,500062,3004501,,2025-07-11,32856,75,,8840,70,99,mg/dL,75.0
508079,501027,500062,3004249,,2025-07-11,32856,128,,8876,90,130,mmHg,128.0
508080,501027,500062,3012888,,2025-07-11,32856,88,,8876,60,85,mmHg,88.0
508081,501027,500062,3025315,,2025-07-11,32856,67.2,,9529,45,90,kg,67.2
508082,501027,500062,3038553,,2025-07-11,32856,23.3,,9531,18.5,25,kg/m2,23.3
508083,501027,500062,3022192,,2025-07-11,32856,176,,8840,0,150,mg/dL,176.0
508084,501027,500062,3007070,,2025-07-11,32856,37.8,,8840,40,60,mg/dL,37.8
508085,501027,500062,3028437,,2025-07-11,32856,79.5,,8840,0,130,mg/dL,79.5
508086,501027,500062,3013721,,2025-07-11,32856,52.1,,8645,0,40,U/L,52.1
508087,501027,500062,3006923,,2025-07-11,32856,46.9,,8645,0,40,U/L,46.9
508088,501027,500062,3016723,,2025-07-11,32856,0.61,,8840,0.6,1.2,mg/dL,0.61
508089,501027,500062,3049187,,2025-07-11,32856,108.5,,9550,90,130,mL/min/1.73m2,108.5
508090,501028,500062,3004410,,2025-10-13,32856,5.5,,8554,4,5.6,%,5.5
508091,501028,500062,3004501,,2025-10-13,32856,82,,8840,70,99,mg/dL,82.0
508092,501028,500062,3004249,,2025-10-13,32856,123,,8876,90,130,mmHg,123.0
508093,501028,500062,3012888,,2025-10-13,32856,92,,8876,60,85,mmHg,92.0
508094,501028,500062,3025315,,2025-10-13,32856,65.1,,9529,45,90,kg,65.1
508095,501028,500062,3038553,,2025-10-13,32856,22.5,,9531,18.5,25,kg/m2,22.5
508096,501029,500062,3004410,,2026-01-16,32856,5.3,,8554,4,5.6,%,5.3
508097,501029,500062,3004501,,2026-01-16,32856,95,,8840,70,99,mg/dL,95.0
508098,501029,500062,3004249,,2026-01-16,32856,138,,8876,90,130,mmHg,138.0
508099,501029,500062,3012888,,2026-01-16,32856,82,,8876,60,85,mmHg,82.0
508100,501029,500062,3025315,,2026-01-16,32856,66.8,,9529,45,90,kg,66.8
508101,501029,500062,3038553,,2026-01-16,32856,23.1,,9531,18.5,25,kg/m2,23.1
508102,501030,500062,3004410,,2026-04-21,32856,5.3,,8554,4,5.6,%,5.3
508103,501030,500062,3004501,,2026-04-21,32856,107,,8840,70,99,mg/dL,107.0
508104,501030,500062,3004249,,2026-04-21,32856,116,,8876,90,130,mmHg,116.0
508105,501030,500062,3012888,,2026-04-21,32856,69,,8876,60,85,mmHg,69.0
508106,501030,500062,3025315,,2026-04-21,32856,66.6,,9529,45,90,kg,66.6
508107,501030,500062,3038553,,2026-04-21,32856,23,,9531,18.5,25,kg/m2,23.0
508108,501031,500062,3004410,,2026-07-17,32856,5,,8554,4,5.6,%,5.0
508109,501031,500062,3004501,,2026-07-17,32856,60,,8840,70,99,mg/dL,60
508110,501031,500062,3004249,,2026-07-17,32856,115,,8876,90,130,mmHg,115.0
508111,501031,500062,3012888,,2026-07-17,32856,92,,8876,60,85,mmHg,92.0
508112,501031,500062,3025315,,2026-07-17,32856,67.4,,9529,45,90,kg,67.4
508113,501031,500062,3038553,,2026-07-17,32856,23.3,,9531,18.5,25,kg/m2,23.3
508114,501031,500062,3022192,,2026-07-17,32856,156.8,,8840,0,150,mg/dL,156.8
508115,501031,500062,3007070,,2026-07-17,32856,55.3,,8840,40,60,mg/dL,55.3
508116,501031,500062,3028437,,2026-07-17,32856,137.2,,8840,0,130,mg/dL,137.2
508117,501031,500062,3013721,,2026-07-17,32856,32.8,,8645,0,40,U/L,32.8
508118,501031,500062,3006923,,2026-07-17,32856,31.9,,8645,0,40,U/L,31.9
508119,501031,500062,3016723,,2026-07-17,32856,0.94,,8840,0.6,1.2,mg/dL,0.94
508120,501031,500062,3049187,,2026-07-17,32856,77.6,,9550,90,130,mL/min/1.73m2,77.6
508121,501032,500063,3036277,,2021-08-16,32856,156.2,,8582,150,185,cm,156.2
508122,501032,500063,3004410,,2021-08-16,32856,7.5,,8554,4,5.6,%,7.5
508123,501032,500063,3004501,,2021-08-16,32856,132,,8840,70,99,mg/dL,132.0
508124,501032,500063,3004249,,2021-08-16,32856,107,,8876,90,130,mmHg,107.0
508125,501032,500063,3012888,,2021-08-16,32856,73,,8876,60,85,mmHg,73.0
508126,501032,500063,3025315,,2021-08-16,32856,64.9,,9529,45,90,kg,64.9
508127,501032,500063,3038553,,2021-08-16,32856,26.6,,9531,18.5,25,kg/m2,26.6
508128,501032,500063,3022192,,2021-08-16,32856,73.7,,8840,0,150,mg/dL,73.7
508129,501032,500063,3007070,,2021-08-16,32856,42.6,,8840,40,60,mg/dL,42.6
508130,501032,500063,3028437,,2021-08-16,32856,89.9,,8840,0,130,mg/dL,89.9
508131,501032,500063,3013721,,2021-08-16,32856,24.5,,8645,0,40,U/L,24.5
508132,501032,500063,3006923,,2021-08-16,32856,63.2,,8645,0,40,U/L,63.2
508133,501032,500063,3016723,,2021-08-16,32856,0.91,,8840,0.6,1.2,mg/dL,0.91
508134,501032,500063,3049187,,2021-08-16,32856,47.6,,9550,90,130,mL/min/1.73m2,47.6
508135,501033,500063,3004410,,2021-11-11,32856,7.5,,8554,4,5.6,%,7.5
508136,501033,500063,3004501,,2021-11-11,32856,154,,8840,70,99,mg/dL,154.0
508137,501033,500063,3004249,,2021-11-11,32856,137,,8876,90,130,mmHg,137.0
508138,501033,500063,3012888,,2021-11-11,32856,84,,8876,60,85,mmHg,84.0
508139,501033,500063,3025315,,2021-11-11,32856,64.8,,9529,45,90,kg,64.8
508140,501033,500063,3038553,,2021-11-11,32856,26.6,,9531,18.5,25,kg/m2,26.6
508141,501034,500063,3004410,,2022-02-11,32856,7.3,,8554,4,5.6,%,7.3
508142,501034,500063,3004501,,2022-02-11,32856,130,,8840,70,99,mg/dL,130.0
508143,501034,500063,3004249,,2022-02-11,32856,118,,8876,90,130,mmHg,118.0
508144,501034,500063,3012888,,2022-02-11,32856,65,,8876,60,85,mmHg,65.0
508145,501034,500063,3025315,,2022-02-11,32856,63.9,,9529,45,90,kg,63.9
508146,501034,500063,3038553,,2022-02-11,32856,26.2,,9531,18.5,25,kg/m2,26.2
508147,501035,500063,3004410,,2022-05-06,32856,6.8,,8554,4,5.6,%,6.8
508148,501035,500063,3004501,,2022-05-06,32856,121,,8840,70,99,mg/dL,121.0
508149,501035,500063,3004249,,2022-05-06,32856,105,,8876,90,130,mmHg,105.0
508150,501035,500063,3012888,,2022-05-06,32856,73,,8876,60,85,mmHg,73.0
508151,501035,500063,3025315,,2022-05-06,32856,64.3,,9529,45,90,kg,64.3
508152,501035,500063,3038553,,2022-05-06,32856,26.4,,9531,18.5,25,kg/m2,26.4
508153,501036,500063,3004410,,2022-08-10,32856,7,,8554,4,5.6,%,7.0
508154,501036,500063,3004501,,2022-08-10,32856,186,,8840,70,99,mg/dL,186.0
508155,501036,500063,3004249,,2022-08-10,32856,122,,8876,90,130,mmHg,122.0
508156,501036,500063,3012888,,2022-08-10,32856,85,,8876,60,85,mmHg,85.0
508157,501036,500063,3025315,,2022-08-10,32856,66.3,,9529,45,90,kg,66.3
508158,501036,500063,3038553,,2022-08-10,32856,27.2,,9531,18.5,25,kg/m2,27.2
508159,501036,500063,3022192,,2022-08-10,32856,281.9,,8840,0,150,mg/dL,281.9
508160,501036,500063,3007070,,2022-08-10,32856,53,,8840,40,60,mg/dL,53.0
508161,501036,500063,3028437,,2022-08-10,32856,76.2,,8840,0,130,mg/dL,76.2
508162,501036,500063,3013721,,2022-08-10,32856,30.8,,8645,0,40,U/L,30.8
508163,501036,500063,3006923,,2022-08-10,32856,46.8,,8645,0,40,U/L,46.8
508164,501036,500063,3016723,,2022-08-10,32856,0.91,,8840,0.6,1.2,mg/dL,0.91
508165,501036,500063,3049187,,2022-08-10,32856,70.8,,9550,90,130,mL/min/1.73m2,70.8
508166,501037,500063,3004410,,2022-11-05,32856,6.7,,8554,4,5.6,%,6.7
508167,501037,500063,3004501,,2022-11-05,32856,121,,8840,70,99,mg/dL,121.0
508168,501037,500063,3004249,,2022-11-05,32856,108,,8876,90,130,mmHg,108.0
508169,501037,500063,3012888,,2022-11-05,32856,70,,8876,60,85,mmHg,70.0
508170,501037,500063,3025315,,2022-11-05,32856,67.4,,9529,45,90,kg,67.4
508171,501037,500063,3038553,,2022-11-05,32856,27.6,,9531,18.5,25,kg/m2,27.6
508172,501038,500063,3004410,,2023-02-06,32856,6.9,,8554,4,5.6,%,6.9
508173,501038,500063,3004501,,2023-02-06,32856,124,,8840,70,99,mg/dL,124.0
508174,501038,500063,3004249,,2023-02-06,32856,131,,8876,90,130,mmHg,131.0
508175,501038,500063,3012888,,2023-02-06,32856,64,,8876,60,85,mmHg,64.0
508176,501038,500063,3025315,,2023-02-06,32856,66.2,,9529,45,90,kg,66.2
508177,501038,500063,3038553,,2023-02-06,32856,27.1,,9531,18.5,25,kg/m2,27.1
508178,501039,500063,3004410,,2023-05-02,32856,7.1,,8554,4,5.6,%,7.1
508179,501039,500063,3004501,,2023-05-02,32856,128,,8840,70,99,mg/dL,128.0
508180,501039,500063,3004249,,2023-05-02,32856,120,,8876,90,130,mmHg,120.0
508181,501039,500063,3012888,,2023-05-02,32856,79,,8876,60,85,mmHg,79.0
508182,501039,500063,3025315,,2023-05-02,32856,66.6,,9529,45,90,kg,66.6
508183,501039,500063,3038553,,2023-05-02,32856,27.3,,9531,18.5,25,kg/m2,27.3
508184,501040,500063,3004410,,2023-08-04,32856,7.4,,8554,4,5.6,%,7.4
508185,501040,500063,3004501,,2023-08-04,32856,158,,8840,70,99,mg/dL,158.0
508186,501040,500063,3004249,,2023-08-04,32856,133,,8876,90,130,mmHg,133.0
508187,501040,500063,3012888,,2023-08-04,32856,70,,8876,60,85,mmHg,70.0
508188,501040,500063,3025315,,2023-08-04,32856,67,,9529,45,90,kg,67.0
508189,501040,500063,3038553,,2023-08-04,32856,27.5,,9531,18.5,25,kg/m2,27.5
508190,501040,500063,3022192,,2023-08-04,32856,182.5,,8840,0,150,mg/dL,182.5
508191,501040,500063,3007070,,2023-08-04,32856,47.9,,8840,40,60,mg/dL,47.9
508192,501040,500063,3028437,,2023-08-04,32856,126.5,,8840,0,130,mg/dL,126.5
508193,501040,500063,3013721,,2023-08-04,32856,47,,8645,0,40,U/L,47.0
508194,501040,500063,3006923,,2023-08-04,32856,44.6,,8645,0,40,U/L,44.6
508195,501040,500063,3016723,,2023-08-04,32856,0.6,,8840,0.6,1.2,mg/dL,0.6
508196,501040,500063,3049187,,2023-08-04,32856,96.5,,9550,90,130,mL/min/1.73m2,96.5
508197,501041,500063,3004410,,2023-11-06,32856,7.1,,8554,4,5.6,%,7.1
508198,501041,500063,3004501,,2023-11-06,32856,132,,8840,70,99,mg/dL,132.0
508199,501041,500063,3004249,,2023-11-06,32856,112,,8876,90,130,mmHg,112.0
508200,501041,500063,3012888,,2023-11-06,32856,63,,8876,60,85,mmHg,63.0
508201,501041,500063,3025315,,2023-11-06,32856,69.9,,9529,45,90,kg,69.9
508202,501041,500063,3038553,,2023-11-06,32856,28.6,,9531,18.5,25,kg/m2,28.6
508203,501042,500063,3004410,,2024-01-29,32856,6.5,,8554,4,5.6,%,6.5
508204,501042,500063,3004501,,2024-01-29,32856,97,,8840,70,99,mg/dL,97.0
508205,501042,500063,3004249,,2024-01-29,32856,128,,8876,90,130,mmHg,128.0
508206,501042,500063,3012888,,2024-01-29,32856,79,,8876,60,85,mmHg,79.0
508207,501042,500063,3025315,,2024-01-29,32856,70.5,,9529,45,90,kg,70.5
508208,501042,500063,3038553,,2024-01-29,32856,28.9,,9531,18.5,25,kg/m2,28.9
508209,501043,500063,3004410,,2024-04-28,32856,6.2,,8554,4,5.6,%,6.2
508210,501043,500063,3004501,,2024-04-28,32856,97,,8840,70,99,mg/dL,97.0
508211,501043,500063,3004249,,2024-04-28,32856,150,,8876,90,130,mmHg,150.0
508212,501043,500063,3012888,,2024-04-28,32856,67,,8876,60,85,mmHg,67.0
508213,501043,500063,3025315,,2024-04-28,32856,68.2,,9529,45,90,kg,68.2
508214,501043,500063,3038553,,2024-04-28,32856,28,,9531,18.5,25,kg/m2,28.0
508215,501044,500063,3004410,,2024-07-27,32856,6.6,,8554,4,5.6,%,6.6
508216,501044,500063,3004501,,2024-07-27,32856,133,,8840,70,99,mg/dL,133.0
508217,501044,500063,3004249,,2024-07-27,32856,114,,8876,90,130,mmHg,114.0
508218,501044,500063,3012888,,,32856,93,,8876,60,85,mmHg,93.0
508219,501044,500063,3025315,,2024-07-27,32856,67,,9529,45,90,kg,67.0
508220,501044,500063,3038553,,2024-07-27,32856,27.5,,9531,18.5,25,kg/m2,27.5
508221,501044,500063,3022192,,2024-07-27,32856,138.7,,8840,0,150,mg/dL,138.7
508222,501044,500063,3007070,,2024-07-27,32856,55.3,,8840,40,60,mg/dL,55.3
508223,501044,500063,3028437,,2024-07-27,32856,108.1,,8840,0,130,mg/dL,108.1
508224,501044,500063,3013721,,2024-07-27,32856,15.7,,8645,0,40,U/L,15.7
508225,501044,500063,3006923,,2024-07-27,32856,59.7,,8645,0,40,U/L,59.7
508226,501044,500063,3016723,,2024-07-27,32856,0.77,,8840,0.6,1.2,mg/dL,0.77
508227,501044,500063,3049187,,2024-07-27,32856,102.5,,9550,90,130,mL/min/1.73m2,102.5
508228,501045,500063,3004410,,2024-10-30,32856,6.8,,8554,4,5.6,%,6.8
508229,501045,500063,3004501,,2024-10-30,32856,135,,8840,70,99,mg/dL,135.0
508230,501045,500063,3004249,,2024-10-30,32856,118,,8876,90,130,mmHg,118.0
508231,501045,500063,3012888,,2024-10-30,32856,82,,8876,60,85,mmHg,82.0
508232,501045,500063,3025315,,2024-10-30,32856,66.3,,9529,45,90,kg,66.3
508233,501045,500063,3038553,,2024-10-30,32856,27.2,,9531,18.5,25,kg/m2,27.2
508234,501046,500063,3004410,,2025-02-02,32856,7.2,,8554,4,5.6,%,7.2
508235,501046,500063,3004501,,2025-02-02,32856,128,,8840,70,99,mg/dL,128.0
508236,501046,500063,3004249,,2025-02-02,32856,140,,8876,90,130,mmHg,140.0
508237,501046,500063,3012888,,2025-02-02,32856,88,,8876,60,85,mmHg,88.0
508238,501046,500063,3025315,,2025-02-02,32856,67,,9529,45,90,kg,67.0
508239,501046,500063,3038553,,2025-02-02,32856,27.5,,9531,18.5,25,kg/m2,27.5
508240,501047,500063,3004410,,2025-05-04,32856,7.6,,8554,4,5.6,%,7.6
508241,501047,500063,3004501,,2025-05-04,32856,133,,8840,70,99,mg/dL,133.0
508242,501047,500063,3004249,,2025-05-04,32856,111,,8876,90,130,mmHg,111.0
508243,501047,500063,3012888,,2025-05-04,32856,74,,8876,60,85,mmHg,74.0
508244,501047,500063,3025315,,2025-05-04,32856,67,,9529,45,90,kg,67.0
508245,501047,500063,3038553,,2025-05-04,32856,27.5,,9531,18.5,25,kg/m2,27.5
508246,501048,500063,3004410,,2025-08-03,32856,8,,8554,4,5.6,%,8.0
508247,501048,500063,3004501,,2025-08-03,32856,184,,8840,70,99,mg/dL,184.0
508248,501048,500063,3004249,,2025-08-03,32856,119,,8876,90,130,mmHg,119.0
508249,501048,500063,3012888,,2025-08-03,32856,75,,8876,60,85,mmHg,75.0
508250,501048,500063,3025315,,2025-08-03,32856,68.1,,9529,45,90,kg,68.1
508251,501048,500063,3038553,,2025-08-03,32856,27.9,,9531,18.5,25,kg/m2,27.9
508252,501048,500063,3022192,,2025-08-03,32856,208.5,,8840,0,150,mg/dL,208.5
508253,501048,500063,3007070,,2025-08-03,32856,43.7,,8840,40,60,mg/dL,43.7
508254,501048,500063,3028437,,2025-08-03,32856,199.1,,8840,0,130,mg/dL,199.1
508255,501048,500063,3013721,,2025-08-03,32856,30.5,,8645,0,40,U/L,30.5
508256,501048,500063,3006923,,2025-08-03,32856,20,,8645,0,40,U/L,20.0
508257,501048,500063,3016723,,2025-08-03,32856,1.38,,8840,0.6,1.2,mg/dL,1.38
508258,501048,500063,3049187,,2025-08-03,32856,27.4,,9550,90,130,mL/min/1.73m2,27.4
508259,501049,500063,3004410,,2025-11-02,32856,7.9,,8554,4,5.6,%,7.9
508260,501049,500063,3004501,,2025-11-02,32856,156,,8840,70,99,mg/dL,156.0
508261,501049,500063,3004249,,2025-11-02,32856,124,,8876,90,130,mmHg,124.0
508262,501049,500063,3012888,,2025-11-02,32856,74,,8876,60,85,mmHg,74.0
508263,501049,500063,3025315,,2025-11-02,32856,67.5,,9529,45,90,kg,67.5
508264,501049,500063,3038553,,2025-11-02,32856,27.7,,9531,18.5,25,kg/m2,27.7
508265,501050,500063,3004410,,2026-02-06,32856,8.4,,8554,4,5.6,%,8.4
508266,501050,500063,3004501,,2026-02-06,32856,157,,8840,70,99,mg/dL,157.0
508267,501050,500063,3004249,,2026-02-06,32856,153,,8876,90,130,mmHg,153.0
508268,501050,500063,3012888,,2026-02-06,32856,79,,8876,60,85,mmHg,79.0
508269,501050,500063,3025315,,2026-02-06,32856,68.5,,9529,45,90,kg,68.5
508270,501050,500063,3038553,,2026-02-06,32856,28.1,,9531,18.5,25,kg/m2,28.1
508271,501051,500063,3004410,,2026-05-03,32856,7.2,,8554,4,5.6,%,7.2
508272,501051,500063,3004501,,2026-05-03,32856,167,,8840,70,99,mg/dL,167.0
508273,501051,500063,3004249,,2026-05-03,32856,109,,8876,90,130,mmHg,109.0
508274,501051,500063,3012888,,2026-05-03,32856,78,,8876,60,85,mmHg,78.0
508275,501051,500063,3025315,,2026-05-03,32856,69,,9529,45,90,kg,69.0
508276,501051,500063,3038553,,2026-05-03,32856,28.3,,9531,18.5,25,kg/m2,28.3
508277,501052,500064,3036277,,2023-11-01,32856,159.4,,8582,150,185,cm,159.4
508278,501052,500064,3004410,,2023-11-01,32856,9.5,,8554,4,5.6,%,9.5
508279,501052,500064,3004501,,2023-11-01,32856,181,,8840,70,99,mg/dL,181.0
508280,501052,500064,3004249,,2023-11-01,32856,135,,8876,90,130,mmHg,135.0
508281,501052,500064,3012888,,2023-11-01,32856,87,,8876,60,85,mmHg,87.0
508282,501052,500064,3025315,,2023-11-01,32856,60.5,,9529,45,90,kg,60.5
508283,501052,500064,3038553,,2023-11-01,32856,23.8,,9531,18.5,25,kg/m2,23.8
508284,501052,500064,3022192,,2023-11-01,32856,205,,8840,0,150,mg/dL,205.0
508285,501052,500064,3007070,,2023-11-01,32856,45,,8840,40,60,mg/dL,45.0
508286,501052,500064,3028437,,2023-11-01,32856,110.8,,8840,0,130,mg/dL,110.8
508287,501052,500064,3013721,,2023-11-01,32856,46.4,,8645,0,40,U/L,46.4
508288,501052,500064,3006923,,2023-11-01,32856,4.9,,8645,0,40,U/L,4.9
508289,501052,500064,3016723,,2023-11-01,32856,1.35,,8840,0.6,1.2,mg/dL,1.35
508290,501052,500064,3049187,,2023-11-01,32856,91.6,,9550,90,130,mL/min/1.73m2,91.6
508291,501053,500064,3004410,,2024-02-02,32856,9.3,,8554,4,5.6,%,9.3
508292,501053,500064,3004501,,2024-02-02,32856,181,,8840,70,99,mg/dL,181.0
508293,501053,500064,3004249,,2024-02-02,32856,142,,8876,90,130,mmHg,142.0
508294,501053,500064,3012888,,2024-02-02,32856,100,,8876,60,85,mmHg,100.0
,501053,500064,3025315,,2024-02-02,32856,62,,9529,45,90,kg,62.0
508296,501053,500064,3038553,,2024-02-02,32856,24.4,,9531,18.5,25,kg/m2,24.4
508297,501054,500064,3004410,,2024-05-06,32856,8.8,,8554,4,5.6,%,8.8
508298,501054,500064,3004501,,2024-05-06,32856,194,,8840,70,99,mg/dL,194.0
508299,501054,500064,3004249,,2024-05-06,32856,116,,8876,90,130,mmHg,116.0
508300,501054,500064,3012888,,2024-05-06,32856,88,,8876,60,85,mmHg,88.0
508301,501054,500064,3025315,,2024-05-06,32856,62.1,,9529,45,90,kg,62.1
508302,501054,500064,3038553,,2024-05-06,32856,24.4,,9531,18.5,25,kg/m2,24.4
508303,501055,500064,3004410,,2024-08-02,32856,8.1,,8554,4,5.6,%,8.1
508304,501055,500064,3004501,,2024-08-02,32856,153,,8840,70,99,mg/dL,153.0
508305,501055,500064,3004249,,2024-08-02,32856,135,,8876,90,130,mmHg,135.0
508306,501055,500064,3012888,,2024-08-02,32856,97,,8876,60,85,mmHg,97.0
508307,501055,500064,3025315,,2024-08-02,32856,63.2,,9529,45,90,kg,63.2
508308,501055,500064,3038553,,2024-08-02,32856,24.9,,9531,18.5,25,kg/m2,24.9
508309,501056,500064,3004410,,2024-11-06,32856,7.7,,8554,4,5.6,%,7.7
508310,501056,500064,3004501,,2024-11-06,32856,165,,8840,70,99,mg/dL,165.0
508311,501056,500064,3004249,,2024-11-06,32856,154,,8876,90,130,mmHg,154.0
508312,501056,500064,3012888,,2024-11-06,32856,91,,8876,60,85,mmHg,91.0
508313,501056,500064,3025315,,2024-11-06,32856,64.5,,9529,45,90,kg,64.5
508314,501056,500064,3038553,,2024-11-06,32856,25.4,,9531,18.5,25,kg/m2,25.4
508315,501056,500064,3022192,,2024-11-06,32856,28.9,,8840,0,150,mg/dL,28.9
508316,501056,500064,3007070,,2024-11-06,32856,59.6,,8840,40,60,mg/dL,59.6
508317,501056,500064,3028437,,2024-11-06,32856,133.8,,8840,0,130,mg/dL,133.8
508318,501056,500064,3013721,,2024-11-06,32856,27.5,,8645,0,40,U/L,27.5
508319,501056,500064,3006923,,2024-11-06,32856,49.5,,8645,0,40,U/L,49.5
508320,501056,500064,3016723,,2024-11-06,32856,0.96,,8840,0.6,1.2,mg/dL,0.96
508321,501056,500064,3049187,,2024-11-06,32856,93.1,,9550,90,130,mL/min/1.73m2,93.1
508322,501057,500064,3004410,,2025-02-04,32856,7.3,,8554,4,5.6,%,7.3
508323,501057,500064,3004501,,2025-02-04,32856,111,,8840,70,99,mg/dL,111.0
508324,501057,500064,3004249,,2025-02-04,32856,106,,8876,90,130,mmHg,106.0
508325,501057,500064,3012888,,2025-02-04,32856,64,,8876,60,85,mmHg,64.0
508326,501057,500064,3025315,,2025-02-04,32856,63.5,,9529,45,90,kg,63.5
508327,501057,500064,3038553,,2025-02-04,32856,25,,9531,18.5,25,kg/m2,25.0
508328,501058,500064,3004410,,2025-05-05,32856,7.1,,8554,4,5.6,%,7.1
508329,501058,500064,3004501,,2025-05-05,32856,131,,8840,70,99,mg/dL,131.0
508330,501058,500064,3004249,,2025-05-05,32856,136,,8876,90,130,mmHg,136.0
508331,501058,500064,3012888,,2025-05-05,32856,88,,8876,60,85,mmHg,88.0
508332,501058,500064,3025315,,2025-05-05,32856,62.6,,9529,45,90,kg,62.6
508333,501058,500064,3038553,,2025-05-05,32856,24.6,,9531,18.5,25,kg/m2,24.6
508334,501059,500064,3004410,,2025-07-28,32856,6.7,,8554,4,5.6,%,6.7
508335,501059,500064,3004501,,2025-07-28,32856,143,,8840,70,99,mg/dL,143.0
508336,501059,500064,3004249,,2025-07-28,32856,126,,8876,90,130,mmHg,126.0
508337,501059,500064,3012888,,2025-07-28,32856,97,,8876,60,85,mmHg,97.0
508338,501059,500064,3025315,,2025-07-28,32856,62.7,,9529,45,90,kg,62.7
508339,501059,500064,3038553,,2025-07-28,32856,24.7,,9531,18.5,25,kg/m2,24.7
508340,501060,500064,3004410,,2025-11-01,32856,7.2,,8554,4,5.6,%,7.2
508341,501060,500064,3004501,,2025-11-01,32856,140,,8840,70,99,mg/dL,140.0
508342,501060,500064,3004249,,2025-11-01,32856,123,,8876,90,130,mmHg,123.0
508343,501060,500064,3012888,,2025-11-01,32856,91,,8876,60,85,mmHg,91.0
508344,501060,500064,3025315,,2025-11-01,32856,63.4,,9529,45,90,kg,63.4
508345,501060,500064,3038553,,2025-11-01,32856,25,,9531,18.5,25,kg/m2,25.0
508346,501060,500064,3022192,,2025-11-01,32856,201.5,,8840,0,150,mg/dL,201.5
508347,501060,500064,3007070,,2025-11-01,32856,50.8,,8840,40,60,mg/dL,50.8
508348,501060,500064,3028437,,2025-11-01,32856,129.6,,8840,0,130,mg/dL,129.6
508349,501060,500064,3013721,,2025-11-01,32856,53.2,,8645,0,40,U/L,53.2
508350,501060,500064,3006923,,2025-11-01,32856,0,,8645,0,40,U/L,0
508351,501060,500064,3016723,,2025-11-01,32856,1.01,,8840,0.6,1.2,mg/dL,1.01
508352,501060,500064,3049187,,2025-11-01,32856,96.3,,9550,90,130,mL/min/1.73m2,96.3
508353,501061,500064,3004410,,2026-02-02,32856,7.6,,8554,4,5.6,%,7.6
508354,501061,500064,3004501,,2026-02-02,32856,134,,8840,70,99,mg/dL,134.0
508355,501061,500064,3004249,,2026-02-02,32856,151,,8876,90,130,mmHg,151.0
508356,501061,500064,3012888,,2026-02-02,32856,93,,8876,60,85,mmHg,93.0
508357,501061,500064,3025315,,2026-02-02,32856,65.9,,9529,45,90,kg,65.9
508358,501061,500064,3038553,,2026-02-02,32856,25.9,,9531,18.5,25,kg/m2,25.9
508359,501062,500064,3004410,,2026-05-11,32856,7.9,,8554,4,5.6,%,7.9
508360,501062,500064,3004501,,2026-05-11,32856,160,,8840,70,99,mg/dL,160.0
508361,501062,500064,3004249,,2026-05-11,32856,110,,8876,90,130,mmHg,110.0
508362,501062,500064,3012888,,2026-05-11,32856,76,,8876,60,85,mmHg,76.0
508363,501062,500064,3025315,,2026-05-11,32856,63,,9529,45,90,kg,63.0
508364,501062,500064,3038553,,2026-05-11,32856,24.8,,9531,18.5,25,kg/m2,24.8
508365,501063,500064,3004410,,2026-08-14,32856,7.9,,8554,4,5.6,%,7.9
508366,501063,500064,3004501,,2026-08-14,32856,157,,8840,70,99,mg/dL,157.0
508367,501063,500064,3004249,,2026-08-14,32856,158,,8876,90,130,mmHg,158.0
508368,501063,500064,3012888,,2026-08-14,32856,78,,8876,60,85,mmHg,78.0
508369,501063,500064,3025315,,2026-08-14,32856,62.8,,9529,45,90,kg,62.8
508370,501063,500064,3038553,,2026-08-14,32856,24.7,,9531,18.5,25,kg/m2,24.7
508371,501064,500065,3036277,,2023-06-04,32856,169.1,,8582,150,185,cm,169.1
508372,501064,500065,3004410,,2023-06-04,32856,6.7,,8554,4,5.6,%,6.7
508373,501064,500065,3004501,,2023-06-04,32856,87,,8840,70,99,mg/dL,87.0
508374,501064,500065,3004249,,2023-06-04,32856,151,,8876,90,130,mmHg,151.0
508375,501064,500065,3012888,,2023-06-04,32856,79,,8876,60,85,mmHg,79.0
508376,501064,500065,3025315,,2023-06-04,32856,63.2,,9529,45,90,kg,63.2
508377,501064,500065,3038553,,2023-06-04,32856,22.1,,9531,18.5,25,kg/m2,22.1
508378,501064,500065,3022192,,2023-06-04,32856,141.5,,8840,0,150,mg/dL,141.5
508379,501064,500065,3007070,,2023-06-04,32856,54.6,,8840,40,60,mg/dL,54.6
508380,501064,500065,3028437,,2023-06-04,32856,155.2,,8840,0,130,mg/dL,155.2
508381,501064,500065,3013721,,2023-06-04,32856,54.8,,8645,0,40,U/L,54.8
508382,501064,500065,3006923,,2023-06-04,32856,52.1,,8645,0,40,U/L,52.1
508383,501064,500065,3016723,,2023-06-04,32856,1.12,,8840,0.6,1.2,mg/dL,1.12
508384,501064,500065,3049187,,2023-06-04,32856,91.1,,9550,90,130,mL/min/1.73m2,91.1
508385,501065,500065,3004410,,2023-09-03,32856,7.2,,8554,4,5.6,%,7.2
508386,501065,500065,3004501,,2023-09-03,32856,131,,8840,70,99,mg/dL,131.0
508387,501065,500065,3004249,,2023-09-03,32856,125,,8876,90,130,mmHg,125.0
508388,501065,500065,3012888,,2023-09-03,32856,74,,8876,60,85,mmHg,74.0
508389,501065,500065,3025315,,2023-09-03,32856,63.1,,9529,45,90,kg,63.1
508390,501065,500065,3038553,,2023-09-03,32856,22.1,,9531,18.5,25,kg/m2,22.1
508391,501066,500065,3004410,,2023-12-10,32856,6.4,,8554,4,5.6,%,6.4
508392,501066,500065,3004501,,2023-12-10,32856,116,,8840,70,99,mg/dL,116.0
508393,501066,500065,3004249,,2023-12-10,32856,121,,8876,90,130,mmHg,121.0
508394,501066,500065,3012888,,2023-12-10,32856,75,,8876,60,85,mmHg,75.0
508395,501066,500065,3025315,,2023-12-10,32856,62.7,,9529,45,90,kg,62.7
508396,501066,500065,3038553,,2023-12-10,32856,21.9,,9531,18.5,25,kg/m2,21.9
508397,501067,500065,3004410,,2024-03-12,32856,6.5,,8554,4,5.6,%,6.5
508398,501067,500065,3004501,,2024-03-12,32856,127,,8840,70,99,mg/dL,127.0
508399,501067,500065,3004249,,2024-03-12,32856,122,,8876,90,130,mmHg,122.0
508400,501067,500065,3012888,,2024-03-12,32856,83,,8876,60,85,mmHg,83.0
508401,501067,500065,3025315,,2024-03-12,32856,62.8,,9529,45,90,kg,62.8
508402,501067,500065,3038553,,2024-03-12,32856,22,,9531,18.5,25,kg/m2,22.0
508403,501068,500065,3004410,,2024-06-08,32856,6.5,,8554,4,5.6,%,6.5
508404,501068,500065,3004501,,2024-06-08,32856,124,,8840,70,99,mg/dL,124.0
508405,501068,500065,3004249,,2024-06-08,32856,129,,8876,90,130,mmHg,129.0
508406,501068,500065,3012888,,2024-06-08,32856,70,,8876,60,85,mmHg,70.0
508407,501068,500065,3025315,,2024-06-08,32856,62.1,,9529,45,90,kg,62.1
508408,501068,500065,3038553,,2024-06-08,32856,21.7,,9531,18.5,25,kg/m2,21.7
508409,501068,500065,3022192,,2024-06-08,32856,109.6,,8840,0,150,mg/dL,109.6
508410,501068,500065,3007070,,2024-06-08,32856,48.5,,8840,40,60,mg/dL,48.5
508411,501068,500065,3028437,,2024-06-08,32856,82.7,,8840,0,130,mg/dL,82.7
508412,501068,500065,3013721,,2024-06-08,32856,30.3,,8645,0,40,U/L,30.3
508413,501068,500065,3006923,,2024-06-08,32856,36.4,,8645,0,40,U/L,36.4
508414,501068,500065,3016723,,2024-06-08,32856,0.82,,8840,0.6,1.2,mg/dL,0.82
508415,501068,500065,3049187,,2024-06-08,32856,104.3,,9550,90,130,mL/min/1.73m2,104.3
508416,501069,500065,3004410,,2024-09-14,32856,6.1,,8554,4,5.6,%,6.1
508417,501069,500065,3004501,,2024-09-14,32856,103,,8840,70,99,mg/dL,103.0
508418,501069,500065,3004249,,2024-09-14,32856,124,,8876,90,130,mmHg,124.0
508419,501069,500065,3012888,,2024-09-14,32856,69,,8876,60,85,mmHg,69.0
508420,501069,500065,3025315,,2024-09-14,32856,62,,9529,45,90,kg,62.0
508421,501069,500065,3038553,,2024-09-14,32856,21.7,,9531,18.5,25,kg/m2,21.7
508422,501070,500065,3004410,,2024-12-14,32856,6.6,,8554,4,5.6,%,6.6
508423,501070,500065,3004501,,2024-12-14,32856,118,,8840,70,99,mg/dL,118.0
508424,501070,500065,3004249,,2024-12-14,32856,122,,8876,90,130,mmHg,122.0
508425,501070,500065,3012888,,2024-12-14,32856,69,,8876,60,85,mmHg,69.0
508426,501070,500065,3025315,,2024-12-14,32856,63.2,,9529,45,90,kg,63.2
508427,501070,500065,3038553,,2024-12-14,32856,22.1,,9531,18.5,25,kg/m2,22.1
508428,501071,500065,3004410,,2025-03-10,32856,6.6,,8554,4,5.6,%,6.6
508429,501071,500065,3004501,,2025-03-10,32856,109,,8840,70,99,mg/dL,109.0
508430,501071,500065,3004249,,2025-03-10,32856,137,,8876,90,130,mmHg,137.0
508431,501071,500065,3012888,,2025-03-10,32856,67,,8876,60,85,mmHg,67.0
508432,501071,500065,3025315,,2025-03-10,32856,63,,9529,45,90,kg,63.0
508433,501071,500065,3038553,,2025-03-10,32856,22,,9531,18.5,25,kg/m2,22.0
508434,501072,500065,3004410,,2025-06-05,32856,6.5,,8554,4,5.6,%,6.5
508435,501072,500065,3004501,,2025-06-05,32856,132,,8840,70,99,mg/dL,132.0
508436,501072,500065,3004249,,2025-06-05,32856,125,,8876,90,130,mmHg,125.0
508437,501072,500065,3012888,,2025-06-05,32856,93,,8876,60,85,mmHg,93.0
508438,501072,500065,3025315,,2025-06-05,32856,65.2,,9529,45,90,kg,65.2
508439,501072,500065,3038553,,2025-06-05,32856,22.8,,9531,18.5,25,kg/m2,22.8
508440,501072,500065,3022192,,2025-06-05,32856,96.2,,8840,0,150,mg/dL,96.2
508441,501072,500065,3007070,,2025-06-05,32856,47,,8840,40,60,mg/dL,47.0
508442,501072,500065,3028437,,2025-06-05,32856,104.8,,8840,0,130,mg/dL,104.8
508443,501072,500065,3013721,,2025-06-05,32856,16,,8645,0,40,U/L,16.0
508444,501072,500065,3006923,,2025-06-05,32856,5.8,,8645,0,40,U/L,5.8
508445,501072,500065,3016723,,2025-06-05,32856,0.74,,8840,0.6,1.2,mg/dL,0.74
508446,501072,500065,3049187,,2025-06-05,32856,75.2,,9550,90,130,mL/min/1.73m2,75.2
508447,501073,500065,3004410,,2025-08-29,32856,6.4,,8554,4,5.6,%,6.4
508448,501073,500065,3004501,,2025-08-29,32856,140,,8840,70,99,mg/dL,140.0
508449,501073,500065,3004249,,2025-08-29,32856,131,,8876,90,130,mmHg,131.0
508450,501073,500065,3012888,,2025-08-29,32856,76,,8876,60,85,mmHg,76.0
508451,501073,500065,3025315,,2025-08-29,32856,65.4,,9529,45,90,kg,65.4
508452,501073,500065,3038553,,2025-08-29,32856,22.9,,9531,18.5,25,kg/m2,22.9
508453,501074,500065,3004410,,2025-11-28,32856,5.8,,8554,4,5.6,%,5.8
508454,501074,500065,3004501,,2025-11-28,32856,124,,8840,70,99,mg/dL,124.0
508455,501074,500065,3004249,,2025-11-28,32856,148,,8876,90,130,mmHg,148.0
508456,501074,500065,3012888,,2025-11-28,32856,84,,8876,60,85,mmHg,84.0
508457,501074,500065,3025315,,2025-11-28,32856,66.2,,9529,45,90,kg,66.2
508458,501074,500065,3038553,,2025-11-28,32856,23.2,,9531,18.5,25,kg/m2,23.2
508459,501075,500065,3004410,,2026-02-22,32856,6.4,,8554,4,5.6,%,6.4
508460,501075,500065,3004501,,2026-02-22,32856,118,,8840,70,99,mg/dL,118.0
508461,501075,500065,3004249,,2026-02-22,32856,118,,8876,90,130,mmHg,118.0
508462,501075,500065,3012888,,2026-02-22,32856,64,,8876,60,85,mmHg,64.0
508463,501075,500065,3025315,,2026-02-22,32856,65.2,,9529,45,90,kg,65.2
508464,501075,500065,3038553,,2026-02-22,32856,22.8,,9531,18.5,25,kg/m2,22.8
508465,501076,500065,3004410,,2026-05-25,32856,6.2,,8554,4,5.6,%,6.2
508466,501076,500065,3004501,,2026-05-25,32856,112,,8840,70,99,mg/dL,112.0
508467,501076,500065,3004249,,2026-05-25,32856,93,,8876,90,130,mmHg,93.0
508468,501076,500065,3012888,,2026-05-25,32856,62,,8876,60,85,mmHg,62.0
508469,501076,500065,3025315,,2026-05-25,32856,65.9,,9529,45,90,kg,65.9
508470,501076,500065,3038553,,2026-05-25,32856,23,,9531,18.5,25,kg/m2,23.0
508471,501076,500065,3022192,,2026-05-25,32856,341.4,,8840,0,150,mg/dL,341.4
508472,501076,500065,3007070,,2026-05-25,32856,43,,8840,40,60,mg/dL,43.0
508473,501076,500065,3028437,,2026-05-25,32856,133.8,,8840,0,130,mg/dL,133.8
508474,501076,500065,3013721,,2026-05-25,32856,34.9,,8645,0,40,U/L,34.9
508475,501076,500065,3006923,,2026-05-25,32856,70.4,,8645,0,40,U/L,70.4
508476,501076,500065,3016723,,2026-05-25,32856,2.15,,8840,0.6,1.2,mg/dL,2.15
508477,501076,500065,3049187,,2026-05-25,32856,35.3,,9550,90,130,mL/min/1.73m2,35.3
508478,501077,500065,3004410,,2026-08-30,32856,7.1,,8554,4,5.6,%,7.1
508479,501077,500065,3004501,,2026-08-30,32856,155,,8840,70,99,mg/dL,155.0
508480,501077,500065,3004249,,2026-08-30,32856,141,,8876,90,130,mmHg,141.0
508481,501077,500065,3012888,,2026-08-30,32856,83,,8876,60,85,mmHg,83.0
508482,501077,500065,3025315,,2026-08-30,32856,65.9,,9529,45,90,kg,65.9
508483,501077,500065,3038553,,2026-08-30,32856,23,,9531,18.5,25,kg/m2,23.0
508484,501078,500066,3036277,,2020-11-20,32856,159.7,,8582,150,185,cm,159.7
508485,501078,500066,3004410,,2020-11-20,32856,5.8,,8554,4,5.6,%,5.8
508486,501078,500066,3004501,,2020-11-20,32856,100,,8840,70,99,mg/dL,100.0
508487,501078,500066,3004249,,2020-11-20,32856,141,,8876,90,130,mmHg,141.0
508488,501078,500066,3012888,,2020-11-20,32856,90,,8876,60,85,mmHg,90.0
508489,501078,500066,3025315,,2020-11-20,32856,75.5,,9529,45,90,kg,75.5
508490,501078,500066,3038553,,2020-11-20,32856,29.6,,9531,18.5,25,kg/m2,29.6
508491,501078,500066,3022192,,2020-11-20,32856,119.5,,8840,0,150,mg/dL,119.5
508492,501078,500066,3007070,,2020-11-20,32856,52.2,,8840,40,60,mg/dL,52.2
508493,501078,500066,3028437,,2020-11-20,32856,94.4,,8840,0,130,mg/dL,94.4
508494,501078,500066,3013721,,2020-11-20,32856,70.8,,8645,0,40,U/L,70.8
508495,501078,500066,3006923,,2020-11-20,32856,62.5,,8645,0,40,U/L,62.5
508496,501078,500066,3016723,,2020-11-20,32856,0.91,,8840,0.6,1.2,mg/dL,0.91
508497,501078,500066,3049187,,2020-11-20,32856,86,,9550,90,130,mL/min/1.73m2,86.0
508498,501079,500066,3004410,,2021-02-14,32856,5,,8554,4,5.6,%,5.0
508499,501079,500066,3004501,,2021-02-14,32856,84,,8840,70,99,mg/dL,84.0
508500,501079,500066,3004249,,2021-02-14,32856,122,,8876,90,130,mmHg,122.0
508501,501079,500066,3012888,,2021-02-14,32856,78,,8876,60,85,mmHg,78.0
508502,501079,500066,3025315,,2021-02-14,32856,76.2,,9529,45,90,kg,76.2
508503,501079,500066,3038553,,2021-02-14,32856,29.9,,9531,18.5,25,kg/m2,29.9
508504,501080,500066,3004410,,2021-05-18,32856,5,,8554,4,5.6,%,5.0
508505,501080,500066,3004501,,2021-05-18,32856,85,,8840,70,99,mg/dL,85.0
508506,501080,500066,3004249,,2021-05-18,32856,141,,8876,90,130,mmHg,141.0
508507,501080,500066,3012888,,2021-05-18,32856,83,,8876,60,85,mmHg,83.0
508508,501080,500066,3025315,,2021-05-18,32856,75.6,,9529,45,90,kg,75.6
508509,501080,500066,3038553,,2021-05-18,32856,29.6,,9531,18.5,25,kg/m2,29.6
508510,501081,500066,3004410,,2021-08-10,32856,5,,8554,4,5.6,%,5.0
508511,501081,500066,3004501,,2021-08-10,32856,74,,8840,70,99,mg/dL,74.0
508512,501081,500066,3004249,,2021-08-10,32856,134,,8876,90,130,mmHg,134.0
508513,501081,500066,3012888,,2021-08-10,32856,76,,8876,60,85,mmHg,76.0
508514,501081,500066,3025315,,2021-08-10,32856,76.6,,9529,45,90,kg,76.6
508515,501081,500066,3038553,,2021-08-10,32856,30,,9531,18.5,25,kg/m2,30.0
508516,501082,500066,3004410,,2021-11-03,32856,5,,8554,4,5.6,%,5.0
508517,501082,500066,3004501,,2021-11-03,32856,79,,8840,70,99,mg/dL,79.0
508518,501082,500066,3004249,,2021-11-03,32856,130,,8876,90,130,mmHg,130.0
508519,501082,500066,3012888,,2021-11-03,32856,94,,8876,60,85,mmHg,94.0
508520,501082,500066,3025315,,2021-11-03,32856,76.2,,9529,45,90,kg,76.2
508521,501082,500066,3038553,,2021-11-03,32856,29.9,,9531,18.5,25,kg/m2,29.9
508522,501082,500066,3022192,,2021-11-03,32856,41,,8840,0,150,mg/dL,41.0
508523,501082,500066,3007070,,2021-11-03,32856,62.6,,8840,40,60,mg/dL,62.6
508524,501082,500066,3028437,,2021-11-03,32856,93.1,,8840,0,130,mg/dL,93.1
508525,501082,500066,3013721,,2021-11-03,32856,30.6,,8645,0,40,U/L,30.6
508526,501082,500066,3006923,,2021-11-03,32856,45.2,,8645,0,40,U/L,45.2
508527,501082,500066,3016723,,2021-11-03,32856,0.39,,8840,0.6,1.2,mg/dL,0.39
508528,501082,500066,3049187,,2021-11-03,32856,71.8,,9550,90,130,mL/min/1.73m2,71.8
508529,501083,500066,3004410,,2022-02-07,32856,5,,8554,4,5.6,%,5.0
508530,501083,500066,3004501,,2022-02-07,32856,80,,8840,70,99,mg/dL,80.0
508531,501083,500066,3004249,,2022-02-07,32856,115,,8876,90,130,mmHg,115.0
508532,501083,500066,3012888,,2022-02-07,32856,84,,8876,60,85,mmHg,84.0
508533,501083,500066,3025315,,2022-02-07,32856,76,,9529,45,90,kg,76.0
508534,501083,500066,3038553,,2022-02-07,32856,29.8,,9531,18.5,25,kg/m2,29.8
508535,501084,500066,3004410,,2022-05-07,32856,5.3,,8554,4,5.6,%,5.3
508536,501084,500066,3004501,,2022-05-07,32856,103,,8840,70,99,mg/dL,103.0
508537,501084,500066,3004249,,2022-05-07,32856,145,,8876,90,130,mmHg,145.0
508538,501084,500066,3012888,,2022-05-07,32856,82,,8876,60,85,mmHg,82.0
508539,501084,500066,3025315,,2022-05-07,32856,74.5,,9529,45,90,kg,74.5
508540,501084,500066,3038553,,2022-05-07,32856,29.2,,9531,18.5,25,kg/m2,29.2
508541,501085,500066,3004410,,2022-07-31,32856,5,,8554,4,5.6,%,5.0
508542,501085,500066,3004501,,2022-07-31,32856,72,,8840,70,99,mg/dL,72.0
508543,501085,500066,3004249,,2022-07-31,32856,147,,8876,90,130,mmHg,147.0
508544,501085,500066,3012888,,2022-07-31,32856,76,,8876,60,85,mmHg,76.0
508545,501085,500066,3025315,,2022-07-31,32856,74.9,,9529,45,90,kg,74.9
508546,501085,500066,3038553,,2022-07-31,32856,29.4,,9531,18.5,25,kg/m2,29.4
508547,501086,500066,3004410,,2022-11-06,32856,5,,8554,4,5.6,%,5.0
508548,501086,500066,3004501,,2022-11-06,32856,60,,8840,70,99,mg/dL,60.0
508549,501086,500066,3004249,,2022-11-06,32856,144,,8876,90,130,mmHg,144.0
508550,501086,500066,3012888,,2022-11-06,32856,85,,8876,60,85,mmHg,85.0
508551,501086,500066,3025315,,2022-11-06,32856,74.8,,9529,45,90,kg,74.8
508552,501086,500066,3038553,,2022-11-06,32856,29.3,,9531,18.5,25,kg/m2,29.3
508553,501086,500066,3022192,,2022-11-06,32856,166.3,,8840,0,150,mg/dL,166.3
508554,501086,500066,3007070,,2022-11-06,32856,55.4,,8840,40,60,mg/dL,55.4
508555,501086,500066,3028437,,2022-11-06,32856,146.2,,8840,0,130,mg/dL,146.2
508556,501086,500066,3013721,,2022-11-06,32856,13.3,,8645,0,40,U/L,13.3
508557,501086,500066,3006923,,2022-11-06,32856,26.2,,8645,0,40,U/L,26.2
508558,501086,500066,3016723,,2022-11-06,32856,0.98,,8840,0.6,1.2,mg/dL,0.98
508559,501086,500066,3049187,,2022-11-06,32856,96.5,,9550,90,130,mL/min/1.73m2,96.5
508560,501087,500066,3004410,,2023-01-30,32856,5.1,,8554,4,5.6,%,5.1
508561,501087,500066,3004501,,2023-01-30,32856,92,,8840,70,99,mg/dL,92.0
508562,501087,500066,3004249,,2023-01-30,32856,152,,8876,90,130,mmHg,152.0
508563,501087,500066,3012888,,2023-01-30,32856,74,,8876,60,85,mmHg,74.0
508564,501087,500066,3025315,,2023-01-30,32856,74.6,,9529,45,90,kg,74.6
508565,501087,500066,3038553,,2023-01-30,32856,29.3,,9531,18.5,25,kg/m2,29.3
508566,501088,500066,3004410,,2023-04-29,32856,5.5,,8554,4,5.6,%,5.5
508567,501088,500066,3004501,,2023-04-29,32856,95,,8840,70,99,mg/dL,95.0
508568,501088,500066,3004249,,2023-04-29,32856,136,,8876,90,130,mmHg,136.0
508569,501088,500066,3012888,,2023-04-29,32856,86,,8876,60,85,mmHg,86.0
508570,501088,500066,3025315,,2023-04-29,32856,74.1,,9529,45,90,kg,74.1
508571,501088,500066,3038553,,2023-04-29,32856,29.1,,9531,18.5,25,kg/m2,29.1
508572,501089,500066,3004410,,2023-07-26,32856,5,,8554,4,5.6,%,5.0
508573,501089,500066,3004501,,2023-07-26,32856,90,,8840,70,99,mg/dL,90.0
508574,501089,500066,3004249,,2023-07-26,32856,125,,8876,90,130,mmHg,125.0
508575,501089,500066,3012888,,2023-07-26,32856,91,,8876,60,85,mmHg,91.0
508576,501089,500066,3025315,,2023-07-26,32856,75.1,,9529,45,90,kg,75.1
508577,501089,500066,3038553,,2023-07-26,32856,29.4,,9531,18.5,25,kg/m2,29.4
508578,501090,500067,3036277,,2023-06-25,32856,171.8,,8582,150,185,cm,171.8
508579,501090,500067,3004410,,2023-06-25,32856,5.8,,8554,4,5.6,%,5.8
508580,501090,500067,3004501,,2023-06-25,32856,113,,8840,70,99,mg/dL,113.0
508581,501090,500067,3004249,,2023-06-25,32856,139,,8876,90,130,mmHg,139.0
508582,501090,500067,3012888,,2023-06-25,32856,81,,8876,60,85,mmHg,81.0
508583,501090,500067,3025315,,2023-06-25,32856,77,,9529,45,90,kg,77.0
508584,501090,500067,3038553,,2023-06-25,32856,26.1,,9531,18.5,25,kg/m2,26.1
508585,501090,500067,3022192,,2023-06-25,32856,172.3,,8840,0,150,mg/dL,172.3
508586,501090,500067,3007070,,2023-06-25,32856,31.9,,8840,40,60,mg/dL,31.9
508587,501090,500067,3028437,,2023-06-25,32856,46.2,,8840,0,130,mg/dL,46.2
508588,501090,500067,3013721,,2023-06-25,32856,30.1,,8645,0,40,U/L,30.1
508589,501090,500067,3006923,,2023-06-25,32856,41.2,,8645,0,40,U/L,41.2
508590,501090,500067,3016723,,2023-06-25,32856,0.72,,8840,0.6,1.2,mg/dL,0.72
508591,501090,500067,3049187,,2023-06-25,32856,83.9,,9550,90,130,mL/min/1.73m2,83.9
508592,501091,500067,3004410,,2023-09-23,32856,5.1,,8554,4,5.6,%,5.1
508593,501091,500067,3004501,,2023-09-23,32856,84,,8840,70,99,mg/dL,84.0
508594,501091,500067,3004249,,2023-09-23,32856,127,,8876,90,130,mmHg,127.0
508595,501091,500067,3012888,,2023-09-23,32856,74,,8876,60,85,mmHg,74.0
508596,501091,500067,3025315,,2023-09-23,32856,78.5,,9529,45,90,kg,78.5
508597,501091,500067,3038553,,2023-09-23,32856,26.6,,9531,18.5,25,kg/m2,26.6
508598,501092,500067,3004410,,2023-12-20,32856,5.4,,8554,4,5.6,%,5.4
508599,501092,500067,3004501,,2023-12-20,32856,75,,8840,70,99,mg/dL,75.0
508600,501092,500067,3004249,,2023-12-20,32856,114,,8876,90,130,mmHg,114.0
508601,501092,500067,3012888,,2023-12-20,32856,83,,8876,60,85,mmHg,83.0
508602,501092,500067,3025315,,2023-12-20,32856,78.8,,9529,45,90,kg,78.8
508603,501092,500067,3038553,,2023-12-20,32856,26.7,,9531,18.5,25,kg/m2,26.7
508604,501093,500067,3004410,,2024-03-25,32856,5.7,,8554,4,5.6,%,5.7
508605,501093,500067,3004501,,2024-03-25,32856,93,,8840,70,99,mg/dL,93.0
508606,501093,500067,3004249,,2024-03-25,32856,128,,8876,90,130,mmHg,128.0
508607,501093,500067,3012888,,2024-03-25,32856,81,,8876,60,85,mmHg,81.0
508608,501093,500067,3025315,,2024-03-25,32856,78.1,,9529,45,90,kg,78.1
508609,501093,500067,3038553,,2024-03-25,32856,26.5,,9531,18.5,25,kg/m2,26.5
508610,501094,500067,3004410,,2024-07-01,32856,5,,8554,4,5.6,%,5.0
508611,501094,500067,3004501,,2024-07-01,32856,87,,8840,70,99,mg/dL,87.0
508612,501094,500067,3004249,,2024-07-01,32856,138,,8876,90,130,mmHg,138.0
508613,501094,500067,3012888,,2024-07-01,32856,85,,8876,60,85,mmHg,85.0
508614,501094,500067,3025315,,2024-07-01,32856,78.1,,9529,45,90,kg,78.1
508615,501094,500067,3038553,,2024-07-01,32856,26.5,,9531,18.5,25,kg/m2,26.5
508616,501094,500067,3022192,,2024-07-01,32856,125.1,,8840,0,150,mg/dL,125.1
508617,501094,500067,3007070,,2024-07-01,32856,46.6,,8840,40,60,mg/dL,46.6
508618,501094,500067,3028437,,2024-07-01,32856,136,,8840,0,130,mg/dL,136.0
508619,501094,500067,3013721,,2024-07-01,32856,30.1,,8645,0,40,U/L,30.1
508620,501094,500067,3006923,,2024-07-01,32856,125.1,,8645,0,40,U/L,125.1
508621,501094,500067,3016723,,2024-07-01,32856,1.09,,8840,0.6,1.2,mg/dL,1.09
508622,501094,500067,3049187,,2024-07-01,32856,69.5,,9550,90,130,mL/min/1.73m2,69.5
508623,501095,500067,3004410,,2024-10-03,32856,5.2,,8554,4,5.6,%,5.2
508624,501095,500067,3004501,,2024-10-03,32856,75,,8840,70,99,mg/dL,75.0
508625,501095,500067,3004249,,2024-10-03,32856,152,,8876,90,130,mmHg,152.0
508626,501095,500067,3012888,,2024-10-03,32856,80,,8876,60,85,mmHg,80.0
508627,501095,500067,3025315,,2024-10-03,32856,78.5,,9529,45,90,kg,78.5
508628,501095,500067,3038553,,2024-10-03,32856,26.6,,9531,18.5,25,kg/m2,26.6
508629,501096,500067,3004410,,2025-01-09,32856,5.1,,8554,4,5.6,%,5.1
508630,501096,500067,3004501,,2025-01-09,32856,62,,8840,70,99,mg/dL,62.0
508631,501096,500067,3004249,,2025-01-09,32856,135,,8876,90,130,mmHg,135.0
508632,501096,500067,3012888,,2025-01-09,32856,89,,8876,60,85,mmHg,89.0
508633,501096,500067,3025315,,2025-01-09,32856,77.3,,9529,45,90,kg,77.3
508634,501096,500067,3038553,,2025-01-09,32856,26.2,,9531,18.5,25,kg/m2,26.2
508635,501097,500067,3004410,,2025-04-05,32856,5.2,,8554,4,5.6,%,5.2
508636,501097,500067,3004501,,2025-04-05,32856,74,,8840,70,99,mg/dL,74.0
508637,501097,500067,3004249,,2025-04-05,32856,129,,8876,90,130,mmHg,129.0
508638,501097,500067,3012888,,2025-04-05,32856,72,,8876,60,85,mmHg,72.0
508639,501097,500067,3025315,,2025-04-05,32856,76.9,,9529,45,90,kg,76.9
508640,501097,500067,3038553,,2025-04-05,32856,26.1,,9531,18.5,25,kg/m2,26.1
508641,501098,500067,3004410,,2025-07-06,32856,5.5,,8554,4,5.6,%,5.5
508642,501098,500067,3004501,,2025-07-06,32856,67,,8840,70,99,mg/dL,67.0
508643,501098,500067,3004249,,2025-07-06,32856,143,,8876,90,130,mmHg,143.0
508644,501098,500067,3012888,,2025-07-06,32856,85,,8876,60,85,mmHg,85.0
508645,501098,500067,3025315,,2025-07-06,32856,76.2,,9529,45,90,kg,76.2
508646,501098,500067,3038553,,2025-07-06,32856,25.8,,9531,18.5,25,kg/m2,25.8
508647,501098,500067,3022192,,2025-07-06,32856,269.8,,8840,0,150,mg/dL,269.8
508648,501098,500067,3007070,,2025-07-06,32856,40.3,,8840,40,60,mg/dL,40.3
508649,501098,500067,3028437,,2025-07-06,32856,58.9,,8840,0,130,mg/dL,58.9
508650,501098,500067,3013721,,2025-07-06,32856,16.4,,8645,0,40,U/L,16.4
508651,501098,500067,3006923,,2025-07-06,32856,48.8,,8645,0,40,U/L,48.8
508652,501098,500067,3016723,,2025-07-06,32856,0.96,,8840,0.6,1.2,mg/dL,0.96
508653,501098,500067,3049187,,2025-07-06,32856,129.8,,9550,90,130,mL/min/1.73m2,129.8
508654,501099,500067,3004410,,2025-09-28,32856,5,,8554,4,5.6,%,5.0
508655,501099,500067,3004501,,2025-09-28,32856,97,,8840,70,99,mg/dL,97.0
508656,501099,500067,3004249,,2025-09-28,32856,145,,8876,90,130,mmHg,145.0
508657,501099,500067,3012888,,2025-09-28,32856,90,,8876,60,85,mmHg,90.0
508658,501099,500067,3025315,,2025-09-28,32856,75.2,,9529,45,90,kg,75.2
508659,501099,500067,3038553,,2025-09-28,32856,25.5,,9531,18.5,25,kg/m2,25.5
508660,501100,500067,3004410,,2026-01-01,32856,5,,8554,4,5.6,%,5.0
508661,501100,500067,3004501,,2026-01-01,32856,89,,8840,70,99,mg/dL,89.0
508662,501100,500067,3004249,,2026-01-01,32856,130,,8876,90,130,mmHg,130.0
508663,501100,500067,3012888,,2026-01-01,32856,90,,8876,60,85,mmHg,90.0
508664,501100,500067,3025315,,2026-01-01,32856,75.4,,9529,45,90,kg,75.4
508665,501100,500067,3038553,,2026-01-01,32856,25.5,,9531,18.5,25,kg/m2,25.5
508666,501101,500067,3004410,,2026-04-03,32856,5.5,,8554,4,5.6,%,5.5
508667,501101,500067,3004501,,2026-04-03,32856,102,,8840,70,99,mg/dL,102.0
508668,501101,500067,3004249,,2026-04-03,32856,137,,8876,90,130,mmHg,137.0
508669,501101,500067,3012888,,2026-04-03,32856,99,,8876,60,85,mmHg,99.0
508670,501101,500067,3025315,,2026-04-03,32856,76.2,,9529,45,90,kg,76.2
508671,501101,500067,3038553,,2026-04-03,32856,25.8,,9531,18.5,25,kg/m2,25.8
508672,501102,500067,3004410,,2026-06-29,32856,5.6,,8554,4,5.6,%,5.6
508673,501102,500067,3004501,,2026-06-29,32856,141,,8840,70,99,mg/dL,141.0
508674,501102,500067,3004249,,2026-06-29,32856,120,,8876,90,130,mmHg,120.0
508675,501102,500067,3012888,,2026-06-29,32856,96,,8876,60,85,mmHg,96.0
508676,501102,500067,3025315,,2026-06-29,32856,75.2,,9529,45,90,kg,75.2
508677,501102,500067,3038553,,2026-06-29,32856,25.5,,9531,18.5,25,kg/m2,25.5
508678,501102,500067,3022192,,2026-06-29,32856,35.2,,8840,0,150,mg/dL,35.2
508679,501102,500067,3007070,,2026-06-29,32856,68.2,,8840,40,60,mg/dL,68.2
508680,501102,500067,3028437,,2026-06-29,32856,25.5,,8840,0,130,mg/dL,25.5
508681,501102,500067,3013721,,2026-06-29,32856,46.4,,8645,0,40,U/L,46.4
508682,501102,500067,3006923,,2026-06-29,32856,46.3,,8645,0,40,U/L,46.3
508683,501102,500067,3016723,,2026-06-29,32856,0.99,,8840,0.6,1.2,mg/dL,0.99
508684,501102,500067,3049187,,2026-06-29,32856,49,,9550,90,130,mL/min/1.73m2,49.0
508685,501103,500068,3036277,,2020-07-14,32856,152.5,,8582,150,185,cm,152.5
508686,501103,500068,3004410,,2020-07-14,32856,5.8,,8554,4,5.6,%,5.8
508687,501103,500068,3004501,,2020-07-14,32856,95,,8840,70,99,mg/dL,95.0
508688,501103,500068,3004249,,2020-07-14,32856,134,,8876,90,130,mmHg,134.0
508689,501103,500068,3012888,,2020-07-14,32856,63,,8876,60,85,mmHg,63.0
508690,501103,500068,3025315,,2020-07-14,32856,56.3,,9529,45,90,kg,56.3
508691,501103,500068,3038553,,2020-07-14,32856,24.2,,9531,18.5,25,kg/m2,24.2
508692,501103,500068,3022192,,2020-07-14,32856,54,,8840,0,150,mg/dL,54.0
508693,501103,500068,3007070,,2020-07-14,32856,40,,8840,40,60,mg/dL,40.0
508694,501103,500068,3028437,,2020-07-14,32856,148.5,,8840,0,130,mg/dL,148.5
508695,501103,500068,3013721,,2020-07-14,32856,53.8,,8645,0,40,U/L,53.8
508696,501103,500068,3006923,,2020-07-14,32856,64.6,,8645,0,40,U/L,64.6
508697,501103,500068,3016723,,2020-07-14,32856,0.95,,8840,0.6,1.2,mg/dL,0.95
508698,501103,500068,3049187,,2020-07-14,32856,64.1,,9550,90,130,mL/min/1.73m2,64.1
508699,501104,500068,3004410,,2020-10-18,32856,5.2,,8554,4,5.6,%,5.2
508700,501104,500068,3004501,,2020-10-18,32856,91,,8840,70,99,mg/dL,91.0
508701,501104,500068,3004249,,2020-10-18,32856,126,,8876,90,130,mmHg,126.0
508702,501104,500068,3012888,,2020-10-18,32856,78,,8876,60,85,mmHg,78.0
508703,501104,500068,3025315,,2020-10-18,32856,55.8,,9529,45,90,kg,55.8
508704,501104,500068,3038553,,2020-10-18,32856,24,,9531,18.5,25,kg/m2,24.0
508705,501105,500068,3004410,,2021-01-23,32856,5.3,,8554,4,5.6,%,5.3
508706,501105,500068,3004501,,2021-01-23,32856,96,,8840,70,99,mg/dL,96.0
508707,501105,500068,3004249,,2021-01-23,32856,141,,8876,90,130,mmHg,141.0
508708,501105,500068,3012888,,2021-01-23,32856,93,,8876,60,85,mmHg,93.0
508709,501105,500068,3025315,,2021-01-23,32856,57.3,,9529,45,90,kg,57.3
508710,501105,500068,3038553,,2021-01-23,32856,24.6,,9531,18.5,25,kg/m2,24.6
508711,501106,500068,3004410,,2021-04-26,32856,5.3,,8554,4,5.6,%,5.3
508712,501106,500068,3004501,,2021-04-26,32856,105,,8840,70,99,mg/dL,105.0
508713,501106,500068,3004249,,2021-04-26,32856,134,,8876,90,130,mmHg,134.0
508714,501106,500068,3012888,,2021-04-26,32856,75,,8876,60,85,mmHg,75.0
508715,501106,500068,3025315,,2021-04-26,32856,58.2,,9529,45,90,kg,58.2
508716,501106,500068,3038553,,2021-04-26,32856,25,,9531,18.5,25,kg/m2,25.0
508717,501107,500068,3004410,,2021-07-24,32856,5.5,,8554,4,5.6,%,5.5
508718,501107,500068,3004501,,2021-07-24,32856,128,,8840,70,99,mg/dL,128.0
508719,501107,500068,3004249,,2021-07-24,32856,100,,8876,90,130,mmHg,100.0
508720,501107,500068,3012888,,2021-07-24,32856,70,,8876,60,85,mmHg,70.0
508721,501107,500068,3025315,,2021-07-24,32856,55.2,,9529,45,90,kg,55.2
508722,501107,500068,3038553,,2021-07-24,32856,23.7,,9531,18.5,25,kg/m2,23.7
508723,501107,500068,3022192,,2021-07-24,32856,78.8,,8840,0,150,mg/dL,78.8
508724,501107,500068,3007070,,2021-07-24,32856,40.9,,8840,40,60,mg/dL,40.9
508725,501107,500068,3028437,,2021-07-24,32856,90.9,,8840,0,130,mg/dL,90.9
508726,501107,500068,3013721,,2021-07-24,32856,45.2,,8645,0,40,U/L,45.2
508727,501107,500068,3006923,,2021-07-24,32856,18,,8645,0,40,U/L,18.0
508728,501107,500068,3016723,,2021-07-24,32856,0.67,,8840,0.6,1.2,mg/dL,0.67
508729,501107,500068,3049187,,2021-07-24,32856,51.7,,9550,90,130,mL/min/1.73m2,51.7
508730,501108,500068,3004410,,2021-10-19,32856,5,,8554,4,5.6,%,5.0
508731,501108,500068,3004501,,2021-10-19,32856,80,,8840,70,99,mg/dL,80.0
508732,501108,500068,3004249,,2021-10-19,32856,136,,8876,90,130,mmHg,136.0
508733,501108,500068,3012888,,2021-10-19,32856,58,,8876,60,85,mmHg,58.0
508734,501108,500068,3025315,,2021-10-19,32856,56.3,,9529,45,90,kg,56.3
508735,501108,500068,3038553,,2021-10-19,32856,24.2,,9531,18.5,25,kg/m2,24.2
508736,501109,500068,3004410,,2022-01-14,32856,5.4,,8554,4,5.6,%,5.4
508737,501109,500068,3004501,,2022-01-14,32856,73,,8840,70,99,mg/dL,73.0
508738,501109,500068,3004249,,2022-01-14,32856,128,,8876,90,130,mmHg,128.0
508739,501109,500068,3012888,,2022-01-14,32856,75,,8876,60,85,mmHg,75.0
508740,501109,500068,3025315,,2022-01-14,32856,56.7,,9529,45,90,kg,56.7
508741,501109,500068,3038553,,2022-01-14,32856,24.4,,9531,18.5,25,kg/m2,24.4
508742,501110,500068,3004410,,2022-04-13,32856,5.3,,8554,4,5.6,%,5.3
508743,501110,500068,3004501,,2022-04-13,32856,103,,8840,70,99,mg/dL,103.0
508744,501110,500068,3004249,,2022-04-13,32856,148,,8876,90,130,mmHg,148.0
508745,501110,500068,3012888,,2022-04-13,32856,69,,8876,60,85,mmHg,69.0
508746,501110,500068,3025315,,2022-04-13,32856,57.2,,9529,45,90,kg,57.2
508747,501110,500068,3038553,,2022-04-13,32856,24.6,,9531,18.5,25,kg/m2,24.6
508748,501111,500068,3004410,,2022-07-06,32856,5.3,,8554,4,5.6,%,5.3
508749,501111,500068,3004501,,2022-07-06,32856,90,,8840,70,99,mg/dL,90.0
508750,501111,500068,3004249,,2022-07-06,32856,140,,8876,90,130,mmHg,140.0
508751,501111,500068,3012888,,2022-07-06,32856,72,,8876,60,85,mmHg,72.0
508752,501111,500068,3025315,,2022-07-06,32856,58.4,,9529,45,90,kg,58.4
508753,501111,500068,3038553,,2022-07-06,32856,25.1,,9531,18.5,25,kg/m2,25.1
508754,501111,500068,3022192,,2022-07-06,32856,118.7,,8840,0,150,mg/dL,118.7
508755,501111,500068,3007070,,2022-07-06,32856,40.8,,8840,40,60,mg/dL,40.8
508756,501111,500068,3028437,,2022-07-06,32856,114.7,,8840,0,130,mg/dL,114.7
508757,501111,500068,3013721,,2022-07-06,32856,36.4,,8645,0,40,U/L,36.4
508758,501111,500068,3006923,,2022-07-06,32856,4.3,,8645,0,40,U/L,4.3
508759,501111,500068,3016723,,2022-07-06,32856,0.8,,8840,0.6,1.2,mg/dL,0.8
508760,501111,500068,3049187,,2022-07-06,32856,91,,9550,90,130,mL/min/1.73m2,91.0
508761,501112,500068,3004410,,2022-10-08,32856,5,,8554,4,5.6,%,5.0
508762,501112,500068,3004501,,2022-10-08,32856,91,,8840,70,99,mg/dL,91.0
508763,501112,500068,3004249,,2022-10-08,32856,115,,8876,90,130,mmHg,115.0
508764,501112,500068,3012888,,2022-10-08,32856,88,,8876,60,85,mmHg,88.0
508765,501112,500068,3025315,,2022-10-08,32856,58.2,,9529,45,90,kg,58.2
508766,501112,500068,3038553,,2022-10-08,32856,25,,9531,18.5,25,kg/m2,25.0
508767,501113,500068,3004410,,2023-01-03,32856,5.5,,8554,4,5.6,%,5.5
508768,501113,500068,3004501,,2023-01-03,32856,90,,8840,70,99,mg/dL,90.0
508769,501113,500068,3004249,,2023-01-03,32856,138,,8876,90,130,mmHg,138.0
508770,501113,500068,3012888,,2023-01-03,32856,84,,8876,60,85,mmHg,84.0
508771,501113,500068,3025315,,2023-01-03,32856,59.7,,9529,45,90,kg,59.7
508772,501113,500068,3038553,,2023-01-03,32856,25.7,,9531,18.5,25,kg/m2,25.7
508773,501114,500068,3004410,,2023-03-29,32856,5.1,,8554,4,5.6,%,5.1
508774,501114,500068,3004501,,2023-03-29,32856,60,,8840,70,99,mg/dL,60
508775,501114,500068,3004249,,2023-03-29,32856,133,,8876,90,130,mmHg,133.0
508776,501114,500068,3012888,,2023-03-29,32856,80,,8876,60,85,mmHg,80.0
508777,501114,500068,3025315,,2023-03-29,32856,60.2,,9529,45,90,kg,60.2
508778,501114,500068,3038553,,2023-03-29,32856,25.9,,9531,18.5,25,kg/m2,25.9
508779,501115,500068,3004410,,2023-07-02,32856,5,,8554,4,5.6,%,5.0
508780,501115,500068,3004501,,2023-07-02,32856,66,,8840,70,99,mg/dL,66.0
508781,501115,500068,3004249,,2023-07-02,32856,115,,8876,90,130,mmHg,115.0
508782,501115,500068,3012888,,2023-07-02,32856,87,,8876,60,85,mmHg,87.0
508783,501115,500068,3025315,,2023-07-02,32856,59.2,,9529,45,90,kg,59.2
508784,501115,500068,3038553,,2023-07-02,32856,25.5,,9531,18.5,25,kg/m2,25.5
508785,501115,500068,3022192,,2023-07-02,32856,87.7,,8840,0,150,mg/dL,87.7
508786,501115,500068,3007070,,2023-07-02,32856,64.8,,8840,40,60,mg/dL,64.8
508787,501115,500068,3028437,,2023-07-02,32856,127.8,,8840,0,130,mg/dL,127.8
508788,501115,500068,3013721,,2023-07-02,32856,42.3,,8645,0,40,U/L,42.3
508789,501115,500068,3006923,,2023-07-02,32856,23.1,,8645,0,40,U/L,23.1
508790,501115,500068,3016723,,2023-07-02,32856,1.35,,8840,0.6,1.2,mg/dL,1.35
508791,501115,500068,3049187,,2023-07-02,32856,71.8,,9550,90,130,mL/min/1.73m2,71.8
508792,501116,500068,3004410,,2023-09-26,32856,5.6,,8554,4,5.6,%,5.6
508793,501116,500068,3004501,,2023-09-26,32856,92,,8840,70,99,mg/dL,92.0
508794,501116,500068,3004249,,2023-09-26,32856,135,,8876,90,130,mmHg,135.0
508795,501116,500068,3012888,,2023-09-26,32856,81,,8876,60,85,mmHg,81.0
508796,501116,500068,3025315,,2023-09-26,32856,59.5,,9529,45,90,kg,59.5
508797,501116,500068,3038553,,2023-09-26,32856,25.6,,9531,18.5,25,kg/m2,25.6
508798,501117,500068,3004410,,2023-12-22,32856,5.8,,8554,4,5.6,%,5.8
508799,501117,500068,3004501,,2023-12-22,32856,90,,8840,70,99,mg/dL,90.0
508800,501117,500068,3004249,,2023-12-22,32856,130,,8876,90,130,mmHg,130.0
508801,501117,500068,3012888,,2023-12-22,32856,81,,8876,60,85,mmHg,81.0
508802,501117,500068,3025315,,2023-12-22,32856,60.3,,9529,45,90,kg,60.3
508803,501117,500068,3038553,,2023-12-22,32856,25.9,,9531,18.5,25,kg/m2,25.9
508804,501118,500068,3004410,,2024-03-21,32856,5.5,,8554,4,5.6,%,5.5
508805,501118,500068,3004501,,2024-03-21,32856,118,,8840,70,99,mg/dL,118.0
508806,501118,500068,3004249,,2024-03-21,32856,126,,8876,90,130,mmHg,126.0
508807,501118,500068,3012888,,2024-03-21,32856,78,,8876,60,85,mmHg,78.0
508808,501118,500068,3025315,,2024-03-21,32856,59.5,,9529,45,90,kg,59.5
508809,501118,500068,3038553,,2024-03-21,32856,25.6,,9531,18.5,25,kg/m2,25.6
508810,501119,500068,3004410,,2024-06-20,32856,5.5,,8554,4,5.6,%,5.5
508811,501119,500068,3004501,,2024-06-20,32856,89,,8840,70,99,mg/dL,89.0
508812,501119,500068,3004249,,2024-06-20,32856,104,,8876,90,130,mmHg,104.0
508813,501119,500068,3012888,,2024-06-20,32856,66,,8876,60,85,mmHg,66.0
508814,501119,500068,3025315,,2024-06-20,32856,59.6,,9529,45,90,kg,59.6
508815,501119,500068,3038553,,2024-06-20,32856,25.6,,9531,18.5,25,kg/m2,25.6
508816,501119,500068,3022192,,2024-06-20,32856,87.4,,8840,0,150,mg/dL,87.4
508817,501119,500068,3007070,,2024-06-20,32856,39,,8840,40,60,mg/dL,39.0
508818,501119,500068,3028437,,2024-06-20,32856,146.5,,8840,0,130,mg/dL,146.5
508819,501119,500068,3013721,,2024-06-20,32856,38.7,,8645,0,40,U/L,38.7
508820,501119,500068,3006923,,2024-06-20,32856,69,,8645,0,40,U/L,69.0
508821,501119,500068,3016723,,2024-06-20,32856,0.91,,8840,0.6,1.2,mg/dL,0.91
508822,501119,500068,3049187,,2024-06-20,32856,78.8,,9550,90,130,mL/min/1.73m2,78.8
508823,501120,500069,3036277,,2022-06-25,32856,156.6,,8582,150,185,cm,156.6
508824,501120,500069,3004410,,2022-06-25,32856,7.8,,8554,4,5.6,%,7.8
508825,501120,500069,3004501,,2022-06-25,32856,137,,8840,70,99,mg/dL,137.0
508826,501120,500069,3004249,,2022-06-25,32856,146,,8876,90,130,mmHg,146.0
508827,501120,500069,3012888,,2022-06-25,32856,75,,8876,60,85,mmHg,75.0
508828,501120,500069,3025315,,2022-06-25,32856,70.6,,9529,45,90,kg,70.6
508829,501120,500069,3038553,,2022-06-25,32856,28.8,,9531,18.5,25,kg/m2,28.8
508830,501120,500069,3022192,,2022-06-25,32856,133.5,,8840,0,150,mg/dL,133.5
508831,501120,500069,3007070,,2022-06-25,32856,76,,8840,40,60,mg/dL,76.0
508832,501120,500069,3028437,,2022-06-25,32856,137.8,,8840,0,130,mg/dL,137.8
508833,501120,500069,3013721,,2022-06-25,32856,33.7,,8645,0,40,U/L,33.7
508834,501120,500069,3006923,,2022-06-25,32856,0,,8645,0,40,U/L,0
508835,501120,500069,3016723,,2022-06-25,32856,0.87,,8840,0.6,1.2,mg/dL,0.87
508836,501120,500069,3049187,,2022-06-25,32856,132.2,,9550,90,130,mL/min/1.73m2,132.2
508837,501121,500069,3004410,,2022-09-17,32856,7.4,,8554,4,5.6,%,7.4
508838,501121,500069,3004501,,2022-09-17,32856,142,,8840,70,99,mg/dL,142.0
508839,501121,500069,3004249,,2022-09-17,32856,140,,8876,90,130,mmHg,140.0
508840,501121,500069,3012888,,2022-09-17,32856,97,,8876,60,85,mmHg,97.0
508841,501121,500069,3025315,,2022-09-17,32856,71.7,,9529,45,90,kg,71.7
508842,501121,500069,3038553,,2022-09-17,32856,29.2,,9531,18.5,25,kg/m2,29.2
508843,501122,500069,3004410,,2022-12-16,32856,7.9,,8554,4,5.6,%,7.9
508844,501122,500069,3004501,,2022-12-16,32856,157,,8840,70,99,mg/dL,157.0
508845,501122,500069,3004249,,2022-12-16,32856,148,,8876,90,130,mmHg,148.0
508846,501122,500069,3012888,,2022-12-16,32856,83,,8876,60,85,mmHg,83.0
508847,501122,500069,3025315,,2022-12-16,32856,70.9,,9529,45,90,kg,70.9
508848,501122,500069,3038553,,2022-12-16,32856,28.9,,9531,18.5,25,kg/m2,28.9
508849,501123,500069,3004410,,2023-03-24,32856,8.2,,8554,4,5.6,%,8.2
508850,501123,500069,3004501,,2023-03-24,32856,171,,8840,70,99,mg/dL,171.0
508851,501123,500069,3004249,,2023-03-24,32856,133,,8876,90,130,mmHg,133.0
508852,501123,500069,3012888,,2023-03-24,32856,82,,8876,60,85,mmHg,82.0
508853,501123,500069,3025315,,2023-03-24,32856,70.8,,9529,45,90,kg,70.8
508854,501123,500069,3038553,,2023-03-24,32856,28.9,,9531,18.5,25,kg/m2,28.9
508855,501124,500069,3004410,,2023-06-18,32856,7,,8554,4,5.6,%,7.0
508856,501124,500069,3004501,,2023-06-18,32856,138,,8840,70,99,mg/dL,138.0
508857,501124,500069,3004249,,2023-06-18,32856,149,,8876,90,130,mmHg,149.0
508858,501124,500069,3012888,,2023-06-18,32856,84,,8876,60,85,mmHg,84.0
508859,501124,500069,3025315,,2023-06-18,32856,69.6,,9529,45,90,kg,69.6
508860,501124,500069,3038553,,2023-06-18,32856,28.4,,9531,18.5,25,kg/m2,28.4
508861,501124,500069,3022192,,2023-06-18,32856,122.3,,8840,0,150,mg/dL,122.3
508862,501124,500069,3007070,,2023-06-18,32856,53,,8840,40,60,mg/dL,53.0
508863,501124,500069,3028437,,2023-06-18,32856,143.1,,8840,0,130,mg/dL,143.1
508864,501124,500069,3013721,,2023-06-18,32856,32,,8645,0,40,U/L,32.0
508865,501124,500069,3006923,,2023-06-18,32856,31.9,,8645,0,40,U/L,31.9
508866,501124,500069,3016723,,2023-06-18,32856,0.85,,8840,0.6,1.2,mg/dL,0.85
508867,501124,500069,3049187,,2023-06-18,32856,98.2,,9550,90,130,mL/min/1.73m2,98.2
508868,501125,500069,3004410,,2023-09-22,32856,6.6,,8554,4,5.6,%,6.6
508869,501125,500069,3004501,,2023-09-22,32856,142,,8840,70,99,mg/dL,142.0
508870,501125,500069,3004249,,2023-09-22,32856,133,,8876,90,130,mmHg,133.0
508871,501125,500069,3012888,,2023-09-22,32856,86,,8876,60,85,mmHg,86.0
508872,501125,500069,3025315,,2023-09-22,32856,70.3,,9529,45,90,kg,70.3
508873,501125,500069,3038553,,2023-09-22,32856,28.7,,9531,18.5,25,kg/m2,28.7
508874,501126,500069,3004410,,2023-12-29,32856,6.8,,8554,4,5.6,%,6.8
508875,501126,500069,3004501,,2023-12-29,32856,159,,8840,70,99,mg/dL,159.0
508876,501126,500069,3004249,,2023-12-29,32856,173,,8876,90,130,mmHg,173.0
508877,501126,500069,3012888,,2023-12-29,32856,90,,8876,60,85,mmHg,90.0
508878,501126,500069,3025315,,2023-12-29,32856,70.7,,9529,45,90,kg,70.7
508879,501126,500069,3038553,,2023-12-29,32856,28.8,,9531,18.5,25,kg/m2,28.8
508880,501127,500069,3004410,,2024-03-31,32856,6.7,,8554,4,5.6,%,6.7
508881,501127,500069,3004501,,2024-03-31,32856,112,,8840,70,99,mg/dL,112.0
508882,501127,500069,3004249,,2024-03-31,32856,143,,8876,90,130,mmHg,143.0
508883,501127,500069,3012888,,2024-03-31,32856,72,,8876,60,85,mmHg,72.0
508884,501127,500069,3025315,,2024-03-31,32856,70.8,,9529,45,90,kg,70.8
508885,501127,500069,3038553,,2024-03-31,32856,28.9,,9531,18.5,25,kg/m2,28.9
508886,501128,500069,3004501,,2024-05-12,32856,55,,8840,70,99,mg/dL,55.0
508887,501129,500069,3004410,,2024-07-06,32856,7.2,,8554,4,5.6,%,7.2
508888,501129,500069,3004501,,2024-07-06,32856,146,,8840,70,99,mg/dL,146.0
508889,501129,500069,3004249,,2024-07-06,32856,143,,8876,90,130,mmHg,143.0
508890,501129,500069,3012888,,2024-07-06,32856,94,,8876,60,85,mmHg,94.0
508891,501129,500069,3025315,,2024-07-06,32856,68.8,,9529,45,90,kg,68.8
508892,501129,500069,3038553,,2024-07-06,32856,28.1,,9531,18.5,25,kg/m2,28.1
508893,501129,500069,3022192,,2024-07-06,32856,179.8,,8840,0,150,mg/dL,179.8
508894,501129,500069,3007070,,2024-07-06,32856,44.7,,8840,40,60,mg/dL,44.7
508895,501129,500069,3028437,,2024-07-06,32856,117,,8840,0,130,mg/dL,117.0
508896,501129,500069,3013721,,2024-07-06,32856,61.5,,8645,0,40,U/L,61.5
508897,501129,500069,3006923,,2024-07-06,32856,29.2,,8645,0,40,U/L,29.2
508898,501129,500069,3016723,,2024-07-06,32856,0.64,,8840,0.6,1.2,mg/dL,0.64
508899,501129,500069,3049187,,2024-07-06,32856,99.7,,9550,90,130,mL/min/1.73m2,99.7
508900,501130,500069,3004410,,2024-10-01,32856,6.9,,8554,4,5.6,%,6.9
508901,501130,500069,3004501,,2024-10-01,32856,117,,8840,70,99,mg/dL,117.0
508902,501130,500069,3004249,,2024-10-01,32856,123,,8876,90,130,mmHg,123.0
508903,501130,500069,3012888,,2024-10-01,32856,79,,8876,60,85,mmHg,79.0
508904,501130,500069,3025315,,2024-10-01,32856,68.5,,9529,45,90,kg,68.5
508905,501130,500069,3038553,,2024-10-01,32856,27.9,,9531,18.5,25,kg/m2,27.9
508906,501131,500069,3004410,,2024-12-29,32856,6.9,,8554,4,5.6,%,6.9
508907,501131,500069,3004501,,2024-12-29,32856,126,,8840,70,99,mg/dL,126.0
508908,501131,500069,3004249,,2024-12-29,32856,148,,8876,90,130,mmHg,148.0
508909,501131,500069,3012888,,2024-12-29,32856,88,,8876,60,85,mmHg,88.0
508910,501131,500069,3025315,,2024-12-29,32856,68.5,,9529,45,90,kg,68.5
508911,501131,500069,3038553,,2024-12-29,32856,27.9,,9531,18.5,25,kg/m2,27.9
508912,501132,500069,3004410,,2025-04-04,32856,6.6,,8554,4,5.6,%,6.6
508913,501132,500069,3004501,,2025-04-04,32856,116,,8840,70,99,mg/dL,116.0
508914,501132,500069,3004249,,2025-04-04,32856,137,,8876,90,130,mmHg,137.0
508915,501132,500069,3012888,,2025-04-04,32856,91,,8876,60,85,mmHg,91.0
508916,501132,500069,3025315,,2025-04-04,32856,68.7,,9529,45,90,kg,68.7
508917,501132,500069,3038553,,2025-04-04,32856,28,,9531,18.5,25,kg/m2,28.0
508918,501133,500069,3004410,,2025-07-10,32856,6.8,,8554,4,5.6,%,6.8
508919,501133,500069,3004501,,2025-07-10,32856,114,,8840,70,99,mg/dL,114.0
508920,501133,500069,3004249,,2025-07-10,32856,142,,8876,90,130,mmHg,142.0
508921,501133,500069,3012888,,2025-07-10,32856,73,,8876,60,85,mmHg,73.0
508922,501133,500069,3025315,,2025-07-10,32856,69.7,,9529,45,90,kg,69.7
508923,501133,500069,3038553,,2025-07-10,32856,28.4,,9531,18.5,25,kg/m2,28.4
508924,501133,500069,3022192,,2025-07-10,32856,204.5,,8840,0,150,mg/dL,204.5
508925,501133,500069,3007070,,2025-07-10,32856,48.9,,8840,40,60,mg/dL,48.9
508926,501133,500069,3028437,,2025-07-10,32856,90.2,,8840,0,130,mg/dL,90.2
508927,501133,500069,3013721,,2025-07-10,32856,13.8,,8645,0,40,U/L,13.8
508928,501133,500069,3006923,,2025-07-10,32856,0,,8645,0,40,U/L,0
508929,501133,500069,3016723,,2025-07-10,32856,0.7,,8840,0.6,1.2,mg/dL,0.7
508930,501133,500069,3049187,,2025-07-10,32856,91.1,,9550,90,130,mL/min/1.73m2,91.1
508931,501134,500069,3004410,,2025-10-15,32856,6.7,,8554,4,5.6,%,6.7
508932,501134,500069,3004501,,2025-10-15,32856,141,,8840,70,99,mg/dL,141.0
508933,501134,500069,3004249,,2025-10-15,32856,139,,8876,90,130,mmHg,139.0
508934,501134,500069,3012888,,2025-10-15,32856,69,,8876,60,85,mmHg,69.0
508935,501134,500069,3025315,,2025-10-15,32856,68.6,,9529,45,90,kg,68.6
508936,501134,500069,3038553,,2025-10-15,32856,28,,9531,18.5,25,kg/m2,28.0
508937,501135,500069,3004410,,2026-01-11,32856,6.7,,8554,4,5.6,%,6.7
508938,501135,500069,3004501,,2026-01-11,32856,120,,8840,70,99,mg/dL,120.0
508939,501135,500069,3004249,,2026-01-11,32856,141,,8876,90,130,mmHg,141.0
508940,501135,500069,3012888,,2026-01-11,32856,77,,8876,60,85,mmHg,77.0
508941,501135,500069,3025315,,2026-01-11,32856,69.9,,9529,45,90,kg,69.9
508942,501135,500069,3038553,,2026-01-11,32856,28.5,,9531,18.5,25,kg/m2,28.5
508943,501136,500069,3004410,,2026-04-08,32856,6.4,,8554,4,5.6,%,6.4
508944,501136,500069,3004501,,2026-04-08,32856,91,,8840,70,99,mg/dL,91.0
508945,501136,500069,3004249,,2026-04-08,32856,126,,8876,90,130,mmHg,126.0
508946,501136,500069,3012888,,2026-04-08,32856,81,,8876,60,85,mmHg,81.0
508947,501136,500069,3025315,,2026-04-08,32856,70.1,,9529,45,90,kg,70.1
508948,501136,500069,3038553,,2026-04-08,32856,28.6,,9531,18.5,25,kg/m2,28.6
508949,501137,500069,3004410,,2026-07-03,32856,6.6,,8554,4,5.6,%,6.6
508950,501137,500069,3004501,,2026-07-03,32856,119,,8840,70,99,mg/dL,119.0
508951,501137,500069,3004249,,2026-07-03,32856,125,,8876,90,130,mmHg,125.0
508952,501137,500069,3012888,,2026-07-03,32856,87,,8876,60,85,mmHg,87.0
508953,501137,500069,3025315,,2026-07-03,32856,70.6,,9529,45,90,kg,70.6
508954,501137,500069,3038553,,2026-07-03,32856,28.8,,9531,18.5,25,kg/m2,28.8
508955,501137,500069,3022192,,2026-07-03,32856,240.2,,8840,0,150,mg/dL,240.2
508956,501137,500069,3007070,,2026-07-03,32856,47.6,,8840,40,60,mg/dL,47.6
508957,501137,500069,3028437,,2026-07-03,32856,45.1,,8840,0,130,mg/dL,45.1
508958,501137,500069,3013721,,2026-07-03,32856,25.8,,8645,0,40,U/L,25.8
508959,501137,500069,3006923,,2026-07-03,32856,26.3,,8645,0,40,U/L,26.3
508960,501137,500069,3016723,,2026-07-03,32856,1.95,,8840,0.6,1.2,mg/dL,1.95
508961,501137,500069,3049187,,2026-07-03,32856,19.2,,9550,90,130,mL/min/1.73m2,19.2
508962,501138,500070,3036277,,2023-08-11,32856,156,,8582,150,185,cm,156.0
508963,501138,500070,3004410,,2023-08-11,32856,6.8,,8554,4,5.6,%,6.8
508964,501138,500070,3004501,,2023-08-11,32856,106,,8840,70,99,mg/dL,106.0
508965,501138,500070,3004249,,2023-08-11,32856,154,,8876,90,130,mmHg,154.0
508966,501138,500070,3012888,,2023-08-11,32856,84,,8876,60,85,mmHg,84.0
508967,501138,500070,3025315,,2023-08-11,32856,61.1,,9529,45,90,kg,61.1
508968,501138,500070,3038553,,2023-08-11,32856,25.1,,9531,18.5,25,kg/m2,25.1
508969,501138,500070,3022192,,2023-08-11,32856,51.1,,8840,0,150,mg/dL,51.1
508970,501138,500070,3007070,,2023-08-11,32856,59.6,,8840,40,60,mg/dL,59.6
508971,501138,500070,3028437,,2023-08-11,32856,152.7,,8840,0,130,mg/dL,152.7
508972,501138,500070,3013721,,2023-08-11,32856,47,,8645,0,40,U/L,47.0
508973,501138,500070,3006923,,2023-08-11,32856,66.7,,8645,0,40,U/L,66.7
508974,501138,500070,3016723,,2023-08-11,32856,1.39,,8840,0.6,1.2,mg/dL,1.39
508975,501138,500070,3049187,,2023-08-11,32856,71.2,,9550,90,130,mL/min/1.73m2,71.2
508976,501139,500070,3004410,,2023-11-17,32856,6.4,,8554,4,5.6,%,6.4
508977,501139,500070,3004501,,2023-11-17,32856,112,,8840,70,99,mg/dL,112.0
508978,501139,500070,3004249,,2023-11-17,32856,133,,8876,90,130,mmHg,133.0
508979,501139,500070,3012888,,2023-11-17,32856,89,,8876,60,85,mmHg,89.0
508980,501139,500070,3025315,,2023-11-17,32856,59.2,,9529,45,90,kg,59.2
508981,501139,500070,3038553,,2023-11-17,32856,24.3,,9531,18.5,25,kg/m2,24.3
508982,501140,500070,3004410,,2024-02-16,32856,6,,8554,4,5.6,%,6.0
508983,501140,500070,3004501,,2024-02-16,32856,106,,8840,70,99,mg/dL,106.0
508984,501140,500070,3004249,,2024-02-16,32856,130,,8876,90,130,mmHg,130.0
508985,501140,500070,3012888,,2024-02-16,32856,80,,8876,60,85,mmHg,80.0
508986,501140,500070,3025315,,2024-02-16,32856,59.1,,9529,45,90,kg,59.1
508987,501140,500070,3038553,,2024-02-16,32856,24.3,,9531,18.5,25,kg/m2,24.3
508988,501141,500070,3004410,,2024-05-11,32856,6.3,,8554,4,5.6,%,6.3
508989,501141,500070,3004501,,2024-05-11,32856,101,,8840,70,99,mg/dL,101.0
508990,501141,500070,3004249,,2024-05-11,32856,153,,8876,90,130,mmHg,153.0
508991,501141,500070,3012888,,2024-05-11,32856,73,,8876,60,85,mmHg,73.0
508992,501141,500070,3025315,,2024-05-11,32856,59.6,,9529,45,90,kg,59.6
508993,501141,500070,3038553,,2024-05-11,32856,24.5,,9531,18.5,25,kg/m2,24.5
508994,501142,500070,3004410,,2024-08-05,32856,6.3,,8554,4,5.6,%,6.3
508995,501142,500070,3004501,,2024-08-05,32856,106,,8840,70,99,mg/dL,106.0
508996,501142,500070,3004249,,2024-08-05,32856,137,,8876,90,130,mmHg,137.0
508997,501142,500070,3012888,,2024-08-05,32856,95,,8876,60,85,mmHg,95.0
508998,501142,500070,3025315,,2024-08-05,32856,60.5,,9529,45,90,kg,60.5
508999,501142,500070,3038553,,2024-08-05,32856,24.9,,9531,18.5,25,kg/m2,24.9
509000,501142,500070,3022192,,2024-08-05,32856,138.4,,8840,0,150,mg/dL,138.4
509001,501142,500070,3007070,,2024-08-05,32856,30.8,,8840,40,60,mg/dL,30.8
509002,501142,500070,3028437,,2024-08-05,32856,112,,8840,0,130,mg/dL,112.0
509003,501142,500070,3013721,,2024-08-05,32856,44.6,,8645,0,40,U/L,44.6
509004,501142,500070,3006923,,2024-08-05,32856,62.9,,8645,0,40,U/L,62.9
509005,501142,500070,3016723,,2024-08-05,32856,1.19,,8840,0.6,1.2,mg/dL,1.19
509006,501142,500070,3049187,,2024-08-05,32856,74.8,,9550,90,130,mL/min/1.73m2,74.8
509007,501143,500070,3004410,,2024-11-02,32856,6.5,,8554,4,5.6,%,6.5
509008,501143,500070,3004501,,2024-11-02,32856,132,,8840,70,99,mg/dL,132.0
509009,501143,500070,3004249,,2024-11-02,32856,135,,8876,90,130,mmHg,135.0
509010,501143,500070,3012888,,2024-11-02,32856,78,,8876,60,85,mmHg,78.0
509011,501143,500070,3025315,,2024-11-02,32856,60.9,,9529,45,90,kg,60.9
509012,501143,500070,3038553,,2024-11-02,32856,25,,NOT_A_NUMBER,18.5,25,kg/m2,25.0
509013,501144,500070,3004410,,2025-02-02,32856,6.1,,8554,4,5.6,%,6.1
509014,501144,500070,3004501,,2025-02-02,32856,87,,8840,70,99,mg/dL,87.0
509015,501144,500070,3004249,,2025-02-02,32856,139,,8876,90,130,mmHg,139.0
509016,501144,500070,3012888,,2025-02-02,32856,66,,8876,60,85,mmHg,66.0
509017,501144,500070,3025315,,2025-02-02,32856,61.2,,9529,45,90,kg,61.2
509018,501144,500070,3038553,,2025-02-02,32856,25.1,,9531,18.5,25,kg/m2,25.1
509019,501145,500070,3004410,,2025-05-01,32856,5.7,,8554,4,5.6,%,5.7
509020,501145,500070,3004501,,2025-05-01,32856,86,,8840,70,99,mg/dL,86.0
509021,501145,500070,3004249,,2025-05-01,32856,128,,8876,90,130,mmHg,128.0
509022,501145,500070,3012888,,2025-05-01,32856,82,,8876,60,85,mmHg,82.0
509023,501145,500070,3025315,,2025-05-01,32856,61.7,,9529,45,90,kg,61.7
509024,501145,500070,3038553,,2025-05-01,32856,25.4,,9531,18.5,25,kg/m2,25.4
509025,501146,500070,3004410,,2025-08-01,32856,6,,8554,4,5.6,%,6.0
509026,501146,500070,3004501,,2025-08-01,32856,102,,8840,70,99,mg/dL,102.0
509027,501146,500070,3004249,,2025-08-01,32856,154,,8876,90,130,mmHg,154.0
509028,501146,500070,3012888,,2025-08-01,32856,97,,8876,60,85,mmHg,97.0
509029,501146,500070,3025315,,2025-08-01,32856,63.4,,9529,45,90,kg,63.4
509030,501146,500070,3038553,,2025-08-01,32856,26.1,,9531,18.5,25,kg/m2,26.1
509031,501146,500070,3022192,,2025-08-01,32856,224.4,,8840,0,150,mg/dL,224.4
509032,501146,500070,3007070,,2025-08-01,32856,73.2,,8840,40,60,mg/dL,73.2
509033,501146,500070,3028437,,2025-08-01,32856,84.8,,8840,0,130,mg/dL,84.8
509034,501146,500070,3013721,,2025-08-01,32856,36.2,,8645,0,40,U/L,36.2
509035,501146,500070,3006923,,2025-08-01,32856,77.6,,8645,0,40,U/L,77.6
509036,501146,500070,3016723,,2025-08-01,32856,0.79,,8840,0.6,1.2,mg/dL,0.79
509037,501146,500070,3049187,,2025-08-01,32856,79.4,,9550,90,130,mL/min/1.73m2,79.4
509038,501147,500070,3004410,,2025-10-28,32856,6,,8554,4,5.6,%,6.0
509039,501147,500070,3004501,,2025-10-28,32856,93,,8840,70,99,mg/dL,93.0
509040,501147,500070,3004249,,2025-10-28,32856,152,,8876,90,130,mmHg,152.0
509041,501147,500070,3012888,,2025-10-28,32856,70,,8876,60,85,mmHg,70.0
509042,501147,500070,3025315,,2025-10-28,32856,66.7,,9529,45,90,kg,66.7
509043,501147,500070,3038553,,2025-10-28,32856,27.4,,9531,18.5,25,kg/m2,27.4
509044,501148,500070,3004410,,2026-01-31,32856,6.4,,8554,4,5.6,%,6.4
509045,501148,500070,3004501,,2026-01-31,32856,103,,8840,70,99,mg/dL,103.0
509046,501148,500070,3004249,,2026-01-31,32856,139,,8876,90,130,mmHg,139.0
509047,501148,500070,3012888,,2026-01-31,32856,79,,8876,60,85,mmHg,79.0
509048,501148,500070,3025315,,2026-01-31,32856,67.6,,9529,45,90,kg,67.6
509049,501148,500070,3038553,,2026-01-31,32856,27.8,,9531,18.5,25,kg/m2,27.8
509050,501149,500070,3004410,,2026-05-01,32856,6.8,,8554,4,5.6,%,6.8
509051,501149,500070,3004501,,2026-05-01,32856,144,,8840,70,99,mg/dL,144.0
509052,501149,500070,3004249,,2026-05-01,32856,136,,8876,90,130,mmHg,136.0
509053,501149,500070,3012888,,2026-05-01,32856,84,,8876,60,85,mmHg,84.0
509054,501149,500070,3025315,,2026-05-01,32856,67.6,,9529,45,90,kg,67.6
509055,501149,500070,3038553,,2026-05-01,32856,27.8,,9531,18.5,25,kg/m2,27.8
509056,501150,500070,3004410,,2026-07-25,32856,6.5,,8554,4,NOT_A_NUMBER,%,6.5
509057,501150,500070,3004501,,2026-07-25,32856,120,,8840,70,99,mg/dL,120.0
509058,501150,500070,3004249,,2026-07-25,32856,130,,8876,90,130,mmHg,130.0
509059,501150,500070,3012888,,2026-07-25,32856,70,,8876,60,85,mmHg,70.0
509060,501150,500070,3025315,,2026-07-25,32856,66.9,,9529,45,90,kg,66.9
509061,501150,500070,3038553,,2026-07-25,32856,27.5,,9531,18.5,25,kg/m2,27.5
509062,501150,500070,3022192,,2026-07-25,32856,187.9,,8840,0,150,mg/dL,187.9
509063,501150,500070,3007070,,2026-07-25,32856,47.5,,8840,40,60,mg/dL,47.5
509064,501150,500070,3028437,,2026-07-25,32856,158.4,,8840,0,130,mg/dL,158.4
509065,501150,500070,3013721,,2026-07-25,32856,47.5,,8645,0,40,U/L,47.5
509066,501150,500070,3006923,,2026-07-25,32856,52.1,,8645,0,40,U/L,52.1
509067,501150,500070,3016723,,2026-07-25,32856,1.08,,8840,0.6,1.2,mg/dL,1.08
509068,501150,500070,3049187,,2026-07-25,32856,116.5,,9550,90,130,mL/min/1.73m2,116.5
509069,501151,500071,3036277,,2022-01-24,32856,174.6,,8582,150,185,cm,174.6
509070,501151,500071,3004410,,2022-01-24,32856,8.6,,8554,4,5.6,%,8.6
509071,501151,500071,3004501,,2022-01-24,32856,150,,8840,70,99,mg/dL,150.0
509072,501151,500071,3004249,,2022-01-24,32856,149,,8876,90,130,mmHg,149.0
509073,501151,500071,3012888,,2022-01-24,32856,81,,8876,60,85,mmHg,81.0
509074,501151,500071,3025315,,2022-01-24,32856,64.3,,9529,45,90,kg,64.3
509075,501151,500071,3038553,,2022-01-24,32856,21.1,,9531,18.5,25,kg/m2,21.1
509076,501151,500071,3022192,,2022-01-24,32856,277.4,,8840,0,150,mg/dL,277.4
509077,501151,500071,3007070,,2022-01-24,32856,43.4,,8840,40,60,mg/dL,43.4
509078,501151,500071,3028437,,2022-01-24,32856,102.2,,8840,0,130,mg/dL,102.2
509079,501151,500071,3013721,,2022-01-24,32856,41,,8645,0,40,U/L,41.0
509080,501151,500071,3006923,,2022-01-24,32856,65.5,,8645,0,40,U/L,65.5
509081,501151,500071,3016723,,2022-01-24,32856,0.7,,8840,0.6,1.2,mg/dL,0.7
509082,501151,500071,3049187,,2022-01-24,32856,79,,9550,90,130,mL/min/1.73m2,79.0
509083,501152,500071,3004410,,2022-04-21,32856,7.7,,8554,4,5.6,%,7.7
509084,501152,500071,3004501,,2022-04-21,32856,130,,8840,70,99,mg/dL,130.0
509085,501152,500071,3004249,,2022-04-21,32856,129,,8876,90,130,mmHg,129.0
509086,501152,500071,3012888,,2022-04-21,32856,80,,8876,60,85,mmHg,80.0
509087,501152,500071,3025315,,2022-04-21,32856,63.7,,9529,45,90,kg,63.7
509088,501152,500071,3038553,,2022-04-21,32856,20.9,,9531,18.5,25,kg/m2,20.9
509089,501153,500071,3004410,,2022-07-16,32856,8.3,,8554,4,5.6,%,8.3
509090,501153,500071,3004501,,2022-07-16,32856,132,,8840,70,99,mg/dL,132.0
509091,501153,500071,3004249,,2022-07-16,32856,147,,8876,90,130,mmHg,147.0
509092,501153,500071,3012888,,2022-07-16,32856,88,,8876,60,85,mmHg,88.0
509093,501153,500071,3025315,,2022-07-16,32856,64.5,,9529,45,90,kg,64.5
509094,501153,500071,3038553,,2022-07-16,32856,21.2,,9531,18.5,25,kg/m2,21.2
509095,501154,500071,3004410,,2022-10-18,32856,7.4,,8554,4,5.6,%,7.4
509096,501154,500071,3004501,,2022-10-18,32856,143,,8840,70,99,mg/dL,143.0
509097,501154,500071,3004249,,2022-10-18,32856,131,,8876,90,130,mmHg,131.0
509098,501154,500071,3012888,,2022-10-18,32856,94,,8876,60,85,mmHg,94.0
509099,501154,500071,3025315,,2022-10-18,32856,64.2,,9529,45,90,kg,64.2
509100,501154,500071,3038553,,2022-10-18,32856,21.1,,9531,18.5,25,kg/m2,21.1
509101,501155,500071,3004410,,2023-01-19,32856,6.7,,8554,4,5.6,%,6.7
509102,501155,500071,3004501,,2023-01-19,32856,122,,8840,70,99,mg/dL,122.0
509103,501155,500071,3004249,,2023-01-19,32856,135,,8876,90,130,mmHg,135.0
509104,501155,500071,3012888,,2023-01-19,32856,92,,8876,60,85,mmHg,92.0
509105,501155,500071,3025315,,2023-01-19,32856,62,,9529,45,90,kg,62.0
509106,501155,500071,3038553,,2023-01-19,32856,20.3,,9531,18.5,25,kg/m2,20.3
509107,501155,500071,3022192,,2023-01-19,32856,181.1,,8840,0,150,mg/dL,181.1
509108,501155,500071,3007070,,2023-01-19,32856,40.7,,8840,40,60,mg/dL,40.7
509109,501155,500071,3028437,,2023-01-19,32856,93.4,,8840,0,130,mg/dL,93.4
509110,501155,500071,3013721,,2023-01-19,32856,55.1,,8645,0,40,U/L,55.1
509111,501155,500071,3006923,,2023-01-19,32856,33,,8645,0,40,U/L,33.0
509112,501155,500071,3016723,,2023-01-19,32856,0.79,,8840,0.6,1.2,mg/dL,0.79
509113,501155,500071,3049187,,2023-01-19,32856,79,,9550,90,130,mL/min/1.73m2,79.0
509114,501156,500071,3004410,,2023-04-22,32856,6.7,,8554,4,5.6,%,6.7
509115,501156,500071,3004501,,2023-04-22,32856,111,,8840,70,99,mg/dL,111.0
509116,501156,500071,3004249,,2023-04-22,32856,146,,8876,90,130,mmHg,146.0
509117,501156,500071,3012888,,2023-04-22,32856,90,,8876,60,85,mmHg,90.0
509118,501156,500071,3025315,,2023-04-22,32856,62.1,,9529,45,90,kg,62.1
509119,501156,500071,3038553,,2023-04-22,32856,20.4,,9531,18.5,25,kg/m2,20.4
509120,501157,500071,3004410,,2023-07-25,32856,6.5,,8554,4,5.6,%,6.5
509121,501157,500071,3004501,,2023-07-25,32856,85,,8840,70,99,mg/dL,85.0
509122,501157,500071,3004249,,2023-07-25,32856,145,,8876,90,130,mmHg,145.0
509123,501157,500071,3012888,,2023-07-25,32856,84,,8876,60,85,mmHg,84.0
509124,501157,500071,3025315,,2023-07-25,32856,59.7,,9529,45,90,kg,59.7
509125,501157,500071,3038553,,2023-07-25,32856,19.6,,9531,18.5,25,kg/m2,19.6
509126,501158,500071,3004410,,2023-10-23,32856,6.5,,8554,4,5.6,%,6.5
509127,501158,500071,3004501,,2023-10-23,32856,127,,8840,70,99,mg/dL,127.0
509128,501158,500071,3004249,,2023-10-23,32856,152,,8876,90,130,mmHg,152.0
509129,501158,500071,3012888,,2023-10-23,32856,89,,8876,60,85,mmHg,89.0
509130,501158,500071,3025315,,2023-10-23,32856,59.9,,9529,45,90,kg,59.9
509131,501158,500071,3038553,,2023-10-23,32856,19.6,,9531,18.5,25,kg/m2,19.6
509132,501159,500071,3004410,,2024-01-17,32856,6.9,,8554,4,5.6,%,6.9
509133,501159,500071,3004501,,2024-01-17,32856,115,,8840,70,99,mg/dL,115.0
509134,501159,500071,3004249,,2024-01-17,32856,117,,8876,90,130,mmHg,117.0
509135,501159,500071,3012888,,2024-01-17,32856,86,,8876,60,85,mmHg,86.0
509136,501159,500071,3025315,,2024-01-17,32856,63.5,,9529,45,90,kg,63.5
509137,501159,500071,3038553,,2024-01-17,32856,20.8,,9531,18.5,25,kg/m2,20.8
509138,501159,500071,3022192,,2024-01-17,32856,343.1,,8840,0,150,mg/dL,343.1
509139,501159,500071,3007070,,2024-01-17,32856,47.8,,8840,40,60,mg/dL,47.8
509140,501159,500071,3028437,,2024-01-17,32856,99.2,,8840,0,130,mg/dL,99.2
509141,501159,500071,3013721,,2024-01-17,32856,49.5,,8645,0,40,U/L,49.5
509142,501159,500071,3006923,,2024-01-17,32856,30.8,,8645,0,40,U/L,30.8
509143,501159,500071,3016723,,2024-01-17,32856,1.1,,8840,0.6,1.2,mg/dL,1.1
509144,501159,500071,3049187,,2024-01-17,32856,94.1,,9550,90,130,mL/min/1.73m2,94.1
509145,501160,500071,3004410,,2024-04-22,32856,7.1,,8554,4,5.6,%,7.1
509146,501160,500071,3004501,,2024-04-22,32856,142,,8840,70,99,mg/dL,142.0
509147,501160,500071,3004249,,2024-04-22,32856,148,,8876,90,130,mmHg,148.0
509148,501160,500071,3012888,,2024-04-22,32856,78,,8876,60,85,mmHg,78.0
509149,501160,500071,3025315,,2024-04-22,32856,65.9,,9529,45,90,kg,65.9
509150,501160,500071,3038553,,2024-04-22,32856,21.6,,9531,18.5,25,kg/m2,21.6
509151,501161,500071,3004410,,2024-07-26,32856,7,,8554,4,5.6,%,7.0
509152,501161,500071,3004501,,2024-07-26,32856,143,,8840,70,99,mg/dL,143.0
509153,501161,500071,3004249,,2024-07-26,32856,142,,8876,90,130,mmHg,142.0
509154,501161,500071,3012888,,2024-07-26,32856,92,,8876,60,85,mmHg,92.0
509155,501161,500071,3025315,,2024-07-26,32856,63.8,,9529,45,90,kg,63.8
509156,501161,500071,3038553,,2024-07-26,32856,20.9,,9531,18.5,25,kg/m2,20.9
509157,501162,500071,3004410,,2024-11-01,32856,7.4,,8554,4,5.6,%,7.4
509158,501162,500071,3004501,,2024-11-01,32856,143,,8840,70,99,mg/dL,143.0
509159,501162,500071,3004249,,2024-11-01,32856,144,,8876,90,130,mmHg,144.0
509160,501162,500071,3012888,,2024-11-01,32856,79,,8876,60,85,mmHg,79.0
509161,501162,500071,3025315,,2024-11-01,32856,64.7,,9529,45,90,kg,64.7
509162,501162,500071,3038553,,2024-11-01,32856,21.2,,9531,18.5,25,kg/m2,21.2
509163,501163,500071,3004410,,2025-02-04,32856,7.2,,8554,4,5.6,%,7.2
509164,501163,500071,3004501,,2025-02-04,32856,126,,8840,70,99,mg/dL,126.0
509165,501163,500071,3004249,,2025-02-04,32856,147,,8876,90,130,mmHg,147.0
509166,501163,500071,3012888,,2025-02-04,32856,93,,8876,60,85,mmHg,93.0
509167,501163,500071,3025315,,2025-02-04,32856,64.4,,9529,45,90,kg,64.4
509168,501163,500071,3038553,,2025-02-04,32856,21.1,,9531,18.5,25,kg/m2,21.1
509169,501163,500071,3022192,,2025-02-04,32856,192.2,,8840,0,150,mg/dL,192.2
509170,501163,500071,3007070,,2025-02-04,32856,59,,8840,40,60,mg/dL,59.0
509171,501163,500071,3028437,,2025-02-04,32856,107.7,,8840,0,130,mg/dL,107.7
509172,501163,500071,3013721,,2025-02-04,32856,21.8,,8645,0,40,U/L,21.8
509173,501163,500071,3006923,,2025-02-04,32856,137.9,,8645,0,40,U/L,137.9
509174,501163,500071,3016723,,2025-02-04,32856,0.79,,8840,0.6,1.2,mg/dL,0.79
509175,501163,500071,3049187,,2025-02-04,32856,89.8,,9550,90,130,mL/min/1.73m2,89.8
509176,501164,500071,3004410,,2025-05-09,32856,6.9,,8554,4,5.6,%,6.9
509177,501164,500071,3004501,,2025-05-09,32856,138,,8840,70,99,mg/dL,138.0
509178,501164,500071,3004249,,2025-05-09,32856,149,,8876,90,130,mmHg,149.0
509179,501164,500071,3012888,,2025-05-09,32856,66,,8876,60,85,mmHg,66.0
509180,501164,500071,3025315,,2025-05-09,32856,65.3,,9529,45,90,kg,65.3
509181,501164,500071,3038553,,2025-05-09,32856,21.4,,9531,18.5,25,kg/m2,21.4
509182,501165,500071,3004410,,2025-08-04,32856,7.2,,8554,4,5.6,%,7.2
509183,501165,500071,3004501,,2025-08-04,32856,141,,8840,70,99,mg/dL,141.0
509184,501165,500071,3004249,,2025-08-04,32856,123,,8876,90,130,mmHg,123.0
509185,501165,500071,3012888,,2025-08-04,32856,82,,8876,60,85,mmHg,82.0
509186,501165,500071,3025315,,2025-08-04,32856,64.4,,9529,45,90,kg,64.4
509187,501165,500071,3038553,,2025-08-04,32856,21.1,,9531,18.5,25,kg/m2,21.1
509188,501166,500071,3004410,,2025-10-27,32856,7.7,,8554,4,5.6,%,7.7
509189,501166,500071,3004501,,2025-10-27,32856,172,,8840,70,99,mg/dL,172.0
509190,501166,500071,3004249,,2025-10-27,32856,136,,8876,90,130,mmHg,136.0
509191,501166,500071,3012888,,2025-10-27,32856,84,,8876,60,85,mmHg,84.0
509192,501166,500071,3025315,,2025-10-27,32856,64.6,,9529,45,90,kg,64.6
509193,501166,500071,3038553,,2025-10-27,32856,21.2,,9531,18.5,25,kg/m2,21.2
509194,501167,500072,3036277,,2022-06-25,32856,171.5,,8582,150,185,cm,171.5
509195,501167,500072,3004410,,2022-06-25,32856,8.1,,8554,4,5.6,%,8.1
509196,501167,500072,3004501,,2022-06-25,32856,124,,8840,70,99,mg/dL,124.0
509197,501167,500072,3004249,,2022-06-25,32856,124,,8876,90,130,mmHg,124.0
509198,501167,500072,3012888,,2022-06-25,32856,81,,8876,60,85,mmHg,81.0
509199,501167,500072,3025315,,2022-06-25,32856,74.4,,9529,45,90,kg,74.4
509200,501167,500072,3038553,,2022-06-25,32856,25.3,,9531,18.5,25,kg/m2,25.3
509201,501167,500072,3022192,,2022-06-25,32856,87.9,,8840,0,150,mg/dL,87.9
509202,501167,500072,3007070,,2022-06-25,32856,47.8,,8840,40,60,mg/dL,47.8
509203,501167,500072,3028437,,2022-06-25,32856,68.9,,8840,0,130,mg/dL,68.9
509204,501167,500072,3013721,,2022-06-25,32856,10.2,,8645,0,40,U/L,10.2
509205,501167,500072,3006923,,2022-06-25,32856,69.7,,8645,0,40,U/L,69.7
509206,501167,500072,3016723,,2022-06-25,32856,0.55,,8840,0.6,1.2,mg/dL,0.55
509207,501167,500072,3049187,,2022-06-25,32856,109.2,,9550,90,130,mL/min/1.73m2,109.2
509208,501168,500072,3004410,,2022-09-21,32856,7.7,,8554,4,5.6,%,7.7
509209,501168,500072,3004501,,2022-09-21,32856,162,,8840,70,99,mg/dL,162.0
509210,501168,500072,3004249,,2022-09-21,32856,140,,8876,90,130,mmHg,140.0
509211,501168,500072,3012888,,2022-09-21,32856,81,,8876,60,85,mmHg,81.0
509212,501168,500072,3025315,,2022-09-21,32856,74.9,,9529,45,90,kg,74.9
509213,501168,500072,3038553,,2022-09-21,32856,25.5,,9531,18.5,25,kg/m2,25.5
509214,501169,500072,3004410,,2022-12-26,32856,8.1,,8554,4,5.6,%,8.1
509215,501169,500072,3004501,,2022-12-26,32856,172,,8840,70,99,mg/dL,172.0
509216,501169,500072,3004249,,2022-12-26,32856,140,,8876,90,130,mmHg,140.0
509217,501169,500072,3012888,,2022-12-26,32856,83,,8876,60,85,mmHg,83.0
509218,501169,500072,3025315,,2022-12-26,32856,76.2,,9529,45,90,kg,76.2
509219,501169,500072,3038553,,2022-12-26,32856,25.9,,9531,125.0,25,kg/m2,25.9
509220,501170,500072,3004410,,2023-03-31,32856,7.7,,8554,4,5.6,%,7.7
509221,501170,500072,3004501,,2023-03-31,32856,150,,8840,70,99,mg/dL,150.0
509222,501170,500072,3004249,,2023-03-31,32856,112,,8876,90,130,mmHg,112.0
509223,501170,500072,3012888,,2023-03-31,32856,80,,8876,60,85,mmHg,80.0
509224,501170,500072,3025315,,2023-03-31,32856,77.1,,9529,45,90,kg,77.1
509225,501170,500072,3038553,,2023-03-31,32856,26.2,,9531,18.5,25,kg/m2,26.2
509226,501171,500072,3004410,,2023-06-25,32856,7.8,,8554,4,5.6,%,7.8
509227,501171,500072,3004501,,2023-06-25,32856,156,,8840,70,99,mg/dL,156.0
509228,501171,500072,3004249,,2023-06-25,32856,135,,8876,90,130,mmHg,135.0
509229,501171,500072,3012888,,2023-06-25,32856,91,,8876,60,85,mmHg,91.0
509230,501171,500072,3025315,,2023-06-25,32856,77.6,,9529,45,90,kg,77.6
509231,501171,500072,3038553,,2023-06-25,32856,26.4,,9531,18.5,25,kg/m2,26.4
509232,501171,500072,3022192,,2023-06-25,32856,201.6,,8840,0,150,mg/dL,201.6
509233,501171,500072,3007070,,2023-06-25,32856,42.5,,8840,40,60,mg/dL,42.5
509234,501171,500072,3028437,,2023-06-25,32856,96.7,,8840,0,130,mg/dL,96.7
509235,501171,500072,3013721,,2023-06-25,32856,34.9,,8645,0,40,U/L,34.9
509236,501171,500072,3006923,,2023-06-25,32856,0,,8645,0,40,U/L,0
509237,501171,500072,3016723,,2023-06-25,32856,0.61,,8840,0.6,1.2,mg/dL,0.61
509238,501171,500072,3049187,,2023-06-25,32856,59.8,,9550,90,130,mL/min/1.73m2,59.8
509239,501172,500072,3004410,,2023-09-29,32856,7.1,,8554,4,5.6,%,7.1
509240,501172,500072,3004501,,2023-09-29,32856,128,,8840,70,99,mg/dL,128.0
509241,501172,500072,3004249,,2023-09-29,32856,144,,8876,90,130,mmHg,144.0
509242,501172,500072,3012888,,2023-09-29,32856,99,,8876,60,85,mmHg,99.0
509243,501172,500072,3025315,,2023-09-29,32856,75.9,,9529,45,90,kg,75.9
509244,501172,500072,3038553,,2023-09-29,32856,25.8,,9531,18.5,25,kg/m2,25.8
509245,501173,500072,3004410,,2023-12-24,32856,6.7,,8554,4,5.6,%,6.7
509246,501173,500072,3004501,,2023-12-24,32856,114,,8840,70,99,mg/dL,114.0
509247,501173,500072,3004249,,2023-12-24,32856,142,,8876,90,130,mmHg,142.0
509248,501173,500072,3012888,,2023-12-24,32856,93,,8876,60,85,mmHg,93.0
509249,501173,500072,3025315,,2023-12-24,32856,76.6,,9529,45,90,kg,76.6
509250,501173,500072,3038553,,2023-12-24,32856,26,,9531,18.5,25,kg/m2,26.0
509251,501174,500072,3004410,,2024-03-28,32856,6.6,,8554,4,5.6,%,6.6
509252,501174,500072,3004501,,2024-03-28,32856,104,,8840,70,99,mg/dL,104.0
509253,501174,500072,3004249,,2024-03-28,32856,107,,8876,90,130,mmHg,107.0
509254,501174,500072,3012888,,2024-03-28,32856,87,,8876,60,85,mmHg,87.0
509255,501174,500072,3025315,,2024-03-28,32856,76.6,,9529,45,90,kg,76.6
509256,501174,500072,3038553,,2024-03-28,32856,26,,9531,18.5,25,kg/m2,26.0
509257,501175,500072,3004410,,2024-06-22,32856,6.2,,8554,4,5.6,%,6.2
509258,501175,500072,3004501,,2024-06-22,32856,81,,8840,70,99,mg/dL,81.0
509259,501175,500072,3004249,,2024-06-22,32856,145,,8876,90,130,mmHg,145.0
509260,501175,500072,3012888,,2024-06-22,32856,81,,8876,60,85,mmHg,81.0
509261,501175,500072,3025315,,2024-06-22,32856,76.8,,9529,45,90,kg,76.8
509262,501175,500072,3038553,,2024-06-22,32856,26.1,,9531,18.5,25,kg/m2,26.1
509263,501175,500072,3022192,,2024-06-22,32856,142.9,,8840,0,150,mg/dL,142.9
509264,501175,500072,3007070,,2024-06-22,32856,47.1,,8840,40,60,mg/dL,47.1
509265,501175,500072,3028437,,2024-06-22,32856,133.9,,8840,0,130,mg/dL,133.9
509266,501175,500072,3013721,,2024-06-22,32856,42,,8645,0,40,U/L,42.0
509267,501175,500072,3006923,,2024-06-22,32856,0,,8645,0,40,U/L,0
509268,501175,500072,3016723,,2024-06-22,32856,0.67,,8840,0.6,1.2,mg/dL,0.67
509269,501175,500072,3049187,,2024-06-22,32856,94.6,,9550,90,130,mL/min/1.73m2,94.6
509270,501176,500072,3004410,,2024-09-19,32856,6.6,,8554,4,5.6,%,6.6
509271,501176,500072,3004501,,2024-09-19,32856,96,,8840,70,99,mg/dL,96.0
509272,501176,500072,3004249,,2024-09-19,32856,126,,8876,90,130,mmHg,126.0
509273,501176,500072,3012888,,2024-09-19,32856,84,,8876,60,85,mmHg,84.0
509274,501176,500072,3025315,,2024-09-19,32856,75.5,,9529,45,90,kg,75.5
509275,501176,500072,3038553,,2024-09-19,32856,25.7,,9531,18.5,25,kg/m2,25.7
509276,501177,500072,3004410,,2024-12-18,32856,6.5,,8554,4,5.6,%,6.5
509277,501177,500072,3004501,,2024-12-18,32856,116,,8840,70,99,mg/dL,116.0
509278,501177,500072,3004249,,2024-12-18,32856,145,,8876,90,130,mmHg,145.0
509279,501177,500072,3012888,,2024-12-18,32856,78,,8876,60,85,mmHg,78.0
509280,501177,500072,3025315,,2024-12-18,32856,76.1,,9529,45,90,kg,76.1
509281,501177,500072,3038553,,2024-12-18,32856,25.9,,9531,18.5,25,kg/m2,25.9
509282,501178,500072,3004410,,2025-03-12,32856,6.1,,8554,4,5.6,%,6.1
509283,501178,500072,3004501,,2025-03-12,32856,131,,8840,70,99,mg/dL,131.0
509284,501178,500072,3004249,,2025-03-12,32856,146,,8876,90,130,mmHg,146.0
509285,501178,500072,3012888,,2025-03-12,32856,82,,8876,60,85,mmHg,82.0
509286,501178,500072,3025315,,2025-03-12,32856,77.2,,9529,45,90,kg,77.2
509287,501178,500072,3038553,,2025-03-12,32856,26.2,,9531,18.5,25,kg/m2,26.2
509288,501179,500073,3036277,,2022-07-31,32856,171,,8582,150,185,cm,171.0
509289,501179,500073,3004410,,2022-07-31,32856,6.8,,8554,4,5.6,%,6.8
509290,501179,500073,3004501,,2022-07-31,32856,122,,8840,70,99,mg/dL,122.0
509291,501179,500073,3004249,,2022-07-31,32856,153,,8876,90,130,mmHg,153.0
509292,501179,500073,3012888,,2022-07-31,32856,88,,8876,60,85,mmHg,88.0
509293,501179,500073,3025315,,2022-07-31,32856,90.9,,9529,45,90,kg,90.9
509294,501179,500073,3038553,,2022-07-31,32856,31.1,,9531,18.5,25,kg/m2,31.1
509295,501179,500073,3022192,,2022-07-31,32856,136.2,,8840,0,150,mg/dL,136.2
509296,501179,500073,3007070,,2022-07-31,32856,39.6,,8840,40,60,mg/dL,39.6
509297,501179,500073,3028437,,2022-07-31,32856,108.9,,8840,0,130,mg/dL,108.9
509298,501179,500073,3013721,,2022-07-31,32856,26.8,,8645,0,40,U/L,26.8
509299,501179,500073,3006923,,2022-07-31,32856,46.7,,8645,0,40,U/L,46.7
509300,501179,500073,3016723,,2022-07-31,32856,0.74,,8840,0.6,1.2,mg/dL,0.74
509301,501179,500073,3049187,,2022-07-31,32856,104.6,,9550,90,130,mL/min/1.73m2,104.6
509302,501180,500073,3004410,,2022-11-06,32856,5.8,,8554,4,5.6,%,5.8
509303,501180,500073,3004501,,2022-11-06,32856,99,,8840,70,99,mg/dL,99.0
509304,501180,500073,3004249,,2022-11-06,32856,128,,8876,90,130,mmHg,128.0
509305,501180,500073,3012888,,2022-11-06,32856,85,,8876,60,85,mmHg,85.0
509306,501180,500073,3025315,,2022-11-06,32856,91.2,,9529,45,90,kg,91.2
509307,501180,500073,3038553,,2022-11-06,32856,31.2,,9531,18.5,25,kg/m2,31.2
509308,501181,500073,3004410,,2023-01-29,32856,5.8,,8554,4,5.6,%,5.8
509309,501181,500073,3004501,,2023-01-29,32856,86,,8840,70,99,mg/dL,86.0
509310,501181,500073,3004249,,2023-01-29,32856,165,,8876,90,130,mmHg,165.0
509311,501181,500073,3012888,,2023-01-29,32856,83,,8876,60,85,mmHg,83.0
509312,501181,500073,3025315,,2023-01-29,32856,91.6,,9529,45,90,kg,91.6
509313,501181,500073,3038553,,2023-01-29,32856,31.3,,9531,18.5,25,kg/m2,31.3
509314,501182,500073,3004410,,2023-04-30,32856,5.6,,8554,4,5.6,%,5.6
509315,501182,500073,3004501,,2023-04-30,32856,79,,8840,70,99,mg/dL,79.0
509316,501182,500073,3004249,,2023-04-30,32856,122,,8876,90,130,mmHg,122.0
509317,501182,500073,3012888,,2023-04-30,32856,90,,8876,60,85,mmHg,90.0
509318,501182,500073,3025315,,2023-04-30,32856,93,,9529,45,90,kg,93.0
509319,501182,500073,3038553,,2023-04-30,32856,31.8,,9531,18.5,25,kg/m2,31.8
509320,501183,500073,3004410,,2023-08-06,32856,6.3,,8554,4,5.6,%,6.3
509321,501183,500073,3004501,,2023-08-06,32856,108,,8840,70,99,mg/dL,108.0
509322,501183,500073,3004249,,2023-08-06,32856,148,,8876,90,130,mmHg,148.0
509323,501183,500073,3012888,,2023-08-06,32856,82,,8876,60,85,mmHg,82.0
509324,501183,500073,3025315,,2023-08-06,32856,91.5,,9529,45,90,kg,91.5
509325,501183,500073,3038553,,2023-08-06,32856,31.3,,9531,18.5,25,kg/m2,31.3
509326,501183,500073,3022192,,2023-08-06,32856,95.9,,8840,0,150,mg/dL,95.9
509327,501183,500073,3007070,,2023-08-06,32856,26.3,,8840,40,60,mg/dL,26.3
509328,501183,500073,3028437,,2023-08-06,32856,122.1,,8840,0,130,mg/dL,122.1
509329,501183,500073,3013721,,2023-08-06,32856,30.3,,8645,0,40,U/L,30.3
509330,501183,500073,3006923,,2023-08-06,32856,47,,8645,0,40,U/L,47.0
509331,501183,500073,3016723,,2023-08-06,32856,1.15,,8840,0.6,1.2,mg/dL,1.15
509332,501183,500073,3049187,,2023-08-06,32856,97.2,,9550,90,130,mL/min/1.73m2,97.2
509333,501184,500073,3004410,,2023-11-07,32856,5.9,,8554,4,5.6,%,5.9
509334,501184,500073,3004501,,2023-11-07,32856,83,,8840,70,99,mg/dL,83.0
509335,501184,500073,3004249,,2023-11-07,32856,115,,8876,90,130,mmHg,115.0
509336,501184,500073,3012888,,2023-11-07,32856,71,,8876,60,85,mmHg,71.0
509337,501184,500073,3025315,,2023-11-07,32856,91.5,,9529,45,90,kg,91.5
509338,501184,500073,3038553,,2023-11-07,32856,31.3,,9531,18.5,25,kg/m2,31.3
509339,501185,500073,3004410,,2024-02-03,32856,6.1,,8554,4,5.6,%,6.1
509340,501185,500073,3004501,,2024-02-03,32856,113,,8840,70,99,mg/dL,113.0
509341,501185,500073,3004249,,2024-02-03,32856,124,,8876,90,130,mmHg,124.0
509342,501185,500073,3012888,,2024-02-03,32856,94,,8876,60,85,mmHg,94.0
509343,501185,500073,3025315,,2024-02-03,32856,92.2,,9529,45,90,kg,92.2
509344,501185,500073,3038553,,2024-02-03,32856,31.5,,9531,18.5,25,kg/m2,31.5
509345,501186,500073,3004410,,2024-05-06,32856,6.7,,8554,4,5.6,%,6.7
509346,501186,500073,3004501,,2024-05-06,32856,140,,8840,70,99,mg/dL,140.0
509347,501186,500073,3004249,,2024-05-06,32856,135,,8876,90,130,mmHg,135.0
509348,501186,500073,3012888,,2024-05-06,32856,87,,8876,60,85,mmHg,87.0
509349,501186,500073,3025315,,2024-05-06,32856,91.7,,9529,45,90,kg,91.7
509350,501186,500073,3038553,,2024-05-06,32856,31.4,,9531,18.5,25,kg/m2,31.4
509351,501187,500073,3004410,,2024-08-01,32856,6.6,,8554,4,5.6,%,6.6
509352,501187,500073,3004501,,2024-08-01,32856,142,,8840,70,99,mg/dL,142.0
509353,501187,500073,3004249,,2024-08-01,32856,152,,8876,90,130,mmHg,152.0
509354,501187,500073,3012888,,2024-08-01,32856,67,,8876,60,85,mmHg,67.0
509355,501187,500073,3025315,,2024-08-01,32856,92.6,,9529,45,90,kg,92.6
509356,501187,500073,3038553,,2024-08-01,32856,31.7,,9531,18.5,25,kg/m2,31.7
509357,501187,500073,3022192,,2024-08-01,32856,68.5,,8840,0,150,mg/dL,68.5
509358,501187,500073,3007070,,2024-08-01,32856,40.4,,8840,40,60,mg/dL,40.4
509359,501187,500073,3028437,,2024-08-01,32856,55.8,,8840,0,130,mg/dL,55.8
509360,501187,500073,3013721,,2024-08-01,32856,48.7,,8645,0,40,U/L,48.7
509361,501187,500073,3006923,,2024-08-01,32856,18.6,,8645,0,40,U/L,18.6
509362,501187,500073,3016723,,2024-08-01,32856,0.57,,8840,0.6,1.2,mg/dL,0.57
509363,501187,500073,3049187,,2024-08-01,32856,118.4,,9550,90,130,mL/min/1.73m2,118.4
509364,501188,500073,3004410,,2024-11-03,32856,6.5,,8554,4,5.6,%,6.5
509365,501188,500073,3004501,,2024-11-03,32856,127,,8840,70,99,mg/dL,127.0
509366,501188,500073,3004249,,2024-11-03,32856,122,,8876,90,130,mmHg,122.0
509367,501188,500073,3012888,,2024-11-03,32856,85,,8876,60,85,mmHg,85.0
509368,501188,500073,3025315,,2024-11-03,32856,94.4,,9529,45,90,kg,94.4
509369,501188,500073,3038553,,2024-11-03,32856,32.3,,9531,18.5,25,kg/m2,32.3
509370,501189,500073,3004410,,2025-02-07,32856,6.3,,8554,4,5.6,%,6.3
509371,501189,500073,3004501,,2025-02-07,32856,138,,8840,70,99,mg/dL,138.0
509372,501189,500073,3004249,,2025-02-07,32856,130,,8876,90,130,mmHg,130.0
509373,501189,500073,3012888,,2025-02-07,32856,83,,8876,60,85,mmHg,83.0
509374,501189,500073,3025315,,2025-02-07,32856,94.8,,9529,45,90,kg,94.8
509375,501189,500073,3038553,,2025-02-07,32856,32.4,,9531,18.5,25,kg/m2,32.4
509376,501190,500073,3004410,,2025-05-10,32856,6.8,,8554,4,5.6,%,6.8
509377,501190,500073,3004501,,2025-05-10,32856,121,,8840,70,99,mg/dL,121.0
509378,501190,500073,3004249,,2025-05-10,32856,138,,8876,90,130,mmHg,138.0
509379,501190,500073,3012888,,2025-05-10,32856,83,,8876,60,85,mmHg,83.0
509380,501190,500073,3025315,,2025-05-10,32856,94.1,,9529,45,90,kg,94.1
509381,501190,500073,3038553,,2025-05-10,32856,32.2,,9531,18.5,25,kg/m2,32.2
509382,501191,500073,3004410,,2025-08-13,32856,6.8,,8554,4,5.6,%,6.8
509383,501191,500073,3004501,,2025-08-13,32856,119,,8840,70,99,mg/dL,119.0
509384,501191,500073,3004249,,2025-08-13,32856,153,,8876,90,130,mmHg,153.0
509385,501191,500073,3012888,,2025-08-13,32856,72,,8876,60,85,mmHg,72.0
509386,501191,500073,3025315,,2025-08-13,32856,94.7,,9529,45,90,kg,94.7
509387,501191,500073,3038553,,2025-08-13,32856,32.4,,9531,18.5,25,kg/m2,32.4
509388,501191,500073,3022192,,2025-08-13,32856,242.4,,8840,0,150,mg/dL,242.4
509389,501191,500073,3007070,,2025-08-13,32856,43,,8840,40,60,mg/dL,43.0
509390,501191,500073,3028437,,2025-08-13,32856,70.5,,8840,0,130,mg/dL,70.5
509391,501191,500073,3013721,,2025-08-13,32856,63.6,,8645,0,40,U/L,63.6
509392,501191,500073,3006923,,2025-08-13,32856,79.8,,8645,0,40,U/L,79.8
509393,501191,500073,3016723,,2025-08-13,32856,0.97,,8840,0.6,1.2,mg/dL,0.97
509394,501191,500073,3049187,,2025-08-13,32856,62.4,,9550,90,130,mL/min/1.73m2,62.4
509395,501192,500073,3004410,,2025-11-12,32856,6.2,,8554,4,5.6,%,6.2
509396,501192,500073,3004501,,2025-11-12,32856,152,,8840,70,99,mg/dL,152.0
509397,501192,500073,3004249,,2025-11-12,32856,139,,8876,90,130,mmHg,139.0
509398,501192,500073,3012888,,2025-11-12,32856,82,,8876,60,85,mmHg,82.0
509399,501192,500073,3025315,,2025-11-12,32856,94.2,,9529,45,90,kg,94.2
509400,501192,500073,3038553,,2025-11-12,32856,32.2,,9531,18.5,25,kg/m2,32.2
509401,501193,500073,3004410,,2026-02-05,32856,6.1,,8554,4,5.6,%,6.1
509402,501193,500073,3004501,,2026-02-05,32856,98,,8840,70,99,mg/dL,98.0
509403,501193,500073,3004249,,2026-02-05,32856,139,,8876,90,130,mmHg,139.0
509404,501193,500073,3012888,,2026-02-05,32856,74,,8876,60,85,mmHg,74.0
509405,501193,500073,3025315,,2026-02-05,32856,94.6,,9529,45,90,kg,94.6
509406,501193,500073,3038553,,2026-02-05,32856,32.4,,9531,18.5,25,kg/m2,32.4
509407,501194,500073,3004410,,2026-04-30,32856,6.3,,8554,4,5.6,%,6.3
509408,501194,500073,3004501,,2026-04-30,32856,81,,8840,70,99,mg/dL,81.0
509409,501194,500073,3004249,,2026-04-30,32856,149,,8876,90,130,mmHg,149.0
509410,501194,500073,3012888,,2026-04-30,32856,77,,8876,60,85,mmHg,77.0
509411,501194,500073,3025315,,2026-04-30,32856,95.5,,9529,45,90,kg,95.5
509412,501194,500073,3038553,,2026-04-30,32856,32.7,,9531,18.5,25,kg/m2,32.7
509413,501195,500073,3004410,,2026-07-25,32856,6.4,,8554,4,5.6,%,6.4
509414,501195,500073,3004501,,2026-07-25,32856,114,,8840,70,99,mg/dL,114.0
509415,501195,500073,3004249,,2026-07-25,32856,124,,8876,90,130,mmHg,124.0
509416,501195,500073,3012888,,2026-07-25,32856,84,,8876,60,85,mmHg,84.0
509417,501195,500073,3025315,,2026-07-25,32856,96.9,,9529,45,90,kg,96.9
509418,501195,500073,3038553,,2026-07-25,32856,33.1,,9531,18.5,25,kg/m2,33.1
509419,501195,500073,3022192,,2026-07-25,32856,146.8,,8840,0,150,mg/dL,146.8
509420,501195,500073,3007070,,2026-07-25,32856,28.1,,8840,40,60,mg/dL,28.1
509421,501195,500073,3028437,,2026-07-25,32856,120.6,,8840,0,130,mg/dL,120.6
509422,501195,500073,3013721,,2026-07-25,32856,26.7,,8645,0,40,U/L,26.7
509423,501195,500073,3006923,,2026-07-25,32856,29.3,,8645,0,40,U/L,29.3
509424,501195,500073,3016723,,2026-07-25,32856,0.64,,8840,0.6,1.2,mg/dL,0.64
509425,501195,500073,3049187,,2026-07-25,32856,62.3,,9550,90,130,mL/min/1.73m2,62.3
509426,501196,500074,3036277,,2022-03-13,32856,160.4,,8582,150,185,cm,160.4
509427,501196,500074,3004410,,2022-03-13,32856,6.7,,8554,4,5.6,%,6.7
509428,501196,500074,3004501,,2022-03-13,32856,120,,8840,70,99,mg/dL,120.0
509429,501196,500074,3004249,,2022-03-13,32856,133,,8876,90,130,mmHg,133.0
509430,501196,500074,3012888,,2022-03-13,32856,76,,8876,60,85,mmHg,76.0
509431,501196,500074,3025315,,2022-03-13,32856,90.3,,9529,45,90,kg,90.3
509432,501196,500074,3038553,,2022-03-13,32856,35.1,,9531,18.5,25,kg/m2,35.1
509433,501196,500074,3022192,,2022-03-13,32856,40.9,,8840,0,150,mg/dL,40.9
509434,501196,500074,3007070,,2022-03-13,32856,51.7,,8840,40,60,mg/dL,51.7
509435,501196,500074,3028437,,2022-03-13,32856,73,,8840,0,130,mg/dL,73.0
509436,501196,500074,3013721,,2022-03-13,32856,47,,8645,0,40,U/L,47.0
509437,501196,500074,3006923,,2022-03-13,32856,36.4,,8645,0,40,U/L,36.4
509438,501196,500074,3016723,,2022-03-13,32856,0.91,,8840,0.6,1.2,mg/dL,0.91
509439,501196,500074,3049187,,2022-03-13,32856,96.8,,9550,90,130,mL/min/1.73m2,96.8
509440,501197,500074,3004410,,2022-06-19,32856,6.2,,8554,4,5.6,%,6.2
509441,501197,500074,3004501,,2022-06-19,32856,86,,8840,70,99,mg/dL,86.0
509442,501197,500074,3004249,,2022-06-19,32856,121,,8876,90,130,mmHg,121.0
509443,501197,500074,3012888,,2022-06-19,32856,69,,8876,60,85,mmHg,69.0
509444,501197,500074,3025315,,2022-06-19,32856,89,,9529,45,90,kg,89.0
509445,501197,500074,3038553,,2022-06-19,32856,34.6,,9531,18.5,25,kg/m2,34.6
509446,501198,500074,3004410,,2022-09-18,32856,5.7,,8554,4,5.6,%,5.7
509447,501198,500074,3004501,,2022-09-18,32856,95,,8840,70,99,mg/dL,95.0
509448,501198,500074,3004249,,2022-09-18,32856,129,,8876,90,130,mmHg,129.0
509449,501198,500074,3012888,,2022-09-18,32856,79,,8876,60,85,mmHg,79.0
509450,501198,500074,3025315,,2022-09-18,32856,89.8,,9529,45,90,kg,89.8
509451,501198,500074,3038553,,2022-09-18,32856,34.9,,9531,18.5,25,kg/m2,34.9
509452,501199,500074,3004410,,2022-12-11,32856,6.1,,8554,4,5.6,%,6.1
509453,501199,500074,3004501,,2022-12-11,32856,120,,8840,70,99,mg/dL,120.0
509454,501199,500074,3004249,,2022-12-11,32856,128,,8876,90,130,mmHg,128.0
509455,501199,500074,3012888,,2022-12-11,32856,76,,8876,60,85,mmHg,76.0
509456,501199,500074,3025315,,2022-12-11,32856,91.4,,9529,45,90,kg,91.4
509457,501199,500074,3038553,,2022-12-11,32856,35.5,,9531,18.5,25,kg/m2,35.5
509458,501200,500074,3004410,,2023-03-07,32856,5.8,,8554,4,5.6,%,5.8
509459,501200,500074,3004501,,2023-03-07,32856,97,,8840,70,99,mg/dL,97.0
509460,501200,500074,3004249,,2023-03-07,32856,118,,8876,90,130,mmHg,118.0
509461,501200,500074,3012888,,2023-03-07,32856,78,,8876,60,85,mmHg,78.0
509462,501200,500074,3025315,,2023-03-07,32856,92.3,,9529,45,90,kg,92.3
509463,501200,500074,3038553,,2023-03-07,32856,35.9,,9531,18.5,25,kg/m2,35.9
509464,501200,500074,3022192,,2023-03-07,32856,315.6,,8840,0,150,mg/dL,315.6
509465,501200,500074,3007070,,2023-03-07,32856,45.9,,8840,40,60,mg/dL,45.9
509466,501200,500074,3028437,,2023-03-07,32856,69.1,,8840,0,130,mg/dL,69.1
509467,501200,500074,3013721,,2023-03-07,32856,15.4,,8645,0,40,U/L,15.4
509468,501200,500074,3006923,,2023-03-07,32856,8.7,,8645,0,40,U/L,8.7
509469,501200,500074,3016723,,2023-03-07,32856,0.96,,8840,0.6,1.2,mg/dL,0.96
509470,501200,500074,3049187,,2023-03-07,32856,125.6,,9550,90,130,mL/min/1.73m2,125.6
509471,501201,500074,3004410,,2023-06-01,32856,5.8,,8554,4,5.6,%,5.8
509472,501201,500074,3004501,,2023-06-01,32856,79,,8840,70,99,mg/dL,79.0
509473,501201,500074,3004249,,2023-06-01,32856,113,,8876,90,130,mmHg,113.0
509474,501201,500074,3012888,,2023-06-01,32856,65,,8876,60,85,mmHg,65.0
509475,501201,500074,3025315,,2023-06-01,32856,94.2,,9529,45,90,kg,94.2
509476,501201,500074,3038553,,2023-06-01,32856,36.6,,9531,18.5,25,kg/m2,36.6
509477,501202,500074,3004410,,2023-08-29,32856,5.8,,8554,4,5.6,%,5.8
509478,501202,500074,3004501,,2023-08-29,32856,76,,8840,70,99,mg/dL,76.0
509479,501202,500074,3004249,,2023-08-29,32856,137,,8876,90,130,mmHg,137.0
509480,501202,500074,3012888,,2023-08-29,32856,87,,8876,60,85,mmHg,87.0
509481,501202,500074,3025315,,2023-08-29,32856,93.7,,9529,45,90,kg,93.7
509482,501202,500074,3038553,,2023-08-29,32856,36.4,,9531,18.5,25,kg/m2,36.4
509483,501203,500074,3004410,,2023-12-03,32856,6.2,,8554,4,5.6,%,6.2
509484,501203,500074,3004501,,2023-12-03,32856,90,,8840,70,99,mg/dL,90.0
509485,501203,500074,3004249,,2023-12-03,32856,137,,8876,90,130,mmHg,137.0
509486,501203,500074,3012888,,2023-12-03,32856,75,,8876,60,85,mmHg,75.0
509487,501203,500074,3025315,,2023-12-03,32856,95.7,,9529,45,90,kg,95.7
509488,501203,500074,3038553,,2023-12-03,32856,37.2,,9531,18.5,25,kg/m2,37.2
509489,501204,500074,3004410,,2024-02-29,32856,6,,8554,4,5.6,%,6.0
509490,501204,500074,3004501,,2024-02-29,32856,105,,8840,70,99,mg/dL,105.0
509491,501204,500074,3004249,,2024-02-29,32856,143,,8876,90,130,mmHg,143.0
509492,501204,500074,3012888,,2024-02-29,32856,81,,8876,60,85,mmHg,81.0
509493,501204,500074,3025315,,2024-02-29,32856,95.6,,9529,45,90,kg,95.6
509494,501204,500074,3038553,,2024-02-29,32856,37.2,,9531,18.5,25,kg/m2,37.2
509495,501204,500074,3022192,,2024-02-29,32856,116.1,,8840,0,150,mg/dL,116.1
509496,501204,500074,3007070,,2024-02-29,32856,51.4,,8840,40,60,mg/dL,51.4
509497,501204,500074,3028437,,2024-02-29,32856,123.9,,8840,0,130,mg/dL,123.9
509498,501204,500074,3013721,,2024-02-29,32856,37,,8645,0,40,U/L,37.0
509499,501204,500074,3006923,,2024-02-29,32856,74.8,,8645,0,40,U/L,74.8
509500,501204,500074,3016723,,2024-02-29,32856,1.76,,8840,0.6,1.2,mg/dL,1.76
509501,501204,500074,3049187,,2024-02-29,32856,40.9,,9550,90,130,mL/min/1.73m2,40.9
509502,501205,500074,3004410,,2024-05-29,32856,6,,8554,4,5.6,%,6.0
509503,501205,500074,3004501,,2024-05-29,32856,112,,8840,70,99,mg/dL,112.0
509504,501205,500074,3004249,,2024-05-29,32856,108,,8876,90,130,mmHg,108.0
509505,501205,500074,3012888,,2024-05-29,32856,78,,8876,60,85,mmHg,78.0
509506,501205,500074,3025315,,2024-05-29,32856,92.1,,9529,45,90,kg,92.1
509507,501205,500074,3038553,,2024-05-29,32856,35.8,,9531,18.5,25,kg/m2,35.8
509508,501206,500074,3004410,,2024-08-21,32856,5.5,,8554,4,5.6,%,5.5
509509,501206,500074,3004501,,2024-08-21,32856,89,,8840,70,99,mg/dL,89.0
509510,501206,500074,3004249,,2024-08-21,32856,122,,8876,90,130,mmHg,122.0
509511,501206,500074,3012888,,2024-08-21,32856,85,,8876,60,85,mmHg,85.0
509512,501206,500074,3025315,,2024-08-21,32856,93.3,,9529,45,90,kg,93.3
509513,501206,500074,3038553,,2024-08-21,32856,36.3,,9531,18.5,25,kg/m2,36.3
509514,501207,500074,3004410,,2024-11-21,32856,5.4,,8554,4,5.6,%,5.4
509515,501207,500074,3004501,,2024-11-21,32856,60,,8840,70,99,mg/dL,60
509516,501207,500074,3004249,,2024-11-21,32856,108,,8876,90,130,mmHg,108.0
509517,501207,500074,3012888,,2024-11-21,32856,82,,8876,60,85,mmHg,82.0
509518,501207,500074,3025315,,2024-11-21,32856,94.8,,9529,45,90,kg,94.8
509519,501207,500074,3038553,,2024-11-21,32856,36.8,,9531,18.5,25,kg/m2,36.8
509520,501208,500074,3004410,,2025-02-14,32856,5.2,,8554,4,5.6,%,5.2
509521,501208,500074,3004501,,2025-02-14,32856,70,,8840,70,99,mg/dL,70.0
509522,501208,500074,3004249,,2025-02-14,32856,144,,8876,90,130,mmHg,144.0
509523,501208,500074,3012888,,2025-02-14,32856,80,,8876,60,85,mmHg,80.0
509524,501208,500074,3025315,,2025-02-14,32856,94.2,,9529,45,90,kg,94.2
509525,501208,500074,3038553,,2025-02-14,32856,36.6,,9531,18.5,25,kg/m2,36.6
509526,501208,500074,3022192,,2025-02-14,32856,236.7,,8840,0,150,mg/dL,236.7
509527,501208,500074,3007070,,2025-02-14,32856,40.4,,8840,40,60,mg/dL,40.4
509528,501208,500074,3028437,,2025-02-14,32856,154.3,,8840,0,130,mg/dL,154.3
509529,501208,500074,3013721,,2025-02-14,32856,31.8,,8645,0,40,U/L,31.8
509530,501208,500074,3006923,,2025-02-14,32856,40.4,,8645,0,40,U/L,40.4
509531,501208,500074,3016723,,2025-02-14,32856,0.6,,8840,0.6,1.2,mg/dL,0.6
509532,501208,500074,3049187,,2025-02-14,32856,59.5,,9550,90,130,mL/min/1.73m2,59.5
509533,501209,500074,3004410,,2025-05-20,32856,6.5,,8554,4,5.6,%,6.5
509534,501209,500074,3004501,,2025-05-20,32856,119,,8840,70,99,mg/dL,119.0
509535,501209,500074,3004249,,2025-05-20,32856,90,,8876,90,130,mmHg,90
509536,501209,500074,3012888,,2025-05-20,32856,75,,8876,60,85,mmHg,75.0
509537,501209,500074,3025315,,2025-05-20,32856,94.1,,9529,45,90,kg,94.1
509538,501209,500074,3038553,,2025-05-20,32856,36.6,,9531,18.5,25,kg/m2,36.6
509539,501210,500074,3004410,,2025-08-23,32856,6.1,,8554,4,5.6,%,6.1
509540,501210,500074,3004501,,2025-08-23,32856,102,,8840,70,99,mg/dL,102.0
509541,501210,500074,3004249,,2025-08-23,32856,109,,8876,90,130,mmHg,109.0
509542,501210,500074,3012888,,2025-08-23,32856,82,,8876,60,85,mmHg,82.0
509543,501210,500074,3025315,,2025-08-23,32856,93.7,,9529,45,90,kg,93.7
509544,501210,500074,3038553,,2025-08-23,32856,36.4,,9531,18.5,25,kg/m2,36.4
509545,501211,500074,3004410,,2025-11-27,32856,6.8,,8554,4,5.6,%,6.8
509546,501211,500074,3004501,,2025-11-27,32856,145,,8840,70,99,mg/dL,145.0
509547,501211,500074,3004249,,2025-11-27,32856,122,,8876,90,130,mmHg,122.0
509548,501211,500074,3012888,,2025-11-27,32856,73,,8876,60,85,mmHg,73.0
509549,501211,500074,3025315,,2025-11-27,32856,93.3,,9529,45,90,kg,93.3
509550,501211,500074,3038553,,2025-11-27,32856,36.3,,9531,18.5,25,kg/m2,36.3
509551,501212,500074,3004410,,2026-03-04,32856,6.7,,8554,4,5.6,%,6.7
509552,501212,500074,3004501,,2026-03-04,32856,117,,8840,70,99,mg/dL,117.0
509553,501212,500074,3004249,,2026-03-04,32856,121,,8876,90,130,mmHg,121.0
509554,501212,500074,3012888,,2026-03-04,32856,71,,8876,60,85,mmHg,71.0
509555,501212,500074,3025315,,2026-03-04,32856,92.2,,9529,45,90,kg,92.2
509556,501212,500074,3038553,,2026-03-04,32856,35.8,,9531,18.5,25,kg/m2,35.8
509557,501212,500074,3022192,,2026-03-04,32856,233.9,,8840,0,150,mg/dL,233.9
509558,501212,500074,3007070,,2026-03-04,32856,53.7,,8840,40,60,mg/dL,53.7
509559,501212,500074,3028437,,2026-03-04,32856,195.1,,8840,0,130,mg/dL,195.1
509560,501212,500074,3013721,,2026-03-04,32856,8.6,,8645,0,40,U/L,8.6
509561,501212,500074,3006923,,2026-03-04,32856,42.9,,8645,0,40,U/L,42.9
509562,501212,500074,3016723,,2026-03-04,32856,1.41,,8840,0.6,1.2,mg/dL,1.41
509563,501212,500074,3049187,,2026-03-04,32856,52,,9550,90,130,mL/min/1.73m2,52.0
509564,501213,500074,3004410,,2026-06-08,32856,6.8,,8554,4,5.6,%,6.8
509565,501213,500074,3004501,,2026-06-08,32856,143,,8840,70,99,mg/dL,143.0
509566,501213,500074,3004249,,2026-06-08,32856,114,,8876,90,130,mmHg,114.0
509567,501213,500074,3012888,,2026-06-08,32856,75,,8876,60,85,mmHg,75.0
509568,501213,500074,3025315,,2026-06-08,32856,92.9,,9529,45,90,kg,92.9
509569,501213,500074,3038553,,2026-06-08,32856,36.1,,9531,18.5,25,kg/m2,36.1
509570,501214,500075,3036277,,2023-10-19,32856,171.8,,8582,150,185,cm,171.8
509571,501214,500075,3004410,,2023-10-19,32856,10.7,,8554,4,5.6,%,10.7
509572,501214,500075,3004501,,2023-10-19,32856,218,,8840,70,99,mg/dL,218.0
509573,501214,500075,3004249,,2023-10-19,32856,121,,8876,90,130,mmHg,121.0
509574,501214,500075,3012888,,2023-10-19,32856,70,,8876,60,85,mmHg,70.0
509575,501214,500075,3025315,,2023-10-19,32856,85,,9529,45,90,kg,85.0
509576,501214,500075,3038553,,2023-10-19,32856,28.8,,9531,18.5,25,kg/m2,28.8
509577,501214,500075,3022192,,2023-10-19,32856,159.8,,8840,0,150,mg/dL,159.8
509578,501214,500075,3007070,,2023-10-19,32856,51.5,,8840,40,60,mg/dL,51.5
509579,501214,500075,3028437,,2023-10-19,32856,75.3,,8840,0,130,mg/dL,75.3
509580,501214,500075,3013721,,2023-10-19,32856,37.6,,8645,0,40,U/L,37.6
509581,501214,500075,3006923,,2023-10-19,32856,43.1,,8645,0,40,U/L,43.1
509582,501214,500075,3016723,,2023-10-19,32856,0.84,,8840,0.6,1.2,mg/dL,0.84
509583,501214,500075,3049187,,2023-10-19,32856,111.5,,9550,90,130,mL/min/1.73m2,111.5
509584,501215,500075,3004410,,2024-01-24,32856,9.7,,8554,4,5.6,%,9.7
509585,501215,500075,3004501,,2024-01-24,32856,186,,8840,70,99,mg/dL,186.0
509586,501215,500075,3004249,,2024-01-24,32856,104,,8876,90,130,mmHg,104.0
509587,501215,500075,3012888,,2024-01-24,32856,55,,8876,60,85,mmHg,55.0
509588,501215,500075,3025315,,2024-01-24,32856,85.2,,9529,45,90,kg,85.2
509589,501215,500075,3038553,,2024-01-24,32856,28.9,,9531,18.5,25,kg/m2,28.9
509590,501216,500075,3004410,,2024-04-24,32856,9.4,,8554,4,5.6,%,9.4
509591,501216,500075,3004501,,2024-04-24,32856,181,,8840,70,99,mg/dL,181.0
509592,501216,500075,3004249,,2024-04-24,32856,113,,8876,90,130,mmHg,113.0
509593,501216,500075,3012888,,2024-04-24,32856,79,,8876,60,85,mmHg,79.0
509594,501216,500075,3025315,,2024-04-24,32856,86.1,,9529,45,90,kg,86.1
509595,501216,500075,3038553,,2024-04-24,32856,29.2,,9531,18.5,25,kg/m2,29.2
509596,501217,500075,3004410,,2024-07-31,32856,8,,8554,4,5.6,%,8.0
509597,501217,500075,3004501,,2024-07-31,32856,157,,8840,70,99,mg/dL,157.0
509598,501217,500075,3004249,,2024-07-31,32856,140,,8876,90,130,mmHg,140.0
509599,501217,500075,3012888,,2024-07-31,32856,67,,8876,60,85,mmHg,67.0
509600,501217,500075,3025315,,2024-07-31,32856,87.7,,9529,45,90,kg,87.7
509601,501217,500075,3038553,,2024-07-31,32856,29.7,,9531,18.5,25,kg/m2,29.7
509602,501218,500075,3004410,,2024-11-02,32856,7.5,,8554,4,5.6,%,7.5
509603,501218,500075,3004501,,2024-11-02,32856,142,,8840,70,99,mg/dL,142.0
509604,501218,500075,3004249,,2024-11-02,32856,128,,8876,90,130,mmHg,128.0
509605,501218,500075,3012888,,2024-11-02,32856,70,,8876,60,85,mmHg,70.0
509606,501218,500075,3025315,,2024-11-02,32856,85,,9529,45,90,kg,85.0
509607,501218,500075,3038553,,2024-11-02,32856,28.8,,9531,18.5,25,kg/m2,28.8
509608,501218,500075,3022192,,2024-11-02,32856,154.5,,8840,0,150,mg/dL,154.5
509609,501218,500075,3007070,,2024-11-02,32856,67.3,,8840,40,60,mg/dL,67.3
509610,501218,500075,3028437,,2024-11-02,32856,117.5,,8840,0,130,mg/dL,117.5
509611,501218,500075,3013721,,2024-11-02,32856,39.5,,8645,0,40,U/L,39.5
509612,501218,500075,3006923,,2024-11-02,32856,79.2,,8645,0,40,U/L,79.2
509613,501218,500075,3016723,,2024-11-02,32856,0.84,,8840,0.6,1.2,mg/dL,0.84
509614,501218,500075,3049187,,2024-11-02,32856,63.6,,9550,90,130,mL/min/1.73m2,63.6
509615,501219,500075,3004410,,2025-02-06,32856,8,,8554,4,5.6,%,8.0
509616,501219,500075,3004501,,2025-02-06,32856,176,,8840,70,99,mg/dL,176.0
509617,501219,500075,3004249,,2025-02-06,32856,108,,8876,90,130,mmHg,108.0
509618,501219,500075,3012888,,2025-02-06,32856,78,,8876,60,85,mmHg,78.0
509619,501219,500075,3025315,,2025-02-06,32856,85.7,,9529,45,90,kg,85.7
509620,501219,500075,3038553,,2025-02-06,32856,29,,9531,18.5,25,kg/m2,29.0
509621,501220,500075,3004410,,2025-05-12,32856,7.7,,8554,4,5.6,%,7.7
509622,501220,500075,3004501,,2025-05-12,32856,138,,8840,70,99,mg/dL,138.0
509623,501220,500075,3004249,,2025-05-12,32856,131,,8876,90,130,mmHg,131.0
509624,501220,500075,3012888,,2025-05-12,32856,85,,8876,60,85,mmHg,85.0
509625,501220,500075,3025315,,2025-05-12,32856,85.5,,9529,45,90,kg,85.5
509626,501220,500075,3038553,,2025-05-12,32856,29,,9531,18.5,25,kg/m2,29.0
509627,501221,500075,3004410,,2025-08-18,32856,8.2,,8554,4,5.6,%,8.2
509628,501221,500075,3004501,,2025-08-18,32856,155,,8840,70,99,mg/dL,155.0
509629,501221,500075,3004249,,2025-08-18,32856,107,,8876,90,130,mmHg,107.0
509630,501221,500075,3012888,,2025-08-18,32856,80,,8876,60,85,mmHg,80.0
509631,501221,500075,3025315,,2025-08-18,32856,86.8,,9529,45,90,kg,86.8
509632,501221,500075,3038553,,2025-08-18,32856,29.4,,9531,18.5,25,kg/m2,29.4
509633,501222,500075,3004501,,2025-09-17,32856,41,,8840,70,99,mg/dL,41.0
509634,501223,500075,3004410,,2025-11-17,32856,8.2,,8554,4,5.6,%,8.2
509635,501223,500075,3004501,,2025-11-17,32856,152,,8840,70,99,mg/dL,152.0
509636,501223,500075,3004249,,2025-11-17,32856,128,,8876,90,130,mmHg,128.0
509637,501223,500075,3012888,,2025-11-17,32856,84,,8876,60,85,mmHg,84.0
509638,501223,500075,3025315,,2025-11-17,32856,86.5,,9529,45,90,kg,86.5
509639,501223,500075,3038553,,2025-11-17,32856,29.3,,9531,18.5,25,kg/m2,29.3
509640,501223,500075,3022192,,2025-11-17,32856,206.7,,8840,0,150,mg/dL,206.7
509641,501223,500075,3007070,,2025-11-17,32856,41.5,,8840,40,60,mg/dL,41.5
509642,501223,500075,3028437,,2025-11-17,32856,81.4,,8840,0,130,mg/dL,81.4
509643,501223,500075,3013721,,2025-11-17,32856,37.5,,8645,0,40,U/L,37.5
509644,501223,500075,3006923,,2025-11-17,32856,66.5,,8645,0,40,U/L,66.5
509645,501223,500075,3016723,,2025-11-17,32856,0.53,,8840,0.6,1.2,mg/dL,0.53
509646,501223,500075,3049187,,2025-11-17,32856,78.6,,9550,90,130,mL/min/1.73m2,78.6
509647,501224,500075,3004410,,2026-02-19,32856,8.3,,8554,4,5.6,%,8.3
509648,501224,500075,3004501,,2026-02-19,32856,153,,8840,70,99,mg/dL,153.0
509649,501224,500075,3004249,,2026-02-19,32856,135,,8876,90,130,mmHg,135.0
509650,501224,500075,3012888,,2026-02-19,32856,75,,8876,60,85,mmHg,75.0
509651,501224,500075,3025315,,2026-02-19,32856,84.8,,9529,45,90,kg,84.8
509652,501224,500075,3038553,,2026-02-19,32856,28.7,,9531,18.5,25,kg/m2,28.7
509653,501225,500075,3004410,,2026-05-25,32856,8.1,,8554,4,5.6,%,8.1
509654,501225,500075,3004501,,2026-05-25,32856,142,,8840,70,99,mg/dL,142.0
509655,501225,500075,3004249,,2026-05-25,32856,127,,8876,90,130,mmHg,127.0
509656,501225,500075,3012888,,2026-05-25,32856,75,,8876,60,85,mmHg,75.0
509657,501225,500075,3025315,,2026-05-25,32856,84.5,,9529,45,90,kg,84.5
509658,501225,500075,3038553,,2026-05-25,32856,28.6,,9531,18.5,25,kg/m2,28.6
509659,501226,500075,3004501,,2026-07-21,32856,60,,8840,70,99,mg/dL,60.0
509660,501227,500075,3004410,,2026-08-31,32856,7.9,,8554,4,5.6,%,7.9
509661,501227,500075,3004501,,2026-08-31,32856,169,,8840,70,99,mg/dL,169.0
509662,501227,500075,3004249,,2026-08-31,32856,129,,8876,90,130,mmHg,129.0
509663,501227,500075,3012888,,2026-08-31,32856,69,,8876,60,85,mmHg,69.0
509664,501227,500075,3025315,,2026-08-31,32856,84.7,,9529,45,90,kg,84.7
509665,501227,500075,3038553,,2026-08-31,32856,28.7,,9531,18.5,25,kg/m2,28.7
509666,501228,500076,3036277,,2020-09-26,32856,152.7,,8582,150,185,cm,152.7
509667,501228,500076,3004410,,2020-09-26,32856,6.6,,8554,4,5.6,%,6.6
509668,501228,500076,3004501,,2020-09-26,32856,107,,8840,70,99,mg/dL,107.0
509669,501228,500076,3004249,,2020-09-26,32856,127,,8876,90,130,mmHg,127.0
509670,501228,500076,3012888,,2020-09-26,32856,67,,8876,60,85,mmHg,67.0
509671,501228,500076,3025315,,2020-09-26,32856,56.2,,9529,45,90,kg,56.2
509672,501228,500076,3038553,,2020-09-26,32856,24.1,,9531,18.5,25,kg/m2,24.1
509673,501228,500076,3022192,,2020-09-26,32856,138.7,,8840,0,150,mg/dL,138.7
509674,501228,500076,3007070,,2020-09-26,32856,26.3,,8840,40,60,mg/dL,26.3
509675,501228,500076,3028437,,2020-09-26,32856,65.5,,8840,0,130,mg/dL,65.5
509676,501228,500076,3013721,,2020-09-26,32856,17.5,,8645,0,40,U/L,17.5
509677,501228,500076,3006923,,2020-09-26,32856,0,,8645,0,40,U/L,0
509678,501228,500076,3016723,,2020-09-26,32856,1.19,,8840,0.6,1.2,mg/dL,1.19
509679,501228,500076,3049187,,2020-09-26,32856,74.1,,9550,90,130,mL/min/1.73m2,74.1
509680,501229,500076,3004410,,2020-12-19,32856,6,,8554,4,5.6,%,6.0
509681,501229,500076,3004501,,2020-12-19,32856,98,,8840,70,99,mg/dL,98.0
509682,501229,500076,3004249,,2020-12-19,32856,112,,8876,90,130,mmHg,112.0
509683,501229,500076,3012888,,2020-12-19,32856,79,,8876,60,85,mmHg,79.0
509684,501229,500076,3025315,,2020-12-19,32856,54.6,,9529,45,90,kg,54.6
509685,501229,500076,3038553,,2020-12-19,32856,23.4,,9531,18.5,25,kg/m2,23.4
509686,501230,500076,3004410,,2021-03-18,32856,6.2,,8554,4,5.6,%,6.2
509687,501230,500076,3004501,,2021-03-18,32856,123,,8840,70,99,mg/dL,123.0
509688,501230,500076,3004249,,2021-03-18,32856,116,,8876,90,130,mmHg,116.0
509689,501230,500076,3012888,,2021-03-18,32856,76,,8876,60,85,mmHg,76.0
509690,501230,500076,3025315,,2021-03-18,32856,54.9,,9529,45,90,kg,54.9
509691,501230,500076,3038553,,2021-03-18,32856,23.5,,9531,18.5,25,kg/m2,23.5
509692,501231,500076,3004410,,2021-06-19,32856,6.1,,8554,4,5.6,%,6.1
509693,501231,500076,3004501,,2021-06-19,32856,107,,8840,70,99,mg/dL,107.0
509694,501231,500076,3004249,,2021-06-19,32856,113,,8876,90,130,mmHg,113.0
509695,501231,500076,3012888,,2021-06-19,32856,89,,8876,60,85,mmHg,89.0
509696,501231,500076,3025315,,2021-06-19,32856,55.7,,9529,45,90,kg,55.7
509697,501231,500076,3038553,,2021-06-19,32856,23.9,,9531,18.5,25,kg/m2,23.9
509698,501232,500076,3004410,,2021-09-12,32856,5.8,,8554,4,5.6,%,5.8
509699,501232,500076,3004501,,2021-09-12,32856,83,,8840,70,99,mg/dL,83.0
509700,501232,500076,3004249,,2021-09-12,32856,136,,8876,90,130,mmHg,136.0
509701,501232,500076,3012888,,2021-09-12,32856,60,,8876,60,85,mmHg,60.0
509702,501232,500076,3025315,,2021-09-12,32856,54.1,,9529,45,90,kg,54.1
509703,501232,500076,3038553,,2021-09-12,32856,23.2,,9531,18.5,25,kg/m2,23.2
509704,501232,500076,3022192,,2021-09-12,32856,189.1,,8840,0,150,mg/dL,189.1
509705,501232,500076,3007070,,2021-09-12,32856,24.9,,8840,40,60,mg/dL,24.9
509706,501232,500076,3028437,,2021-09-12,32856,103.1,,8840,0,130,mg/dL,103.1
509707,501232,500076,3013721,,2021-09-12,32856,54.4,,8645,0,40,U/L,54.4
509708,501232,500076,3006923,,2021-09-12,32856,35.5,,8645,0,40,U/L,35.5
509709,501232,500076,3016723,,2021-09-12,32856,0.8,,8840,0.6,1.2,mg/dL,0.8
509710,501232,500076,3049187,,2021-09-12,32856,62.3,,9550,90,130,mL/min/1.73m2,62.3
509711,501233,500076,3004410,,2021-12-17,32856,5.9,,8554,4,5.6,%,5.9
509712,501233,500076,3004501,,2021-12-17,32856,118,,8840,70,99,mg/dL,118.0
509713,501233,500076,3004249,,2021-12-17,32856,136,,8876,90,130,mmHg,136.0
509714,501233,500076,3012888,,2021-12-17,32856,73,,8876,60,85,mmHg,73.0
509715,501233,500076,3025315,,2021-12-17,32856,52.8,,9529,45,90,kg,52.8
509716,501233,500076,3038553,,2021-12-17,32856,22.6,,9531,18.5,25,kg/m2,22.6
509717,501234,500076,3004410,,2022-03-21,32856,5.5,,8554,4,5.6,%,5.5
509718,501234,500076,3004501,,2022-03-21,32856,76,,8840,70,99,mg/dL,76.0
509719,501234,500076,3004249,,2022-03-21,32856,125,,8876,90,130,mmHg,125.0
509720,501234,500076,3012888,,2022-03-21,32856,77,,8876,60,85,mmHg,77.0
509721,501234,500076,3025315,,2022-03-21,32856,54.9,,9529,45,90,kg,54.9
509722,501234,500076,3038553,,2022-03-21,32856,23.5,,9531,18.5,25,kg/m2,23.5
509723,501235,500076,3004410,,2022-06-15,32856,5.2,,8554,4,5.6,%,5.2
509724,501235,500076,3004501,,2022-06-15,32856,84,,8840,70,99,mg/dL,84.0
509725,501235,500076,3004249,,2022-06-15,32856,114,,8876,90,130,mmHg,114.0
509726,501235,500076,3012888,,2022-06-15,32856,70,,8876,60,85,mmHg,70.0
509727,501235,500076,3025315,,2022-06-15,32856,55.4,,9529,45,90,kg,55.4
509728,501235,500076,3038553,,2022-06-15,32856,23.8,,9531,18.5,25,kg/m2,23.8
509729,501236,500076,3004410,,2022-09-08,32856,5.6,,8554,4,5.6,%,5.6
509730,501236,500076,3004501,,2022-09-08,32856,127,,8840,70,99,mg/dL,127.0
509731,501236,500076,3004249,,2022-09-08,32856,121,,8876,90,130,mmHg,121.0
509732,501236,500076,3012888,,2022-09-08,32856,72,,8876,60,85,mmHg,72.0
509733,501236,500076,3025315,,2022-09-08,32856,54.1,,9529,45,90,kg,54.1
509734,501236,500076,3038553,,2022-09-08,32856,23.2,,9531,18.5,25,kg/m2,23.2
509735,501236,500076,3022192,,2022-09-08,32856,231.6,,8840,0,150,mg/dL,231.6
509736,501236,500076,3007070,,2022-09-08,32856,60,,8840,40,60,mg/dL,60.0
509737,501236,500076,3028437,,2022-09-08,32856,165.5,,8840,0,130,mg/dL,165.5
509738,501236,500076,3013721,,2022-09-08,32856,49.3,,8645,0,40,U/L,49.3
509739,501236,500076,3006923,,2022-09-08,32856,65.6,,8645,0,40,U/L,65.6
509740,501236,500076,3016723,,2022-09-08,32856,0.69,,8840,0.6,1.2,mg/dL,0.69
509741,501236,500076,3049187,,2022-09-08,32856,54.9,,9550,90,130,mL/min/1.73m2,54.9
509742,501237,500076,3004410,,2022-12-05,32856,5.8,,8554,4,5.6,%,5.8
509743,501237,500076,3004501,,2022-12-05,32856,99,,8840,70,99,mg/dL,99.0
509744,501237,500076,3004249,,2022-12-05,32856,122,,8876,90,130,mmHg,122.0
509745,501237,500076,3012888,,2022-12-05,32856,75,,8876,60,85,mmHg,75.0
509746,501237,500076,3025315,,2022-12-05,32856,53.6,,9529,45,90,kg,53.6
509747,501237,500076,3038553,,2022-12-05,32856,23,,9531,18.5,25,kg/m2,23.0
509748,501238,500076,3004410,,2023-03-09,32856,5.9,,8554,4,5.6,%,5.9
509749,501238,500076,3004501,,2023-03-09,32856,95,,8840,70,99,mg/dL,95.0
509750,501238,500076,3004249,,2023-03-09,32856,118,,8876,90,130,mmHg,118.0
509751,501238,500076,3012888,,2023-03-09,32856,78,,8876,60,85,mmHg,78.0
509752,501238,500076,3025315,,2023-03-09,32856,53.9,,9529,45,90,kg,53.9
509753,501238,500076,3038553,,2023-03-09,32856,23.1,,9531,18.5,25,kg/m2,23.1
509754,501239,500076,3004410,,2023-06-07,32856,6.2,,8554,4,5.6,%,6.2
509755,501239,500076,3004501,,2023-06-07,32856,129,,8840,70,99,mg/dL,129.0
509756,501239,500076,3004249,,2023-06-07,32856,137,,8876,90,130,mmHg,137.0
509757,501239,500076,3012888,,2023-06-07,32856,79,,8876,60,85,mmHg,79.0
509758,501239,500076,3025315,,2023-06-07,32856,54.6,,9529,45,90,kg,54.6
509759,501239,500076,3038553,,2023-06-07,32856,23.4,,9531,18.5,25,kg/m2,23.4
509760,501240,500076,3004410,,2023-09-02,32856,6.4,,8554,4,5.6,%,6.4
509761,501240,500076,3004501,,2023-09-02,32856,108,,8840,70,99,mg/dL,108.0
509762,501240,500076,3004249,,2023-09-02,32856,140,,8876,90,130,mmHg,140.0
509763,501240,500076,3012888,,2023-09-02,32856,74,,8876,60,85,mmHg,74.0
509764,501240,500076,3025315,,2023-09-02,32856,53.8,,9529,45,90,kg,53.8
509765,501240,500076,3038553,,2023-09-02,32856,23.1,,9531,18.5,25,kg/m2,23.1
509766,501240,500076,3022192,,2023-09-02,32856,180.9,,8840,0,150,mg/dL,180.9
509767,501240,500076,3007070,,2023-09-02,32856,38.7,,8840,40,60,mg/dL,38.7
509768,501240,500076,3028437,,2023-09-02,32856,103.6,,8840,0,130,mg/dL,103.6
509769,501240,500076,3013721,,2023-09-02,32856,26,,8645,0,40,U/L,26.0
509770,501240,500076,3006923,,2023-09-02,32856,47.2,,8645,0,40,U/L,47.2
509771,501240,500076,3016723,,2023-09-02,32856,0.87,,8840,0.6,1.2,mg/dL,0.87
509772,501240,500076,3049187,,2023-09-02,32856,77.2,,9550,90,130,mL/min/1.73m2,77.2
509773,501241,500076,3004410,,2023-11-29,32856,6,,8554,4,5.6,%,6.0
509774,501241,500076,3004501,,2023-11-29,32856,107,,8840,70,99,mg/dL,107.0
509775,501241,500076,3004249,,2023-11-29,32856,104,,8876,90,130,mmHg,104.0
509776,501241,500076,3012888,,2023-11-29,32856,85,,8876,60,85,mmHg,85.0
509777,501241,500076,3025315,,2023-11-29,32856,54,,9529,45,90,kg,54.0
509778,501241,500076,3038553,,2023-11-29,32856,23.2,,9531,18.5,25,kg/m2,23.2
509779,501242,500076,3004410,,2024-02-22,32856,5.7,,8554,4,5.6,%,5.7
509780,501242,500076,3004501,,2024-02-22,32856,73,,8840,70,99,mg/dL,73.0
509781,501242,500076,3004249,,2024-02-22,32856,125,,8876,90,130,mmHg,125.0
509782,501242,500076,3012888,,2024-02-22,32856,80,,8876,60,85,mmHg,80.0
509783,501242,500076,3025315,,2024-02-22,32856,53.6,,9529,45,90,kg,53.6
509784,501242,500076,3038553,,2024-02-22,32856,23,,9531,18.5,25,kg/m2,23.0
509785,501243,500076,3004410,,2024-05-27,32856,6,,8554,4,5.6,%,6.0
509786,501243,500076,3004501,,2024-05-27,32856,102,,8840,70,99,mg/dL,102.0
509787,501243,500076,3004249,,2024-05-27,32856,129,,8876,90,130,mmHg,129.0
509788,501243,500076,3012888,,2024-05-27,32856,78,,8876,60,85,mmHg,78.0
509789,501243,500076,3025315,,2024-05-27,32856,53.6,,9529,45,90,kg,53.6
509790,501243,500076,3038553,,2024-05-27,32856,23,,9531,18.5,25,kg/m2,23.0
509791,501244,500076,3004410,,2024-08-31,32856,5.9,,8554,4,5.6,%,5.9
509792,501244,500076,3004501,,2024-08-31,32856,95,,8840,70,99,mg/dL,95.0
509793,501244,500076,3004249,,2024-08-31,32856,130,,8876,90,130,mmHg,130.0
509794,501244,500076,3012888,,2024-08-31,32856,68,,8876,60,85,mmHg,68.0
509795,501244,500076,3025315,,2024-08-31,32856,54,,9529,45,90,kg,54.0
509796,501244,500076,3038553,,2024-08-31,32856,23.2,,9531,18.5,25,kg/m2,23.2
509797,501244,500076,3022192,,2024-08-31,32856,187.1,,8840,0,150,mg/dL,187.1
509798,501244,500076,3007070,,2024-08-31,32856,41.3,,8840,40,60,mg/dL,41.3
509799,501244,500076,3028437,,2024-08-31,32856,160.7,,8840,0,130,mg/dL,160.7
509800,501244,500076,3013721,,2024-08-31,32856,30.6,,8645,0,40,U/L,30.6
509801,501244,500076,3006923,,2024-08-31,32856,35.5,,8645,0,40,U/L,35.5
509802,501244,500076,3016723,,2024-08-31,32856,1.09,,8840,0.6,1.2,mg/dL,1.09
509803,501244,500076,3049187,,2024-08-31,32856,60.6,,9550,90,130,mL/min/1.73m2,60.6
509804,501245,500076,3004410,,2024-11-30,32856,5.8,,8554,4,5.6,%,5.8
509805,501245,500076,3004501,,2024-11-30,32856,125,,8840,70,99,mg/dL,125.0
509806,501245,500076,3004249,,2024-11-30,32856,115,,8876,90,130,mmHg,115.0
509807,501245,500076,3012888,,2024-11-30,32856,88,,8876,60,85,mmHg,88.0
509808,501245,500076,3025315,,2024-11-30,32856,54.6,,9529,45,90,kg,54.6
509809,501245,500076,3038553,,2024-11-30,32856,23.4,,9531,18.5,25,kg/m2,23.4
509810,501246,500076,3004410,,2025-02-24,32856,6.1,,8554,4,5.6,%,6.1
509811,501246,500076,3004501,,2025-02-24,32856,102,,8840,70,99,mg/dL,102.0
509812,501246,500076,3004249,,2025-02-24,32856,138,,8876,90,130,mmHg,138.0
509813,501246,500076,3012888,,2025-02-24,32856,70,,8876,60,85,mmHg,70.0
509814,501246,500076,3025315,,2025-02-24,32856,54.3,,9529,45,90,kg,54.3
509815,501246,500076,3038553,,2025-02-24,32856,23.3,,9531,18.5,25,kg/m2,23.3
509816,501247,500076,3004410,,2025-05-30,32856,6.2,,8554,4,5.6,%,6.2
509817,501247,500076,3004501,,2025-05-30,32856,105,,8840,70,99,mg/dL,105.0
509818,501247,500076,3004249,,2025-05-30,32856,141,,8876,90,130,mmHg,141.0
509819,501247,500076,3012888,,2025-05-30,32856,73,,8876,60,85,mmHg,73.0
509820,501247,500076,3025315,,2025-05-30,32856,54.9,,9529,45,90,kg,54.9
509821,501247,500076,3038553,,2025-05-30,32856,23.5,,9531,18.5,25,kg/m2,23.5
509822,501248,500076,3004410,,2025-08-29,32856,6.7,,8554,4,5.6,%,6.7
509823,501248,500076,3004501,,2025-08-29,32856,104,,8840,70,99,mg/dL,104.0
509824,501248,500076,3004249,,2025-08-29,32856,118,,8876,90,130,mmHg,118.0
509825,501248,500076,3012888,,2025-08-29,32856,84,,8876,60,85,mmHg,84.0
509826,501248,500076,3025315,,2025-08-29,32856,54.4,,9529,45,90,kg,54.4
509827,501248,500076,3038553,,2025-08-29,32856,23.3,,9531,18.5,25,kg/m2,23.3
509828,501248,500076,3022192,,2025-08-29,32856,159.3,,8840,0,150,mg/dL,159.3
509829,501248,500076,3007070,,2025-08-29,32856,53,,8840,40,60,mg/dL,53.0
509830,501248,500076,3028437,,2025-08-29,32856,97.9,,8840,0,130,mg/dL,97.9
509831,501248,500076,3013721,,2025-08-29,32856,20.9,,8645,0,40,U/L,20.9
509832,501248,500076,3006923,,2025-08-29,32856,53.2,,8645,0,40,U/L,53.2
509833,501248,500076,3016723,,2025-08-29,32856,1.12,,8840,0.6,1.2,mg/dL,1.12
509834,501248,500076,3049187,,2025-08-29,32856,103.1,,9550,90,130,mL/min/1.73m2,103.1
509835,501249,500076,3004410,,2025-11-27,32856,6.5,,8554,4,5.6,%,6.5
509836,501249,500076,3004501,,2025-11-27,32856,122,,8840,70,99,mg/dL,122.0
509837,501249,500076,3004249,,2025-11-27,32856,127,,8876,90,130,mmHg,127.0
509838,501249,500076,3012888,,2025-11-27,32856,78,,8876,60,85,mmHg,78.0
509839,501249,500076,3025315,,2025-11-27,32856,53.5,,9529,45,90,kg,53.5
509840,501249,500076,3038553,,2025-11-27,32856,22.9,,9531,18.5,25,kg/m2,22.9
509841,501250,500077,3036277,,2018-07-10,32856,151.1,,8582,150,185,cm,151.1
509842,501250,500077,3004410,,2018-07-10,32856,7.3,,8554,4,5.6,%,7.3
509843,501250,500077,3004501,,2018-07-10,32856,162,,8840,70,99,mg/dL,162.0
509844,501250,500077,3004249,,2018-07-10,32856,132,,8876,90,130,mmHg,132.0
509845,501250,500077,3012888,,2018-07-10,32856,88,,8876,60,85,mmHg,88.0
509846,501250,500077,3025315,,2018-07-10,32856,64.6,,9529,45,90,kg,64.6
509847,501250,500077,3038553,,2018-07-10,32856,28.3,,9531,18.5,25,kg/m2,28.3
509848,501250,500077,3022192,,2018-07-10,32856,75.7,,8840,0,150,mg/dL,75.7
509849,501250,500077,3007070,,2018-07-10,32856,69.8,,8840,40,60,mg/dL,69.8
509850,501250,500077,3028437,,2018-07-10,32856,140.2,,8840,0,130,mg/dL,140.2
509851,501250,500077,3013721,,2018-07-10,32856,44.6,,8645,0,40,U/L,44.6
509852,501250,500077,3006923,,2018-07-10,32856,42.1,,8645,0,40,U/L,42.1
509853,501250,500077,3016723,,2018-07-10,32856,0.89,,8840,0.6,1.2,mg/dL,0.89
509854,501250,500077,3049187,,2018-07-10,32856,61.8,,9550,90,130,mL/min/1.73m2,61.8
509855,501251,500077,3004410,,2018-10-05,32856,7,,8554,4,5.6,%,7.0
509856,501251,500077,3004501,,2018-10-05,32856,135,,8840,70,99,mg/dL,135.0
509857,501251,500077,3004249,,2018-10-05,32856,140,,8876,90,130,mmHg,140.0
509858,501251,500077,3012888,,2018-10-05,32856,86,,8876,60,85,mmHg,86.0
509859,501251,500077,3025315,,2018-10-05,32856,62.9,,9529,45,90,kg,62.9
509860,501251,500077,3038553,,2018-10-05,32856,27.6,,9531,18.5,25,kg/m2,27.6
509861,501252,500077,3004410,,2019-01-11,32856,6.5,,8554,4,5.6,%,6.5
509862,501252,500077,3004501,,2019-01-11,32856,107,,8840,70,99,mg/dL,107.0
509863,501252,500077,3004249,,2019-01-11,32856,141,,8876,90,130,mmHg,141.0
509864,501252,500077,3012888,,2019-01-11,32856,88,,8876,60,85,mmHg,88.0
509865,501252,500077,3025315,,2019-01-11,32856,62.1,,9529,45,90,kg,62.1
509866,501252,500077,3038553,,2019-01-11,32856,27.2,,9531,18.5,25,kg/m2,27.2
509867,501253,500077,3004410,,2019-04-19,32856,6.4,,8554,4,5.6,%,6.4
509868,501253,500077,3004501,,2019-04-19,32856,150,,8840,70,99,mg/dL,150.0
509869,501253,500077,3004249,,2019-04-19,32856,133,,8876,90,130,mmHg,133.0
509870,501253,500077,3012888,,2019-04-19,32856,91,,8876,60,85,mmHg,91.0
509871,501253,500077,3025315,,2019-04-19,32856,61.7,,9529,45,90,kg,61.7
509872,501253,500077,3038553,,2019-04-19,,27,,9531,18.5,25,kg/m2,27.0
509873,501254,500077,3004410,,2019-07-23,32856,6.3,,8554,4,5.6,%,6.3
509874,501254,500077,3004501,,2019-07-23,32856,120,,8840,70,99,mg/dL,120.0
509875,501254,500077,3004249,,2019-07-23,32856,148,,8876,90,130,mmHg,148.0
509876,501254,500077,3012888,,2019-07-23,32856,85,,8876,60,85,mmHg,85.0
509877,501254,500077,3025315,,2019-07-23,32856,60.3,,9529,45,90,kg,60.3
509878,501254,500077,3038553,,2019-07-23,32856,26.4,,9531,18.5,25,kg/m2,26.4
509879,501254,500077,3022192,,2019-07-23,32856,14.9,,8840,0,150,mg/dL,14.9
509880,501254,500077,3007070,,2019-07-23,32856,68.8,,8840,40,60,mg/dL,68.8
509881,501254,500077,3028437,,2019-07-23,32856,113.7,,8840,0,130,mg/dL,113.7
509882,501254,500077,3013721,,2019-07-23,32856,0.9,,8645,0,40,U/L,0.9
509883,501254,500077,3006923,,2019-07-23,32856,30.2,,8645,0,40,U/L,30.2
509884,501254,500077,3016723,,2019-07-23,32856,0.66,,8840,0.6,1.2,mg/dL,0.66
509885,501254,500077,3049187,,2019-07-23,32856,106.1,,9550,90,130,mL/min/1.73m2,106.1
509886,501255,500077,3004410,,2019-10-21,32856,6.3,,8554,4,5.6,%,6.3
509887,501255,500077,3004501,,2019-10-21,32856,111,,8840,70,99,mg/dL,111.0
509888,501255,500077,3004249,,2019-10-21,32856,129,,8876,90,130,mmHg,129.0
509889,501255,500077,3012888,,2019-10-21,32856,92,,8876,60,85,mmHg,92.0
509890,501255,500077,3025315,,2019-10-21,32856,61.5,,9529,45,90,kg,61.5
509891,501255,500077,3038553,,2019-10-21,32856,26.9,,9531,18.5,25,kg/m2,26.9
509892,501256,500077,3004410,,2020-01-27,32856,6.7,,8554,4,5.6,%,6.7
509893,501256,500077,3004501,,2020-01-27,32856,114,,8840,70,99,mg/dL,114.0
509894,501256,500077,3004249,,2020-01-27,32856,133,,8876,90,130,mmHg,133.0
509895,501256,500077,3012888,,2020-01-27,32856,88,,8876,60,85,mmHg,88.0
509896,501256,500077,3025315,,2020-01-27,32856,61.8,,9529,45,90,kg,61.8
509897,501256,500077,3038553,,2020-01-27,32856,27.1,,9531,18.5,25,kg/m2,27.1
509898,501257,500077,3004410,,2020-04-29,32856,6.6,,8554,4,5.6,%,6.6
509899,NOT_A_NUMBER,500077,3004501,,2020-04-29,32856,153,,8840,70,99,mg/dL,153.0
509900,501257,500077,3004249,,2020-04-29,32856,116,,8876,90,130,mmHg,116.0
509901,501257,500077,3012888,,2020-04-29,32856,99,,8876,60,85,mmHg,99.0
509902,501257,500077,3025315,,2020-04-29,32856,60.9,,9529,45,90,kg,60.9
509903,501257,500077,3038553,,2020-04-29,32856,26.7,,9531,18.5,25,kg/m2,26.7
509904,501258,500077,3004410,,2020-07-23,32856,6.2,,8554,4,5.6,%,6.2
509905,501258,500077,3004501,,2020-07-23,32856,136,,8840,70,99,mg/dL,136.0
509906,501258,500077,3004249,,2020-07-23,32856,140,,8876,90,130,mmHg,140.0
509907,501258,500077,3012888,,2020-07-23,32856,86,,8876,60,85,mmHg,86.0
509908,501258,500077,3025315,,2020-07-23,32856,59.6,,9529,45,90,kg,59.6
509909,501258,500077,3038553,,2020-07-23,32856,26.1,,9531,18.5,25,kg/m2,26.1
509910,501258,500077,3022192,,2020-07-23,32856,146.4,,8840,0,150,mg/dL,146.4
509911,501258,500077,3007070,,2020-07-23,32856,8.7,,8840,40,60,mg/dL,8.7
509912,501258,500077,3028437,,2020-07-23,32856,43.7,,8840,0,130,mg/dL,43.7
509913,501258,500077,3013721,,2020-07-23,32856,51.1,,8645,0,40,U/L,51.1
509914,501258,500077,3006923,,2020-07-23,32856,63.6,,8645,0,40,U/L,63.6
509915,501258,500077,3016723,,2020-07-23,32856,1.19,,8840,0.6,1.2,mg/dL,1.19
509916,501258,500077,3049187,,2020-07-23,32856,85.5,,9550,90,130,mL/min/1.73m2,85.5
509917,501259,500077,3004410,,2020-10-25,32856,5.8,,8554,4,5.6,%,5.8
509918,501259,500077,3004501,,2020-10-25,32856,113,,8840,70,99,mg/dL,113.0
509919,501259,500077,3004249,,2020-10-25,32856,137,,8876,90,130,mmHg,137.0
509920,501259,500077,3012888,,2020-10-25,32856,81,,8876,60,85,mmHg,81.0
509921,501259,500077,3025315,,2020-10-25,32856,60.7,,9529,45,90,kg,60.7
509922,501259,500077,3038553,,2020-10-25,32856,26.6,,9531,18.5,25,kg/m2,26.6
509923,501260,500077,3004410,,2021-01-18,32856,6.5,,8554,4,5.6,%,6.5
509924,501260,500077,3004501,,2021-01-18,32856,119,,8840,70,99,mg/dL,119.0
509925,501260,500077,3004249,,2021-01-18,32856,149,,8876,90,130,mmHg,149.0
509926,501260,500077,3012888,,2021-01-18,32856,91,,8876,60,85,mmHg,91.0
509927,501260,500077,3025315,,2021-01-18,32856,59.8,,9529,45,90,kg,59.8
509928,501260,500077,3038553,,2021-01-18,32856,26.2,,9531,18.5,25,kg/m2,26.2
509929,501261,500077,3004410,,2021-04-16,32856,6.7,,8554,4,5.6,%,6.7
509930,501261,500077,3004501,,2021-04-16,32856,132,,8840,70,99,mg/dL,132.0
509931,501261,500077,3004249,,2021-04-16,32856,132,,8876,90,130,mmHg,132.0
509932,501261,500077,3012888,,2021-04-16,32856,81,,8876,60,85,mmHg,81.0
509933,501261,500077,3025315,,2021-04-16,32856,59.7,,9529,45,90,kg,59.7
509934,501261,500077,3038553,,2021-04-16,32856,26.1,,9531,18.5,25,kg/m2,26.1
509935,501262,500077,3004410,,2021-07-18,32856,6.5,,8554,4,5.6,%,6.5
509936,501262,500077,3004501,,2021-07-18,32856,132,,8840,70,99,mg/dL,132.0
509937,501262,500077,3004249,,2021-07-18,32856,153,,8876,90,130,mmHg,153.0
509938,501262,500077,3012888,,2021-07-18,32856,86,,8876,60,85,mmHg,86.0
509939,501262,500077,3025315,,2021-07-18,32856,60.5,,9529,45,90,kg,60.5
509940,501262,500077,3038553,,2021-07-18,32856,26.5,,9531,18.5,25,kg/m2,26.5
509941,501262,500077,3022192,,2021-07-18,32856,142.5,,8840,0,150,mg/dL,142.5
509942,501262,500077,3007070,,2021-07-18,32856,58.3,,8840,40,60,mg/dL,58.3
509943,501262,500077,3028437,,2021-07-18,32856,70.8,,8840,0,130,mg/dL,70.8
509944,501262,500077,3013721,,2021-07-18,32856,46.2,,8645,0,40,U/L,46.2
509945,501262,500077,3006923,,2021-07-18,32856,31.8,,8645,0,40,U/L,31.8
509946,501262,500077,3016723,,2021-07-18,32856,1.07,,8840,0.6,1.2,mg/dL,1.07
509947,501262,500077,3049187,,2021-07-18,32856,85.3,,9550,90,130,mL/min/1.73m2,85.3
509948,501263,500077,3004410,,2021-10-15,32856,6.5,,8554,4,5.6,%,6.5
509949,501263,500077,3004501,,2021-10-15,32856,120,,8840,70,99,mg/dL,120.0
509950,501263,500077,3004249,,2021-10-15,32856,148,,8876,90,130,mmHg,148.0
509951,501263,500077,3012888,,2021-10-15,32856,87,,8876,60,85,mmHg,87.0
509952,501263,500077,3025315,,2021-10-15,32856,60.5,,9529,45,90,kg,60.5
509953,501263,500077,3038553,,2021-10-15,32856,26.5,,9531,18.5,25,kg/m2,26.5
509954,501264,500077,3004410,,2022-01-12,32856,7,,8554,4,5.6,%,7.0
509955,501264,500077,3004501,,2022-01-12,32856,166,,8840,70,99,mg/dL,166.0
509956,501264,500077,3004249,,2022-01-12,32856,149,,8876,90,130,mmHg,149.0
509957,501264,500077,3012888,,2022-01-12,32856,77,,8876,60,85,mmHg,77.0
509958,501264,500077,3025315,,2022-01-12,32856,61.1,,9529,45,90,kg,61.1
509959,501264,500077,3038553,,2022-01-12,32856,26.8,,9531,18.5,25,kg/m2,26.8
509960,501265,500077,3004410,,2022-04-20,32856,6.7,,8554,4,5.6,%,6.7
509961,501265,500077,3004501,,2022-04-20,32856,115,,8840,70,99,mg/dL,115.0
509962,501265,500077,3004249,,2022-04-20,32856,110,,8876,90,130,mmHg,110.0
509963,501265,500077,3012888,,2022-04-20,32856,80,,8876,60,85,mmHg,80.0
509964,501265,500077,3025315,,2022-04-20,32856,61.2,,9529,45,90,kg,61.2
509965,501265,500077,3038553,,2022-04-20,32856,26.8,,9531,18.5,25,kg/m2,26.8
509966,501266,500077,3004410,,2022-07-26,32856,6.7,,8554,4,5.6,%,6.7
509967,501266,500077,3004501,,2022-07-26,32856,112,,8840,70,99,mg/dL,112.0
509968,501266,500077,3004249,,2022-07-26,32856,130,,8876,90,130,mmHg,130.0
509969,501266,500077,3012888,,2022-07-26,32856,88,,8876,60,85,mmHg,88.0
509970,501266,500077,3025315,,2022-07-26,32856,61.2,,9529,45,90,kg,61.2
509971,501266,500077,3038553,,2022-07-26,32856,26.8,,9531,18.5,25,kg/m2,26.8
509972,501266,500077,3022192,,2022-07-26,32856,278.5,,8840,0,150,mg/dL,278.5
509973,501266,500077,3007070,,2022-07-26,32856,34,,8840,40,60,mg/dL,34.0
509974,501266,500077,3028437,,2022-07-26,32856,89,,8840,0,130,mg/dL,89.0
509975,501266,500077,3013721,,2022-07-26,32856,66.6,,8645,0,40,U/L,66.6
509976,501266,500077,3006923,,2022-07-26,32856,84.8,,8645,0,40,U/L,84.8
509977,501266,500077,3016723,,2022-07-26,32856,1.04,,8840,0.6,1.2,mg/dL,1.04
509978,501266,500077,3049187,,2022-07-26,32856,73.8,,9550,90,130,mL/min/1.73m2,73.8
509979,501267,500077,3004410,,2022-10-25,32856,7.5,,8554,4,5.6,%,7.5
509980,501267,500077,3004501,,2022-10-25,32856,123,,8840,70,99,mg/dL,123.0
509981,501267,500077,3004249,,2022-10-25,32856,125,,8876,90,130,mmHg,125.0
509982,501267,500077,3012888,,2022-10-25,32856,79,,8876,60,85,mmHg,79.0
509983,501267,500077,3025315,,2022-10-25,32856,61.8,,9529,45,90,kg,61.8
509984,501267,500077,3038553,,2022-10-25,32856,27.1,,9531,18.5,25,kg/m2,27.1
509985,501268,500077,3004410,,2023-01-28,32856,7.3,,8554,4,5.6,%,7.3
509986,501268,500077,3004501,,2023-01-28,32856,128,,8840,70,99,mg/dL,128.0
509987,501268,500077,3004249,,2023-01-28,32856,110,,8876,90,130,mmHg,110.0
509988,501268,500077,3012888,,2023-01-28,32856,84,,8876,60,85,mmHg,84.0
509989,501268,500077,3025315,,2023-01-28,32856,60.8,,9529,45,90,kg,60.8
509990,501268,500077,3038553,,2023-01-28,32856,26.6,,9531,18.5,25,kg/m2,26.6
509991,501269,500078,3036277,,2020-09-21,32856,172.9,,8582,150,185,cm,172.9
509992,501269,500078,3004410,,2020-09-21,32856,9.1,,8554,4,5.6,%,9.1
509993,501269,500078,3004501,,2020-09-21,32856,164,,8840,70,99,mg/dL,164.0
509994,501269,500078,3004249,,2020-09-21,32856,123,,8876,90,130,mmHg,123.0
509995,501269,500078,3012888,,2020-09-21,32856,95,,8876,60,85,mmHg,95.0
509996,501269,500078,3025315,,2020-09-21,32856,84.3,,9529,45,90,kg,84.3
509997,501269,500078,3038553,,2020-09-21,32856,28.2,,9531,18.5,25,kg/m2,28.2
509998,501269,500078,3022192,,2020-09-21,32856,10,,8840,0,150,mg/dL,10
509999,501269,500078,3007070,,2020-09-21,32856,35.9,,8840,40,60,mg/dL,35.9
510000,501269,500078,3028437,,2020-09-21,32856,52.9,,8840,0,130,mg/dL,52.9
510001,501269,500078,3013721,,2020-09-21,32856,30.6,,8645,0,40,U/L,30.6
510002,501269,500078,3006923,,2020-09-21,32856,11,,8645,0,40,U/L,11.0
510003,501269,500078,3016723,,2020-09-21,32856,0.55,,8840,0.6,1.2,mg/dL,0.55
510004,501269,500078,3049187,,2020-09-21,32856,94,,9550,90,130,mL/min/1.73m2,94.0
510005,501270,500078,3004410,,2020-12-16,32856,9.2,,8554,4,5.6,%,9.2
510006,501270,500078,3004501,,2020-12-16,32856,191,,8840,70,99,mg/dL,191.0
510007,501270,500078,3004249,,2020-12-16,32856,135,,8876,90,130,mmHg,135.0
510008,501270,500078,3012888,,2020-12-16,32856,98,,8876,60,85,mmHg,98.0
510009,501270,500078,3025315,,2020-12-16,32856,83.2,,9529,45,90,kg,83.2
510010,501270,500078,3038553,,2020-12-16,32856,27.8,,9531,18.5,25,kg/m2,27.8
510011,501271,500078,3004410,,2021-03-14,32856,8.6,,8554,4,5.6,%,8.6
510012,501271,500078,3004501,,2021-03-14,32856,163,,8840,70,99,mg/dL,163.0
510013,501271,500078,3004249,,2021-03-14,32856,134,,8876,90,130,mmHg,134.0
510014,501271,500078,3012888,,2021-03-14,32856,78,,8876,60,85,mmHg,78.0
510015,501271,500078,3025315,,2021-03-14,32856,82.8,,9529,45,90,kg,82.8
510016,501271,500078,3038553,,2021-03-14,32856,27.7,,9531,18.5,25,kg/m2,27.7
510017,501272,500078,3004410,,2021-06-16,32856,7.6,,8554,4,5.6,%,7.6
510018,501272,500078,3004501,,2021-06-16,32856,128,,8840,70,99,mg/dL,128.0
510019,501272,500078,3004249,,2021-06-16,32856,129,,8876,90,130,mmHg,129.0
510020,501272,500078,3012888,,2021-06-16,32856,79,,8876,60,85,mmHg,79.0
510021,501272,500078,3025315,,2021-06-16,32856,82.9,,9529,45,90,kg,82.9
510022,501272,500078,3038553,,2021-06-16,32856,27.7,,9531,18.5,25,kg/m2,27.7
510023,501273,500078,3004410,,2021-09-11,32856,7.4,,8554,4,5.6,%,7.4
510024,501273,500078,3004501,,2021-09-11,32856,146,,8840,70,99,mg/dL,146.0
510025,501273,500078,3004249,,2021-09-11,32856,161,,8876,90,130,mmHg,161.0
510026,501273,500078,3012888,,2021-09-11,32856,77,,8876,60,85,mmHg,77.0
510027,501273,500078,3025315,,2021-09-11,32856,84,,9529,45,90,kg,84.0
510028,501273,500078,3038553,,2021-09-11,32856,28.1,,9531,18.5,25,kg/m2,28.1
510029,501273,500078,3022192,,2021-09-11,32856,116,,8840,0,150,mg/dL,116.0
510030,501273,500078,3007070,,2021-09-11,32856,26,,8840,40,60,mg/dL,26.0
510031,501273,500078,3028437,,2021-09-11,32856,113.6,,8840,0,130,mg/dL,113.6
510032,501273,500078,3013721,,2021-09-11,32856,58.5,,8645,0,40,U/L,58.5
510033,501273,500078,3006923,,2021-09-11,32856,41.1,,8645,0,40,U/L,41.1
510034,501273,500078,3016723,,2021-09-11,32856,0.8,,8840,0.6,1.2,mg/dL,0.8
510035,501273,500078,3049187,,2021-09-11,32856,72.5,,9550,90,130,mL/min/1.73m2,72.5
510036,501274,500078,3004410,,2021-12-15,32856,7.1,,8554,4,5.6,%,7.1
510037,501274,500078,3004501,,2021-12-15,32856,127,,8840,70,99,mg/dL,127.0
510038,501274,500078,3004249,,2021-12-15,32856,136,,8876,90,130,mmHg,136.0
510039,501274,500078,3012888,,2021-12-15,32856,87,,8876,60,85,mmHg,87.0
510040,501274,500078,3025315,,2021-12-15,32856,83,,9529,45,90,kg,83.0
510041,501274,500078,3038553,,2021-12-15,32856,27.8,,9531,18.5,25,kg/m2,27.8
510042,501275,500078,3004410,,2022-03-14,32856,7.4,,8554,4,5.6,%,7.4
510043,501275,500078,3004501,,2022-03-14,32856,155,,8840,70,99,mg/dL,155.0
510044,501275,500078,3004249,,2022-03-14,32856,160,,8876,90,130,mmHg,160.0
510045,501275,500078,3012888,,2022-03-14,32856,72,,8876,60,85,mmHg,72.0
510046,501275,500078,3025315,,2022-03-14,32856,83.3,,9529,45,90,kg,83.3
510047,501275,500078,3038553,,2022-03-14,32856,27.9,,9531,18.5,25,kg/m2,27.9
510048,501276,500078,3004501,,2022-05-09,32856,65,,8840,70,99,mg/dL,65.0
510049,501277,500078,3004410,,2022-06-16,32856,7.3,,8554,4,5.6,%,7.3
510050,501277,500078,3004501,,2022-06-16,32856,111,,8840,70,99,mg/dL,111.0
510051,501277,500078,3004249,,2022-06-16,32856,147,,8876,90,130,mmHg,147.0
510052,501277,500078,3012888,,2022-06-16,32856,83,,8876,60,85,mmHg,83.0
510053,501277,500078,3025315,,2022-06-16,32856,80.6,,9529,45,90,kg,80.6
510054,501277,500078,3038553,,2022-06-16,32856,27,,9531,18.5,25,kg/m2,27.0
510055,501278,500078,3004410,,2022-09-17,32856,7.1,,8554,4,5.6,%,7.1
510056,501278,500078,3004501,,2022-09-17,32856,120,,8840,70,99,mg/dL,120.0
510057,501278,500078,3004249,,2022-09-17,32856,117,,8876,90,130,mmHg,117.0
510058,501278,500078,3012888,,2022-09-17,32856,80,,8876,60,85,mmHg,80.0
510059,501278,500078,3025315,,2022-09-17,32856,81.7,,9529,45,90,kg,81.7
510060,501278,500078,3038553,,2022-09-17,32856,27.3,,9531,18.5,25,kg/m2,27.3
510061,501278,500078,3022192,,2022-09-17,32856,66.5,,8840,0,150,mg/dL,66.5
510062,501278,500078,3007070,,2022-09-17,32856,25.6,,8840,40,60,mg/dL,25.6
510063,501278,500078,3028437,,2022-09-17,32856,62.5,,8840,0,130,mg/dL,62.5
510064,501278,500078,3013721,,2022-09-17,32856,35.6,,8645,0,40,U/L,35.6
510065,501278,500078,3006923,,2022-09-17,32856,60.3,,8645,0,40,U/L,60.3
510066,501278,500078,3016723,,2022-09-17,32856,1.49,,8840,0.6,1.2,mg/dL,1.49
510067,501278,500078,3049187,,2022-09-17,32856,95.5,,9550,90,130,mL/min/1.73m2,95.5
510068,501279,500078,3004410,,2022-12-24,32856,7.2,,8554,4,5.6,%,7.2
510069,501279,500078,3004501,,2022-12-24,32856,137,,8840,70,99,mg/dL,137.0
510070,501279,500078,3004249,,2022-12-24,32856,142,,8876,90,130,mmHg,142.0
510071,501279,500078,3012888,,2022-12-24,32856,95,,8876,60,85,mmHg,95.0
510072,501279,500078,3025315,,2022-12-24,32856,82.6,,9529,45,90,kg,82.6
510073,501279,500078,3038553,,2022-12-24,32856,27.6,,9531,18.5,25,kg/m2,27.6
510074,501280,500078,3004501,,2023-02-12,32856,62,,8840,70,99,mg/dL,62.0
510075,501281,500078,3004410,,2023-03-20,32856,7.2,,8554,4,5.6,%,7.2
510076,501281,500078,3004501,,2023-03-20,32856,141,,8840,70,99,mg/dL,141.0
510077,501281,500078,3004249,,2023-03-20,32856,141,,8876,90,130,mmHg,141.0
510078,501281,500078,3012888,,2023-03-20,32856,77,,8876,60,85,mmHg,77.0
510079,501281,500078,3025315,,2023-03-20,32856,81.5,,9529,45,90,kg,81.5
510080,501281,500078,3038553,,2023-03-20,32856,27.3,,9531,18.5,25,kg/m2,27.3
510081,501282,500078,3004410,,2023-06-17,32856,7,,8554,4,5.6,%,7.0
510082,501282,500078,3004501,,2023-06-17,32856,118,,8840,70,99,mg/dL,118.0
510083,501282,500078,3004249,,2023-06-17,32856,146,,8876,90,130,mmHg,146.0
510084,501282,500078,3012888,,2023-06-17,32856,80,,8876,60,85,mmHg,80.0
510085,501282,500078,3025315,,2023-06-17,32856,80.6,,9529,45,90,kg,80.6
510086,501282,500078,3038553,,2023-06-17,32856,27,,9531,18.5,25,kg/m2,27.0
510087,501283,500078,3004410,,2023-09-15,32856,7.2,,8554,4,5.6,%,7.2
510088,501283,500078,3004501,,2023-09-15,32856,131,,8840,70,99,mg/dL,131.0
510089,501283,500078,3004249,,2023-09-15,32856,166,,8876,90,130,mmHg,166.0
510090,501283,500078,3012888,,2023-09-15,32856,79,,8876,60,85,mmHg,79.0
510091,501283,500078,3025315,,2023-09-15,32856,82.1,,9529,45,90,kg,82.1
510092,501283,500078,3038553,,2023-09-15,32856,27.5,,9531,18.5,25,kg/m2,27.5
510093,501283,500078,3022192,,2023-09-15,32856,196.3,,8840,0,150,mg/dL,196.3
510094,501283,500078,3007070,,2023-09-15,32856,58,,8840,40,60,mg/dL,58.0
510095,501283,500078,3028437,,2023-09-15,32856,161.2,,8840,0,130,mg/dL,161.2
510096,501283,500078,3013721,,2023-09-15,32856,27.8,,8645,0,40,U/L,27.8
510097,501283,500078,3006923,,2023-09-15,32856,51.2,,8645,0,40,U/L,51.2
510098,501283,500078,3016723,,2023-09-15,32856,0.81,,8840,0.6,1.2,mg/dL,0.81
510099,501283,500078,3049187,,2023-09-15,32856,115.2,,9550,90,130,mL/min/1.73m2,115.2
510100,501284,500078,3004410,,2023-12-11,32856,6.6,,8554,4,5.6,%,6.6
510101,501284,500078,3004501,,2023-12-11,32856,116,,8840,70,99,mg/dL,116.0
510102,501284,500078,3004249,,2023-12-11,32856,132,,8876,90,130,mmHg,132.0
510103,501284,500078,3012888,,2023-12-11,32856,66,,8876,60,85,mmHg,66.0
510104,501284,500078,3025315,,2023-12-11,32856,81.4,,9529,45,90,kg,81.4
510105,501284,500078,3038553,,2023-12-11,32856,27.2,,9531,18.5,25,kg/m2,27.2
510106,501285,500078,3004410,,2024-03-16,32856,7.2,,8554,4,5.6,%,7.2
510107,501285,500078,3004501,,2024-03-16,32856,131,,8840,70,99,mg/dL,131.0
510108,501285,500078,3004249,,2024-03-16,32856,143,,8876,90,130,mmHg,143.0
510109,501285,500078,3012888,,2024-03-16,32856,91,,8876,60,85,mmHg,91.0
510110,501285,500078,3025315,,2024-03-16,32856,82.2,,9529,45,90,kg,82.2
510111,501285,500078,3038553,,2024-03-16,32856,27.5,,9531,18.5,25,kg/m2,27.5
510112,501286,500078,3004410,,2024-06-21,32856,7,,8554,4,5.6,%,7.0
510113,501286,500078,3004501,,2024-06-21,32856,136,,8840,70,99,mg/dL,136.0
510114,501286,500078,3004249,,2024-06-21,32856,138,,8876,90,130,mmHg,138.0
510115,501286,500078,3012888,,2024-06-21,32856,81,,8876,60,85,mmHg,81.0
510116,501286,500078,3025315,,2024-06-21,32856,80.3,,9529,45,90,kg,80.3
510117,501286,500078,3038553,,2024-06-21,32856,26.9,,9531,18.5,25,kg/m2,26.9
510118,501287,500078,3004410,,2024-09-25,32856,6.9,,8554,4,5.6,%,6.9
510119,501287,500078,3004501,,2024-09-25,32856,122,,8840,70,99,mg/dL,122.0
510120,501287,500078,3004249,,2024-09-25,32856,143,,8876,90,130,mmHg,143.0
510121,501287,500078,3012888,,2024-09-25,32856,90,,8876,60,85,mmHg,90.0
510122,501287,500078,3025315,,2024-09-25,32856,79.9,,9529,45,90,kg,79.9
510123,501287,500078,3038553,,2024-09-25,32856,26.7,,9531,18.5,25,kg/m2,26.7
510124,501287,500078,3022192,,2024-09-25,32856,17.3,,8840,0,150,mg/dL,17.3
510125,501287,500078,3007070,,2024-09-25,32856,47.6,,8840,40,60,mg/dL,47.6
510126,501287,500078,3028437,,2024-09-25,32856,153,,8840,0,130,mg/dL,153.0
510127,501287,500078,3013721,,2024-09-25,32856,43.3,,8645,0,40,U/L,43.3
510128,501287,500078,3006923,,2024-09-25,32856,0,,8645,0,40,U/L,0
510129,501287,500078,3016723,,2024-09-25,32856,1.11,,8840,0.6,1.2,mg/dL,1.11
510130,501287,500078,3049187,,2024-09-25,32856,57.5,,9550,90,130,mL/min/1.73m2,57.5
510131,501288,500078,3004410,,2024-12-22,32856,6.9,,8554,4,5.6,%,6.9
510132,501288,500078,3004501,,2024-12-22,32856,130,,8840,70,99,mg/dL,130.0
510133,501288,500078,3004249,,2024-12-22,32856,133,,8876,90,130,mmHg,133.0
510134,501288,500078,3012888,,2024-12-22,32856,93,,8876,60,85,mmHg,93.0
510135,501288,500078,3025315,,2024-12-22,32856,80,,9529,45,90,kg,80.0
510136,501288,500078,3038553,,2024-12-22,32856,26.8,,9531,18.5,25,kg/m2,26.8
510137,501290,500079,3036277,,2019-04-26,32856,162.3,,8582,150,185,cm,162.3
510138,501290,500079,3004410,,2019-04-26,32856,9.4,,8554,4,5.6,%,9.4
510139,501290,500079,3004501,,2019-04-26,32856,213,,8840,70,99,mg/dL,213.0
510140,501290,500079,3004249,,2019-04-26,32856,114,,8876,90,130,mmHg,114.0
510141,501290,500079,3012888,,2019-04-26,32856,67,,8876,60,85,mmHg,67.0
510142,501290,500079,3025315,,2019-04-26,32856,72.7,,9529,45,90,kg,72.7
510143,501290,500079,3038553,,2019-04-26,32856,27.6,,9531,18.5,25,kg/m2,27.6
510144,501290,500079,3022192,,2019-04-26,32856,16.9,,8840,0,150,mg/dL,16.9
510145,501290,500079,3007070,,2019-04-26,32856,40.3,,8840,40,60,mg/dL,40.3
510146,501290,500079,3028437,,2019-04-26,32856,114.5,,8840,0,130,mg/dL,114.5
510147,501290,500079,3013721,,2019-04-26,32856,31.1,,8645,0,40,U/L,31.1
510148,501290,500079,3006923,,2019-04-26,32856,12.2,,8645,0,40,U/L,12.2
510149,501290,500079,3016723,,2019-04-26,32856,0.49,,8840,0.6,1.2,mg/dL,0.49
510150,501290,500079,3049187,,2019-04-26,32856,75.1,,9550,90,130,mL/min/1.73m2,75.1
510151,501291,500079,3004410,,2019-07-20,32856,8.7,,8554,4,5.6,%,8.7
510152,501291,500079,3004501,,2019-07-20,32856,158,,8840,70,99,mg/dL,158.0
510153,501291,500079,3004249,,2019-07-20,32856,128,,8876,90,130,mmHg,128.0
510154,501291,500079,3012888,,2019-07-20,32856,77,,8876,60,85,mmHg,77.0
510155,501291,500079,3025315,,2019-07-20,32856,71.6,,9529,45,90,kg,71.6
510156,501291,500079,3038553,,2019-07-20,32856,27.2,,9531,18.5,25,kg/m2,27.2
510157,501292,500079,3004410,,2019-10-26,32856,9,,8554,4,5.6,%,9.0
510158,501292,500079,3004501,,2019-10-26,32856,190,,8840,70,99,mg/dL,190.0
510159,501292,500079,3004249,,2019-10-26,32856,142,,8876,90,130,mmHg,142.0
510160,501292,500079,3012888,,2019-10-26,32856,80,,8876,60,85,mmHg,80.0
510161,501292,500079,3025315,,2019-10-26,32856,71.7,,9529,45,90,kg,71.7
510162,501292,500079,3038553,,2019-10-26,32856,27.2,,9531,18.5,25,kg/m2,27.2
510163,501293,500079,3004410,,2020-01-25,32856,7.7,,8554,4,5.6,%,7.7
510164,501293,500079,3004501,,2020-01-25,32856,136,,8840,70,99,mg/dL,136.0
510165,501293,500079,3004249,,2020-01-25,32856,128,,8876,90,130,mmHg,128.0
510166,501293,500079,3012888,,2020-01-25,32856,67,,8876,60,85,mmHg,67.0
510167,501293,500079,3025315,,2020-01-25,32856,72.9,,9529,45,90,kg,72.9
510168,501293,500079,3038553,,2020-01-25,32856,27.7,,9531,18.5,25,kg/m2,27.7
510169,501294,500079,3004410,,2020-04-23,32856,7.7,,8554,4,5.6,%,7.7
510170,501294,500079,3004501,,2020-04-23,32856,147,,8840,70,99,mg/dL,147.0
510171,501294,500079,3004249,,2020-04-23,32856,121,,8876,90,130,mmHg,121.0
510172,501294,500079,3012888,,2020-04-23,32856,77,,8876,60,85,mmHg,77.0
510173,501294,500079,3025315,,2020-04-23,32856,74.2,,9529,45,90,kg,74.2
510174,501294,500079,3038553,,2020-04-23,32856,28.2,,9531,18.5,25,kg/m2,28.2
510175,501294,500079,3022192,,2020-04-23,32856,212.5,,8840,0,150,mg/dL,212.5
510176,501294,500079,3007070,,2020-04-23,32856,62.5,,8840,40,60,mg/dL,62.5
510177,501294,500079,3028437,,2020-04-23,32856,99.8,,8840,0,130,mg/dL,99.8
510178,501294,500079,3013721,,2020-04-23,32856,14.3,,8645,0,40,U/L,14.3
510179,501294,500079,3006923,,2020-04-23,32856,0,,8645,0,40,U/L,0
510180,501294,500079,3016723,,2020-04-23,32856,1.26,,8840,0.6,1.2,mg/dL,1.26
510181,501294,500079,3049187,,2020-04-23,32856,89.5,,9550,90,130,mL/min/1.73m2,89.5
510182,501295,500079,3004410,,2020-07-23,32856,8.1,,8554,4,5.6,%,8.1
510183,501295,500079,3004501,,2020-07-23,32856,160,,8840,70,99,mg/dL,160.0
510184,501295,500079,3004249,,2020-07-23,32856,130,,8876,90,130,mmHg,130.0
510185,501295,500079,3012888,,2020-07-23,32856,76,,8876,60,85,mmHg,76.0
510186,501295,500079,3025315,,2020-07-23,32856,73.9,,9529,45,90,kg,73.9
510187,501295,500079,3038553,,2020-07-23,32856,28.1,,9531,18.5,25,kg/m2,28.1
510188,501296,500079,3004410,,2020-10-26,32856,7.7,,8554,4,5.6,%,7.7
510189,501296,500079,3004501,,2020-10-26,32856,134,,8840,70,99,mg/dL,134.0
510190,501296,500079,3004249,,2020-10-26,32856,144,,8876,90,130,mmHg,144.0
510191,501296,500079,3012888,,2020-10-26,32856,61,,8876,60,85,mmHg,61.0
510192,501296,500079,3025315,,2020-10-26,32856,74.7,,9529,45,90,kg,74.7
510193,501296,500079,3038553,,2020-10-26,32856,28.4,,9531,18.5,25,kg/m2,28.4
510194,501297,500079,3004410,,2021-01-26,32856,8.1,,8554,4,5.6,%,8.1
510195,501297,500079,3004501,,2021-01-26,32856,172,,8840,70,99,mg/dL,172.0
510196,501297,500079,3004249,,2021-01-26,32856,106,,8876,90,130,mmHg,106.0
510197,501297,500079,3012888,,2021-01-26,32856,57,,8876,60,85,mmHg,57.0
510198,501297,500079,3025315,,2021-01-26,32856,76.9,,9529,45,90,kg,76.9
510199,501297,500079,3038553,,2021-01-26,32856,29.2,,9531,18.5,25,kg/m2,29.2
510200,501298,500079,3004410,,2021-05-01,32856,8.5,,8554,4,5.6,%,8.5
510201,501298,500079,3004501,,2021-05-01,32856,179,,8840,70,99,mg/dL,179.0
510202,501298,500079,3004249,,2021-05-01,32856,115,,8876,90,130,mmHg,115.0
510203,501298,500079,3012888,,2021-05-01,32856,75,,8876,60,85,mmHg,75.0
510204,501298,500079,3025315,,2021-05-01,32856,77.1,,9529,45,90,kg,77.1
510205,501298,500079,3038553,,2021-05-01,32856,29.3,,9531,18.5,25,kg/m2,29.3
510206,501298,500079,3022192,,2021-05-01,32856,292.8,,8840,0,150,mg/dL,292.8
510207,501298,500079,3007070,,2021-05-01,32856,48.1,,8840,40,60,mg/dL,48.1
510208,501298,500079,3028437,,2021-05-01,32856,89.4,,8840,0,130,mg/dL,89.4
510209,501298,500079,3013721,,2021-05-01,32856,55.7,,8645,0,40,U/L,55.7
510210,501298,500079,3006923,,2021-05-01,32856,61.2,,8645,0,40,U/L,61.2
510211,501298,500079,3016723,,2021-05-01,32856,0.78,,8840,0.6,1.2,mg/dL,0.78
510212,501298,500079,3049187,,2021-05-01,32856,43.7,,9550,90,130,mL/min/1.73m2,43.7
510213,501299,500079,3004410,,2021-07-24,32856,8.2,,8554,4,5.6,%,8.2
510214,501299,500079,3004501,,2021-07-24,32856,165,,8840,70,99,mg/dL,165.0
510215,501299,500079,3004249,,2021-07-24,32856,120,,8876,90,130,mmHg,120.0
510216,501299,500079,3012888,,2021-07-24,32856,73,,8876,60,85,mmHg,73.0
510217,501299,500079,3025315,,2021-07-24,32856,79.1,,9529,45,90,kg,79.1
510218,501299,500079,3038553,,2021-07-24,32856,30,,9531,18.5,25,kg/m2,30.0
510219,501300,500079,3004410,,2021-10-19,32856,7.4,,8554,4,5.6,%,7.4
510220,501300,500079,3004501,,2021-10-19,32856,139,,8840,70,99,mg/dL,139.0
510221,501300,500079,3004249,,2021-10-19,32856,117,,8876,90,130,mmHg,117.0
510222,501300,500079,3012888,,2021-10-19,32856,65,,8876,60,85,mmHg,65.0
510223,501300,500079,3025315,,2021-10-19,32856,77.9,,9529,45,90,kg,77.9
510224,501300,500079,3038553,,2021-10-19,32856,29.6,,9531,18.5,25,kg/m2,29.6
510225,501301,500079,3004410,,2022-01-19,32856,7.5,,8554,4,5.6,%,7.5
510226,501301,500079,3004501,,2022-01-19,32856,120,,8840,70,99,mg/dL,120.0
510227,501301,500079,3004249,,2022-01-19,32856,128,,8876,90,130,mmHg,128.0
510228,501301,500079,3012888,,2022-01-19,32856,72,,8876,60,85,mmHg,72.0
510229,501301,500079,3025315,,2022-01-19,32856,76.6,,9529,45,90,kg,76.6
510230,501301,500079,3038553,,2022-01-19,32856,29.1,,9531,18.5,25,kg/m2,29.1
510231,501302,500079,3004410,,2022-04-22,32856,7,,8554,4,5.6,%,7.0
510232,501302,500079,3004501,,2022-04-22,32856,119,,8840,70,99,mg/dL,119.0
510233,501302,500079,3004249,,2022-04-22,32856,141,,8876,90,130,mmHg,141.0
510234,501302,500079,3012888,,2022-04-22,32856,68,,8876,60,85,mmHg,68.0
510235,501302,500079,3025315,,2022-04-22,32856,75.7,,9529,45,90,kg,75.7
510236,501302,500079,3038553,,2022-04-22,32856,28.7,,9531,18.5,25,kg/m2,28.7
510237,501302,500079,3022192,,2022-04-22,32856,225,,8840,0,150,mg/dL,225.0
510238,501302,500079,3007070,,2022-04-22,32856,34.8,,8840,40,60,mg/dL,34.8
510239,501302,500079,3028437,,2022-04-22,32856,102.9,,8840,0,130,mg/dL,102.9
510240,501302,500079,3013721,,2022-04-22,32856,41.1,,8645,0,40,U/L,41.1
510241,501302,500079,3006923,,2022-04-22,32856,52.8,,8645,0,40,U/L,52.8
510242,501302,500079,3016723,,2022-04-22,32856,0.93,,8840,0.6,1.2,mg/dL,0.93
510243,501302,500079,3049187,,2022-04-22,32856,111.5,,9550,90,130,mL/min/1.73m2,111.5
510244,501303,500079,3004410,,2022-07-24,32856,7.3,,8554,4,5.6,%,7.3
510245,501303,500079,3004501,,2022-07-24,32856,146,,8840,70,99,mg/dL,146.0
510246,501303,500079,3004249,,2022-07-24,32856,129,,8876,90,130,mmHg,129.0
510247,501303,500079,3012888,,2022-07-24,32856,89,,8876,60,85,mmHg,89.0
510248,501303,500079,3025315,,2022-07-24,32856,75.2,,9529,45,90,kg,75.2
510249,501303,500079,3038553,,2022-07-24,32856,28.5,,9531,18.5,25,kg/m2,28.5
510250,501304,500079,3004410,,2022-10-19,32856,6.9,,8554,4,5.6,%,6.9
510251,501304,500079,3004501,,2022-10-19,32856,129,,8840,70,99,mg/dL,129.0
510252,501304,500079,3004249,,2022-10-19,32856,120,,8876,90,130,mmHg,120.0
510253,501304,500079,3012888,,2022-10-19,32856,72,,8876,60,85,mmHg,72.0
510254,501304,500079,3025315,,2022-10-19,32856,75.7,,9529,45,90,kg,75.7
510255,501304,500079,3038553,,2022-10-19,32856,28.7,,9531,18.5,25,kg/m2,28.7
510256,501305,500080,3036277,,2020-05-07,32856,176.2,,8582,150,185,cm,176.2
510257,501305,500080,3004410,,2020-05-07,32856,9.5,,8554,4,5.6,%,9.5
510258,501305,500080,3004501,,2020-05-07,32856,194,,8840,70,99,mg/dL,194.0
510259,501305,500080,3004249,,2020-05-07,32856,125,,8876,90,130,mmHg,125.0
510260,501305,500080,3012888,,2020-05-07,32856,72,,8876,60,85,mmHg,72.0
510261,501305,500080,3025315,,2020-05-07,32856,83.2,,9529,45,90,kg,83.2
510262,501305,500080,3038553,,2020-05-07,32856,26.8,,9531,18.5,25,kg/m2,26.8
510263,501305,500080,3022192,,2020-05-07,32856,351.7,,8840,0,150,mg/dL,351.7
510264,501305,500080,3007070,,2020-05-07,32856,54.2,,8840,40,60,mg/dL,54.2
510265,501305,500080,3028437,,2020-05-07,32856,138.5,,8840,0,130,mg/dL,138.5
510266,501305,500080,3013721,,2020-05-07,32856,25.6,,8645,0,40,U/L,25.6
510267,501305,500080,3006923,,2020-05-07,32856,33.8,,8645,0,40,U/L,33.8
510268,501305,500080,3016723,,2020-05-07,32856,0.86,,8840,0.6,1.2,mg/dL,0.86
510269,501305,500080,3049187,,2020-05-07,32856,109.2,,9550,90,130,mL/min/1.73m2,109.2
510270,501306,500080,3004410,,2020-08-12,32856,8.8,,8554,4,5.6,%,8.8
510271,501306,500080,3004501,,2020-08-12,32856,175,,8840,70,99,mg/dL,175.0
510272,501306,500080,3004249,,2020-08-12,32856,131,,8876,90,130,mmHg,131.0
510273,501306,500080,3012888,,2020-08-12,32856,80,,8876,60,85,mmHg,80.0
510274,501306,500080,3025315,,2020-08-12,32856,82.3,,9529,45,90,kg,82.3
510275,501306,500080,3038553,,2020-08-12,32856,26.5,,9531,18.5,25,kg/m2,26.5
510276,501307,500080,3004410,,2020-11-15,32856,8.5,,8554,4,5.6,%,8.5
510277,501307,500080,3004501,,2020-11-15,32856,171,,8840,70,99,mg/dL,171.0
510278,501307,500080,3004249,,2020-11-15,32856,124,,8876,90,130,mmHg,124.0
510279,501307,500080,3012888,,2020-11-15,32856,76,,8876,60,85,mmHg,76.0
510280,501307,500080,3025315,,2020-11-15,32856,83,,9529,45,90,kg,83.0
510281,501307,500080,3038553,,2020-11-15,32856,26.7,,9531,18.5,25,kg/m2,26.7
510282,501308,500080,3004410,,2021-02-17,32856,8.3,,8554,4,5.6,%,8.3
510283,501308,500080,3004501,,2021-02-17,32856,169,,8840,70,99,mg/dL,169.0
510284,501308,500080,3004249,,2021-02-17,32856,147,,8876,90,130,mmHg,147.0
510285,501308,500080,3012888,,2021-02-17,32856,76,,8876,60,85,mmHg,76.0
510286,501308,500080,3025315,,2021-02-17,32856,84,,9529,45,90,kg,84.0
510287,501308,500080,3038553,,2021-02-17,32856,27.1,,9531,18.5,25,kg/m2,27.1
510288,501309,500080,3004410,,2021-05-13,32856,7.8,,8554,4,5.6,%,7.8
510289,501309,500080,3004501,,2021-05-13,32856,151,,8840,70,99,mg/dL,151.0
510290,501309,500080,3004249,,2021-05-13,32856,124,,8876,90,130,mmHg,124.0
510291,501309,500080,3012888,,2021-05-13,32856,79,,8876,60,85,mmHg,79.0
510292,501309,500080,3025315,,2021-05-13,32856,82.8,,9529,45,90,kg,82.8
510293,501309,500080,3038553,,2021-05-13,32856,26.7,,9531,18.5,25,kg/m2,26.7
510294,501309,500080,3022192,,2021-05-13,32856,285.4,,8840,0,150,mg/dL,285.4
510295,501309,500080,3007070,,2021-05-13,32856,65,,8840,40,60,mg/dL,65.0
510296,501309,500080,3028437,,2021-05-13,32856,135.9,,8840,0,130,mg/dL,135.9
510297,501309,500080,3013721,,2021-05-13,32856,30,,8645,0,40,U/L,30.0
510298,501309,500080,3006923,,2021-05-13,32856,48.3,,8645,0,40,U/L,48.3
510299,501309,500080,3016723,,2021-05-13,32856,1.38,,8840,0.6,1.2,mg/dL,1.38
510300,501309,500080,3049187,,2021-05-13,32856,93.1,,9550,90,130,mL/min/1.73m2,93.1
510301,501310,500080,3004410,,2021-08-10,32856,6.8,,8554,4,5.6,%,6.8
510302,501310,500080,3004501,,2021-08-10,32856,145,,8840,70,99,mg/dL,145.0
510303,501310,500080,3004249,,2021-08-10,32856,118,,8876,90,130,mmHg,118.0
510304,501310,500080,3012888,,2021-08-10,32856,73,,8876,60,85,mmHg,73.0
510305,501310,500080,3025315,,2021-08-10,32856,82.2,,9529,45,90,kg,82.2
510306,501310,500080,3038553,,2021-08-10,32856,26.5,,9531,18.5,25,kg/m2,26.5
510307,501311,500080,3004410,,2021-11-04,32856,6.7,,8554,4,5.6,%,6.7
510308,501311,500080,3004501,,2021-11-04,32856,94,,8840,70,99,mg/dL,94.0
510309,501311,500080,3004249,,2021-11-04,32856,108,,8876,90,130,mmHg,108.0
510310,501311,500080,3012888,,2021-11-04,32856,81,,8876,60,85,mmHg,81.0
510311,501311,500080,3025315,,2021-11-04,32856,83.9,,9529,45,90,kg,83.9
510312,501311,500080,3038553,,2021-11-04,32856,27,,9531,18.5,25,kg/m2,27.0
510313,501312,500080,3004410,,2022-01-28,32856,7,,8554,4,5.6,%,7.0
510314,501312,500080,3004501,,2022-01-28,32856,115,,8840,70,99,mg/dL,115.0
510315,501312,500080,3004249,,2022-01-28,32856,120,,8876,90,130,mmHg,120.0
510316,501312,500080,3012888,,2022-01-28,32856,68,,8876,60,85,mmHg,68.0
510317,501312,500080,3025315,,2022-01-28,32856,84,,9529,45,90,kg,84.0
510318,501312,500080,3038553,,2022-01-28,32856,27.1,,9531,18.5,25,kg/m2,27.1
510319,501313,500080,3004410,,2022-05-06,32856,6.7,,8554,4,5.6,%,6.7
510320,501313,500080,3004501,,2022-05-06,32856,105,,8840,70,99,mg/dL,105.0
510321,501313,500080,3004249,,2022-05-06,32856,113,,8876,90,130,mmHg,113.0
510322,501313,500080,3012888,,2022-05-06,32856,89,,8876,60,85,mmHg,89.0
510323,501313,500080,3025315,,2022-05-06,32856,84,,9529,45,90,kg,84.0
510324,501313,500080,3038553,,2022-05-06,32856,27.1,,9531,18.5,25,kg/m2,27.1
510325,501313,500080,3022192,,2022-05-06,32856,328,,8840,0,150,mg/dL,328.0
510326,501313,500080,3007070,,2022-05-06,32856,62.4,,8840,40,60,mg/dL,62.4
510327,501313,500080,3028437,,2022-05-06,32856,90.7,,8840,0,130,mg/dL,90.7
510328,501313,500080,3013721,,2022-05-06,32856,86.7,,8645,0,40,U/L,86.7
510329,501313,500080,3006923,,2022-05-06,32856,0,,8645,0,40,U/L,0
510330,501313,500080,3016723,,2022-05-06,32856,0.61,,8840,0.6,1.2,mg/dL,0.61
510331,501313,500080,3049187,,2022-05-06,32856,80.1,,9550,90,130,mL/min/1.73m2,80.1
510332,501314,500080,3004410,,2022-08-08,32856,7,,8554,4,5.6,%,7.0
510333,501314,500080,3004501,,2022-08-08,32856,152,,8840,70,99,mg/dL,152.0
510334,501314,500080,3004249,,2022-08-08,32856,103,,8876,90,130,mmHg,103.0
510335,501314,500080,3012888,,2022-08-08,32856,77,,8876,60,85,mmHg,77.0
510336,501314,500080,3025315,,2022-08-08,32856,82.8,,9529,45,90,kg,82.8
510337,501314,500080,3038553,,2022-08-08,32856,26.7,,9531,18.5,25,kg/m2,26.7
510338,501315,500080,3004410,,2022-11-06,32856,6.6,,8554,4,5.6,%,6.6
510339,501315,500080,3004501,,2022-11-06,32856,141,,8840,70,99,mg/dL,141.0
510340,501315,500080,3004249,,2022-11-06,32856,140,,8876,90,130,mmHg,140.0
510341,501315,500080,3012888,,2022-11-06,32856,63,,8876,60,85,mmHg,63.0
510342,501315,500080,3025315,,2022-11-06,32856,84,,9529,45,90,kg,84.0
510343,501315,500080,3038553,,2022-11-06,32856,27.1,,9531,18.5,25,kg/m2,27.1
510344,501316,500080,3004410,,2023-02-04,32856,7,,8554,4,5.6,%,7.0
510345,501316,500080,3004501,,2023-02-04,32856,143,,8840,70,99,mg/dL,143.0
510346,501316,500080,3004249,,2023-02-04,32856,127,,8876,90,130,mmHg,127.0
510347,501316,500080,3012888,,2023-02-04,32856,73,,8876,60,85,mmHg,73.0
510348,501316,500080,3025315,,2023-02-04,32856,83.9,,9529,45,90,kg,83.9
510349,501316,500080,3038553,,2023-02-04,32856,27,,9531,18.5,25,kg/m2,27.0
510350,501317,500080,3004410,,2023-05-06,32856,7.4,,8554,4,5.6,%,7.4
510351,501317,500080,3004501,,2023-05-06,32856,138,,8840,70,99,mg/dL,138.0
510352,501317,500080,3004249,,2023-05-06,32856,121,,8876,90,130,mmHg,121.0
510353,501317,500080,3012888,,2023-05-06,32856,87,,8876,60,85,mmHg,87.0
510354,501317,500080,3025315,,2023-05-06,32856,83.1,,9529,45,90,kg,83.1
510355,501317,500080,3038553,,2023-05-06,32856,26.8,,9531,18.5,25,kg/m2,26.8
510356,501317,500080,3022192,,2023-05-06,32856,150,,8840,0,150,mg/dL,150.0
510357,501317,500080,3007070,,2023-05-06,32856,62.4,,8840,40,60,mg/dL,62.4
510358,501317,500080,3028437,,2023-05-06,32856,124.9,,8840,0,130,mg/dL,124.9
510359,501317,500080,3013721,,2023-05-06,32856,81.2,,8645,0,40,U/L,81.2
510360,501317,500080,3006923,,2023-05-06,32856,42.1,,8645,0,40,U/L,42.1
510361,501317,500080,3016723,,2023-05-06,32856,0.61,,8840,0.6,1.2,mg/dL,0.61
510362,501317,500080,3049187,,2023-05-06,32856,74,,9550,90,130,mL/min/1.73m2,74.0
510363,501318,500080,3004410,,2023-08-10,32856,7.8,,8554,4,5.6,%,7.8
510364,501318,500080,3004501,,2023-08-10,32856,122,,8840,70,99,mg/dL,122.0
510365,501318,500080,3004249,,2023-08-10,32856,138,,8876,90,130,mmHg,138.0
510366,501318,500080,3012888,,2023-08-10,32856,85,,8876,60,85,mmHg,85.0
510367,501318,500080,3025315,,2023-08-10,32856,82.1,,9529,45,90,kg,82.1
510368,501318,500080,3038553,,2023-08-10,32856,26.4,,9531,18.5,25,kg/m2,26.4
510369,501319,500080,3004410,,2023-11-03,32856,8,,8554,4,5.6,%,8.0
510370,501319,500080,3004501,,2023-11-03,32856,134,,8840,70,99,mg/dL,134.0
510371,501319,500080,3004249,,2023-11-03,32856,129,,8876,90,130,mmHg,129.0
510372,501319,500080,3012888,,2023-11-03,32856,75,,8876,60,85,mmHg,75.0
510373,501319,500080,3025315,,2023-11-03,32856,81.7,,9529,45,90,kg,81.7
510374,501319,500080,3038553,,2023-11-03,32856,26.3,,9531,18.5,25,kg/m2,26.3
510375,501320,500080,3004410,,2024-01-29,32856,7.7,,8554,4,5.6,%,7.7
510376,501320,500080,3004501,,2024-01-29,32856,149,,8840,70,99,mg/dL,149.0
510377,501320,500080,3004249,,2024-01-29,32856,133,,8876,90,130,mmHg,133.0
510378,501320,500080,3012888,,2024-01-29,32856,78,,8876,60,85,mmHg,78.0
510379,501320,500080,3025315,,2024-01-29,32856,81.8,,9529,45,90,kg,81.8
510380,501320,500080,3038553,,2024-01-29,32856,26.3,,9531,18.5,25,kg/m2,26.3
510381,501321,500080,3004410,,2024-05-06,32856,8.1,,8554,4,5.6,%,8.1
510382,501321,500080,3004501,,2024-05-06,32856,171,,8840,70,99,mg/dL,171.0
510383,501321,500080,3004249,,2024-05-06,32856,123,,8876,90,130,mmHg,123.0
510384,501321,500080,3012888,,2024-05-06,32856,76,,8876,60,85,mmHg,76.0
510385,501321,500080,3025315,,2024-05-06,32856,81.1,,9529,45,90,kg,81.1
510386,501321,500080,3038553,,2024-05-06,32856,26.1,,9531,18.5,25,kg/m2,26.1
510387,501321,500080,3022192,,2024-05-06,32856,194,,8840,0,150,mg/dL,194.0
510388,501321,500080,3007070,,2024-05-06,32856,44.4,,8840,40,60,mg/dL,44.4
510389,501321,500080,3028437,,2024-05-06,32856,103.6,,8840,0,130,mg/dL,103.6
510390,501321,500080,3013721,,2024-05-06,32856,45,,8645,0,40,U/L,45.0
510391,501321,500080,3006923,,2024-05-06,32856,63.8,,8645,0,40,U/L,63.8
510392,501321,500080,3016723,,2024-05-06,32856,0.71,,8840,0.6,1.2,mg/dL,0.71
510393,501321,500080,3049187,,2024-05-06,32856,99.9,,9550,90,130,mL/min/1.73m2,99.9
510394,501322,500080,3004410,,2024-08-02,32856,7.5,,8554,4,5.6,%,7.5
510395,501322,500080,3004501,,2024-08-02,32856,151,,8840,70,99,mg/dL,151.0
510396,501322,500080,3004249,,2024-08-02,32856,140,,8876,90,130,mmHg,140.0
510397,501322,500080,3012888,,2024-08-02,32856,84,,8876,60,85,mmHg,84.0
510398,501322,500080,3025315,,2024-08-02,32856,81.5,,9529,45,90,kg,81.5
510399,501322,500080,3038553,,2024-08-02,32856,26.3,,9531,18.5,25,kg/m2,26.3
510400,501323,500081,3036277,,2022-08-21,32856,166.1,,8582,150,185,cm,166.1
510401,501323,500081,3004410,,2022-08-21,32856,7.9,,8554,4,5.6,%,7.9
510402,501323,500081,3004501,,2022-08-21,32856,136,,8840,70,99,mg/dL,136.0
510403,501323,500081,3004249,,2022-08-21,32856,144,,8876,90,130,mmHg,144.0
510404,501323,500081,3012888,,2022-08-21,32856,77,,8876,60,85,mmHg,77.0
510405,501323,500081,3025315,,2022-08-21,32856,73.9,,9529,45,90,kg,73.9
510406,501323,500081,3038553,,2022-08-21,32856,26.8,,9531,18.5,25,kg/m2,26.8
510407,501323,500081,3022192,,2022-08-21,32856,236.3,,8840,0,150,mg/dL,236.3
510408,501323,500081,3007070,,2022-08-21,32856,28.1,,8840,40,60,mg/dL,28.1
510409,501323,500081,3028437,,2022-08-21,32856,123.8,,8840,0,130,mg/dL,123.8
510410,501323,500081,3013721,,2022-08-21,32856,21.3,,8645,0,40,U/L,21.3
510411,501323,500081,3006923,,2022-08-21,32856,22.6,,8645,0,40,U/L,22.6
510412,501323,500081,3016723,,2022-08-21,32856,1.15,,8840,0.6,1.2,mg/dL,1.15
510413,501323,500081,3049187,,2022-08-21,32856,99.8,,9550,90,130,mL/min/1.73m2,99.8
510414,501324,500081,3004410,,2022-11-15,32856,7.5,,8554,4,5.6,%,7.5
510415,501324,500081,3004501,,2022-11-15,32856,135,,8840,70,99,mg/dL,135.0
510416,501324,500081,3004249,,2022-11-15,32856,144,,8876,90,130,mmHg,144.0
510417,501324,500081,3012888,,2022-11-15,32856,96,,8876,60,85,mmHg,96.0
510418,501324,500081,3025315,,2022-11-15,32856,75.1,,9529,45,90,kg,75.1
510419,501324,500081,3038553,,2022-11-15,32856,27.2,,9531,18.5,25,kg/m2,27.2
510420,501325,500081,3004410,,2023-02-19,32856,7,,8554,4,5.6,%,7.0
510421,501325,500081,3004501,,2023-02-19,32856,125,,8840,70,99,mg/dL,125.0
510422,501325,500081,3004249,,2023-02-19,32856,133,,8876,90,130,mmHg,133.0
510423,501325,500081,3012888,,2023-02-19,32856,92,,8876,60,85,mmHg,92.0
510424,501325,500081,3025315,,2023-02-19,32856,75.8,,9529,45,90,kg,75.8
510425,501325,500081,3038553,,2023-02-19,32856,27.5,,9531,18.5,25,kg/m2,27.5
510426,501326,500081,3004410,,2023-05-19,32856,7,,8554,4,5.6,%,7.0
510427,501326,500081,3004501,,2023-05-19,32856,127,,8840,70,99,mg/dL,127.0
510428,501326,500081,3004249,,2023-05-19,32856,156,,8876,90,130,mmHg,156.0
510429,501326,500081,3012888,,2023-05-19,32856,79,,8876,60,85,mmHg,79.0
510430,501326,500081,3025315,,2023-05-19,32856,74.2,,9529,45,90,kg,74.2
510431,501326,500081,3038553,,2023-05-19,32856,26.9,,9531,18.5,25,kg/m2,26.9
510432,501327,500081,3004410,,2023-08-15,32856,7.2,,8554,4,5.6,%,7.2
510433,501327,500081,3004501,,2023-08-15,32856,133,,8840,70,99,mg/dL,133.0
510434,501327,500081,3004249,,2023-08-15,32856,118,,8876,90,130,mmHg,118.0
510435,501327,500081,3012888,,2023-08-15,32856,95,,8876,60,85,mmHg,95.0
510436,501327,500081,3025315,,2023-08-15,32856,72.8,,9529,45,90,kg,72.8
510437,501327,500081,3038553,,2023-08-15,32856,26.4,,9531,18.5,25,kg/m2,26.4
510438,501327,500081,3022192,,2023-08-15,32856,193.9,,8840,0,150,mg/dL,193.9
510439,501327,500081,3007070,,2023-08-15,32856,50.1,,8840,40,60,mg/dL,50.1
510440,501327,500081,3028437,,2023-08-15,32856,106.5,,8840,0,130,mg/dL,106.5
510441,501327,500081,3013721,,2023-08-15,32856,26.9,,8645,0,40,U/L,26.9
510442,501327,500081,3006923,,2023-08-15,32856,54.1,,8645,0,40,U/L,54.1
510443,501327,500081,3016723,,2023-08-15,32856,0.89,,8840,0.6,1.2,mg/dL,0.89
510444,501327,500081,3049187,,2023-08-15,32856,105.6,,9550,90,130,mL/min/1.73m2,105.6
510445,501328,500081,3004410,,2023-11-20,32856,7.3,,8554,4,5.6,%,7.3
510446,501328,500081,3004501,,2023-11-20,32856,131,,8840,70,99,mg/dL,131.0
510447,501328,500081,3004249,,2023-11-20,32856,130,,8876,90,130,mmHg,130.0
510448,501328,500081,3012888,,2023-11-20,32856,98,,8876,60,85,mmHg,98.0
510449,501328,500081,3025315,,2023-11-20,32856,70.7,,9529,45,90,kg,70.7
510450,501328,500081,3038553,,2023-11-20,32856,25.6,,9531,18.5,25,kg/m2,25.6
510451,501329,500081,3004410,,2024-02-12,32856,7.4,,8554,4,5.6,%,7.4
510452,501329,500081,3004501,,2024-02-12,32856,157,,8840,70,99,mg/dL,157.0
510453,501329,500081,3004249,,2024-02-12,32856,142,,8876,90,130,mmHg,142.0
510454,501329,500081,3012888,,2024-02-12,32856,85,,8876,60,85,mmHg,85.0
510455,501329,500081,3025315,,2024-02-12,32856,70.3,,9529,45,90,kg,70.3
510456,501329,500081,3038553,,2024-02-12,32856,25.5,,9531,18.5,25,kg/m2,25.5
510457,501330,500081,3004410,,2024-05-17,32856,7.5,,8554,4,5.6,%,7.5
510458,501330,500081,3004501,,2024-05-17,32856,157,,8840,70,99,mg/dL,157.0
510459,501330,500081,3004249,,2024-05-17,32856,131,,8876,90,130,mmHg,131.0
510460,501330,500081,3012888,,2024-05-17,32856,85,,8876,60,85,mmHg,85.0
510461,501330,500081,3025315,,2024-05-17,32856,70.3,,9529,45,90,kg,70.3
510462,501330,500081,3038553,,2024-05-17,32856,25.5,,9531,18.5,25,kg/m2,25.5
510463,501331,500081,3004410,,2024-08-23,32856,7.6,,8554,4,5.6,%,7.6
510464,501331,500081,3004501,,2024-08-23,32856,147,,8840,70,99,mg/dL,147.0
510465,501331,500081,3004249,,2024-08-23,32856,148,,8876,90,130,mmHg,148.0
510466,501331,500081,3012888,,2024-08-23,32856,100,,8876,60,85,mmHg,100.0
510467,501331,500081,3025315,,2024-08-23,32856,69.6,,9529,45,90,kg,69.6
510468,501331,500081,3038553,,2024-08-23,32856,25.2,,9531,18.5,25,kg/m2,25.2
510469,501331,500081,3022192,,2024-08-23,32856,178.7,,8840,0,150,mg/dL,178.7
510470,501331,500081,3007070,,2024-08-23,32856,46.4,,8840,40,60,mg/dL,46.4
510471,501331,500081,3028437,,2024-08-23,32856,106.8,,8840,0,130,mg/dL,106.8
510472,501331,500081,3013721,,2024-08-23,32856,19,,8645,0,40,U/L,19.0
510473,501331,500081,3006923,,2024-08-23,32856,56.8,,8645,0,40,U/L,56.8
510474,501331,500081,3016723,,2024-08-23,32856,0.73,,8840,0.6,1.2,mg/dL,0.73
510475,501331,500081,3049187,,2024-08-23,32856,88.8,,9550,90,130,mL/min/1.73m2,88.8
510476,501332,500081,3004410,,2024-11-24,32856,7.3,,8554,4,5.6,%,7.3
510477,501332,500081,3004501,,2024-11-24,32856,143,,8840,70,99,mg/dL,143.0
510478,501332,500081,3004249,,2024-11-24,32856,142,,8876,90,130,mmHg,142.0
510479,501332,500081,3012888,,2024-11-24,32856,87,,8876,60,85,mmHg,87.0
510480,501332,500081,3025315,,2024-11-24,32856,68.7,,9529,45,90,kg,68.7
510481,501332,500081,3038553,,2024-11-24,32856,24.9,,9531,18.5,25,kg/m2,24.9
510482,501333,500081,3004410,,2025-02-21,32856,7.3,,8554,4,5.6,%,7.3
510483,501333,500081,3004501,,2025-02-21,32856,160,,8840,70,99,mg/dL,160.0
510484,501333,500081,3004249,,2025-02-21,32856,128,,8876,90,130,mmHg,128.0
510485,501333,500081,3012888,,2025-02-21,32856,87,,8876,60,85,mmHg,87.0
510486,501333,500081,3025315,,2025-02-21,32856,67.5,,9529,45,90,kg,67.5
510487,501333,500081,3038553,,2025-02-21,32856,24.5,,9531,18.5,25,kg/m2,24.5
510488,501334,500081,3004410,,2025-05-29,32856,6.7,,8554,4,5.6,%,6.7
510489,501334,500081,3004501,,2025-05-29,32856,136,,8840,70,99,mg/dL,136.0
510490,501334,500081,3004249,,2025-05-29,32856,146,,8876,90,130,mmHg,146.0
510491,501334,500081,3012888,,2025-05-29,32856,91,,8876,60,85,mmHg,91.0
510492,501334,500081,3025315,,2025-05-29,32856,67.7,,9529,45,90,kg,67.7
510493,501334,500081,3038553,,2025-05-29,32856,24.5,,9531,18.5,25,kg/m2,24.5
510494,501335,500081,3004410,,2025-08-24,32856,7,,8554,4,5.6,%,7.0
510495,501335,500081,3004501,,2025-08-24,32856,135,,8840,70,99,mg/dL,135.0
510496,501335,500081,3004249,,2025-08-24,32856,143,,8876,90,130,mmHg,143.0
510497,501335,500081,3012888,,2025-08-24,32856,81,,8876,60,85,mmHg,81.0
510498,501335,500081,3025315,,2025-08-24,32856,67.1,,9529,45,90,kg,67.1
510499,501335,500081,3038553,,2025-08-24,32856,24.3,,9531,18.5,25,kg/m2,24.3
510500,501335,500081,3022192,,2025-08-24,32856,253.2,,8840,0,150,mg/dL,253.2
510501,501335,500081,3007070,,2025-08-24,32856,28.7,,8840,40,60,mg/dL,28.7
510502,501335,500081,3028437,,2025-08-24,32856,109,,8840,0,130,mg/dL,109.0
510503,501335,500081,3013721,,2025-08-24,32856,64,,8645,0,40,U/L,64.0
510504,501335,500081,3006923,,2025-08-24,32856,6.1,,8645,0,40,U/L,6.1
510505,501335,500081,3016723,,2025-08-24,32856,0.99,,8840,0.6,1.2,mg/dL,0.99
510506,501335,500081,3049187,,2025-08-24,32856,98.7,,9550,90,130,mL/min/1.73m2,98.7
510507,501336,500081,3004410,,2025-11-18,32856,7,,8554,4,5.6,%,7.0
510508,501336,500081,3004501,,2025-11-18,32856,120,,8840,70,99,mg/dL,120.0
510509,501336,500081,3004249,,2025-11-18,32856,135,,8876,90,130,mmHg,135.0
510510,501336,500081,3012888,,2025-11-18,32856,87,,8876,60,85,mmHg,87.0
510511,501336,500081,3025315,,2025-11-18,32856,68.6,,9529,45,90,kg,68.6
510512,501336,500081,3038553,,2025-11-18,32856,24.9,,9531,18.5,25,kg/m2,24.9
510513,501337,500081,3004410,,2026-02-14,32856,7.5,,8554,4,5.6,%,7.5
510514,501337,500081,3004501,,2026-02-14,32856,162,,8840,70,99,mg/dL,162.0
510515,501337,500081,3004249,,2026-02-14,32856,152,,8876,90,130,mmHg,152.0
510516,501337,500081,3012888,,2026-02-14,32856,85,,8876,60,85,mmHg,85.0
510517,501337,500081,3025315,,2026-02-14,32856,69.4,,9529,45,90,kg,69.4
510518,501337,500081,3038553,,2026-02-14,32856,25.2,,9531,18.5,25,kg/m2,25.2
510519,501338,500082,3036277,,2022-01-14,32856,178.3,,8582,150,185,cm,178.3
510520,501338,500082,3004410,,2022-01-14,32856,5.8,,8554,4,5.6,%,5.8
510521,501338,500082,3004501,,2022-01-14,32856,120,,8840,70,99,mg/dL,120.0
510522,501338,500082,3004249,,2022-01-14,32856,105,,8876,90,130,mmHg,105.0
510523,501338,500082,3012888,,2022-01-14,32856,72,,8876,60,85,mmHg,72.0
510524,501338,500082,3025315,,2022-01-14,32856,75.3,,9529,45,90,kg,75.3
510525,501338,500082,3038553,,2022-01-14,32856,23.7,,9531,18.5,25,kg/m2,23.7
510526,501338,500082,3022192,,2022-01-14,32856,79.9,,8840,0,150,mg/dL,79.9
510527,501338,500082,3007070,,2022-01-14,32856,51.8,,8840,40,60,mg/dL,51.8
510528,501338,500082,3028437,,2022-01-14,32856,168.9,,8840,0,130,mg/dL,168.9
510529,501338,500082,3013721,,2022-01-14,32856,6.7,,8645,0,40,U/L,6.7
510530,501338,500082,3006923,,2022-01-14,32856,29.1,,8645,0,40,U/L,29.1
510531,501338,500082,3016723,,2022-01-14,32856,0.76,,8840,0.6,1.2,mg/dL,0.76
510532,501338,500082,3049187,,2022-01-14,32856,82.2,,9550,90,130,mL/min/1.73m2,82.2
510533,501339,500082,3004410,,2022-04-09,32856,5,,8554,4,5.6,%,5.0
510534,501339,500082,3004501,,2022-04-09,32856,61,,8840,70,99,mg/dL,61.0
510535,501339,500082,3004249,,2022-04-09,32856,135,,8876,90,130,mmHg,135.0
510536,501339,500082,3012888,,2022-04-09,32856,89,,8876,60,85,mmHg,89.0
510537,501339,500082,3025315,,2022-04-09,32856,74.6,,9529,45,90,kg,74.6
510538,501339,500082,3038553,,2022-04-09,32856,23.5,,9531,18.5,25,kg/m2,23.5
510539,501340,500082,3004410,,2022-07-12,32856,5,,8554,4,5.6,%,5.0
510540,501340,500082,3004501,,2022-07-12,32856,108,,8840,70,99,mg/dL,108.0
510541,501340,500082,3004249,,2022-07-12,32856,148,,8876,90,130,mmHg,148.0
510542,501340,500082,3012888,,2022-07-12,32856,72,,8876,60,85,mmHg,72.0
510543,501340,500082,3025315,,2022-07-12,32856,74.7,,9529,45,90,kg,74.7
510544,501340,500082,3038553,,2022-07-12,32856,23.5,,9531,18.5,25,kg/m2,23.5
510545,501341,500082,3004410,,2022-10-18,32856,5,,8554,4,5.6,%,5.0
510546,501341,500082,3004501,,2022-10-18,32856,75,,8840,70,99,mg/dL,75.0
510547,501341,500082,3004249,,2022-10-18,32856,103,,8876,90,130,mmHg,103.0
510548,501341,500082,3012888,,2022-10-18,32856,71,,8876,60,85,mmHg,71.0
510549,501341,500082,3025315,,2022-10-18,32856,76.2,,9529,45,90,kg,76.2
510550,501341,500082,3038553,,2022-10-18,32856,24,,9531,18.5,25,kg/m2,24.0
510551,501342,500082,3004410,,2023-01-23,32856,5.1,,8554,4,5.6,%,5.1
510552,501342,500082,3004501,,2023-01-23,32856,102,,8840,70,99,mg/dL,102.0
510553,501342,500082,3004249,,2023-01-23,32856,113,,8876,90,130,mmHg,113.0
510554,501342,500082,3012888,,2023-01-23,32856,71,,8876,60,85,mmHg,71.0
510555,501342,500082,3025315,,2023-01-23,32856,74,,9529,45,90,kg,74.0
510556,501342,500082,3038553,,2023-01-23,32856,23.3,,9531,18.5,25,kg/m2,23.3
510557,501342,500082,3022192,,2023-01-23,32856,26.6,,8840,0,150,mg/dL,26.6
510558,501342,500082,3007070,,2023-01-23,32856,36.8,,8840,40,60,mg/dL,36.8
510559,501342,500082,3028437,,2023-01-23,32856,117.7,,8840,0,130,mg/dL,117.7
510560,501342,500082,3013721,,2023-01-23,32856,18.2,,8645,0,40,U/L,18.2
510561,501342,500082,3006923,,2023-01-23,32856,46.1,,8645,0,40,U/L,46.1
510562,501342,500082,3016723,,2023-01-23,32856,1.14,,8840,0.6,1.2,mg/dL,1.14
510563,501342,500082,3049187,,2023-01-23,32856,75.3,,9550,90,130,mL/min/1.73m2,75.3
510564,501343,500082,3004410,,2023-04-26,32856,5.5,,8554,4,5.6,%,5.5
510565,501343,500082,3004501,,2023-04-26,32856,102,,8840,70,99,mg/dL,102.0
510566,501343,500082,3004249,,2023-04-26,32856,126,,8876,90,130,mmHg,126.0
510567,501343,500082,3012888,,2023-04-26,32856,77,,8876,60,85,mmHg,77.0
510568,501343,500082,3025315,,2023-04-26,32856,73.7,,9529,45,90,kg,73.7
510569,501343,500082,3038553,,2023-04-26,32856,23.2,,9531,18.5,25,kg/m2,23.2
510570,501344,500082,3004410,,2023-07-30,32856,5.6,,8554,4,5.6,%,5.6
510571,501344,500082,3004501,,2023-07-30,32856,109,,8840,70,99,mg/dL,109.0
510572,501344,500082,3004249,,2023-07-30,32856,132,,8876,90,130,mmHg,132.0
510573,501344,500082,3012888,,2023-07-30,32856,81,,8876,60,85,mmHg,81.0
510574,501344,500082,3025315,,2023-07-30,32856,73.7,,9529,45,90,kg,73.7
510575,501344,500082,3038553,,2023-07-30,32856,23.2,,9531,18.5,25,kg/m2,23.2
510576,501345,500082,3004410,,2023-11-02,32856,5.7,,8554,4,5.6,%,5.7
510577,501345,500082,3004501,,2023-11-02,32856,88,,8840,70,99,mg/dL,88.0
510578,501345,500082,3004249,,2023-11-02,32856,111,,8876,90,130,mmHg,111.0
510579,501345,500082,3012888,,2023-11-02,32856,71,,8876,60,85,mmHg,71.0
510580,501345,500082,3025315,,2023-11-02,32856,73.9,,9529,45,90,kg,73.9
510581,501345,500082,3038553,,2023-11-02,32856,23.2,,9531,18.5,25,kg/m2,23.2
510582,501346,500082,3004410,,2024-02-07,32856,5.4,,8554,4,5.6,%,5.4
510583,501346,500082,3004501,,2024-02-07,32856,72,,8840,70,99,mg/dL,72.0
510584,501346,500082,3004249,,2024-02-07,32856,118,,8876,90,130,mmHg,118.0
510585,501346,500082,3012888,,2024-02-07,32856,75,,8876,60,85,mmHg,75.0
510586,501346,500082,3025315,,2024-02-07,32856,74.8,,9529,45,90,kg,74.8
510587,501346,500082,3038553,,2024-02-07,32856,23.5,,9531,18.5,25,kg/m2,23.5
510588,501346,500082,3022192,,2024-02-07,32856,190.3,,8840,0,150,mg/dL,190.3
510589,501346,500082,3007070,,2024-02-07,32856,46.6,,8840,40,60,mg/dL,46.6
510590,501346,500082,3028437,,2024-02-07,32856,48.3,,8840,0,130,mg/dL,48.3
510591,501346,500082,3013721,,2024-02-07,32856,55.1,,8645,0,40,U/L,55.1
510592,501346,500082,3006923,,2024-02-07,32856,31.2,,8645,0,40,U/L,31.2
510593,501346,500082,3016723,,2024-02-07,32856,0.94,,8840,0.6,1.2,mg/dL,0.94
510594,501346,500082,3049187,,2024-02-07,32856,59.6,,9550,90,130,mL/min/1.73m2,59.6
510595,501347,500082,3004410,,2024-05-03,32856,5.8,,8554,4,5.6,%,5.8
510596,501347,500082,3004501,,2024-05-03,32856,118,,8840,70,99,mg/dL,118.0
510597,501347,500082,3004249,,2024-05-03,32856,145,,8876,90,130,mmHg,145.0
510598,501347,500082,3012888,,2024-05-03,32856,88,,8876,60,85,mmHg,88.0
510599,501347,500082,3025315,,2024-05-03,32856,75.1,,9529,45,90,kg,75.1
510600,501347,500082,3038553,,2024-05-03,32856,23.6,,9531,18.5,25,kg/m2,23.6
510601,501348,500082,3004410,,2024-07-26,32856,5.1,,8554,4,5.6,%,5.1
510602,501348,500082,3004501,,2024-07-26,32856,78,,8840,70,99,mg/dL,78.0
510603,501348,500082,3004249,,2024-07-26,32856,132,,8876,90,130,mmHg,132.0
510604,501348,500082,3012888,,2024-07-26,32856,76,,8876,60,85,mmHg,76.0
510605,501348,500082,3025315,,2024-07-26,32856,75.4,,9529,45,90,kg,75.4
510606,501348,500082,3038553,,2024-07-26,32856,23.7,,9531,18.5,25,kg/m2,23.7
510607,501349,500082,3004410,,2024-10-23,32856,5,,8554,4,5.6,%,5.0
510608,501349,500082,3004501,,2024-10-23,32856,94,,8840,70,99,mg/dL,94.0
510609,501349,500082,3004249,,2024-10-23,32856,114,,8876,90,130,mmHg,114.0
510610,501349,500082,3012888,,2024-10-23,32856,77,,8876,60,85,mmHg,77.0
510611,501349,500082,3025315,,2024-10-23,32856,74.2,,9529,45,90,kg,74.2
510612,501349,500082,3038553,,2024-10-23,32856,23.3,,9531,18.5,25,kg/m2,23.3
510613,501350,500082,3004410,,2025-01-24,32856,5.4,,8554,4,5.6,%,5.4
510614,501350,500082,3004501,,2025-01-24,32856,87,,8840,70,99,mg/dL,87.0
510615,501350,500082,3004249,,2025-01-24,32856,136,,8876,90,130,mmHg,136.0
510616,501350,500082,3012888,,2025-01-24,32856,85,,8876,60,85,mmHg,85.0
510617,501350,500082,3025315,,2025-01-24,32856,73.3,,9529,45,90,kg,73.3
510618,501350,500082,3038553,,2025-01-24,32856,23.1,,9531,18.5,25,kg/m2,23.1
510619,501350,500082,3022192,,2025-01-24,32856,55.5,,8840,0,150,mg/dL,55.5
510620,501350,500082,3007070,,2025-01-24,32856,52.3,,8840,40,60,mg/dL,52.3
510621,501350,500082,3028437,,2025-01-24,32856,141.6,,8840,0,130,mg/dL,141.6
510622,501350,500082,3013721,,2025-01-24,32856,18.8,,8645,0,40,U/L,18.8
510623,501350,500082,3006923,,2025-01-24,32856,0,,8645,0,40,U/L,0
510624,501350,500082,3016723,,2025-01-24,32856,1.07,,8840,0.6,1.2,mg/dL,1.07
510625,501350,500082,3049187,,2025-01-24,32856,63.6,,9550,90,130,mL/min/1.73m2,63.6
510626,501351,500082,3004410,,2025-04-25,32856,5.3,,8554,4,5.6,%,5.3
510627,501351,500082,3004501,,2025-04-25,32856,109,,8840,70,99,mg/dL,109.0
510628,501351,500082,3004249,,2025-04-25,32856,127,,8876,90,130,mmHg,127.0
510629,501351,500082,3012888,,2025-04-25,32856,85,,8876,60,85,mmHg,85.0
510630,501351,500082,3025315,,2025-04-25,32856,71.9,,9529,45,90,kg,71.9
510631,501351,500082,3038553,,2025-04-25,32856,22.6,,9531,18.5,25,kg/m2,22.6
510632,501352,500082,3004410,,2025-07-19,32856,5.5,,8554,4,5.6,%,5.5
510633,501352,500082,3004501,,2025-07-19,32856,98,,8840,70,99,mg/dL,98.0
510634,501352,500082,3004249,,2025-07-19,32856,129,,8876,90,130,mmHg,129.0
510635,501352,500082,3012888,,2025-07-19,32856,80,,8876,60,85,mmHg,80.0
510636,501352,500082,3025315,,2025-07-19,32856,73.1,,9529,45,90,kg,73.1
510637,501352,500082,3038553,,2025-07-19,32856,23,,9531,18.5,25,kg/m2,23.0
510638,501353,500082,3004410,,2025-10-13,32856,5.5,,8554,4,5.6,%,5.5
510639,501353,500082,3004501,,2025-10-13,32856,94,,8840,70,99,mg/dL,94.0
510640,501353,500082,3004249,,2025-10-13,32856,109,,8876,90,130,mmHg,109.0
510641,501353,500082,3012888,,2025-10-13,32856,81,,8876,60,85,mmHg,81.0
510642,501353,500082,3025315,,2025-10-13,32856,71.9,,9529,45,90,kg,71.9
510643,501353,500082,3038553,,2025-10-13,32856,22.6,,9531,18.5,25,kg/m2,22.6
510644,501354,500082,3004410,,2026-01-12,32856,5.3,,8554,4,5.6,%,5.3
510645,501354,500082,3004501,,2026-01-12,32856,80,,8840,70,99,mg/dL,80.0
510646,501354,500082,3004249,,2026-01-12,32856,136,,8876,90,130,mmHg,136.0
510647,501354,500082,3012888,,2026-01-12,32856,78,,8876,60,85,mmHg,78.0
510648,501354,500082,3025315,,2026-01-12,32856,71,,9529,45,90,kg,71.0
510649,501354,500082,3038553,,2026-01-12,32856,22.3,,9531,18.5,25,kg/m2,22.3
510650,501354,500082,3022192,,2026-01-12,32856,85.9,,8840,0,150,mg/dL,85.9
510651,501354,500082,3007070,,2026-01-12,32856,60.9,,8840,40,60,mg/dL,60.9
510652,501354,500082,3028437,,2026-01-12,32856,120,,8840,0,130,mg/dL,120.0
510653,501354,500082,3013721,,2026-01-12,32856,44.9,,8645,0,40,U/L,44.9
510654,501354,500082,3006923,,2026-01-12,32856,27.4,,8645,0,40,U/L,27.4
510655,501354,500082,3016723,,2026-01-12,32856,1.13,,8840,0.6,1.2,mg/dL,1.13
510656,501354,500082,3049187,,2026-01-12,32856,52.1,,9550,90,130,mL/min/1.73m2,52.1
510657,501355,500082,3004410,,2026-04-07,32856,5.1,,8554,4,5.6,%,5.1
510658,501355,500082,3004501,,2026-04-07,32856,91,,8840,70,99,mg/dL,91.0
510659,501355,500082,3004249,,2026-04-07,32856,147,,8876,90,130,mmHg,147.0
510660,501355,500082,3012888,,2026-04-07,32856,60,,8876,60,85,mmHg,60.0
510661,501355,500082,3025315,,2026-04-07,32856,70.4,,9529,45,90,kg,70.4
510662,501355,500082,3038553,,2026-04-07,32856,22.1,,9531,18.5,25,kg/m2,22.1
510663,501356,500082,3004410,,2026-07-07,32856,5,,8554,4,5.6,%,5.0
510664,501356,500082,3004501,,2026-07-07,32856,78,,8840,70,99,mg/dL,78.0
510665,501356,500082,3004249,,2026-07-07,32856,119,,8876,90,130,mmHg,119.0
510666,501356,500082,3012888,,2026-07-07,32856,72,,8876,60,85,mmHg,72.0
510667,501356,500082,3025315,,2026-07-07,32856,70.3,,9529,45,90,kg,70.3
510668,501356,500082,3038553,,2026-07-07,32856,22.1,,9531,18.5,25,kg/m2,22.1
510669,501357,500083,3036277,,2018-07-05,32856,168.7,,8582,150,185,cm,168.7
510670,501357,500083,3004410,,2018-07-05,32856,9.8,,8554,4,5.6,%,9.8
510671,501357,500083,3004501,,2018-07-05,32856,190,,8840,70,99,mg/dL,190.0
510672,501357,500083,3004249,,2018-07-05,32856,154,,8876,90,130,mmHg,154.0
510673,501357,500083,3012888,,2018-07-05,32856,88,,8876,60,85,mmHg,88.0
510674,501357,500083,3025315,,2018-07-05,32856,88.8,,9529,45,90,kg,88.8
510675,501357,500083,3038553,,2018-07-05,32856,31.2,,9531,18.5,25,kg/m2,31.2
510676,501357,500083,3022192,,2018-07-05,32856,138,,8840,0,150,mg/dL,138.0
510677,501357,500083,3007070,,2018-07-05,32856,39.3,,8840,40,60,mg/dL,39.3
510678,501357,500083,3028437,,2018-07-05,32856,106.9,,8840,0,130,mg/dL,106.9
510679,501357,500083,3013721,,2018-07-05,32856,38.8,,8645,0,40,U/L,38.8
510680,501357,500083,3006923,,2018-07-05,32856,48.7,,8645,0,40,U/L,48.7
510681,501357,500083,3016723,,2018-07-05,32856,0.61,,8840,0.6,1.2,mg/dL,0.61
510682,501357,500083,3049187,,2018-07-05,32856,49,,9550,90,130,mL/min/1.73m2,49.0
510683,501358,500083,3004410,,2018-09-28,32856,8.9,,8554,4,5.6,%,8.9
510684,501358,500083,3004501,,2018-09-28,32856,179,,8840,70,99,mg/dL,179.0
510685,501358,500083,3004249,,2018-09-28,32856,141,,8876,90,130,mmHg,141.0
510686,501358,500083,3012888,,2018-09-28,32856,78,,8876,60,85,mmHg,78.0
510687,501358,500083,3025315,,2018-09-28,32856,89,,9529,45,90,kg,89.0
510688,501358,500083,3038553,,2018-09-28,32856,31.3,,9531,18.5,25,kg/m2,31.3
510689,501359,500083,3004410,,2018-12-28,32856,8.3,,8554,4,5.6,%,8.3
510690,501359,500083,3004501,,2018-12-28,32856,165,,8840,70,99,mg/dL,165.0
510691,501359,500083,3004249,,2018-12-28,32856,170,,8876,90,130,mmHg,170.0
510692,501359,500083,3012888,,2018-12-28,32856,97,,8876,60,85,mmHg,97.0
510693,501359,500083,3025315,,2018-12-28,32856,90.4,,9529,45,90,kg,90.4
510694,501359,500083,3038553,,2018-12-28,32856,31.8,,9531,18.5,25,kg/m2,31.8
510695,501360,500083,3004410,,2019-03-22,32856,7.7,,8554,4,5.6,%,7.7
510696,501360,500083,3004501,,2019-03-22,32856,153,,8840,70,99,mg/dL,153.0
510697,501360,500083,3004249,,2019-03-22,32856,138,,8876,90,130,mmHg,138.0
510698,501360,500083,3012888,,2019-03-22,32856,78,,8876,60,85,mmHg,78.0
510699,501360,500083,3025315,,2019-03-22,32856,91.2,,9529,45,90,kg,91.2
510700,501360,500083,3038553,,2019-03-22,32856,32,,9531,18.5,25,kg/m2,32.0
510701,501361,500083,3004410,,2019-06-17,32856,7.2,,8554,4,5.6,%,7.2
510702,501361,500083,3004501,,2019-06-17,32856,139,,8840,70,99,mg/dL,139.0
510703,501361,500083,3004249,,2019-06-17,32856,153,,8876,90,130,mmHg,153.0
510704,501361,500083,3012888,,2019-06-17,32856,99,,8876,60,85,mmHg,99.0
510705,501361,500083,3025315,,2019-06-17,32856,91,,9529,45,90,kg,91.0
510706,501361,500083,3038553,,2019-06-17,32856,32,,9531,18.5,25,kg/m2,32.0
510707,501361,500083,3022192,,2019-06-17,32856,346.8,,8840,0,150,mg/dL,346.8
510708,501361,500083,3007070,,2019-06-17,32856,49.1,,8840,40,60,mg/dL,49.1
510709,501361,500083,3028437,,2019-06-17,32856,148.4,,8840,0,130,mg/dL,148.4
510710,501361,500083,3013721,,2019-06-17,32856,70.8,,8645,0,40,U/L,70.8
510711,501361,500083,3006923,,2019-06-17,32856,46.8,,8645,0,40,U/L,46.8
510712,501361,500083,3016723,,2019-06-17,32856,1.08,,8840,0.6,1.2,mg/dL,1.08
510713,501361,500083,3049187,,2019-06-17,32856,83.2,,9550,90,130,mL/min/1.73m2,83.2
510714,501362,500083,3004410,,2019-09-12,32856,7.1,,8554,4,5.6,%,7.1
510715,501362,500083,3004501,,2019-09-12,32856,133,,8840,70,99,mg/dL,133.0
510716,501362,500083,3004249,,2019-09-12,32856,145,,8876,90,130,mmHg,145.0
510717,501362,500083,3012888,,2019-09-12,32856,99,,8876,60,85,mmHg,99.0
510718,501362,500083,3025315,,2019-09-12,32856,91,,9529,45,90,kg,91.0
510719,501362,500083,3038553,,2019-09-12,32856,32,,9531,18.5,25,kg/m2,32.0
510720,501363,500083,3004410,,2019-12-10,32856,7.3,,8554,4,5.6,%,7.3
510721,501363,500083,3004501,,2019-12-10,32856,122,,8840,70,99,mg/dL,122.0
510722,501363,500083,3004249,,2019-12-10,32856,148,,8876,90,130,mmHg,148.0
510723,501363,500083,3012888,,2019-12-10,32856,85,,8876,60,85,mmHg,85.0
510724,501363,500083,3025315,,2019-12-10,32856,90.8,,9529,45,90,kg,90.8
510725,501363,500083,3038553,,2019-12-10,32856,31.9,,9531,18.5,25,kg/m2,31.9
510726,501364,500083,3004410,,2020-03-11,32856,7.2,,8554,4,5.6,%,7.2
510727,501364,500083,3004501,,2020-03-11,32856,148,,8840,70,99,mg/dL,148.0
510728,501364,500083,3004249,,2020-03-11,32856,133,,8876,90,130,mmHg,133.0
510729,501364,500083,3012888,,2020-03-11,32856,80,,8876,60,85,mmHg,80.0
510730,501364,500083,3025315,,2020-03-11,32856,91.6,,9529,45,90,kg,91.6
510731,501364,500083,3038553,,2020-03-11,32856,32.2,,9531,18.5,25,kg/m2,32.2
510732,501365,500083,3004410,,2020-06-06,32856,7.1,,8554,4,5.6,%,7.1
510733,501365,500083,3004501,,2020-06-06,32856,136,,8840,70,99,mg/dL,136.0
510734,501365,500083,3004249,,2020-06-06,32856,149,,8876,90,130,mmHg,149.0
510735,501365,500083,3012888,,2020-06-06,32856,84,,8876,60,85,mmHg,84.0
510736,501365,500083,3025315,,2020-06-06,32856,91.3,,9529,45,90,kg,91.3
510737,501365,500083,3038553,,2020-06-06,32856,32.1,,9531,18.5,25,kg/m2,32.1
510738,501365,500083,3022192,,2020-06-06,32856,68,,8840,0,150,mg/dL,68.0
510739,501365,500001,3007070,,2020-06-06,32856,38.6,,8840,40,60,mg/dL,38.6
510740,501365,500083,3028437,,2020-06-06,32856,94.3,,8840,0,130,mg/dL,94.3
510741,501365,500083,3013721,,2020-06-06,32856,9.9,,8645,0,40,U/L,9.9
510742,501365,500083,3006923,,2020-06-06,32856,32.1,,8645,0,40,U/L,32.1
510743,501365,500083,3016723,,2020-06-06,32856,0.81,,8840,0.6,1.2,mg/dL,0.81
510744,501365,500083,3049187,,2020-06-06,32856,85,,9550,90,130,mL/min/1.73m2,85.0
510745,501366,500083,3004410,,2020-09-06,32856,7.4,,8554,4,5.6,%,7.4
510746,501366,500083,3004501,,2020-09-06,32856,155,,8840,70,99,mg/dL,155.0
510747,501366,500083,3004249,,2020-09-06,32856,136,,8876,90,130,mmHg,136.0
510748,501366,500083,3012888,,2020-09-06,32856,93,,8876,60,85,mmHg,93.0
510749,501366,500083,3025315,,2020-09-06,32856,91.8,,9529,45,90,kg,91.8
510750,501366,500083,3038553,,2020-09-06,32856,32.3,,9531,18.5,25,kg/m2,32.3
510751,501367,500083,3004410,,2020-12-13,32856,6.3,,8554,4,5.6,%,6.3
510752,501367,500083,3004501,,2020-12-13,32856,127,,8840,70,99,mg/dL,127.0
510753,501367,500083,3004249,,2020-12-13,32856,163,,8876,90,130,mmHg,163.0
510754,501367,500083,3012888,,2020-12-13,32856,89,,8876,60,85,mmHg,89.0
510755,501367,500083,3025315,,2020-12-13,32856,90,,9529,45,90,kg,90.0
510756,501367,500083,3038553,,2020-12-13,32856,31.6,,9531,18.5,25,kg/m2,31.6
510757,501368,500083,3004410,,2021-03-09,32856,6.6,,8554,4,5.6,%,6.6
510758,501368,500083,3004501,,2021-03-09,32856,151,,8840,70,99,mg/dL,151.0
510759,501368,500083,3004249,,2021-03-09,32856,131,,8876,90,130,mmHg,131.0
510760,501368,500083,3012888,,2021-03-09,32856,85,,8876,60,85,mmHg,85.0
510761,501368,500083,3025315,,2021-03-09,32856,88.8,,9529,45,90,kg,88.8
510762,501368,500083,3038553,,2021-03-09,32856,31.2,,9531,18.5,25,kg/m2,31.2
510763,501369,500083,3004410,,2021-06-02,32856,7,,8554,4,5.6,%,7.0
510764,501369,500083,3004501,,2021-06-02,32856,169,,8840,70,99,mg/dL,169.0
510765,501369,500083,3004249,,2021-06-02,32856,126,,8876,90,130,mmHg,126.0
510766,501369,500083,3012888,,2021-06-02,32856,93,,8876,60,85,mmHg,93.0
510767,501369,500083,3025315,,2021-06-02,32856,87.4,,9529,45,90,kg,87.4
510768,501369,500083,3038553,,2021-06-02,32856,30.7,,9531,18.5,25,kg/m2,30.7
510769,501369,500083,3022192,,2021-06-02,32856,230.9,,8840,0,150,mg/dL,230.9
510770,501369,500083,3007070,,2021-06-02,32856,49.6,,8840,40,60,mg/dL,49.6
510771,501369,500083,3028437,,2021-06-02,32856,154.5,,8840,0,130,mg/dL,154.5
510772,501369,500083,3013721,,2021-06-02,32856,11.2,,8645,0,40,U/L,11.2
510773,501369,500083,3006923,,2021-06-02,32856,95.6,,8645,0,40,U/L,95.6
510774,501369,500083,3016723,,2021-06-02,32856,0.72,,8840,0.6,1.2,mg/dL,0.72
510775,501369,500083,3049187,,2021-06-02,32856,102.5,,9550,90,130,mL/min/1.73m2,102.5
510776,501370,500083,3004410,,2021-09-01,32856,7.1,,8554,4,5.6,%,7.1
510777,501370,500083,3004501,,2021-09-01,32856,128,,8840,70,99,mg/dL,128.0
510778,501370,500083,3004249,,2021-09-01,32856,141,,8876,90,130,mmHg,141.0
510779,501370,500083,3012888,,2021-09-01,32856,81,,8876,60,85,mmHg,81.0
510780,501370,500083,3025315,,2021-09-01,32856,87.7,,9529,45,90,kg,87.7
510781,501370,500083,3038553,,2021-09-01,32856,30.8,,9531,18.5,25,kg/m2,30.8
510782,501371,500083,3004410,,2021-12-07,32856,6.7,,8554,4,5.6,%,6.7
510783,501371,500083,3004501,,2021-12-07,32856,106,,8840,70,99,mg/dL,106.0
510784,501371,500083,3004249,,2021-12-07,32856,139,,8876,90,130,mmHg,139.0
510785,501371,500083,3012888,,2021-12-07,32856,84,,8876,60,85,mmHg,84.0
510786,501371,500083,3025315,,2021-12-07,32856,86.6,,9529,45,90,kg,86.6
510787,501371,500083,3038553,,2021-12-07,32856,30.4,,9531,18.5,25,kg/m2,30.4
510788,501372,500083,3004410,,2022-03-13,32856,7,,8554,4,5.6,%,7.0
510789,501372,500083,3004501,,2022-03-13,32856,136,,8840,70,99,mg/dL,136.0
510790,501372,500083,3004249,,2022-03-13,32856,124,,8876,90,130,mmHg,124.0
510791,501372,500083,3012888,,2022-03-13,32856,80,,8876,60,85,mmHg,80.0
510792,501372,500083,3025315,,2022-03-13,32856,87.5,,9529,45,90,kg,87.5
510793,501372,500083,3038553,,2022-03-13,32856,30.7,,9531,18.5,25,kg/m2,30.7
510794,501373,500084,3036277,,2022-05-09,32856,151.9,,8582,150,185,cm,151.9
510795,501373,500084,3004410,,2022-05-09,32856,7.1,,8554,4,5.6,%,7.1
510796,501373,500084,3004501,,2022-05-09,32856,143,,8840,70,99,mg/dL,143.0
510797,501373,500084,3004249,,2022-05-09,32856,166,,8876,90,130,mmHg,166.0
510798,501373,500084,3012888,,2022-05-09,32856,103,,8876,60,85,mmHg,103.0
510799,501373,500084,3025315,,2022-05-09,32856,60.7,,9529,45,90,kg,60.7
510800,501373,500084,3038553,,2022-05-09,32856,26.3,,9531,18.5,25,kg/m2,26.3
510801,501373,500084,3022192,,2022-05-09,32856,124.1,,8840,0,150,mg/dL,124.1
510802,501373,500084,3007070,,2022-05-09,32856,60.3,,8840,40,60,mg/dL,60.3
510803,501373,500084,3028437,,2022-05-09,32856,156.4,,8840,0,130,mg/dL,156.4
510804,501373,500084,3013721,,2022-05-09,32856,34.4,,8645,0,40,U/L,34.4
510805,501373,500084,3006923,,2022-05-09,32856,66.4,,8645,0,40,U/L,66.4
510806,501373,500084,3016723,,2022-05-09,32856,0.92,,8840,0.6,1.2,mg/dL,0.92
510807,501373,500084,3049187,,2022-05-09,32856,81.7,,9550,90,130,mL/min/1.73m2,81.7
510808,501374,500084,3004410,,2022-08-06,32856,6.3,,8554,4,5.6,%,6.3
510809,501374,500084,3004501,,2022-08-06,32856,116,,8840,70,99,mg/dL,116.0
510810,501374,500084,3004249,,2022-08-06,32856,127,,8876,90,130,mmHg,127.0
510811,501374,500084,3012888,,2022-08-06,32856,91,,8876,60,85,mmHg,91.0
510812,501374,500084,3025315,,2022-08-06,32856,61.7,,9529,45,90,kg,61.7
510813,501374,500084,3038553,,2022-08-06,32856,26.7,,9531,18.5,25,kg/m2,26.7
510814,501375,500084,3004410,,2022-11-02,32856,6.6,,8554,4,5.6,%,6.6
510815,501375,500084,3004501,,2022-11-02,32856,91,,8840,70,99,mg/dL,91.0
510816,501375,500084,3004249,,2022-11-02,32856,146,,8876,90,130,mmHg,146.0
510817,501375,500084,3012888,,2022-11-02,32856,98,,8876,60,85,mmHg,98.0
510818,501375,500084,3025315,,2022-11-02,32856,60.6,,9529,45,90,kg,60.6
510819,501375,500084,3038553,,2022-11-02,32856,26.3,,9531,18.5,25,kg/m2,26.3
510820,501376,500084,3004410,,2023-01-27,32856,6.4,,8554,4,5.6,%,6.4
510821,501376,500084,3004501,,2023-01-27,32856,116,,8840,70,99,mg/dL,116.0
510822,501376,500084,3004249,,2023-01-27,32856,136,,8876,90,130,mmHg,136.0
510823,501376,500084,3012888,,2023-01-27,32856,83,,8876,60,85,mmHg,83.0
510824,501376,500084,3025315,,2023-01-27,32856,60.8,,9529,45,90,kg,60.8
510825,501376,500084,3038553,,2023-01-27,32856,26.4,,9531,18.5,25,kg/m2,26.4
510826,501377,500084,3004410,,2023-04-25,32856,6.8,,8554,4,5.6,%,6.8
510827,501377,500084,3004501,,2023-04-25,32856,109,,8840,70,99,mg/dL,109.0
510828,501377,500084,3004249,,2023-04-25,32856,133,,8876,90,130,mmHg,133.0
510829,501377,500084,3012888,,2023-04-25,32856,85,,8876,60,85,mmHg,85.0
510830,501377,500084,3025315,,2023-04-25,32856,59.9,,9529,45,90,kg,59.9
510831,501377,500084,3038553,,2023-04-25,32856,26,,9531,18.5,25,kg/m2,26.0
510832,501377,500084,3022192,,2023-04-25,32856,234.7,,8840,0,150,mg/dL,234.7
510833,501377,500084,3007070,,2023-04-25,32856,52,,8840,40,60,mg/dL,52.0
510834,501377,500084,3028437,,2023-04-25,32856,88.5,,8840,0,130,mg/dL,88.5
510835,501377,500084,3013721,,2023-04-25,32856,46.9,,8645,0,40,U/L,46.9
510836,501377,500084,3006923,,2023-04-25,32856,87.8,,8645,0,40,U/L,87.8
510837,501377,500084,3016723,,2023-04-25,32856,0.81,,8840,0.6,1.2,mg/dL,0.81
510838,501377,500084,3049187,,2023-04-25,32856,129.9,,9550,90,130,mL/min/1.73m2,129.9
510839,501378,500084,3004410,,2023-07-18,32856,6.4,,8554,4,5.6,%,6.4
510840,501378,500084,3004501,,2023-07-18,32856,129,,8840,70,99,mg/dL,129.0
510841,501378,500084,3004249,,2023-07-18,32856,158,,8876,90,130,mmHg,158.0
510842,501378,500084,3012888,,2023-07-18,32856,83,,8876,60,85,mmHg,83.0
510843,501378,500084,3025315,,2023-07-18,32856,60.1,,9529,45,90,kg,60.1
510844,501378,500084,3038553,,2023-07-18,32856,26,,9531,18.5,25,kg/m2,26.0
510845,501379,500084,3004410,,2023-10-24,32856,5.8,,8554,4,5.6,%,5.8
510846,501379,500084,3004501,,2023-10-24,32856,101,,8840,70,99,mg/dL,101.0
510847,501379,500084,3004249,,2023-10-24,32856,153,,8876,90,130,mmHg,153.0
510848,501379,500084,3012888,,2023-10-24,32856,89,,8876,60,85,mmHg,89.0
510849,501379,500084,3025315,,2023-10-24,32856,62.5,,9529,45,90,kg,62.5
510850,501379,500084,3038553,,2023-10-24,32856,27.1,,9531,18.5,25,kg/m2,27.1
510851,501380,500084,3004410,,2024-01-30,32856,6.7,,8554,4,5.6,%,6.7
510852,501380,500084,3004501,,2024-01-30,32856,126,,8840,70,99,mg/dL,126.0
510853,501380,500084,3004249,,2024-01-30,32856,121,,8876,90,130,mmHg,121.0
510854,501380,500084,3012888,,2024-01-30,32856,91,,8876,60,85,mmHg,91.0
510855,501380,500084,3025315,,2024-01-30,32856,61.3,,9529,45,90,kg,61.3
510856,501380,500084,3038553,,2024-01-30,32856,26.6,,9531,18.5,25,kg/m2,26.6
510857,501381,500084,3004410,,2024-05-01,32856,6.4,,8554,4,5.6,%,6.4
510858,501381,500084,3004501,,2024-05-01,32856,96,,8840,70,99,mg/dL,96.0
510859,501381,500084,3004249,,2024-05-01,32856,128,,8876,90,130,mmHg,128.0
510860,501381,500084,3012888,,2024-05-01,32856,79,,8876,60,85,mmHg,79.0
510861,501381,500084,3025315,,2024-05-01,32856,62.6,,9529,45,90,kg,62.6
510862,501381,500084,3038553,,2024-05-01,32856,27.1,,9531,18.5,25,kg/m2,27.1
510863,501381,500084,3022192,,2024-05-01,32856,300.8,,8840,0,150,mg/dL,300.8
510864,501381,500084,3007070,,2024-05-01,32856,36.9,,8840,40,60,mg/dL,36.9
510865,501381,500084,3028437,,2024-05-01,32856,117.1,,8840,0,130,mg/dL,117.1
510866,501381,500084,3013721,,2024-05-01,32856,73.2,,8645,0,40,U/L,73.2
510867,501381,500084,3006923,,2024-05-01,32856,32.2,,8645,0,40,U/L,32.2
510868,501381,500084,3016723,,2024-05-01,32856,0.5,,8840,0.6,1.2,mg/dL,0.5
510869,501381,500084,3049187,,2024-05-01,32856,73.8,,9550,90,130,mL/min/1.73m2,73.8
510870,501382,500084,3004410,,2024-07-29,32856,6.7,,8554,4,5.6,%,6.7
510871,501382,500084,3004501,,2024-07-29,32856,119,,8840,70,99,mg/dL,119.0
510872,501382,500084,3004249,,2024-07-29,32856,160,,8876,90,130,mmHg,160.0
510873,501382,500084,3012888,,2024-07-29,32856,81,,8876,60,85,mmHg,81.0
510874,501382,500084,3025315,,2024-07-29,32856,60,,9529,45,90,kg,60.0
510875,501382,500084,3038553,,2024-07-29,32856,26,,9531,18.5,25,kg/m2,26.0
510876,501383,500084,3004410,,2024-10-21,32856,6.8,,8554,4,5.6,%,6.8
510877,501383,500084,3004501,,2024-10-21,32856,122,,8840,70,99,mg/dL,122.0
510878,501383,500084,3004249,,2024-10-21,32856,135,,8876,90,130,mmHg,135.0
510879,501383,500084,3012888,,2024-10-21,32856,75,,8876,60,85,mmHg,75.0
510880,501383,500084,3025315,,2024-10-21,32856,61,,9529,45,90,kg,61.0
510881,501383,500084,3038553,,2024-10-21,32856,26.4,,9531,18.5,25,kg/m2,26.4
510882,501384,500084,3004410,,2025-01-26,32856,6.8,,8554,4,5.6,%,6.8
510883,501384,500084,3004501,,2025-01-26,32856,126,,8840,70,99,mg/dL,126.0
510884,501384,500084,3004249,,2025-01-26,32856,135,,8876,90,130,mmHg,135.0
510885,501384,500084,3012888,,2025-01-26,32856,92,,8876,60,85,mmHg,92.0
510886,501384,500084,3025315,,2025-01-26,32856,62,,9529,45,90,kg,62.0
510887,501384,500084,3038553,,2025-01-26,32856,26.9,,9531,18.5,25,kg/m2,26.9
510888,501385,500084,3004410,,2025-05-03,32856,6.7,,8554,4,5.6,%,6.7
510889,501385,500084,3004501,,2025-05-03,32856,109,,8840,70,99,mg/dL,109.0
510890,501385,500084,3004249,,2025-05-03,32856,145,,8876,90,130,mmHg,145.0
510891,501385,500084,3012888,,2025-05-03,32856,84,,8876,60,85,mmHg,84.0
510892,501385,500084,3025315,,2025-05-03,32856,62.9,,9529,45,90,kg,62.9
510893,501385,500084,3038553,,2025-05-03,32856,27.3,,9531,18.5,25,kg/m2,27.3
510894,501385,500084,3022192,,2025-05-03,32856,261.5,,8840,0,150,mg/dL,261.5
510895,501385,500084,3007070,,2025-05-03,32856,47.8,,8840,40,60,mg/dL,47.8
510896,501385,500084,3028437,,2025-05-03,32856,116.1,,8840,0,130,mg/dL,116.1
510897,501385,500084,3013721,,2025-05-03,32856,28.6,,8645,0,40,U/L,28.6
510898,501385,500084,3006923,,2025-05-03,32856,24.3,,8645,0,40,U/L,24.3
510899,501385,500084,3016723,,2025-05-03,32856,0.77,,8840,0.6,1.2,mg/dL,0.77
510900,501385,500084,3049187,,2025-05-03,32856,62.8,,9550,90,130,mL/min/1.73m2,62.8
510901,501386,500084,3004410,,2025-07-28,32856,6.6,,8554,4,5.6,%,6.6
510902,501386,500084,3004501,,2025-07-28,32856,103,,8840,70,99,mg/dL,103.0
510903,501386,500084,3004249,,2025-07-28,32856,126,,8876,90,130,mmHg,126.0
510904,501386,500084,3012888,,2025-07-28,32856,72,,8876,60,85,mmHg,72.0
510905,501386,500084,3025315,,2025-07-28,32856,65.5,,9529,45,90,kg,65.5
510906,501386,500084,3038553,,2025-07-28,32856,28.4,,9531,18.5,25,kg/m2,28.4
510907,501387,500084,3004410,,2025-10-30,32856,6.8,,8554,4,5.6,%,6.8
510908,501387,500084,3004501,,2025-10-30,32856,132,,8840,70,99,mg/dL,132.0
510909,501387,500084,3004249,,2025-10-30,32856,127,,8876,90,130,mmHg,127.0
510910,501387,500084,3012888,,2025-10-30,32856,90,,8876,60,85,mmHg,90.0
510911,501387,500084,3025315,,2025-10-30,32856,65.1,,9529,45,90,kg,65.1
510912,501387,500084,3038553,,2025-10-30,32856,28.2,,9531,18.5,25,kg/m2,28.2
510913,501388,500084,3004410,,2026-01-28,32856,6.3,,8554,4,5.6,%,6.3
510914,501388,500084,3004501,,2026-01-28,32856,117,,8840,70,99,mg/dL,117.0
510915,501388,500084,3004249,,2026-01-28,32856,144,,8876,90,130,mmHg,144.0
510916,501388,500084,3012888,,2026-01-28,32856,85,,8876,60,85,mmHg,85.0
510917,501388,500084,3025315,,2026-01-28,32856,64.7,,9529,45,90,kg,64.7
510918,501388,500084,3038553,,2026-01-28,32856,28,,9531,18.5,25,kg/m2,28.0
510919,501389,500084,3004410,,2026-04-28,32856,6.3,,8554,4,5.6,%,6.3
510920,501389,500084,3004501,,2026-04-28,32856,103,,8840,70,99,mg/dL,103.0
510921,501389,500084,3004249,,2026-04-28,32856,147,,8876,90,130,mmHg,147.0
510922,501389,500084,3012888,,2026-04-28,32856,75,,8876,60,85,mmHg,75.0
510923,501389,500084,3025315,,2026-04-28,32856,65.1,,9529,45,90,kg,65.1
510924,501389,500084,3038553,,2026-04-28,32856,28.2,,9531,18.5,25,kg/m2,28.2
510925,501389,500084,3022192,,2026-04-28,32856,135.2,,8840,0,150,mg/dL,135.2
510926,501389,500084,3007070,,2026-04-28,32856,36.6,,8840,40,60,mg/dL,36.6
510927,501389,500084,3028437,,2026-04-28,32856,118.2,,8840,0,130,mg/dL,118.2
510928,501389,500084,3013721,,2026-04-28,32856,37.8,,8645,0,40,U/L,37.8
510929,501389,500084,3006923,,2026-04-28,32856,65.9,,8645,0,40,U/L,65.9
510930,501389,500084,3016723,,2026-04-28,32856,0.88,,8840,0.6,1.2,mg/dL,0.88
510931,501389,500084,3049187,,2026-04-28,32856,92.8,,9550,90,130,mL/min/1.73m2,92.8
510932,501390,500084,3004410,,2026-08-02,32856,6.3,,8554,4,5.6,%,6.3
510933,501390,500084,3004501,,2026-08-02,32856,117,,8840,70,99,mg/dL,117.0
510934,501390,500084,3004249,,2026-08-02,32856,127,,8876,90,130,mmHg,127.0
510935,501390,500084,3012888,,2026-08-02,32856,95,,8876,60,85,mmHg,95.0
510936,501390,500084,3025315,,2026-08-02,32856,65,,9529,45,90,kg,65.0
510937,501390,500084,3038553,,2026-08-02,32856,28.2,,9531,18.5,25,kg/m2,28.2
510938,501391,500085,3036277,,2022-04-23,32856,162.1,,8582,150,185,cm,162.1
510939,501391,500085,3004410,,2022-04-23,32856,8.4,,8554,4,5.6,%,8.4
510940,501391,500085,3004501,,2022-04-23,32856,189,,8840,70,99,mg/dL,189.0
510941,501391,500085,3004249,,2022-04-23,32856,126,,8876,90,130,mmHg,126.0
510942,501391,500085,3012888,,2022-04-23,32856,76,,8876,60,85,mmHg,76.0
510943,501391,500085,3025315,,2022-04-23,32856,52.6,,9529,45,90,kg,52.6
510944,501391,500085,3038553,,2099-01-01,32856,20,,9531,18.5,25,kg/m2,20.0
510945,501391,500085,3022192,,2022-04-23,32856,116.3,,8840,0,150,mg/dL,116.3
510946,501391,500085,3007070,,2022-04-23,32856,55.5,,8840,40,60,mg/dL,55.5
510947,501391,500085,3028437,,2022-04-23,32856,66,,8840,0,130,mg/dL,66.0
510948,501391,500085,3013721,,2022-04-23,32856,6.1,,8645,0,40,U/L,6.1
510949,501391,500085,3006923,,2022-04-23,32856,0,,8645,0,40,U/L,0
510950,501391,500085,3016723,,2022-04-23,32856,0.39,,8840,0.6,1.2,mg/dL,0.39
510951,501391,500085,3049187,,2022-04-23,32856,65.6,,9550,90,130,mL/min/1.73m2,65.6
510952,501392,500085,3004410,,2022-07-19,32856,8.3,,8554,4,5.6,%,8.3
510953,501392,500085,3004501,,2022-07-19,32856,163,,8840,70,99,mg/dL,163.0
510954,501392,500085,3004249,,2022-07-19,32856,154,,8876,90,130,mmHg,154.0
510955,501392,500085,3012888,,2022-07-19,32856,59,,8876,60,85,mmHg,59.0
510956,501392,500085,3025315,,2022-07-19,32856,53.2,,9529,45,90,kg,53.2
510957,501392,500085,3038553,,2022-07-19,32856,20.2,,9531,18.5,25,kg/m2,20.2
510958,501393,500085,3004410,,2022-10-20,32856,7.7,,8554,4,5.6,%,7.7
510959,501393,500085,3004501,,2022-10-20,32856,164,,8840,70,99,mg/dL,164.0
510960,501393,500085,3004249,,2022-10-20,32856,144,,8876,90,130,mmHg,144.0
510961,501393,500085,3012888,,2022-10-20,32856,79,,8876,60,85,mmHg,79.0
510962,501393,500085,3025315,,2022-10-20,32856,55.1,,9529,45,90,kg,55.1
510963,501393,500085,3038553,,2022-10-20,32856,21,,9531,18.5,25,kg/m2,21.0
510964,501394,500085,3004410,,2023-01-24,32856,6.7,,8554,4,5.6,%,6.7
510965,501394,500085,3004501,,2023-01-24,32856,122,,8840,70,99,mg/dL,122.0
510966,501394,500085,3004249,,2023-01-24,32856,153,,8876,90,130,mmHg,153.0
510967,501394,500085,3012888,,2023-01-24,32856,83,,8876,60,85,mmHg,83.0
510968,501394,500085,3025315,,2023-01-24,32856,54.5,,9529,45,90,kg,54.5
510969,501394,500085,3038553,,2023-01-24,32856,20.7,,9531,18.5,25,kg/m2,20.7
510970,501395,500085,3004410,,2023-04-30,32856,6.9,,8554,4,5.6,%,6.9
510971,501395,500085,3004501,,2023-04-30,32856,149,,8840,70,99,mg/dL,149.0
510972,501395,500085,3004249,,2023-04-30,32856,113,,8876,90,130,mmHg,113.0
510973,501395,500085,3012888,,2023-04-30,32856,69,,8876,60,85,mmHg,69.0
510974,501395,500085,3025315,,2023-04-30,32856,52.8,,9529,45,90,kg,52.8
510975,501395,500085,3038553,,2023-04-30,32856,20.1,,9531,18.5,25,kg/m2,20.1
510976,501395,500085,3022192,,2023-04-30,32856,223.4,,8840,0,150,mg/dL,223.4
510977,501395,500085,3007070,,2023-04-30,32856,55.6,,8840,40,60,mg/dL,55.6
510978,501395,500085,3028437,,2023-04-30,32856,132.7,,8840,0,130,mg/dL,132.7
510979,501395,500085,3013721,,2023-04-30,32856,25.2,,8645,0,40,U/L,25.2
510980,501395,500085,3006923,,2023-04-30,32856,96.6,,8645,0,40,U/L,96.6
510981,501395,500085,3016723,,2023-04-30,32856,0.61,,8840,0.6,1.2,mg/dL,0.61
510982,501395,500085,3049187,,2023-04-30,32856,89.2,,9550,90,130,mL/min/1.73m2,89.2
510983,501396,500085,3004410,,2023-08-06,32856,6.6,,8554,4,5.6,%,6.6
510984,501396,500085,3004501,,2023-08-06,32856,130,,8840,70,99,mg/dL,130.0
510985,501396,500085,3004249,,2023-08-06,32856,132,,8876,90,130,mmHg,132.0
510986,501396,500085,3012888,,2023-08-06,32856,80,,8876,60,85,mmHg,80.0
510987,501396,500085,3025315,,2023-08-06,32856,52.2,,9529,45,90,kg,52.2
510988,501396,500085,3038553,,2023-08-06,32856,19.9,,9531,18.5,25,kg/m2,19.9
510989,501397,500085,3004410,,2023-11-04,32856,6.9,,8554,4,5.6,%,6.9
510990,501397,500085,3004501,,2023-11-04,32856,146,,8840,70,99,mg/dL,146.0
510991,501397,500085,3004249,,2023-11-04,32856,129,,8876,90,130,mmHg,129.0
510992,501397,500085,3012888,,2023-11-04,32856,71,,8876,60,85,mmHg,71.0
510993,501397,500085,3025315,,2023-11-04,32856,51.3,,9529,45,90,kg,51.3
510994,501397,500085,3038553,,2023-11-04,32856,19.5,,9531,18.5,25,kg/m2,19.5
510995,501398,500085,3004410,,2024-01-29,32856,6.7,,8554,4,5.6,%,6.7
510996,501398,500085,3004501,,2024-01-29,32856,137,,8840,70,99,mg/dL,137.0
510997,501398,500085,3004249,,2024-01-29,32856,140,,8876,90,130,mmHg,140.0
510998,501398,500085,3012888,,2024-01-29,32856,76,,8876,60,85,mmHg,76.0
510999,501398,500085,3025315,,2024-01-29,32856,50.6,,9529,45,90,kg,50.6
511000,501398,500085,3038553,,2024-01-29,32856,19.3,,9531,18.5,25,kg/m2,19.3
511001,501399,500085,3004410,,2024-05-06,32856,6.2,,8554,4,5.6,%,6.2
511002,501399,500085,3004501,,2024-05-06,32856,106,,8840,70,99,mg/dL,106.0
511003,501399,500085,3004249,,2024-05-06,32856,132,,8876,90,130,mmHg,132.0
511004,501399,500085,3012888,,2024-05-06,32856,84,,8876,60,85,mmHg,84.0
511005,501399,500085,3025315,,2024-05-06,32856,51.7,,9529,45,90,kg,51.7
511006,501399,500085,3038553,,2024-05-06,32856,19.7,,9531,18.5,25,kg/m2,19.7
511007,501399,500085,3022192,,2024-05-06,32856,78,,8840,0,150,mg/dL,78.0
511008,501399,500085,3007070,,2024-05-06,32856,40,,8840,40,60,mg/dL,40.0
511009,501399,500085,3028437,,2024-05-06,32856,141.9,,8840,0,130,mg/dL,141.9
511010,501399,500085,3013721,,2024-05-06,32856,5.7,,8645,0,40,U/L,5.7
511011,501399,500085,3006923,,2024-05-06,32856,57.6,,8645,0,40,U/L,57.6
511012,501399,500085,3016723,,2024-05-06,32856,0.56,,8840,0.6,1.2,mg/dL,0.56
511013,501399,500085,3049187,,2024-05-06,32856,98.9,,9550,90,130,mL/min/1.73m2,98.9
511014,501400,500085,3004410,,2024-08-02,32856,6.5,,8554,4,5.6,%,6.5
511015,501400,500085,3004501,,2024-08-02,32856,105,,8840,70,99,mg/dL,105.0
511016,501400,500085,3004249,,2024-08-02,32856,143,,8876,90,130,mmHg,143.0
511017,501400,500085,3012888,,2024-08-02,32856,75,,8876,60,85,mmHg,75.0
511018,501400,500085,3025315,,2024-08-02,32856,51.9,,9529,45,90,kg,51.9
511019,501400,500085,3038553,,2024-08-02,32856,19.8,,9531,18.5,25,kg/m2,19.8
511020,501401,500085,3004410,,2024-11-06,32856,6.4,,8554,4,5.6,%,6.4
511021,501401,500085,3004501,,2024-11-06,32856,102,,8840,70,99,mg/dL,102.0
511022,501401,500085,3004249,,2024-11-06,32856,146,,8876,90,130,mmHg,146.0
511023,501401,500085,3012888,,2024-11-06,32856,82,,8876,60,85,mmHg,82.0
511024,501401,500085,3025315,,2024-11-06,32856,52.6,,9529,45,90,kg,52.6
511025,501401,500085,3038553,,2024-11-06,32856,20,,9531,18.5,25,kg/m2,20.0
511026,501402,500085,3004410,,2025-02-10,32856,6.8,,8554,4,5.6,%,6.8
511027,501402,500085,3004501,,2025-02-10,32856,130,,8840,70,99,mg/dL,130.0
511028,501402,500085,3004249,,2025-02-10,32856,122,,8876,90,130,mmHg,122.0
511029,501402,500085,3012888,,2025-02-10,32856,84,,8876,60,85,mmHg,84.0
511030,501402,500085,3025315,,2025-02-10,32856,51.3,,9529,45,90,kg,51.3
511031,501402,500085,3038553,,2025-02-10,32856,19.5,,9531,18.5,25,kg/m2,19.5
511032,501403,500085,3004410,,2025-05-19,32856,6.8,,8554,4,5.6,%,6.8
511033,501403,500085,3004501,,2025-05-19,32856,124,,8840,70,99,mg/dL,124.0
511034,501403,500085,3004249,,2025-05-19,32856,161,,8876,90,130,mmHg,161.0
511035,501403,500085,3012888,,2025-05-19,32856,93,,8876,60,85,mmHg,93.0
511036,501403,500085,3025315,,2025-05-19,32856,51.6,,9529,45,90,kg,51.6
511037,501403,500085,3038553,,2025-05-19,32856,19.6,,9531,18.5,25,kg/m2,19.6
511038,501403,500085,3022192,,2025-05-19,32856,43.2,,8840,0,150,mg/dL,43.2
511039,501403,500085,3007070,,2025-05-19,32856,61.3,,8840,40,60,mg/dL,61.3
511040,501403,500085,3028437,,2025-05-19,32856,132,,8840,0,130,mg/dL,132.0
511041,501403,500085,3013721,,2025-05-19,32856,46.7,,8645,0,40,U/L,46.7
511042,501403,500085,3006923,,2025-05-19,32856,80.8,,8645,0,40,U/L,80.8
511043,501403,500085,3016723,,2025-05-19,32856,1.14,,8840,0.6,1.2,mg/dL,1.14
511044,501403,500085,3049187,,2025-05-19,32856,119.5,,9550,90,130,mL/min/1.73m2,119.5
511045,501404,500085,3004410,,2025-08-12,32856,7.1,,8554,4,5.6,%,7.1
511046,501404,500085,3004501,,2025-08-12,32856,127,,8840,70,99,mg/dL,127.0
511047,501404,500085,3004249,,2025-08-12,32856,141,,8876,90,130,mmHg,141.0
511048,501404,500085,3012888,,2025-08-12,32856,82,,8876,60,85,mmHg,82.0
511049,501404,500085,3025315,,2025-08-12,32856,53.3,,9529,45,90,kg,53.3
511050,501404,500085,3038553,,2025-08-12,32856,20.3,,9531,18.5,25,kg/m2,20.3
511051,501405,500085,3004410,,2025-11-18,32856,7.2,,8554,4,5.6,%,7.2
511052,501405,500085,3004501,,2025-11-18,32856,133,,8840,70,99,mg/dL,133.0
511053,501405,500085,3004249,,2025-11-18,32856,167,,8876,90,130,mmHg,167.0
511054,501405,500085,3012888,,2025-11-18,32856,84,,8876,60,85,mmHg,84.0
511055,501405,500085,3025315,,2025-11-18,32856,54.7,,9529,45,90,kg,54.7
511056,501405,500085,3038553,,2025-11-18,32856,20.8,,9531,18.5,25,kg/m2,20.8
511057,501406,500085,3004410,,2026-02-11,32856,7.4,,8554,4,5.6,%,7.4
511058,501406,500085,3004501,,2026-02-11,32856,151,,8840,70,99,mg/dL,151.0
511059,501406,500085,3004249,,2026-02-11,32856,130,,8876,90,130,mmHg,130.0
511060,501406,500085,3012888,,2026-02-11,32856,92,,8876,60,85,mmHg,92.0
511061,501406,500085,3025315,,2026-02-11,32856,55.8,,9529,45,90,kg,55.8
511062,501406,500085,3038553,,2026-02-11,32856,21.2,,9531,18.5,25,kg/m2,21.2
511063,501407,500085,3004410,,2026-05-13,32856,7.2,,8554,4,5.6,%,7.2
511064,501407,500085,3004501,,2026-05-13,32856,115,,8840,70,99,mg/dL,115.0
511065,501407,500085,3004249,,2026-05-13,32856,129,,8876,90,130,mmHg,129.0
511066,501407,500085,3012888,,2026-05-13,32856,86,,8876,60,85,mmHg,86.0
511067,501407,500085,3025315,,2026-05-13,32856,53.5,,9529,45,90,kg,53.5
511068,501407,500085,3038553,,2026-05-13,32856,20.4,,9531,18.5,25,kg/m2,20.4
511069,501407,500085,3022192,,2026-05-13,32856,42.4,,8840,0,150,mg/dL,42.4
511070,501407,500085,3007070,,2026-05-13,32856,45.7,,8840,40,60,mg/dL,45.7
511071,501407,500085,3028437,,2026-05-13,32856,79.2,,8840,0,130,mg/dL,79.2
511072,501407,500085,3013721,,2026-05-13,32856,61.8,,8645,0,40,U/L,61.8
511073,501407,500085,3006923,,2026-05-13,32856,0,,8645,0,40,U/L,0
511074,501407,500085,3016723,,2026-05-13,32856,0.94,,8840,0.6,1.2,mg/dL,0.94
511075,501407,500085,3049187,,2026-05-13,32856,103.9,,9550,90,130,mL/min/1.73m2,103.9
511076,501408,500085,3004410,,2026-08-18,32856,7.5,,8554,4,5.6,%,7.5
511077,501408,500085,3004501,,2026-08-18,32856,150,,8840,70,99,mg/dL,150.0
511078,501408,500085,3004249,,2026-08-18,32856,121,,8876,90,130,mmHg,121.0
511079,501408,500085,3012888,,2026-08-18,32856,84,,8876,60,85,mmHg,84.0
511080,501408,500085,3025315,,2026-08-18,32856,53.2,,9529,45,90,kg,53.2
511081,501408,500085,3038553,,2026-08-18,32856,20.2,,9531,18.5,25,kg/m2,20.2
511082,501409,500086,3036277,,2023-09-13,32856,171.3,,8582,150,185,cm,171.3
511083,501409,500086,3004410,,2023-09-13,32856,8.1,,8554,4,5.6,%,8.1
511084,501409,500086,3004501,,2023-09-13,32856,144,,8840,70,99,mg/dL,144.0
511085,501409,500086,3004249,,2023-09-13,32856,132,,8876,90,130,mmHg,132.0
511086,501409,500086,3012888,,2023-09-13,32856,68,,8876,60,85,mmHg,68.0
511087,501409,500086,3025315,,2023-09-13,32856,90.7,,9529,45,90,kg,90.7
511088,501409,500086,3038553,,2023-09-13,32856,30.9,,9531,18.5,25,kg/m2,30.9
511089,501409,500086,3022192,,2023-09-13,32856,290.5,,8840,0,150,mg/dL,290.5
511090,501409,500086,3007070,,2023-09-13,32856,29.8,,8840,40,60,mg/dL,29.8
511091,501409,500086,3028437,,2023-09-13,32856,115.6,,8840,0,130,mg/dL,115.6
511092,501409,500086,3013721,,2023-09-13,32856,36.7,,8645,0,40,U/L,36.7
511093,501409,500086,3006923,,2023-09-13,32856,115.7,,8645,0,40,U/L,115.7
511094,501409,500086,3016723,,2023-09-13,32856,0.98,,8840,0.6,1.2,mg/dL,0.98
511095,501409,500086,3049187,,2023-09-13,32856,50.7,,9550,90,130,mL/min/1.73m2,50.7
511096,501410,500086,3004410,,2023-12-11,32856,7.6,,8554,4,5.6,%,7.6
511097,501410,500086,3004501,,2023-12-11,32856,158,,8840,70,99,mg/dL,158.0
511098,501410,500086,3004249,,2023-12-11,32856,113,,8876,90,130,mmHg,113.0
511099,501410,500086,3012888,,2023-12-11,32856,70,,8876,60,85,mmHg,70.0
511100,501410,500086,3025315,,2023-12-11,32856,89.5,,9529,45,90,kg,89.5
511101,501410,500086,3038553,,2023-12-11,32856,30.5,,9531,18.5,25,kg/m2,30.5
511102,501411,500086,3004410,,2024-03-04,32856,7.4,,8554,4,5.6,%,7.4
511103,501411,500086,3004501,,2024-03-04,32856,114,,8840,70,99,mg/dL,114.0
511104,501411,500086,3004249,,2024-03-04,32856,132,,8876,90,130,mmHg,132.0
511105,501411,500086,3012888,,2024-03-04,32856,78,,8876,60,85,mmHg,78.0
511106,501411,500086,3025315,,2024-03-04,32856,90.2,,9529,45,90,kg,90.2
511107,501411,500086,3038553,,2024-03-04,32856,30.7,,9531,18.5,25,kg/m2,30.7
511108,501412,500086,3004410,,2024-05-29,32856,7.3,,8554,4,5.6,%,7.3
511109,501412,500086,3004501,,2024-05-29,32856,156,,8840,70,99,mg/dL,156.0
511110,501412,500086,3004249,,2024-05-29,32856,122,,8876,90,130,mmHg,122.0
511111,501412,500086,3012888,,2024-05-29,32856,78,,8876,60,85,mmHg,78.0
511112,501412,500086,3025315,,2024-05-29,32856,91.6,,9529,45,90,kg,91.6
511113,501412,500086,3038553,,2024-05-29,32856,31.2,,9531,18.5,25,kg/m2,31.2
511114,501413,500086,3004410,,2024-09-04,32856,7.3,,8554,4,5.6,%,7.3
511115,501413,500086,3004501,,2024-09-04,32856,130,,8840,70,99,mg/dL,130.0
511116,501413,500086,3004249,,2024-09-04,32856,117,,8876,90,130,mmHg,117.0
511117,501413,500086,3012888,,2024-09-04,32856,75,,8876,60,85,mmHg,75.0
511118,501413,500086,3025315,,2024-09-04,32856,90.8,,9529,45,90,kg,90.8
511119,501413,500086,3038553,,2024-09-04,32856,30.9,,9531,18.5,25,kg/m2,30.9
511120,501413,500086,3022192,,2024-09-04,32856,166.5,,8840,0,150,mg/dL,166.5
511121,501413,500086,3007070,,2024-09-04,32856,63.4,,8840,40,60,mg/dL,63.4
511122,501413,500086,3028437,,2024-09-04,32856,115.4,,8840,0,130,mg/dL,115.4
511123,501413,500086,3013721,,2024-09-04,32856,3.2,,8645,0,40,U/L,3.2
511124,501413,500086,3006923,,2024-09-04,32856,41.6,,8645,0,40,U/L,41.6
511125,501413,500086,3016723,,2024-09-04,32856,0.65,,8840,0.6,1.2,mg/dL,0.65
511126,501413,500086,3049187,,2024-09-04,32856,58.2,,9550,90,130,mL/min/1.73m2,58.2
511127,501414,500086,3004410,,2024-12-10,32856,7.7,,8554,4,5.6,%,7.7
511128,501414,500086,3004501,,2024-12-10,32856,148,,8840,70,99,mg/dL,148.0
511129,501414,500086,3004249,,2024-12-10,32856,132,,8876,90,130,mmHg,132.0
511130,501414,500086,3012888,,2024-12-10,32856,79,,8876,60,85,mmHg,79.0
511131,501414,500086,3025315,,2024-12-10,32856,92.9,,9529,45,90,kg,92.9
511132,501414,500086,3038553,,2024-12-10,32856,31.7,,9531,18.5,25,kg/m2,31.7
511133,501415,500086,3004410,,2025-03-05,32856,7.6,,8554,4,5.6,%,7.6
511134,501415,500086,3004501,,2025-03-05,32856,145,,8840,70,99,mg/dL,145.0
511135,501415,500086,3004249,,2025-03-05,32856,119,,8876,90,130,mmHg,119.0
511136,501415,500086,3012888,,2025-03-05,32856,67,,8876,60,85,mmHg,67.0
511137,501415,500086,3025315,,2025-03-05,32856,93.7,,9529,45,90,kg,93.7
511138,501415,500086,3038553,,2025-03-05,32856,31.9,,9531,18.5,25,kg/m2,31.9
511139,501416,500086,3004410,,2025-05-30,32856,8,,8554,4,5.6,%,8.0
511140,501416,500086,3004501,,2025-05-30,32856,185,,8840,70,99,mg/dL,185.0
511141,501416,500086,3004249,,2025-05-30,32856,110,,8876,90,130,mmHg,110.0
511142,501416,500086,3012888,,2025-05-30,32856,92,,8876,60,85,mmHg,92.0
511143,501416,500086,3025315,,2025-05-30,32856,93.6,,9529,45,90,kg,93.6
511144,501416,500086,3038553,,2025-05-30,32856,31.9,,9531,18.5,25,kg/m2,31.9
511145,501417,500086,3004410,,2025-08-25,32856,7.9,,8554,4,5.6,%,7.9
511146,501417,500086,3004501,,2025-08-25,32856,179,,8840,70,99,mg/dL,179.0
511147,501417,500086,3004249,,2025-08-25,32856,107,,8876,90,130,mmHg,107.0
511148,501417,500086,3012888,,2025-08-25,32856,90,,8876,60,85,mmHg,90.0
511149,501417,500086,3025315,,2025-08-25,32856,93.9,,9529,45,90,kg,93.9
511150,501417,500086,3038553,,2025-08-25,32856,32,,9531,18.5,25,kg/m2,32.0
511151,501417,500086,3022192,,2025-08-25,32856,235.2,,8840,0,150,mg/dL,235.2
511152,501417,500086,3007070,,2025-08-25,32856,57.3,,8840,40,60,mg/dL,57.3
511153,501417,500086,3028437,,2025-08-25,32856,83.7,,8840,0,130,mg/dL,83.7
511154,501417,500086,3013721,,2025-08-25,32856,36,,8645,0,40,U/L,36.0
511155,501417,500086,3006923,,2025-08-25,32856,68.1,,8645,0,40,U/L,68.1
511156,501417,500086,3016723,,2025-08-25,32856,0.82,,8840,0.6,1.2,mg/dL,0.82
511157,501417,500086,3049187,,2025-08-25,32856,80.3,,9550,90,130,mL/min/1.73m2,80.3
511158,501418,500086,3004410,,2025-11-29,32856,7.4,,8554,4,5.6,%,7.4
511159,501418,500086,3004501,,2025-11-29,32856,119,,8840,70,99,mg/dL,119.0
511160,501418,500086,3004249,,2025-11-29,32856,114,,8876,90,130,mmHg,114.0
511161,501418,500086,3012888,,2025-11-29,32856,77,,8876,60,85,mmHg,77.0
511162,501418,500086,3025315,,2025-11-29,32856,95.1,,9529,45,90,kg,95.1
511163,501418,500086,3038553,,2025-11-29,32856,32.4,,9531,18.5,25,kg/m2,32.4
511164,501419,500086,3004410,,2026-02-27,32856,6.7,,8554,4,5.6,%,6.7
511165,501419,500086,3004501,,2026-02-27,32856,127,,8840,70,99,mg/dL,127.0
511166,501419,500086,3004249,,2026-02-27,32856,119,,8876,90,130,mmHg,119.0
511167,501419,500086,3012888,,2026-02-27,32856,77,,8876,60,85,mmHg,77.0
511168,501419,500086,3025315,,2026-02-27,32856,94.1,,9529,45,90,kg,94.1
511169,501419,500086,3038553,,2026-02-27,32856,32.1,,9531,18.5,25,kg/m2,32.1
511170,501420,500086,3004410,,2026-05-31,32856,7.1,,8554,4,5.6,%,7.1
511171,501420,500086,3004501,,2026-05-31,32856,129,,8840,70,99,mg/dL,129.0
511172,501420,500086,3004249,,2026-05-31,32856,128,,8876,90,130,mmHg,128.0
511173,501420,500086,3012888,,2026-05-31,32856,77,,8876,60,85,mmHg,77.0
511174,501420,500086,3025315,,2026-05-31,32856,94,,9529,45,90,kg,94.0
511175,501420,500086,3038553,,2026-05-31,32856,32,,9531,18.5,25,kg/m2,32.0
511176,501421,500086,3004410,,2026-08-25,32856,7.3,,8554,4,5.6,%,7.3
511177,501421,500086,3004501,,2026-08-25,32856,144,,8840,70,99,mg/dL,144.0
511178,501421,500086,3004249,,2026-08-25,32856,133,,8876,90,130,mmHg,133.0
511179,501421,500086,3012888,,2026-08-25,32856,67,,8876,60,85,mmHg,67.0
511180,501421,500086,3025315,,2026-08-25,32856,94.6,,9529,45,90,kg,94.6
511181,501421,500086,3038553,,2026-08-25,32856,32.2,,9531,18.5,25,kg/m2,32.2
511182,501421,500086,3022192,,2026-08-25,32856,123.2,,8840,0,150,mg/dL,123.2
511183,501421,500086,3007070,,2026-08-25,32856,49.8,,8840,40,60,mg/dL,49.8
511184,501421,500086,3028437,,2026-08-25,32856,113.5,,8840,0,130,mg/dL,113.5
511185,501421,500086,3013721,,2026-08-25,32856,29.5,,8645,0,40,U/L,29.5
511186,501421,500086,3006923,,2026-08-25,32856,56.8,,8645,0,40,U/L,56.8
511187,501421,500086,3016723,,2026-08-25,32856,1.24,,8840,0.6,1.2,mg/dL,1.24
511188,501421,500086,3049187,,2026-08-25,32856,83.1,,9550,90,130,mL/min/1.73m2,83.1
511189,501422,500087,3036277,,2018-12-20,32856,169.2,,8582,150,185,cm,169.2
511190,501422,500087,3004410,,2018-12-20,32856,7.2,,8554,4,5.6,%,7.2
511191,501422,500087,3004501,,2018-12-20,32856,157,,8840,70,99,mg/dL,157.0
511192,501422,500087,3004249,,2018-12-20,32856,134,,8876,90,130,mmHg,134.0
511193,501422,500087,3012888,,2018-12-20,32856,94,,8876,60,85,mmHg,94.0
511194,501422,500087,3025315,,2018-12-20,32856,72.4,,9529,45,90,kg,72.4
511195,501422,500087,3038553,,2018-12-20,32856,25.3,,9531,18.5,25,kg/m2,25.3
511196,501422,500087,3022192,,2018-12-20,32856,124.8,,8840,0,150,mg/dL,124.8
511197,501422,500087,3007070,,2018-12-20,32856,39.8,,8840,40,60,mg/dL,39.8
511198,501422,500087,3028437,,2018-12-20,32856,111.5,,8840,0,130,mg/dL,111.5
511199,501422,500087,3013721,,2018-12-20,32856,3.9,,8645,0,40,U/L,3.9
511200,501422,500087,3006923,,2018-12-20,32856,71.6,,8645,0,40,U/L,71.6
511201,501422,500087,3016723,,2018-12-20,32856,0.83,,8840,0.6,1.2,mg/dL,0.83
511202,501422,500087,3049187,,2018-12-20,32856,45.7,,9550,90,130,mL/min/1.73m2,45.7
511203,501423,500087,3004410,,2019-03-15,32856,6.3,,8554,4,5.6,%,6.3
511204,501423,500087,3004501,,2019-03-15,32856,102,,8840,70,99,mg/dL,102.0
511205,501423,500087,3004249,,2019-03-15,32856,149,,8876,90,130,mmHg,149.0
511206,501423,500087,3012888,,2019-03-15,32856,81,,8876,60,85,mmHg,81.0
511207,501423,500087,3025315,,2019-03-15,32856,72.4,,9529,45,90,kg,72.4
511208,501423,500087,3038553,,2019-03-15,32856,25.3,,9531,18.5,25,kg/m2,25.3
511209,501424,500087,3004410,,2019-06-14,32856,6.2,,8554,4,5.6,%,6.2
511210,501424,500087,3004501,,2019-06-14,32856,119,,8840,70,99,mg/dL,119.0
511211,501424,500087,3004249,,2019-06-14,32856,124,,8876,90,130,mmHg,124.0
511212,501424,500087,3012888,,2019-06-14,32856,81,,8876,60,85,mmHg,81.0
511213,501424,500087,3025315,,2019-06-14,32856,71.8,,9529,45,90,kg,71.8
511214,501424,500087,3038553,,2019-06-14,32856,25.1,,9531,18.5,25,kg/m2,25.1
511215,501425,500087,3004410,,2019-09-07,32856,6.4,,8554,4,5.6,%,6.4
511216,501425,500087,3004501,,2019-09-07,32856,127,,8840,70,99,mg/dL,127.0
511217,501425,500087,3004249,,2019-09-07,32856,150,,8876,90,130,mmHg,150.0
511218,501425,500087,3012888,,2019-09-07,32856,80,,8876,60,85,mmHg,80.0
511219,501425,500087,3025315,,2019-09-07,32856,71.5,,9529,45,90,kg,71.5
511220,501425,500087,3038553,,2019-09-07,32856,25,,9531,18.5,25,kg/m2,25.0
511221,501426,500087,3004410,,2019-11-30,32856,6.3,,8554,4,5.6,%,6.3
511222,501426,500087,3004501,,2019-11-30,32856,111,,8840,70,99,mg/dL,111.0
511223,501426,500087,3004249,,2019-11-30,32856,123,,8876,90,130,mmHg,123.0
511224,501426,500087,3012888,,2019-11-30,32856,82,,8876,60,85,mmHg,82.0
511225,501426,500087,3025315,,2019-11-30,32856,72.6,,9529,45,90,kg,72.6
511226,501426,500087,3038553,,2019-11-30,32856,25.4,,9531,18.5,25,kg/m2,25.4
511227,501426,500087,3022192,,2019-11-30,32856,246,,8840,0,150,mg/dL,246.0
511228,501426,500087,3007070,,2019-11-30,32856,46.9,,8840,40,60,mg/dL,46.9
511229,501426,500087,3028437,,2019-11-30,32856,47.4,,8840,0,130,mg/dL,47.4
511230,501426,500087,3013721,,2019-11-30,32856,46,,8645,0,40,U/L,46.0
511231,501426,500087,3006923,,2019-11-30,32856,42.2,,8645,0,40,U/L,42.2
511232,501426,500087,3016723,,2019-11-30,32856,0.61,,8840,0.6,1.2,mg/dL,0.61
511233,501426,500087,3049187,,2019-11-30,32856,107.8,,9550,90,130,mL/min/1.73m2,107.8
511234,501427,500087,3004410,,2020-03-03,32856,6.2,,8554,4,5.6,%,6.2
511235,501427,500087,3004501,,2020-03-03,32856,109,,8840,70,99,mg/dL,109.0
511236,501427,500087,3004249,,2020-03-03,32856,150,,8876,90,130,mmHg,150.0
511237,501427,500087,3012888,,2020-03-03,32856,90,,8876,60,85,mmHg,90.0
511238,501427,500087,3025315,,2020-03-03,32856,73,,9529,45,90,kg,73.0
511239,501427,500087,3038553,,2020-03-03,32856,25.5,,9531,18.5,25,kg/m2,25.5
511240,501428,500087,3004410,,2020-06-04,32856,6.3,,8554,4,5.6,%,6.3
511241,501428,500087,3004501,,2020-06-04,32856,128,,8840,70,99,mg/dL,128.0
511242,501428,500087,3004249,,2020-06-04,32856,124,,8876,90,130,mmHg,124.0
511243,501428,500087,3012888,,2020-06-04,32856,103,,8876,60,85,mmHg,103.0
511244,501428,500087,3025315,,2020-06-04,32856,73.3,,9529,45,90,kg,73.3
511245,501428,500087,3038553,,2020-06-04,32856,25.6,,9531,18.5,25,kg/m2,25.6
511246,501429,500087,3004410,,2020-09-08,32856,6.9,,8554,4,5.6,%,6.9
511247,501429,500087,3004501,,2020-09-08,32856,113,,8840,70,99,mg/dL,113.0
511248,501429,500087,3004249,,2020-09-08,32856,162,,8876,90,130,mmHg,162.0
511249,501429,500087,3012888,,2020-09-08,32856,87,,8876,60,85,mmHg,87.0
511250,501429,500087,3025315,,2020-09-08,32856,73.1,,9529,45,90,kg,73.1
511251,501429,500087,3038553,,2020-09-08,32856,25.5,,9531,18.5,25,kg/m2,25.5
511252,501430,500087,3004410,,2020-12-01,32856,6.7,,8554,4,5.6,%,6.7
511253,501430,500087,3004501,,2020-12-01,32856,96,,8840,70,99,mg/dL,96.0
511254,501430,500087,3004249,,2020-12-01,32856,162,,8876,90,130,mmHg,162.0
511255,501430,500087,3012888,,2020-12-01,32856,88,,8876,60,85,mmHg,88.0
511256,501430,500087,3025315,,2020-12-01,32856,72.6,,9529,45,90,kg,72.6
511257,501430,500087,3038553,,2020-12-01,32856,25.4,,9531,18.5,25,kg/m2,25.4
511258,501430,500087,3022192,,2020-12-01,32856,81.9,,8840,0,150,mg/dL,81.9
511259,501430,500087,3007070,,2020-12-01,32856,34.8,,8840,40,60,mg/dL,34.8
511260,501430,500087,3028437,,2020-12-01,32856,96.2,,8840,0,130,mg/dL,96.2
511261,501430,500087,3013721,,2020-12-01,32856,46.3,,8645,0,40,U/L,46.3
511262,501430,500087,3006923,,2020-12-01,32856,30,,8645,0,40,U/L,30.0
511263,501430,500087,3016723,,2020-12-01,32856,1.05,,8840,0.6,1.2,mg/dL,1.05
511264,501430,500087,3049187,,2020-12-01,32856,81.1,,9550,90,130,mL/min/1.73m2,81.1
511265,501431,500087,3004410,,2021-03-07,32856,6.7,,8554,4,5.6,%,6.7
511266,501431,500087,3004501,,2021-03-07,32856,123,,8840,70,99,mg/dL,123.0
511267,501431,500087,3004249,,2021-03-07,32856,153,,8876,90,130,mmHg,153.0
511268,501431,500087,3012888,,2021-03-07,32856,88,,8876,60,85,mmHg,88.0
511269,501431,500087,3025315,,2021-03-07,32856,71.1,,9529,45,90,kg,71.1
511270,501431,500087,3038553,,2021-03-07,32856,24.8,,9531,18.5,25,kg/m2,24.8
511271,501432,500087,3004410,,2021-06-13,32856,6.7,,8554,4,5.6,%,6.7
511272,501432,500087,3004501,,2021-06-13,32856,107,,8840,70,99,mg/dL,107.0
511273,501432,500087,3004249,,2021-06-13,32856,157,,8876,90,130,mmHg,157.0
511274,501432,500087,3012888,,2021-06-13,32856,103,,8876,60,85,mmHg,103.0
511275,501432,500087,3025315,,2021-06-13,32856,69.7,,9529,45,90,kg,69.7
511276,501432,500087,3038553,,2021-06-13,32856,24.3,,9531,18.5,25,kg/m2,24.3
511277,501433,500087,3004410,,2021-09-18,32856,6.6,,8554,4,5.6,%,6.6
511278,501433,500087,3004501,,2021-09-18,32856,151,,8840,70,99,mg/dL,151.0
511279,501433,500087,3004249,,2021-09-18,32856,132,,8876,90,130,mmHg,132.0
511280,501433,500087,3012888,,2021-09-18,32856,83,,8876,60,85,mmHg,83.0
511281,501433,500087,3025315,,2021-09-18,32856,70.1,,9529,45,90,kg,70.1
511282,501433,500087,3038553,,2021-09-18,32856,24.5,,9531,18.5,25,kg/m2,24.5
511283,501434,500087,3004410,,2021-12-13,32856,6.5,,8554,4,5.6,%,6.5
511284,501434,500087,3004501,,2021-12-13,32856,126,,8840,70,99,mg/dL,126.0
511285,501434,500087,3004249,,2021-12-13,32856,131,,8876,90,130,mmHg,131.0
511286,501434,500087,3012888,,2021-12-13,32856,73,,8876,60,85,mmHg,73.0
511287,501434,500087,3025315,,2021-12-13,32856,72.1,,9529,45,90,kg,72.1
511288,501434,500087,3038553,,2021-12-13,32856,25.2,,9531,18.5,25,kg/m2,25.2
511289,501434,500087,3022192,,2021-12-13,32856,204,,8840,0,150,mg/dL,204.0
511290,501434,500087,3007070,,2021-12-13,32856,34.9,,8840,40,60,mg/dL,34.9
511291,501434,500087,3028437,,2021-12-13,32856,109,,8840,0,130,mg/dL,109.0
511292,501434,500087,3013721,,2021-12-13,32856,25.4,,8645,0,40,U/L,25.4
511293,501434,500087,3006923,,2021-12-13,32856,10.4,,8645,0,40,U/L,10.4
511294,501434,500087,3016723,,2021-12-13,32856,0.88,,8840,0.6,1.2,mg/dL,0.88
511295,501434,500087,3049187,,2021-12-13,32856,69.5,,9550,90,130,mL/min/1.73m2,69.5
511296,501435,500088,3036277,,2019-09-27,32856,164.9,,8582,150,185,cm,164.9
511297,501435,500088,3004410,,2019-09-27,32856,9.9,,8554,4,5.6,%,9.9
511298,501435,500088,3004501,,2019-09-27,32856,208,,8840,70,99,mg/dL,208.0
511299,501435,500088,3004249,,2019-09-27,32856,122,,8876,90,130,mmHg,122.0
511300,501435,500088,3012888,,2019-09-27,32856,74,,8876,60,85,mmHg,74.0
511301,501435,500088,3025315,,2019-09-27,32856,71.8,,9529,45,90,kg,71.8
511302,501435,500088,3038553,,2019-09-27,32856,26.4,,9531,18.5,25,kg/m2,26.4
511303,501435,500088,3022192,,2019-09-27,32856,116,,8840,0,150,mg/dL,116.0
511304,501435,500088,3007070,,2019-09-27,32856,57,,8840,40,60,mg/dL,57.0
511305,501435,500088,3028437,,2019-09-27,32856,132.1,,8840,0,130,mg/dL,132.1
511306,501435,500088,3013721,,2019-09-27,32856,50.4,,8645,0,40,U/L,50.4
511307,501435,500088,3006923,,2019-09-27,32856,79.3,,8645,0,40,U/L,79.3
511308,501435,500088,3016723,,2019-09-27,32856,0.68,,8840,0.6,1.2,mg/dL,0.68
511309,501435,500088,3049187,,2019-09-27,32856,108.6,,9550,90,130,mL/min/1.73m2,108.6
511310,501436,500088,3004410,,2019-12-23,32856,9.8,,8554,4,5.6,%,9.8
511311,501436,500088,3004501,,2019-12-23,32856,227,,8840,70,99,mg/dL,227.0
511312,501436,500088,3004249,,2019-12-23,32856,123,,8876,90,130,mmHg,123.0
511313,501436,500088,3012888,,2019-12-23,32856,81,,8876,60,85,mmHg,81.0
511314,501436,500088,3025315,,2019-12-23,32856,71.7,,9529,45,90,kg,71.7
511315,501436,500088,3038553,,2019-12-23,32856,26.4,,9531,18.5,25,kg/m2,26.4
511316,501437,500088,3004410,,2020-03-29,32856,9.2,,8554,4,5.6,%,9.2
511317,501437,500088,3004501,,2020-03-29,32856,187,,8840,70,99,mg/dL,187.0
511318,501437,500088,3004249,,2020-03-29,32856,123,,8876,90,130,mmHg,123.0
511319,501437,500088,3012888,,2020-03-29,32856,71,,8876,60,85,mmHg,71.0
511320,501437,500088,3025315,,2020-03-29,32856,73.2,,9529,45,90,kg,73.2
511321,501437,500088,3038553,,2020-03-29,32856,26.9,,9531,18.5,25,kg/m2,26.9
511322,501438,500088,3004410,,2020-06-30,32856,8.3,,8554,4,5.6,%,8.3
511323,501438,500088,3004501,,2020-06-30,32856,146,,8840,70,99,mg/dL,146.0
511324,501438,500088,3004249,,2020-06-30,32856,123,,8876,90,130,mmHg,123.0
511325,501438,500088,3012888,,2020-06-30,32856,74,,8876,60,85,mmHg,74.0
511326,501438,500088,3025315,,2020-06-30,32856,73.7,,9529,45,90,kg,73.7
511327,501438,500088,3038553,,2020-06-30,32856,27.1,,9531,18.5,25,kg/m2,27.1
511328,501439,500088,3004410,,2020-09-28,32856,7.6,,8554,4,5.6,%,7.6
511329,501439,500088,3004501,,2020-09-28,32856,119,,8840,70,99,mg/dL,119.0
511330,501439,500088,3004249,,2020-09-28,32856,142,,8876,90,130,mmHg,142.0
511331,501439,500088,3012888,,2020-09-28,32856,77,,8876,60,85,mmHg,77.0
511332,501439,500088,3025315,,2020-09-28,32856,75.7,,9529,45,90,kg,75.7
511333,501439,500088,3038553,,2020-09-28,32856,27.8,,9531,18.5,25,kg/m2,27.8
511334,501439,500088,3022192,,2020-09-28,32856,200.6,,8840,0,150,mg/dL,200.6
511335,501439,500088,3007070,,2020-09-28,32856,55.5,,8840,40,60,mg/dL,55.5
511336,501439,500088,3028437,,2020-09-28,32856,131.8,,8840,0,130,mg/dL,131.8
511337,501439,500088,3013721,,2020-09-28,32856,29.6,,8645,0,40,U/L,29.6
511338,501439,500088,3006923,,2020-09-28,32856,15.4,,8645,0,40,U/L,15.4
511339,501439,500088,3016723,,2020-09-28,32856,0.83,,8840,0.6,1.2,mg/dL,0.83
511340,501439,500088,3049187,,2020-09-28,32856,79.9,,9550,90,130,mL/min/1.73m2,79.9
511341,501440,500088,3004410,,2021-01-04,32856,6.7,,8554,4,5.6,%,6.7
511342,501440,500088,3004501,,2021-01-04,32856,123,,8840,70,99,mg/dL,123.0
511343,501440,500088,3004249,,2021-01-04,32856,117,,8876,90,130,mmHg,117.0
511344,501440,500088,3012888,,2021-01-04,32856,77,,8876,60,85,mmHg,77.0
511345,501440,500088,3025315,,2021-01-04,32856,75.3,,9529,45,90,kg,75.3
511346,501440,500088,3038553,,2021-01-04,32856,27.7,,9531,18.5,25,kg/m2,27.7
511347,501441,500088,3004410,,2021-03-31,32856,6.6,,8554,4,5.6,%,6.6
511348,501441,500088,3004501,,2021-03-31,32856,137,,8840,70,99,mg/dL,137.0
511349,501441,500088,3004249,,2021-03-31,32856,119,,8876,90,130,mmHg,119.0
511350,501441,500088,3012888,,2021-03-31,32856,80,,8876,60,85,mmHg,80.0
511351,501441,500088,3025315,,2021-03-31,32856,75,,9529,45,90,kg,75.0
511352,501441,500088,3038553,,2021-03-31,32856,27.6,,9531,18.5,25,kg/m2,27.6
511353,501442,500088,3004410,,2021-07-03,32856,5.7,,8554,4,5.6,%,5.7
511354,501442,500088,3004501,,2021-07-03,32856,75,,8840,70,99,mg/dL,75.0
511355,501442,500088,3004249,,2021-07-03,32856,126,,8876,90,130,mmHg,126.0
511356,501442,500088,3012888,,2021-07-03,32856,78,,8876,60,85,mmHg,78.0
511357,501442,500088,3025315,,2021-07-03,32856,74.3,,9529,45,90,kg,74.3
511358,501442,500088,3038553,,2021-07-03,32856,27.3,,9531,18.5,25,kg/m2,27.3
511359,501443,500088,3004410,,2021-10-02,32856,6.4,,8554,4,5.6,%,6.4
511360,501443,500088,3004501,,2021-10-02,32856,130,,8840,70,99,mg/dL,130.0
511361,501443,500088,3004249,,2021-10-02,32856,122,,8876,90,130,mmHg,122.0
511362,501443,500088,3012888,,2021-10-02,32856,88,,8876,60,85,mmHg,88.0
511363,501443,500088,3025315,,2021-10-02,32856,72.6,,9529,45,90,kg,72.6
511364,501443,500088,3038553,,2021-10-02,32856,26.7,,9531,18.5,25,kg/m2,26.7
511365,501443,500088,3022192,,2021-10-02,32856,146.7,,8840,0,150,mg/dL,146.7
511366,501443,500088,3007070,,2021-10-02,32856,54.2,,8840,40,60,mg/dL,54.2
511367,501443,500088,3028437,,2021-10-02,32856,156.3,,8840,0,130,mg/dL,156.3
511368,501443,500088,3013721,,2021-10-02,32856,46.6,,8645,0,40,U/L,46.6
511369,501443,500088,3006923,,2021-10-02,32856,26,,8645,0,40,U/L,26.0
511370,501443,500088,3016723,,2021-10-02,32856,1.23,,8840,0.6,1.2,mg/dL,1.23
511371,501443,500088,3049187,,2021-10-02,32856,109.4,,9550,90,130,mL/min/1.73m2,109.4
511372,501444,500088,3004410,,2022-01-02,32856,5.9,,8554,4,5.6,%,5.9
511373,501444,500088,3004501,,2022-01-02,32856,125,,8840,70,99,mg/dL,125.0
511374,501444,500088,3004249,,2022-01-02,32856,122,,8876,90,130,mmHg,122.0
511375,501444,500088,3012888,,2022-01-02,32856,77,,8876,60,85,mmHg,77.0
511376,501444,500088,3025315,,2022-01-02,32856,73.1,,9529,45,90,kg,73.1
511377,501444,500088,3038553,,2022-01-02,32856,26.9,,9531,18.5,25,kg/m2,26.9
511378,501445,500088,3004410,,2022-04-08,32856,6.5,,8554,4,5.6,%,6.5
511379,501445,500088,3004501,,2022-04-08,32856,114,,8840,70,99,mg/dL,114.0
511380,501445,500088,3004249,,2022-04-08,32856,118,,8876,90,130,mmHg,118.0
511381,501445,500088,3012888,,2022-04-08,32856,71,,8876,60,85,mmHg,71.0
511382,501445,500088,3025315,,2022-04-08,32856,72.5,,9529,45,90,kg,72.5
511383,501445,500088,3038553,,2022-04-08,32856,26.7,,9531,18.5,25,kg/m2,26.7
511384,501446,500088,3004410,,2022-07-05,32856,6.7,,8554,4,5.6,%,6.7
511385,501446,500088,3004501,,2022-07-05,32856,132,,8840,70,99,mg/dL,132.0
511386,501446,500088,3004249,,2022-07-05,32856,128,,8876,90,130,mmHg,128.0
511387,501446,500088,3012888,,2022-07-05,32856,77,,8876,60,85,mmHg,77.0
511388,501446,500088,3025315,,2022-07-05,32856,71.9,,9529,45,90,kg,71.9
511389,501446,500088,3038553,,2022-07-05,32856,26.4,,9531,18.5,25,kg/m2,26.4
511390,501447,500088,3004410,,2022-10-10,32856,6.7,,8554,4,5.6,%,6.7
511391,501447,500088,3004501,,2022-10-10,32856,111,,8840,70,99,mg/dL,111.0
511392,501447,500088,3004249,,2022-10-10,32856,128,,8876,90,130,mmHg,128.0
511393,501447,500088,3012888,,2022-10-10,32856,67,,8876,60,85,mmHg,67.0
511394,501447,500088,3025315,,2022-10-10,32856,72.6,,9529,45,90,kg,72.6
511395,501447,500088,3038553,,2022-10-10,32856,26.7,,9531,18.5,25,kg/m2,26.7
511396,501447,500088,3022192,,2022-10-10,32856,102.1,,8840,0,150,mg/dL,102.1
511397,501447,500088,3007070,,2022-10-10,32856,54.1,,8840,40,60,mg/dL,54.1
511398,501447,500088,3028437,,2022-10-10,32856,116.5,,8840,0,130,mg/dL,116.5
511399,501447,500088,3013721,,2022-10-10,32856,16.7,,8645,0,40,U/L,16.7
511400,501447,500088,3006923,,2022-10-10,32856,35.1,,8645,0,40,U/L,35.1
511401,501447,500088,3016723,,2022-10-10,32856,0.51,,8840,0.6,1.2,mg/dL,0.51
511402,501447,500088,3049187,,2022-10-10,32856,75.9,,9550,90,130,mL/min/1.73m2,75.9
511403,501448,500088,3004410,,2023-01-11,32856,6.8,,8554,4,5.6,%,6.8
511404,501448,500088,3004501,,2023-01-11,32856,107,,8840,70,99,mg/dL,107.0
511405,501448,500088,3004249,,2023-01-11,32856,131,,8876,90,130,mmHg,131.0
511406,501448,500088,3012888,,2023-01-11,32856,78,,8876,60,85,mmHg,78.0
511407,501448,500088,3025315,,2023-01-11,32856,72.8,,9529,45,90,kg,72.8
511408,501448,500088,3038553,,2023-01-11,32856,26.8,,9531,18.5,25,kg/m2,26.8
511409,501449,500088,3004410,,2023-04-18,32856,6.7,,8554,4,5.6,%,6.7
511410,501449,500088,3004501,,2023-04-18,32856,128,,8840,70,99,mg/dL,128.0
511411,501449,500088,3004249,,2023-04-18,32856,129,,8876,90,130,mmHg,129.0
511412,501449,500088,3012888,,2023-04-18,32856,94,,8876,60,85,mmHg,94.0
511413,501449,500088,3025315,,2023-04-18,32856,72.6,,9529,45,90,kg,72.6
511414,501449,500088,3038553,,2023-04-18,32856,26.7,,9531,18.5,25,kg/m2,26.7
511415,501450,500088,3004410,,2023-07-19,32856,6.2,,8554,4,5.6,%,6.2
511416,501450,500088,3004501,,2023-07-19,32856,93,,8840,70,99,mg/dL,93.0
511417,501450,500088,3004249,,2023-07-19,32856,125,,8876,90,130,mmHg,125.0
511418,501450,500088,3012888,,2023-07-19,32856,85,,8876,60,85,mmHg,85.0
511419,501450,500088,3025315,,2023-07-19,32856,71,,9529,45,90,kg,71.0
511420,501450,500088,3038553,,2023-07-19,32856,26.1,,9531,18.5,25,kg/m2,26.1
511421,501451,500088,3004410,,2023-10-13,32856,6.5,,8554,4,5.6,%,6.5
511422,501451,500088,3004501,,2023-10-13,32856,118,,8840,70,99,mg/dL,118.0
511423,501451,500088,3004249,,2023-10-13,32856,112,,8876,90,130,mmHg,112.0
511424,501451,500088,3012888,,2023-10-13,32856,72,,8876,60,85,mmHg,72.0
511425,501451,500088,3025315,,2023-10-13,32856,71.6,,9529,45,90,kg,71.6
511426,501451,500088,3038553,,2023-10-13,32856,26.3,,9531,18.5,25,kg/m2,26.3
511427,501451,500088,3022192,,2023-10-13,32856,147.8,,8840,0,150,mg/dL,147.8
511428,501451,500088,3007070,,2023-10-13,32856,49.7,,8840,40,60,mg/dL,49.7
511429,501451,500088,3028437,,2023-10-13,32856,64.5,,8840,0,130,mg/dL,64.5
511430,501451,500088,3013721,,2023-10-13,32856,32.3,,8645,0,40,U/L,32.3
511431,501451,500088,3006923,,2023-10-13,32856,28.9,,8645,0,40,U/L,28.9
511432,501451,500088,3016723,,2023-10-13,32856,1.32,,8840,0.6,1.2,mg/dL,1.32
511433,501451,500088,3049187,,2023-10-13,32856,106.9,,9550,90,130,mL/min/1.73m2,106.9
511434,501452,500088,3004410,,2024-01-08,32856,6.6,,8554,4,5.6,%,6.6
511435,501452,500088,3004501,,2024-01-08,32856,111,,8840,70,99,mg/dL,111.0
511436,501452,500088,3004249,,2024-01-08,32856,120,,8876,90,130,mmHg,120.0
511437,501452,500088,3012888,,2024-01-08,32856,83,,8876,60,85,mmHg,83.0
511438,501452,500088,3025315,,2024-01-08,32856,70.9,,9529,45,90,kg,70.9
511439,501452,500088,3038553,,2024-01-08,32856,26.1,,9531,18.5,25,kg/m2,26.1
511440,501453,500088,3004410,,2024-04-02,32856,6.8,,8554,4,5.6,%,6.8
511441,501453,500088,3004501,,2024-04-02,32856,118,,8840,70,99,mg/dL,118.0
511442,501453,500088,3004249,,2024-04-02,32856,123,,8876,90,130,mmHg,123.0
511443,501453,500088,3012888,,2024-04-02,32856,71,,8876,60,85,mmHg,71.0
511444,501453,500088,3025315,,2024-04-02,32856,68.7,,9529,45,90,kg,68.7
511445,501453,500088,3038553,,2024-04-02,32856,25.3,,9531,18.5,25,kg/m2,25.3
511446,501454,500088,3004410,,2024-07-08,32856,6.5,,8554,4,5.6,%,6.5
511447,501454,500088,3004501,,2024-07-08,32856,111,,8840,70,99,mg/dL,111.0
511448,501454,500088,3004249,,2024-07-08,32856,126,,8876,90,130,mmHg,126.0
511449,501454,500088,3012888,,2024-07-08,32856,67,,8876,60,85,mmHg,67.0
511450,501454,500088,3025315,,2024-07-08,32856,68.5,,9529,45,90,kg,68.5
511451,501454,500088,3038553,,2024-07-08,32856,25.2,,9531,18.5,25,kg/m2,25.2
511452,501455,500088,3004410,,2024-10-11,32856,6.9,,8554,4,5.6,%,6.9
511453,501455,500088,3004501,,2024-10-11,32856,151,,8840,70,99,mg/dL,151.0
511454,501455,500088,3004249,,2024-10-11,32856,119,,8876,90,130,mmHg,119.0
511455,501455,500088,3012888,,2024-10-11,32856,83,,8876,60,85,mmHg,83.0
511456,501455,500088,3025315,,2024-10-11,32856,66.3,,9529,45,90,kg,66.3
511457,501455,500088,3038553,,2024-10-11,32856,24.4,,9531,18.5,25,kg/m2,24.4
511458,501455,500088,3022192,,2024-10-11,32856,64.3,,8840,0,150,mg/dL,64.3
511459,501455,500088,3007070,,2024-10-11,32856,58.1,,8840,40,60,mg/dL,58.1
511460,501455,500088,3028437,,2024-10-11,32856,134.7,,8840,0,130,mg/dL,134.7
511461,501455,500088,3013721,,2024-10-11,32856,59.4,,8645,0,40,U/L,59.4
511462,501455,500088,3006923,,2024-10-11,32856,51.3,,8645,0,40,U/L,51.3
511463,501455,500088,3016723,,2024-10-11,32856,0.89,,8840,0.6,1.2,mg/dL,0.89
511464,501455,500088,3049187,,2024-10-11,32856,109.7,,9550,90,130,mL/min/1.73m2,109.7
511465,501456,500088,3004410,,2025-01-11,32856,6.7,,8554,4,5.6,%,6.7
511466,501456,500088,3004501,,2025-01-11,32856,105,,8840,70,99,mg/dL,105.0
511467,501456,500088,3004249,,2025-01-11,32856,125,,8876,90,130,mmHg,125.0
511468,501456,500088,3012888,,2025-01-11,32856,96,,8876,60,85,mmHg,96.0
511469,501456,500088,3025315,,2025-01-11,32856,65.8,,9529,45,90,kg,65.8
511470,501456,500088,3038553,,2025-01-11,32856,24.2,,9531,18.5,25,kg/m2,24.2
511471,501457,500089,3036277,,2022-09-23,32856,157.4,,8582,150,185,cm,157.4
511472,501457,500089,3004410,,2022-09-23,32856,10.7,,8554,4,5.6,%,10.7
511473,501457,500089,3004501,,2022-09-23,32856,239,,8840,70,99,mg/dL,239.0
511474,501457,500089,3004249,,2022-09-23,32856,133,,8876,90,130,mmHg,133.0
511475,501457,500089,3012888,,2022-09-23,32856,67,,8876,60,85,mmHg,67.0
511476,501457,500089,3025315,,2022-09-23,32856,63.9,,9529,45,90,kg,63.9
511477,501457,500089,3038553,,2022-09-23,32856,25.8,,9531,18.5,25,kg/m2,25.8
511478,501457,500089,3022192,,2022-09-23,32856,236.4,,8840,0,150,mg/dL,236.4
511479,501457,500089,3007070,,2022-09-23,32856,59.1,,8840,40,60,mg/dL,59.1
511480,501457,500089,3028437,,2022-09-23,32856,108.7,,8840,0,130,mg/dL,108.7
511481,501457,500089,3013721,,2022-09-23,32856,42.5,,8645,0,40,U/L,42.5
511482,501457,500089,3006923,,2022-09-23,32856,0,,8645,0,40,U/L,0
511483,501457,500089,3016723,,2022-09-23,32856,0.96,,8840,0.6,1.2,mg/dL,0.96
511484,501457,500089,3049187,,2022-09-23,32856,84.8,,9550,90,130,mL/min/1.73m2,84.8
511485,501458,500089,3004410,,2022-12-30,32856,9.2,,8554,4,5.6,%,9.2
511486,501458,500089,3004501,,2022-12-30,32856,189,,8840,70,99,mg/dL,189.0
511487,501458,500089,3004249,,2022-12-30,32856,146,,8876,90,130,mmHg,146.0
511488,501458,500089,3012888,,2022-12-30,32856,80,,8876,60,85,mmHg,80.0
511489,501458,500089,3025315,,2022-12-30,32856,63.9,,9529,45,90,kg,63.9
511490,501458,500089,3038553,,2022-12-30,32856,25.8,,9531,18.5,25,kg/m2,25.8
511491,501459,500089,3004410,,2023-04-04,32856,8.3,,8554,4,5.6,%,8.3
511492,501459,500089,3004501,,2023-04-04,32856,153,,8840,70,99,mg/dL,153.0
511493,501459,500089,3004249,,2023-04-04,32856,134,,8876,90,130,mmHg,134.0
511494,501459,500089,3012888,,2023-04-04,32856,82,,8876,60,85,mmHg,82.0
511495,501459,500089,3025315,,2023-04-04,32856,65,,9529,45,90,kg,65.0
511496,501459,500089,3038553,,2023-04-04,32856,26.2,,9531,18.5,25,kg/m2,26.2
511497,501460,500089,3004410,,2023-06-28,32856,8.3,,8554,4,5.6,%,8.3
511498,501460,500089,3004501,,2023-06-28,32856,154,,8840,70,99,mg/dL,154.0
511499,501460,500089,3004249,,2023-06-28,32856,129,,8876,90,130,mmHg,129.0
511500,501460,500089,3012888,,2023-06-28,32856,86,,8876,60,85,mmHg,86.0
511501,501460,500089,3025315,,2023-06-28,32856,66.1,,9529,45,90,kg,66.1
511502,501460,500089,3038553,,2023-06-28,32856,26.7,,9531,18.5,25,kg/m2,26.7
511503,501461,500089,3004410,,2023-09-20,32856,8.2,,8554,4,5.6,%,8.2
511504,501461,500089,3004501,,2023-09-20,32856,155,,8840,70,99,mg/dL,155.0
511505,501461,500089,3004249,,2023-09-20,32856,157,,8876,90,130,mmHg,157.0
511506,501461,500089,3012888,,2023-09-20,32856,79,,8876,60,85,mmHg,79.0
511507,501461,500089,3025315,,2023-09-20,32856,66.5,,9529,45,90,kg,66.5
511508,501461,500089,3038553,,2023-09-20,32856,26.8,,9531,18.5,25,kg/m2,26.8
511509,501461,500089,3022192,,2023-09-20,32856,131.6,,8840,0,150,mg/dL,131.6
511510,501461,500089,3007070,,2023-09-20,32856,51.5,,8840,40,60,mg/dL,51.5
511511,501461,500089,3028437,,2023-09-20,32856,111,,8840,0,130,mg/dL,111.0
511512,501461,500089,3013721,,2023-09-20,32856,67.6,,8645,0,40,U/L,67.6
511513,501461,500089,3006923,,2023-09-20,32856,0,,8645,0,40,U/L,0
511514,501461,500089,3016723,,2023-09-20,32856,1.1,,8840,0.6,1.2,mg/dL,1.1
511515,501461,500089,3049187,,2023-09-20,32856,108.4,,9550,90,130,mL/min/1.73m2,108.4
511516,501462,500089,3004410,,2023-12-14,32856,7.9,,8554,4,5.6,%,7.9
511517,501462,500089,3004501,,2023-12-14,32856,157,,8840,70,99,mg/dL,157.0
511518,501462,500089,3004249,,2023-12-14,32856,147,,8876,90,130,mmHg,147.0
511519,501462,500089,3012888,,2023-12-14,32856,82,,8876,60,85,mmHg,82.0
511520,501462,500089,3025315,,2023-12-14,32856,65.8,,9529,45,90,kg,65.8
511521,501462,500089,3038553,,2023-12-14,32856,26.6,,9531,18.5,25,kg/m2,26.6
511522,501463,500089,3004410,,2024-03-11,32856,7.5,,8554,4,5.6,%,7.5
511523,501463,500089,3004501,,2024-03-11,32856,132,,8840,70,99,mg/dL,132.0
511524,501463,500089,3004249,,2024-03-11,32856,138,,8876,90,130,mmHg,138.0
511525,501463,500089,3012888,,2024-03-11,32856,83,,8876,60,85,mmHg,83.0
511526,501463,500089,3025315,,2024-03-11,32856,66.8,,9529,45,90,kg,66.8
511527,501463,500089,3038553,,2024-03-11,32856,27,,9531,18.5,25,kg/m2,27.0
511528,501464,500089,3004410,,2024-06-06,32856,7.1,,8554,4,5.6,%,7.1
511529,501464,500089,3004501,,2024-06-06,32856,124,,8840,70,99,mg/dL,124.0
511530,501464,500089,3004249,,2024-06-06,32856,138,,8876,90,130,mmHg,138.0
511531,501464,500089,3012888,,2024-06-06,32856,95,,8876,60,85,mmHg,95.0
511532,501464,500089,3025315,,2024-06-06,32856,66,,9529,45,90,kg,66.0
511533,501464,500089,3038553,,2024-06-06,32856,26.6,,9531,18.5,25,kg/m2,26.6
511534,501465,500089,3004410,,2024-08-30,32856,7,,8554,4,5.6,%,7.0
511535,501465,500089,3004501,,2024-08-30,32856,146,,8840,70,99,mg/dL,146.0
511536,501465,500089,3004249,,2024-08-30,32856,138,,8876,90,130,mmHg,138.0
511537,501465,500089,3012888,,2024-08-30,32856,82,,8876,60,85,mmHg,82.0
511538,501465,500089,3025315,,2024-08-30,32856,64.6,,9529,45,90,kg,64.6
511539,501465,500089,3038553,,2024-08-30,32856,26.1,,9531,18.5,25,kg/m2,26.1
511540,501465,500089,3022192,,2024-08-30,32856,293.3,,8840,0,150,mg/dL,293.3
511541,501465,500089,3007070,,2024-08-30,32856,35.3,,8840,40,60,mg/dL,35.3
511542,501465,500089,3028437,,2024-08-30,32856,91.7,,8840,0,130,mg/dL,91.7
511543,501465,500089,3013721,,2024-08-30,32856,62.3,,8645,0,40,U/L,62.3
511544,501465,500089,3006923,,2024-08-30,32856,0,,8645,0,40,U/L,0
511545,501465,500089,3016723,,2024-08-30,32856,1.01,,8840,0.6,1.2,mg/dL,1.01
511546,501465,500089,3049187,,2024-08-30,32856,124.2,,9550,90,130,mL/min/1.73m2,124.2
511547,501466,500089,3004410,,2024-11-30,32856,7.4,,8554,4,5.6,%,7.4
511548,501466,500089,3004501,,2024-11-30,32856,136,,8840,70,99,mg/dL,136.0
511549,501466,500089,3004249,,2024-11-30,32856,128,,8876,90,130,mmHg,128.0
511550,501466,500089,3012888,,2024-11-30,32856,87,,8876,60,85,mmHg,87.0
511551,501466,500089,3025315,,2024-11-30,32856,65.4,,9529,45,90,kg,65.4
511552,501466,500089,3038553,,2024-11-30,32856,26.4,,9531,18.5,25,kg/m2,26.4
511553,501467,500089,3004410,,2025-03-05,32856,7.5,,8554,4,5.6,%,7.5
511554,501467,500089,3004501,,2025-03-05,32856,130,,8840,70,99,mg/dL,130.0
511555,501467,500089,3004249,,2025-03-05,32856,146,,8876,90,130,mmHg,146.0
511556,501467,500089,3012888,,2025-03-05,32856,74,,8876,60,85,mmHg,74.0
511557,501467,500089,3025315,,2025-03-05,32856,66.3,,9529,45,90,kg,66.3
511558,501467,500089,3038553,,2025-03-05,32856,26.8,,9531,18.5,25,kg/m2,26.8
511559,501468,500089,3004501,,2025-04-21,32856,47,,8840,70,99,mg/dL,47.0
511560,501469,500089,3004410,,2025-06-09,32856,7.9,,8554,4,5.6,%,7.9
511561,501469,500089,3004501,,2025-06-09,32856,143,,8840,70,99,mg/dL,143.0
511562,501469,500089,3004249,,2025-06-09,32856,147,,8876,90,130,mmHg,147.0
511563,501469,500089,3012888,,2025-06-09,32856,88,,8876,60,85,mmHg,88.0
511564,501469,500089,3025315,,2025-06-09,32856,66.9,,9529,45,90,kg,66.9
511565,501469,500089,3038553,,2025-06-09,32856,27,,9531,18.5,25,kg/m2,27.0
511566,501470,500089,3004410,,2025-09-01,32856,8.2,,8554,4,5.6,%,8.2
511567,501470,500089,3004501,,2025-09-01,32856,171,,8840,70,99,mg/dL,171.0
511568,501470,500089,3004249,,2025-09-01,32856,136,,8876,90,130,mmHg,136.0
511569,501470,500089,3012888,,2025-09-01,32856,79,,8876,60,85,mmHg,79.0
511570,501470,500089,3025315,,2025-09-01,32856,65.7,,9529,45,90,kg,65.7
511571,501470,500089,3038553,,2025-09-01,32856,26.5,,9531,18.5,25,kg/m2,26.5
511572,501470,500089,3022192,,2025-09-01,32856,138.2,,8840,0,150,mg/dL,138.2
511573,501470,500089,3007070,,2025-09-01,32856,61.1,,8840,40,60,mg/dL,61.1
511574,501470,500089,3028437,,2025-09-01,32856,191.8,,8840,0,130,mg/dL,191.8
511575,501470,500089,3013721,,2025-09-01,32856,70.3,,8645,0,40,U/L,70.3
511576,501470,500089,3006923,,2025-09-01,32856,29.1,,8645,0,40,U/L,29.1
511577,501470,500089,3016723,,2025-09-01,32856,0.7,,8840,0.6,1.2,mg/dL,0.7
511578,501470,500089,3049187,,2025-09-01,32856,97.3,,9550,90,130,mL/min/1.73m2,97.3
511579,501471,500089,3004501,,2025-10-20,32856,38,,8840,70,99,mg/dL,38.0
511580,501472,500089,3004410,,2025-11-28,32856,7.7,,8554,4,5.6,%,7.7
511581,501472,500089,3004501,,2025-11-28,32856,146,,8840,70,99,mg/dL,146.0
511582,501472,500089,3004249,,2025-11-28,32856,123,,8876,90,130,mmHg,123.0
511583,501472,500089,3012888,,2025-11-28,32856,90,,8876,60,85,mmHg,90.0
511584,501472,500089,3025315,,2025-11-28,32856,65.5,,9529,45,90,kg,65.5
511585,501472,500089,3038553,,2025-11-28,32856,26.4,,9531,18.5,25,kg/m2,26.4
511586,501473,500089,3004410,,2026-02-23,32856,6.7,,8554,4,5.6,%,6.7
511587,501473,500089,3004501,,2026-02-23,32856,100,,8840,70,99,mg/dL,100.0
511588,501473,500089,3004249,,2026-02-23,32856,147,,8876,90,130,mmHg,147.0
511589,501473,500089,3012888,,2026-02-23,32856,87,,8876,60,85,mmHg,87.0
511590,501473,500089,3025315,,2026-02-23,32856,63.9,,9529,45,90,kg,63.9
511591,501473,500089,3038553,,2026-02-23,32856,25.8,,9531,18.5,25,kg/m2,25.8
511592,501474,500090,3036277,,2021-04-02,32856,178.2,,8582,150,185,cm,178.2
511593,501474,500090,3004410,,2021-04-02,32856,5.8,,8554,4,5.6,%,5.8
511594,501474,500090,3004501,,2021-04-02,32856,112,,8840,70,99,mg/dL,112.0
511595,501474,500090,3004249,,2021-04-02,32856,123,,8876,90,130,mmHg,123.0
511596,501474,500090,3012888,,2021-04-02,32856,78,,8876,60,85,mmHg,78.0
511597,501474,500090,3025315,,2021-04-02,32856,83.2,,9529,45,90,kg,83.2
511598,501474,500090,3038553,,2021-04-02,32856,26.2,,9531,18.5,25,kg/m2,26.2
511599,501474,500090,3022192,,2021-04-02,32856,203.5,,8840,0,150,mg/dL,203.5
511600,501474,500090,3007070,,2021-04-02,32856,49.8,,8840,40,60,mg/dL,49.8
511601,501474,500090,3028437,,2021-04-02,32856,124.3,,8840,0,130,mg/dL,124.3
511602,501474,500090,3013721,,2021-04-02,32856,52,,8645,0,40,U/L,52.0
511603,501474,500090,3006923,,2021-04-02,32856,92,,8645,0,40,U/L,92.0
511604,501474,500090,3016723,,2021-04-02,32856,1.03,,8840,0.6,1.2,mg/dL,1.03
511605,501474,500090,3049187,,2021-04-02,32856,76.6,,9550,90,130,mL/min/1.73m2,76.6
511606,501475,500090,3004410,,2021-07-08,32856,5.7,,8554,4,5.6,%,5.7
511607,501475,500090,3004501,,2021-07-08,32856,104,,8840,70,99,mg/dL,104.0
511608,501475,500090,3004249,,2021-07-08,32856,149,,8876,90,130,mmHg,149.0
511609,501475,500090,3012888,,2021-07-08,32856,76,,8876,60,85,mmHg,76.0
511610,501475,500090,3025315,,2021-07-08,32856,85.3,,9529,45,90,kg,85.3
511611,501475,500090,3038553,,2021-07-08,32856,26.9,,9531,18.5,25,kg/m2,26.9
511612,501476,500090,3004410,,2021-10-03,32856,5.9,,8554,4,5.6,%,5.9
511613,501476,500090,3004501,,2021-10-03,32856,101,,8840,70,99,mg/dL,101.0
511614,501476,500090,3004249,,2021-10-03,32856,100,,8876,90,130,mmHg,100.0
511615,501476,500090,3012888,,2021-10-03,32856,65,,8876,60,85,mmHg,65.0
511616,501476,500090,3025315,,2021-10-03,32856,86.9,,9529,45,90,kg,86.9
511617,501476,500090,3038553,,2021-10-03,32856,27.4,,9531,18.5,25,kg/m2,27.4
511618,501477,500090,3004410,,2022-01-05,32856,5.6,,8554,4,5.6,%,5.6
511619,501477,500090,3004501,,2022-01-05,32856,76,,8840,70,99,mg/dL,76.0
511620,501477,500090,3004249,,2022-01-05,32856,134,,8876,90,130,mmHg,134.0
511621,501477,500090,3012888,,2022-01-05,32856,87,,8876,60,85,mmHg,87.0
511622,501477,500090,3025315,,2022-01-05,32856,86.3,,9529,45,90,kg,86.3
511623,501477,500090,3038553,,2022-01-05,32856,27.2,,9531,18.5,25,kg/m2,27.2
511624,501478,500090,3004410,,2022-03-31,32856,5,,8554,4,5.6,%,5.0
511625,501478,500090,3004501,,2022-03-31,32856,101,,8840,70,99,mg/dL,101.0
511626,501478,500090,3004249,,2022-03-31,32856,117,,8876,90,130,mmHg,117.0
511627,501478,500090,3012888,,2022-03-31,32856,81,,8876,60,85,mmHg,81.0
511628,501478,500090,3025315,,2022-03-31,32856,85.5,,9529,45,90,kg,85.5
511629,501478,500090,3038553,,2022-03-31,32856,26.9,,9531,18.5,25,kg/m2,26.9
511630,501478,500090,3022192,,2022-03-31,32856,136.2,,8840,0,150,mg/dL,136.2
511631,501478,500090,3007070,,2022-03-31,32856,28.9,,8840,40,60,mg/dL,28.9
511632,501478,500090,3028437,,2022-03-31,32856,89.3,,8840,0,130,mg/dL,89.3
511633,501478,500090,3013721,,2022-03-31,32856,52.8,,8645,0,40,U/L,52.8
511634,501478,500090,3006923,,2022-03-31,32856,43.6,,8645,0,40,U/L,43.6
511635,501478,500090,3016723,,2022-03-31,32856,0.62,,8840,0.6,1.2,mg/dL,0.62
511636,501478,500090,3049187,,2022-03-31,32856,104.9,,9550,90,130,mL/min/1.73m2,104.9
511637,501479,500090,3004410,,2022-06-24,32856,5,,8554,4,5.6,%,5.0
511638,501479,500090,3004501,,2022-06-24,32856,92,,8840,70,99,mg/dL,92.0
511639,501479,500090,3004249,,2022-06-24,32856,105,,8876,90,130,mmHg,105.0
511640,501479,500090,3012888,,2022-06-24,32856,90,,8876,60,85,mmHg,90.0
511641,501479,500090,3025315,,2022-06-24,32856,85.2,,9529,45,90,kg,85.2
511642,501479,500090,3038553,,2022-06-24,32856,26.8,,9531,18.5,25,kg/m2,26.8
511643,501480,500090,3004410,,2022-09-30,32856,5.1,,8554,4,5.6,%,5.1
511644,501480,500090,3004501,,2022-09-30,32856,88,,8840,70,99,mg/dL,88.0
511645,501480,500090,3004249,,2022-09-30,32856,132,,8876,90,130,mmHg,132.0
511646,501480,500090,3012888,,2022-09-30,32856,82,,8876,60,85,mmHg,82.0
511647,501480,500090,3025315,,2022-09-30,32856,86.2,,9529,45,90,kg,86.2
511648,501480,500090,3038553,,2022-09-30,32856,27.1,,9531,18.5,25,kg/m2,27.1
511649,501481,500090,3004410,,2022-12-28,32856,5,,8554,4,5.6,%,5.0
511650,501481,500090,3004501,,2022-12-28,32856,87,,8840,70,99,mg/dL,87.0
511651,501481,500090,3004249,,2022-12-28,32856,116,,8876,90,130,mmHg,116.0
511652,501481,500090,3012888,,2022-12-28,32856,67,,8876,60,85,mmHg,67.0
511653,501481,500090,3025315,,2022-12-28,32856,86.6,,9529,45,90,kg,86.6
511654,501481,500090,3038553,,2022-12-28,32856,27.3,,9531,18.5,25,kg/m2,27.3
511655,501482,500090,3004410,,2023-03-24,32856,5,,8554,4,5.6,%,5.0
511656,501482,500090,3004501,,2023-03-24,32856,68,,8840,70,99,mg/dL,68.0
511657,501482,500090,3004249,,2023-03-24,32856,125,,8876,90,130,mmHg,125.0
511658,501482,500090,3012888,,2023-03-24,32856,79,,8876,60,85,mmHg,79.0
511659,501482,500090,3025315,,2023-03-24,32856,85.5,,9529,45,90,kg,85.5
511660,501482,500090,3038553,,2023-03-24,32856,26.9,,9531,18.5,25,kg/m2,26.9
511661,501482,500090,3022192,,2023-03-24,32856,216.9,,8840,0,150,mg/dL,216.9
511662,501482,500090,3007070,,2023-03-24,32856,50.1,,8840,40,60,mg/dL,50.1
511663,501482,500090,3028437,,2023-03-24,32856,74.9,,8840,0,130,mg/dL,74.9
511664,501482,500090,3013721,,2023-03-24,32856,33.6,,8645,0,40,U/L,33.6
511665,501482,500090,3006923,,2023-03-24,32856,36.3,,8645,0,40,U/L,36.3
511666,501482,500090,3016723,,2023-03-24,32856,0.53,,8840,0.6,1.2,mg/dL,0.53
511667,501482,500090,3049187,,2023-03-24,32856,102.8,,9550,90,130,mL/min/1.73m2,102.8
511668,501483,500090,3004410,,2023-06-16,32856,5,,8554,4,5.6,%,5.0
511669,501483,500090,3004501,,2023-06-16,32856,87,,8840,70,99,mg/dL,87.0
511670,501483,500090,3004249,,2023-06-16,32856,109,,8876,90,130,mmHg,109.0
511671,501483,500090,3012888,,2023-06-16,32856,67,,8876,60,85,mmHg,67.0
511672,501483,500090,3025315,,2023-06-16,32856,84.1,,9529,45,90,kg,84.1
511673,501483,500090,3038553,,2023-06-16,32856,26.5,,9531,18.5,25,kg/m2,26.5
511674,501484,500090,3004410,,2023-09-19,32856,5,,8554,4,5.6,%,5.0
511675,501484,500090,3004501,,2023-09-19,32856,60,,8840,70,99,mg/dL,60
511676,501484,500090,3004249,,2023-09-19,32856,128,,8876,90,130,mmHg,128.0
511677,501484,500090,3012888,,2023-09-19,32856,76,,8876,60,85,mmHg,76.0
511678,501484,500090,3025315,,2023-09-19,32856,83.8,,9529,45,90,kg,83.8
511679,501484,500090,3038553,,2023-09-19,32856,26.4,,9531,18.5,25,kg/m2,26.4
511680,501485,500090,3004410,,2023-12-16,32856,5.4,,8554,4,5.6,%,5.4
511681,501485,500090,3004501,,2023-12-16,32856,96,,8840,70,99,mg/dL,96.0
511682,501485,500090,3004249,,2023-12-16,32856,130,,8876,90,130,mmHg,130.0
511683,501485,500090,3012888,,2023-12-16,32856,83,,8876,60,85,mmHg,83.0
511684,501485,500090,3025315,,2023-12-16,32856,82.8,,9529,45,90,kg,82.8
511685,501485,500090,3038553,,2023-12-16,32856,26.1,,9531,18.5,25,kg/m2,26.1
511686,501486,500090,3004410,,2024-03-21,32856,5.3,,8554,4,5.6,%,5.3
511687,501486,500090,3004501,,2024-03-21,32856,85,,8840,70,99,mg/dL,85.0
511688,501486,500090,3004249,,2024-03-21,32856,130,,8876,90,130,mmHg,130.0
511689,501486,500090,3012888,,2024-03-21,32856,81,,8876,60,85,mmHg,81.0
511690,501486,500090,3025315,,2024-03-21,32856,82.9,,9529,45,90,kg,82.9
511691,501486,500090,3038553,,2024-03-21,32856,26.1,,9531,18.5,25,kg/m2,26.1
511692,501486,500090,3022192,,2024-03-21,32856,162.4,,8840,0,150,mg/dL,162.4
511693,501486,500090,3007070,,2024-03-21,32856,62.7,,8840,40,60,mg/dL,62.7
511694,501486,500090,3028437,,2024-03-21,32856,112.3,,8840,0,130,mg/dL,112.3
511695,501486,500090,3013721,,2024-03-21,32856,0,,8645,0,40,U/L,0
511696,501486,500090,3006923,,2024-03-21,32856,25.6,,8645,0,40,U/L,25.6
511697,501486,500090,3016723,,2024-03-21,32856,0.97,,8840,0.6,1.2,mg/dL,0.97
511698,501486,500090,3049187,,2024-03-21,32856,104,,9550,90,130,mL/min/1.73m2,104.0
511699,501487,500090,3004410,,2024-06-22,32856,5.8,,8554,4,5.6,%,5.8
511700,501487,500090,3004501,,2024-06-22,32856,87,,8840,70,99,mg/dL,87.0
511701,501487,500090,3004249,,2024-06-22,32856,139,,8876,90,130,mmHg,139.0
511702,501487,500090,3012888,,2024-06-22,32856,78,,8876,60,85,mmHg,78.0
511703,501487,500090,3025315,,2024-06-22,32856,80.4,,9529,45,90,kg,80.4
511704,501487,500090,3038553,,2024-06-22,32856,25.3,,9531,18.5,25,kg/m2,25.3
511705,501488,500090,3004410,,2024-09-21,32856,5.6,,8554,4,5.6,%,5.6
511706,501488,500090,3004501,,2024-09-21,32856,91,,8840,70,99,mg/dL,91.0
511707,501488,500090,3004249,,2024-09-21,32856,134,,8876,90,130,mmHg,134.0
511708,501488,500090,3012888,,2024-09-21,32856,78,,8876,60,85,mmHg,78.0
511709,501488,500090,3025315,,2024-09-21,32856,81.5,,9529,45,90,kg,81.5
511710,501488,500090,3038553,,2024-09-21,32856,25.7,,9531,18.5,25,kg/m2,25.7
511711,501489,500090,3004410,,2024-12-24,32856,5.1,,8554,4,5.6,%,5.1
511712,501489,500090,3004501,,2024-12-24,32856,85,,8840,70,99,mg/dL,85.0
511713,501489,500090,3004249,,2024-12-24,32856,123,,8876,90,130,mmHg,123.0
511714,501489,500090,3012888,,2024-12-24,32856,80,,8876,60,85,mmHg,80.0
511715,501489,500090,3025315,,2024-12-24,32856,81.5,,9529,45,90,kg,81.5
511716,501489,500090,3038553,,2024-12-24,32856,25.7,,9531,18.5,25,kg/m2,25.7
511717,501490,500090,3004410,,2025-03-25,32856,5.2,,8554,4,5.6,%,5.2
511718,501490,500090,3004501,,2025-03-25,32856,88,,8840,70,99,mg/dL,88.0
511719,501490,500090,3004249,,2025-03-25,32856,138,,8876,90,130,mmHg,138.0
511720,501490,500090,3012888,,2025-03-25,32856,85,,8876,60,85,mmHg,85.0
511721,501490,500090,3025315,,2025-03-25,32856,82.7,,9529,45,90,kg,82.7
511722,501490,500090,3038553,,2025-03-25,32856,26,,9531,18.5,25,kg/m2,26.0
511723,501490,500090,3022192,,2025-03-25,32856,191.3,,8840,0,150,mg/dL,191.3
511724,501490,500090,3007070,,2025-03-25,32856,36.5,,8840,40,60,mg/dL,36.5
511725,501490,500090,3028437,,2025-03-25,32856,111.1,,8840,0,130,mg/dL,111.1
511726,501490,500090,3013721,,2025-03-25,32856,48.7,,8645,0,40,U/L,48.7
511727,501490,500090,3006923,,2025-03-25,32856,59.1,,8645,0,40,U/L,59.1
511728,501490,500090,3016723,,2025-03-25,32856,1.45,,8840,0.6,1.2,mg/dL,1.45
511729,501490,500090,3049187,,2025-03-25,32856,129.6,,9550,90,130,mL/min/1.73m2,129.6
511730,501491,500090,3004410,,2025-06-23,32856,5,,8554,4,5.6,%,5.0
511731,501491,500090,3004501,,2025-06-23,32856,97,,8840,70,99,mg/dL,97.0
511732,501491,500090,3004249,,2025-06-23,32856,137,,8876,90,130,mmHg,137.0
511733,501491,500090,3012888,,2025-06-23,32856,81,,8876,60,85,mmHg,81.0
511734,501491,500090,3025315,,2025-06-23,32856,83.5,,9529,45,90,kg,83.5
511735,501491,500090,3038553,,2025-06-23,32856,26.3,,9531,18.5,25,kg/m2,26.3
511736,501492,500090,3004410,,2025-09-27,32856,5,,8554,4,5.6,%,5.0
511737,501492,500090,3004501,,2025-09-27,32856,60,,8840,70,99,mg/dL,60
511738,501492,500090,3004249,,2025-09-27,32856,109,,8876,90,130,mmHg,109.0
511739,501492,500090,3012888,,2025-09-27,32856,71,,8876,60,85,mmHg,71.0
511740,501492,500090,3025315,,2025-09-27,32856,84,,9529,45,90,kg,84.0
511741,501492,500090,3038553,,2025-09-27,32856,26.5,,9531,18.5,25,kg/m2,26.5
511742,501493,500090,3004410,,2025-12-26,32856,6,,8554,4,5.6,%,6.0
511743,501493,500090,3004501,,2025-12-26,32856,133,,8840,70,99,mg/dL,133.0
511744,501493,500090,3004249,,2025-12-26,32856,97,,8876,90,130,mmHg,97.0
511745,501493,500090,3012888,,2025-12-26,32856,92,,8876,60,85,mmHg,92.0
511746,501493,500090,3025315,,2025-12-26,32856,83.5,,9529,45,90,kg,83.5
511747,501493,500090,3038553,,2025-12-26,32856,26.3,,9531,18.5,25,kg/m2,26.3
511748,501494,500090,3004410,,2026-04-02,32856,6.2,,8554,4,5.6,%,6.2
511749,501494,500090,3004501,,2026-04-02,32856,103,,8840,70,99,mg/dL,103.0
511750,501494,500090,3004249,,2026-04-02,32856,110,,8876,90,130,mmHg,110.0
511751,501494,500090,3012888,,2026-04-02,32856,80,,8876,60,85,mmHg,80.0
511752,501494,500090,3025315,,2026-04-02,32856,84.6,,9529,45,90,kg,84.6
511753,501494,500090,3038553,,2026-04-02,32856,26.6,,9531,18.5,25,kg/m2,26.6
511754,501494,500090,3022192,,2026-04-02,32856,220.8,,8840,0,150,mg/dL,220.8
511755,501494,500090,3007070,,2026-04-02,32856,50.4,,8840,40,60,mg/dL,50.4
511756,501494,500090,3028437,,2026-04-02,32856,145.6,,8840,0,130,mg/dL,145.6
511757,501494,500090,3013721,,2026-04-02,32856,59.9,,8645,0,40,U/L,59.9
511758,501494,500090,3006923,,2026-04-02,32856,42.4,,8645,0,40,U/L,42.4
511759,501494,500090,3016723,,2026-04-02,32856,1.02,,8840,0.6,1.2,mg/dL,1.02
511760,501494,500090,3049187,,2026-04-02,32856,51.4,,9550,90,130,mL/min/1.73m2,51.4
511761,501495,500091,3036277,,2020-09-23,32856,170.7,,8582,150,185,cm,170.7
511762,501495,500091,3004410,,2020-09-23,32856,5.8,,8554,4,5.6,%,5.8
511763,501495,500091,3004501,,2020-09-23,32856,121,,8840,70,99,mg/dL,121.0
511764,501495,500091,3004249,,2020-09-23,32856,149,,8876,90,130,mmHg,149.0
511765,501495,500091,3012888,,2020-09-23,32856,90,,8876,60,85,mmHg,90.0
511766,501495,500091,3025315,,2020-09-23,32856,83.9,,9529,45,90,kg,83.9
511767,501495,500091,3038553,,2020-09-23,32856,28.8,,9531,18.5,25,kg/m2,28.8
511768,501495,500091,3022192,,2020-09-23,32856,116.3,,8840,0,150,mg/dL,116.3
511769,501495,500091,3007070,,2020-09-23,32856,50.9,,8840,40,60,mg/dL,50.9
511770,501495,500091,3028437,,2020-09-23,32856,133.8,,8840,0,130,mg/dL,133.8
511771,501495,500091,3013721,,2020-09-23,32856,54.8,,8645,0,40,U/L,54.8
511772,501495,500091,3006923,,2020-09-23,32856,50.9,,8645,0,40,U/L,50.9
511773,501495,500091,3016723,,2020-09-23,32856,1.01,,8840,0.6,1.2,mg/dL,1.01
511774,501495,500091,3049187,,2020-09-23,32856,109.9,,9550,90,130,mL/min/1.73m2,109.9
511775,501496,500091,3004410,,2020-12-20,32856,5.3,,8554,4,5.6,%,5.3
511776,501496,500091,3004501,,2020-12-20,32856,80,,8840,70,99,mg/dL,80.0
511777,501496,500091,3004249,,2020-12-20,32856,137,,8876,90,130,mmHg,137.0
511778,501496,500091,3012888,,2020-12-20,32856,94,,8876,60,85,mmHg,94.0
511779,501496,500091,3025315,,2020-12-20,32856,83.4,,9529,45,90,kg,83.4
511780,501496,500091,3038553,,2020-12-20,32856,28.6,,9531,18.5,25,kg/m2,28.6
511781,501497,500091,3004410,,2021-03-14,32856,5.4,,8554,4,5.6,%,5.4
511782,501497,500091,3004501,,2021-03-14,32856,91,,8840,70,99,mg/dL,91.0
511783,501497,500091,3004249,,2021-03-14,32856,147,,8876,90,130,mmHg,147.0
511784,501497,500091,3012888,,2021-03-14,32856,88,,8876,60,85,mmHg,88.0
511785,501497,500091,3025315,,2021-03-14,32856,83.8,,9529,45,90,kg,83.8
511786,501497,500091,3038553,,2021-03-14,32856,28.8,,9531,18.5,25,kg/m2,28.8
511787,501498,500091,3004410,,2021-06-08,32856,5.3,,8554,4,5.6,%,5.3
511788,501498,500091,3004501,,2021-06-08,32856,92,,8840,70,99,mg/dL,92.0
511789,501498,500091,3004249,,2021-06-08,32856,128,,8876,90,130,mmHg,128.0
511790,501498,500091,3012888,,2021-06-08,32856,90,,8876,60,85,mmHg,90.0
511791,501498,500091,3025315,,2021-06-08,32856,83.9,,9529,45,90,kg,83.9
511792,501498,500091,3038553,,2021-06-08,32856,28.8,,9531,18.5,25,kg/m2,28.8
511793,501499,500091,3004410,,2021-09-14,32856,5,,8554,4,5.6,%,5.0
511794,501499,500091,3004501,,2021-09-14,32856,76,,8840,70,99,mg/dL,76.0
511795,501499,500091,3004249,,2021-09-14,32856,142,,8876,90,130,mmHg,142.0
511796,501499,500091,3012888,,2021-09-14,32856,86,,8876,60,85,mmHg,86.0
511797,501499,500091,3025315,,2021-09-14,32856,83.1,,9529,45,90,kg,83.1
511798,501499,500091,3038553,,2021-09-14,32856,28.5,,9531,18.5,25,kg/m2,28.5
511799,501499,500091,3022192,,2021-09-14,32856,211.7,,8840,0,150,mg/dL,211.7
511800,501499,500091,3007070,,2021-09-14,32856,46.9,,8840,40,60,mg/dL,46.9
511801,501499,500091,3028437,,2021-09-14,32856,131.8,,8840,0,130,mg/dL,131.8
511802,501499,500091,3013721,,2021-09-14,32856,5.7,,8645,0,40,U/L,5.7
511803,501499,500091,3006923,,2021-09-14,32856,29.7,,8645,0,40,U/L,29.7
511804,501499,500091,3016723,,2021-09-14,32856,0.85,,8840,0.6,1.2,mg/dL,0.85
511805,501499,500091,3049187,,2021-09-14,32856,114.8,,9550,90,130,mL/min/1.73m2,114.8
511806,501500,500091,3004410,,2021-12-13,32856,5,,8554,4,5.6,%,5.0
511807,501500,500091,3004501,,2021-12-13,32856,60,,8840,70,99,mg/dL,60
511808,501500,500091,3004249,,2021-12-13,32856,129,,8876,90,130,mmHg,129.0
511809,501500,500091,3012888,,2021-12-13,32856,84,,8876,60,85,mmHg,84.0
511810,501500,500091,3025315,,2021-12-13,32856,82.9,,9529,45,90,kg,82.9
511811,501500,500091,3038553,,2021-12-13,32856,28.5,,9531,18.5,25,kg/m2,28.5
511812,501501,500091,3004410,,2022-03-18,32856,5,,8554,4,5.6,%,5.0
511813,501501,500091,3004501,,2022-03-18,32856,66,,8840,70,99,mg/dL,66.0
511814,501501,500091,3004249,,2022-03-18,32856,147,,8876,90,130,mmHg,147.0
511815,501501,500091,3012888,,2022-03-18,32856,85,,8876,60,85,mmHg,85.0
511816,501501,500091,3025315,,2022-03-18,32856,82,,9529,45,90,kg,82.0
511817,501501,500091,3038553,,2022-03-18,32856,28.1,,9531,18.5,25,kg/m2,28.1
511818,501502,500091,3004410,,2022-06-24,32856,5,,8554,4,5.6,%,5.0
511819,501502,500091,3004501,,2022-06-24,32856,77,,8840,70,99,mg/dL,77.0
511820,501502,500091,3004249,,2022-06-24,32856,137,,8876,90,130,mmHg,137.0
511821,501502,500091,3012888,,2022-06-24,32856,79,,8876,60,85,mmHg,79.0
511822,501502,500091,3025315,,2022-06-24,32856,83.5,,9529,45,90,kg,83.5
511823,501502,500091,3038553,,2022-06-24,32856,28.7,,9531,18.5,25,kg/m2,28.7
511824,501503,500091,3004410,,2022-09-21,32856,5.8,,8554,4,5.6,%,5.8
511825,501503,500091,3004501,,2022-09-21,32856,92,,8840,70,99,mg/dL,92.0
511826,501503,500091,3004249,,2022-09-21,32856,147,,8876,90,130,mmHg,147.0
511827,501503,500091,3012888,,2022-09-21,32856,78,,8876,60,85,mmHg,78.0
511828,501503,500091,3025315,,2022-09-21,32856,83.3,,9529,45,90,kg,83.3
511829,501503,500091,3038553,,2022-09-21,32856,28.6,,9531,18.5,25,kg/m2,28.6
511830,501503,500091,3022192,,2022-09-21,32856,35.6,,8840,0,150,mg/dL,35.6
511831,501503,500091,3007070,,2022-09-21,32856,30.7,,8840,40,60,mg/dL,30.7
511832,501503,500091,3028437,,2022-09-21,32856,53.8,,8840,0,130,mg/dL,53.8
511833,501503,500091,3013721,,2022-09-21,32856,52.6,,8645,0,40,U/L,52.6
511834,501503,500091,3006923,,2022-09-21,32856,39.4,,8645,0,40,U/L,39.4
511835,501503,500091,3016723,,2022-09-21,32856,1,,8840,0.6,1.2,mg/dL,1.0
511836,501503,500091,3049187,,2022-09-21,32856,88.3,,9550,90,130,mL/min/1.73m2,88.3
511837,501504,500091,3004410,,2022-12-20,32856,5.7,,8554,4,5.6,%,5.7
511838,501504,500091,3004501,,2022-12-20,32856,80,,8840,70,99,mg/dL,80.0
511839,501504,500091,3004249,,2022-12-20,32856,151,,8876,90,130,mmHg,151.0
511840,501504,500091,3012888,,2022-12-20,32856,83,,8876,60,85,mmHg,83.0
511841,501504,500091,3025315,,2022-12-20,32856,83.4,,9529,45,90,kg,83.4
511842,501504,500091,3038553,,2022-12-20,32856,28.6,,9531,18.5,25,kg/m2,28.6
511843,501505,500091,3004410,,2023-03-16,32856,5.7,,8554,4,5.6,%,5.7
511844,501505,500091,3004501,,2023-03-16,32856,116,,8840,70,99,mg/dL,116.0
511845,501505,500091,3004249,,2023-03-16,32856,123,,8876,90,130,mmHg,123.0
511846,501505,500091,3012888,,2023-03-16,32856,90,,8876,60,85,mmHg,90.0
511847,501505,500091,3025315,,2023-03-16,32856,83.5,,9529,45,90,kg,83.5
511848,501505,500091,3038553,,2023-03-16,32856,28.7,,9531,18.5,25,kg/m2,28.7
511849,501506,500091,3004410,,2023-06-13,32856,5.6,,8554,4,5.6,%,5.6
511850,501506,500091,3004501,,2023-06-13,32856,125,,8840,70,99,mg/dL,125.0
511851,501506,500091,3004249,,2023-06-13,32856,126,,8876,90,130,mmHg,126.0
511852,501506,500091,3012888,,2023-06-13,32856,87,,8876,60,85,mmHg,87.0
511853,501506,500091,3025315,,2023-06-13,32856,83.9,,9529,45,90,kg,83.9
511854,501506,500091,3038553,,2023-06-13,32856,28.8,,9531,18.5,25,kg/m2,28.8
511855,501507,500091,3004410,,2023-09-05,32856,5.4,,8554,4,5.6,%,5.4
511856,501507,500091,3004501,,2023-09-05,32856,87,,8840,70,99,mg/dL,87.0
511857,501507,500091,3004249,,2023-09-05,32856,129,,8876,90,130,mmHg,129.0
511858,501507,500091,3012888,,2023-09-05,32856,88,,8876,60,85,mmHg,88.0
511859,501507,500091,3025315,,2023-09-05,32856,83.4,,9529,45,90,kg,83.4
511860,501507,500091,3038553,,2023-09-05,32856,28.6,,9531,18.5,25,kg/m2,28.6
511861,501507,500091,3022192,,2023-09-05,32856,169.5,,8840,0,150,mg/dL,169.5
511862,501507,500091,3007070,,2023-09-05,32856,33.3,,8840,40,60,mg/dL,33.3
511863,501507,500091,3028437,,2023-09-05,32856,73.4,,8840,0,130,mg/dL,73.4
511864,501507,500091,3013721,,2023-09-05,32856,56.7,,8645,0,40,U/L,56.7
511865,501507,500091,3006923,,2023-09-05,32856,32.7,,8645,0,40,U/L,32.7
511866,501507,500091,3016723,,2023-09-05,32856,0.53,,8840,0.6,1.2,mg/dL,0.53
511867,501507,500091,3049187,,2023-09-05,32856,75.7,,9550,90,130,mL/min/1.73m2,75.7
511868,501508,500091,3004410,,2023-11-30,32856,5.8,,8554,4,5.6,%,5.8
511869,501508,500091,3004501,,2023-11-30,32856,84,,8840,70,99,mg/dL,84.0
511870,501508,500091,3004249,,2023-11-30,32856,124,,8876,90,130,mmHg,124.0
511871,501508,500091,3012888,,2023-11-30,32856,77,,8876,60,85,mmHg,77.0
511872,501508,500091,3025315,,2023-11-30,32856,83.6,,9529,45,90,kg,83.6
511873,501508,500091,3038553,,2023-11-30,32856,28.7,,9531,18.5,25,kg/m2,28.7
511874,501509,500092,3036277,,2020-05-23,32856,163.5,,8582,150,185,cm,163.5
511875,501509,500092,3004410,,2020-05-23,32856,7.1,,8554,4,5.6,%,7.1
511876,501509,500092,3004501,,2020-05-23,32856,116,,8840,70,99,mg/dL,116.0
511877,501509,500092,3004249,,2020-05-23,32856,127,,8876,90,130,mmHg,127.0
511878,501509,500092,3012888,,2020-05-23,32856,92,,8876,60,85,mmHg,92.0
511879,501509,500092,3025315,,2020-05-23,32856,62.8,,9529,45,90,kg,62.8
511880,501509,500092,3038553,,2020-05-23,32856,23.5,,9531,18.5,25,kg/m2,23.5
511881,501509,500092,3022192,,2020-05-23,32856,116.2,,8840,0,150,mg/dL,116.2
511882,501509,500092,3007070,,2020-05-23,32856,54.8,,8840,40,60,mg/dL,54.8
511883,501509,500092,3028437,,2020-05-23,32856,103.4,,8840,0,130,mg/dL,103.4
511884,501509,500092,3013721,,2020-05-23,32856,29.2,,8645,0,40,U/L,29.2
511885,501509,500092,3006923,,2020-05-23,32856,41.1,,8645,0,40,U/L,41.1
511886,501509,500092,3016723,,2020-05-23,32856,0.7,,8840,0.6,1.2,mg/dL,0.7
511887,501509,500092,3049187,,2020-05-23,32856,57.9,,9550,90,130,mL/min/1.73m2,57.9
511888,501510,500092,3004410,,2020-08-26,32856,6.8,,8554,4,5.6,%,6.8
511889,501510,500092,3004501,,2020-08-26,32856,111,,8840,70,99,mg/dL,111.0
511890,501510,500092,3004249,,2020-08-26,32856,136,,8876,90,130,mmHg,136.0
511891,501510,500092,3012888,,2020-08-26,32856,85,,8876,60,85,mmHg,85.0
511892,501510,500092,3025315,,2020-08-26,32856,61.3,,9529,45,90,kg,61.3
511893,501510,500092,3038553,,2020-08-26,32856,22.9,,9531,18.5,25,kg/m2,22.9
511894,501511,500092,3004410,,2020-11-24,32856,7,,8554,4,5.6,%,7.0
511895,501511,500092,3004501,,2020-11-24,32856,112,,8840,70,99,mg/dL,112.0
511896,501511,500092,3004249,,2020-11-24,32856,144,,8876,90,130,mmHg,144.0
511897,501511,500092,3012888,,2020-11-24,32856,69,,8876,60,85,mmHg,69.0
511898,501511,500092,3025315,,2020-11-24,32856,61.1,,9529,45,90,kg,61.1
511899,501511,500092,3038553,,2020-11-24,32856,22.9,,9531,18.5,25,kg/m2,22.9
511900,501512,500092,3004410,,2021-02-25,32856,6.4,,8554,4,5.6,%,6.4
511901,501512,500092,3004501,,2021-02-25,32856,118,,8840,70,99,mg/dL,118.0
511902,501512,500092,3004249,,2021-02-25,32856,131,,8876,90,130,mmHg,131.0
511903,501512,500092,3012888,,2021-02-25,32856,85,,8876,60,85,mmHg,85.0
511904,501512,500092,3025315,,2021-02-25,32856,63.5,,9529,45,90,kg,63.5
511905,501512,500092,3038553,,2021-02-25,32856,23.8,,9531,18.5,25,kg/m2,23.8
511906,501513,500092,3004410,,2021-06-01,32856,6,,8554,4,5.6,%,6.0
511907,501513,500092,3004501,,2021-06-01,32856,78,,8840,70,99,mg/dL,78.0
511908,501513,500092,3004249,,2021-06-01,32856,144,,8876,90,130,mmHg,144.0
511909,501513,500092,3012888,,2021-06-01,32856,86,,8876,60,85,mmHg,86.0
511910,501513,500092,3025315,,2021-06-01,32856,61.6,,9529,45,90,kg,61.6
511911,501513,500092,3038553,,2021-06-01,32856,23,,9531,18.5,25,kg/m2,23.0
511912,501513,500092,3022192,,2021-06-01,32856,259.5,,8840,0,150,mg/dL,259.5
511913,501513,500092,3007070,,2021-06-01,32856,41.2,,8840,40,60,mg/dL,41.2
511914,501513,500092,3028437,,2021-06-01,32856,121.8,,8840,0,130,mg/dL,121.8
511915,501513,500092,3013721,,2021-06-01,32856,58.3,,8645,0,40,U/L,58.3
511916,501513,500092,3006923,,2021-06-01,32856,59.3,,8645,0,40,U/L,59.3
511917,501513,500092,3016723,,2021-06-01,32856,0.94,,8840,0.6,1.2,mg/dL,0.94
511918,501513,500092,3049187,,2021-06-01,32856,55.4,,9550,90,130,mL/min/1.73m2,55.4
511919,501514,500092,3004410,,2021-09-03,32856,6,,8554,4,5.6,%,6.0
511920,501514,500092,3004501,,2021-09-03,32856,92,,8840,70,99,mg/dL,92.0
511921,501514,500092,3004249,,2021-09-03,32856,148,,8876,90,130,mmHg,148.0
511922,501514,500092,3012888,,2021-09-03,32856,87,,8876,60,85,mmHg,87.0
511923,501514,500092,3025315,,2021-09-03,32856,63.1,,9529,45,90,kg,63.1
511924,501514,500092,3038553,,2021-09-03,32856,23.6,,9531,18.5,25,kg/m2,23.6
511925,501515,500092,3004410,,2021-12-09,32856,6,,8554,4,5.6,%,6.0
511926,501515,500092,3004501,,2021-12-09,32856,90,,8840,70,99,mg/dL,90.0
511927,501515,500092,3004249,,2021-12-09,32856,136,,8876,90,130,mmHg,136.0
511928,501515,500092,3012888,,2021-12-09,32856,81,,8876,60,85,mmHg,81.0
511929,501515,500092,3025315,,2021-12-09,32856,63.3,,9529,45,90,kg,63.3
511930,501515,500092,3038553,,2021-12-09,32856,23.7,,9531,18.5,25,kg/m2,23.7
511931,501516,500092,3004410,,2022-03-04,32856,6.7,,8554,4,5.6,%,6.7
511932,501516,500092,3004501,,2022-03-04,32856,145,,8840,70,99,mg/dL,145.0
511933,501516,500092,3004249,,2022-03-04,32856,154,,8876,90,130,mmHg,154.0
511934,501516,500092,3012888,,2022-03-04,32856,86,,8876,60,85,mmHg,86.0
511935,501516,500092,3025315,,2022-03-04,32856,65.1,,9529,45,90,kg,65.1
511936,501516,500092,3038553,,2022-03-04,32856,24.4,,9531,18.5,25,kg/m2,24.4
511937,501517,500092,3004410,,2022-05-31,32856,7.5,,8554,4,5.6,%,7.5
511938,501517,500092,3004501,,2022-05-31,32856,141,,8840,70,99,mg/dL,141.0
511939,501517,500092,3004249,,2022-05-31,32856,105,,8876,90,130,mmHg,105.0
511940,501517,500092,3012888,,2022-05-31,32856,83,,8876,60,85,mmHg,83.0
511941,501517,500092,3025315,,2022-05-31,32856,65.8,,9529,45,90,kg,65.8
511942,501517,500092,3038553,,2022-05-31,32856,24.6,,9531,18.5,25,kg/m2,24.6
511943,501517,500092,3022192,,2022-05-31,32856,137,,8840,0,150,mg/dL,137.0
511944,501517,500092,3007070,,2022-05-31,32856,60,,8840,40,60,mg/dL,60.0
511945,501517,500092,3028437,,2022-05-31,32856,130.9,,8840,0,130,mg/dL,130.9
511946,501517,500092,3013721,,2022-05-31,32856,53.7,,8645,0,40,U/L,53.7
511947,501517,500092,3006923,,2022-05-31,32856,0,,8645,0,40,U/L,0
511948,501517,500092,3016723,,2022-05-31,32856,0.54,,8840,0.6,1.2,mg/dL,0.54
511949,501517,500092,3049187,,2022-05-31,32856,111.8,,9550,90,130,mL/min/1.73m2,111.8
511950,501518,500092,3004410,,2022-08-24,32856,6,,8554,4,5.6,%,6.0
511951,501518,500092,3004501,,2022-08-24,32856,118,,8840,70,99,mg/dL,118.0
511952,501518,500092,3004249,,2022-08-24,32856,118,,8876,90,130,mmHg,118.0
511953,501518,500092,3012888,,2022-08-24,32856,63,,8876,60,85,mmHg,63.0
511954,501518,500092,3025315,,2022-08-24,32856,64.6,,9529,45,90,kg,64.6
511955,501518,500092,3038553,,2022-08-24,32856,24.2,,9531,18.5,25,kg/m2,24.2
511956,501519,500092,3004410,,2022-11-29,32856,6.3,,8554,4,5.6,%,6.3
511957,501519,500092,3004501,,2022-11-29,32856,131,,8840,70,99,mg/dL,131.0
511958,501519,500092,3004249,,2022-11-29,32856,109,,8876,90,130,mmHg,109.0
511959,501519,500092,3012888,,2022-11-29,32856,99,,8876,60,85,mmHg,99.0
511960,501519,500092,3025315,,2022-11-29,32856,64.3,,9529,45,90,kg,64.3
511961,501519,500092,3038553,,2022-11-29,32856,24.1,,9531,18.5,25,kg/m2,24.1
511962,501520,500092,3004410,,2023-03-03,32856,6.1,,8554,4,5.6,%,6.1
511963,501520,500092,3004501,,2023-03-03,32856,108,,8840,70,99,mg/dL,108.0
511964,501520,500092,3004249,,2023-03-03,32856,141,,8876,90,130,mmHg,141.0
511965,501520,500092,3012888,,2023-03-03,32856,86,,8876,60,85,mmHg,86.0
511966,501520,500092,3025315,,2023-03-03,32856,61.7,,9529,45,90,kg,61.7
511967,501520,500092,3038553,,2023-03-03,32856,23.1,,9531,18.5,25,kg/m2,23.1
511968,501521,500092,3004410,,2023-06-03,32856,6,,8554,4,5.6,%,6.0
511969,501521,500092,3004501,,2023-06-03,32856,107,,8840,70,99,mg/dL,107.0
511970,501521,500092,3004249,,2023-06-03,32856,127,,8876,90,130,mmHg,127.0
511971,501521,500092,3012888,,2023-06-03,32856,88,,8876,60,85,mmHg,88.0
511972,501521,500092,3025315,,2023-06-03,32856,61.4,,9529,45,90,kg,61.4
511973,501521,500092,3038553,,2023-06-03,32856,23,,9531,18.5,25,kg/m2,23.0
511974,501521,500092,3022192,,2023-06-03,32856,143.1,,8840,0,150,mg/dL,143.1
511975,501521,500092,3007070,,2023-06-03,32856,57.3,,8840,40,60,mg/dL,57.3
511976,501521,500092,3028437,,2023-06-03,32856,162.2,,8840,0,130,mg/dL,162.2
511977,501521,500092,3013721,,2023-06-03,32856,33.5,,8645,0,40,U/L,33.5
511978,501521,500092,3006923,,2023-06-03,32856,0,,8645,0,40,U/L,0
511979,501521,500092,3016723,,2023-06-03,32856,0.83,,8840,0.6,1.2,mg/dL,0.83
511980,501521,500092,3049187,,2023-06-03,32856,111.2,,9550,90,130,mL/min/1.73m2,111.2
511981,501522,500092,3004410,,2023-09-04,32856,5.8,,8554,4,5.6,%,5.8
511982,501522,500092,3004501,,2023-09-04,32856,93,,8840,70,99,mg/dL,93.0
511983,501522,500092,3004249,,2023-09-04,32856,119,,8876,90,130,mmHg,119.0
511984,501522,500092,3012888,,2023-09-04,32856,94,,8876,60,85,mmHg,94.0
511985,501522,500092,3025315,,2023-09-04,32856,61,,9529,45,90,kg,61.0
511986,501522,500092,3038553,,2023-09-04,32856,22.8,,9531,18.5,25,kg/m2,22.8
511987,501523,500092,3004410,,2023-12-06,32856,6.4,,8554,4,5.6,%,6.4
511988,501523,500092,3004501,,2023-12-06,32856,103,,8840,70,99,mg/dL,103.0
511989,501523,500092,3004249,,2023-12-06,32856,121,,8876,90,130,mmHg,121.0
511990,501523,500092,3012888,,2023-12-06,32856,82,,8876,60,85,mmHg,82.0
511991,501523,500092,3025315,,2023-12-06,32856,61,,9529,45,90,kg,61.0
511992,501523,500092,3038553,,2023-12-06,32856,22.8,,9531,18.5,25,kg/m2,22.8
511993,501524,500092,3004410,,2024-02-28,32856,6.6,,8554,4,5.6,%,6.6
511994,501524,500092,3004501,,2024-02-28,32856,107,,8840,70,99,mg/dL,107.0
511995,501524,500092,3004249,,2024-02-28,32856,124,,8876,90,130,mmHg,124.0
511996,501524,500092,3012888,,2024-02-28,32856,70,,8876,60,85,mmHg,70.0
511997,501524,500092,3025315,,2024-02-28,32856,61.4,,9529,45,90,kg,61.4
511998,501524,500092,3038553,,2024-02-28,32856,23,,9531,18.5,25,kg/m2,23.0
511999,501525,500092,3004410,,2024-06-05,32856,6.5,,8554,4,5.6,%,6.5
512000,501525,500092,3004501,,2024-06-05,32856,84,,8840,70,99,mg/dL,84.0
512001,501525,500092,3004249,,2024-06-05,32856,127,,8876,90,130,mmHg,127.0
512002,501525,500092,3012888,,2024-06-05,32856,87,,8876,60,85,mmHg,87.0
512003,501525,500092,3025315,,2024-06-05,32856,62.1,,9529,45,90,kg,62.1
512004,501525,500092,3038553,,2024-06-05,32856,23.2,,9531,18.5,25,kg/m2,23.2
512005,501525,500092,3022192,,2024-06-05,32856,118.8,,8840,0,150,mg/dL,118.8
512006,501525,500092,3007070,,2024-06-05,32856,49.8,,8840,40,60,mg/dL,49.8
512007,501525,500092,3028437,,2024-06-05,32856,89.3,,8840,0,130,mg/dL,89.3
512008,501525,500092,3013721,,2024-06-05,32856,43.5,,8645,0,40,U/L,43.5
512009,501525,500092,3006923,,2024-06-05,32856,79.8,,8645,0,40,U/L,79.8
512010,501525,500092,3016723,,2024-06-05,32856,0.44,,8840,0.6,1.2,mg/dL,0.44
512011,501525,500092,3049187,,2024-06-05,32856,122.5,,9550,90,130,mL/min/1.73m2,122.5
512012,501526,500093,3036277,,2019-01-05,32856,169.2,,8582,150,185,cm,169.2
512013,501526,500093,3004410,,2019-01-05,32856,6.3,,8554,4,5.6,%,6.3
512014,501526,500093,3004501,,2019-01-05,32856,128,,8840,70,99,mg/dL,128.0
512015,501526,500093,3004249,,2019-01-05,32856,148,,8876,90,130,mmHg,148.0
512016,501526,500093,3012888,,2019-01-05,32856,77,,8876,60,85,mmHg,77.0
512017,501526,500093,3025315,,2019-01-05,32856,69.9,,9529,45,90,kg,69.9
512018,501526,500093,3038553,,2019-01-05,32856,24.4,,9531,18.5,25,kg/m2,24.4
512019,501526,500093,3022192,,2019-01-05,32856,104.7,,8840,0,150,mg/dL,104.7
512020,501526,500093,3007070,,2019-01-05,32856,48.7,,8840,40,60,mg/dL,48.7
512021,501526,500093,3028437,,2019-01-05,32856,99.4,,8840,0,130,mg/dL,99.4
512022,501526,500093,3013721,,2019-01-05,32856,32.6,,8645,0,40,U/L,32.6
512023,501526,500093,3006923,,2019-01-05,32856,51,,8645,0,40,U/L,51.0
512024,501526,500093,3016723,,2019-01-05,32856,0.83,,8840,0.6,1.2,mg/dL,0.83
512025,501526,500093,3049187,,2019-01-05,32856,89,,9550,90,130,mL/min/1.73m2,89.0
512026,501527,500093,3004410,,2019-04-11,32856,5.8,,8554,4,5.6,%,5.8
512027,501527,500093,3004501,,2019-04-11,32856,102,,8840,70,99,mg/dL,102.0
512028,501527,500093,3004249,,2019-04-11,32856,138,,8876,90,130,mmHg,138.0
512029,501527,500093,3012888,,2019-04-11,32856,65,,8876,60,85,mmHg,65.0
512030,501527,500093,3025315,,2019-04-11,32856,69.5,,9529,45,90,kg,69.5
512031,501527,500093,3038553,,2019-04-11,32856,24.3,,9531,18.5,25,kg/m2,24.3
512032,501528,500093,3004410,,2019-07-15,32856,5.6,,8554,4,5.6,%,5.6
512033,501528,500093,3004501,,2019-07-15,32856,91,,8840,70,99,mg/dL,91.0
512034,501528,500093,3004249,,2019-07-15,32856,144,,8876,90,130,mmHg,144.0
512035,501528,500093,3012888,,2019-07-15,32856,87,,8876,60,85,mmHg,87.0
512036,501528,500093,3025315,,2019-07-15,32856,70.2,,9529,45,90,kg,70.2
512037,501528,500093,3038553,,2019-07-15,32856,24.5,,9531,18.5,25,kg/m2,24.5
512038,501529,500093,3004410,,2019-10-08,32856,5.7,,8554,4,5.6,%,5.7
512039,501529,500093,3004501,,2019-10-08,32856,87,,8840,70,99,mg/dL,87.0
512040,501529,500093,3004249,,2019-10-08,32856,146,,8876,90,130,mmHg,146.0
512041,501529,500093,3012888,,2019-10-08,32856,82,,8876,60,85,mmHg,82.0
512042,501529,500093,3025315,,2019-10-08,32856,70.2,,9529,45,90,kg,70.2
512043,501529,500093,3038553,,2019-10-08,32856,24.5,,9531,18.5,25,kg/m2,24.5
512044,501530,500093,3004410,,2020-01-14,32856,5.6,,8554,4,5.6,%,5.6
512045,501530,500093,3004501,,2020-01-14,32856,100,,8840,70,99,mg/dL,100.0
512046,501530,500093,3004249,,2020-01-14,32856,138,,8876,90,130,mmHg,138.0
512047,501530,500093,3012888,,2020-01-14,32856,76,,8876,60,85,mmHg,76.0
512048,501530,500093,3025315,,2020-01-14,32856,68.8,,9529,45,90,kg,68.8
512049,501530,500093,3038553,,2020-01-14,32856,24,,9531,18.5,25,kg/m2,24.0
512050,501530,500093,3022192,,2020-01-14,32856,224.4,,8840,0,150,mg/dL,224.4
512051,501530,500093,3007070,,2020-01-14,32856,38.9,,8840,40,60,mg/dL,38.9
512052,501530,500093,3028437,,2020-01-14,32856,111.3,,8840,0,130,mg/dL,111.3
512053,501530,500093,3013721,,2020-01-14,32856,6.3,,8645,0,40,U/L,6.3
512054,501530,500093,3006923,,2020-01-14,32856,52.1,,8645,0,40,U/L,52.1
512055,501530,500093,3016723,,2020-01-14,32856,0.93,,8840,0.6,1.2,mg/dL,0.93
512056,501530,500093,3049187,,2020-01-14,32856,119.4,,9550,90,130,mL/min/1.73m2,119.4
512057,501531,500093,3004410,,2020-04-14,32856,5.7,,8554,4,5.6,%,5.7
512058,501531,500093,3004501,,2020-04-14,32856,100,,8840,70,99,mg/dL,100.0
512059,501531,500093,3004249,,2020-04-14,32856,132,,8876,90,130,mmHg,132.0
512060,501531,500093,3012888,,2020-04-14,32856,90,,8876,60,85,mmHg,90.0
512061,501531,500093,3025315,,2020-04-14,32856,68.5,,9529,45,90,kg,68.5
512062,501531,500093,3038553,,2020-04-14,32856,23.9,,9531,18.5,25,kg/m2,23.9
512063,501532,500093,3004410,,2020-07-13,32856,5.9,,8554,4,5.6,%,5.9
512064,501532,500093,3004501,,2020-07-13,32856,112,,8840,70,99,mg/dL,112.0
512065,501532,500093,3004249,,2020-07-13,32856,139,,8876,90,130,mmHg,139.0
512066,501532,500093,3012888,,2020-07-13,32856,77,,8876,60,85,mmHg,77.0
512067,501532,500093,3025315,,2020-07-13,32856,68.7,,9529,45,90,kg,68.7
512068,501532,500093,3038553,,2020-07-13,32856,24,,9531,18.5,25,kg/m2,24.0
512069,501533,500093,3004410,,2020-10-15,32856,5.7,,8554,4,5.6,%,5.7
512070,501533,500093,3004501,,2020-10-15,32856,125,,8840,70,99,mg/dL,125.0
512071,501533,500093,3004249,,2020-10-15,32856,129,,8876,90,130,mmHg,129.0
512072,501533,500093,3012888,,2020-10-15,32856,80,,8876,60,85,mmHg,80.0
512073,501533,500093,3025315,,2020-10-15,32856,69.3,,9529,45,90,kg,69.3
512074,501533,500093,3038553,,2020-10-15,32856,24.2,,9531,18.5,25,kg/m2,24.2
512075,501534,500093,3004410,,2021-01-09,32856,5.9,,8554,4,5.6,%,5.9
512076,501534,500093,3004501,,2021-01-09,32856,93,,8840,70,99,mg/dL,93.0
512077,501534,500093,3004249,,2021-01-09,32856,122,,8876,90,130,mmHg,122.0
512078,501534,500093,3012888,,2021-01-09,32856,93,,8876,60,85,mmHg,93.0
512079,501534,500093,3025315,,2021-01-09,32856,68.3,,9529,45,90,kg,68.3
512080,501534,500093,3038553,,2021-01-09,32856,23.9,,9531,18.5,25,kg/m2,23.9
512081,501534,500093,3022192,,2021-01-09,32856,86.9,,8840,0,150,mg/dL,86.9
512082,501534,500093,3007070,,2021-01-09,32856,54.6,,8840,40,60,mg/dL,54.6
512083,501534,500093,3028437,,2021-01-09,32856,76.9,,8840,0,130,mg/dL,76.9
512084,501534,500093,3013721,,2021-01-09,32856,84.5,,8645,0,40,U/L,84.5
512085,501534,500093,3006923,,2021-01-09,32856,29.2,,8645,0,40,U/L,29.2
512086,501534,500093,3016723,,2021-01-09,32856,1.47,,8840,0.6,1.2,mg/dL,1.47
512087,501534,500093,3049187,,2021-01-09,32856,108.8,,9550,90,130,mL/min/1.73m2,108.8
512088,501535,500093,3004410,,2021-04-11,32856,5.5,,8554,4,5.6,%,5.5
512089,501535,500093,3004501,,2021-04-11,32856,97,,8840,70,99,mg/dL,97.0
512090,501535,500093,3004249,,2021-04-11,32856,147,,8876,90,130,mmHg,147.0
512091,501535,500093,3012888,,2021-04-11,32856,77,,8876,60,85,mmHg,77.0
512092,501535,500093,3025315,,2021-04-11,32856,69,,9529,45,90,kg,69.0
512093,501535,500093,3038553,,2021-04-11,32856,24.1,,9531,18.5,25,kg/m2,24.1
512094,501536,500093,3004410,,2021-07-17,32856,5.4,,8554,4,5.6,%,5.4
512095,501536,500093,3004501,,2021-07-17,32856,111,,8840,70,99,mg/dL,111.0
512096,501536,500093,3004249,,2021-07-17,32856,135,,8876,90,130,mmHg,135.0
512097,501536,500093,3012888,,2021-07-17,32856,86,,8876,60,85,mmHg,86.0
512098,501536,500093,3025315,,2021-07-17,32856,68.3,,9529,45,90,kg,68.3
512099,501536,500093,3038553,,2021-07-17,32856,23.9,,9531,18.5,25,kg/m2,23.9
512100,501537,500093,3004410,,2021-10-14,32856,5.4,,8554,4,5.6,%,5.4
512101,501537,500093,3004501,,2021-10-14,32856,61,,8840,70,99,mg/dL,61.0
512102,501537,500093,3004249,,2021-10-14,32856,126,,8876,90,130,mmHg,126.0
512103,501537,500093,3012888,,2021-10-14,32856,81,,8876,60,85,mmHg,81.0
512104,501537,500093,3025315,,2021-10-14,32856,69,,9529,45,90,kg,69.0
512105,501537,500093,3038553,,2021-10-14,32856,24.1,,9531,18.5,25,kg/m2,24.1
512106,501538,500093,3004410,,2022-01-09,32856,5.5,,8554,4,5.6,%,5.5
512107,501538,500093,3004501,,2022-01-09,32856,88,,8840,70,99,mg/dL,88.0
512108,501538,500093,3004249,,2022-01-09,32856,125,,8876,90,130,mmHg,125.0
512109,501538,500093,3012888,,2022-01-09,32856,89,,8876,60,85,mmHg,89.0
512110,501538,500093,3025315,,2022-01-09,32856,69.4,,9529,45,90,kg,69.4
512111,501538,500093,3038553,,2022-01-09,32856,24.2,,9531,18.5,25,kg/m2,24.2
512112,501538,500093,3022192,,2022-01-09,32856,17.6,,8840,0,150,mg/dL,17.6
512113,501538,500093,3007070,,2022-01-09,32856,38.8,,8840,40,60,mg/dL,38.8
512114,501538,500093,3028437,,2022-01-09,32856,112.3,,8840,0,130,mg/dL,112.3
512115,501538,500093,3013721,,2022-01-09,32856,34.1,,8645,0,40,U/L,34.1
512116,501538,500093,3006923,,2022-01-09,32856,46.2,,8645,0,40,U/L,46.2
512117,501538,500093,3016723,,2022-01-09,32856,0.83,,8840,0.6,1.2,mg/dL,0.83
512118,501538,500093,3049187,,2022-01-09,32856,87.8,,9550,90,130,mL/min/1.73m2,87.8
512119,501539,500093,3004410,,2022-04-16,32856,5.4,,8554,4,5.6,%,5.4
512120,501539,500093,3004501,,2022-04-16,32856,106,,8840,70,99,mg/dL,106.0
512121,501539,500093,3004249,,2022-04-16,32856,137,,8876,90,130,mmHg,137.0
512122,501539,500093,3012888,,2022-04-16,32856,101,,8876,60,85,mmHg,101.0
512123,501539,500093,3025315,,2022-04-16,32856,69.7,,9529,45,90,kg,69.7
512124,501539,500093,3038553,,2022-04-16,32856,24.3,,9531,18.5,25,kg/m2,24.3
512125,501540,500093,3004410,,2022-07-10,32856,5.5,,8554,4,5.6,%,5.5
512126,501540,500093,3004501,,2022-07-10,32856,105,,8840,70,99,mg/dL,105.0
512127,501540,500093,3004249,,2022-07-10,32856,142,,8876,90,130,mmHg,142.0
512128,501540,500093,3012888,,2022-07-10,32856,86,,8876,60,85,mmHg,86.0
512129,501540,500093,3025315,,2022-07-10,32856,69.2,,9529,45,90,kg,69.2
512130,501540,500093,3038553,,2022-07-10,32856,24.2,,9531,18.5,25,kg/m2,24.2
512131,501541,500094,3036277,,2022-01-07,32856,162.6,,8582,150,185,cm,162.6
512132,501541,500094,3004410,,2022-01-07,32856,7.3,,8554,4,5.6,%,7.3
512133,501541,500094,3004501,,2022-01-07,32856,119,,8840,70,99,mg/dL,119.0
512134,501541,500094,3004249,,2022-01-07,32856,127,,8876,90,130,mmHg,127.0
512135,501541,500094,3012888,,2022-01-07,32856,86,,8876,60,85,mmHg,86.0
512136,501541,500094,3025315,,2022-01-07,32856,69.3,,9529,45,90,kg,69.3
512137,501541,500094,3038553,,2022-01-07,32856,26.2,,9531,18.5,25,kg/m2,26.2
512138,501541,500094,3022192,,2022-01-07,32856,101.1,,8840,0,150,mg/dL,101.1
512139,501541,500094,3007070,,2022-01-07,32856,45,,8840,40,60,mg/dL,45.0
512140,501541,500094,3028437,,2022-01-07,32856,91,,8840,0,130,mg/dL,91.0
512141,501541,500094,3013721,,2022-01-07,32856,53.9,,8645,0,40,U/L,53.9
512142,501541,500094,3006923,,2022-01-07,32856,41.2,,8645,0,40,U/L,41.2
512143,501541,500094,3016723,,2022-01-07,32856,0.75,,8840,0.6,1.2,mg/dL,0.75
512144,501541,500094,3049187,,2022-01-07,32856,99.9,,9550,90,130,mL/min/1.73m2,99.9
512145,501542,500094,3004410,,2022-04-03,32856,6.7,,8554,4,5.6,%,6.7
512146,501542,500094,3004501,,2022-04-03,32856,110,,8840,70,99,mg/dL,110.0
512147,501542,500094,3004249,,2022-04-03,32856,144,,8876,90,130,mmHg,144.0
512148,501542,500094,3012888,,2022-04-03,32856,95,,8876,60,85,mmHg,95.0
512149,501542,500094,3025315,,2022-04-03,32856,69.6,,9529,45,90,kg,69.6
512150,501542,500094,3038553,,2022-04-03,32856,26.3,,9531,18.5,25,kg/m2,26.3
512151,501543,500094,3004410,,2022-07-10,32856,6.8,,8554,4,5.6,%,6.8
512152,501543,500094,3004501,,2022-07-10,32856,113,,8840,70,99,mg/dL,113.0
512153,501543,500094,3004249,,2022-07-10,32856,149,,8876,90,130,mmHg,149.0
512154,501543,500094,3012888,,2022-07-10,32856,81,,8876,60,85,mmHg,81.0
512155,501543,500094,3025315,,2022-07-10,32856,70.7,,9529,45,90,kg,70.7
512156,501543,500094,3038553,,2022-07-10,32856,26.7,,9531,18.5,25,kg/m2,26.7
512157,501544,500094,3004410,,2022-10-12,32856,6.6,,8554,4,5.6,%,6.6
512158,501544,500094,3004501,,2022-10-12,32856,123,,8840,70,99,mg/dL,123.0
512159,501544,500094,3004249,,2022-10-12,32856,145,,8876,90,130,mmHg,145.0
512160,501544,500094,3012888,,2022-10-12,32856,87,,8876,60,85,mmHg,87.0
512161,501544,500094,3025315,,2022-10-12,32856,72.2,,9529,45,90,kg,72.2
512162,501544,500094,3038553,,2022-10-12,32856,27.3,,9531,18.5,25,kg/m2,27.3
512163,501545,500094,3004410,,2023-01-12,32856,6.5,,8554,4,5.6,%,6.5
512164,501545,500094,3004501,,2023-01-12,32856,103,,8840,70,99,mg/dL,103.0
512165,501545,500094,3004249,,2023-01-12,32856,151,,8876,90,130,mmHg,151.0
512166,501545,500094,3012888,,2023-01-12,32856,69,,8876,60,85,mmHg,69.0
512167,501545,500094,3025315,,2023-01-12,32856,73.5,,9529,45,90,kg,73.5
512168,501545,500094,3038553,,2023-01-12,32856,27.8,,9531,18.5,25,kg/m2,27.8
512169,501545,500094,3022192,,2023-01-12,32856,222.5,,8840,0,150,mg/dL,222.5
512170,501545,500094,3007070,,2023-01-12,32856,40.4,,8840,40,60,mg/dL,40.4
512171,501545,500094,3028437,,2023-01-12,32856,117.2,,8840,0,130,mg/dL,117.2
512172,501545,500094,3013721,,2023-01-12,32856,82.5,,8645,0,40,U/L,82.5
512173,501545,500094,3006923,,2023-01-12,32856,84.5,,8645,0,40,U/L,84.5
512174,501545,500094,3016723,,2023-01-12,32856,0.75,,8840,0.6,1.2,mg/dL,0.75
512175,501545,500094,3049187,,2023-01-12,32856,101.4,,9550,90,130,mL/min/1.73m2,101.4
512176,501546,500094,3004410,,2023-04-11,32856,6.5,,8554,4,5.6,%,6.5
512177,501546,500094,3004501,,2023-04-11,32856,133,,8840,70,99,mg/dL,133.0
512178,501546,500094,3004249,,2023-04-11,32856,120,,8876,90,130,mmHg,120.0
512179,501546,500094,3012888,,2023-04-11,32856,78,,8876,60,85,mmHg,78.0
512180,501546,500094,3025315,,2023-04-11,32856,74,,9529,45,90,kg,74.0
512181,501546,500094,3038553,,2023-04-11,32856,28,,9531,18.5,25,kg/m2,28.0
512182,501547,500094,3004410,,2023-07-07,32856,6.8,,8554,4,5.6,%,6.8
512183,501547,500094,3004501,,2023-07-07,32856,115,,8840,70,99,mg/dL,115.0
512184,501547,500094,3004249,,2023-07-07,32856,127,,8876,90,130,mmHg,127.0
512185,501547,500094,3012888,,2023-07-07,32856,86,,8876,60,85,mmHg,86.0
512186,501547,500094,3025315,,2023-07-07,32856,75.4,,9529,45,90,kg,75.4
512187,501547,500094,3038553,,2023-07-07,32856,28.5,,9531,18.5,25,kg/m2,28.5
512188,501548,500094,3004410,,2023-10-04,32856,7.6,,8554,4,5.6,%,7.6
512189,501548,500094,3004501,,2023-10-04,32856,161,,8840,70,99,mg/dL,161.0
512190,501548,500094,3004249,,2023-10-04,32856,133,,8876,90,130,mmHg,133.0
512191,501548,500094,3012888,,2023-10-04,32856,71,,8876,60,85,mmHg,71.0
512192,501548,500094,3025315,,2023-10-04,32856,74.5,,9529,45,90,kg,74.5
512193,501548,500094,3038553,,2023-10-04,32856,28.2,,9531,18.5,25,kg/m2,28.2
512194,501549,500094,3004410,,2023-12-27,32856,7.3,,8554,4,5.6,%,7.3
512195,501549,500094,3004501,,2023-12-27,32856,125,,8840,70,99,mg/dL,125.0
512196,501549,500094,3004249,,2023-12-27,32856,126,,8876,90,130,mmHg,126.0
512197,501549,500094,3012888,,2023-12-27,32856,84,,8876,60,85,mmHg,84.0
512198,501549,500094,3025315,,2023-12-27,32856,74.4,,9529,45,90,kg,74.4
512199,501549,500094,3038553,,2023-12-27,32856,28.1,,9531,18.5,25,kg/m2,28.1
512200,501549,500094,3022192,,2023-12-27,32856,104.5,,8840,0,150,mg/dL,104.5
512201,501549,500094,3007070,,2023-12-27,32856,30.4,,8840,40,60,mg/dL,30.4
512202,501549,500094,3028437,,2023-12-27,32856,72.5,,8840,0,130,mg/dL,72.5
512203,501549,500094,3013721,,2023-12-27,32856,32.4,,8645,0,40,U/L,32.4
512204,501549,500094,3006923,,2023-12-27,32856,60.6,,8645,0,40,U/L,60.6
512205,501549,500094,3016723,,2023-12-27,32856,0.87,,8840,0.6,1.2,mg/dL,0.87
512206,501549,500094,3049187,,2023-12-27,32856,89.9,,9550,90,130,mL/min/1.73m2,89.9
512207,501550,500094,3004410,,2024-03-31,32856,7,,8554,4,5.6,%,7.0
512208,501550,500094,3004501,,2024-03-31,32856,143,,8840,70,99,mg/dL,143.0
512209,501550,500094,3004249,,2024-03-31,32856,143,,8876,90,130,mmHg,143.0
512210,501550,500094,3012888,,2024-03-31,32856,68,,8876,60,85,mmHg,68.0
512211,501550,500094,3025315,,2024-03-31,32856,76.6,,9529,45,90,kg,76.6
512212,501550,500094,3038553,,2024-03-31,32856,29,,9531,18.5,25,kg/m2,29.0
512213,501551,500094,3004410,,2024-07-04,32856,7.1,,8554,4,5.6,%,7.1
512214,501551,500094,3004501,,2024-07-04,32856,154,,8840,70,99,mg/dL,154.0
512215,501551,500094,3004249,,2024-07-04,32856,133,,8876,90,130,mmHg,133.0
512216,501551,500094,3012888,,2024-07-04,32856,93,,8876,60,85,mmHg,93.0
512217,501551,500094,3025315,,2024-07-04,32856,75.9,,9529,45,90,kg,75.9
512218,501551,500094,3038553,,2024-07-04,32856,28.7,,9531,18.5,25,kg/m2,28.7
512219,501552,500094,3004410,,2024-10-06,32856,6.8,,8554,4,5.6,%,6.8
512220,501552,500094,3004501,,2024-10-06,32856,93,,8840,70,99,mg/dL,93.0
512221,501552,500094,3004249,,2024-10-06,32856,143,,8876,90,130,mmHg,143.0
512222,501552,500094,3012888,,2024-10-06,32856,88,,8876,60,85,mmHg,88.0
512223,501552,500094,3025315,,2024-10-06,32856,75.9,,9529,45,90,kg,75.9
512224,501552,500094,3038553,,2024-10-06,32856,28.7,,9531,18.5,25,kg/m2,28.7
512225,501553,500094,3004410,,2025-01-08,32856,6.4,,8554,4,5.6,%,6.4
512226,501553,500094,3004501,,2025-01-08,32856,122,,8840,70,99,mg/dL,122.0
512227,501553,500094,3004249,,2025-01-08,32856,132,,8876,90,130,mmHg,132.0
512228,501553,500094,3012888,,2025-01-08,32856,94,,8876,60,85,mmHg,94.0
512229,501553,500094,3025315,,2025-01-08,32856,75.6,,9529,45,90,kg,75.6
512230,501553,500094,3038553,,2025-01-08,32856,28.6,,9531,18.5,25,kg/m2,28.6
512231,501553,500094,3022192,,2025-01-08,32856,82,,8840,0,150,mg/dL,82.0
512232,501553,500094,3007070,,2025-01-08,32856,73.9,,8840,40,60,mg/dL,73.9
512233,501553,500094,3028437,,2025-01-08,32856,165.1,,8840,0,130,mg/dL,165.1
512234,501553,500094,3013721,,2025-01-08,32856,11,,8645,0,40,U/L,11.0
512235,501553,500094,3006923,,2025-01-08,32856,33.4,,8645,0,40,U/L,33.4
512236,501553,500094,3016723,,2025-01-08,32856,0.68,,8840,0.6,1.2,mg/dL,0.68
512237,501553,500094,3049187,,2025-01-08,32856,79.8,,9550,90,130,mL/min/1.73m2,79.8
512238,501554,500094,3004410,,2025-04-05,32856,7.2,,8554,4,5.6,%,7.2
512239,501554,500094,3004501,,2025-04-05,32856,111,,8840,70,99,mg/dL,111.0
512240,501554,500094,3004249,,2025-04-05,32856,119,,8876,90,130,mmHg,119.0
512241,501554,500094,3012888,,2025-04-05,32856,89,,8876,60,85,mmHg,89.0
512242,501554,500094,3025315,,2025-04-05,32856,75.7,,9529,45,90,kg,75.7
512243,501554,500094,3038553,,2025-04-05,32856,28.6,,9531,18.5,25,kg/m2,28.6
512244,501555,500094,3004410,,2025-07-09,32856,7.2,,8554,4,5.6,%,7.2
512245,501555,500094,3004501,,2025-07-09,32856,141,,8840,70,99,mg/dL,141.0
512246,501555,500094,3004249,,2025-07-09,32856,138,,8876,90,130,mmHg,138.0
512247,501555,500094,3012888,,2025-07-09,32856,86,,8876,60,85,mmHg,86.0
512248,501555,500094,3025315,,2025-07-09,32856,76,,9529,45,90,kg,76.0
512249,501555,500094,3038553,,2025-07-09,32856,28.7,,9531,18.5,25,kg/m2,28.7
512250,501556,500094,3004410,,2025-10-02,32856,6.8,,8554,4,5.6,%,6.8
512251,501556,500094,3004501,,2025-10-02,32856,96,,8840,70,99,mg/dL,96.0
512252,501556,500094,3004249,,2025-10-02,32856,137,,8876,90,130,mmHg,137.0
512253,501556,500094,3012888,,2025-10-02,32856,81,,8876,60,85,mmHg,81.0
512254,501556,500094,3025315,,2025-10-02,32856,76.2,,9529,45,90,kg,76.2
512255,501556,500094,3038553,,2025-10-02,32856,28.8,,9531,18.5,25,kg/m2,28.8
512256,501557,500094,3004410,,2025-12-30,32856,6.9,,8554,4,5.6,%,6.9
512257,501557,500094,3004501,,2025-12-30,32856,132,,8840,70,99,mg/dL,132.0
512258,501557,500094,3004249,,2025-12-30,32856,141,,8876,90,130,mmHg,141.0
512259,501557,500094,3012888,,2025-12-30,32856,79,,8876,60,85,mmHg,79.0
512260,501557,500094,3025315,,2025-12-30,32856,76.6,,9529,45,90,kg,76.6
512261,501557,500094,3038553,,2025-12-30,32856,29,,9531,18.5,25,kg/m2,29.0
512262,501557,500094,3022192,,2025-12-30,32856,262.7,,8840,0,150,mg/dL,262.7
512263,501557,500094,3007070,,2025-12-30,32856,43,,8840,40,60,mg/dL,43.0
512264,501557,500094,3028437,,2025-12-30,32856,70.3,,8840,0,130,mg/dL,70.3
512265,501557,500094,3013721,,2025-12-30,32856,54.4,,8645,0,40,U/L,54.4
512266,501557,500094,3006923,,2025-12-30,32856,60,,8645,0,40,U/L,60.0
512267,501557,500094,3016723,,2025-12-30,32856,0.8,,8840,0.6,1.2,mg/dL,0.8
512268,501557,500094,3049187,,2025-12-30,32856,80.2,,9550,90,130,mL/min/1.73m2,80.2
512269,501558,500094,3004410,,2026-04-07,32856,6.8,,8554,4,5.6,%,6.8
512270,501558,500094,3004501,,2026-04-07,32856,124,,8840,70,99,mg/dL,124.0
512271,501558,500094,3004249,,2026-04-07,32856,161,,8876,90,130,mmHg,161.0
512272,501558,500094,3012888,,2026-04-07,32856,79,,8876,60,85,mmHg,79.0
512273,501558,500094,3025315,,2026-04-07,32856,77.9,,9529,45,90,kg,77.9
512274,501558,500094,3038553,,2026-04-07,32856,29.5,,9531,18.5,25,kg/m2,29.5
512275,501559,500094,3004410,,2026-07-01,32856,7,,8554,4,5.6,%,7.0
512276,501559,500094,3004501,,2026-07-01,32856,145,,8840,70,99,mg/dL,145.0
512277,501559,500094,3004249,,2026-07-01,32856,132,,8876,90,130,mmHg,132.0
512278,501559,500094,3012888,,2026-07-01,32856,77,,8876,60,85,mmHg,77.0
512279,501559,500094,3025315,,2026-07-01,32856,76.9,,9529,45,90,kg,76.9
512280,501559,500094,3038553,,2026-07-01,32856,29.1,,9531,18.5,25,kg/m2,29.1
512281,501560,500095,3036277,,2019-08-01,32856,171.1,,8582,150,185,cm,171.1
512282,501560,500095,3004410,,2019-08-01,32856,8,,8554,4,5.6,%,8.0
512283,501560,500095,3004501,,2019-08-01,32856,139,,8840,70,99,mg/dL,139.0
512284,501560,500095,3004249,,2019-08-01,32856,157,,8876,90,130,mmHg,157.0
512285,501560,500095,3012888,,2019-08-01,32856,101,,8876,60,85,mmHg,101.0
512286,501560,500095,3025315,,2019-08-01,32856,91.6,,9529,45,90,kg,91.6
512287,501560,500095,3038553,,2019-08-01,32856,31.3,,9531,18.5,25,kg/m2,31.3
512288,501560,500095,3022192,,2019-08-01,32856,162.4,,8840,0,150,mg/dL,162.4
512289,501560,500095,3007070,,2019-08-01,32856,44.9,,8840,40,60,mg/dL,44.9
512290,501560,500095,3028437,,2019-08-01,32856,110.9,,8840,0,130,mg/dL,110.9
512291,501560,500095,3013721,,2019-08-01,32856,28.1,,8645,0,40,U/L,28.1
512292,501560,500095,3006923,,2019-08-01,32856,0,,8645,0,40,U/L,0
512293,501560,500095,3016723,,2019-08-01,32856,0.59,,8840,0.6,1.2,mg/dL,0.59
512294,501560,500095,3049187,,2019-08-01,32856,94.8,,9550,90,130,mL/min/1.73m2,94.8
512295,501561,500095,3004410,,2019-10-31,32856,7.1,,8554,4,5.6,%,7.1
512296,501561,500095,3004501,,2019-10-31,32856,108,,8840,70,99,mg/dL,108.0
512297,501561,500095,3004249,,2019-10-31,32856,142,,8876,90,130,mmHg,142.0
512298,501561,500095,3012888,,2019-10-31,32856,71,,8876,60,85,mmHg,71.0
512299,501561,500095,3025315,,2019-10-31,32856,91.9,,9529,45,90,kg,91.9
512300,501561,500095,3038553,,2019-10-31,32856,31.4,,9531,18.5,25,kg/m2,31.4
512301,501562,500095,3004410,,2020-01-29,32856,7.1,,8554,4,5.6,%,7.1
512302,501562,500095,3004501,,2020-01-29,32856,114,,8840,70,99,mg/dL,114.0
512303,501562,500095,3004249,,2020-01-29,32856,139,,8876,90,130,mmHg,139.0
512304,501562,500001,3012888,,2020-01-29,32856,70,,8876,60,85,mmHg,70.0
512305,501562,500095,3025315,,2020-01-29,32856,91.4,,9529,45,90,kg,91.4
512306,501562,500095,3038553,,2020-01-29,32856,31.2,,9531,18.5,25,kg/m2,31.2
512307,501563,500095,3004410,,2020-05-06,32856,7.6,,8554,4,5.6,%,7.6
512308,501563,500095,3004501,,2020-05-06,32856,166,,8840,70,99,mg/dL,166.0
512309,501563,500095,3004249,,2020-05-06,32856,114,,8876,90,130,mmHg,114.0
512310,501563,500095,3012888,,2020-05-06,32856,86,,8876,60,85,mmHg,86.0
512311,501563,500095,3025315,,2020-05-06,32856,92.7,,9529,45,90,kg,92.7
512312,501563,500095,3038553,,2020-05-06,32856,31.7,,9531,18.5,25,kg/m2,31.7
512313,501564,500095,3004410,,2020-08-07,32856,7.4,,8554,4,5.6,%,7.4
512314,501564,500095,3004501,,2020-08-07,32856,149,,8840,70,99,mg/dL,149.0
512315,501564,500095,3004249,,2020-08-07,32856,138,,8876,90,130,mmHg,138.0
512316,501564,500095,3012888,,2020-08-07,32856,78,,8876,60,85,mmHg,78.0
512317,501564,500095,3025315,,2020-08-07,32856,92.9,,9529,45,90,kg,92.9
512318,501564,500095,3038553,,2020-08-07,32856,31.7,,9531,18.5,25,kg/m2,31.7
512319,501564,500095,3022192,,2020-08-07,32856,173.6,,8840,0,150,mg/dL,173.6
512320,501564,500095,3007070,,2020-08-07,32856,48.8,,8840,40,60,mg/dL,48.8
512321,501564,500095,3028437,,2020-08-07,32856,117.3,,8840,0,130,mg/dL,117.3
512322,501564,500095,3013721,,2020-08-07,32856,27.4,,8645,0,40,U/L,27.4
512323,501564,500095,3006923,,2020-08-07,32856,36.1,,8645,0,40,U/L,36.1
512324,501564,500095,3016723,,2020-08-07,32856,0.63,,8840,0.6,1.2,mg/dL,0.63
512325,501564,500095,3049187,,2020-08-07,32856,99.1,,9550,90,130,mL/min/1.73m2,99.1
512326,501565,500095,3004410,,2020-11-08,32856,7.7,,8554,4,5.6,%,7.7
512327,501565,500095,3004501,,2020-11-08,32856,158,,8840,70,99,mg/dL,158.0
512328,501565,500095,3004249,,2020-11-08,32856,131,,8876,90,130,mmHg,131.0
512329,501565,500095,3012888,,2020-11-08,32856,77,,8876,60,85,mmHg,77.0
512330,501565,500095,3025315,,2020-11-08,32856,92.5,,9529,45,90,kg,92.5
512331,501565,500095,3038553,,2020-11-08,32856,31.6,,9531,18.5,25,kg/m2,31.6
512332,501566,500095,3004410,,2021-02-01,32856,7.9,,8554,4,5.6,%,7.9
512333,501566,500095,3004501,,2021-02-01,32856,166,,8840,70,99,mg/dL,166.0
512334,501566,500095,3004249,,2021-02-01,32856,159,,8876,90,130,mmHg,159.0
512335,501566,500095,3012888,,2021-02-01,32856,79,,8876,60,85,mmHg,79.0
512336,501566,500095,3025315,,2021-02-01,32856,94.7,,9529,45,90,kg,94.7
512337,501566,500095,3038553,,2021-02-01,32856,32.3,,9531,18.5,25,kg/m2,32.3
512338,501567,500095,3004410,,2021-05-10,32856,7.3,,8554,4,5.6,%,7.3
512339,501567,500095,3004501,,2021-05-10,32856,149,,8840,70,99,mg/dL,149.0
512340,501567,500095,3004249,,2021-05-10,32856,136,,8876,90,130,mmHg,136.0
512341,501567,500095,3012888,,2021-05-10,32856,86,,8876,60,85,mmHg,86.0
512342,501567,500095,3025315,,2021-05-10,32856,95.5,,9529,45,90,kg,95.5
512343,501567,500095,3038553,,2021-05-10,32856,32.6,,9531,18.5,25,kg/m2,32.6
512344,501568,500095,3004410,,2021-08-03,32856,6.8,,8554,4,5.6,%,6.8
512345,501568,500095,3004501,,2021-08-03,32856,120,,8840,70,99,mg/dL,120.0
512346,501568,500095,3004249,,2021-08-03,32856,147,,8876,90,130,mmHg,147.0
512347,501568,500095,3012888,,2021-08-03,32856,98,,8876,60,85,mmHg,98.0
512348,501568,500095,3025315,,2021-08-03,32856,94.4,,9529,45,90,kg,94.4
512349,501568,500095,3038553,,2021-08-03,32856,32.2,,9531,18.5,25,kg/m2,32.2
512350,501568,500095,3022192,,2021-08-03,32856,319.1,,8840,0,150,mg/dL,319.1
512351,501568,500095,3007070,,2021-08-03,32856,68.2,,8840,40,60,mg/dL,68.2
512352,501568,500095,3028437,,2021-08-03,32856,140.7,,8840,0,130,mg/dL,140.7
512353,501568,500095,3013721,,2021-08-03,32856,52.9,,8645,0,40,U/L,52.9
512354,501568,500095,3006923,,2021-08-03,32856,49.7,,8645,0,40,U/L,49.7
512355,501568,500095,3016723,,2021-08-03,32856,0.92,,8840,0.6,1.2,mg/dL,0.92
512356,501568,500095,3049187,,2021-08-03,32856,64,,9550,90,130,mL/min/1.73m2,64.0
512357,501569,500095,3004410,,2021-11-01,32856,6.9,,8554,4,5.6,%,6.9
512358,501569,500095,3004501,,2021-11-01,32856,124,,8840,70,99,mg/dL,124.0
512359,501569,500095,3004249,,2021-11-01,32856,124,,8876,90,130,mmHg,124.0
512360,501569,500095,3012888,,2021-11-01,32856,82,,8876,60,85,mmHg,82.0
512361,501569,500095,3025315,,2021-11-01,32856,93.7,,9529,45,90,kg,93.7
512362,501569,500095,3038553,,2021-11-01,32856,32,,9531,18.5,25,kg/m2,32.0
512363,501570,500095,3004410,,2022-01-27,32856,6.9,,8554,4,5.6,%,6.9
512364,501570,500095,3004501,,2022-01-27,32856,142,,8840,70,99,mg/dL,142.0
512365,501570,500095,3004249,,2022-01-27,32856,160,,8876,90,130,mmHg,160.0
512366,501570,500095,3012888,,2022-01-27,32856,69,,8876,60,85,mmHg,69.0
512367,501570,500095,3025315,,2022-01-27,32856,93.6,,9529,45,90,kg,93.6
512368,501570,500095,3038553,,2022-01-27,32856,32,,9531,18.5,25,kg/m2,32.0
512369,501571,500095,3004410,,2022-04-23,32856,6.9,,8554,4,5.6,%,6.9
512370,501571,500095,3004501,,2022-04-23,32856,128,,8840,70,99,mg/dL,128.0
512371,501571,500095,3004249,,2022-04-23,32856,156,,8876,90,130,mmHg,156.0
512372,501571,500095,3012888,,2022-04-23,32856,85,,8876,60,85,mmHg,85.0
512373,501571,500095,3025315,,2022-04-23,32856,93.8,,9529,45,90,kg,93.8
512374,501571,500095,3038553,,2022-04-23,32856,32,,9531,18.5,25,kg/m2,32.0
512375,501572,500095,3004410,,2022-07-27,32856,6.6,,8554,4,5.6,%,6.6
512376,501572,500095,3004501,,2022-07-27,32856,156,,8840,70,99,mg/dL,156.0
512377,501572,500095,3004249,,2022-07-27,32856,149,,8876,90,130,mmHg,149.0
512378,501572,500095,3012888,,2022-07-27,32856,77,,8876,60,85,mmHg,77.0
512379,501572,500095,3025315,,2022-07-27,32856,93.9,,9529,45,90,kg,93.9
512380,501572,500095,3038553,,2022-07-27,32856,32.1,,9531,18.5,25,kg/m2,32.1
512381,501572,500095,3022192,,2022-07-27,32856,163.2,,8840,0,150,mg/dL,163.2
512382,501572,500095,3007070,,2022-07-27,32856,67.5,,8840,40,60,mg/dL,67.5
512383,501572,500095,3028437,,2022-07-27,32856,62.1,,8840,0,130,mg/dL,62.1
512384,501572,500095,3013721,,2022-07-27,32856,55.5,,8645,0,40,U/L,55.5
512385,501572,500095,3006923,,2022-07-27,32856,61.5,,8645,0,40,U/L,61.5
512386,501572,500095,3016723,,2022-07-27,32856,0.42,,8840,0.6,1.2,mg/dL,0.42
512387,501572,500095,3049187,,2022-07-27,32856,84.7,,9550,90,130,mL/min/1.73m2,84.7
512388,501573,500095,3004410,,2022-10-19,32856,6.9,,8554,4,5.6,%,6.9
512389,501573,500095,3004501,,2022-10-19,32856,121,,8840,70,99,mg/dL,121.0
512390,501573,500095,3004249,,2022-10-19,32856,157,,8876,90,130,mmHg,157.0
512391,501573,500095,3012888,,2022-10-19,32856,83,,8876,60,85,mmHg,83.0
512392,501573,500095,3025315,,2022-10-19,32856,92.9,,9529,45,90,kg,92.9
512393,501573,500095,3038553,,2022-10-19,32856,31.7,,9531,18.5,25,kg/m2,31.7
512394,501574,500095,3004410,,2023-01-14,32856,7.3,,8554,4,5.6,%,7.3
512395,501574,500095,3004501,,2023-01-14,32856,128,,8840,70,99,mg/dL,128.0
512396,501574,500095,3004249,,2023-01-14,32856,154,,8876,90,130,mmHg,154.0
512397,501574,500095,3012888,,2023-01-14,32856,80,,8876,60,85,mmHg,80.0
512398,501574,500095,3025315,,2023-01-14,32856,94.3,,9529,45,90,kg,94.3
512399,501574,500095,3038553,,2023-01-14,32856,32.2,,9531,18.5,25,kg/m2,32.2
512400,501575,500095,3004410,,2023-04-20,32856,7.2,,8554,4,5.6,%,7.2
512401,501575,500095,3004501,,2023-04-20,32856,127,,8840,70,99,mg/dL,127.0
512402,501575,500095,3004249,,2023-04-20,32856,136,,8876,90,130,mmHg,136.0
512403,501575,500095,3012888,,2023-04-20,32856,92,,8876,60,85,mmHg,92.0
512404,501575,500095,3025315,,2023-04-20,32856,96,,9529,45,90,kg,96.0
512405,501575,500095,3038553,,2023-04-20,32856,32.8,,9531,18.5,25,kg/m2,32.8
512406,501576,500095,3004410,,2023-07-20,32856,6.8,,8554,4,5.6,%,6.8
512407,501576,500095,3004501,,2023-07-20,32856,106,,8840,70,99,mg/dL,106.0
512408,501576,500095,3004249,,2023-07-20,32856,117,,8876,90,130,mmHg,117.0
512409,501576,500095,3012888,,2023-07-20,32856,80,,8876,60,85,mmHg,80.0
512410,501576,500095,3025315,,2023-07-20,32856,96.7,,9529,45,90,kg,96.7
512411,501576,500095,3038553,,2023-07-20,32856,33,,9531,18.5,25,kg/m2,33.0
512412,501576,500095,3022192,,2023-07-20,32856,204,,8840,0,150,mg/dL,204.0
512413,501576,500095,3007070,,2023-07-20,32856,57.5,,8840,40,60,mg/dL,57.5
512414,501576,500095,3028437,,2023-07-20,32856,140.8,,8840,0,130,mg/dL,140.8
512415,501576,500095,3013721,,2023-07-20,32856,44.1,,8645,0,40,U/L,44.1
512416,501576,500095,3006923,,2023-07-20,32856,86.1,,8645,0,40,U/L,86.1
512417,501576,500095,3016723,,2023-07-20,32856,0.97,,8840,0.6,1.2,mg/dL,0.97
512418,501576,500095,3049187,,2023-07-20,32856,110.3,,9550,90,130,mL/min/1.73m2,110.3
512419,501577,500096,3036277,,2021-05-30,32856,165.9,,8582,150,185,cm,165.9
512420,501577,500096,3004410,,2021-05-30,32856,8.5,,8554,4,5.6,%,8.5
512421,501577,500096,3004501,,2021-05-30,32856,157,,8840,70,99,mg/dL,157.0
512422,501577,500096,3004249,,2021-05-30,32856,137,,8876,90,130,mmHg,137.0
512423,501577,500096,3012888,,2021-05-30,32856,82,,8876,60,85,mmHg,82.0
512424,501577,500096,3025315,,2021-05-30,32856,69.9,,9529,45,90,kg,69.9
512425,501577,500096,3038553,,2021-05-30,32856,25.4,,9531,18.5,25,kg/m2,25.4
512426,501577,500096,3022192,,2021-05-30,32856,120.2,,8840,0,150,mg/dL,120.2
512427,501577,500096,3007070,,2021-05-30,32856,39.6,,8840,40,60,mg/dL,39.6
512428,501577,500096,3028437,,2021-05-30,32856,85.9,,8840,0,130,mg/dL,85.9
512429,501577,500096,3013721,,2021-05-30,32856,47.2,,8645,0,40,U/L,47.2
512430,501577,500096,3006923,,2021-05-30,32856,44.6,,8645,0,40,U/L,44.6
512431,501577,500096,3016723,,2021-05-30,32856,0.97,,8840,0.6,1.2,mg/dL,0.97
512432,501577,500096,3049187,,2021-05-30,32856,115.1,,9550,90,130,mL/min/1.73m2,115.1
512433,501578,500096,3004410,,2021-08-26,32856,8.2,,8554,4,5.6,%,8.2
512434,501578,500096,3004501,,2021-08-26,32856,178,,8840,70,99,mg/dL,178.0
512435,501578,500096,3004249,,2021-08-26,32856,134,,8876,90,130,mmHg,134.0
512436,501578,500096,3012888,,2021-08-26,32856,81,,8876,60,85,mmHg,81.0
512437,501578,500096,3025315,,2021-08-26,32856,70.2,,9529,45,90,kg,70.2
512438,501578,500096,3038553,,2021-08-26,32856,25.5,,9531,18.5,25,kg/m2,25.5
512439,501579,500096,3004410,,2021-12-01,32856,7.7,,8554,4,5.6,%,7.7
512440,501579,500096,3004501,,2021-12-01,32856,140,,8840,70,99,mg/dL,140.0
512441,501579,500096,3004249,,2021-12-01,32856,129,,8876,90,130,mmHg,129.0
512442,501579,500096,3012888,,2021-12-01,32856,85,,8876,60,85,mmHg,85.0
512443,501579,500096,3025315,,2021-12-01,32856,70,,9529,45,90,kg,70.0
512444,501579,500096,3038553,,2021-12-01,32856,25.4,,9531,18.5,25,kg/m2,25.4
512445,501580,500096,3004410,,2022-03-01,32856,7.1,,8554,4,5.6,%,7.1
512446,501580,500096,3004501,,2022-03-01,32856,140,,8840,70,99,mg/dL,140.0
512447,501580,500096,3004249,,2022-03-01,32856,131,,8876,90,130,mmHg,131.0
512448,501580,500096,3012888,,2022-03-01,32856,85,,8876,60,85,mmHg,85.0
512449,501580,500096,3025315,,2022-03-01,32856,69.9,,9529,45,90,kg,69.9
512450,501580,500096,3038553,,2022-03-01,32856,25.4,,9531,18.5,25,kg/m2,25.4
512451,501581,500096,3004410,,2022-05-27,32856,6.8,,8554,4,5.6,%,6.8
512452,501581,500096,3004501,,2022-05-27,32856,130,,8840,70,99,mg/dL,130.0
512453,501581,500096,3004249,,2022-05-27,32856,140,,8876,90,130,mmHg,140.0
512454,501581,500096,3012888,,2022-05-27,32856,95,,8876,60,85,mmHg,95.0
512455,501581,500096,3025315,,2022-05-27,32856,70,,9529,45,90,kg,70.0
512456,501581,500096,3038553,,2022-05-27,32856,25.4,,9531,18.5,25,kg/m2,25.4
512457,501581,500096,3022192,,2022-05-27,32856,187.1,,8840,0,150,mg/dL,187.1
512458,501581,500096,3007070,,2022-05-27,32856,50.7,,8840,40,60,mg/dL,50.7
512459,501581,500096,3028437,,2022-05-27,32856,161.5,,8840,0,130,mg/dL,161.5
512460,501581,500096,3013721,,2022-05-27,32856,65.6,,8645,0,40,U/L,65.6
512461,501581,500096,3006923,,2022-05-27,32856,39.6,,8645,0,40,U/L,39.6
512462,501581,500096,3016723,,2022-05-27,32856,0.7,,8840,0.6,1.2,mg/dL,0.7
512463,501581,500096,3049187,,2022-05-27,32856,124.4,,9550,90,130,mL/min/1.73m2,124.4
512464,501582,500096,3004410,,2022-08-20,32856,7.1,,8554,4,5.6,%,7.1
512465,501582,500096,3004501,,2022-08-20,32856,136,,8840,70,99,mg/dL,136.0
512466,501582,500096,3004249,,2022-08-20,32856,143,,8876,90,130,mmHg,143.0
512467,501582,500096,3012888,,2022-08-20,32856,86,,8876,60,85,mmHg,86.0
512468,501582,500096,3025315,,2022-08-20,32856,72.1,,9529,45,90,kg,72.1
512469,501582,500096,3038553,,2022-08-20,32856,26.2,,9531,18.5,25,kg/m2,26.2
512470,501583,500096,3004410,,2022-11-12,32856,7.5,,8554,4,5.6,%,7.5
512471,501583,500096,3004501,,2022-11-12,32856,139,,8840,70,99,mg/dL,139.0
512472,501583,500096,3004249,,2022-11-12,32856,152,,8876,90,130,mmHg,152.0
512473,501583,500096,3012888,,2022-11-12,32856,75,,8876,60,85,mmHg,75.0
512474,501583,500096,3025315,,2022-11-12,32856,70,,9529,45,90,kg,70.0
512475,501583,500096,3038553,,2022-11-12,32856,25.4,,9531,18.5,25,kg/m2,25.4
512476,501584,500096,3004410,,2023-02-13,32856,7.2,,8554,4,5.6,%,7.2
512477,501584,500096,3004501,,2023-02-13,32856,129,,8840,70,99,mg/dL,129.0
512478,501584,500096,3004249,,2023-02-13,32856,138,,8876,90,130,mmHg,138.0
512479,501584,500096,3012888,,2023-02-13,32856,84,,8876,60,85,mmHg,84.0
512480,501584,500096,3025315,,2023-02-13,32856,68.8,,9529,45,90,kg,68.8
512481,501584,500096,3038553,,2023-02-13,32856,25,,9531,18.5,25,kg/m2,25.0
512482,501585,500096,3004410,,2023-05-21,32856,6.7,,8554,4,5.6,%,6.7
512483,501585,500096,3004501,,2023-05-21,32856,124,,8840,70,99,mg/dL,124.0
512484,501585,500096,3004249,,2023-05-21,32856,130,,8876,90,130,mmHg,130.0
512485,501585,500096,3012888,,2023-05-21,32856,80,,8876,60,85,mmHg,80.0
512486,501585,500096,3025315,,2023-05-21,32856,69.2,,9529,45,90,kg,69.2
512487,501585,500096,3038553,,2023-05-21,32856,25.1,,9531,18.5,25,kg/m2,25.1
512488,501585,500096,3022192,,2023-05-21,32856,250.1,,8840,0,150,mg/dL,250.1
512489,501585,500096,3007070,,2023-05-21,32856,66.8,,8840,40,60,mg/dL,66.8
512490,501585,500096,3028437,,2023-05-21,32856,117.9,,8840,0,130,mg/dL,117.9
512491,501585,500096,3013721,,2023-05-21,32856,45.2,,8645,0,40,U/L,45.2
512492,501585,500096,3006923,,2023-05-21,32856,0,,8645,0,40,U/L,0
512493,501585,500096,3016723,,2023-05-21,32856,1.15,,8840,0.6,1.2,mg/dL,1.15
512494,501585,500096,3049187,,2023-05-21,32856,32.2,,9550,90,130,mL/min/1.73m2,32.2
512495,501586,500096,3004410,,2023-08-16,32856,7,,8554,4,5.6,%,7.0
512496,501586,500096,3004501,,2023-08-16,32856,132,,8840,70,99,mg/dL,132.0
512497,501586,500096,3004249,,2023-08-16,32856,136,,8876,90,130,mmHg,136.0
512498,501586,500096,3012888,,2023-08-16,32856,76,,8876,60,85,mmHg,76.0
512499,501586,500096,3025315,,2023-08-16,32856,69.4,,9529,45,90,kg,69.4
512500,501586,500096,3038553,,2023-08-16,32856,25.2,,9531,18.5,25,kg/m2,25.2
512501,501587,500096,3004410,,2023-11-17,32856,7,,8554,4,5.6,%,7.0
512502,501587,500096,3004501,,2023-11-17,32856,130,,8840,70,99,mg/dL,130.0
512503,501587,500096,3004249,,2023-11-17,32856,111,,8876,90,130,mmHg,111.0
512504,501587,500096,3012888,,2023-11-17,32856,73,,8876,60,85,mmHg,73.0
512505,501587,500096,3025315,,2023-11-17,32856,69.5,,9529,45,90,kg,69.5
512506,501587,500096,3038553,,2023-11-17,32856,25.3,,9531,18.5,25,kg/m2,25.3
512507,501588,500096,3004410,,2024-02-10,32856,6.7,,8554,4,5.6,%,6.7
512508,501588,500096,3004501,,2024-02-10,32856,101,,8840,70,99,mg/dL,101.0
512509,501588,500096,3004249,,2024-02-10,32856,137,,8876,90,130,mmHg,137.0
512510,501588,500096,3012888,,2024-02-10,32856,100,,8876,60,85,mmHg,100.0
512511,501588,500096,3025315,,2024-02-10,32856,71.3,,9529,45,90,kg,71.3
512512,501588,500096,3038553,,2024-02-10,32856,25.9,,9531,18.5,25,kg/m2,25.9
512513,501589,500096,3004410,,2024-05-06,32856,7,,8554,4,5.6,%,7.0
512514,501589,500096,3004501,,2024-05-06,32856,146,,8840,70,99,mg/dL,146.0
512515,501589,500096,3004249,,2024-05-06,32856,159,,8876,90,130,mmHg,159.0
512516,501589,500096,3012888,,2024-05-06,32856,84,,8876,60,85,mmHg,84.0
512517,501589,500096,3025315,,2024-05-06,32856,71.7,,9529,45,90,kg,71.7
512518,501589,500096,3038553,,2024-05-06,32856,26.1,,9531,18.5,25,kg/m2,26.1
512519,501589,500096,3022192,,2024-05-06,32856,134.7,,8840,0,150,mg/dL,134.7
512520,501589,500096,3007070,,2024-05-06,32856,57.8,,8840,40,60,mg/dL,57.8
512521,501589,500096,3028437,,2024-05-06,32856,98.3,,8840,0,130,mg/dL,98.3
512522,501589,500096,3013721,,2024-05-06,32856,48,,8645,0,40,U/L,48.0
512523,501589,500096,3006923,,2024-05-06,32856,53.7,,8645,0,40,U/L,53.7
512524,501589,500096,3016723,,2024-05-06,32856,1.02,,8840,0.6,1.2,mg/dL,1.02
512525,501589,500096,3049187,,2024-05-06,32856,116.9,,9550,90,130,mL/min/1.73m2,116.9
512526,501590,500096,3004410,,2024-08-01,32856,7.1,,8554,4,5.6,%,7.1
512527,501590,500096,3004501,,2024-08-01,32856,131,,8840,70,99,mg/dL,131.0
512528,501590,500096,3004249,,2024-08-01,32856,149,,8876,90,130,mmHg,149.0
512529,501590,500096,3012888,,2024-08-01,32856,93,,8876,60,85,mmHg,93.0
512530,501590,500096,3025315,,2024-08-01,32856,71.5,,9529,45,90,kg,71.5
512531,501590,500096,3038553,,2024-08-01,32856,26,,9531,18.5,25,kg/m2,26.0
512532,501591,500096,3004410,,2024-11-05,32856,7.1,,8554,4,5.6,%,7.1
512533,501591,500096,3004501,,2024-11-05,32856,126,,8840,70,99,mg/dL,126.0
512534,501591,500096,3004249,,2024-11-05,32856,134,,8876,90,130,mmHg,134.0
512535,501591,500096,3012888,,2024-11-05,32856,77,,8876,60,85,mmHg,77.0
512536,501591,500096,3025315,,2024-11-05,32856,72.6,,9529,45,90,kg,72.6
512537,501591,500096,3038553,,2024-11-05,32856,26.4,,9531,18.5,25,kg/m2,26.4
512538,501592,500096,3004410,,2025-02-07,32856,7.5,,8554,4,5.6,%,7.5
512539,501592,500096,3004501,,2025-02-07,32856,140,,8840,70,99,mg/dL,140.0
512540,501592,500096,3004249,,2025-02-07,32856,146,,8876,90,130,mmHg,146.0
512541,501592,500096,3012888,,2025-02-07,32856,81,,8876,60,85,mmHg,81.0
512542,501592,500096,3025315,,2025-02-07,32856,74,,9529,45,90,kg,74.0
512543,501592,500096,3038553,,2025-02-07,32856,26.9,,9531,18.5,25,kg/m2,26.9
512544,501593,500097,3036277,,2021-02-04,32856,169.5,,8582,150,185,cm,169.5
512545,501593,500097,3004410,,2021-02-04,32856,8.9,,8554,4,5.6,%,8.9
512546,501593,500097,3004501,,2021-02-04,32856,189,,8840,70,99,mg/dL,189.0
512547,501593,500097,3004249,,2021-02-04,32856,165,,8876,90,130,mmHg,165.0
512548,501593,500097,3012888,,2021-02-04,32856,98,,8876,60,85,mmHg,98.0
512549,501593,500097,3025315,,2021-02-04,32856,85.6,,9529,45,90,kg,85.6
512550,501593,500097,3038553,,2021-02-04,32856,29.8,,9531,18.5,25,kg/m2,29.8
512551,501593,500097,3022192,,2021-02-04,32856,166.3,,8840,0,150,mg/dL,166.3
512552,501593,500097,3007070,,2021-02-04,32856,77.6,,8840,40,60,mg/dL,77.6
512553,501593,500097,3028437,,2021-02-04,32856,206.4,,8840,0,130,mg/dL,206.4
512554,501593,500097,3013721,,2021-02-04,32856,62,,8645,0,40,U/L,62.0
512555,501593,500097,3006923,,2021-02-04,32856,73,,8645,0,40,U/L,73.0
512556,501593,500097,3016723,,2021-02-04,32856,1.04,,8840,0.6,1.2,mg/dL,1.04
512557,501593,500097,3049187,,2021-02-04,32856,84.7,,9550,90,130,mL/min/1.73m2,84.7
512558,501594,500097,3004410,,2021-05-12,32856,8.6,,8554,4,5.6,%,8.6
512559,501594,500097,3004501,,2021-05-12,32856,169,,8840,70,99,mg/dL,169.0
512560,501594,500097,3004249,,2021-05-12,32856,137,,8876,90,130,mmHg,137.0
512561,501594,500097,3012888,,2021-05-12,32856,63,,8876,60,85,mmHg,63.0
512562,501594,500097,3025315,,2021-05-12,32856,85,,9529,45,90,kg,85.0
512563,501594,500097,3038553,,2021-05-12,32856,29.6,,9531,18.5,25,kg/m2,29.6
512564,501595,500097,3004410,,2021-08-09,32856,7.8,,8554,4,5.6,%,7.8
512565,501595,500097,3004501,,2021-08-09,32856,173,,8840,70,99,mg/dL,173.0
512566,501595,500097,3004249,,2021-08-09,32856,129,,8876,90,130,mmHg,129.0
512567,501595,500097,3012888,,2021-08-09,32856,74,,8876,60,85,mmHg,74.0
512568,501595,500097,3025315,,2021-08-09,32856,86.2,,9529,45,90,kg,86.2
512569,501595,500097,3038553,,2021-08-09,32856,30,,9531,18.5,25,kg/m2,30.0
512570,501596,500097,3004410,,2021-11-15,32856,7.4,,8554,4,5.6,%,7.4
512571,501596,500097,3004501,,2021-11-15,32856,96,,8840,70,99,mg/dL,96.0
512572,501596,500097,3004249,,2021-11-15,32856,132,,8876,90,130,mmHg,132.0
512573,501596,500097,3012888,,2021-11-15,32856,80,,8876,60,85,mmHg,80.0
512574,501596,500097,3025315,,2021-11-15,32856,86.3,,9529,45,90,kg,86.3
512575,501596,500097,3038553,,2021-11-15,32856,30,,9531,18.5,25,kg/m2,30.0
512576,501597,500097,3004410,,2022-02-14,32856,7.1,,8554,4,5.6,%,7.1
512577,501597,500097,3004501,,2022-02-14,32856,138,,8840,70,99,mg/dL,138.0
512578,501597,500097,3004249,,2022-02-14,32856,143,,8876,90,130,mmHg,143.0
512579,501597,500097,3012888,,2022-02-14,32856,84,,8876,60,85,mmHg,84.0
512580,501597,500097,3025315,,2022-02-14,32856,86.2,,9529,45,90,kg,86.2
512581,501597,500097,3038553,,2022-02-14,32856,30,,9531,18.5,25,kg/m2,30.0
512582,501597,500097,3022192,,2022-02-14,32856,181.1,,8840,0,150,mg/dL,181.1
512583,501597,500097,3007070,,2022-02-14,32856,49.9,,8840,40,60,mg/dL,49.9
512584,501597,500097,3028437,,2022-02-14,32856,152.7,,8840,0,130,mg/dL,152.7
512585,501597,500097,3013721,,2022-02-14,32856,31.1,,8645,0,40,U/L,31.1
512586,501597,500097,3006923,,2022-02-14,32856,98.6,,8645,0,40,U/L,98.6
512587,501597,500097,3016723,,2022-02-14,32856,0.84,,8840,0.6,1.2,mg/dL,0.84
512588,501597,500097,3049187,,2022-02-14,32856,62.9,,9550,90,130,mL/min/1.73m2,62.9
512589,501598,500097,3004410,,2022-05-11,32856,7.5,,8554,4,5.6,%,7.5
512590,501598,500097,3004501,,2022-05-11,32856,131,,8840,70,99,mg/dL,131.0
512591,501598,500097,3004249,,2022-05-11,32856,147,,8876,90,130,mmHg,147.0
512592,501598,500097,3012888,,2022-05-11,32856,78,,8876,60,85,mmHg,78.0
512593,501598,500097,3025315,,2022-05-11,32856,86.3,,9529,45,90,kg,86.3
512594,501598,500097,3038553,,2022-05-11,32856,30,,9531,18.5,25,kg/m2,30.0
512595,501599,500097,3004410,,2022-08-11,32856,7.8,,8554,4,5.6,%,7.8
512596,501599,500097,3004501,,2022-08-11,32856,155,,8840,70,99,mg/dL,155.0
512597,501599,500097,3004249,,2022-08-11,32856,133,,8876,90,130,mmHg,133.0
512598,501599,500097,3012888,,2022-08-11,32856,75,,8876,60,85,mmHg,75.0
512599,501599,500097,3025315,,2022-08-11,32856,86.5,,9529,45,90,kg,86.5
512600,501599,500097,3038553,,2022-08-11,32856,30.1,,9531,18.5,25,kg/m2,30.1
512601,501600,500097,3004410,,2022-11-06,32856,7.6,,8554,4,5.6,%,7.6
512602,501600,500097,3004501,,2022-11-06,32856,149,,8840,70,99,mg/dL,149.0
512603,501600,500097,3004249,,2022-11-06,32856,132,,8876,90,130,mmHg,132.0
512604,501600,500097,3012888,,2022-11-06,32856,77,,8876,60,85,mmHg,77.0
512605,501600,500097,3025315,,2022-11-06,32856,86.4,,9529,45,90,kg,86.4
512606,501600,500097,3038553,,2022-11-06,32856,30.1,,9531,18.5,25,kg/m2,30.1
512607,501601,500097,3004410,,2023-02-05,32856,7.2,,8554,4,5.6,%,7.2
512608,501601,500097,3004501,,2023-02-05,32856,105,,8840,70,99,mg/dL,105.0
512609,501601,500097,3004249,,2023-02-05,32856,148,,8876,90,130,mmHg,148.0
512610,501601,500097,3012888,,2023-02-05,32856,87,,8876,60,85,mmHg,87.0
512611,501601,500097,3025315,,2023-02-05,32856,85.9,,9529,45,90,kg,85.9
512612,501601,500097,3038553,,2023-02-05,32856,29.9,,9531,18.5,25,kg/m2,29.9
512613,501601,500097,3022192,,2023-02-05,32856,118.1,,8840,0,150,mg/dL,118.1
512614,501601,500097,3007070,,2023-02-05,32856,58.4,,8840,40,60,mg/dL,58.4
512615,501601,500097,3028437,,2023-02-05,32856,78.5,,8840,0,130,mg/dL,78.5
512616,501601,500097,3013721,,2023-02-05,32856,30.4,,8645,0,40,U/L,30.4
512617,501601,500097,3006923,,2023-02-05,32856,92.8,,8645,0,40,U/L,92.8
512618,501601,500097,3016723,,2023-02-05,32856,0.84,,8840,0.6,1.2,mg/dL,0.84
512619,501601,500097,3049187,,2023-02-05,32856,53.2,,9550,90,130,mL/min/1.73m2,53.2
512620,501602,500097,3004410,,2023-05-08,32856,6.9,,8554,4,5.6,%,6.9
512621,501602,500097,3004501,,2023-05-08,32856,132,,8840,70,99,mg/dL,132.0
512622,501602,500097,3004249,,2023-05-08,32856,138,,8876,90,130,mmHg,138.0
512623,501602,500097,3012888,,2023-05-08,32856,78,,8876,60,85,mmHg,78.0
512624,501602,500097,3025315,,2023-05-08,32856,84.6,,9529,45,90,kg,84.6
512625,501602,500097,3038553,,2023-05-08,32856,29.4,,9531,18.5,25,kg/m2,29.4
512626,501603,500097,3004410,,2023-08-03,32856,7.1,,8554,4,5.6,%,7.1
512627,501603,500097,3004501,,2023-08-03,32856,119,,8840,70,99,mg/dL,119.0
512628,501603,500097,3004249,,2023-08-03,32856,140,,8876,90,130,mmHg,140.0
512629,501603,500097,3012888,,2023-08-03,32856,87,,8876,60,85,mmHg,87.0
512630,501603,500097,3025315,,2023-08-03,32856,83.8,,9529,45,90,kg,83.8
512631,501603,500097,3038553,,2023-08-03,32856,29.2,,9531,18.5,25,kg/m2,29.2
512632,501604,500097,3004410,,2023-11-04,32856,7.2,,8554,4,5.6,%,7.2
512633,501604,500097,3004501,,2023-11-04,32856,124,,8840,70,99,mg/dL,124.0
512634,501604,500097,3004249,,2023-11-04,32856,147,,8876,90,130,mmHg,147.0
512635,501604,500097,3012888,,2023-11-04,32856,82,,8876,60,85,mmHg,82.0
512636,501604,500097,3025315,,2023-11-04,32856,83.5,,9529,45,90,kg,83.5
512637,501604,500097,3038553,,2023-11-04,32856,29.1,,9531,18.5,25,kg/m2,29.1
512638,501605,500098,3036277,,2022-06-13,32856,164.6,,8582,150,185,cm,164.6
512639,501605,500098,3004410,,2022-06-13,32856,8.6,,8554,4,5.6,%,8.6
512640,501605,500098,3004501,,2022-06-13,32856,173,,8840,70,99,mg/dL,173.0
512641,501605,500098,3004249,,2022-06-13,32856,149,,8876,90,130,mmHg,149.0
512642,501605,500098,3012888,,2022-06-13,32856,83,,8876,60,85,mmHg,83.0
512643,501605,500098,3025315,,2022-06-13,32856,64.5,,9529,45,90,kg,64.5
512644,501605,500098,3038553,,2022-06-13,32856,23.8,,9531,18.5,25,kg/m2,23.8
512645,501605,500098,3022192,,2022-06-13,32856,10,,8840,0,150,mg/dL,10
512646,501605,500098,3007070,,2022-06-13,32856,50.9,,8840,40,60,mg/dL,50.9
512647,501605,500098,3028437,,2022-06-13,32856,100.5,,8840,0,130,mg/dL,100.5
512648,501605,500098,3013721,,2022-06-13,32856,30.2,,8645,0,40,U/L,30.2
512649,501605,500098,3006923,,2022-06-13,32856,66.4,,8645,0,40,U/L,66.4
512650,501605,500098,3016723,,2022-06-13,32856,0.91,,8840,0.6,1.2,mg/dL,0.91
512651,501605,500098,3049187,,2022-06-13,32856,142.7,,9550,90,130,mL/min/1.73m2,142.7
512652,501606,500098,3004410,,2022-09-13,32856,8.5,,8554,4,5.6,%,8.5
512653,501606,500098,3004501,,2022-09-13,32856,178,,8840,70,99,mg/dL,178.0
512654,501606,500098,3004249,,2022-09-13,32856,150,,8876,90,130,mmHg,150.0
512655,501606,500098,3012888,,2022-09-13,32856,89,,8876,60,85,mmHg,89.0
512656,501606,500098,3025315,,2022-09-13,32856,63.2,,9529,45,90,kg,63.2
512657,501606,500098,3038553,,2022-09-13,32856,23.3,,9531,18.5,25,kg/m2,23.3
512658,501607,500098,3004410,,2022-12-10,32856,7.9,,8554,4,5.6,%,7.9
512659,501607,500098,3004501,,2022-12-10,32856,146,,8840,70,99,mg/dL,146.0
512660,501607,500098,3004249,,2022-12-10,32856,152,,8876,90,130,mmHg,152.0
512661,501607,500098,3012888,,2022-12-10,32856,75,,8876,60,85,mmHg,75.0
512662,501607,500098,3025315,,2022-12-10,32856,64.2,,9529,45,90,kg,64.2
512663,501607,500098,3038553,,2022-12-10,32856,23.7,,9531,18.5,25,kg/m2,23.7
512664,501608,500098,3004410,,2023-03-10,32856,7.5,,8554,4,5.6,%,7.5
512665,501608,500098,3004501,,2023-03-10,32856,156,,8840,70,99,mg/dL,156.0
512666,501608,500098,3004249,,2023-03-10,32856,121,,8876,90,130,mmHg,121.0
512667,501608,500098,3012888,,2023-03-10,32856,93,,8876,60,85,mmHg,93.0
512668,501608,500098,3025315,,2023-03-10,32856,62.1,,9529,45,90,kg,62.1
512669,501608,500098,3038553,,2023-03-10,32856,22.9,,9531,18.5,25,kg/m2,22.9
512670,501609,500098,3004410,,2023-06-02,32856,7,,8554,4,5.6,%,7.0
512671,501609,500098,3004501,,2023-06-02,32856,127,,8840,70,99,mg/dL,127.0
512672,501609,500098,3004249,,2023-06-02,32856,131,,8876,90,130,mmHg,131.0
512673,501609,500098,3012888,,2023-06-02,32856,87,,8876,60,85,mmHg,87.0
512674,501609,500098,3025315,,2023-06-02,32856,63.6,,9529,45,90,kg,63.6
512675,501609,500098,3038553,,2023-06-02,32856,23.5,,9531,18.5,25,kg/m2,23.5
512676,501609,500098,3022192,,2023-06-02,32856,154.2,,8840,0,150,mg/dL,154.2
512677,501609,500098,3007070,,2023-06-02,32856,42.9,,8840,40,60,mg/dL,42.9
512678,501609,500098,3028437,,2023-06-02,32856,100.5,,8840,0,130,mg/dL,100.5
512679,501609,500098,3013721,,2023-06-02,32856,45.8,,8645,0,40,U/L,45.8
512680,501609,500098,3006923,,2023-06-02,32856,36.1,,8645,0,40,U/L,36.1
512681,501609,500098,3016723,,2023-06-02,32856,1.14,,8840,0.6,1.2,mg/dL,1.14
512682,501609,500098,3049187,,2023-06-02,32856,69.2,,9550,90,130,mL/min/1.73m2,69.2
512683,501610,500098,3004410,,2023-08-30,32856,7.3,,8554,4,5.6,%,7.3
512684,501610,500098,3004501,,2023-08-30,32856,149,,8840,70,99,mg/dL,149.0
512685,501610,500098,3004249,,2023-08-30,32856,144,,8876,90,130,mmHg,144.0
512686,501610,500098,3012888,,2023-08-30,32856,75,,8876,60,85,mmHg,75.0
512687,501610,500098,3025315,,2023-08-30,32856,62.2,,9529,45,90,kg,62.2
507023,501610,500098,3038553,,2023-08-30,32856,23,,9531,18.5,25,kg/m2,23.0
512689,501611,500098,3004410,,2023-11-30,32856,7.4,,8554,4,5.6,%,7.4
512690,501611,500098,3004501,,2023-11-30,32856,149,,8840,70,99,mg/dL,149.0
512691,501611,500098,3004249,,2023-11-30,32856,143,,8876,90,130,mmHg,143.0
512692,501611,500098,3012888,,2023-11-30,32856,82,,8876,60,85,mmHg,82.0
512693,501611,500098,3025315,,2023-11-30,32856,62.7,,9529,45,90,kg,62.7
512694,501611,500098,3038553,,2023-11-30,32856,23.1,,9531,18.5,25,kg/m2,23.1
512695,501612,500098,3004410,,2024-02-24,32856,7.3,,8554,4,5.6,%,7.3
512696,501612,500098,3004501,,2024-02-24,32856,134,,8840,70,99,mg/dL,134.0
512697,501612,500098,3004249,,2024-02-24,32856,118,,8876,90,130,mmHg,118.0
512698,501612,500098,3012888,,2024-02-24,32856,76,,8876,60,85,mmHg,76.0
512699,501612,500098,3025315,,2024-02-24,32856,60.7,,9529,45,90,kg,60.7
512700,501612,500098,3038553,,2024-02-24,32856,22.4,,9531,18.5,25,kg/m2,22.4
512701,501613,500098,3004410,,2024-05-24,32856,7.2,,8554,4,5.6,%,7.2
512702,501613,500098,3004501,,2024-05-24,32856,119,,8840,70,99,mg/dL,119.0
512703,501613,500098,3004249,,2024-05-24,32856,132,,8876,90,130,mmHg,132.0
512704,501613,500098,3012888,,2024-05-24,32856,97,,8876,60,85,mmHg,97.0
512705,501613,500098,3025315,,2024-05-24,32856,62,,9529,45,90,kg,62.0
512706,501613,500098,3038553,,2024-05-24,32856,22.9,,9531,18.5,25,kg/m2,22.9
512707,501613,500098,3022192,,2024-05-24,32856,163.2,,8840,0,150,mg/dL,163.2
512708,501613,500098,3007070,,2024-05-24,32856,62.1,,8840,40,60,mg/dL,62.1
512709,501613,500098,3028437,,2024-05-24,32856,124.7,,8840,0,130,mg/dL,124.7
512710,501613,500098,3013721,,2024-05-24,32856,30.4,,8645,0,40,U/L,30.4
512711,501613,500098,3006923,,2024-05-24,32856,49.1,,8645,0,40,U/L,49.1
512712,501613,500098,3016723,,2024-05-24,32856,1.27,,8840,0.6,1.2,mg/dL,1.27
512713,501613,500098,3049187,,2024-05-24,32856,96.5,,9550,90,130,mL/min/1.73m2,96.5
512714,501614,500098,3004410,,2024-08-24,32856,7.7,,8554,4,5.6,%,7.7
512715,501614,500098,3004501,,2024-08-24,32856,139,,8840,70,99,mg/dL,139.0
512716,501614,500098,3004249,,2024-08-24,32856,158,,8876,90,130,mmHg,158.0
512717,501614,500098,3012888,,2024-08-24,32856,93,,8876,60,85,mmHg,93.0
512718,501614,500098,3025315,,2024-08-24,32856,63.8,,9529,45,90,kg,63.8
512719,501614,500098,3038553,,2024-08-24,32856,23.5,,9531,18.5,25,kg/m2,23.5
512720,501615,500098,3004410,,2024-11-29,32856,7.3,,8554,4,5.6,%,7.3
512721,501615,500098,3004501,,2024-11-29,32856,142,,8840,70,99,mg/dL,142.0
512722,501615,500098,3004249,,2024-11-29,32856,168,,8876,90,130,mmHg,168.0
512723,501615,500098,3012888,,2024-11-29,32856,91,,8876,60,85,mmHg,91.0
512724,501615,500098,3025315,,2024-11-29,32856,64.6,,9529,45,90,kg,64.6
512725,501615,500098,3038553,,2024-11-29,32856,23.8,,9531,18.5,25,kg/m2,23.8
512726,501616,500098,3004410,,2025-02-21,32856,7.4,,8554,4,5.6,%,7.4
512727,501616,500098,3004501,,2025-02-21,32856,155,,8840,70,99,mg/dL,155.0
512728,501616,500098,3004249,,2025-02-21,32856,152,,8876,90,130,mmHg,152.0
512729,501616,500098,3012888,,2025-02-21,32856,74,,8876,60,85,mmHg,74.0
512730,501616,500098,3025315,,2025-02-21,32856,64.3,,9529,45,90,kg,64.3
512731,501616,500098,3038553,,2025-02-21,32856,23.7,,9531,18.5,25,kg/m2,23.7
512732,501617,500098,3004410,,2025-05-17,32856,7.7,,8554,4,5.6,%,7.7
512733,501617,500098,3004501,,2025-05-17,32856,195,,8840,70,99,mg/dL,195.0
512734,501617,500098,3004249,,2025-05-17,32856,142,,8876,90,130,mmHg,142.0
512735,501617,500098,3012888,,2025-05-17,32856,79,,8876,60,85,mmHg,79.0
512736,501617,500098,3025315,,2025-05-17,32856,63.1,,9529,45,90,kg,63.1
512737,501617,500098,3038553,,2025-05-17,32856,23.3,,9531,18.5,25,kg/m2,23.3
512738,501617,500098,3022192,,2025-05-17,32856,199.3,,8840,0,150,mg/dL,199.3
512739,501617,500098,3007070,,2025-05-17,32856,48.6,,8840,40,60,mg/dL,48.6
512740,501617,500098,3028437,,2025-05-17,32856,128.2,,8840,0,130,mg/dL,128.2
512741,501617,500098,3013721,,2025-05-17,32856,17.1,,8645,0,40,U/L,17.1
512742,501617,500098,3006923,,2025-05-17,32856,6.3,,8645,0,40,U/L,6.3
512743,501617,500098,3016723,,2025-05-17,32856,0.79,,8840,0.6,1.2,mg/dL,0.79
512744,501617,500098,3049187,,2025-05-17,32856,109.1,,9550,90,130,mL/min/1.73m2,109.1
512745,501618,500098,3004410,,2025-08-15,32856,7.3,,8554,4,5.6,%,7.3
512746,501618,500098,3004501,,2025-08-15,32856,149,,8840,70,99,mg/dL,149.0
512747,501618,500098,3004249,,2025-08-15,32856,131,,8876,90,130,mmHg,131.0
512748,501618,500098,3012888,,2025-08-15,32856,73,,8876,60,85,mmHg,73.0
512749,501618,500098,3025315,,2025-08-15,32856,61.1,,9529,45,90,kg,61.1
512750,501618,500098,3038553,,2025-08-15,32856,22.6,,9531,18.5,25,kg/m2,22.6
512751,501619,500098,3004410,,2025-11-18,32856,6.9,,8554,4,5.6,%,6.9
512752,501619,500098,3004501,,2025-11-18,32856,130,,8840,70,99,mg/dL,130.0
512753,501619,500098,3004249,,2025-11-18,32856,147,,8876,90,130,mmHg,147.0
512754,501619,500098,3012888,,2025-11-18,32856,96,,8876,60,85,mmHg,96.0
512755,501619,500098,3025315,,2025-11-18,32856,60.3,,9529,45,90,kg,60.3
512756,501619,500098,3038553,,2025-11-18,32856,22.3,,9531,18.5,25,kg/m2,22.3
512757,501620,500098,3004410,,2026-02-21,32856,7,,8554,4,5.6,%,7.0
512758,501620,500098,3004501,,2026-02-21,32856,138,,8840,70,99,mg/dL,138.0
512759,501620,500098,3004249,,2026-02-21,32856,141,,8876,90,130,mmHg,141.0
512760,501620,500098,3012888,,2026-02-21,32856,77,,8876,60,85,mmHg,77.0
512761,501620,500098,3025315,,2026-02-21,32856,61.2,,9529,45,90,kg,61.2
512762,501620,500098,3038553,,2026-02-21,32856,22.6,,9531,18.5,25,kg/m2,22.6
512763,501621,500098,3004410,,2026-05-16,32856,6.4,,8554,4,5.6,%,6.4
512764,501621,500098,3004501,,2026-05-16,32856,112,,8840,70,99,mg/dL,112.0
512765,501621,500098,3004249,,2026-05-16,32856,127,,8876,90,130,mmHg,127.0
512766,501621,500098,3012888,,2026-05-16,32856,89,,8876,60,85,mmHg,89.0
512767,501621,500098,3025315,,2026-05-16,32856,61,,9529,45,90,kg,61.0
512768,501621,500098,3038553,,2026-05-16,32856,22.5,,9531,18.5,25,kg/m2,22.5
512769,501621,500098,3022192,,2026-05-16,32856,214.5,,8840,0,150,mg/dL,214.5
512770,501621,500098,3007070,,2026-05-16,32856,56.1,,8840,40,60,mg/dL,56.1
512771,501621,500098,3028437,,2026-05-16,32856,158.4,,8840,0,130,mg/dL,158.4
512772,501621,500098,3013721,,2026-05-16,32856,62.7,,8645,0,40,U/L,62.7
512773,501621,500098,3006923,,2026-05-16,32856,0,,8645,0,40,U/L,0.0
512774,501621,500098,3016723,,2026-05-16,32856,1.04,,8840,0.6,1.2,mg/dL,1.04
512775,501621,500098,3049187,,2026-05-16,32856,101.7,,9550,90,130,mL/min/1.73m2,101.7
512776,501622,500098,3004410,,2026-08-21,32856,7.4,,8554,4,5.6,%,7.4
512777,501622,500098,3004501,,2026-08-21,32856,123,,8840,70,99,mg/dL,123.0
512778,501622,500098,3004249,,2026-08-21,32856,137,,8876,90,130,mmHg,137.0
512779,501622,500098,3012888,,2026-08-21,32856,79,,8876,60,85,mmHg,79.0
512780,501622,500098,3025315,,2026-08-21,32856,61.2,,9529,45,90,kg,61.2
512781,501622,500098,3038553,,2026-08-21,32856,22.6,,9531,18.5,25,kg/m2,22.6
512782,501623,500099,3036277,,2022-04-26,32856,159.9,,8582,150,185,cm,159.9
512783,501623,500099,3004410,,2022-04-26,32856,8.1,,8554,4,5.6,%,8.1
512784,501623,500099,3004501,,2022-04-26,32856,170,,8840,70,99,mg/dL,170.0
512785,501623,500099,3004249,,2022-04-26,32856,121,,8876,90,130,mmHg,121.0
512786,501623,500099,3012888,,2022-04-26,32856,88,,8876,60,85,mmHg,88.0
512787,501623,500099,3025315,,2022-04-26,32856,74.7,,9529,45,90,kg,74.7
512788,501623,500099,3038553,,2022-04-26,32856,29.2,,9531,18.5,25,kg/m2,29.2
512789,501623,500099,3022192,,2022-04-26,32856,259.1,,8840,0,150,mg/dL,259.1
512790,501623,500099,3007070,,2022-04-26,32856,27.5,,8840,40,60,mg/dL,27.5
512791,501623,500099,3028437,,2022-04-26,32856,128.5,,8840,0,130,mg/dL,128.5
512792,501623,500099,3013721,,2022-04-26,32856,6.1,,8645,0,40,U/L,6.1
512793,501623,500099,3006923,,2022-04-26,32856,65.3,,8645,0,40,U/L,65.3
512794,501623,500099,3016723,,2022-04-26,32856,0.87,,8840,0.6,1.2,mg/dL,0.87
512795,501623,500099,3049187,,2022-04-26,32856,82.9,,9550,90,130,mL/min/1.73m2,82.9
512796,501624,500099,3004410,,2022-07-29,32856,7.7,,8554,4,5.6,%,7.7
512797,501624,500099,3004501,,2022-07-29,32856,121,,8840,70,99,mg/dL,121.0
512798,501624,500099,3004249,,2022-07-29,32856,130,,8876,90,130,mmHg,130.0
512799,501624,500099,3012888,,2022-07-29,32856,84,,8876,60,85,mmHg,84.0
512800,501624,500099,3025315,,2022-07-29,32856,75.4,,9529,45,90,kg,75.4
512801,501624,500099,3038553,,2022-07-29,32856,29.5,,9531,18.5,25,kg/m2,29.5
512802,501625,500099,3004410,,2022-11-03,32856,7,,8554,4,5.6,%,7.0
512803,501625,500099,3004501,,2022-11-03,32856,117,,8840,70,99,mg/dL,117.0
512804,501625,500099,3004249,,2022-11-03,32856,144,,8876,90,130,mmHg,144.0
512805,501625,500099,3012888,,2022-11-03,32856,80,,8876,60,85,mmHg,80.0
512806,501625,500099,3025315,,2022-11-03,32856,75.7,,9529,45,90,kg,75.7
512807,501625,500099,3038553,,2022-11-03,32856,29.6,,9531,18.5,25,kg/m2,29.6
512808,501626,500099,3004410,,2023-02-03,32856,7.2,,8554,4,5.6,%,7.2
512809,501626,500099,3004501,,2023-02-03,32856,127,,8840,70,99,mg/dL,127.0
512810,501626,500099,3004249,,2023-02-03,32856,132,,8876,90,130,mmHg,132.0
512811,501626,500099,3012888,,2023-02-03,32856,78,,8876,60,85,mmHg,78.0
512812,501626,500099,3025315,,2023-02-03,32856,76.2,,9529,45,90,kg,76.2
512813,501626,500099,3038553,,2023-02-03,32856,29.8,,9531,18.5,25,kg/m2,29.8
512814,501627,500099,3004410,,2023-05-06,32856,7.6,,8554,4,5.6,%,7.6
512815,501627,500099,3004501,,2023-05-06,32856,145,,8840,70,99,mg/dL,145.0
512816,501627,500099,3004249,,2023-05-06,32856,143,,8876,90,130,mmHg,143.0
512817,501627,500099,3012888,,2023-05-06,32856,98,,8876,60,85,mmHg,98.0
512818,501627,500099,3025315,,2023-05-06,32856,75.5,,9529,45,90,kg,75.5
512819,501627,500099,3038553,,2023-05-06,32856,29.5,,9531,18.5,25,kg/m2,29.5
512820,501627,500099,3022192,,2023-05-06,32856,147.3,,8840,0,150,mg/dL,147.3
512821,501627,500099,3007070,,2023-05-06,32856,43.9,,8840,40,60,mg/dL,43.9
512822,501627,500099,3028437,,2023-05-06,32856,140,,8840,0,130,mg/dL,140.0
512823,501627,500099,3013721,,2023-05-06,32856,16.3,,8645,0,40,U/L,16.3
512824,501627,500099,3006923,,2023-05-06,32856,65.6,,8645,0,40,U/L,65.6
512825,501627,500099,3016723,,2023-05-06,32856,0.49,,8840,0.6,1.2,mg/dL,0.49
512826,501627,500099,3049187,,2023-05-06,32856,77,,9550,90,130,mL/min/1.73m2,77.0
512827,501628,500099,3004410,,2023-08-02,32856,7.7,,8554,4,5.6,%,7.7
512828,501628,500099,3004501,,2023-08-02,32856,157,,8840,70,99,mg/dL,157.0
512829,501628,500099,3004249,,2023-08-02,32856,156,,8876,90,130,mmHg,156.0
512830,501628,500099,3012888,,2023-08-02,32856,79,,8876,60,85,mmHg,79.0
512831,501628,500099,3025315,,2023-08-02,32856,74,,9529,45,90,kg,74.0
512832,501628,500099,3038553,,2023-08-02,32856,28.9,,9531,18.5,25,kg/m2,28.9
512833,501629,500099,3004410,,2023-11-08,32856,6.9,,8554,4,5.6,%,6.9
512834,501629,500099,3004501,,2023-11-08,32856,143,,8840,70,99,mg/dL,143.0
512835,501629,500099,3004249,,2023-11-08,32856,132,,8876,90,130,mmHg,132.0
512836,501629,500099,3012888,,2023-11-08,32856,81,,8876,60,85,mmHg,81.0
512837,501629,500099,3025315,,2023-11-08,32856,74.1,,9529,45,90,kg,74.1
512838,501629,500099,3038553,,2023-11-08,32856,29,,9531,18.5,25,kg/m2,29.0
512839,501630,500099,3004410,,2024-02-03,32856,7.2,,8554,4,5.6,%,7.2
512840,501630,500099,3004501,,2024-02-03,32856,141,,8840,70,99,mg/dL,141.0
512841,501630,500099,3004249,,2024-02-03,32856,120,,8876,90,130,mmHg,120.0
512842,501630,500099,3012888,,2024-02-03,32856,74,,8876,60,85,mmHg,74.0
512843,501630,500099,3025315,,2024-02-03,32856,74.4,,9529,45,90,kg,74.4
512844,501630,500099,3038553,,2024-02-03,32856,29.1,,9531,18.5,25,kg/m2,29.1
512845,501631,500099,3004410,,2024-04-30,32856,6.8,,8554,4,5.6,%,6.8
512846,501631,500099,3004501,,2024-04-30,32856,128,,8840,70,99,mg/dL,128.0
512847,501631,500099,3004249,,2024-04-30,32856,149,,8876,90,130,mmHg,149.0
512848,501631,500099,3012888,,2024-04-30,32856,79,,8876,60,85,mmHg,79.0
512849,501631,500099,3025315,,2024-04-30,32856,73.6,,9529,45,90,kg,73.6
512850,501631,500099,3038553,,2024-04-30,32856,28.8,,9531,18.5,25,kg/m2,28.8
512851,501631,500099,3022192,,2024-04-30,32856,222.8,,8840,0,150,mg/dL,222.8
512852,501631,500099,3007070,,2024-04-30,32856,48.8,,8840,40,60,mg/dL,48.8
512853,501631,500099,3028437,,2024-04-30,32856,96.6,,8840,0,130,mg/dL,96.6
512854,501631,500099,3013721,,2024-04-30,32856,52.5,,8645,0,40,U/L,52.5
512855,501631,500099,3006923,,2024-04-30,32856,26.4,,8645,0,40,U/L,26.4
512856,501631,500099,3016723,,2024-04-30,32856,0.58,,8840,0.6,1.2,mg/dL,0.58
512857,501631,500099,3049187,,2024-04-30,32856,66.8,,9550,90,130,mL/min/1.73m2,66.8
512858,501632,500099,3004410,,2024-08-03,32856,6.6,,8554,4,5.6,%,6.6
512859,501632,500099,3004501,,2024-08-03,32856,128,,8840,70,99,mg/dL,128.0
512860,501632,500099,3004249,,2024-08-03,32856,136,,8876,90,130,mmHg,136.0
512861,501632,500099,3012888,,2024-08-03,32856,100,,8876,60,85,mmHg,100.0
512862,501632,500099,3025315,,2024-08-03,32856,72.2,,9529,45,90,kg,72.2
512863,501632,500099,3038553,,2024-08-03,32856,28.2,,9531,18.5,25,kg/m2,28.2
512864,501633,500099,3004410,,2024-11-08,32856,7.3,,8554,4,5.6,%,7.3
512865,501633,500099,3004501,,2024-11-08,32856,125,,8840,70,99,mg/dL,125.0
512866,501633,500099,3004249,,2024-11-08,32856,126,,8876,90,130,mmHg,126.0
512867,501633,500099,3012888,,2024-11-08,32856,84,,8876,60,85,mmHg,84.0
512868,501633,500099,3025315,,2024-11-08,32856,71.9,,9529,45,90,kg,71.9
512869,501633,500099,3038553,,2024-11-08,32856,28.1,,9531,18.5,25,kg/m2,28.1
512870,501634,500099,3004410,,2025-02-09,32856,6.7,,8554,4,5.6,%,6.7
512871,501634,500099,3004501,,2025-02-09,32856,137,,8840,70,99,mg/dL,137.0
512872,501634,500099,3004249,,2025-02-09,32856,131,,8876,90,130,mmHg,131.0
512873,501634,500099,3012888,,2025-02-09,32856,90,,8876,60,85,mmHg,90.0
512874,501634,500099,3025315,,2025-02-09,32856,72.1,,9529,45,90,kg,72.1
512875,501634,500099,3038553,,2025-02-09,32856,28.2,,9531,18.5,25,kg/m2,28.2
512876,501635,500099,3004410,,2025-05-10,32856,7.2,,8554,4,5.6,%,7.2
512877,501635,500099,3004501,,2025-05-10,32856,169,,8840,70,99,mg/dL,169.0
512878,501635,500099,3004249,,2025-05-10,32856,151,,8876,90,130,mmHg,151.0
512879,501635,500099,3012888,,2025-05-10,32856,87,,8876,60,85,mmHg,87.0
512880,501635,500099,3025315,,2025-05-10,32856,71.5,,9529,45,90,kg,71.5
512881,501635,500099,3038553,,2025-05-10,32856,28,,9531,18.5,25,kg/m2,28.0
512882,501635,500099,3022192,,2025-05-10,32856,114.2,,8840,0,150,mg/dL,114.2
512883,501635,500099,3007070,,2025-05-10,32856,53.7,,8840,40,60,mg/dL,53.7
512884,501635,500099,3028437,,2025-05-10,32856,25.8,,8840,0,130,mg/dL,25.8
512885,501635,500099,3013721,,2025-05-10,32856,45.5,,8645,0,40,U/L,45.5
512886,501635,500099,3006923,,2025-05-10,32856,65.5,,8645,0,40,U/L,65.5
512887,501635,500099,3016723,,2025-05-10,32856,0.82,,8840,0.6,1.2,mg/dL,0.82
512888,501635,500099,3049187,,2025-05-10,32856,96.7,,9550,90,130,mL/min/1.73m2,96.7
512889,501636,500099,3004410,,2025-08-08,32856,7.3,,8554,4,5.6,%,7.3
512890,501636,500099,3004501,,2025-08-08,32856,116,,8840,70,99,mg/dL,116.0
512891,501636,500099,3004249,,2025-08-08,32856,130,,8876,90,130,mmHg,130.0
512892,501636,500099,3012888,,2025-08-08,32856,68,,8876,60,85,mmHg,68.0
512893,501636,500099,3025315,,2025-08-08,32856,69.8,,9529,45,90,kg,69.8
512894,501636,500099,3038553,,2025-08-08,32856,27.3,,9531,18.5,25,kg/m2,27.3
512895,501637,500099,3004410,,2025-11-07,32856,7,,8554,4,5.6,%,7.0
512896,501637,500099,3004501,,2025-11-07,32856,123,,8840,70,99,mg/dL,123.0
512897,501637,500099,3004249,,2025-11-07,32856,139,,8876,90,130,mmHg,139.0
512898,501637,500099,3012888,,2025-11-07,32856,85,,8876,60,85,mmHg,85.0
512899,501637,500099,3025315,,2025-11-07,32856,70.5,,9529,45,90,kg,70.5
512900,501637,500099,3038553,,2025-11-07,32856,27.6,,9531,18.5,25,kg/m2,27.6
512901,501638,500099,3004410,,2026-02-11,32856,7.4,,8554,4,5.6,%,7.4
512902,501638,500099,3004501,,2026-02-11,32856,142,,8840,70,99,mg/dL,142.0
512903,501638,500099,3004249,,2026-02-11,32856,150,,8876,90,130,mmHg,150.0
512904,501638,500099,3012888,,2026-02-11,32856,82,,8876,60,85,mmHg,82.0
512905,501638,500099,3025315,,2026-02-11,32856,70.3,,9529,45,90,kg,70.3
512906,501638,500099,3038553,,2026-02-11,32856,27.5,,9531,18.5,25,kg/m2,27.5
512907,501639,500099,3004410,,2026-05-06,32856,7.4,,8554,4,5.6,%,7.4
512908,501639,500099,3004501,,2026-05-06,32856,130,,8840,70,99,mg/dL,130.0
512909,501639,500099,3004249,,2026-05-06,32856,136,,8876,90,130,mmHg,136.0
512910,501639,500099,3012888,,2026-05-06,32856,78,,8876,60,85,mmHg,78.0
512911,501639,500099,3025315,,2026-05-06,32856,70.8,,9529,45,90,kg,70.8
512912,501639,500099,3038553,,2026-05-06,32856,27.7,,9531,18.5,25,kg/m2,27.7
512913,501639,500099,3022192,,2026-05-06,32856,245.3,,8840,0,150,mg/dL,245.3
512914,501639,500099,3007070,,2026-05-06,32856,49,,8840,40,60,mg/dL,49.0
512915,501639,500099,3028437,,2026-05-06,32856,134.7,,8840,0,130,mg/dL,134.7
512916,501639,500099,3013721,,2026-05-06,32856,71.3,,8645,0,40,U/L,71.3
512917,501639,500099,3006923,,2026-05-06,32856,51.6,,8645,0,40,U/L,51.6
512918,501639,500099,3016723,,2026-05-06,32856,0.81,,8840,0.6,1.2,mg/dL,0.81
512919,501639,500099,3049187,,2026-05-06,32856,85.2,,9550,90,130,mL/min/1.73m2,85.2
512920,501640,500099,3004410,,2026-08-03,32856,7.9,,8554,4,5.6,%,7.9
512921,501640,500099,3004501,,2026-08-03,32856,159,,8840,70,99,mg/dL,159.0
512922,501640,500099,3004249,,2026-08-03,32856,145,,8876,90,130,mmHg,145.0
512923,501640,500099,3012888,,2026-08-03,32856,86,,8876,60,85,mmHg,86.0
512924,501640,500099,3025315,,2026-08-03,32856,69.9,,9529,45,90,kg,69.9
512925,501640,500099,3038553,,2026-08-03,32856,27.3,,9531,18.5,25,kg/m2,27.3
512926,501641,500100,3036277,,2021-04-07,32856,178,,8582,150,185,cm,178.0
512927,501641,500100,3004410,,2021-04-07,32856,7.1,,8554,4,5.6,%,7.1
512928,501641,500100,3004501,,2021-04-07,32856,147,,8840,70,99,mg/dL,147.0
512929,501641,500100,3004249,,2021-04-07,32856,128,,8876,90,130,mmHg,128.0
512930,501641,500100,3012888,,2021-04-07,32856,77,,8876,60,85,mmHg,77.0
512931,501641,500100,3025315,,2021-04-07,32856,70,,9529,45,90,kg,70.0
512932,501641,500100,3038553,,2021-04-07,32856,22.1,,9531,18.5,25,kg/m2,22.1
512933,501641,500100,3022192,,2021-04-07,32856,200.1,,8840,0,150,mg/dL,200.1
512934,501641,500100,3007070,,2021-04-07,32856,65,,8840,40,60,mg/dL,65.0
512935,501641,500100,3028437,,2021-04-07,32856,97.3,,8840,0,130,mg/dL,97.3
512936,501641,500100,3013721,,2021-04-07,32856,38.7,,8645,0,40,U/L,38.7
512937,501641,500100,3006923,,2021-04-07,32856,0,,8645,0,40,U/L,0
512938,501641,500100,3016723,,2021-04-07,32856,0.58,,8840,0.6,1.2,mg/dL,0.58
512939,501641,500100,3049187,,2021-04-07,32856,53,,9550,90,130,mL/min/1.73m2,53.0
512940,501642,500100,3004410,,2021-07-11,32856,6.6,,8554,4,5.6,%,6.6
512941,501642,500100,3004501,,2021-07-11,32856,112,,8840,70,99,mg/dL,112.0
512942,501642,500100,3004249,,2021-07-11,32856,141,,8876,90,130,mmHg,141.0
512943,501642,500100,3012888,,2021-07-11,32856,99,,8876,60,85,mmHg,99.0
512944,501642,500100,3025315,,2021-07-11,32856,69.6,,9529,45,90,kg,69.6
512945,501642,500100,3038553,,2021-07-11,32856,22,,9531,18.5,25,kg/m2,22.0
512946,501643,500100,3004410,,2021-10-12,32856,6.6,,8554,4,5.6,%,6.6
512947,501643,500100,3004501,,2021-10-12,32856,107,,8840,70,99,mg/dL,107.0
512948,501643,500100,3004249,,2021-10-12,32856,129,,8876,90,130,mmHg,129.0
512949,501643,500100,3012888,,2021-10-12,32856,89,,8876,60,85,mmHg,89.0
512950,501643,500100,3025315,,2021-10-12,32856,70.9,,9529,45,90,kg,70.9
512951,501643,500100,3038553,,2021-10-12,32856,22.4,,9531,18.5,25,kg/m2,22.4
512952,501644,500100,3004410,,2022-01-08,32856,6.7,,8554,4,5.6,%,6.7
512953,501644,500100,3004501,,2022-01-08,32856,125,,8840,70,99,mg/dL,125.0
512954,501644,500100,3004249,,2022-01-08,32856,122,,8876,90,130,mmHg,122.0
512955,501644,500100,3012888,,2022-01-08,32856,77,,8876,60,85,mmHg,77.0
512956,501644,500100,3025315,,2022-01-08,32856,70.6,,9529,45,90,kg,70.6
512957,501644,500100,3038553,,2022-01-08,32856,22.3,,9531,18.5,25,kg/m2,22.3
512958,501645,500100,3004410,,2022-04-04,32856,6.6,,8554,4,5.6,%,6.6
512959,501645,500100,3004501,,2022-04-04,32856,133,,8840,70,99,mg/dL,133.0
512960,501645,500100,3004249,,2022-04-04,32856,157,,8876,90,130,mmHg,157.0
512961,501645,500100,3012888,,2022-04-04,32856,92,,8876,60,85,mmHg,92.0
512962,501645,500100,3025315,,2022-04-04,32856,69.4,,9529,45,90,kg,69.4
512963,501645,500100,3038553,,2022-04-04,32856,21.9,,9531,18.5,25,kg/m2,21.9
512964,501645,500100,3022192,,2022-04-04,32856,136.1,,8840,0,150,mg/dL,136.1
512965,501645,500100,3007070,,2022-04-04,32856,54.2,,8840,40,60,mg/dL,54.2
512966,501645,500100,3028437,,2022-04-04,32856,129.8,,8840,0,130,mg/dL,129.8
512967,501645,500100,3013721,,2022-04-04,32856,22.1,,8645,0,40,U/L,22.1
512968,501645,500100,3006923,,2022-04-04,32856,70.8,,8645,0,40,U/L,70.8
512969,501645,500100,3016723,,2022-04-04,32856,0.76,,8840,0.6,1.2,mg/dL,0.76
512970,501645,500100,3049187,,2022-04-04,32856,84.8,,9550,90,130,mL/min/1.73m2,84.8
512971,501646,500100,3004410,,2022-06-30,32856,6.9,,8554,4,5.6,%,6.9
512972,501646,500100,3004501,,2022-06-30,32856,137,,8840,70,99,mg/dL,137.0
512973,501646,500100,3004249,,2022-06-30,32856,142,,8876,90,130,mmHg,142.0
512974,501646,500100,3012888,,2022-06-30,32856,84,,8876,60,85,mmHg,84.0
512975,501646,500100,3025315,,2022-06-30,32856,70,,9529,45,90,kg,70.0
512976,501646,500100,3038553,,2022-06-30,32856,22.1,,9531,18.5,25,kg/m2,22.1
512977,501647,500100,3004410,,2022-10-06,32856,6.6,,8554,4,5.6,%,6.6
512978,501647,500100,3004501,,2022-10-06,32856,99,,8840,70,99,mg/dL,99.0
512979,501647,500100,3004249,,2022-10-06,32856,153,,8876,90,130,mmHg,153.0
512980,501647,500100,3012888,,2022-10-06,32856,104,,8876,60,85,mmHg,104.0
512981,501647,500100,3025315,,2022-10-06,32856,70.6,,9529,45,90,kg,70.6
512982,501647,500100,3038553,,2022-10-06,32856,22.3,,9531,18.5,25,kg/m2,22.3
512983,501648,500100,3004410,,2023-01-07,32856,6.1,,8554,4,5.6,%,6.1
512984,501648,500100,3004501,,2023-01-07,32856,137,,8840,70,99,mg/dL,137.0
512985,501648,500100,3004249,,2023-01-07,32856,147,,8876,90,130,mmHg,147.0
512986,501648,500100,3012888,,2023-01-07,32856,87,,8876,60,85,mmHg,87.0
512987,501648,500100,3025315,,2023-01-07,32856,71.2,,9529,45,90,kg,71.2
512988,501648,500100,3038553,,2023-01-07,32856,22.5,,9531,18.5,25,kg/m2,22.5
512989,501649,500100,3004410,,2023-04-01,32856,6.5,,8554,4,5.6,%,6.5
512990,501649,500100,3004501,,2023-04-01,32856,93,,8840,70,99,mg/dL,93.0
512991,501649,500100,3004249,,2023-04-01,32856,154,,8876,90,130,mmHg,154.0
512992,501649,500100,3012888,,2023-04-01,32856,73,,8876,60,85,mmHg,73.0
512993,501649,500100,3025315,,2023-04-01,32856,71,,9529,45,90,kg,71.0
512994,501649,500100,3038553,,2023-04-01,32856,22.4,,9531,18.5,25,kg/m2,22.4
512995,501649,500100,3022192,,2023-04-01,32856,63.9,,8840,0,150,mg/dL,63.9
512996,501649,500100,3007070,,2023-04-01,32856,52.3,,8840,40,60,mg/dL,52.3
512997,501649,500100,3028437,,2023-04-01,32856,122.4,,8840,0,130,mg/dL,122.4
512998,501649,500100,3013721,,2023-04-01,32856,37.1,,8645,0,40,U/L,37.1
512999,501649,500100,3006923,,2023-04-01,32856,51.7,,8645,0,40,U/L,51.7
513000,501649,500100,3016723,,2023-04-01,32856,0.6,,8840,0.6,1.2,mg/dL,0.6
513001,501649,500100,3049187,,2023-04-01,32856,88.7,,9550,90,130,mL/min/1.73m2,88.7
513002,501650,500100,3004410,,2023-07-06,32856,7,,8554,4,5.6,%,7.0
513003,501650,500100,3004501,,2023-07-06,32856,149,,8840,70,99,mg/dL,149.0
513004,501650,500100,3004249,,2023-07-06,32856,134,,8876,90,130,mmHg,134.0
513005,501650,500100,3012888,,2023-07-06,32856,92,,8876,60,85,mmHg,92.0
513006,501650,500100,3025315,,2023-07-06,32856,70.7,,9529,45,90,kg,70.7
513007,501650,500100,3038553,,2023-07-06,32856,22.3,,9531,18.5,25,kg/m2,22.3
513008,501651,500100,3004410,,2023-10-12,32856,6.5,,8554,4,5.6,%,6.5
513009,501651,500100,3004501,,2023-10-12,32856,128,,8840,70,99,mg/dL,128.0
513010,501651,500100,3004249,,2023-10-12,32856,128,,8876,90,130,mmHg,128.0
513011,501651,500100,3012888,,2023-10-12,32856,86,,8876,60,85,mmHg,86.0
513012,501651,500100,3025315,,2023-10-12,32856,71.6,,9529,45,90,kg,71.6
513013,501651,500100,3038553,,2023-10-12,32856,22.6,,9531,18.5,25,kg/m2,22.6
513014,501652,500100,3004410,,2024-01-12,32856,6.3,,8554,4,5.6,%,6.3
513015,501652,500100,3004501,,2024-01-12,32856,106,,8840,70,99,mg/dL,106.0
513016,501652,500100,3004249,,2024-01-12,32856,143,,8876,90,130,mmHg,143.0
513017,501652,500100,3012888,,2024-01-12,32856,98,,8876,60,85,mmHg,98.0
513018,501652,500100,3025315,,2024-01-12,32856,72.5,,9529,45,90,kg,72.5
513019,501652,500100,3038553,,2024-01-12,32856,22.9,,9531,18.5,25,kg/m2,22.9
513020,501653,500100,3004410,,2024-04-05,32856,6.2,,8554,4,5.6,%,6.2
513021,501653,500100,3004501,,2024-04-05,32856,99,,8840,70,99,mg/dL,99.0
513022,501653,500100,3004249,,2024-04-05,32856,125,,8876,90,130,mmHg,125.0
513023,501653,500100,3012888,,2024-04-05,32856,79,,8876,60,85,mmHg,79.0
513024,501653,500100,3025315,,2024-04-05,32856,72,,9529,45,90,kg,72.0
513025,501653,500100,3038553,,2024-04-05,32856,22.7,,9531,18.5,25,kg/m2,22.7
513026,501653,500100,3022192,,2024-04-05,32856,129,,8840,0,150,mg/dL,129.0
513027,501653,500100,3007070,,2024-04-05,32856,67.7,,8840,40,60,mg/dL,67.7
513028,501653,500100,3028437,,2024-04-05,32856,43.5,,8840,0,130,mg/dL,43.5
513029,501653,500100,3013721,,2024-04-05,32856,83.9,,8645,0,40,U/L,83.9
513030,501653,500100,3006923,,2024-04-05,32856,59.4,,8645,0,40,U/L,59.4
513031,501653,500100,3016723,,2024-04-05,32856,1.04,,8840,0.6,1.2,mg/dL,1.04
513032,501653,500100,3049187,,2024-04-05,32856,77.6,,9550,90,130,mL/min/1.73m2,77.6
