concept_id,concept_name_ko,concept_name_en,domain_id,vocabulary_id,concept_class_id,concept_code,standard_concept,standard_hint,valid_start_date,valid_end_date,invalid_reason,key
10000000001,등록 서식 입력,Registry (CRF entry),Type Concept,KAI,Type,KAI-TYPE-REG,S,,2026-09-12,2099-12-31,,TYPE_REGISTRY
10000000002,전자의무기록,EHR,Type Concept,KAI,Type,KAI-TYPE-EHR,S,,2026-09-12,2099-12-31,,TYPE_EHR
10000000003,파생,Derived,Type Concept,KAI,Type,KAI-TYPE-DRV,S,,2026-09-12,2099-12-31,,TYPE_DERIVED
10000000004,질환 에피소드,Disease Episode,Episode,KAI,Episode,KAI-EP-DIS,S,,2026-09-12,2099-12-31,,EP_DISEASE
10000000005,질환 최초 발생,Disease First Occurrence,Episode,KAI,Episode,KAI-EP-FIRST,S,,2026-09-12,2099-12-31,,EP_FIRST
10000000006,질환 재발·진행,Disease Recurrence/Progression,Episode,KAI,Episode,KAI-EP-REC,S,,2026-09-12,2099-12-31,,EP_RECURRENCE
10000000007,관해,Disease Remission,Episode,KAI,Episode,KAI-EP-REM,S,,2026-09-12,2099-12-31,,EP_REMISSION
10000000008,치료 레지멘,Treatment Regimen,Episode,KAI,Episode,KAI-EP-REG,S,,2026-09-12,2099-12-31,,EP_REGIMEN
10000000009,치료 사이클,Treatment Cycle,Episode,KAI,Episode,KAI-EP-CYC,S,,2026-09-12,2099-12-31,,EP_CYCLE
10000000010,CONDITION_OCCURRENCE.condition_occurrence_id,condition_occurrence.condition_occurrence_id,Metadata,KAI,Field,KAI-F-COND,S,,2026-09-12,2099-12-31,,F_CONDITION
10000000011,PROCEDURE_OCCURRENCE.procedure_occurrence_id,procedure_occurrence.procedure_occurrence_id,Metadata,KAI,Field,KAI-F-PROC,S,,2026-09-12,2099-12-31,,F_PROCEDURE
10000000012,DRUG_EXPOSURE.drug_exposure_id,drug_exposure.drug_exposure_id,Metadata,KAI,Field,KAI-F-DRUG,S,,2026-09-12,2099-12-31,,F_DRUG
10000000013,MEASUREMENT.measurement_id,measurement.measurement_id,Metadata,KAI,Field,KAI-F-MEAS,S,,2026-09-12,2099-12-31,,F_MEASUREMENT
10000000014,EPISODE.episode_id,episode.episode_id,Metadata,KAI,Field,KAI-F-EPI,S,,2026-09-12,2099-12-31,,F_EPISODE
10000000015,SPECIMEN.specimen_id,specimen.specimen_id,Metadata,KAI,Field,KAI-F-SPEC,S,,2026-09-12,2099-12-31,,F_SPECIMEN
10000000016,OBSERVATION.observation_id,observation.observation_id,Metadata,KAI,Field,KAI-F-OBS,S,,2026-09-12,2099-12-31,,F_OBSERVATION
10000000017,남성,Male,Gender,SNOMED,Gender,248153007,S,,2026-09-12,2099-12-31,,GENDER_M
10000000018,여성,Female,Gender,SNOMED,Gender,248152002,S,,2026-09-12,2099-12-31,,GENDER_F
10000000019,입원,Inpatient visit,Visit,KAI,Visit,KAI-VISIT-IP,S,,2026-09-12,2099-12-31,,VISIT_INPATIENT
10000000020,외래,Outpatient visit,Visit,KAI,Visit,KAI-VISIT-OP,S,,2026-09-12,2099-12-31,,VISIT_OUTPATIENT
10000000021,응급,Emergency room visit,Visit,KAI,Visit,KAI-VISIT-ER,S,,2026-09-12,2099-12-31,,VISIT_ER
10000000022,생검 검체,Biopsy specimen,Specimen,SNOMED,Specimen,258415003,S,,2026-09-12,2099-12-31,,SPEC_BIOPSY
10000000023,절제 검체,Resection specimen,Specimen,KAI,Specimen,KAI-SPEC-RES,S,,2026-09-12,2099-12-31,,SPEC_RESECTION
10000000024,폐암 코호트,K-AI lung cancer cohort,Cohort,KAI,Cohort,KAI-COH-LC,S,,2026-09-12,2099-12-31,,COHORT_LUNG_CANCER
10000000025,유방암 코호트,K-AI breast cancer cohort,Cohort,KAI,Cohort,KAI-COH-BC,S,,2026-09-12,2099-12-31,,COHORT_BREAST_CANCER
10000000026,대장암 코호트,K-AI colorectal cancer cohort,Cohort,KAI,Cohort,KAI-COH-CRC,S,,2026-09-12,2099-12-31,,COHORT_COLORECTAL_CANCER
10000000027,대사이상지방간 코호트,K-AI MASLD cohort,Cohort,KAI,Cohort,KAI-COH-MASLD,S,,2026-09-12,2099-12-31,,COHORT_MASLD
10000000028,당뇨병 코호트,K-AI diabetes cohort,Cohort,KAI,Cohort,KAI-COH-DM,S,,2026-09-12,2099-12-31,,COHORT_DIABETES
10000000029,림프종 코호트,K-AI lymphoma cohort,Cohort,KAI,Cohort,KAI-COH-LY,S,,2026-09-12,2099-12-31,,COHORT_LYMPHOMA
10000000030,폐의 악성 신생물,Malignant neoplasm of lung,Condition,SNOMED,Disorder,363358000,S,,2026-09-12,2099-12-31,,DX_LUNG_CANCER
10000000031,유방의 악성 신생물,Malignant neoplasm of breast,Condition,SNOMED,Disorder,254837009,S,,2026-09-12,2099-12-31,,DX_BREAST_CANCER
10000000032,대장·직장의 악성 신생물,Malignant neoplasm of colorectum,Condition,SNOMED,Disorder,781382000,S,,2026-09-12,2099-12-31,,DX_COLORECTAL_CANCER
10000000033,대사이상 관련 지방간질환,Metabolic dysfunction-associated steatotic liver disease,Condition,KAI,Disorder,KAI-DX-MASLD,S,,2026-09-12,2099-12-31,,DX_MASLD
10000000034,제2형 당뇨병,Type 2 diabetes mellitus,Condition,SNOMED,Disorder,44054006,S,,2026-09-12,2099-12-31,,DX_DIABETES
10000000035,악성 림프종,Malignant lymphoma,Condition,SNOMED,Disorder,118600007,S,,2026-09-12,2099-12-31,,DX_LYMPHOMA
10000000036,표준 매핑,Maps to,Relationship,KAI,Relationship,KAI-REL-MAPS,S,,2026-09-12,2099-12-31,,REL_MAPS_TO
10000000037,상위 개념,Is a,Relationship,KAI,Relationship,KAI-REL-ISA,S,,2026-09-12,2099-12-31,,REL_IS_A
10000000038,단위,Has unit,Relationship,KAI,Relationship,KAI-REL-UNIT,S,,2026-09-12,2099-12-31,,REL_HAS_UNIT
10000000039,값 집합 소속,Member of concept set,Relationship,KAI,Relationship,KAI-REL-MEMBER,S,,2026-09-12,2099-12-31,,REL_MEMBER_OF
10000000040,이상사례,Adverse event (condition status),Condition Status,KAI,Status,KAI-STAT-AE,S,,2026-09-12,2099-12-31,,AE_STATUS
10000000041,가족력,Family history of disorder,Observation,SNOMED,Finding,281666001,S,,2026-09-12,2099-12-31,,FAMILY_HISTORY_OF
10000000042,CTCAE 등급,CTCAE grade,Measurement,KAI,Grade scale,KAI-CTCAE-GRADE,S,,2026-09-12,2099-12-31,,CTCAE_GRADE
10000000043,%,%,Unit,UCUM,Unit,%,S,,2026-09-12,2099-12-31,,UNIT:%
10000000044,1,1,Unit,UCUM,Unit,1,S,,2026-09-12,2099-12-31,,UNIT:1
10000000045,Gy,Gy,Unit,UCUM,Unit,Gy,S,,2026-09-12,2099-12-31,,UNIT:Gy
10000000046,a,a,Unit,UCUM,Unit,a,S,,2026-09-12,2099-12-31,,UNIT:a
10000000047,cm,cm,Unit,UCUM,Unit,cm,S,,2026-09-12,2099-12-31,,UNIT:cm
10000000048,dB/m,dB/m,Unit,UCUM,Unit,dB/m,S,,2026-09-12,2099-12-31,,UNIT:dB/m
10000000049,kPa,kPa,Unit,UCUM,Unit,kPa,S,,2026-09-12,2099-12-31,,UNIT:kPa
10000000050,mL,mL,Unit,UCUM,Unit,mL,S,,2026-09-12,2099-12-31,,UNIT:mL
10000000051,mm,mm,Unit,UCUM,Unit,mm,S,,2026-09-12,2099-12-31,,UNIT:mm
10000000052,mm2,mm2,Unit,UCUM,Unit,mm2,S,,2026-09-12,2099-12-31,,UNIT:mm2
10000000053,mm[Hg],mm[Hg],Unit,UCUM,Unit,mm[Hg],S,,2026-09-12,2099-12-31,,UNIT:mm[Hg]
10000000054,mo,mo,Unit,UCUM,Unit,mo,S,,2026-09-12,2099-12-31,,UNIT:mo
10000000055,ng/mL,ng/mL,Unit,UCUM,Unit,ng/mL,S,,2026-09-12,2099-12-31,,UNIT:ng/mL
10000000056,병기 체계,STAGE_SYSTEM,Modifier,KAI,Value set,KAI-CS-STAGE_SYSTEM,C,SNOMED tumor staging system,2026-09-12,2099-12-31,,CS:STAGE_SYSTEM
10000000057,AJCC,AJCC,Modifier,KAI,Value,KAI-STAGE_SYSTEM-AJCC,S,,2026-09-12,2099-12-31,,CS:STAGE_SYSTEM:AJCC
10000000058,Lugano,Lugano,Modifier,KAI,Value,KAI-STAGE_SYSTEM-Lugano,S,,2026-09-12,2099-12-31,,CS:STAGE_SYSTEM:Lugano
10000000059,Ann Arbor,Ann Arbor,Modifier,KAI,Value,KAI-STAGE_SYSTEM-Ann_Arbor,S,,2026-09-12,2099-12-31,,CS:STAGE_SYSTEM:Ann_Arbor
10000000060,FIGO,FIGO,Modifier,KAI,Value,KAI-STAGE_SYSTEM-FIGO,S,,2026-09-12,2099-12-31,,CS:STAGE_SYSTEM:FIGO
10000000061,기타,기타,Modifier,KAI,Value,KAI-STAGE_SYSTEM-기타,S,,2026-09-12,2099-12-31,,CS:STAGE_SYSTEM:기타
10000000062,병기 판,STAGE_EDITION,Modifier,KAI,Value set,KAI-CS-STAGE_EDITION,C,,2026-09-12,2099-12-31,,CS:STAGE_EDITION
10000000063,7,7,Modifier,KAI,Value,KAI-STAGE_EDITION-7,S,,2026-09-12,2099-12-31,,CS:STAGE_EDITION:7
10000000064,8,8,Modifier,KAI,Value,KAI-STAGE_EDITION-8,S,,2026-09-12,2099-12-31,,CS:STAGE_EDITION:8
10000000065,9,9,Modifier,KAI,Value,KAI-STAGE_EDITION-9,S,,2026-09-12,2099-12-31,,CS:STAGE_EDITION:9
10000000066,병기 구분,STAGE_CONTEXT,Modifier,KAI,Value set,KAI-CS-STAGE_CONTEXT,C,SNOMED (clinical/pathological stage),2026-09-12,2099-12-31,,CS:STAGE_CONTEXT
10000000067,임상,임상,Modifier,KAI,Value,KAI-STAGE_CONTEXT-c,S,,2026-09-12,2099-12-31,,CS:STAGE_CONTEXT:c
10000000068,병리,병리,Modifier,KAI,Value,KAI-STAGE_CONTEXT-p,S,,2026-09-12,2099-12-31,,CS:STAGE_CONTEXT:p
10000000069,선행치료 후 임상,선행치료 후 임상,Modifier,KAI,Value,KAI-STAGE_CONTEXT-yc,S,,2026-09-12,2099-12-31,,CS:STAGE_CONTEXT:yc
10000000070,선행치료 후 병리,선행치료 후 병리,Modifier,KAI,Value,KAI-STAGE_CONTEXT-yp,S,,2026-09-12,2099-12-31,,CS:STAGE_CONTEXT:yp
10000000071,재병기,재병기,Modifier,KAI,Value,KAI-STAGE_CONTEXT-r,S,,2026-09-12,2099-12-31,,CS:STAGE_CONTEXT:r
10000000072,AJCC 8판 병기군,STAGE_GROUP_AJCC8,Modifier,KAI,Value set,KAI-CS-STAGE_GROUP_AJCC8,C,SNOMED 1222802001 (IIIA 확인됨) 등 qualifier 계열 · OMOP Cancer Modifier,2026-09-12,2099-12-31,,CS:STAGE_GROUP_AJCC8
10000000073,0,0,Modifier,KAI,Value,KAI-STAGE_GROUP_AJCC8-0,S,,2026-09-12,2099-12-31,,CS:STAGE_GROUP_AJCC8:0
10000000074,IA,IA,Modifier,KAI,Value,KAI-STAGE_GROUP_AJCC8-IA,S,,2026-09-12,2099-12-31,,CS:STAGE_GROUP_AJCC8:IA
10000000075,IA1,IA1,Modifier,KAI,Value,KAI-STAGE_GROUP_AJCC8-IA1,S,,2026-09-12,2099-12-31,,CS:STAGE_GROUP_AJCC8:IA1
10000000076,IA2,IA2,Modifier,KAI,Value,KAI-STAGE_GROUP_AJCC8-IA2,S,,2026-09-12,2099-12-31,,CS:STAGE_GROUP_AJCC8:IA2
10000000077,IA3,IA3,Modifier,KAI,Value,KAI-STAGE_GROUP_AJCC8-IA3,S,,2026-09-12,2099-12-31,,CS:STAGE_GROUP_AJCC8:IA3
10000000078,IB,IB,Modifier,KAI,Value,KAI-STAGE_GROUP_AJCC8-IB,S,,2026-09-12,2099-12-31,,CS:STAGE_GROUP_AJCC8:IB
10000000079,IIA,IIA,Modifier,KAI,Value,KAI-STAGE_GROUP_AJCC8-IIA,S,,2026-09-12,2099-12-31,,CS:STAGE_GROUP_AJCC8:IIA
10000000080,IIB,IIB,Modifier,KAI,Value,KAI-STAGE_GROUP_AJCC8-IIB,S,,2026-09-12,2099-12-31,,CS:STAGE_GROUP_AJCC8:IIB
10000000081,IIIA,IIIA,Modifier,KAI,Value,KAI-STAGE_GROUP_AJCC8-IIIA,S,,2026-09-12,2099-12-31,,CS:STAGE_GROUP_AJCC8:IIIA
10000000082,IIIB,IIIB,Modifier,KAI,Value,KAI-STAGE_GROUP_AJCC8-IIIB,S,,2026-09-12,2099-12-31,,CS:STAGE_GROUP_AJCC8:IIIB
10000000083,IIIC,IIIC,Modifier,KAI,Value,KAI-STAGE_GROUP_AJCC8-IIIC,S,,2026-09-12,2099-12-31,,CS:STAGE_GROUP_AJCC8:IIIC
10000000084,IVA,IVA,Modifier,KAI,Value,KAI-STAGE_GROUP_AJCC8-IVA,S,,2026-09-12,2099-12-31,,CS:STAGE_GROUP_AJCC8:IVA
10000000085,IVB,IVB,Modifier,KAI,Value,KAI-STAGE_GROUP_AJCC8-IVB,S,,2026-09-12,2099-12-31,,CS:STAGE_GROUP_AJCC8:IVB
10000000086,IVC,IVC,Modifier,KAI,Value,KAI-STAGE_GROUP_AJCC8-IVC,S,,2026-09-12,2099-12-31,,CS:STAGE_GROUP_AJCC8:IVC
10000000087,IV,IV,Modifier,KAI,Value,KAI-STAGE_GROUP_AJCC8-IV,S,,2026-09-12,2099-12-31,,CS:STAGE_GROUP_AJCC8:IV
10000000088,Lugano/Ann Arbor 병기,STAGE_LUGANO,Modifier,KAI,Value set,KAI-CS-STAGE_LUGANO,C,SNOMED (일부) · 자체,2026-09-12,2099-12-31,,CS:STAGE_LUGANO
10000000089,I,I,Modifier,KAI,Value,KAI-STAGE_LUGANO-I,S,,2026-09-12,2099-12-31,,CS:STAGE_LUGANO:I
10000000090,IE,IE,Modifier,KAI,Value,KAI-STAGE_LUGANO-IE,S,,2026-09-12,2099-12-31,,CS:STAGE_LUGANO:IE
10000000091,II,II,Modifier,KAI,Value,KAI-STAGE_LUGANO-II,S,,2026-09-12,2099-12-31,,CS:STAGE_LUGANO:II
10000000092,IIE,IIE,Modifier,KAI,Value,KAI-STAGE_LUGANO-IIE,S,,2026-09-12,2099-12-31,,CS:STAGE_LUGANO:IIE
10000000093,III,III,Modifier,KAI,Value,KAI-STAGE_LUGANO-III,S,,2026-09-12,2099-12-31,,CS:STAGE_LUGANO:III
10000000094,IV,IV,Modifier,KAI,Value,KAI-STAGE_LUGANO-IV,S,,2026-09-12,2099-12-31,,CS:STAGE_LUGANO:IV
10000000095,병기 수식자,STAGE_MODIFIER,Modifier,KAI,Value set,KAI-CS-STAGE_MODIFIER,C,자체,2026-09-12,2099-12-31,,CS:STAGE_MODIFIER
10000000096,A,A,Modifier,KAI,Value,KAI-STAGE_MODIFIER-A,S,,2026-09-12,2099-12-31,,CS:STAGE_MODIFIER:A
10000000097,B,B,Modifier,KAI,Value,KAI-STAGE_MODIFIER-B,S,,2026-09-12,2099-12-31,,CS:STAGE_MODIFIER:B
10000000098,E,E,Modifier,KAI,Value,KAI-STAGE_MODIFIER-E,S,,2026-09-12,2099-12-31,,CS:STAGE_MODIFIER:E
10000000099,S,S,Modifier,KAI,Value,KAI-STAGE_MODIFIER-S,S,,2026-09-12,2099-12-31,,CS:STAGE_MODIFIER:S
10000000100,X,X,Modifier,KAI,Value,KAI-STAGE_MODIFIER-X,S,,2026-09-12,2099-12-31,,CS:STAGE_MODIFIER:X
10000000101,T,TNM_T,Modifier,KAI,Value set,KAI-CS-TNM_T,C,SNOMED (T category qualifier),2026-09-12,2099-12-31,,CS:TNM_T
10000000102,TX,TX,Modifier,KAI,Value,KAI-TNM_T-TX,S,,2026-09-12,2099-12-31,,CS:TNM_T:TX
10000000103,T0,T0,Modifier,KAI,Value,KAI-TNM_T-T0,S,,2026-09-12,2099-12-31,,CS:TNM_T:T0
10000000104,Tis,Tis,Modifier,KAI,Value,KAI-TNM_T-Tis,S,,2026-09-12,2099-12-31,,CS:TNM_T:Tis
10000000105,T1,T1,Modifier,KAI,Value,KAI-TNM_T-T1,S,,2026-09-12,2099-12-31,,CS:TNM_T:T1
10000000106,T1a,T1a,Modifier,KAI,Value,KAI-TNM_T-T1a,S,,2026-09-12,2099-12-31,,CS:TNM_T:T1a
10000000107,T1b,T1b,Modifier,KAI,Value,KAI-TNM_T-T1b,S,,2026-09-12,2099-12-31,,CS:TNM_T:T1b
10000000108,T1c,T1c,Modifier,KAI,Value,KAI-TNM_T-T1c,S,,2026-09-12,2099-12-31,,CS:TNM_T:T1c
10000000109,T2,T2,Modifier,KAI,Value,KAI-TNM_T-T2,S,,2026-09-12,2099-12-31,,CS:TNM_T:T2
10000000110,T2a,T2a,Modifier,KAI,Value,KAI-TNM_T-T2a,S,,2026-09-12,2099-12-31,,CS:TNM_T:T2a
10000000111,T2b,T2b,Modifier,KAI,Value,KAI-TNM_T-T2b,S,,2026-09-12,2099-12-31,,CS:TNM_T:T2b
10000000112,T3,T3,Modifier,KAI,Value,KAI-TNM_T-T3,S,,2026-09-12,2099-12-31,,CS:TNM_T:T3
10000000113,T4,T4,Modifier,KAI,Value,KAI-TNM_T-T4,S,,2026-09-12,2099-12-31,,CS:TNM_T:T4
10000000114,T4a,T4a,Modifier,KAI,Value,KAI-TNM_T-T4a,S,,2026-09-12,2099-12-31,,CS:TNM_T:T4a
10000000115,T4b,T4b,Modifier,KAI,Value,KAI-TNM_T-T4b,S,,2026-09-12,2099-12-31,,CS:TNM_T:T4b
10000000116,N,TNM_N,Modifier,KAI,Value set,KAI-CS-TNM_N,C,SNOMED,2026-09-12,2099-12-31,,CS:TNM_N
10000000117,NX,NX,Modifier,KAI,Value,KAI-TNM_N-NX,S,,2026-09-12,2099-12-31,,CS:TNM_N:NX
10000000118,N0,N0,Modifier,KAI,Value,KAI-TNM_N-N0,S,,2026-09-12,2099-12-31,,CS:TNM_N:N0
10000000119,N1,N1,Modifier,KAI,Value,KAI-TNM_N-N1,S,,2026-09-12,2099-12-31,,CS:TNM_N:N1
10000000120,N1a,N1a,Modifier,KAI,Value,KAI-TNM_N-N1a,S,,2026-09-12,2099-12-31,,CS:TNM_N:N1a
10000000121,N1b,N1b,Modifier,KAI,Value,KAI-TNM_N-N1b,S,,2026-09-12,2099-12-31,,CS:TNM_N:N1b
10000000122,N1c,N1c,Modifier,KAI,Value,KAI-TNM_N-N1c,S,,2026-09-12,2099-12-31,,CS:TNM_N:N1c
10000000123,N2,N2,Modifier,KAI,Value,KAI-TNM_N-N2,S,,2026-09-12,2099-12-31,,CS:TNM_N:N2
10000000124,N2a,N2a,Modifier,KAI,Value,KAI-TNM_N-N2a,S,,2026-09-12,2099-12-31,,CS:TNM_N:N2a
10000000125,N2b,N2b,Modifier,KAI,Value,KAI-TNM_N-N2b,S,,2026-09-12,2099-12-31,,CS:TNM_N:N2b
10000000126,N3,N3,Modifier,KAI,Value,KAI-TNM_N-N3,S,,2026-09-12,2099-12-31,,CS:TNM_N:N3
10000000127,M,TNM_M,Modifier,KAI,Value set,KAI-CS-TNM_M,C,SNOMED,2026-09-12,2099-12-31,,CS:TNM_M
10000000128,MX,MX,Modifier,KAI,Value,KAI-TNM_M-MX,S,,2026-09-12,2099-12-31,,CS:TNM_M:MX
10000000129,M0,M0,Modifier,KAI,Value,KAI-TNM_M-M0,S,,2026-09-12,2099-12-31,,CS:TNM_M:M0
10000000130,M1,M1,Modifier,KAI,Value,KAI-TNM_M-M1,S,,2026-09-12,2099-12-31,,CS:TNM_M:M1
10000000131,M1a,M1a,Modifier,KAI,Value,KAI-TNM_M-M1a,S,,2026-09-12,2099-12-31,,CS:TNM_M:M1a
10000000132,M1b,M1b,Modifier,KAI,Value,KAI-TNM_M-M1b,S,,2026-09-12,2099-12-31,,CS:TNM_M:M1b
10000000133,M1c,M1c,Modifier,KAI,Value,KAI-TNM_M-M1c,S,,2026-09-12,2099-12-31,,CS:TNM_M:M1c
10000000134,ECOG 활동능력,ECOG,Observation,KAI,Value set,KAI-CS-ECOG,C,"SNOMED 422894000 (grade 2 확인됨), 0~5 계열",2026-09-12,2099-12-31,,CS:ECOG
10000000135,0,0,Observation,KAI,Value,KAI-ECOG-0,S,,2026-09-12,2099-12-31,,CS:ECOG:0
10000000136,1,1,Observation,KAI,Value,KAI-ECOG-1,S,,2026-09-12,2099-12-31,,CS:ECOG:1
10000000137,2,2,Observation,KAI,Value,KAI-ECOG-2,S,,2026-09-12,2099-12-31,,CS:ECOG:2
10000000138,3,3,Observation,KAI,Value,KAI-ECOG-3,S,,2026-09-12,2099-12-31,,CS:ECOG:3
10000000139,4,4,Observation,KAI,Value,KAI-ECOG-4,S,,2026-09-12,2099-12-31,,CS:ECOG:4
10000000140,5,5,Observation,KAI,Value,KAI-ECOG-5,S,,2026-09-12,2099-12-31,,CS:ECOG:5
10000000141,반응평가 기준,RESPONSE_CRITERIA,Measurement,KAI,Value set,KAI-CS-RESPONSE_CRITERIA,C,자체,2026-09-12,2099-12-31,,CS:RESPONSE_CRITERIA
10000000142,RECIST 1.1,RECIST 1.1,Measurement,KAI,Value,KAI-RESPONSE_CRITERIA-RECIST_1.1,S,,2026-09-12,2099-12-31,,CS:RESPONSE_CRITERIA:RECIST_1.1
10000000143,iRECIST,iRECIST,Measurement,KAI,Value,KAI-RESPONSE_CRITERIA-iRECIST,S,,2026-09-12,2099-12-31,,CS:RESPONSE_CRITERIA:iRECIST
10000000144,Lugano 2014,Lugano 2014,Measurement,KAI,Value,KAI-RESPONSE_CRITERIA-Lugano_2014,S,,2026-09-12,2099-12-31,,CS:RESPONSE_CRITERIA:Lugano_2014
10000000145,Cheson 2007,Cheson 2007,Measurement,KAI,Value,KAI-RESPONSE_CRITERIA-Cheson_2007,S,,2026-09-12,2099-12-31,,CS:RESPONSE_CRITERIA:Cheson_2007
10000000146,Deauville,Deauville,Measurement,KAI,Value,KAI-RESPONSE_CRITERIA-Deauville,S,,2026-09-12,2099-12-31,,CS:RESPONSE_CRITERIA:Deauville
10000000147,RCB,RCB,Measurement,KAI,Value,KAI-RESPONSE_CRITERIA-RCB,S,,2026-09-12,2099-12-31,,CS:RESPONSE_CRITERIA:RCB
10000000148,pCR,pCR,Measurement,KAI,Value,KAI-RESPONSE_CRITERIA-pCR,S,,2026-09-12,2099-12-31,,CS:RESPONSE_CRITERIA:pCR
10000000149,mRECIST,mRECIST,Measurement,KAI,Value,KAI-RESPONSE_CRITERIA-mRECIST,S,,2026-09-12,2099-12-31,,CS:RESPONSE_CRITERIA:mRECIST
10000000150,기타,기타,Measurement,KAI,Value,KAI-RESPONSE_CRITERIA-기타,S,,2026-09-12,2099-12-31,,CS:RESPONSE_CRITERIA:기타
10000000151,반응 판정,RESPONSE,Measurement,KAI,Value set,KAI-CS-RESPONSE,C,SNOMED (partial remission 등 일부) · 자체,2026-09-12,2099-12-31,,CS:RESPONSE
10000000152,CR,CR,Measurement,KAI,Value,KAI-RESPONSE-CR,S,,2026-09-12,2099-12-31,,CS:RESPONSE:CR
10000000153,PR,PR,Measurement,KAI,Value,KAI-RESPONSE-PR,S,,2026-09-12,2099-12-31,,CS:RESPONSE:PR
10000000154,SD,SD,Measurement,KAI,Value,KAI-RESPONSE-SD,S,,2026-09-12,2099-12-31,,CS:RESPONSE:SD
10000000155,PD,PD,Measurement,KAI,Value,KAI-RESPONSE-PD,S,,2026-09-12,2099-12-31,,CS:RESPONSE:PD
10000000156,NE,NE,Measurement,KAI,Value,KAI-RESPONSE-NE,S,,2026-09-12,2099-12-31,,CS:RESPONSE:NE
10000000157,Deauville 5점,DEAUVILLE,Measurement,KAI,Value set,KAI-CS-DEAUVILLE,C,SNOMED 708896007 (척도) · 값별 확인 필요,2026-09-12,2099-12-31,,CS:DEAUVILLE
10000000158,1,1,Measurement,KAI,Value,KAI-DEAUVILLE-1,S,,2026-09-12,2099-12-31,,CS:DEAUVILLE:1
10000000159,2,2,Measurement,KAI,Value,KAI-DEAUVILLE-2,S,,2026-09-12,2099-12-31,,CS:DEAUVILLE:2
10000000160,3,3,Measurement,KAI,Value,KAI-DEAUVILLE-3,S,,2026-09-12,2099-12-31,,CS:DEAUVILLE:3
10000000161,4,4,Measurement,KAI,Value,KAI-DEAUVILLE-4,S,,2026-09-12,2099-12-31,,CS:DEAUVILLE:4
10000000162,5,5,Measurement,KAI,Value,KAI-DEAUVILLE-5,S,,2026-09-12,2099-12-31,,CS:DEAUVILLE:5
10000000163,X,X,Measurement,KAI,Value,KAI-DEAUVILLE-X,S,,2026-09-12,2099-12-31,,CS:DEAUVILLE:X
10000000164,RCB 등급,RCB_CLASS,Modifier,KAI,Value set,KAI-CS-RCB_CLASS,C,SNOMED 1407080009 계열 (class 1 = 1407083006 확인됨),2026-09-12,2099-12-31,,CS:RCB_CLASS
10000000165,(pCR),(pCR),Modifier,KAI,Value,KAI-RCB_CLASS-0,S,,2026-09-12,2099-12-31,,CS:RCB_CLASS:0
10000000166,I,I,Modifier,KAI,Value,KAI-RCB_CLASS-I,S,,2026-09-12,2099-12-31,,CS:RCB_CLASS:I
10000000167,II,II,Modifier,KAI,Value,KAI-RCB_CLASS-II,S,,2026-09-12,2099-12-31,,CS:RCB_CLASS:II
10000000168,III,III,Modifier,KAI,Value,KAI-RCB_CLASS-III,S,,2026-09-12,2099-12-31,,CS:RCB_CLASS:III
10000000169,CTCAE 등급,CTCAE_GRADE,Measurement,KAI,Value set,KAI-CS-CTCAE_GRADE,C,CTCAE v5 (OMOP 어휘 CTCAE) · SNOMED 없음,2026-09-12,2099-12-31,,CS:CTCAE_GRADE
10000000170,1,1,Measurement,KAI,Value,KAI-CTCAE_GRADE-1,S,,2026-09-12,2099-12-31,,CS:CTCAE_GRADE:1
10000000171,2,2,Measurement,KAI,Value,KAI-CTCAE_GRADE-2,S,,2026-09-12,2099-12-31,,CS:CTCAE_GRADE:2
10000000172,3,3,Measurement,KAI,Value,KAI-CTCAE_GRADE-3,S,,2026-09-12,2099-12-31,,CS:CTCAE_GRADE:3
10000000173,4,4,Measurement,KAI,Value,KAI-CTCAE_GRADE-4,S,,2026-09-12,2099-12-31,,CS:CTCAE_GRADE:4
10000000174,5,5,Measurement,KAI,Value,KAI-CTCAE_GRADE-5,S,,2026-09-12,2099-12-31,,CS:CTCAE_GRADE:5
10000000175,인과성,AE_CAUSALITY,Observation,KAI,Value set,KAI-CS-AE_CAUSALITY,C,WHO-UMC,2026-09-12,2099-12-31,,CS:AE_CAUSALITY
10000000176,확실,확실,Observation,KAI,Value,KAI-AE_CAUSALITY-확실,S,,2026-09-12,2099-12-31,,CS:AE_CAUSALITY:확실
10000000177,상당히 확실,상당히 확실,Observation,KAI,Value,KAI-AE_CAUSALITY-상당히_확실,S,,2026-09-12,2099-12-31,,CS:AE_CAUSALITY:상당히_확실
10000000178,가능,가능,Observation,KAI,Value,KAI-AE_CAUSALITY-가능,S,,2026-09-12,2099-12-31,,CS:AE_CAUSALITY:가능
10000000179,가능성 적음,가능성 적음,Observation,KAI,Value,KAI-AE_CAUSALITY-가능성_적음,S,,2026-09-12,2099-12-31,,CS:AE_CAUSALITY:가능성_적음
10000000180,평가 불가,평가 불가,Observation,KAI,Value,KAI-AE_CAUSALITY-평가_불가,S,,2026-09-12,2099-12-31,,CS:AE_CAUSALITY:평가_불가
10000000181,관련 없음,관련 없음,Observation,KAI,Value,KAI-AE_CAUSALITY-관련_없음,S,,2026-09-12,2099-12-31,,CS:AE_CAUSALITY:관련_없음
10000000182,중대성,AE_SERIOUSNESS,Observation,KAI,Value set,KAI-CS-AE_SERIOUSNESS,C,ICH E2A,2026-09-12,2099-12-31,,CS:AE_SERIOUSNESS
10000000183,사망,사망,Observation,KAI,Value,KAI-AE_SERIOUSNESS-사망,S,,2026-09-12,2099-12-31,,CS:AE_SERIOUSNESS:사망
10000000184,생명 위협,생명 위협,Observation,KAI,Value,KAI-AE_SERIOUSNESS-생명_위협,S,,2026-09-12,2099-12-31,,CS:AE_SERIOUSNESS:생명_위협
10000000185,입원·연장,입원·연장,Observation,KAI,Value,KAI-AE_SERIOUSNESS-입원·연장,S,,2026-09-12,2099-12-31,,CS:AE_SERIOUSNESS:입원·연장
10000000186,장애,장애,Observation,KAI,Value,KAI-AE_SERIOUSNESS-장애,S,,2026-09-12,2099-12-31,,CS:AE_SERIOUSNESS:장애
10000000187,선천 기형,선천 기형,Observation,KAI,Value,KAI-AE_SERIOUSNESS-선천_기형,S,,2026-09-12,2099-12-31,,CS:AE_SERIOUSNESS:선천_기형
10000000188,기타 중요,기타 중요,Observation,KAI,Value,KAI-AE_SERIOUSNESS-기타_중요,S,,2026-09-12,2099-12-31,,CS:AE_SERIOUSNESS:기타_중요
10000000189,예/아니오,YN,Meas Value,KAI,Value set,KAI-CS-YN,C,SNOMED (yes/no/unknown),2026-09-12,2099-12-31,,CS:YN
10000000190,예,예,Meas Value,KAI,Value,KAI-YN-1,S,,2026-09-12,2099-12-31,,CS:YN:1
10000000191,아니오,아니오,Meas Value,KAI,Value,KAI-YN-0,S,,2026-09-12,2099-12-31,,CS:YN:0
10000000192,모름,모름,Meas Value,KAI,Value,KAI-YN-9,S,,2026-09-12,2099-12-31,,CS:YN:9
10000000193,가족 관계,FAMILY_RELATION,Observation,KAI,Value set,KAI-CS-FAMILY_RELATION,C,SNOMED family member 계열,2026-09-12,2099-12-31,,CS:FAMILY_RELATION
10000000194,부,부,Observation,KAI,Value,KAI-FAMILY_RELATION-부,S,,2026-09-12,2099-12-31,,CS:FAMILY_RELATION:부
10000000195,모,모,Observation,KAI,Value,KAI-FAMILY_RELATION-모,S,,2026-09-12,2099-12-31,,CS:FAMILY_RELATION:모
10000000196,형제,형제,Observation,KAI,Value,KAI-FAMILY_RELATION-형제,S,,2026-09-12,2099-12-31,,CS:FAMILY_RELATION:형제
10000000197,자매,자매,Observation,KAI,Value,KAI-FAMILY_RELATION-자매,S,,2026-09-12,2099-12-31,,CS:FAMILY_RELATION:자매
10000000198,자녀,자녀,Observation,KAI,Value,KAI-FAMILY_RELATION-자녀,S,,2026-09-12,2099-12-31,,CS:FAMILY_RELATION:자녀
10000000199,조부모,조부모,Observation,KAI,Value,KAI-FAMILY_RELATION-조부모,S,,2026-09-12,2099-12-31,,CS:FAMILY_RELATION:조부모
10000000200,기타 2촌 이내,기타 2촌 이내,Observation,KAI,Value,KAI-FAMILY_RELATION-기타_2촌_이내,S,,2026-09-12,2099-12-31,,CS:FAMILY_RELATION:기타_2촌_이내
10000000201,3촌 이상,3촌 이상,Observation,KAI,Value,KAI-FAMILY_RELATION-3촌_이상,S,,2026-09-12,2099-12-31,,CS:FAMILY_RELATION:3촌_이상
10000000202,퇴원 시 상태,DISCHARGE_STATUS,Visit,KAI,Value set,KAI-CS-DISCHARGE_STATUS,C,SNOMED discharge disposition,2026-09-12,2099-12-31,,CS:DISCHARGE_STATUS
10000000203,호전,호전,Visit,KAI,Value,KAI-DISCHARGE_STATUS-호전,S,,2026-09-12,2099-12-31,,CS:DISCHARGE_STATUS:호전
10000000204,미호전,미호전,Visit,KAI,Value,KAI-DISCHARGE_STATUS-미호전,S,,2026-09-12,2099-12-31,,CS:DISCHARGE_STATUS:미호전
10000000205,사망,사망,Visit,KAI,Value,KAI-DISCHARGE_STATUS-사망,S,,2026-09-12,2099-12-31,,CS:DISCHARGE_STATUS:사망
10000000206,전원,전원,Visit,KAI,Value,KAI-DISCHARGE_STATUS-전원,S,,2026-09-12,2099-12-31,,CS:DISCHARGE_STATUS:전원
10000000207,자의 퇴원,자의 퇴원,Visit,KAI,Value,KAI-DISCHARGE_STATUS-자의_퇴원,S,,2026-09-12,2099-12-31,,CS:DISCHARGE_STATUS:자의_퇴원
10000000208,기타,기타,Visit,KAI,Value,KAI-DISCHARGE_STATUS-기타,S,,2026-09-12,2099-12-31,,CS:DISCHARGE_STATUS:기타
10000000209,흡연 상태,SMOKING_STATUS,Observation,KAI,Value set,KAI-CS-SMOKING_STATUS,C,SNOMED 77176002/8517006/266919005,2026-09-12,2099-12-31,,CS:SMOKING_STATUS
10000000210,현재,현재,Observation,KAI,Value,KAI-SMOKING_STATUS-현재,S,,2026-09-12,2099-12-31,,CS:SMOKING_STATUS:현재
10000000211,과거,과거,Observation,KAI,Value,KAI-SMOKING_STATUS-과거,S,,2026-09-12,2099-12-31,,CS:SMOKING_STATUS:과거
10000000212,비흡연,비흡연,Observation,KAI,Value,KAI-SMOKING_STATUS-비흡연,S,,2026-09-12,2099-12-31,,CS:SMOKING_STATUS:비흡연
10000000213,수술 목적,SURG_PURPOSE,Procedure,KAI,Value set,KAI-CS-SURG_PURPOSE,C,자체,2026-09-12,2099-12-31,,CS:SURG_PURPOSE
10000000214,근치,근치,Procedure,KAI,Value,KAI-SURG_PURPOSE-근치,S,,2026-09-12,2099-12-31,,CS:SURG_PURPOSE:근치
10000000215,고식,고식,Procedure,KAI,Value,KAI-SURG_PURPOSE-고식,S,,2026-09-12,2099-12-31,,CS:SURG_PURPOSE:고식
10000000216,진단,진단,Procedure,KAI,Value,KAI-SURG_PURPOSE-진단,S,,2026-09-12,2099-12-31,,CS:SURG_PURPOSE:진단
10000000217,예방,예방,Procedure,KAI,Value,KAI-SURG_PURPOSE-예방,S,,2026-09-12,2099-12-31,,CS:SURG_PURPOSE:예방
10000000218,재건,재건,Procedure,KAI,Value,KAI-SURG_PURPOSE-재건,S,,2026-09-12,2099-12-31,,CS:SURG_PURPOSE:재건
10000000219,이식,이식,Procedure,KAI,Value,KAI-SURG_PURPOSE-이식,S,,2026-09-12,2099-12-31,,CS:SURG_PURPOSE:이식
10000000220,수술 접근,SURG_APPROACH,Procedure,KAI,Value set,KAI-CS-SURG_APPROACH,C,SNOMED approach,2026-09-12,2099-12-31,,CS:SURG_APPROACH
10000000221,개복,개복,Procedure,KAI,Value,KAI-SURG_APPROACH-개복,S,,2026-09-12,2099-12-31,,CS:SURG_APPROACH:개복
10000000222,복강경,복강경,Procedure,KAI,Value,KAI-SURG_APPROACH-복강경,S,,2026-09-12,2099-12-31,,CS:SURG_APPROACH:복강경
10000000223,로봇,로봇,Procedure,KAI,Value,KAI-SURG_APPROACH-로봇,S,,2026-09-12,2099-12-31,,CS:SURG_APPROACH:로봇
10000000224,흉강경,흉강경,Procedure,KAI,Value,KAI-SURG_APPROACH-흉강경,S,,2026-09-12,2099-12-31,,CS:SURG_APPROACH:흉강경
10000000225,내시경,내시경,Procedure,KAI,Value,KAI-SURG_APPROACH-내시경,S,,2026-09-12,2099-12-31,,CS:SURG_APPROACH:내시경
10000000226,전환(비개복→개복),전환(비개복→개복),Procedure,KAI,Value,KAI-SURG_APPROACH-전환(비개복→개복),S,,2026-09-12,2099-12-31,,CS:SURG_APPROACH:전환(비개복→개복)
10000000227,방사선 목적,RT_PURPOSE,Procedure,KAI,Value set,KAI-CS-RT_PURPOSE,C,자체,2026-09-12,2099-12-31,,CS:RT_PURPOSE
10000000228,근치,근치,Procedure,KAI,Value,KAI-RT_PURPOSE-근치,S,,2026-09-12,2099-12-31,,CS:RT_PURPOSE:근치
10000000229,보조,보조,Procedure,KAI,Value,KAI-RT_PURPOSE-보조,S,,2026-09-12,2099-12-31,,CS:RT_PURPOSE:보조
10000000230,선행,선행,Procedure,KAI,Value,KAI-RT_PURPOSE-선행,S,,2026-09-12,2099-12-31,,CS:RT_PURPOSE:선행
10000000231,고식,고식,Procedure,KAI,Value,KAI-RT_PURPOSE-고식,S,,2026-09-12,2099-12-31,,CS:RT_PURPOSE:고식
10000000232,예방적,예방적,Procedure,KAI,Value,KAI-RT_PURPOSE-예방적,S,,2026-09-12,2099-12-31,,CS:RT_PURPOSE:예방적
10000000233,바이오마커 정성 결과,BIOMARKER_RESULT,Meas Value,KAI,Value set,KAI-CS-BIOMARKER_RESULT,C,SNOMED (positive/negative/equivocal),2026-09-12,2099-12-31,,CS:BIOMARKER_RESULT
10000000234,양성,양성,Meas Value,KAI,Value,KAI-BIOMARKER_RESULT-양성,S,,2026-09-12,2099-12-31,,CS:BIOMARKER_RESULT:양성
10000000235,음성,음성,Meas Value,KAI,Value,KAI-BIOMARKER_RESULT-음성,S,,2026-09-12,2099-12-31,,CS:BIOMARKER_RESULT:음성
10000000236,불명확,불명확,Meas Value,KAI,Value,KAI-BIOMARKER_RESULT-불명확,S,,2026-09-12,2099-12-31,,CS:BIOMARKER_RESULT:불명확
10000000237,미시행,미시행,Meas Value,KAI,Value,KAI-BIOMARKER_RESULT-미시행,S,,2026-09-12,2099-12-31,,CS:BIOMARKER_RESULT:미시행
10000000238,부적절 검체,부적절 검체,Meas Value,KAI,Value,KAI-BIOMARKER_RESULT-부적절_검체,S,,2026-09-12,2099-12-31,,CS:BIOMARKER_RESULT:부적절_검체
10000000239,유방 밀도,BIRADS_DENSITY,Measurement,KAI,Value set,KAI-CS-BIRADS_DENSITY,C,SNOMED BI-RADS density,2026-09-12,2099-12-31,,CS:BIRADS_DENSITY
10000000240,A,A,Measurement,KAI,Value,KAI-BIRADS_DENSITY-A,S,,2026-09-12,2099-12-31,,CS:BIRADS_DENSITY:A
10000000241,B,B,Measurement,KAI,Value,KAI-BIRADS_DENSITY-B,S,,2026-09-12,2099-12-31,,CS:BIRADS_DENSITY:B
10000000242,C,C,Measurement,KAI,Value,KAI-BIRADS_DENSITY-C,S,,2026-09-12,2099-12-31,,CS:BIRADS_DENSITY:C
10000000243,D,D,Measurement,KAI,Value,KAI-BIRADS_DENSITY-D,S,,2026-09-12,2099-12-31,,CS:BIRADS_DENSITY:D
10000000244,섬유화 병기 (NASH CRN),FIBROSIS_STAGE,Modifier,KAI,Value set,KAI-CS-FIBROSIS_STAGE,C,자체 (SNOMED METAVIR 일부),2026-09-12,2099-12-31,,CS:FIBROSIS_STAGE
10000000245,F0,F0,Modifier,KAI,Value,KAI-FIBROSIS_STAGE-F0,S,,2026-09-12,2099-12-31,,CS:FIBROSIS_STAGE:F0
10000000246,F1,F1,Modifier,KAI,Value,KAI-FIBROSIS_STAGE-F1,S,,2026-09-12,2099-12-31,,CS:FIBROSIS_STAGE:F1
10000000247,F1a,F1a,Modifier,KAI,Value,KAI-FIBROSIS_STAGE-F1a,S,,2026-09-12,2099-12-31,,CS:FIBROSIS_STAGE:F1a
10000000248,F1b,F1b,Modifier,KAI,Value,KAI-FIBROSIS_STAGE-F1b,S,,2026-09-12,2099-12-31,,CS:FIBROSIS_STAGE:F1b
10000000249,F1c,F1c,Modifier,KAI,Value,KAI-FIBROSIS_STAGE-F1c,S,,2026-09-12,2099-12-31,,CS:FIBROSIS_STAGE:F1c
10000000250,F2,F2,Modifier,KAI,Value,KAI-FIBROSIS_STAGE-F2,S,,2026-09-12,2099-12-31,,CS:FIBROSIS_STAGE:F2
10000000251,F3,F3,Modifier,KAI,Value,KAI-FIBROSIS_STAGE-F3,S,,2026-09-12,2099-12-31,,CS:FIBROSIS_STAGE:F3
10000000252,F4,F4,Modifier,KAI,Value,KAI-FIBROSIS_STAGE-F4,S,,2026-09-12,2099-12-31,,CS:FIBROSIS_STAGE:F4
10000000253,지방증 등급,NAS_STEATOSIS,Modifier,KAI,Value set,KAI-CS-NAS_STEATOSIS,C,자체,2026-09-12,2099-12-31,,CS:NAS_STEATOSIS
10000000254,0,0,Modifier,KAI,Value,KAI-NAS_STEATOSIS-0,S,,2026-09-12,2099-12-31,,CS:NAS_STEATOSIS:0
10000000255,1,1,Modifier,KAI,Value,KAI-NAS_STEATOSIS-1,S,,2026-09-12,2099-12-31,,CS:NAS_STEATOSIS:1
10000000256,2,2,Modifier,KAI,Value,KAI-NAS_STEATOSIS-2,S,,2026-09-12,2099-12-31,,CS:NAS_STEATOSIS:2
10000000257,3,3,Modifier,KAI,Value,KAI-NAS_STEATOSIS-3,S,,2026-09-12,2099-12-31,,CS:NAS_STEATOSIS:3
10000000258,Child-Pugh,CHILD_PUGH,Measurement,KAI,Value set,KAI-CS-CHILD_PUGH,C,SNOMED,2026-09-12,2099-12-31,,CS:CHILD_PUGH
10000000259,A,A,Measurement,KAI,Value,KAI-CHILD_PUGH-A,S,,2026-09-12,2099-12-31,,CS:CHILD_PUGH:A
10000000260,B,B,Measurement,KAI,Value,KAI-CHILD_PUGH-B,S,,2026-09-12,2099-12-31,,CS:CHILD_PUGH:B
10000000261,C,C,Measurement,KAI,Value,KAI-CHILD_PUGH-C,S,,2026-09-12,2099-12-31,,CS:CHILD_PUGH:C
10000000262,CKD 병기,CKD_STAGE,Condition,KAI,Value set,KAI-CS-CKD_STAGE,C,SNOMED,2026-09-12,2099-12-31,,CS:CKD_STAGE
10000000263,G1,G1,Condition,KAI,Value,KAI-CKD_STAGE-G1,S,,2026-09-12,2099-12-31,,CS:CKD_STAGE:G1
10000000264,G2,G2,Condition,KAI,Value,KAI-CKD_STAGE-G2,S,,2026-09-12,2099-12-31,,CS:CKD_STAGE:G2
10000000265,G3a,G3a,Condition,KAI,Value,KAI-CKD_STAGE-G3a,S,,2026-09-12,2099-12-31,,CS:CKD_STAGE:G3a
10000000266,G3b,G3b,Condition,KAI,Value,KAI-CKD_STAGE-G3b,S,,2026-09-12,2099-12-31,,CS:CKD_STAGE:G3b
10000000267,G4,G4,Condition,KAI,Value,KAI-CKD_STAGE-G4,S,,2026-09-12,2099-12-31,,CS:CKD_STAGE:G4
10000000268,G5,G5,Condition,KAI,Value,KAI-CKD_STAGE-G5,S,,2026-09-12,2099-12-31,,CS:CKD_STAGE:G5
10000000269,당뇨망막병증 등급,DR_SEVERITY,Condition,KAI,Value set,KAI-CS-DR_SEVERITY,C,SNOMED,2026-09-12,2099-12-31,,CS:DR_SEVERITY
10000000270,없음,없음,Condition,KAI,Value,KAI-DR_SEVERITY-없음,S,,2026-09-12,2099-12-31,,CS:DR_SEVERITY:없음
10000000271,경증 NPDR,경증 NPDR,Condition,KAI,Value,KAI-DR_SEVERITY-경증_NPDR,S,,2026-09-12,2099-12-31,,CS:DR_SEVERITY:경증_NPDR
10000000272,중등도 NPDR,중등도 NPDR,Condition,KAI,Value,KAI-DR_SEVERITY-중등도_NPDR,S,,2026-09-12,2099-12-31,,CS:DR_SEVERITY:중등도_NPDR
10000000273,중증 NPDR,중증 NPDR,Condition,KAI,Value,KAI-DR_SEVERITY-중증_NPDR,S,,2026-09-12,2099-12-31,,CS:DR_SEVERITY:중증_NPDR
10000000274,PDR,PDR,Condition,KAI,Value,KAI-DR_SEVERITY-PDR,S,,2026-09-12,2099-12-31,,CS:DR_SEVERITY:PDR
10000000275,Wagner 등급,WAGNER,Condition,KAI,Value set,KAI-CS-WAGNER,C,SNOMED,2026-09-12,2099-12-31,,CS:WAGNER
10000000276,0,0,Condition,KAI,Value,KAI-WAGNER-0,S,,2026-09-12,2099-12-31,,CS:WAGNER:0
10000000277,1,1,Condition,KAI,Value,KAI-WAGNER-1,S,,2026-09-12,2099-12-31,,CS:WAGNER:1
10000000278,2,2,Condition,KAI,Value,KAI-WAGNER-2,S,,2026-09-12,2099-12-31,,CS:WAGNER:2
10000000279,3,3,Condition,KAI,Value,KAI-WAGNER-3,S,,2026-09-12,2099-12-31,,CS:WAGNER:3
10000000280,4,4,Condition,KAI,Value,KAI-WAGNER-4,S,,2026-09-12,2099-12-31,,CS:WAGNER:4
10000000281,5,5,Condition,KAI,Value,KAI-WAGNER-5,S,,2026-09-12,2099-12-31,,CS:WAGNER:5
10000000282,당뇨병 유형,DM_TYPE,Condition,KAI,Value set,KAI-CS-DM_TYPE,C,SNOMED/KCD,2026-09-12,2099-12-31,,CS:DM_TYPE
10000000283,1형,1형,Condition,KAI,Value,KAI-DM_TYPE-1형,S,,2026-09-12,2099-12-31,,CS:DM_TYPE:1형
10000000284,2형,2형,Condition,KAI,Value,KAI-DM_TYPE-2형,S,,2026-09-12,2099-12-31,,CS:DM_TYPE:2형
10000000285,임신성,임신성,Condition,KAI,Value,KAI-DM_TYPE-임신성,S,,2026-09-12,2099-12-31,,CS:DM_TYPE:임신성
10000000286,기타 특정형,기타 특정형,Condition,KAI,Value,KAI-DM_TYPE-기타_특정형,S,,2026-09-12,2099-12-31,,CS:DM_TYPE:기타_특정형
10000000287,미분류,미분류,Condition,KAI,Value,KAI-DM_TYPE-미분류,S,,2026-09-12,2099-12-31,,CS:DM_TYPE:미분류
10000000288,예후지수 위험군,RISK_GROUP,Measurement,KAI,Value set,KAI-CS-RISK_GROUP,C,자체,2026-09-12,2099-12-31,,CS:RISK_GROUP
10000000289,저위험,저위험,Measurement,KAI,Value,KAI-RISK_GROUP-저위험,S,,2026-09-12,2099-12-31,,CS:RISK_GROUP:저위험
10000000290,저중간,저중간,Measurement,KAI,Value,KAI-RISK_GROUP-저중간,S,,2026-09-12,2099-12-31,,CS:RISK_GROUP:저중간
10000000291,고중간,고중간,Measurement,KAI,Value,KAI-RISK_GROUP-고중간,S,,2026-09-12,2099-12-31,,CS:RISK_GROUP:고중간
10000000292,고위험,고위험,Measurement,KAI,Value,KAI-RISK_GROUP-고위험,S,,2026-09-12,2099-12-31,,CS:RISK_GROUP:고위험
10000000293,조혈모세포이식 유형,SCT_TYPE,Procedure,KAI,Value set,KAI-CS-SCT_TYPE,C,SNOMED,2026-09-12,2099-12-31,,CS:SCT_TYPE
10000000294,자가,자가,Procedure,KAI,Value,KAI-SCT_TYPE-자가,S,,2026-09-12,2099-12-31,,CS:SCT_TYPE:자가
10000000295,동종 형제,동종 형제,Procedure,KAI,Value,KAI-SCT_TYPE-동종_형제,S,,2026-09-12,2099-12-31,,CS:SCT_TYPE:동종_형제
10000000296,동종 비혈연,동종 비혈연,Procedure,KAI,Value,KAI-SCT_TYPE-동종_비혈연,S,,2026-09-12,2099-12-31,,CS:SCT_TYPE:동종_비혈연
10000000297,반일치,반일치,Procedure,KAI,Value,KAI-SCT_TYPE-반일치,S,,2026-09-12,2099-12-31,,CS:SCT_TYPE:반일치
10000000298,제대혈,제대혈,Procedure,KAI,Value,KAI-SCT_TYPE-제대혈,S,,2026-09-12,2099-12-31,,CS:SCT_TYPE:제대혈
10000000299,treatment_intent_type,ANTP_THERAPY.treatment_intent_type,Meas Value,KAI,Value set,KAI-CS-ANTP_THERAPY.treatment_intent_type,C,,2026-09-12,2099-12-31,,CS:ANTP_THERAPY.treatment_intent_type
10000000300,Neoadjuvant,Neoadjuvant,Meas Value,KAI,Value,KAI-ANTP_THERAPY.treatment_intent_type-1,S,,2026-09-12,2099-12-31,,CS:ANTP_THERAPY.treatment_intent_type:1
10000000301,Adjuvant,Adjuvant,Meas Value,KAI,Value,KAI-ANTP_THERAPY.treatment_intent_type-2,S,,2026-09-12,2099-12-31,,CS:ANTP_THERAPY.treatment_intent_type:2
10000000302,Palliative,Palliative,Meas Value,KAI,Value,KAI-ANTP_THERAPY.treatment_intent_type-3,S,,2026-09-12,2099-12-31,,CS:ANTP_THERAPY.treatment_intent_type:3
10000000303,Maintenance,Maintenance,Meas Value,KAI,Value,KAI-ANTP_THERAPY.treatment_intent_type-4,S,,2026-09-12,2099-12-31,,CS:ANTP_THERAPY.treatment_intent_type:4
10000000304,Definitive,Definitive,Meas Value,KAI,Value,KAI-ANTP_THERAPY.treatment_intent_type-5,S,,2026-09-12,2099-12-31,,CS:ANTP_THERAPY.treatment_intent_type:5
10000000305,Salvage,Salvage,Meas Value,KAI,Value,KAI-ANTP_THERAPY.treatment_intent_type-6,S,,2026-09-12,2099-12-31,,CS:ANTP_THERAPY.treatment_intent_type:6
10000000306,drug_category,ANTP_THERAPY.drug_category,Meas Value,KAI,Value set,KAI-CS-ANTP_THERAPY.drug_category,C,,2026-09-12,2099-12-31,,CS:ANTP_THERAPY.drug_category
10000000307,세포독성항암제,세포독성항암제,Meas Value,KAI,Value,KAI-ANTP_THERAPY.drug_category-1,S,,2026-09-12,2099-12-31,,CS:ANTP_THERAPY.drug_category:1
10000000308,표적치료제,표적치료제,Meas Value,KAI,Value,KAI-ANTP_THERAPY.drug_category-2,S,,2026-09-12,2099-12-31,,CS:ANTP_THERAPY.drug_category:2
10000000309,호르몬치료제,호르몬치료제,Meas Value,KAI,Value,KAI-ANTP_THERAPY.drug_category-3,S,,2026-09-12,2099-12-31,,CS:ANTP_THERAPY.drug_category:3
10000000310,항체-약물 접합체,항체-약물 접합체,Meas Value,KAI,Value,KAI-ANTP_THERAPY.drug_category-4,S,,2026-09-12,2099-12-31,,CS:ANTP_THERAPY.drug_category:4
10000000311,면역항암제,면역항암제,Meas Value,KAI,Value,KAI-ANTP_THERAPY.drug_category-5,S,,2026-09-12,2099-12-31,,CS:ANTP_THERAPY.drug_category:5
10000000312,기타,기타,Meas Value,KAI,Value,KAI-ANTP_THERAPY.drug_category-6,S,,2026-09-12,2099-12-31,,CS:ANTP_THERAPY.drug_category:6
10000000313,CL_ACTION_TAKEN_CONCEPT_ID,CL_ACTION_TAKEN_CONCEPT_ID,Meas Value,KAI,Value set,KAI-CS-CL_ACTION_TAKEN_CONCEPT_ID,C,,2026-09-12,2099-12-31,,CS:CL_ACTION_TAKEN_CONCEPT_ID
10000000314,CL_ADENOCARCINOMA_PREDOMINANT_SUBTYPE,CL_ADENOCARCINOMA_PREDOMINANT_SUBTYPE,Meas Value,KAI,Value set,KAI-CS-CL_ADENOCARCINOMA_PREDOMINANT_SUBTYPE,C,,2026-09-12,2099-12-31,,CS:CL_ADENOCARCINOMA_PREDOMINANT_SUBTYPE
10000000315,CL_ADVERSE_EVENT_TYPE_CONCEPT_ID,CL_ADVERSE_EVENT_TYPE_CONCEPT_ID,Meas Value,KAI,Value set,KAI-CS-CL_ADVERSE_EVENT_TYPE_CONCEPT_ID,C,,2026-09-12,2099-12-31,,CS:CL_ADVERSE_EVENT_TYPE_CONCEPT_ID
10000000316,CL_ANASTOMOSIS_METHOD,CL_ANASTOMOSIS_METHOD,Meas Value,KAI,Value set,KAI-CS-CL_ANASTOMOSIS_METHOD,C,,2026-09-12,2099-12-31,,CS:CL_ANASTOMOSIS_METHOD
10000000317,CL_BALLOONING_GRADE,CL_BALLOONING_GRADE,Meas Value,KAI,Value set,KAI-CS-CL_BALLOONING_GRADE,C,,2026-09-12,2099-12-31,,CS:CL_BALLOONING_GRADE
10000000318,CL_BIOPSY_ADEQUACY,CL_BIOPSY_ADEQUACY,Meas Value,KAI,Value set,KAI-CS-CL_BIOPSY_ADEQUACY,C,,2026-09-12,2099-12-31,,CS:CL_BIOPSY_ADEQUACY
10000000319,CL_BIOPSY_DIFFERENTIATION,CL_BIOPSY_DIFFERENTIATION,Meas Value,KAI,Value set,KAI-CS-CL_BIOPSY_DIFFERENTIATION,C,,2026-09-12,2099-12-31,,CS:CL_BIOPSY_DIFFERENTIATION
10000000320,CL_BIOPSY_LATERALITY,CL_BIOPSY_LATERALITY,Meas Value,KAI,Value set,KAI-CS-CL_BIOPSY_LATERALITY,C,,2026-09-12,2099-12-31,,CS:CL_BIOPSY_LATERALITY
10000000321,CL_BIOPSY_METHOD,CL_BIOPSY_METHOD,Meas Value,KAI,Value set,KAI-CS-CL_BIOPSY_METHOD,C,,2026-09-12,2099-12-31,,CS:CL_BIOPSY_METHOD
10000000322,CL_BIOPSY_SITE,CL_BIOPSY_SITE,Meas Value,KAI,Value set,KAI-CS-CL_BIOPSY_SITE,C,,2026-09-12,2099-12-31,,CS:CL_BIOPSY_SITE
10000000323,CL_BIOPSY_SITE_DETAIL,CL_BIOPSY_SITE_DETAIL,Meas Value,KAI,Value set,KAI-CS-CL_BIOPSY_SITE_DETAIL,C,,2026-09-12,2099-12-31,,CS:CL_BIOPSY_SITE_DETAIL
10000000324,CL_CELL_LINEAGE,CL_CELL_LINEAGE,Meas Value,KAI,Value set,KAI-CS-CL_CELL_LINEAGE,C,,2026-09-12,2099-12-31,,CS:CL_CELL_LINEAGE
10000000325,CL_CLINICAL_TUMOR_FEATURE,CL_CLINICAL_TUMOR_FEATURE,Meas Value,KAI,Value set,KAI-CS-CL_CLINICAL_TUMOR_FEATURE,C,,2026-09-12,2099-12-31,,CS:CL_CLINICAL_TUMOR_FEATURE
10000000326,CL_COMPLICATION_TREATMENT,CL_COMPLICATION_TREATMENT,Meas Value,KAI,Value set,KAI-CS-CL_COMPLICATION_TREATMENT,C,,2026-09-12,2099-12-31,,CS:CL_COMPLICATION_TREATMENT
10000000327,CL_CONCEPTION_METHOD,CL_CONCEPTION_METHOD,Meas Value,KAI,Value set,KAI-CS-CL_CONCEPTION_METHOD,C,,2026-09-12,2099-12-31,,CS:CL_CONCEPTION_METHOD
10000000328,CL_CRM_STATUS,CL_CRM_STATUS,Meas Value,KAI,Value set,KAI-CS-CL_CRM_STATUS,C,,2026-09-12,2099-12-31,,CS:CL_CRM_STATUS
10000000329,CL_DCIS_NUCLEAR_GRADE,CL_DCIS_NUCLEAR_GRADE,Meas Value,KAI,Value set,KAI-CS-CL_DCIS_NUCLEAR_GRADE,C,,2026-09-12,2099-12-31,,CS:CL_DCIS_NUCLEAR_GRADE
10000000330,CL_DIAGNOSIS_STATUS,CL_DIAGNOSIS_STATUS,Meas Value,KAI,Value set,KAI-CS-CL_DIAGNOSIS_STATUS,C,,2026-09-12,2099-12-31,,CS:CL_DIAGNOSIS_STATUS
10000000331,CL_DIAGNOSIS_SUBTYPE,CL_DIAGNOSIS_SUBTYPE,Meas Value,KAI,Value set,KAI-CS-CL_DIAGNOSIS_SUBTYPE,C,,2026-09-12,2099-12-31,,CS:CL_DIAGNOSIS_SUBTYPE
10000000332,CL_DISTANT_METASTASIS_SITE,CL_DISTANT_METASTASIS_SITE,Meas Value,KAI,Value set,KAI-CS-CL_DISTANT_METASTASIS_SITE,C,,2026-09-12,2099-12-31,,CS:CL_DISTANT_METASTASIS_SITE
10000000333,CL_EXTRANODAL_SITES,CL_EXTRANODAL_SITES,Meas Value,KAI,Value set,KAI-CS-CL_EXTRANODAL_SITES,C,,2026-09-12,2099-12-31,,CS:CL_EXTRANODAL_SITES
10000000334,CL_FERTILITY_PRESERVATION_TYPE,CL_FERTILITY_PRESERVATION_TYPE,Meas Value,KAI,Value set,KAI-CS-CL_FERTILITY_PRESERVATION_TYPE,C,,2026-09-12,2099-12-31,,CS:CL_FERTILITY_PRESERVATION_TYPE
10000000335,CL_GROSS_TYPE,CL_GROSS_TYPE,Meas Value,KAI,Value set,KAI-CS-CL_GROSS_TYPE,C,,2026-09-12,2099-12-31,,CS:CL_GROSS_TYPE
10000000336,CL_HISTOLOGIC_SUBTYPE,CL_HISTOLOGIC_SUBTYPE,Meas Value,KAI,Value set,KAI-CS-CL_HISTOLOGIC_SUBTYPE,C,,2026-09-12,2099-12-31,,CS:CL_HISTOLOGIC_SUBTYPE
10000000337,CL_IMAGING_DIAGNOSTIC_CLASSIFICATION,CL_IMAGING_DIAGNOSTIC_CLASSIFICATION,Meas Value,KAI,Value set,KAI-CS-CL_IMAGING_DIAGNOSTIC_CLASSIFICATION,C,,2026-09-12,2099-12-31,,CS:CL_IMAGING_DIAGNOSTIC_CLASSIFICATION
10000000338,CL_IMA_LIGATION_LEVEL,CL_IMA_LIGATION_LEVEL,Meas Value,KAI,Value set,KAI-CS-CL_IMA_LIGATION_LEVEL,C,,2026-09-12,2099-12-31,,CS:CL_IMA_LIGATION_LEVEL
10000000339,CL_INVASION_DEPTH,CL_INVASION_DEPTH,Meas Value,KAI,Value set,KAI-CS-CL_INVASION_DEPTH,C,,2026-09-12,2099-12-31,,CS:CL_INVASION_DEPTH
10000000340,CL_IS_SERIOUS,CL_IS_SERIOUS,Meas Value,KAI,Value set,KAI-CS-CL_IS_SERIOUS,C,,2026-09-12,2099-12-31,,CS:CL_IS_SERIOUS
10000000341,CL_LOBULAR_INFLAMMATION_GRADE,CL_LOBULAR_INFLAMMATION_GRADE,Meas Value,KAI,Value set,KAI-CS-CL_LOBULAR_INFLAMMATION_GRADE,C,,2026-09-12,2099-12-31,,CS:CL_LOBULAR_INFLAMMATION_GRADE
10000000342,CL_LYMPHOMA_CATEGORY,CL_LYMPHOMA_CATEGORY,Meas Value,KAI,Value set,KAI-CS-CL_LYMPHOMA_CATEGORY,C,,2026-09-12,2099-12-31,,CS:CL_LYMPHOMA_CATEGORY
10000000343,CL_MARITAL_STATUS_DETAIL,CL_MARITAL_STATUS_DETAIL,Meas Value,KAI,Value set,KAI-CS-CL_MARITAL_STATUS_DETAIL,C,,2026-09-12,2099-12-31,,CS:CL_MARITAL_STATUS_DETAIL
10000000344,CL_MASLD_DIAGNOSIS_BASIS,CL_MASLD_DIAGNOSIS_BASIS,Meas Value,KAI,Value set,KAI-CS-CL_MASLD_DIAGNOSIS_BASIS,C,,2026-09-12,2099-12-31,,CS:CL_MASLD_DIAGNOSIS_BASIS
10000000345,CL_MENOPAUSAL_STATUS_AT_DIAGNOSIS,CL_MENOPAUSAL_STATUS_AT_DIAGNOSIS,Meas Value,KAI,Value set,KAI-CS-CL_MENOPAUSAL_STATUS_AT_DIAGNOSIS,C,,2026-09-12,2099-12-31,,CS:CL_MENOPAUSAL_STATUS_AT_DIAGNOSIS
10000000346,CL_MENSES_REGULARITY_AFTER_CHEMO,CL_MENSES_REGULARITY_AFTER_CHEMO,Meas Value,KAI,Value set,KAI-CS-CL_MENSES_REGULARITY_AFTER_CHEMO,C,,2026-09-12,2099-12-31,,CS:CL_MENSES_REGULARITY_AFTER_CHEMO
10000000347,CL_MRI_ANTERIOR_PERITONEAL_RELATION,CL_MRI_ANTERIOR_PERITONEAL_RELATION,Meas Value,KAI,Value set,KAI-CS-CL_MRI_ANTERIOR_PERITONEAL_RELATION,C,,2026-09-12,2099-12-31,,CS:CL_MRI_ANTERIOR_PERITONEAL_RELATION
10000000348,CL_MRI_CIRCUMFERENTIAL_EXTENT,CL_MRI_CIRCUMFERENTIAL_EXTENT,Meas Value,KAI,Value set,KAI-CS-CL_MRI_CIRCUMFERENTIAL_EXTENT,C,,2026-09-12,2099-12-31,,CS:CL_MRI_CIRCUMFERENTIAL_EXTENT
10000000349,CL_MRI_CIRCUMFERENTIAL_LOCATION,CL_MRI_CIRCUMFERENTIAL_LOCATION,Meas Value,KAI,Value set,KAI-CS-CL_MRI_CIRCUMFERENTIAL_LOCATION,C,,2026-09-12,2099-12-31,,CS:CL_MRI_CIRCUMFERENTIAL_LOCATION
10000000350,CL_MRI_T4B_INVADED_ORGAN,CL_MRI_T4B_INVADED_ORGAN,Meas Value,KAI,Value set,KAI-CS-CL_MRI_T4B_INVADED_ORGAN,C,,2026-09-12,2099-12-31,,CS:CL_MRI_T4B_INVADED_ORGAN
10000000351,CL_MRI_TUMOR_REGRESSION_GRADE,CL_MRI_TUMOR_REGRESSION_GRADE,Meas Value,KAI,Value set,KAI-CS-CL_MRI_TUMOR_REGRESSION_GRADE,C,,2026-09-12,2099-12-31,,CS:CL_MRI_TUMOR_REGRESSION_GRADE
10000000352,CL_NODULE_RADIOLOGIC_TYPE,CL_NODULE_RADIOLOGIC_TYPE,Meas Value,KAI,Value set,KAI-CS-CL_NODULE_RADIOLOGIC_TYPE,C,,2026-09-12,2099-12-31,,CS:CL_NODULE_RADIOLOGIC_TYPE
10000000353,CL_OUTCOME_CONCEPT_ID,CL_OUTCOME_CONCEPT_ID,Meas Value,KAI,Value set,KAI-CS-CL_OUTCOME_CONCEPT_ID,C,,2026-09-12,2099-12-31,,CS:CL_OUTCOME_CONCEPT_ID
10000000354,CL_PERITONEAL_CYTOLOGY_RESULT,CL_PERITONEAL_CYTOLOGY_RESULT,Meas Value,KAI,Value set,KAI-CS-CL_PERITONEAL_CYTOLOGY_RESULT,C,,2026-09-12,2099-12-31,,CS:CL_PERITONEAL_CYTOLOGY_RESULT
10000000355,CL_PREGNANCY_OUTCOME,CL_PREGNANCY_OUTCOME,Meas Value,KAI,Value set,KAI-CS-CL_PREGNANCY_OUTCOME,C,,2026-09-12,2099-12-31,,CS:CL_PREGNANCY_OUTCOME
10000000356,CL_PRIMARY_INVOLVED_SITE,CL_PRIMARY_INVOLVED_SITE,Meas Value,KAI,Value set,KAI-CS-CL_PRIMARY_INVOLVED_SITE,C,,2026-09-12,2099-12-31,,CS:CL_PRIMARY_INVOLVED_SITE
10000000357,CL_PRIMARY_SIDEDNESS,CL_PRIMARY_SIDEDNESS,Meas Value,KAI,Value set,KAI-CS-CL_PRIMARY_SIDEDNESS,C,,2026-09-12,2099-12-31,,CS:CL_PRIMARY_SIDEDNESS
10000000358,CL_PRIMARY_SITE,CL_PRIMARY_SITE,Meas Value,KAI,Value set,KAI-CS-CL_PRIMARY_SITE,C,,2026-09-12,2099-12-31,,CS:CL_PRIMARY_SITE
10000000359,CL_RESECTION_COMPLETENESS,CL_RESECTION_COMPLETENESS,Meas Value,KAI,Value set,KAI-CS-CL_RESECTION_COMPLETENESS,C,,2026-09-12,2099-12-31,,CS:CL_RESECTION_COMPLETENESS
10000000360,CL_RESECTION_MARGIN_STATUS,CL_RESECTION_MARGIN_STATUS,Meas Value,KAI,Value set,KAI-CS-CL_RESECTION_MARGIN_STATUS,C,,2026-09-12,2099-12-31,,CS:CL_RESECTION_MARGIN_STATUS
10000000361,CL_RESIDUAL_TUMOR_R_CLASS,CL_RESIDUAL_TUMOR_R_CLASS,Meas Value,KAI,Value set,KAI-CS-CL_RESIDUAL_TUMOR_R_CLASS,C,,2026-09-12,2099-12-31,,CS:CL_RESIDUAL_TUMOR_R_CLASS
10000000362,CL_STAGING_METHOD,CL_STAGING_METHOD,Meas Value,KAI,Value set,KAI-CS-CL_STAGING_METHOD,C,,2026-09-12,2099-12-31,,CS:CL_STAGING_METHOD
10000000363,CL_STOMA_REASON,CL_STOMA_REASON,Meas Value,KAI,Value set,KAI-CS-CL_STOMA_REASON,C,,2026-09-12,2099-12-31,,CS:CL_STOMA_REASON
10000000364,CL_SURGICAL_HISTOLOGIC_GRADE,CL_SURGICAL_HISTOLOGIC_GRADE,Meas Value,KAI,Value set,KAI-CS-CL_SURGICAL_HISTOLOGIC_GRADE,C,,2026-09-12,2099-12-31,,CS:CL_SURGICAL_HISTOLOGIC_GRADE
10000000365,CL_SURGICAL_SPECIMEN_LATERALITY,CL_SURGICAL_SPECIMEN_LATERALITY,Meas Value,KAI,Value set,KAI-CS-CL_SURGICAL_SPECIMEN_LATERALITY,C,,2026-09-12,2099-12-31,,CS:CL_SURGICAL_SPECIMEN_LATERALITY
10000000366,CL_SURGICAL_SPECIMEN_SITE,CL_SURGICAL_SPECIMEN_SITE,Meas Value,KAI,Value set,KAI-CS-CL_SURGICAL_SPECIMEN_SITE,C,,2026-09-12,2099-12-31,,CS:CL_SURGICAL_SPECIMEN_SITE
10000000367,CL_TME_QUALITY,CL_TME_QUALITY,Meas Value,KAI,Value set,KAI-CS-CL_TME_QUALITY,C,,2026-09-12,2099-12-31,,CS:CL_TME_QUALITY
10000000368,CL_TUMOR_BUDDING_GRADE,CL_TUMOR_BUDDING_GRADE,Meas Value,KAI,Value set,KAI-CS-CL_TUMOR_BUDDING_GRADE,C,,2026-09-12,2099-12-31,,CS:CL_TUMOR_BUDDING_GRADE
10000000369,CL_VPI_GRADE,CL_VPI_GRADE,Meas Value,KAI,Value set,KAI-CS-CL_VPI_GRADE,C,,2026-09-12,2099-12-31,,CS:CL_VPI_GRADE
10000000370,CL_WATCH_AND_WAIT_STATUS,CL_WATCH_AND_WAIT_STATUS,Meas Value,KAI,Value set,KAI-CS-CL_WATCH_AND_WAIT_STATUS,C,,2026-09-12,2099-12-31,,CS:CL_WATCH_AND_WAIT_STATUS
10000000371,진단정보 등록일,diagnosis_registered_date,Observation,KAI,Attribute,KAI-COHORT_INDEX-diagnosis_registered_date,S,,2026-09-12,2099-12-31,,FIELD:COHORT_INDEX:diagnosis_registered_date
10000000372,진단명,diagnosis_name,Observation,KAI,Attribute,KAI-COHORT_INDEX-diagnosis_name,S,SNOMED/ICD-O-3/KCD,2026-09-12,2099-12-31,,FIELD:COHORT_INDEX:diagnosis_name
10000000373,세부 진단명,diagnosis_subtype,Observation,KAI,Attribute,KAI-COHORT_INDEX-diagnosis_subtype,S,SNOMED/ICD-O-3/KCD,2026-09-12,2099-12-31,,FIELD:COHORT_INDEX:diagnosis_subtype
10000000374,MASLD/MASH 진단 근거 기준,masld_diagnosis_basis,Observation,KAI,Attribute,KAI-COHORT_INDEX-masld_diagnosis_basis,S,SNOMED/ICD-O-3/KCD,2026-09-12,2099-12-31,,FIELD:COHORT_INDEX:masld_diagnosis_basis
10000000375,당뇨병 유형,diabetes_type,Observation,KAI,Attribute,KAI-COHORT_INDEX-diabetes_type,S,SNOMED/ICD-O-3/KCD,2026-09-12,2099-12-31,,FIELD:COHORT_INDEX:diabetes_type
10000000376,당뇨병 최초 진단 시 나이,age_at_diagnosis,Measurement,KAI,Attribute,KAI-COHORT_INDEX-age_at_diagnosis,S,,2026-09-12,2099-12-31,,FIELD:COHORT_INDEX:age_at_diagnosis
10000000377,당뇨병 유병 기간,disease_duration_years,Measurement,KAI,Attribute,KAI-COHORT_INDEX-disease_duration_years,S,,2026-09-12,2099-12-31,,FIELD:COHORT_INDEX:disease_duration_years
10000000378,임신성 당뇨병 해당 여부,gestational_diabetes_yn,Observation,KAI,Attribute,KAI-COHORT_INDEX-gestational_diabetes_yn,S,SNOMED/ICD-O-3/KCD,2026-09-12,2099-12-31,,FIELD:COHORT_INDEX:gestational_diabetes_yn
10000000379,최초 림프종 진단일,first_diagnosis_date,Observation,KAI,Attribute,KAI-COHORT_INDEX-first_diagnosis_date,S,,2026-09-12,2099-12-31,,FIELD:COHORT_INDEX:first_diagnosis_date
10000000380,진단 상태,diagnosis_status,Observation,KAI,Attribute,KAI-COHORT_INDEX-diagnosis_status,S,,2026-09-12,2099-12-31,,FIELD:COHORT_INDEX:diagnosis_status
10000000381,림프종 대분류,lymphoma_category,Observation,KAI,Attribute,KAI-COHORT_INDEX-lymphoma_category,S,SNOMED/ICD-O-3/KCD,2026-09-12,2099-12-31,,FIELD:COHORT_INDEX:lymphoma_category
10000000382,종양 세포 계열,cell_lineage,Observation,KAI,Attribute,KAI-COHORT_INDEX-cell_lineage,S,SNOMED/ICD-O-3/KCD,2026-09-12,2099-12-31,,FIELD:COHORT_INDEX:cell_lineage
10000000383,WHO/ICC 기준 조직학적 아형,histologic_subtype,Observation,KAI,Attribute,KAI-COHORT_INDEX-histologic_subtype,S,SNOMED/ICD-O-3/KCD,2026-09-12,2099-12-31,,FIELD:COHORT_INDEX:histologic_subtype
10000000384,최종 추적 시 질환 상태,last_disease_status,Observation,KAI,Attribute,KAI-COHORT_INDEX-last_disease_status,S,SNOMED,2026-09-12,2099-12-31,,FIELD:COHORT_INDEX:last_disease_status
10000000385,최종 추적관찰일,last_followup_date,Observation,KAI,Attribute,KAI-COHORT_INDEX-last_followup_date,S,SNOMED,2026-09-12,2099-12-31,,FIELD:COHORT_INDEX:last_followup_date
10000000386,최종 추적 시 생존 상태,last_vital_status,Observation,KAI,Attribute,KAI-COHORT_INDEX-last_vital_status,S,SNOMED,2026-09-12,2099-12-31,,FIELD:COHORT_INDEX:last_vital_status
10000000387,초진 시 임상 병기,initial_clinical_stage,Measurement,KAI,Attribute,KAI-STAGING-initial_clinical_stage,S,SNOMED AJCC qualifier · OMOP Cancer Modifier,2026-09-12,2099-12-31,,FIELD:STAGING:initial_clinical_stage
10000000388,4기 진단일(수술 환자는 재발일),stage_iv_diagnosis_date,Measurement,KAI,Attribute,KAI-STAGING-stage_iv_diagnosis_date,S,SNOMED AJCC qualifier · OMOP Cancer Modifier,2026-09-12,2099-12-31,,FIELD:STAGING:stage_iv_diagnosis_date
10000000389,폐 종양 원발 부위,primary_site,Measurement,KAI,Attribute,KAI-STAGING-primary_site,S,SNOMED AJCC qualifier · OMOP Cancer Modifier,2026-09-12,2099-12-31,,FIELD:STAGING:primary_site
10000000390,수술 전 검사 결과에 따른 임상 TNM 병기값,clinical_tnm,Measurement,KAI,Attribute,KAI-STAGING-clinical_tnm,S,SNOMED AJCC qualifier · OMOP Cancer Modifier,2026-09-12,2099-12-31,,FIELD:STAGING:clinical_tnm
10000000391,임상 종양 특성,clinical_tumor_feature,Measurement,KAI,Attribute,KAI-STAGING-clinical_tumor_feature,S,SNOMED AJCC qualifier · OMOP Cancer Modifier,2026-09-12,2099-12-31,,FIELD:STAGING:clinical_tumor_feature
10000000392,수술 후 외과 병리 기록지의 TNM 병기값,pathologic_tnm,Measurement,KAI,Attribute,KAI-STAGING-pathologic_tnm,S,SNOMED AJCC qualifier · OMOP Cancer Modifier,2026-09-12,2099-12-31,,FIELD:STAGING:pathologic_tnm
10000000393,영상 판독상 원격 전이 여부,imaging_distant_metastasis_yn,Measurement,KAI,Attribute,KAI-STAGING-imaging_distant_metastasis_yn,S,SNOMED AJCC qualifier · OMOP Cancer Modifier,2026-09-12,2099-12-31,,FIELD:STAGING:imaging_distant_metastasis_yn
10000000394,원격 전이 진단일,distant_metastasis_date,Measurement,KAI,Attribute,KAI-STAGING-distant_metastasis_date,S,SNOMED AJCC qualifier · OMOP Cancer Modifier,2026-09-12,2099-12-31,,FIELD:STAGING:distant_metastasis_date
10000000395,원격 전이 부위,distant_metastasis_site,Measurement,KAI,Attribute,KAI-STAGING-distant_metastasis_site,S,SNOMED AJCC qualifier · OMOP Cancer Modifier,2026-09-12,2099-12-31,,FIELD:STAGING:distant_metastasis_site
10000000396,수술치료 후 평가 내용,post_surgery_assessment,Measurement,KAI,Attribute,KAI-STAGING-post_surgery_assessment,S,SNOMED AJCC qualifier · OMOP Cancer Modifier,2026-09-12,2099-12-31,,FIELD:STAGING:post_surgery_assessment
10000000397,원발종양 편측성,primary_sidedness,Measurement,KAI,Attribute,KAI-STAGING-primary_sidedness,S,SNOMED AJCC qualifier · OMOP Cancer Modifier,2026-09-12,2099-12-31,,FIELD:STAGING:primary_sidedness
10000000398,복강내 원격전이 부위,intraabdominal_metastasis_site,Measurement,KAI,Attribute,KAI-STAGING-intraabdominal_metastasis_site,S,SNOMED,2026-09-12,2099-12-31,,FIELD:STAGING:intraabdominal_metastasis_site
10000000399,복막암지수(PCI),pci_score,Measurement,KAI,Attribute,KAI-STAGING-pci_score,S,SNOMED AJCC qualifier · OMOP Cancer Modifier,2026-09-12,2099-12-31,,FIELD:STAGING:pci_score
10000000400,병기 분류체계,staging_system,Measurement,KAI,Attribute,KAI-STAGING-staging_system,S,SNOMED AJCC qualifier · OMOP Cancer Modifier,2026-09-12,2099-12-31,,FIELD:STAGING:staging_system
10000000401,Ann Arbor/Lugano 병기,stage_group,Measurement,KAI,Attribute,KAI-STAGING-stage_group,S,SNOMED AJCC qualifier · OMOP Cancer Modifier,2026-09-12,2099-12-31,,FIELD:STAGING:stage_group
10000000402,병기 수식자,stage_modifier,Measurement,KAI,Attribute,KAI-STAGING-stage_modifier,S,SNOMED AJCC qualifier · OMOP Cancer Modifier,2026-09-12,2099-12-31,,FIELD:STAGING:stage_modifier
10000000403,병기 결정 방법,staging_method,Measurement,KAI,Attribute,KAI-STAGING-staging_method,S,SNOMED AJCC qualifier · OMOP Cancer Modifier,2026-09-12,2099-12-31,,FIELD:STAGING:staging_method
10000000404,림프종 원발 침범 부위,primary_involved_site,Measurement,KAI,Attribute,KAI-STAGING-primary_involved_site,S,SNOMED AJCC qualifier · OMOP Cancer Modifier,2026-09-12,2099-12-31,,FIELD:STAGING:primary_involved_site
10000000405,침범 림프절 영역 수,nodal_regions_involved,Measurement,KAI,Attribute,KAI-STAGING-nodal_regions_involved,S,SNOMED AJCC qualifier · OMOP Cancer Modifier,2026-09-12,2099-12-31,,FIELD:STAGING:nodal_regions_involved
10000000406,결절외 침범 여부,extranodal_yn,Measurement,KAI,Attribute,KAI-STAGING-extranodal_yn,S,SNOMED AJCC qualifier · OMOP Cancer Modifier,2026-09-12,2099-12-31,,FIELD:STAGING:extranodal_yn
10000000407,침범 결절외 장기 수,extranodal_sites_count,Measurement,KAI,Attribute,KAI-STAGING-extranodal_sites_count,S,SNOMED AJCC qualifier · OMOP Cancer Modifier,2026-09-12,2099-12-31,,FIELD:STAGING:extranodal_sites_count
10000000408,결절외 침범 부위,extranodal_sites,Measurement,KAI,Attribute,KAI-STAGING-extranodal_sites,S,SNOMED AJCC qualifier · OMOP Cancer Modifier,2026-09-12,2099-12-31,,FIELD:STAGING:extranodal_sites
10000000409,비장 침범 여부,spleen_involvement_yn,Measurement,KAI,Attribute,KAI-STAGING-spleen_involvement_yn,S,SNOMED AJCC qualifier · OMOP Cancer Modifier,2026-09-12,2099-12-31,,FIELD:STAGING:spleen_involvement_yn
10000000410,골수 침범 여부,bone_marrow_involvement_yn,Measurement,KAI,Attribute,KAI-STAGING-bone_marrow_involvement_yn,S,SNOMED AJCC qualifier · OMOP Cancer Modifier,2026-09-12,2099-12-31,,FIELD:STAGING:bone_marrow_involvement_yn
10000000411,골수 내 림프종 침범 비율,bone_marrow_involvement_percent,Measurement,KAI,Attribute,KAI-STAGING-bone_marrow_involvement_percent,S,SNOMED,2026-09-12,2099-12-31,,FIELD:STAGING:bone_marrow_involvement_percent
10000000412,중추신경계 침범 여부,cns_involvement_yn,Measurement,KAI,Attribute,KAI-STAGING-cns_involvement_yn,S,SNOMED AJCC qualifier · OMOP Cancer Modifier,2026-09-12,2099-12-31,,FIELD:STAGING:cns_involvement_yn
10000000413,Bulky disease 여부,bulky_disease_yn,Measurement,KAI,Attribute,KAI-STAGING-bulky_disease_yn,S,SNOMED AJCC qualifier · OMOP Cancer Modifier,2026-09-12,2099-12-31,,FIELD:STAGING:bulky_disease_yn
10000000414,Bulky disease 판정에 적용한 최대 직경 기준(cm),bulky_threshold_cm,Measurement,KAI,Attribute,KAI-STAGING-bulky_threshold_cm,S,SNOMED AJCC qualifier · OMOP Cancer Modifier,2026-09-12,2099-12-31,,FIELD:STAGING:bulky_threshold_cm
10000000415,기준 시점의 가장 큰 병변 장경(cm),largest_lesion_diameter_cm,Measurement,KAI,Attribute,KAI-STAGING-largest_lesion_diameter_cm,S,SNOMED AJCC qualifier · OMOP Cancer Modifier,2026-09-12,2099-12-31,,FIELD:STAGING:largest_lesion_diameter_cm
10000000416,생체검사 시행 방법,biopsy_method,Observation,KAI,Attribute,KAI-PATHOLOGY_REPORT-biopsy_method,S,SNOMED (일부) · 자체 어휘,2026-09-12,2099-12-31,,FIELD:PATHOLOGY_REPORT:biopsy_method
10000000417,생체검사 대상 부위 or 검체,biopsy_site,Observation,KAI,Attribute,KAI-PATHOLOGY_REPORT-biopsy_site,S,SNOMED (일부) · 자체 어휘,2026-09-12,2099-12-31,,FIELD:PATHOLOGY_REPORT:biopsy_site
10000000418,생체검사 시행 폐 상세 위치,biopsy_site_detail,Observation,KAI,Attribute,KAI-PATHOLOGY_REPORT-biopsy_site_detail,S,SNOMED (일부) · 자체 어휘,2026-09-12,2099-12-31,,FIELD:PATHOLOGY_REPORT:biopsy_site_detail
10000000419,수술 후 외과병리 조직 채취 부위,surgical_specimen_site,Observation,KAI,Attribute,KAI-PATHOLOGY_REPORT-surgical_specimen_site,S,SNOMED (일부) · 자체 어휘,2026-09-12,2099-12-31,,FIELD:PATHOLOGY_REPORT:surgical_specimen_site
10000000420,생체검사에 따른 조직학적 진단명,biopsy_histologic_diagnosis,Observation,KAI,Attribute,KAI-PATHOLOGY_REPORT-biopsy_histologic_diagnosis,S,SNOMED (일부) · 자체 어휘,2026-09-12,2099-12-31,,FIELD:PATHOLOGY_REPORT:biopsy_histologic_diagnosis
10000000421,생체검사 조직학적 분화도,biopsy_differentiation,Observation,KAI,Attribute,KAI-PATHOLOGY_REPORT-biopsy_differentiation,S,SNOMED (일부) · 자체 어휘,2026-09-12,2099-12-31,,FIELD:PATHOLOGY_REPORT:biopsy_differentiation
10000000422,수술 후 외과병리를 통해 확인된 조직학적 진단명,surgical_histologic_diagnosis,Observation,KAI,Attribute,KAI-PATHOLOGY_REPORT-surgical_histologic_diagnosis,S,SNOMED (일부) · 자체 어휘,2026-09-12,2099-12-31,,FIELD:PATHOLOGY_REPORT:surgical_histologic_diagnosis
10000000423,원발 조직형 진단명,primary_histology,Observation,KAI,Attribute,KAI-PATHOLOGY_REPORT-primary_histology,S,SNOMED (일부) · 자체 어휘,2026-09-12,2099-12-31,,FIELD:PATHOLOGY_REPORT:primary_histology
10000000424,폐선암 우세 조직아형,adenocarcinoma_predominant_subtype,Observation,KAI,Attribute,KAI-PATHOLOGY_REPORT-adenocarcinoma_predominant_subtype,S,SNOMED (일부) · 자체 어휘,2026-09-12,2099-12-31,,FIELD:PATHOLOGY_REPORT:adenocarcinoma_predominant_subtype
10000000425,기강내 종양전파(STAS) 여부,stas_yn,Observation,KAI,Attribute,KAI-PATHOLOGY_REPORT-stas_yn,S,SNOMED (일부) · 자체 어휘,2026-09-12,2099-12-31,,FIELD:PATHOLOGY_REPORT:stas_yn
10000000426,장측흉막침범(VPI) 정도,vpi_grade,Observation,KAI,Attribute,KAI-PATHOLOGY_REPORT-vpi_grade,S,SNOMED (일부) · 자체 어휘,2026-09-12,2099-12-31,,FIELD:PATHOLOGY_REPORT:vpi_grade
10000000427,폐쇄후 폐렴 or 무기폐 동반 여부,obstructive_pneumonia_atelectasis_yn,Observation,KAI,Attribute,KAI-PATHOLOGY_REPORT-obstructive_pneumonia_atelectasis_yn,S,SNOMED (일부) · 자체 어휘,2026-09-12,2099-12-31,,FIELD:PATHOLOGY_REPORT:obstructive_pneumonia_atelectasis_yn
10000000428,절제된 감시림프절 개수,sentinel_nodes_examined,Measurement,KAI,Attribute,KAI-PATHOLOGY_REPORT-sentinel_nodes_examined,S,SNOMED (observable),2026-09-12,2099-12-31,,FIELD:PATHOLOGY_REPORT:sentinel_nodes_examined
10000000429,침윤된 감시림프절 개수,sentinel_nodes_positive,Measurement,KAI,Attribute,KAI-PATHOLOGY_REPORT-sentinel_nodes_positive,S,SNOMED (observable),2026-09-12,2099-12-31,,FIELD:PATHOLOGY_REPORT:sentinel_nodes_positive
10000000430,절제된 림프절 개수,lymph_nodes_examined,Measurement,KAI,Attribute,KAI-PATHOLOGY_REPORT-lymph_nodes_examined,S,SNOMED (observable),2026-09-12,2099-12-31,,FIELD:PATHOLOGY_REPORT:lymph_nodes_examined
10000000431,침윤된 림프절 개수,lymph_nodes_positive,Measurement,KAI,Attribute,KAI-PATHOLOGY_REPORT-lymph_nodes_positive,S,SNOMED (observable),2026-09-12,2099-12-31,,FIELD:PATHOLOGY_REPORT:lymph_nodes_positive
10000000432,생체검사 부위 편측성,biopsy_laterality,Observation,KAI,Attribute,KAI-PATHOLOGY_REPORT-biopsy_laterality,S,SNOMED (일부) · 자체 어휘,2026-09-12,2099-12-31,,FIELD:PATHOLOGY_REPORT:biopsy_laterality
10000000433,수술 후 병리 조직 채취 부위 편측성,surgical_specimen_laterality,Observation,KAI,Attribute,KAI-PATHOLOGY_REPORT-surgical_specimen_laterality,S,SNOMED (일부) · 자체 어휘,2026-09-12,2099-12-31,,FIELD:PATHOLOGY_REPORT:surgical_specimen_laterality
10000000434,미세석회화 여부,microcalcification_yn,Observation,KAI,Attribute,KAI-PATHOLOGY_REPORT-microcalcification_yn,S,SNOMED (일부) · 자체 어휘,2026-09-12,2099-12-31,,FIELD:PATHOLOGY_REPORT:microcalcification_yn
10000000435,수술 후 외과병리를 통해 확인된 조직학적 등급,surgical_histologic_grade,Observation,KAI,Attribute,KAI-PATHOLOGY_REPORT-surgical_histologic_grade,S,SNOMED (일부) · 자체 어휘,2026-09-12,2099-12-31,,FIELD:PATHOLOGY_REPORT:surgical_histologic_grade
10000000436,관상피내암(DCIS) 핵등급,dcis_nuclear_grade,Observation,KAI,Attribute,KAI-PATHOLOGY_REPORT-dcis_nuclear_grade,S,SNOMED (일부) · 자체 어휘,2026-09-12,2099-12-31,,FIELD:PATHOLOGY_REPORT:dcis_nuclear_grade
10000000437,상피내암 동반 여부,in_situ_component_yn,Observation,KAI,Attribute,KAI-PATHOLOGY_REPORT-in_situ_component_yn,S,SNOMED (일부) · 자체 어휘,2026-09-12,2099-12-31,,FIELD:PATHOLOGY_REPORT:in_situ_component_yn
10000000438,기질 종양침윤림프구(TIL) 비율,til_percent,Measurement,KAI,Attribute,KAI-PATHOLOGY_REPORT-til_percent,S,SNOMED (일부) · 자체 어휘,2026-09-12,2099-12-31,,FIELD:PATHOLOGY_REPORT:til_percent
10000000439,염증성 유방암 해당 여부,inflammatory_breast_cancer_yn,Observation,KAI,Attribute,KAI-PATHOLOGY_REPORT-inflammatory_breast_cancer_yn,S,SNOMED (일부) · 자체 어휘,2026-09-12,2099-12-31,,FIELD:PATHOLOGY_REPORT:inflammatory_breast_cancer_yn
10000000440,종양의 림프관·혈관 침윤 여부,lymphovascular_invasion_yn,Observation,KAI,Attribute,KAI-PATHOLOGY_REPORT-lymphovascular_invasion_yn,S,SNOMED (일부) · 자체 어휘,2026-09-12,2099-12-31,,FIELD:PATHOLOGY_REPORT:lymphovascular_invasion_yn
10000000441,수술절제면 암조직 잔존 상태,resection_margin_status,Observation,KAI,Attribute,KAI-PATHOLOGY_REPORT-resection_margin_status,S,SNOMED (일부) · 자체 어휘,2026-09-12,2099-12-31,,FIELD:PATHOLOGY_REPORT:resection_margin_status
10000000442,잔존종양(Residual Tumor) 분류,residual_tumor_r_class,Observation,KAI,Attribute,KAI-PATHOLOGY_REPORT-residual_tumor_r_class,S,SNOMED (일부) · 자체 어휘,2026-09-12,2099-12-31,,FIELD:PATHOLOGY_REPORT:residual_tumor_r_class
10000000443,유방촬영술상 미세석회화 여부,mammographic_microcalcification_yn,Observation,KAI,Attribute,KAI-PATHOLOGY_REPORT-mammographic_microcalcification_yn,S,SNOMED (일부) · 자체 어휘,2026-09-12,2099-12-31,,FIELD:PATHOLOGY_REPORT:mammographic_microcalcification_yn
10000000444,생체검사 직장 세부 부위 상세,biopsy_rectum_site_detail,Observation,KAI,Attribute,KAI-PATHOLOGY_REPORT-biopsy_rectum_site_detail,S,SNOMED (일부) · 자체 어휘,2026-09-12,2099-12-31,,FIELD:PATHOLOGY_REPORT:biopsy_rectum_site_detail
10000000445,수술 후 외과병리 종양 위치,surgical_tumor_site,Observation,KAI,Attribute,KAI-PATHOLOGY_REPORT-surgical_tumor_site,S,SNOMED,2026-09-12,2099-12-31,,FIELD:PATHOLOGY_REPORT:surgical_tumor_site
10000000446,Gross type 분류 명칭,gross_type,Observation,KAI,Attribute,KAI-PATHOLOGY_REPORT-gross_type,S,SNOMED (일부) · 자체 어휘,2026-09-12,2099-12-31,,FIELD:PATHOLOGY_REPORT:gross_type
10000000447,복강세척 세포검사 결과,peritoneal_cytology_result,Observation,KAI,Attribute,KAI-PATHOLOGY_REPORT-peritoneal_cytology_result,S,SNOMED (일부) · 자체 어휘,2026-09-12,2099-12-31,,FIELD:PATHOLOGY_REPORT:peritoneal_cytology_result
10000000448,종양 내 T세포 침윤 정량화 면역점수,immunoscore,Measurement,KAI,Attribute,KAI-PATHOLOGY_REPORT-immunoscore,S,SNOMED (일부) · 자체 어휘,2026-09-12,2099-12-31,,FIELD:PATHOLOGY_REPORT:immunoscore
10000000449,"종양침착(tumor deposits, N1c) 여부",tumor_deposits_yn,Observation,KAI,Attribute,KAI-PATHOLOGY_REPORT-tumor_deposits_yn,S,SNOMED (일부) · 자체 어휘,2026-09-12,2099-12-31,,FIELD:PATHOLOGY_REPORT:tumor_deposits_yn
10000000450,종양출아등급(tumor budding),tumor_budding_grade,Observation,KAI,Attribute,KAI-PATHOLOGY_REPORT-tumor_budding_grade,S,SNOMED (일부) · 자체 어휘,2026-09-12,2099-12-31,,FIELD:PATHOLOGY_REPORT:tumor_budding_grade
10000000451,근치도(절제 정도),resection_completeness,Observation,KAI,Attribute,KAI-PATHOLOGY_REPORT-resection_completeness,S,SNOMED (일부) · 자체 어휘,2026-09-12,2099-12-31,,FIELD:PATHOLOGY_REPORT:resection_completeness
10000000452,림프관 침윤 여부,lymphatic_invasion_yn,Observation,KAI,Attribute,KAI-PATHOLOGY_REPORT-lymphatic_invasion_yn,S,SNOMED (일부) · 자체 어휘,2026-09-12,2099-12-31,,FIELD:PATHOLOGY_REPORT:lymphatic_invasion_yn
10000000453,혈관 침윤 여부,vascular_invasion_yn,Observation,KAI,Attribute,KAI-PATHOLOGY_REPORT-vascular_invasion_yn,S,SNOMED (일부) · 자체 어휘,2026-09-12,2099-12-31,,FIELD:PATHOLOGY_REPORT:vascular_invasion_yn
10000000454,신경주위 침윤 여부,perineural_invasion_yn,Observation,KAI,Attribute,KAI-PATHOLOGY_REPORT-perineural_invasion_yn,S,SNOMED (일부) · 자체 어휘,2026-09-12,2099-12-31,,FIELD:PATHOLOGY_REPORT:perineural_invasion_yn
10000000455,종양 침윤 깊이 정도,invasion_depth,Observation,KAI,Attribute,KAI-PATHOLOGY_REPORT-invasion_depth,S,SNOMED (일부) · 자체 어휘,2026-09-12,2099-12-31,,FIELD:PATHOLOGY_REPORT:invasion_depth
10000000456,수술후 외과병리 검사에서 확인된 radial 또는 circumferential margin 의 상태,crm_status,Observation,KAI,Attribute,KAI-PATHOLOGY_REPORT-crm_status,S,SNOMED (일부) · 자체 어휘,2026-09-12,2099-12-31,,FIELD:PATHOLOGY_REPORT:crm_status
10000000457,전직장간막절제술(TME) 육안적 완전도,tme_quality,Observation,KAI,Attribute,KAI-PATHOLOGY_REPORT-tme_quality,S,SNOMED (일부) · 자체 어휘,2026-09-12,2099-12-31,,FIELD:PATHOLOGY_REPORT:tme_quality
10000000458,간 생체검사 검체 적정성,biopsy_adequacy,Observation,KAI,Attribute,KAI-PATHOLOGY_REPORT-biopsy_adequacy,S,SNOMED (일부) · 자체 어휘,2026-09-12,2099-12-31,,FIELD:PATHOLOGY_REPORT:biopsy_adequacy
10000000459,간실질 섬유화 등급명,liver_fibrosis_grade_name,Observation,KAI,Attribute,KAI-PATHOLOGY_REPORT-liver_fibrosis_grade_name,S,SNOMED (일부) · 자체 어휘,2026-09-12,2099-12-31,,FIELD:PATHOLOGY_REPORT:liver_fibrosis_grade_name
10000000460,간 생체검사 지방증 등급,steatosis_grade,Observation,KAI,Attribute,KAI-PATHOLOGY_REPORT-steatosis_grade,S,SNOMED (일부) · 자체 어휘,2026-09-12,2099-12-31,,FIELD:PATHOLOGY_REPORT:steatosis_grade
10000000461,간 생체검사 소엽 염증 등급,lobular_inflammation_grade,Observation,KAI,Attribute,KAI-PATHOLOGY_REPORT-lobular_inflammation_grade,S,SNOMED (일부) · 자체 어휘,2026-09-12,2099-12-31,,FIELD:PATHOLOGY_REPORT:lobular_inflammation_grade
10000000462,간세포 풍선변성 등급,ballooning_grade,Observation,KAI,Attribute,KAI-PATHOLOGY_REPORT-ballooning_grade,S,SNOMED (일부) · 자체 어휘,2026-09-12,2099-12-31,,FIELD:PATHOLOGY_REPORT:ballooning_grade
10000000463,섬유화 병기(NASH CRN),fibrosis_stage,Observation,KAI,Attribute,KAI-PATHOLOGY_REPORT-fibrosis_stage,S,자체 (NASH CRN),2026-09-12,2099-12-31,,FIELD:PATHOLOGY_REPORT:fibrosis_stage
10000000464,NAS 총점,nas_score,Measurement,KAI,Attribute,KAI-PATHOLOGY_REPORT-nas_score,S,SNOMED (일부) · 자체 어휘,2026-09-12,2099-12-31,,FIELD:PATHOLOGY_REPORT:nas_score
10000000465,병리검사에서 확인된 종양 개수,tumor_count,Measurement,KAI,Attribute,KAI-PATHOLOGY_TUMOR-tumor_count,S,SNOMED (tumor size),2026-09-12,2099-12-31,,FIELD:PATHOLOGY_TUMOR:tumor_count
10000000466,종양 가로 크기,tumor_size_width_cm,Measurement,KAI,Attribute,KAI-PATHOLOGY_TUMOR-tumor_size_width_cm,S,SNOMED (tumor size),2026-09-12,2099-12-31,,FIELD:PATHOLOGY_TUMOR:tumor_size_width_cm
10000000467,종양 세로 크기,tumor_size_length_cm,Measurement,KAI,Attribute,KAI-PATHOLOGY_TUMOR-tumor_size_length_cm,S,SNOMED (tumor size),2026-09-12,2099-12-31,,FIELD:PATHOLOGY_TUMOR:tumor_size_length_cm
10000000468,종양 높이,tumor_size_height_cm,Measurement,KAI,Attribute,KAI-PATHOLOGY_TUMOR-tumor_size_height_cm,S,SNOMED (tumor size),2026-09-12,2099-12-31,,FIELD:PATHOLOGY_TUMOR:tumor_size_height_cm
10000000469,수술 후 병리 종양 최대 직경,pathologic_tumor_max_diameter_cm,Measurement,KAI,Attribute,KAI-PATHOLOGY_TUMOR-pathologic_tumor_max_diameter_cm,S,SNOMED (tumor size),2026-09-12,2099-12-31,,FIELD:PATHOLOGY_TUMOR:pathologic_tumor_max_diameter_cm
10000000470,면역조직화학병리 검사,ihc_test,Observation,KAI,Attribute,KAI-BIOMARKER-ihc_test,S,LOINC (검사) · HGNC/HGVS (변이) · SNOMED (결과),2026-09-12,2099-12-31,,FIELD:BIOMARKER:ihc_test
10000000471,분자병리 검사,molecular_pathology_test,Observation,KAI,Attribute,KAI-BIOMARKER-molecular_pathology_test,S,LOINC (검사) · HGNC/HGVS (변이) · SNOMED (결과),2026-09-12,2099-12-31,,FIELD:BIOMARKER:molecular_pathology_test
10000000472,유전자 돌연변이검사 방법,mutation_test_method,Observation,KAI,Attribute,KAI-BIOMARKER-mutation_test_method,S,LOINC (검사) · HGNC/HGVS (변이) · SNOMED (결과),2026-09-12,2099-12-31,,FIELD:BIOMARKER:mutation_test_method
10000000473,돌연변이검사 시행 유전자 종류,mutation_test_gene,Observation,KAI,Attribute,KAI-BIOMARKER-mutation_test_gene,S,LOINC (검사) · HGNC/HGVS (변이) · SNOMED (결과),2026-09-12,2099-12-31,,FIELD:BIOMARKER:mutation_test_gene
10000000474,유방암 분자아형,molecular_subtype,Observation,KAI,Attribute,KAI-BIOMARKER-molecular_subtype,S,LOINC (검사) · HGNC/HGVS (변이) · SNOMED (결과),2026-09-12,2099-12-31,,FIELD:BIOMARKER:molecular_subtype
10000000475,Reference Sequence 값,reference_sequence,Measurement,KAI,Attribute,KAI-BIOMARKER-reference_sequence,S,LOINC (검사) · HGNC/HGVS (변이) · SNOMED (결과),2026-09-12,2099-12-31,,FIELD:BIOMARKER:reference_sequence
10000000476,DNA 변이 정보 A 값,dna_variant_a,Measurement,KAI,Attribute,KAI-BIOMARKER-dna_variant_a,S,LOINC (검사) · HGNC/HGVS (변이) · SNOMED (결과),2026-09-12,2099-12-31,,FIELD:BIOMARKER:dna_variant_a
10000000477,DNA 변이 정보 B 값,dna_variant_b,Measurement,KAI,Attribute,KAI-BIOMARKER-dna_variant_b,S,LOINC (검사) · HGNC/HGVS (변이) · SNOMED (결과),2026-09-12,2099-12-31,,FIELD:BIOMARKER:dna_variant_b
10000000478,DNA 변이 정보 C 값,dna_variant_c,Measurement,KAI,Attribute,KAI-BIOMARKER-dna_variant_c,S,LOINC (검사) · HGNC/HGVS (변이) · SNOMED (결과),2026-09-12,2099-12-31,,FIELD:BIOMARKER:dna_variant_c
10000000479,아미노산 변이 정보 A,protein_variant_a,Observation,KAI,Attribute,KAI-BIOMARKER-protein_variant_a,S,LOINC (검사) · HGNC/HGVS (변이) · SNOMED (결과),2026-09-12,2099-12-31,,FIELD:BIOMARKER:protein_variant_a
10000000480,아미노산 변이 정보 B,protein_variant_b,Observation,KAI,Attribute,KAI-BIOMARKER-protein_variant_b,S,LOINC (검사) · HGNC/HGVS (변이) · SNOMED (결과),2026-09-12,2099-12-31,,FIELD:BIOMARKER:protein_variant_b
10000000481,아미노산 변이 정보 C,protein_variant_c,Observation,KAI,Attribute,KAI-BIOMARKER-protein_variant_c,S,LOINC (검사) · HGNC/HGVS (변이) · SNOMED (결과),2026-09-12,2099-12-31,,FIELD:BIOMARKER:protein_variant_c
10000000482,예후예측 유전자 발현검사 종류,prognostic_gene_assay_type,Observation,KAI,Attribute,KAI-BIOMARKER-prognostic_gene_assay_type,S,LOINC (검사) · HGNC/HGVS (변이) · SNOMED (결과),2026-09-12,2099-12-31,,FIELD:BIOMARKER:prognostic_gene_assay_type
10000000483,예후예측 유전자 발현검사 결과,prognostic_gene_assay_result,Observation,KAI,Attribute,KAI-BIOMARKER-prognostic_gene_assay_result,S,LOINC (검사) · HGNC/HGVS (변이) · SNOMED (결과),2026-09-12,2099-12-31,,FIELD:BIOMARKER:prognostic_gene_assay_result
10000000484,생식세포 변이검사 방법,germline_test_method,Observation,KAI,Attribute,KAI-BIOMARKER-germline_test_method,S,LOINC (검사) · HGNC/HGVS (변이) · SNOMED (결과),2026-09-12,2099-12-31,,FIELD:BIOMARKER:germline_test_method
10000000485,생식세포 변이검사 유전자 종류,germline_test_gene,Observation,KAI,Attribute,KAI-BIOMARKER-germline_test_gene,S,LOINC (검사) · HGNC/HGVS (변이) · SNOMED (결과),2026-09-12,2099-12-31,,FIELD:BIOMARKER:germline_test_gene
10000000486,생식세포 변이검사 결과 내용,germline_test_result,Observation,KAI,Attribute,KAI-BIOMARKER-germline_test_result,S,LOINC (검사) · HGNC/HGVS (변이) · SNOMED (결과),2026-09-12,2099-12-31,,FIELD:BIOMARKER:germline_test_result
10000000487,Pathogenic 검출 여부,pathogenic_variant_yn,Observation,KAI,Attribute,KAI-BIOMARKER-pathogenic_variant_yn,S,LOINC (검사) · HGNC/HGVS (변이) · SNOMED (결과),2026-09-12,2099-12-31,,FIELD:BIOMARKER:pathogenic_variant_yn
10000000488,Unclassified Variant 검출 여부,vus_yn,Observation,KAI,Attribute,KAI-BIOMARKER-vus_yn,S,LOINC (검사) · HGNC/HGVS (변이) · SNOMED (결과),2026-09-12,2099-12-31,,FIELD:BIOMARKER:vus_yn
10000000489,PAM50 재발위험(ROR) 점수,pam50_ror_score,Measurement,KAI,Attribute,KAI-BIOMARKER-pam50_ror_score,S,LOINC (검사) · HGNC/HGVS (변이) · SNOMED (결과),2026-09-12,2099-12-31,,FIELD:BIOMARKER:pam50_ror_score
10000000490,Oncotype DX 재발점수,oncotype_rs,Measurement,KAI,Attribute,KAI-BIOMARKER-oncotype_rs,S,LOINC (검사) · HGNC/HGVS (변이) · SNOMED (결과),2026-09-12,2099-12-31,,FIELD:BIOMARKER:oncotype_rs
10000000491,Oncotype DX 위험군,oncotype_risk_group,Observation,KAI,Attribute,KAI-BIOMARKER-oncotype_risk_group,S,LOINC (검사) · HGNC/HGVS (변이) · SNOMED (결과),2026-09-12,2099-12-31,,FIELD:BIOMARKER:oncotype_risk_group
10000000492,MammaPrint 재발위험 판정,mammaprint_result,Observation,KAI,Attribute,KAI-BIOMARKER-mammaprint_result,S,LOINC (검사) · HGNC/HGVS (변이) · SNOMED (결과),2026-09-12,2099-12-31,,FIELD:BIOMARKER:mammaprint_result
10000000493,유전자 돌연변이검사 결과,mutation_test_result,Observation,KAI,Attribute,KAI-BIOMARKER-mutation_test_result,S,LOINC (검사) · HGNC/HGVS (변이) · SNOMED (결과),2026-09-12,2099-12-31,,FIELD:BIOMARKER:mutation_test_result
10000000494,췌도 자가항체(GAD 항체) 결과,gad_antibody_result,Observation,KAI,Attribute,KAI-BIOMARKER-gad_antibody_result,S,LOINC (검사) · HGNC/HGVS (변이) · SNOMED (결과),2026-09-12,2099-12-31,,FIELD:BIOMARKER:gad_antibody_result
10000000495,CD3 검사 결과,cd3_result,Observation,KAI,Attribute,KAI-BIOMARKER-cd3_result,S,LOINC (검사) · HGNC/HGVS (변이) · SNOMED (결과),2026-09-12,2099-12-31,,FIELD:BIOMARKER:cd3_result
10000000496,CD5 검사 결과,cd5_result,Observation,KAI,Attribute,KAI-BIOMARKER-cd5_result,S,LOINC (검사) · HGNC/HGVS (변이) · SNOMED (결과),2026-09-12,2099-12-31,,FIELD:BIOMARKER:cd5_result
10000000497,CD10 검사 결과,cd10_result,Observation,KAI,Attribute,KAI-BIOMARKER-cd10_result,S,LOINC (검사) · HGNC/HGVS (변이) · SNOMED (결과),2026-09-12,2099-12-31,,FIELD:BIOMARKER:cd10_result
10000000498,CD15 검사 결과,cd15_result,Observation,KAI,Attribute,KAI-BIOMARKER-cd15_result,S,LOINC (검사) · HGNC/HGVS (변이) · SNOMED (결과),2026-09-12,2099-12-31,,FIELD:BIOMARKER:cd15_result
10000000499,CD19 검사 결과,cd19_result,Observation,KAI,Attribute,KAI-BIOMARKER-cd19_result,S,LOINC (검사) · HGNC/HGVS (변이) · SNOMED (결과),2026-09-12,2099-12-31,,FIELD:BIOMARKER:cd19_result
10000000500,CD20 검사 결과,cd20_result,Observation,KAI,Attribute,KAI-BIOMARKER-cd20_result,S,LOINC (검사) · HGNC/HGVS (변이) · SNOMED (결과),2026-09-12,2099-12-31,,FIELD:BIOMARKER:cd20_result
10000000501,CD22 검사 결과,cd22_result,Observation,KAI,Attribute,KAI-BIOMARKER-cd22_result,S,LOINC (검사) · HGNC/HGVS (변이) · SNOMED (결과),2026-09-12,2099-12-31,,FIELD:BIOMARKER:cd22_result
10000000502,CD23 검사 결과,cd23_result,Observation,KAI,Attribute,KAI-BIOMARKER-cd23_result,S,LOINC (검사) · HGNC/HGVS (변이) · SNOMED (결과),2026-09-12,2099-12-31,,FIELD:BIOMARKER:cd23_result
10000000503,CD30 검사 결과,cd30_result,Observation,KAI,Attribute,KAI-BIOMARKER-cd30_result,S,LOINC (검사) · HGNC/HGVS (변이) · SNOMED (결과),2026-09-12,2099-12-31,,FIELD:BIOMARKER:cd30_result
10000000504,CD79a 검사 결과,cd79a_result,Observation,KAI,Attribute,KAI-BIOMARKER-cd79a_result,S,LOINC (검사) · HGNC/HGVS (변이) · SNOMED (결과),2026-09-12,2099-12-31,,FIELD:BIOMARKER:cd79a_result
10000000505,PAX5 검사 결과,pax5_result,Observation,KAI,Attribute,KAI-BIOMARKER-pax5_result,S,LOINC/SNOMED,2026-09-12,2099-12-31,,FIELD:BIOMARKER:pax5_result
10000000506,BCL2 단백 발현 결과와 양성률,bcl2_protein_result,Observation,KAI,Attribute,KAI-BIOMARKER-bcl2_protein_result,S,LOINC (검사) · HGNC/HGVS (변이) · SNOMED (결과),2026-09-12,2099-12-31,,FIELD:BIOMARKER:bcl2_protein_result
10000000507,BCL6 단백 발현 결과와 양성률,bcl6_protein_result,Observation,KAI,Attribute,KAI-BIOMARKER-bcl6_protein_result,S,LOINC (검사) · HGNC/HGVS (변이) · SNOMED (결과),2026-09-12,2099-12-31,,FIELD:BIOMARKER:bcl6_protein_result
10000000508,MUM1/IRF4 발현 결과와 양성률,mum1_result,Observation,KAI,Attribute,KAI-BIOMARKER-mum1_result,S,LOINC (검사) · HGNC/HGVS (변이) · SNOMED (결과),2026-09-12,2099-12-31,,FIELD:BIOMARKER:mum1_result
10000000509,MYC 단백 발현 결과와 양성률,myc_protein_result,Observation,KAI,Attribute,KAI-BIOMARKER-myc_protein_result,S,LOINC (검사) · HGNC/HGVS (변이) · SNOMED (결과),2026-09-12,2099-12-31,,FIELD:BIOMARKER:myc_protein_result
10000000510,Cyclin D1 발현 결과,cyclin_d1_result,Observation,KAI,Attribute,KAI-BIOMARKER-cyclin_d1_result,S,LOINC (검사) · HGNC/HGVS (변이) · SNOMED (결과),2026-09-12,2099-12-31,,FIELD:BIOMARKER:cyclin_d1_result
10000000511,SOX11 발현 결과,sox11_result,Observation,KAI,Attribute,KAI-BIOMARKER-sox11_result,S,LOINC (검사) · HGNC/HGVS (변이) · SNOMED (결과),2026-09-12,2099-12-31,,FIELD:BIOMARKER:sox11_result
10000000512,ALK 발현 또는 재배열 검사 결과,alk_result,Observation,KAI,Attribute,KAI-BIOMARKER-alk_result,S,LOINC (검사) · HGNC/HGVS (변이) · SNOMED (결과),2026-09-12,2099-12-31,,FIELD:BIOMARKER:alk_result
10000000513,PD-L1 발현 결과 및 평가법,pdl1_result,Observation,KAI,Attribute,KAI-BIOMARKER-pdl1_result,S,LOINC (검사) · HGNC/HGVS (변이) · SNOMED (결과),2026-09-12,2099-12-31,,FIELD:BIOMARKER:pdl1_result
10000000514,Ki-67 증식지수,ki67_percent,Measurement,KAI,Attribute,KAI-BIOMARKER-ki67_percent,S,LOINC (검사) · HGNC/HGVS (변이) · SNOMED (결과),2026-09-12,2099-12-31,,FIELD:BIOMARKER:ki67_percent
10000000515,EBV EBER 검사 결과,ebv_eber_result,Observation,KAI,Attribute,KAI-BIOMARKER-ebv_eber_result,S,LOINC (검사) · HGNC/HGVS (변이) · SNOMED (결과),2026-09-12,2099-12-31,,FIELD:BIOMARKER:ebv_eber_result
10000000516,DLBCL 세포기원 분류,dlbcl_cell_of_origin,Observation,KAI,Attribute,KAI-BIOMARKER-dlbcl_cell_of_origin,S,LOINC (검사) · HGNC/HGVS (변이) · SNOMED (결과),2026-09-12,2099-12-31,,FIELD:BIOMARKER:dlbcl_cell_of_origin
10000000517,MYC/BCL2 이중발현 여부,double_expressor_yn,Observation,KAI,Attribute,KAI-BIOMARKER-double_expressor_yn,S,LOINC (검사) · HGNC/HGVS (변이) · SNOMED (결과),2026-09-12,2099-12-31,,FIELD:BIOMARKER:double_expressor_yn
10000000518,유세포검사 면역표현형 요약,flow_cytometry_summary,Observation,KAI,Attribute,KAI-BIOMARKER-flow_cytometry_summary,S,LOINC (검사) · HGNC/HGVS (변이) · SNOMED (결과),2026-09-12,2099-12-31,,FIELD:BIOMARKER:flow_cytometry_summary
10000000519,분자·세포유전검사 시행일,molecular_test_date,Observation,KAI,Attribute,KAI-BIOMARKER-molecular_test_date,S,LOINC/SNOMED,2026-09-12,2099-12-31,,FIELD:BIOMARKER:molecular_test_date
10000000520,분자·세포유전검사 방법,molecular_test_method,Observation,KAI,Attribute,KAI-BIOMARKER-molecular_test_method,S,LOINC/SNOMED,2026-09-12,2099-12-31,,FIELD:BIOMARKER:molecular_test_method
10000000521,MYC 재배열 검사 결과,myc_rearrangement_result,Observation,KAI,Attribute,KAI-BIOMARKER-myc_rearrangement_result,S,LOINC (검사) · HGNC/HGVS (변이) · SNOMED (결과),2026-09-12,2099-12-31,,FIELD:BIOMARKER:myc_rearrangement_result
10000000522,BCL2 재배열 검사 결과,bcl2_rearrangement_result,Observation,KAI,Attribute,KAI-BIOMARKER-bcl2_rearrangement_result,S,LOINC (검사) · HGNC/HGVS (변이) · SNOMED (결과),2026-09-12,2099-12-31,,FIELD:BIOMARKER:bcl2_rearrangement_result
10000000523,BCL6 재배열 검사 결과,bcl6_rearrangement_result,Observation,KAI,Attribute,KAI-BIOMARKER-bcl6_rearrangement_result,S,LOINC (검사) · HGNC/HGVS (변이) · SNOMED (결과),2026-09-12,2099-12-31,,FIELD:BIOMARKER:bcl6_rearrangement_result
10000000524,Double-hit/Triple-hit 상태,double_hit_status,Observation,KAI,Attribute,KAI-BIOMARKER-double_hit_status,S,LOINC (검사) · HGNC/HGVS (변이) · SNOMED (결과),2026-09-12,2099-12-31,,FIELD:BIOMARKER:double_hit_status
10000000525,t(14;18) 전좌 검사 결과,t14_18_result,Observation,KAI,Attribute,KAI-BIOMARKER-t14_18_result,S,LOINC (검사) · HGNC/HGVS (변이) · SNOMED (결과),2026-09-12,2099-12-31,,FIELD:BIOMARKER:t14_18_result
10000000526,t(11;14) 전좌 검사 결과,t11_14_result,Observation,KAI,Attribute,KAI-BIOMARKER-t11_14_result,S,LOINC (검사) · HGNC/HGVS (변이) · SNOMED (결과),2026-09-12,2099-12-31,,FIELD:BIOMARKER:t11_14_result
10000000527,"TP53 변이, 17p 결실 또는 비정상 p53 발현 결과",tp53_abnormality_result,Observation,KAI,Attribute,KAI-BIOMARKER-tp53_abnormality_result,S,LOINC (검사) · HGNC/HGVS (변이) · SNOMED (결과),2026-09-12,2099-12-31,,FIELD:BIOMARKER:tp53_abnormality_result
10000000528,Complex karyotype 여부,complex_karyotype_yn,Observation,KAI,Attribute,KAI-BIOMARKER-complex_karyotype_yn,S,LOINC (검사) · HGNC/HGVS (변이) · SNOMED (결과),2026-09-12,2099-12-31,,FIELD:BIOMARKER:complex_karyotype_yn
10000000529,IG/TCR 클론성 검사 결과,ig_tcr_clonality_result,Observation,KAI,Attribute,KAI-BIOMARKER-ig_tcr_clonality_result,S,LOINC (검사) · HGNC/HGVS (변이) · SNOMED (결과),2026-09-12,2099-12-31,,FIELD:BIOMARKER:ig_tcr_clonality_result
10000000530,"유세포, PCR 또는 NGS 기반 미세잔존질환(MRD) 결과",mrd_result,Observation,KAI,Attribute,KAI-BIOMARKER-mrd_result,S,LOINC (검사) · HGNC/HGVS (변이) · SNOMED (결과),2026-09-12,2099-12-31,,FIELD:BIOMARKER:mrd_result
10000000531,순환종양DNA(ctDNA) 결과,ctdna_result,Observation,KAI,Attribute,KAI-BIOMARKER-ctdna_result,S,LOINC (검사) · HGNC/HGVS (변이) · SNOMED (결과),2026-09-12,2099-12-31,,FIELD:BIOMARKER:ctdna_result
10000000532,수술명,surgery_name,Observation,KAI,Attribute,KAI-SURGERY-surgery_name,S,EDI/SNOMED procedure,2026-09-12,2099-12-31,,FIELD:SURGERY:surgery_name
10000000533,수술 목적,surgery_purpose,Observation,KAI,Attribute,KAI-SURGERY-surgery_purpose,S,EDI/SNOMED procedure,2026-09-12,2099-12-31,,FIELD:SURGERY:surgery_purpose
10000000534,수술 부위,surgery_site,Observation,KAI,Attribute,KAI-SURGERY-surgery_site,S,EDI/SNOMED procedure,2026-09-12,2099-12-31,,FIELD:SURGERY:surgery_site
10000000535,수술 방법,surgery_approach,Observation,KAI,Attribute,KAI-SURGERY-surgery_approach,S,EDI/SNOMED procedure,2026-09-12,2099-12-31,,FIELD:SURGERY:surgery_approach
10000000536,수술 시 확인한 종양 위치,surgery_tumor_location,Observation,KAI,Attribute,KAI-SURGERY-surgery_tumor_location,S,EDI/SNOMED procedure,2026-09-12,2099-12-31,,FIELD:SURGERY:surgery_tumor_location
10000000537,재건·성형술 분류,reconstruction_type,Observation,KAI,Attribute,KAI-SURGERY-reconstruction_type,S,EDI/SNOMED procedure,2026-09-12,2099-12-31,,FIELD:SURGERY:reconstruction_type
10000000538,수술 중 추정실혈량 구분,ebl_category,Observation,KAI,Attribute,KAI-SURGERY-ebl_category,S,EDI/SNOMED procedure,2026-09-12,2099-12-31,,FIELD:SURGERY:ebl_category
10000000539,수술 중 추정실혈량 값,ebl_ml,Measurement,KAI,Attribute,KAI-SURGERY-ebl_ml,S,EDI/SNOMED procedure,2026-09-12,2099-12-31,,FIELD:SURGERY:ebl_ml
10000000540,장루 복원 수술 시행일,stoma_reversal_date,Observation,KAI,Attribute,KAI-SURGERY-stoma_reversal_date,S,EDI/SNOMED procedure,2026-09-12,2099-12-31,,FIELD:SURGERY:stoma_reversal_date
10000000541,장루 복원 수술명,stoma_reversal_name,Observation,KAI,Attribute,KAI-SURGERY-stoma_reversal_name,S,EDI/SNOMED procedure,2026-09-12,2099-12-31,,FIELD:SURGERY:stoma_reversal_name
10000000542,장루 복원 수술 위치,stoma_reversal_site,Observation,KAI,Attribute,KAI-SURGERY-stoma_reversal_site,S,EDI/SNOMED procedure,2026-09-12,2099-12-31,,FIELD:SURGERY:stoma_reversal_site
10000000543,방사선치료 처방일,rt_prescription_date,Measurement,KAI,Attribute,KAI-RADIOTHERAPY-rt_prescription_date,S,SNOMED/EDI,2026-09-12,2099-12-31,,FIELD:RADIOTHERAPY:rt_prescription_date
10000000544,방사선치료명,rt_name,Measurement,KAI,Attribute,KAI-RADIOTHERAPY-rt_name,S,SNOMED/EDI,2026-09-12,2099-12-31,,FIELD:RADIOTHERAPY:rt_name
10000000545,방사선치료 목적,rt_purpose,Measurement,KAI,Attribute,KAI-RADIOTHERAPY-rt_purpose,S,SNOMED/EDI,2026-09-12,2099-12-31,,FIELD:RADIOTHERAPY:rt_purpose
10000000546,방사선치료 부위,rt_site,Measurement,KAI,Attribute,KAI-RADIOTHERAPY-rt_site,S,SNOMED/EDI,2026-09-12,2099-12-31,,FIELD:RADIOTHERAPY:rt_site
10000000547,방사선 1회 선량 값(Gy),rt_dose_per_fraction_gy,Measurement,KAI,Attribute,KAI-RADIOTHERAPY-rt_dose_per_fraction_gy,S,SNOMED/EDI,2026-09-12,2099-12-31,,FIELD:RADIOTHERAPY:rt_dose_per_fraction_gy
10000000548,방사선 부위별 시행 횟수,rt_fractions,Measurement,KAI,Attribute,KAI-RADIOTHERAPY-rt_fractions,S,SNOMED/EDI,2026-09-12,2099-12-31,,FIELD:RADIOTHERAPY:rt_fractions
10000000549,방사선치료 총 선량 값(Gy),rt_total_dose_gy,Measurement,KAI,Attribute,KAI-RADIOTHERAPY-rt_total_dose_gy,S,SNOMED/EDI,2026-09-12,2099-12-31,,FIELD:RADIOTHERAPY:rt_total_dose_gy
10000000550,방사선치료 시행 여부,rt_yn,Measurement,KAI,Attribute,KAI-RADIOTHERAPY-rt_yn,S,SNOMED/EDI,2026-09-12,2099-12-31,,FIELD:RADIOTHERAPY:rt_yn
10000000551,이전 전신치료 line 수,prior_lines_count,Measurement,KAI,Attribute,KAI-ANTP_THERAPY-prior_lines_count,S,HemOnc/자체,2026-09-12,2099-12-31,,FIELD:ANTP_THERAPY:prior_lines_count
10000000552,현재 치료 line 번호,regimen_or_line_of_therapy,Measurement,KAI,Attribute,KAI-ANTP_THERAPY-regimen_or_line_of_therapy,S,HemOnc/자체,2026-09-12,2099-12-31,,FIELD:ANTP_THERAPY:regimen_or_line_of_therapy
10000000553,항암요법 레지멘명,regimen,Observation,KAI,Attribute,KAI-ANTP_THERAPY-regimen,S,HemOnc/자체,2026-09-12,2099-12-31,,FIELD:ANTP_THERAPY:regimen
10000000554,투여 사이클 수,number_of_cycles,Measurement,KAI,Attribute,KAI-ANTP_THERAPY-number_of_cycles,S,HemOnc/자체,2026-09-12,2099-12-31,,FIELD:ANTP_THERAPY:number_of_cycles
10000000555,regimen_source_value,regimen_source_value,Observation,KAI,Attribute,KAI-ANTP_THERAPY-regimen_source_value,S,,2026-09-12,2099-12-31,,FIELD:ANTP_THERAPY:regimen_source_value
10000000556,antp_end_date,antp_end_date,Observation,KAI,Attribute,KAI-ANTP_THERAPY-antp_end_date,S,,2026-09-12,2099-12-31,,FIELD:ANTP_THERAPY:antp_end_date
10000000557,treatment_intent_type,treatment_intent_type,Observation,KAI,Attribute,KAI-ANTP_THERAPY-treatment_intent_type,S,,2026-09-12,2099-12-31,,FIELD:ANTP_THERAPY:treatment_intent_type
10000000558,best_overall_response_source_value,best_overall_response_source_value,Observation,KAI,Attribute,KAI-ANTP_THERAPY-best_overall_response_source_value,S,,2026-09-12,2099-12-31,,FIELD:ANTP_THERAPY:best_overall_response_source_value
10000000559,drug_category,drug_category,Observation,KAI,Attribute,KAI-ANTP_THERAPY-drug_category,S,,2026-09-12,2099-12-31,,FIELD:ANTP_THERAPY:drug_category
10000000560,ecog_performance_status,ecog_performance_status,Measurement,KAI,Attribute,KAI-ANTP_THERAPY-ecog_performance_status,S,,2026-09-12,2099-12-31,,FIELD:ANTP_THERAPY:ecog_performance_status
10000000561,treatment_outcome,treatment_outcome,Measurement,KAI,Attribute,KAI-ANTP_THERAPY-treatment_outcome,S,,2026-09-12,2099-12-31,,FIELD:ANTP_THERAPY:treatment_outcome
10000000562,days_to_progression,days_to_progression,Observation,KAI,Attribute,KAI-ANTP_THERAPY-days_to_progression,S,,2026-09-12,2099-12-31,,FIELD:ANTP_THERAPY:days_to_progression
10000000563,progression_or_recurrence_anatomic_site,progression_or_recurrence_anatomic_site,Observation,KAI,Attribute,KAI-ANTP_THERAPY-progression_or_recurrence_anatomic_site,S,,2026-09-12,2099-12-31,,FIELD:ANTP_THERAPY:progression_or_recurrence_anatomic_site
10000000564,암 재발 진단일,recurrence_date,Measurement,KAI,Attribute,KAI-RESPONSE_ASSESSMENT-recurrence_date,S,"SNOMED (Deauville 708896007, RCB 1407080009) · 자체(RECIST)",2026-09-12,2099-12-31,,FIELD:RESPONSE_ASSESSMENT:recurrence_date
10000000565,암 재발 부위,recurrence_site,Measurement,KAI,Attribute,KAI-RESPONSE_ASSESSMENT-recurrence_site,S,"SNOMED (Deauville 708896007, RCB 1407080009) · 자체(RECIST)",2026-09-12,2099-12-31,,FIELD:RESPONSE_ASSESSMENT:recurrence_site
10000000566,선행항암 후 병리학적 완전관해 여부,pcr_yn,Measurement,KAI,Attribute,KAI-RESPONSE_ASSESSMENT-pcr_yn,S,"SNOMED (Deauville 708896007, RCB 1407080009) · 자체(RECIST)",2026-09-12,2099-12-31,,FIELD:RESPONSE_ASSESSMENT:pcr_yn
10000000567,선행치료 후 잔존종양부담(RCB) 등급,rcb_class,Measurement,KAI,Attribute,KAI-RESPONSE_ASSESSMENT-rcb_class,S,"SNOMED (Deauville 708896007, RCB 1407080009) · 자체(RECIST)",2026-09-12,2099-12-31,,FIELD:RESPONSE_ASSESSMENT:rcb_class
10000000568,신보조직장점수(NAR score),nar_score,Measurement,KAI,Attribute,KAI-RESPONSE_ASSESSMENT-nar_score,S,"SNOMED (Deauville 708896007, RCB 1407080009) · 자체(RECIST)",2026-09-12,2099-12-31,,FIELD:RESPONSE_ASSESSMENT:nar_score
10000000569,임상적 완전관해(cCR) 판정 상태,ccr_status,Measurement,KAI,Attribute,KAI-RESPONSE_ASSESSMENT-ccr_status,S,"SNOMED (Deauville 708896007, RCB 1407080009) · 자체(RECIST)",2026-09-12,2099-12-31,,FIELD:RESPONSE_ASSESSMENT:ccr_status
10000000570,측정가능 병변 존재 여부,measurable_disease_yn,Measurement,KAI,Attribute,KAI-RESPONSE_ASSESSMENT-measurable_disease_yn,S,"SNOMED (Deauville 708896007, RCB 1407080009) · 자체(RECIST)",2026-09-12,2099-12-31,,FIELD:RESPONSE_ASSESSMENT:measurable_disease_yn
10000000571,표적 병변 개수,target_lesions_count,Measurement,KAI,Attribute,KAI-RESPONSE_ASSESSMENT-target_lesions_count,S,"SNOMED (Deauville 708896007, RCB 1407080009) · 자체(RECIST)",2026-09-12,2099-12-31,,FIELD:RESPONSE_ASSESSMENT:target_lesions_count
10000000572,표적 병변 직경곱 합(SPD),spd_mm2,Measurement,KAI,Attribute,KAI-RESPONSE_ASSESSMENT-spd_mm2,S,"SNOMED (Deauville 708896007, RCB 1407080009) · 자체(RECIST)",2026-09-12,2099-12-31,,FIELD:RESPONSE_ASSESSMENT:spd_mm2
10000000573,질환 경과 상태,disease_status,Measurement,KAI,Attribute,KAI-RESPONSE_ASSESSMENT-disease_status,S,"SNOMED (Deauville 708896007, RCB 1407080009) · 자체(RECIST)",2026-09-12,2099-12-31,,FIELD:RESPONSE_ASSESSMENT:disease_status
10000000574,일차 치료 불응 여부,primary_refractory_yn,Measurement,KAI,Attribute,KAI-RESPONSE_ASSESSMENT-primary_refractory_yn,S,"SNOMED (Deauville 708896007, RCB 1407080009) · 자체(RECIST)",2026-09-12,2099-12-31,,FIELD:RESPONSE_ASSESSMENT:primary_refractory_yn
10000000575,반응평가 시점,response_timepoint,Measurement,KAI,Attribute,KAI-RESPONSE_ASSESSMENT-response_timepoint,S,"SNOMED (Deauville 708896007, RCB 1407080009) · 자체(RECIST)",2026-09-12,2099-12-31,,FIELD:RESPONSE_ASSESSMENT:response_timepoint
10000000576,적용 반응평가 기준,response_criteria,Measurement,KAI,Attribute,KAI-RESPONSE_ASSESSMENT-response_criteria,S,"SNOMED (Deauville 708896007, RCB 1407080009) · 자체(RECIST)",2026-09-12,2099-12-31,,FIELD:RESPONSE_ASSESSMENT:response_criteria
10000000577,반응평가 검사 방법,response_method,Measurement,KAI,Attribute,KAI-RESPONSE_ASSESSMENT-response_method,S,"SNOMED (Deauville 708896007, RCB 1407080009) · 자체(RECIST)",2026-09-12,2099-12-31,,FIELD:RESPONSE_ASSESSMENT:response_method
10000000578,Deauville 5점 척도,deauville_score,Measurement,KAI,Attribute,KAI-RESPONSE_ASSESSMENT-deauville_score,S,"SNOMED (Deauville 708896007, RCB 1407080009) · 자체(RECIST)",2026-09-12,2099-12-31,,FIELD:RESPONSE_ASSESSMENT:deauville_score
10000000579,해부학적 반응,anatomic_response,Measurement,KAI,Attribute,KAI-RESPONSE_ASSESSMENT-anatomic_response,S,"SNOMED (Deauville 708896007, RCB 1407080009) · 자체(RECIST)",2026-09-12,2099-12-31,,FIELD:RESPONSE_ASSESSMENT:anatomic_response
10000000580,대사 반응,metabolic_response,Measurement,KAI,Attribute,KAI-RESPONSE_ASSESSMENT-metabolic_response,S,"SNOMED (Deauville 708896007, RCB 1407080009) · 자체(RECIST)",2026-09-12,2099-12-31,,FIELD:RESPONSE_ASSESSMENT:metabolic_response
10000000581,최적 종합반응,best_overall_response,Measurement,KAI,Attribute,KAI-RESPONSE_ASSESSMENT-best_overall_response,S,"SNOMED (Deauville 708896007, RCB 1407080009) · 자체(RECIST)",2026-09-12,2099-12-31,,FIELD:RESPONSE_ASSESSMENT:best_overall_response
10000000582,기저 골수 침범이 있었던 환자의 골수 반응 결과,bone_marrow_response,Measurement,KAI,Attribute,KAI-RESPONSE_ASSESSMENT-bone_marrow_response,S,자체,2026-09-12,2099-12-31,,FIELD:RESPONSE_ASSESSMENT:bone_marrow_response
10000000583,장천공 여부,bowel_perforation_yn,Observation,KAI,Attribute,KAI-ADVERSE_EVENT-bowel_perforation_yn,S,MedDRA + CTCAE,2026-09-12,2099-12-31,,FIELD:ADVERSE_EVENT:bowel_perforation_yn
10000000584,장폐색 여부,bowel_obstruction_yn,Observation,KAI,Attribute,KAI-ADVERSE_EVENT-bowel_obstruction_yn,S,MedDRA + CTCAE,2026-09-12,2099-12-31,,FIELD:ADVERSE_EVENT:bowel_obstruction_yn
10000000585,합병증 치료방법,complication_treatment,Observation,KAI,Attribute,KAI-ADVERSE_EVENT-complication_treatment,S,MedDRA + CTCAE,2026-09-12,2099-12-31,,FIELD:ADVERSE_EVENT:complication_treatment
10000000586,antp_id,antp_id,Measurement,KAI,Attribute,KAI-ADVERSE_EVENT-antp_id,S,,2026-09-12,2099-12-31,,FIELD:ADVERSE_EVENT:antp_id
10000000587,이상사례 용어(MedDRA PT),adverse_event_concept_id,Observation,KAI,Attribute,KAI-ADVERSE_EVENT-adverse_event_concept_id,S,,2026-09-12,2099-12-31,,FIELD:ADVERSE_EVENT:adverse_event_concept_id
10000000588,adverse_event_type_concept_id,adverse_event_type_concept_id,Observation,KAI,Attribute,KAI-ADVERSE_EVENT-adverse_event_type_concept_id,S,,2026-09-12,2099-12-31,,FIELD:ADVERSE_EVENT:adverse_event_type_concept_id
10000000589,CTCAE 등급,severity_concept_id,Observation,KAI,Attribute,KAI-ADVERSE_EVENT-severity_concept_id,S,,2026-09-12,2099-12-31,,FIELD:ADVERSE_EVENT:severity_concept_id
10000000590,인과성,causality_concept_id,Observation,KAI,Attribute,KAI-ADVERSE_EVENT-causality_concept_id,S,,2026-09-12,2099-12-31,,FIELD:ADVERSE_EVENT:causality_concept_id
10000000591,is_serious,is_serious,Observation,KAI,Attribute,KAI-ADVERSE_EVENT-is_serious,S,,2026-09-12,2099-12-31,,FIELD:ADVERSE_EVENT:is_serious
10000000592,중대성,seriousness_concept_id,Observation,KAI,Attribute,KAI-ADVERSE_EVENT-seriousness_concept_id,S,,2026-09-12,2099-12-31,,FIELD:ADVERSE_EVENT:seriousness_concept_id
10000000593,outcome_concept_id,outcome_concept_id,Observation,KAI,Attribute,KAI-ADVERSE_EVENT-outcome_concept_id,S,,2026-09-12,2099-12-31,,FIELD:ADVERSE_EVENT:outcome_concept_id
10000000594,action_taken_concept_id,action_taken_concept_id,Observation,KAI,Attribute,KAI-ADVERSE_EVENT-action_taken_concept_id,S,,2026-09-12,2099-12-31,,FIELD:ADVERSE_EVENT:action_taken_concept_id
10000000595,이상사례 원천 표기,adverse_event_source_value,Observation,KAI,Attribute,KAI-ADVERSE_EVENT-adverse_event_source_value,S,,2026-09-12,2099-12-31,,FIELD:ADVERSE_EVENT:adverse_event_source_value
10000000596,가족력 여부,family_history_yn,Observation,KAI,Attribute,KAI-FAMILY_HISTORY-family_history_yn,S,SNOMED (family member),2026-09-12,2099-12-31,,FIELD:FAMILY_HISTORY:family_history_yn
10000000597,가족력 대상자와의 관계,family_relation,Observation,KAI,Attribute,KAI-FAMILY_HISTORY-family_relation,S,SNOMED (family member),2026-09-12,2099-12-31,,FIELD:FAMILY_HISTORY:family_relation
10000000598,가족의 암 병력 여부,family_cancer_yn,Observation,KAI,Attribute,KAI-FAMILY_HISTORY-family_cancer_yn,S,SNOMED (family member),2026-09-12,2099-12-31,,FIELD:FAMILY_HISTORY:family_cancer_yn
10000000599,가족의 암 병력 암종,family_cancer_type,Observation,KAI,Attribute,KAI-FAMILY_HISTORY-family_cancer_type,S,SNOMED (family member),2026-09-12,2099-12-31,,FIELD:FAMILY_HISTORY:family_cancer_type
10000000600,가족의 간질환 병력 여부,family_liver_disease_yn,Observation,KAI,Attribute,KAI-FAMILY_HISTORY-family_liver_disease_yn,S,SNOMED (family member),2026-09-12,2099-12-31,,FIELD:FAMILY_HISTORY:family_liver_disease_yn
10000000601,당뇨병 가족력 여부,family_diabetes_yn,Observation,KAI,Attribute,KAI-FAMILY_HISTORY-family_diabetes_yn,S,SNOMED (family member),2026-09-12,2099-12-31,,FIELD:FAMILY_HISTORY:family_diabetes_yn
10000000602,가족 질환(암종 외),family_disease,Observation,KAI,Attribute,KAI-FAMILY_HISTORY-family_disease,S,,2026-09-12,2099-12-31,,FIELD:FAMILY_HISTORY:family_disease
10000000603,가족 진단 나이,family_member_age_at_diagnosis,Measurement,KAI,Attribute,KAI-FAMILY_HISTORY-family_member_age_at_diagnosis,S,,2026-09-12,2099-12-31,,FIELD:FAMILY_HISTORY:family_member_age_at_diagnosis
10000000604,영상검사 결과 진단적 분류(Diagnostic Classification),imaging_diagnostic_classification,Observation,KAI,Attribute,KAI-LUNG_EXAM-imaging_diagnostic_classification,S,SNOMED/LOINC (일부),2026-09-12,2099-12-31,,FIELD:LUNG_EXAM:imaging_diagnostic_classification
10000000605,영상검사상 폐 종양 최대 직경,imaging_tumor_max_diameter_cm,Measurement,KAI,Attribute,KAI-LUNG_EXAM-imaging_tumor_max_diameter_cm,S,SNOMED (lesion size),2026-09-12,2099-12-31,,FIELD:LUNG_EXAM:imaging_tumor_max_diameter_cm
10000000606,고형성분 비율(CTR),ctr_ratio,Measurement,KAI,Attribute,KAI-LUNG_EXAM-ctr_ratio,S,SNOMED/LOINC (일부),2026-09-12,2099-12-31,,FIELD:LUNG_EXAM:ctr_ratio
10000000607,폐결절 방사선학적 유형,nodule_radiologic_type,Observation,KAI,Attribute,KAI-LUNG_EXAM-nodule_radiologic_type,S,SNOMED/LOINC (일부),2026-09-12,2099-12-31,,FIELD:LUNG_EXAM:nodule_radiologic_type
10000000608,결혼 여부,married_yn,Observation,KAI,Attribute,KAI-BREAST_BASELINE-married_yn,S,SNOMED/LOINC (일부),2026-09-12,2099-12-31,,FIELD:BREAST_BASELINE:married_yn
10000000609,결혼상태 상세 구분,marital_status_detail,Observation,KAI,Attribute,KAI-BREAST_BASELINE-marital_status_detail,S,SNOMED/LOINC (일부),2026-09-12,2099-12-31,,FIELD:BREAST_BASELINE:marital_status_detail
10000000610,초경 만 나이,menarche_age,Measurement,KAI,Attribute,KAI-BREAST_BASELINE-menarche_age,S,SNOMED/LOINC (일부),2026-09-12,2099-12-31,,FIELD:BREAST_BASELINE:menarche_age
10000000611,가임력 보존 치료 시행 여부,fertility_preservation_yn,Observation,KAI,Attribute,KAI-BREAST_BASELINE-fertility_preservation_yn,S,SNOMED/LOINC (일부),2026-09-12,2099-12-31,,FIELD:BREAST_BASELINE:fertility_preservation_yn
10000000612,가임력 보존 치료 종류,fertility_preservation_type,Observation,KAI,Attribute,KAI-BREAST_BASELINE-fertility_preservation_type,S,SNOMED/LOINC (일부),2026-09-12,2099-12-31,,FIELD:BREAST_BASELINE:fertility_preservation_type
10000000613,가임력 보존 치료 기타 내용,fertility_preservation_other,Observation,KAI,Attribute,KAI-BREAST_BASELINE-fertility_preservation_other,S,SNOMED/LOINC (일부),2026-09-12,2099-12-31,,FIELD:BREAST_BASELINE:fertility_preservation_other
10000000614,출산 경험 여부,parity_yn,Observation,KAI,Attribute,KAI-BREAST_BASELINE-parity_yn,S,SNOMED/LOINC (일부),2026-09-12,2099-12-31,,FIELD:BREAST_BASELINE:parity_yn
10000000615,첫 출산 만 나이,first_birth_age,Measurement,KAI,Attribute,KAI-BREAST_BASELINE-first_birth_age,S,SNOMED/LOINC (일부),2026-09-12,2099-12-31,,FIELD:BREAST_BASELINE:first_birth_age
10000000616,임신 방법,conception_method,Observation,KAI,Attribute,KAI-BREAST_BASELINE-conception_method,S,SNOMED/LOINC (일부),2026-09-12,2099-12-31,,FIELD:BREAST_BASELINE:conception_method
10000000617,임신 결과,pregnancy_outcome,Observation,KAI,Attribute,KAI-BREAST_BASELINE-pregnancy_outcome,S,SNOMED/LOINC (일부),2026-09-12,2099-12-31,,FIELD:BREAST_BASELINE:pregnancy_outcome
10000000618,출산한 자녀 수,number_of_children,Measurement,KAI,Attribute,KAI-BREAST_BASELINE-number_of_children,S,SNOMED/LOINC (일부),2026-09-12,2099-12-31,,FIELD:BREAST_BASELINE:number_of_children
10000000619,모유수유 경험 여부,breastfeeding_yn,Observation,KAI,Attribute,KAI-BREAST_BASELINE-breastfeeding_yn,S,SNOMED/LOINC (일부),2026-09-12,2099-12-31,,FIELD:BREAST_BASELINE:breastfeeding_yn
10000000620,폐경 여부,menopause_yn,Observation,KAI,Attribute,KAI-BREAST_BASELINE-menopause_yn,S,SNOMED/LOINC (일부),2026-09-12,2099-12-31,,FIELD:BREAST_BASELINE:menopause_yn
10000000621,폐경 만 나이,menopause_age,Measurement,KAI,Attribute,KAI-BREAST_BASELINE-menopause_age,S,SNOMED/LOINC (일부),2026-09-12,2099-12-31,,FIELD:BREAST_BASELINE:menopause_age
10000000622,폐경 후 호르몬 대체요법(HRT) 시행 여부,hrt_yn,Observation,KAI,Attribute,KAI-BREAST_BASELINE-hrt_yn,S,SNOMED/LOINC (일부),2026-09-12,2099-12-31,,FIELD:BREAST_BASELINE:hrt_yn
10000000623,호르몬 대체요법(HRT) 시행 기간,hrt_duration_months,Measurement,KAI,Attribute,KAI-BREAST_BASELINE-hrt_duration_months,S,SNOMED/LOINC (일부),2026-09-12,2099-12-31,,FIELD:BREAST_BASELINE:hrt_duration_months
10000000624,유방암 진단 시 임신 여부,pregnant_at_diagnosis_yn,Observation,KAI,Attribute,KAI-BREAST_BASELINE-pregnant_at_diagnosis_yn,S,SNOMED/LOINC (일부),2026-09-12,2099-12-31,,FIELD:BREAST_BASELINE:pregnant_at_diagnosis_yn
10000000625,출산 후 1년 이내 진단 여부,postpartum_diagnosis_yn,Observation,KAI,Attribute,KAI-BREAST_BASELINE-postpartum_diagnosis_yn,S,SNOMED/LOINC (일부),2026-09-12,2099-12-31,,FIELD:BREAST_BASELINE:postpartum_diagnosis_yn
10000000626,진단 시점 폐경 상태,menopausal_status_at_diagnosis,Observation,KAI,Attribute,KAI-BREAST_BASELINE-menopausal_status_at_diagnosis,S,SNOMED/LOINC (일부),2026-09-12,2099-12-31,,FIELD:BREAST_BASELINE:menopausal_status_at_diagnosis
10000000627,항암 종료 1년 시점 월경 재개 여부,menses_resumed_1y_yn,Observation,KAI,Attribute,KAI-BREAST_BASELINE-menses_resumed_1y_yn,S,SNOMED/LOINC (일부),2026-09-12,2099-12-31,,FIELD:BREAST_BASELINE:menses_resumed_1y_yn
10000000628,항암 치료 후 첫 월경일,first_menses_after_chemo_date,Observation,KAI,Attribute,KAI-BREAST_BASELINE-first_menses_after_chemo_date,S,SNOMED/LOINC (일부),2026-09-12,2099-12-31,,FIELD:BREAST_BASELINE:first_menses_after_chemo_date
10000000629,항암 치료 후 월경 규칙성,menses_regularity_after_chemo,Observation,KAI,Attribute,KAI-BREAST_BASELINE-menses_regularity_after_chemo,S,SNOMED/LOINC (일부),2026-09-12,2099-12-31,,FIELD:BREAST_BASELINE:menses_regularity_after_chemo
10000000630,치료 후 임신 시도 여부,pregnancy_attempt_yn,Observation,KAI,Attribute,KAI-BREAST_BASELINE-pregnancy_attempt_yn,S,SNOMED/LOINC (일부),2026-09-12,2099-12-31,,FIELD:BREAST_BASELINE:pregnancy_attempt_yn
10000000631,치료 후 임신 시도 시작일,pregnancy_attempt_start_date,Observation,KAI,Attribute,KAI-BREAST_BASELINE-pregnancy_attempt_start_date,S,SNOMED/LOINC (일부),2026-09-12,2099-12-31,,FIELD:BREAST_BASELINE:pregnancy_attempt_start_date
10000000632,치료 후 임신 성공 여부,pregnancy_success_yn,Observation,KAI,Attribute,KAI-BREAST_BASELINE-pregnancy_success_yn,S,SNOMED/LOINC (일부),2026-09-12,2099-12-31,,FIELD:BREAST_BASELINE:pregnancy_success_yn
10000000633,치료 후 임신에서의 분만 시행 여부,delivery_after_treatment_yn,Observation,KAI,Attribute,KAI-BREAST_BASELINE-delivery_after_treatment_yn,S,SNOMED/LOINC (일부),2026-09-12,2099-12-31,,FIELD:BREAST_BASELINE:delivery_after_treatment_yn
10000000634,영상검사 결과 진단적 분류(Diagnostic Classification),imaging_diagnostic_classification,Observation,KAI,Attribute,KAI-BREAST_EXAM-imaging_diagnostic_classification,S,SNOMED/LOINC (일부),2026-09-12,2099-12-31,,FIELD:BREAST_EXAM:imaging_diagnostic_classification
10000000635,유방촬영술상 유방 밀도,mammographic_density,Observation,KAI,Attribute,KAI-BREAST_EXAM-mammographic_density,S,SNOMED (BI-RADS density),2026-09-12,2099-12-31,,FIELD:BREAST_EXAM:mammographic_density
10000000636,Rigid sigmoidoscopy 또는 MRI에서 측정된 직장암 위치 값,rectal_tumor_height_cm,Measurement,KAI,Attribute,KAI-COLORECTAL_EXAM-rectal_tumor_height_cm,S,SNOMED (일부),2026-09-12,2099-12-31,,FIELD:COLORECTAL_EXAM:rectal_tumor_height_cm
10000000637,MRI 판독 결과 T3 이상에서 종양침윤 최대깊이 값(mm),mri_invasion_depth_mm,Measurement,KAI,Attribute,KAI-COLORECTAL_EXAM-mri_invasion_depth_mm,S,SNOMED (일부),2026-09-12,2099-12-31,,FIELD:COLORECTAL_EXAM:mri_invasion_depth_mm
10000000638,MRI 판독 결과 T4B에서 침윤된 장기 부위,mri_t4b_invaded_organ,Observation,KAI,Attribute,KAI-COLORECTAL_EXAM-mri_t4b_invaded_organ,S,SNOMED (일부),2026-09-12,2099-12-31,,FIELD:COLORECTAL_EXAM:mri_t4b_invaded_organ
10000000639,MRI 판독 결과 종양과 전방복막의 관계,mri_anterior_peritoneal_relation,Observation,KAI,Attribute,KAI-COLORECTAL_EXAM-mri_anterior_peritoneal_relation,S,SNOMED (일부),2026-09-12,2099-12-31,,FIELD:COLORECTAL_EXAM:mri_anterior_peritoneal_relation
10000000640,MRI 판독 결과 종양의 하부연과 항문연 사이의 거리 값(cm),mri_distance_anal_verge_cm,Measurement,KAI,Attribute,KAI-COLORECTAL_EXAM-mri_distance_anal_verge_cm,S,SNOMED (일부),2026-09-12,2099-12-31,,FIELD:COLORECTAL_EXAM:mri_distance_anal_verge_cm
10000000641,MRI 판독 결과 종양의 하부연과 항문직장경계부 사이의 거리 값(cm),mri_distance_anorectal_junction_cm,Measurement,KAI,Attribute,KAI-COLORECTAL_EXAM-mri_distance_anorectal_junction_cm,S,SNOMED (일부),2026-09-12,2099-12-31,,FIELD:COLORECTAL_EXAM:mri_distance_anorectal_junction_cm
10000000642,MRI 판독 결과 종양의 환상 침범 범위(Circumferential tumor location),mri_circumferential_extent,Observation,KAI,Attribute,KAI-COLORECTAL_EXAM-mri_circumferential_extent,S,SNOMED (일부),2026-09-12,2099-12-31,,FIELD:COLORECTAL_EXAM:mri_circumferential_extent
10000000643,MRI 판독 결과 직장간막근막에서 종양까지의 최단거리 값(mm),mri_mrf_distance_mm,Measurement,KAI,Attribute,KAI-COLORECTAL_EXAM-mri_mrf_distance_mm,S,SNOMED (일부),2026-09-12,2099-12-31,,FIELD:COLORECTAL_EXAM:mri_mrf_distance_mm
10000000644,MRI 판독 결과 장벽외 혈관침윤(EMVI) 여부,mri_emvi_yn,Observation,KAI,Attribute,KAI-COLORECTAL_EXAM-mri_emvi_yn,S,SNOMED (일부),2026-09-12,2099-12-31,,FIELD:COLORECTAL_EXAM:mri_emvi_yn
10000000645,MRI 판독 결과 직장 간내 림프절전이 여부,mri_mesorectal_node_yn,Observation,KAI,Attribute,KAI-COLORECTAL_EXAM-mri_mesorectal_node_yn,S,SNOMED (일부),2026-09-12,2099-12-31,,FIELD:COLORECTAL_EXAM:mri_mesorectal_node_yn
10000000646,MRI 판독 결과 직장 간외 림프절전이 여부,mri_extramesorectal_node_yn,Observation,KAI,Attribute,KAI-COLORECTAL_EXAM-mri_extramesorectal_node_yn,S,SNOMED (일부),2026-09-12,2099-12-31,,FIELD:COLORECTAL_EXAM:mri_extramesorectal_node_yn
10000000647,MRI 판독 결과 종양의 환상 위치,mri_circumferential_location,Observation,KAI,Attribute,KAI-COLORECTAL_EXAM-mri_circumferential_location,S,SNOMED (일부),2026-09-12,2099-12-31,,FIELD:COLORECTAL_EXAM:mri_circumferential_location
10000000648,MRI 판독 결과 종양반응등급(Radiologic tumor regression grade),mri_tumor_regression_grade,Observation,KAI,Attribute,KAI-COLORECTAL_EXAM-mri_tumor_regression_grade,S,SNOMED (일부),2026-09-12,2099-12-31,,FIELD:COLORECTAL_EXAM:mri_tumor_regression_grade
10000000649,수술 전 폐색치료 시행 여부,preop_obstruction_treatment_yn,Observation,KAI,Attribute,KAI-COLORECTAL_SURGERY_DETAIL-preop_obstruction_treatment_yn,S,SNOMED (일부) · 자체,2026-09-12,2099-12-31,,FIELD:COLORECTAL_SURGERY_DETAIL:preop_obstruction_treatment_yn
10000000650,수술 시 장루형성 여부,stoma_yn,Observation,KAI,Attribute,KAI-COLORECTAL_SURGERY_DETAIL-stoma_yn,S,SNOMED (일부) · 자체,2026-09-12,2099-12-31,,FIELD:COLORECTAL_SURGERY_DETAIL:stoma_yn
10000000651,수술 시 장루형성 이유,stoma_reason,Observation,KAI,Attribute,KAI-COLORECTAL_SURGERY_DETAIL-stoma_reason,S,SNOMED (일부) · 자체,2026-09-12,2099-12-31,,FIELD:COLORECTAL_SURGERY_DETAIL:stoma_reason
10000000652,IMA (Inferior mesenteric artery) ligation 위치,ima_ligation_level,Observation,KAI,Attribute,KAI-COLORECTAL_SURGERY_DETAIL-ima_ligation_level,S,SNOMED (일부) · 자체,2026-09-12,2099-12-31,,FIELD:COLORECTAL_SURGERY_DETAIL:ima_ligation_level
10000000653,비장굴곡 가동화 여부,splenic_flexure_mobilization_yn,Observation,KAI,Attribute,KAI-COLORECTAL_SURGERY_DETAIL-splenic_flexure_mobilization_yn,S,SNOMED (일부) · 자체,2026-09-12,2099-12-31,,FIELD:COLORECTAL_SURGERY_DETAIL:splenic_flexure_mobilization_yn
10000000654,문합 방법,anastomosis_method,Observation,KAI,Attribute,KAI-COLORECTAL_SURGERY_DETAIL-anastomosis_method,S,SNOMED (일부) · 자체,2026-09-12,2099-12-31,,FIELD:COLORECTAL_SURGERY_DETAIL:anastomosis_method
10000000655,문합 방법 세부 내용,anastomosis_detail,Observation,KAI,Attribute,KAI-COLORECTAL_SURGERY_DETAIL-anastomosis_detail,S,SNOMED (일부) · 자체,2026-09-12,2099-12-31,,FIELD:COLORECTAL_SURGERY_DETAIL:anastomosis_detail
10000000656,문합부 위치 값,anastomosis_height_cm,Measurement,KAI,Attribute,KAI-COLORECTAL_SURGERY_DETAIL-anastomosis_height_cm,S,SNOMED (일부) · 자체,2026-09-12,2099-12-31,,FIELD:COLORECTAL_SURGERY_DETAIL:anastomosis_height_cm
10000000657,완전감축점수(CC score),cc_score,Measurement,KAI,Attribute,KAI-COLORECTAL_SURGERY_DETAIL-cc_score,S,SNOMED (일부) · 자체,2026-09-12,2099-12-31,,FIELD:COLORECTAL_SURGERY_DETAIL:cc_score
10000000658,비수술적 경과관찰(watch-and-wait) 상태,watch_and_wait_status,Observation,KAI,Attribute,KAI-COLORECTAL_SURGERY_DETAIL-watch_and_wait_status,S,SNOMED (일부) · 자체,2026-09-12,2099-12-31,,FIELD:COLORECTAL_SURGERY_DETAIL:watch_and_wait_status
10000000659,온열복강내항암화학요법(HIPEC) 시행 여부,hipec_yn,Observation,KAI,Attribute,KAI-COLORECTAL_SURGERY_DETAIL-hipec_yn,S,SNOMED (일부) · 자체,2026-09-12,2099-12-31,,FIELD:COLORECTAL_SURGERY_DETAIL:hipec_yn
10000000660,비개복수술 시행 중 개복수술로 전환 여부,conversion_to_open_yn,Observation,KAI,Attribute,KAI-COLORECTAL_SURGERY_DETAIL-conversion_to_open_yn,S,SNOMED (일부) · 자체,2026-09-12,2099-12-31,,FIELD:COLORECTAL_SURGERY_DETAIL:conversion_to_open_yn
10000000661,비개복수술 시행 중 개복수술로 전환되었을 때 사유,conversion_reason,Observation,KAI,Attribute,KAI-COLORECTAL_SURGERY_DETAIL-conversion_reason,S,SNOMED (일부) · 자체,2026-09-12,2099-12-31,,FIELD:COLORECTAL_SURGERY_DETAIL:conversion_reason
10000000662,간 영상·탄성도 검사 시행일,elastography_date,Observation,KAI,Attribute,KAI-MASLD_EXAM-elastography_date,S,,2026-09-12,2099-12-31,,FIELD:MASLD_EXAM:elastography_date
10000000663,MRI-PDFF 간지방분율,mri_pdff_percent,Measurement,KAI,Attribute,KAI-MASLD_EXAM-mri_pdff_percent,S,LOINC (일부) · 자체,2026-09-12,2099-12-31,,FIELD:MASLD_EXAM:mri_pdff_percent
10000000664,MRE 간 경직도,mre_kpa,Measurement,KAI,Attribute,KAI-MASLD_EXAM-mre_kpa,S,LOINC (일부) · 자체,2026-09-12,2099-12-31,,FIELD:MASLD_EXAM:mre_kpa
10000000665,FibroScan 감쇠계수(CAP),cap_db_m,Measurement,KAI,Attribute,KAI-MASLD_EXAM-cap_db_m,S,LOINC (일부) · 자체,2026-09-12,2099-12-31,,FIELD:MASLD_EXAM:cap_db_m
10000000666,FibroScan 간 경직도(LSM),lsm_kpa,Measurement,KAI,Attribute,KAI-MASLD_EXAM-lsm_kpa,S,LOINC (일부) · 자체,2026-09-12,2099-12-31,,FIELD:MASLD_EXAM:lsm_kpa
10000000667,간정맥압력차(HVPG),hvpg_mmhg,Measurement,KAI,Attribute,KAI-MASLD_EXAM-hvpg_mmhg,S,LOINC (일부) · 자체,2026-09-12,2099-12-31,,FIELD:MASLD_EXAM:hvpg_mmhg
10000000668,비장 경직도,spleen_stiffness_kpa,Measurement,KAI,Attribute,KAI-MASLD_EXAM-spleen_stiffness_kpa,S,LOINC (일부) · 자체,2026-09-12,2099-12-31,,FIELD:MASLD_EXAM:spleen_stiffness_kpa
10000000669,대사이상지방간 예후 판단척도 종류,prognostic_score_type,Measurement,KAI,Attribute,KAI-MASLD_ASSESSMENT-prognostic_score_type,S,LOINC (일부),2026-09-12,2099-12-31,,FIELD:MASLD_ASSESSMENT:prognostic_score_type
10000000670,대사이상지방간 예후 판단척도 산식에 따른 산출 결과 값,prognostic_score_value,Measurement,KAI,Attribute,KAI-MASLD_ASSESSMENT-prognostic_score_value,S,LOINC (일부),2026-09-12,2099-12-31,,FIELD:MASLD_ASSESSMENT:prognostic_score_value
10000000671,ELF 섬유화 점수,elf_score,Measurement,KAI,Attribute,KAI-MASLD_ASSESSMENT-elf_score,S,LOINC (일부),2026-09-12,2099-12-31,,FIELD:MASLD_ASSESSMENT:elf_score
10000000672,FIB-4 지수,fib4_index,Measurement,KAI,Attribute,KAI-MASLD_ASSESSMENT-fib4_index,S,LOINC (일부),2026-09-12,2099-12-31,,FIELD:MASLD_ASSESSMENT:fib4_index
10000000673,NAFLD 섬유화 점수(NFS),nfs_score,Measurement,KAI,Attribute,KAI-MASLD_ASSESSMENT-nfs_score,S,LOINC (일부),2026-09-12,2099-12-31,,FIELD:MASLD_ASSESSMENT:nfs_score
10000000674,APRI 점수,apri_score,Measurement,KAI,Attribute,KAI-MASLD_ASSESSMENT-apri_score,S,LOINC (일부),2026-09-12,2099-12-31,,FIELD:MASLD_ASSESSMENT:apri_score
10000000675,혈청 PRO-C3,pro_c3_ng_ml,Measurement,KAI,Attribute,KAI-MASLD_ASSESSMENT-pro_c3_ng_ml,S,LOINC (일부),2026-09-12,2099-12-31,,FIELD:MASLD_ASSESSMENT:pro_c3_ng_ml
10000000676,NIS4 점수,nis4_score,Measurement,KAI,Attribute,KAI-MASLD_ASSESSMENT-nis4_score,S,LOINC (일부),2026-09-12,2099-12-31,,FIELD:MASLD_ASSESSMENT:nis4_score
10000000677,MELD(Model for End-stage Liver Disease) 점수,meld_score,Measurement,KAI,Attribute,KAI-MASLD_ASSESSMENT-meld_score,S,SNOMED,2026-09-12,2099-12-31,,FIELD:MASLD_ASSESSMENT:meld_score
10000000678,Child-Pugh(간기능 중증도) 등급,child_pugh_class,Observation,KAI,Attribute,KAI-MASLD_ASSESSMENT-child_pugh_class,S,SNOMED,2026-09-12,2099-12-31,,FIELD:MASLD_ASSESSMENT:child_pugh_class
10000000679,MASH 소실 여부,mash_resolution_yn,Observation,KAI,Attribute,KAI-MASLD_EVENT-mash_resolution_yn,S,SNOMED,2026-09-12,2099-12-31,,FIELD:MASLD_EVENT:mash_resolution_yn
10000000680,섬유화 1단계 이상 호전 여부,fibrosis_improvement_yn,Observation,KAI,Attribute,KAI-MASLD_EVENT-fibrosis_improvement_yn,S,SNOMED,2026-09-12,2099-12-31,,FIELD:MASLD_EVENT:fibrosis_improvement_yn
10000000681,간경변증 동반 여부,cirrhosis_yn,Observation,KAI,Attribute,KAI-MASLD_EVENT-cirrhosis_yn,S,SNOMED,2026-09-12,2099-12-31,,FIELD:MASLD_EVENT:cirrhosis_yn
10000000682,간부전 비대상성 사건(복수·정맥류출혈·간성뇌증 등) 발생 여부,decompensation_event_yn,Observation,KAI,Attribute,KAI-MASLD_EVENT-decompensation_event_yn,S,SNOMED,2026-09-12,2099-12-31,,FIELD:MASLD_EVENT:decompensation_event_yn
10000000683,문맥압항진증 여부,portal_hypertension_yn,Observation,KAI,Attribute,KAI-MASLD_EVENT-portal_hypertension_yn,S,SNOMED,2026-09-12,2099-12-31,,FIELD:MASLD_EVENT:portal_hypertension_yn
10000000684,내시경으로 확인된 식도정맥류 여부,esophageal_varices_yn,Observation,KAI,Attribute,KAI-MASLD_EVENT-esophageal_varices_yn,S,SNOMED,2026-09-12,2099-12-31,,FIELD:MASLD_EVENT:esophageal_varices_yn
10000000685,간세포암(HCC) 발생 여부,hcc_yn,Observation,KAI,Attribute,KAI-MASLD_EVENT-hcc_yn,S,SNOMED,2026-09-12,2099-12-31,,FIELD:MASLD_EVENT:hcc_yn
10000000686,연속혈당측정기(CGM) 사용 여부,cgm_use_yn,Observation,KAI,Attribute,KAI-DIABETES_BASELINE-cgm_use_yn,S,SNOMED (device),2026-09-12,2099-12-31,,FIELD:DIABETES_BASELINE:cgm_use_yn
10000000687,인슐린 펌프/폐회로 시스템 사용 여부,insulin_pump_yn,Observation,KAI,Attribute,KAI-DIABETES_BASELINE-insulin_pump_yn,S,SNOMED (device),2026-09-12,2099-12-31,,FIELD:DIABETES_BASELINE:insulin_pump_yn
10000000688,HbA1c 7% 미만 목표 달성 여부,hba1c_target_met_yn,Observation,KAI,Attribute,KAI-DIABETES_EVENT-hba1c_target_met_yn,S,SNOMED,2026-09-12,2099-12-31,,FIELD:DIABETES_EVENT:hba1c_target_met_yn
10000000689,중증 저혈당 발생 횟수,severe_hypoglycemia_count,Measurement,KAI,Attribute,KAI-DIABETES_EVENT-severe_hypoglycemia_count,S,SNOMED,2026-09-12,2099-12-31,,FIELD:DIABETES_EVENT:severe_hypoglycemia_count
10000000690,저혈당 무감지증 여부,hypoglycemia_unawareness_yn,Observation,KAI,Attribute,KAI-DIABETES_EVENT-hypoglycemia_unawareness_yn,S,SNOMED,2026-09-12,2099-12-31,,FIELD:DIABETES_EVENT:hypoglycemia_unawareness_yn
10000000691,만성콩팥병(CKD) 병기,ckd_stage,Observation,KAI,Attribute,KAI-DIABETES_EVENT-ckd_stage,S,SNOMED,2026-09-12,2099-12-31,,FIELD:DIABETES_EVENT:ckd_stage
10000000692,당뇨병성 케톤산증(DKA) 발생 여부,dka_yn,Observation,KAI,Attribute,KAI-DIABETES_EVENT-dka_yn,S,SNOMED,2026-09-12,2099-12-31,,FIELD:DIABETES_EVENT:dka_yn
10000000693,당뇨병성 망막병증 중증도 등급,retinopathy_severity,Observation,KAI,Attribute,KAI-DIABETES_EVENT-retinopathy_severity,S,SNOMED,2026-09-12,2099-12-31,,FIELD:DIABETES_EVENT:retinopathy_severity
10000000694,당뇨병성 황반부종 여부,macular_edema_yn,Observation,KAI,Attribute,KAI-DIABETES_EVENT-macular_edema_yn,S,SNOMED,2026-09-12,2099-12-31,,FIELD:DIABETES_EVENT:macular_edema_yn
10000000695,당뇨병성 말초신경병증 여부,peripheral_neuropathy_yn,Observation,KAI,Attribute,KAI-DIABETES_EVENT-peripheral_neuropathy_yn,S,SNOMED,2026-09-12,2099-12-31,,FIELD:DIABETES_EVENT:peripheral_neuropathy_yn
10000000696,당뇨병성 족부궤양 여부,foot_ulcer_yn,Observation,KAI,Attribute,KAI-DIABETES_EVENT-foot_ulcer_yn,S,SNOMED,2026-09-12,2099-12-31,,FIELD:DIABETES_EVENT:foot_ulcer_yn
10000000697,족부궤양 Wagner 등급,wagner_grade,Observation,KAI,Attribute,KAI-DIABETES_EVENT-wagner_grade,S,SNOMED,2026-09-12,2099-12-31,,FIELD:DIABETES_EVENT:wagner_grade
10000000698,심장 자율신경병증 여부,cardiac_autonomic_neuropathy_yn,Observation,KAI,Attribute,KAI-DIABETES_EVENT-cardiac_autonomic_neuropathy_yn,S,SNOMED,2026-09-12,2099-12-31,,FIELD:DIABETES_EVENT:cardiac_autonomic_neuropathy_yn
10000000699,샤르코 관절병증(Charcot foot) 여부,charcot_foot_yn,Observation,KAI,Attribute,KAI-DIABETES_EVENT-charcot_foot_yn,S,SNOMED,2026-09-12,2099-12-31,,FIELD:DIABETES_EVENT:charcot_foot_yn
10000000700,B 증상 여부,b_symptoms_yn,Observation,KAI,Attribute,KAI-LYMPHOMA_ASSESSMENT-b_symptoms_yn,S,SNOMED,2026-09-12,2099-12-31,,FIELD:LYMPHOMA_ASSESSMENT:b_symptoms_yn
10000000701,원인불명 발열 여부,fever_yn,Observation,KAI,Attribute,KAI-LYMPHOMA_ASSESSMENT-fever_yn,S,SNOMED,2026-09-12,2099-12-31,,FIELD:LYMPHOMA_ASSESSMENT:fever_yn
10000000702,야간 발한 여부,night_sweats_yn,Observation,KAI,Attribute,KAI-LYMPHOMA_ASSESSMENT-night_sweats_yn,S,SNOMED,2026-09-12,2099-12-31,,FIELD:LYMPHOMA_ASSESSMENT:night_sweats_yn
10000000703,최근 6개월 체중감소율,weight_loss_percent_6m,Measurement,KAI,Attribute,KAI-LYMPHOMA_ASSESSMENT-weight_loss_percent_6m,S,SNOMED,2026-09-12,2099-12-31,,FIELD:LYMPHOMA_ASSESSMENT:weight_loss_percent_6m
10000000704,예후지수 산정 기준일,prognostic_index_date,Observation,KAI,Attribute,KAI-LYMPHOMA_ASSESSMENT-prognostic_index_date,S,자체,2026-09-12,2099-12-31,,FIELD:LYMPHOMA_ASSESSMENT:prognostic_index_date
10000000705,IPI 총점,ipi_score,Measurement,KAI,Attribute,KAI-LYMPHOMA_ASSESSMENT-ipi_score,S,자체,2026-09-12,2099-12-31,,FIELD:LYMPHOMA_ASSESSMENT:ipi_score
10000000706,IPI 위험군,ipi_risk_group,Observation,KAI,Attribute,KAI-LYMPHOMA_ASSESSMENT-ipi_risk_group,S,자체,2026-09-12,2099-12-31,,FIELD:LYMPHOMA_ASSESSMENT:ipi_risk_group
10000000707,연령보정 IPI(aaIPI) 총점,aaipi_score,Measurement,KAI,Attribute,KAI-LYMPHOMA_ASSESSMENT-aaipi_score,S,자체,2026-09-12,2099-12-31,,FIELD:LYMPHOMA_ASSESSMENT:aaipi_score
10000000708,NCCN-IPI 총점,nccn_ipi_score,Measurement,KAI,Attribute,KAI-LYMPHOMA_ASSESSMENT-nccn_ipi_score,S,자체,2026-09-12,2099-12-31,,FIELD:LYMPHOMA_ASSESSMENT:nccn_ipi_score
10000000709,FLIPI 총점,flipi_score,Measurement,KAI,Attribute,KAI-LYMPHOMA_ASSESSMENT-flipi_score,S,자체,2026-09-12,2099-12-31,,FIELD:LYMPHOMA_ASSESSMENT:flipi_score
10000000710,FLIPI2 총점,flipi2_score,Measurement,KAI,Attribute,KAI-LYMPHOMA_ASSESSMENT-flipi2_score,S,자체,2026-09-12,2099-12-31,,FIELD:LYMPHOMA_ASSESSMENT:flipi2_score
10000000711,MIPI 점수,mipi_score,Measurement,KAI,Attribute,KAI-LYMPHOMA_ASSESSMENT-mipi_score,S,자체,2026-09-12,2099-12-31,,FIELD:LYMPHOMA_ASSESSMENT:mipi_score
10000000712,MIPI-c 위험군,mipi_c_risk_group,Observation,KAI,Attribute,KAI-LYMPHOMA_ASSESSMENT-mipi_c_risk_group,S,자체,2026-09-12,2099-12-31,,FIELD:LYMPHOMA_ASSESSMENT:mipi_c_risk_group
10000000713,호지킨림프종 IPS 총점,ips_score,Measurement,KAI,Attribute,KAI-LYMPHOMA_ASSESSMENT-ips_score,S,자체,2026-09-12,2099-12-31,,FIELD:LYMPHOMA_ASSESSMENT:ips_score
10000000714,말초T세포림프종 PIT 총점,pit_score,Measurement,KAI,Attribute,KAI-LYMPHOMA_ASSESSMENT-pit_score,S,자체,2026-09-12,2099-12-31,,FIELD:LYMPHOMA_ASSESSMENT:pit_score
10000000715,GELF 고종양부담 충족 여부,gelf_high_burden_yn,Measurement,KAI,Attribute,KAI-LYMPHOMA_ASSESSMENT-gelf_high_burden_yn,S,LOINC (일부),2026-09-12,2099-12-31,,FIELD:LYMPHOMA_ASSESSMENT:gelf_high_burden_yn
10000000716,고등급 조직학적 전환 여부,transformation_yn,Observation,KAI,Attribute,KAI-LYMPHOMA_EVENT-transformation_yn,S,SNOMED/ICD-O-3,2026-09-12,2099-12-31,,FIELD:LYMPHOMA_EVENT:transformation_yn
10000000717,조직학적 전환 확정일,transformation_date,Observation,KAI,Attribute,KAI-LYMPHOMA_EVENT-transformation_date,S,SNOMED/ICD-O-3,2026-09-12,2099-12-31,,FIELD:LYMPHOMA_EVENT:transformation_date
10000000718,전환 전 림프종 아형,transformation_from_subtype,Observation,KAI,Attribute,KAI-LYMPHOMA_EVENT-transformation_from_subtype,S,SNOMED/ICD-O-3,2026-09-12,2099-12-31,,FIELD:LYMPHOMA_EVENT:transformation_from_subtype
10000000719,전환 후 림프종 아형,transformation_to_subtype,Observation,KAI,Attribute,KAI-LYMPHOMA_EVENT-transformation_to_subtype,S,SNOMED/ICD-O-3,2026-09-12,2099-12-31,,FIELD:LYMPHOMA_EVENT:transformation_to_subtype
10000000720,조혈모세포이식 시행 여부,sct_yn,Observation,KAI,Attribute,KAI-LYMPHOMA_EVENT-sct_yn,S,SNOMED procedure,2026-09-12,2099-12-31,,FIELD:LYMPHOMA_EVENT:sct_yn
10000000721,조혈모세포 주입 또는 이식일,sct_date,Observation,KAI,Attribute,KAI-LYMPHOMA_EVENT-sct_date,S,SNOMED procedure,2026-09-12,2099-12-31,,FIELD:LYMPHOMA_EVENT:sct_date
10000000722,조혈모세포이식 유형,sct_type,Observation,KAI,Attribute,KAI-LYMPHOMA_EVENT-sct_type,S,SNOMED procedure,2026-09-12,2099-12-31,,FIELD:LYMPHOMA_EVENT:sct_type
10000000723,CAR-T 세포치료 시행 여부,car_t_yn,Observation,KAI,Attribute,KAI-LYMPHOMA_EVENT-car_t_yn,S,SNOMED procedure,2026-09-12,2099-12-31,,FIELD:LYMPHOMA_EVENT:car_t_yn
10000000724,CAR-T 세포 주입일,car_t_infusion_date,Observation,KAI,Attribute,KAI-LYMPHOMA_EVENT-car_t_infusion_date,S,SNOMED procedure,2026-09-12,2099-12-31,,FIELD:LYMPHOMA_EVENT:car_t_infusion_date
10000000725,CAR-T 표적 항원,car_t_target,Observation,KAI,Attribute,KAI-LYMPHOMA_EVENT-car_t_target,S,SNOMED procedure,2026-09-12,2099-12-31,,FIELD:LYMPHOMA_EVENT:car_t_target
10000000726,백혈구성분채집일,apheresis_date,Observation,KAI,Attribute,KAI-LYMPHOMA_EVENT-apheresis_date,S,SNOMED procedure,2026-09-12,2099-12-31,,FIELD:LYMPHOMA_EVENT:apheresis_date
10000000727,림프구감소 전처치 시작일,lymphodepletion_start_date,Observation,KAI,Attribute,KAI-LYMPHOMA_EVENT-lymphodepletion_start_date,S,SNOMED procedure,2026-09-12,2099-12-31,,FIELD:LYMPHOMA_EVENT:lymphodepletion_start_date
10000000728,PET 최고 SUVmax,pet_suvmax,Measurement,KAI,Attribute,KAI-LYMPHOMA_EXAM-pet_suvmax,S,SNOMED/LOINC (일부),2026-09-12,2099-12-31,,FIELD:LYMPHOMA_EXAM:pet_suvmax
10000000729,대사종양용적(MTV),metabolic_tumor_volume_ml,Measurement,KAI,Attribute,KAI-LYMPHOMA_EXAM-metabolic_tumor_volume_ml,S,SNOMED/LOINC (일부),2026-09-12,2099-12-31,,FIELD:LYMPHOMA_EXAM:metabolic_tumor_volume_ml
10000000730,총병변당분해(TLG),total_lesion_glycolysis,Measurement,KAI,Attribute,KAI-LYMPHOMA_EXAM-total_lesion_glycolysis,S,SNOMED/LOINC (일부),2026-09-12,2099-12-31,,FIELD:LYMPHOMA_EXAM:total_lesion_glycolysis
10000000731,종격동 종괴비(MMR),mediastinal_mass_ratio,Measurement,KAI,Attribute,KAI-LYMPHOMA_EXAM-mediastinal_mass_ratio,S,SNOMED/LOINC (일부),2026-09-12,2099-12-31,,FIELD:LYMPHOMA_EXAM:mediastinal_mass_ratio
10000000732,COMORBIDITY_SET,COMORBIDITY_SET,Condition,KAI,Value set,KAI-CS-COMORBIDITY_SET,C,,2026-09-12,2099-12-31,,CS:COMORBIDITY_SET
10000000733,PFT_ITEM,PFT_ITEM,Observation,KAI,Value set,KAI-CS-PFT_ITEM,C,,2026-09-12,2099-12-31,,CS:PFT_ITEM
10000000734,ALCOHOL,ALCOHOL,Observation,KAI,Value set,KAI-CS-ALCOHOL,C,,2026-09-12,2099-12-31,,CS:ALCOHOL
10000000735,DRUG_CLASS_SET,DRUG_CLASS_SET,Drug,KAI,Value set,KAI-CS-DRUG_CLASS_SET,C,,2026-09-12,2099-12-31,,CS:DRUG_CLASS_SET
