measurement_id,visit_occurrence_id,person_id,measurement_concept_id,measurement_source_value,measurement_date,measurement_type_concept_id,value_as_number,value_as_concept_id,unit_concept_id,range_low,range_high,unit_source_value,value_source_value
500001,500001,500001,3036277,,2018-12-05,32856,173.3,,8582,150,185,cm,173.3
500002,500001,500001,3004410,,2018-12-05,32856,6.5,,8554,4,5.6,%,6.5
500003,500001,500001,3004501,,2018-12-05,32856,126,,8840,70,99,mg/dL,126
500004,500001,500001,3004249,,2018-12-05,32856,138,,8876,90,130,mmHg,138.0
500005,500001,500001,3012888,,2018-12-05,32856,76,,8876,60,85,mmHg,76.0
500006,500001,500001,3025315,,2018-12-05,32856,78.7,,9529,45,90,kg,78.7
500007,500001,500001,3038553,,2018-12-05,32856,26.2,,9531,18.5,25,kg/m2,26.2
500008,500001,500001,3022192,,2018-12-05,32856,162.3,,8840,0,150,mg/dL,162.3
500009,500001,500001,3007070,,2018-12-05,32856,34.4,,8840,40,60,mg/dL,34.4
500010,500001,500001,3028437,,2018-12-05,32856,134.5,,8840,0,130,mg/dL,134.5
500011,500001,500001,3013721,,2018-12-05,32856,43.9,,8645,0,40,U/L,43.9
500012,500001,500001,3006923,,2018-12-05,32856,60.8,,8645,0,40,U/L,60.8
500013,500001,500001,3016723,,2018-12-05,32856,1.17,,8840,0.6,1.2,mg/dL,1.17
500014,500001,500001,3049187,,2018-12-05,32856,68,,9550,90,130,mL/min/1.73m2,68.0
500015,500002,500001,3004410,,2019-02-28,32856,6.5,,8554,4,5.6,%,6.5
500016,500002,500001,3004501,,2019-02-28,32856,105,,8840,70,99,mg/dL,105.0
500017,500002,500001,3004249,,2019-02-28,32856,153,,8876,90,130,mmHg,153.0
500018,500002,500001,3012888,,2019-02-28,32856,74,,8876,60,85,mmHg,74.0
500019,500002,500001,3025315,,2019-02-28,32856,78.6,,9529,45,90,kg,78.6
500020,500002,500001,3038553,,2019-02-28,32856,26.2,,9531,18.5,25,kg/m2,26.2
500021,500003,500001,3004410,,2019-05-27,32856,6.6,,8554,4,5.6,%,6.6
500022,500003,500001,3004501,,2019-05-27,32856,123,,8840,70,99,mg/dL,123.0
500023,500003,500001,3004249,,2019-05-27,32856,129,,8876,90,130,mmHg,129.0
500024,500003,500001,3012888,,2019-05-27,32856,78,,8876,60,85,mmHg,78.0
500025,500003,500001,3025315,,2019-05-27,32856,78.4,,9529,45,90,kg,78.4
500026,500003,500001,3038553,,2019-05-27,32856,26.1,,9531,18.5,25,kg/m2,26.1
500027,500004,500001,3004410,,2019-08-26,32856,5.7,,8554,4,5.6,%,5.7
500028,500004,500001,3004501,,2019-08-26,32856,100,,8840,70,99,mg/dL,100.0
500029,500004,500001,3004249,,2019-08-26,32856,125,,8876,90,130,mmHg,125.0
500030,500004,500001,3012888,,2019-08-26,32856,82,,8876,60,85,mmHg,82.0
500031,500004,500001,3025315,,2019-08-26,32856,79.2,,9529,45,90,kg,79.2
500032,500004,500001,3038553,,2019-08-26,32856,26.4,,9531,18.5,25,kg/m2,26.4
500033,500005,500001,3004410,,2019-11-25,32856,5.6,,8554,4,5.6,%,5.6
500034,500005,500001,3004501,,2019-11-25,32856,88,,8840,70,99,mg/dL,88.0
500035,500005,500001,3004249,,2019-11-25,32856,130,,8876,90,130,mmHg,130.0
500036,500005,500001,3012888,,2019-11-25,32856,82,,8876,60,85,mmHg,82.0
500037,500005,500001,3025315,,2019-11-25,32856,78,,9529,45,90,kg,78.0
500038,500005,500001,3038553,,2019-11-25,32856,26,,9531,18.5,25,kg/m2,26.0
500039,500005,500001,3022192,,2019-11-25,32856,277.9,,8840,0,150,mg/dL,277.9
500040,500005,500001,3007070,,2019-11-25,32856,60.1,,8840,40,60,mg/dL,60.1
500041,500005,500001,3028437,,2019-11-25,32856,80.1,,8840,0,130,mg/dL,80.1
500042,500005,500001,3013721,,2019-11-25,32856,35.2,,8645,0,40,U/L,35.2
500043,500005,500001,3006923,,2019-11-25,32856,93.9,,8645,0,40,U/L,93.9
500044,500005,500001,3016723,,2019-11-25,32856,0.87,,8840,0.6,1.2,mg/dL,0.87
500045,500005,500001,3049187,,2019-11-25,32856,94,,9550,90,130,mL/min/1.73m2,94.0
500046,500006,500001,3004410,,2020-02-25,32856,5.4,,8554,4,5.6,%,5.4
500047,500006,500001,3004501,,2020-02-25,32856,87,,8840,70,99,mg/dL,87.0
500048,500006,500001,3004249,,2020-02-25,32856,126,,8876,90,130,mmHg,126.0
500049,500006,500001,3012888,,2020-02-25,32856,83,,8876,60,85,mmHg,83.0
500050,500006,500001,3025315,,2020-02-25,32856,80.2,,9529,45,90,kg,80.2
500051,500006,500001,3038553,,2020-02-25,32856,26.7,,9531,18.5,25,kg/m2,26.7
500052,500007,500001,3004410,,2020-05-30,32856,5.4,,8554,4,5.6,%,5.4
500053,500007,500001,3004501,,2020-05-30,32856,70,,8840,70,99,mg/dL,70
500054,500007,500001,3004249,,2020-05-30,32856,141,,8876,90,130,mmHg,141.0
500055,500007,500001,3012888,,2020-05-30,32856,81,,8876,60,85,mmHg,81.0
500056,500007,500001,3025315,,2020-05-30,32856,81,,9529,45,90,kg,81.0
500057,500007,500001,3038553,,2020-05-30,32856,27,,9531,18.5,25,kg/m2,27.0
500058,500008,500001,3004410,,2020-08-27,32856,5.5,,8554,4,5.6,%,5.5
500059,500008,500001,3004501,,2020-08-27,32856,90,,8840,70,99,mg/dL,90.0
500060,500008,500001,3004249,,2020-08-27,32856,116,,8876,90,130,mmHg,116.0
500061,500008,500001,3012888,,2020-08-27,32856,76,,8876,60,85,mmHg,76.0
500062,500008,500001,3025315,,2020-08-27,32856,79.9,,9529,45,90,kg,79.9
500063,500008,500001,3038553,,2020-08-27,32856,26.6,,9531,18.5,25,kg/m2,26.6
500064,500009,500001,3004410,,2020-11-27,32856,6.4,,8554,4,5.6,%,6.4
500065,500009,500001,3004501,,2020-11-27,32856,117,,8840,70,99,mg/dL,117.0
500066,500009,500001,3004249,,2020-11-27,32856,117,,8876,90,130,mmHg,117.0
500067,500009,500001,3012888,,2020-11-27,32856,99,,8876,60,85,mmHg,99.0
500068,500009,500001,3025315,,2020-11-27,32856,79.6,,9529,45,90,kg,79.6
500069,500009,500001,3038553,,2020-11-27,32856,26.5,,9531,18.5,25,kg/m2,26.5
500070,500009,500001,3022192,,2020-11-27,32856,111.8,,8840,0,150,mg/dL,111.8
500071,500009,500001,3007070,,2020-11-27,32856,41.5,,8840,40,60,mg/dL,41.5
500072,500009,500001,3028437,,2020-11-27,32856,104.7,,8840,0,130,mg/dL,104.7
500073,500009,500001,3013721,,2020-11-27,32856,18.3,,8645,0,40,U/L,18.3
500074,500009,500001,3006923,,2020-11-27,32856,79.4,,8645,0,40,U/L,79.4
500075,500009,500001,3016723,,2020-11-27,32856,0.93,,8840,0.6,1.2,mg/dL,0.93
500076,500009,500001,3049187,,2020-11-27,32856,89,,9550,90,130,mL/min/1.73m2,89.0
500077,500010,500001,3004410,,2021-03-05,32856,6.1,,8554,4,5.6,%,6.1
500078,500010,500001,3004501,,2021-03-05,32856,93,,8840,70,99,mg/dL,93.0
500079,500010,500001,3004249,,2021-03-05,32856,111,,8876,90,130,mmHg,111.0
500080,500010,500001,3012888,,2021-03-05,32856,64,,8876,60,85,mmHg,64.0
500081,500010,500001,3025315,,2021-03-05,32856,78.1,,9529,45,90,kg,78.1
500082,500010,500001,3038553,,2021-03-05,32856,26,,9531,18.5,25,kg/m2,26.0
500083,500011,500001,3004410,,2021-06-07,32856,6.3,,8554,4,5.6,%,6.3
500084,500011,500001,3004501,,2021-06-07,32856,127,,8840,70,99,mg/dL,127.0
500085,500011,500001,3004249,,2021-06-07,32856,110,,8876,90,130,mmHg,110.0
500086,500011,500001,3012888,,2021-06-07,32856,66,,8876,60,85,mmHg,66.0
500087,500011,500001,3025315,,2021-06-07,32856,79.3,,9529,45,90,kg,79.3
500088,500011,500001,3038553,,2021-06-07,32856,26.4,,9531,18.5,25,kg/m2,26.4
500089,500012,500001,3004410,,2021-09-02,32856,6.2,,8554,4,5.6,%,6.2
500090,500012,500001,3004501,,2021-09-02,32856,95,,8840,70,99,mg/dL,95.0
500091,500012,500001,3004249,,2021-09-02,32856,111,,8876,90,130,mmHg,111.0
500092,500012,500001,3012888,,2021-09-02,32856,75,,8876,60,85,mmHg,75.0
500093,500012,500001,3025315,,2021-09-02,32856,78.9,,9529,45,90,kg,78.9
500094,500012,500001,3038553,,2021-09-02,32856,26.3,,9531,18.5,25,kg/m2,26.3
500095,500013,500001,3004410,,2021-12-01,32856,5.8,,8554,4,5.6,%,5.8
500096,500013,500001,3004501,,2021-12-01,32856,81,,8840,70,99,mg/dL,81.0
500097,500013,500001,3004249,,2021-12-01,32856,120,,8876,90,130,mmHg,120.0
500098,500013,500001,3012888,,2021-12-01,32856,95,,8876,60,85,mmHg,95.0
500099,500013,500001,3025315,,2021-12-01,32856,79.2,,9529,45,90,kg,79.2
500100,500013,500001,3038553,,2021-12-01,32856,26.4,,9531,18.5,25,kg/m2,26.4
500101,500013,500001,3022192,,2021-12-01,32856,268.6,,8840,0,150,mg/dL,268.6
500102,500013,500001,3007070,,2021-12-01,32856,62.5,,8840,40,60,mg/dL,62.5
500103,500013,500001,3028437,,2021-12-01,32856,82.8,,8840,0,130,mg/dL,82.8
500104,500013,500001,3013721,,2021-12-01,32856,42.5,,8645,0,40,U/L,42.5
500105,500013,500001,3006923,,2021-12-01,32856,45.4,,8645,0,40,U/L,45.4
500106,500013,500001,3016723,,2021-12-01,32856,1.02,,8840,0.6,1.2,mg/dL,1.02
500107,500013,500001,3049187,,2021-12-01,32856,79,,9550,90,130,mL/min/1.73m2,79.0
500108,500014,500001,3004410,,2022-02-26,32856,5.4,,8554,4,5.6,%,5.4
500109,500014,500001,3004501,,2022-02-26,32856,91,,8840,70,99,mg/dL,91.0
500110,500014,500001,3004249,,2022-02-26,32856,114,,8876,90,130,mmHg,114.0
500111,500014,500001,3012888,,2022-02-26,32856,77,,8876,60,85,mmHg,77.0
500112,500014,500001,3025315,,2022-02-26,32856,78.3,,9529,45,90,kg,78.3
500113,500014,500001,3038553,,2022-02-26,32856,26.1,,9531,18.5,25,kg/m2,26.1
500114,500015,500001,3004410,,2022-05-23,32856,5.4,,8554,4,5.6,%,5.4
500115,500015,500001,3004501,,2022-05-23,32856,70,,8840,70,99,mg/dL,70
500116,500015,500001,3004249,,2022-05-23,32856,134,,8876,90,130,mmHg,134.0
500117,500015,500001,3012888,,2022-05-23,32856,66,,8876,60,85,mmHg,66.0
500118,500015,500001,3025315,,2022-05-23,32856,78.4,,9529,45,90,kg,78.4
500119,500015,500001,3038553,,2022-05-23,32856,26.1,,9531,18.5,25,kg/m2,26.1
500120,500016,500001,3004410,,2022-08-15,32856,6,,8554,4,5.6,%,6.0
500121,500016,500001,3004501,,2022-08-15,32856,75,,8840,70,99,mg/dL,75.0
500122,500016,500001,3004249,,2022-08-15,32856,126,,8876,90,130,mmHg,126.0
500123,500016,500001,3012888,,2022-08-15,32856,79,,8876,60,85,mmHg,79.0
500124,500016,500001,3025315,,2022-08-15,32856,78.8,,9529,45,90,kg,78.8
500125,500016,500001,3038553,,2022-08-15,32856,26.2,,9531,18.5,25,kg/m2,26.2
500126,500017,500001,3004410,,2022-11-18,32856,5.7,,8554,4,5.6,%,5.7
500127,500017,500001,3004501,,2022-11-18,32856,93,,8840,70,99,mg/dL,93.0
500128,500017,500001,3004249,,2022-11-18,32856,115,,8876,90,130,mmHg,115.0
500129,500017,500001,3012888,,2022-11-18,32856,72,,8876,60,85,mmHg,72.0
500130,500017,500001,3025315,,2022-11-18,32856,78.2,,9529,45,90,kg,78.2
500131,500017,500001,3038553,,2022-11-18,32856,26,,9531,18.5,25,kg/m2,26.0
500132,500017,500001,3022192,,2022-11-18,32856,191.3,,8840,0,150,mg/dL,191.3
500133,500017,500001,3007070,,2022-11-18,32856,44.1,,8840,40,60,mg/dL,44.1
500134,500017,500001,3028437,,2022-11-18,32856,103.9,,8840,0,130,mg/dL,103.9
500135,500017,500001,3013721,,2022-11-18,32856,35.9,,8645,0,40,U/L,35.9
500136,500017,500001,3006923,,2022-11-18,32856,95.3,,8645,0,40,U/L,95.3
500137,500017,500001,3016723,,2022-11-18,32856,0.75,,8840,0.6,1.2,mg/dL,0.75
500138,500017,500001,3049187,,2022-11-18,32856,96,,9550,90,130,mL/min/1.73m2,96.0
500139,500018,500001,3004410,,2023-02-10,32856,5.9,,8554,4,5.6,%,5.9
500140,500018,500001,3004501,,2023-02-10,32856,119,,8840,70,99,mg/dL,119.0
500141,500018,500001,3004249,,2023-02-10,32856,146,,8876,90,130,mmHg,146.0
500142,500018,500001,3012888,,2023-02-10,32856,93,,8876,60,85,mmHg,93.0
500143,500018,500001,3025315,,2023-02-10,32856,79.3,,9529,45,90,kg,79.3
500144,500018,500001,3038553,,2023-02-10,32856,26.4,,9531,18.5,25,kg/m2,26.4
500145,500019,500001,3004410,,2023-05-05,32856,6.3,,8554,4,5.6,%,6.3
500146,500019,500001,3004501,,2023-05-05,32856,127,,8840,70,99,mg/dL,127.0
500147,500019,500001,3004249,,2023-05-05,32856,131,,8876,90,130,mmHg,131.0
500148,500019,500001,3012888,,2023-05-05,32856,73,,8876,60,85,mmHg,73.0
500149,500019,500001,3025315,,2023-05-05,32856,78.7,,9529,45,90,kg,78.7
500150,500019,500001,3038553,,2023-05-05,32856,26.2,,9531,18.5,25,kg/m2,26.2
500151,500020,500001,3004410,,2023-08-04,32856,6.2,,8554,4,5.6,%,6.2
500152,500020,500001,3004501,,2023-08-04,32856,107,,8840,70,99,mg/dL,107.0
500153,500020,500001,3004249,,2023-08-04,32856,145,,8876,90,130,mmHg,145.0
500154,500020,500001,3012888,,2023-08-04,32856,83,,8876,60,85,mmHg,83.0
500155,500020,500001,3025315,,2023-08-04,32856,80.6,,9529,45,90,kg,80.6
500156,500020,500001,3038553,,2023-08-04,32856,26.8,,9531,18.5,25,kg/m2,26.8
500157,500021,500001,3004410,,2023-11-03,32856,6.6,,8554,4,5.6,%,6.6
500158,500021,500001,3004501,,2023-11-03,32856,110,,8840,70,99,mg/dL,110.0
500159,500021,500001,3004249,,2023-11-03,32856,119,,8876,90,130,mmHg,119.0
500160,500021,500001,3012888,,2023-11-03,32856,75,,8876,60,85,mmHg,75.0
500161,500021,500001,3025315,,2023-11-03,32856,79.1,,9529,45,90,kg,79.1
500162,500021,500001,3038553,,2023-11-03,32856,26.3,,9531,18.5,25,kg/m2,26.3
500163,500021,500001,3022192,,2023-11-03,32856,211.8,,8840,0,150,mg/dL,211.8
500164,500021,500001,3007070,,2023-11-03,32856,41,,8840,40,60,mg/dL,41.0
500165,500021,500001,3028437,,2023-11-03,32856,139.7,,8840,0,130,mg/dL,139.7
500166,500021,500001,3013721,,2023-11-03,32856,36.3,,8645,0,40,U/L,36.3
500167,500021,500001,3006923,,2023-11-03,32856,87.7,,8645,0,40,U/L,87.7
500168,500021,500001,3016723,,2023-11-03,32856,0.83,,8840,0.6,1.2,mg/dL,0.83
500169,500021,500001,3049187,,2023-11-03,32856,93,,9550,90,130,mL/min/1.73m2,93.0
500170,500022,500002,3036277,,2022-12-23,32856,174.5,,8582,150,185,cm,174.5
500171,500022,500002,3004410,,2022-12-23,32856,8.2,,8554,4,5.6,%,8.2
500172,500022,500002,3004501,,2022-12-23,32856,140,,8840,70,99,mg/dL,140.0
500173,500022,500002,3004249,,2022-12-23,32856,129,,8876,90,130,mmHg,129.0
500174,500022,500002,3012888,,2022-12-23,32856,76,,8876,60,85,mmHg,76.0
500175,500022,500002,3025315,,2022-12-23,32856,63.9,,9529,45,90,kg,63.9
500176,500022,500002,3038553,,2022-12-23,32856,21,,9531,18.5,25,kg/m2,21.0
500177,500022,500002,3022192,,2022-12-23,32856,228.4,,8840,0,150,mg/dL,228.4
500178,500022,500002,3007070,,2022-12-23,32856,42,,8840,40,60,mg/dL,42.0
500179,500022,500002,3028437,,2022-12-23,32856,109,,8840,0,130,mg/dL,109.0
500180,500022,500002,3013721,,2022-12-23,32856,8.5,,8645,0,40,U/L,8.5
500181,500022,500002,3006923,,2022-12-23,32856,6,,8645,0,40,U/L,6.0
500182,500022,500002,3016723,,2022-12-23,32856,0.8,,8840,0.6,1.2,mg/dL,0.8
500183,500022,500002,3049187,,2022-12-23,32856,113,,9550,90,130,mL/min/1.73m2,113.0
500184,500023,500002,3004410,,2023-03-30,32856,7.4,,8554,4,5.6,%,7.4
500185,500023,500002,3004501,,2023-03-30,32856,141,,8840,70,99,mg/dL,141.0
500186,500023,500002,3004249,,2023-03-30,32856,135,,8876,90,130,mmHg,135.0
500187,500023,500002,3012888,,2023-03-30,32856,97,,8876,60,85,mmHg,97.0
500188,500023,500002,3025315,,2023-03-30,32856,65.2,,9529,45,90,kg,65.2
500189,500023,500002,3038553,,2023-03-30,32856,21.4,,9531,18.5,25,kg/m2,21.4
500190,500024,500002,3004410,,2023-07-03,32856,7.4,,8554,4,5.6,%,7.4
500191,500024,500002,3004501,,2023-07-03,32856,129,,8840,70,99,mg/dL,129.0
500192,500024,500002,3004249,,2023-07-03,32856,158,,8876,90,130,mmHg,158.0
500193,500024,500002,3012888,,2023-07-03,32856,84,,8876,60,85,mmHg,84.0
500194,500024,500002,3025315,,2023-07-03,32856,66.8,,9529,45,90,kg,66.8
500195,500024,500002,3038553,,2023-07-03,32856,21.9,,9531,18.5,25,kg/m2,21.9
500196,500025,500002,3004410,,2023-09-25,32856,7.7,,8554,4,5.6,%,7.7
500197,500025,500002,3004501,,2023-09-25,32856,141,,8840,70,99,mg/dL,141.0
500198,500025,500002,3004249,,2023-09-25,32856,113,,8876,90,130,mmHg,113.0
500199,500025,500002,3012888,,2023-09-25,32856,72,,8876,60,85,mmHg,72.0
500200,500025,500002,3025315,,2023-09-25,32856,67.4,,9529,45,90,kg,67.4
500201,500025,500002,3038553,,2023-09-25,32856,22.1,,9531,18.5,25,kg/m2,22.1
500202,500026,500002,3004410,,2023-12-30,32856,7.9,,8554,4,5.6,%,7.9
500203,500026,500002,3004501,,2023-12-30,32856,159,,8840,70,99,mg/dL,159.0
500204,500026,500002,3004249,,2023-12-30,32856,150,,8876,90,130,mmHg,150.0
500205,500026,500002,3012888,,2023-12-30,32856,83,,8876,60,85,mmHg,83.0
500206,500026,500002,3025315,,2023-12-30,32856,67.8,,9529,45,90,kg,67.8
500207,500026,500002,3038553,,2023-12-30,32856,22.3,,9531,18.5,25,kg/m2,22.3
500208,500026,500002,3022192,,2023-12-30,32856,183.6,,8840,0,150,mg/dL,183.6
500209,500026,500002,3007070,,2023-12-30,32856,52,,8840,40,60,mg/dL,52.0
500210,500026,500002,3028437,,2023-12-30,32856,85.6,,8840,0,130,mg/dL,85.6
500211,500026,500002,3013721,,2023-12-30,32856,84.3,,8645,0,40,U/L,84.3
500212,500026,500002,3006923,,2023-12-30,32856,66.5,,8645,0,40,U/L,66.5
500213,500026,500002,3016723,,2023-12-30,32856,0.5,,8840,0.6,1.2,mg/dL,0.5
500214,500026,500002,3049187,,2023-12-30,32856,129,,9550,90,130,mL/min/1.73m2,129.0
500215,500027,500002,3004410,,2024-04-01,32856,7.6,,8554,4,5.6,%,7.6
500216,500027,500002,3004501,,2024-04-01,32856,147,,8840,70,99,mg/dL,147.0
500217,500027,500002,3004249,,2024-04-01,32856,145,,8876,90,130,mmHg,145.0
500218,500027,500002,3012888,,2024-04-01,32856,82,,8876,60,85,mmHg,82.0
500219,500027,500002,3025315,,2024-04-01,32856,66,,9529,45,90,kg,66.0
500220,500027,500002,3038553,,2024-04-01,32856,21.7,,9531,18.5,25,kg/m2,21.7
500221,500028,500002,3004410,,2024-07-03,32856,7.4,,8554,4,5.6,%,7.4
500222,500028,500002,3004501,,2024-07-03,32856,142,,8840,70,99,mg/dL,142.0
500223,500028,500002,3004249,,2024-07-03,32856,140,,8876,90,130,mmHg,140.0
500224,500028,500002,3012888,,2024-07-03,32856,79,,8876,60,85,mmHg,79.0
500225,500028,500002,3025315,,2024-07-03,32856,67.5,,9529,45,90,kg,67.5
500226,500028,500002,3038553,,2024-07-03,32856,22.2,,9531,18.5,25,kg/m2,22.2
500227,500029,500002,3004410,,2024-10-09,32856,7.6,,8554,4,5.6,%,7.6
500228,500029,500002,3004501,,2024-10-09,32856,149,,8840,70,99,mg/dL,149.0
500229,500029,500002,3004249,,2024-10-09,32856,135,,8876,90,130,mmHg,135.0
500230,500029,500002,3012888,,2024-10-09,32856,83,,8876,60,85,mmHg,83.0
500231,500029,500002,3025315,,2024-10-09,32856,66.7,,9529,45,90,kg,66.7
500232,500029,500002,3038553,,2024-10-09,32856,21.9,,9531,18.5,25,kg/m2,21.9
500233,500030,500002,3004410,,2025-01-15,32856,7.5,,8554,4,5.6,%,7.5
500234,500030,500002,3004501,,2025-01-15,32856,159,,8840,70,99,mg/dL,159.0
500235,500030,500002,3004249,,2025-01-15,32856,153,,8876,90,130,mmHg,153.0
500236,500030,500002,3012888,,2025-01-15,32856,79,,8876,60,85,mmHg,79.0
500237,500030,500002,3025315,,2025-01-15,32856,66.8,,9529,45,90,kg,66.8
500238,500030,500002,3038553,,2025-01-15,32856,21.9,,9531,18.5,25,kg/m2,21.9
500239,500030,500002,3022192,,2025-01-15,32856,228.2,,8840,0,150,mg/dL,228.2
500240,500030,500002,3007070,,2025-01-15,32856,63,,8840,40,60,mg/dL,63.0
500241,500030,500002,3028437,,2025-01-15,32856,84,,8840,0,130,mg/dL,84.0
500242,500030,500002,3013721,,2025-01-15,32856,69.2,,8645,0,40,U/L,69.2
500243,500030,500002,3006923,,2025-01-15,32856,39.8,,8645,0,40,U/L,39.8
500244,500030,500002,3016723,,2025-01-15,32856,1.3,,8840,0.6,1.2,mg/dL,1.3
500245,500030,500002,3049187,,2025-01-15,32856,69,,9550,90,130,mL/min/1.73m2,69.0
500246,500031,500002,3004410,,2025-04-10,32856,7.9,,8554,4,5.6,%,7.9
500247,500031,500002,3004501,,2025-04-10,32856,126,,8840,70,99,mg/dL,126.0
500248,500031,500002,3004249,,2025-04-10,32856,151,,8876,90,130,mmHg,151.0
500249,500031,500002,3012888,,2025-04-10,32856,96,,8876,60,85,mmHg,96.0
500250,500031,500002,3025315,,2025-04-10,32856,65.1,,9529,45,90,kg,65.1
500251,500031,500002,3038553,,2025-04-10,32856,21.4,,9531,18.5,25,kg/m2,21.4
500252,500032,500002,3004410,,2025-07-09,32856,7.6,,8554,4,5.6,%,7.6
500253,500032,500002,3004501,,2025-07-09,32856,160,,8840,70,99,mg/dL,160.0
500254,500032,500002,3004249,,2025-07-09,32856,140,,8876,90,130,mmHg,140.0
500255,500032,500002,3012888,,2025-07-09,32856,79,,8876,60,85,mmHg,79.0
500256,500032,500002,3025315,,2025-07-09,32856,64.1,,9529,45,90,kg,64.1
500257,500032,500002,3038553,,2025-07-09,32856,21.1,,9531,18.5,25,kg/m2,21.1
500258,500033,500002,3004410,,2025-10-10,32856,8.2,,8554,4,5.6,%,8.2
500259,500033,500002,3004501,,2025-10-10,32856,184,,8840,70,99,mg/dL,184.0
500260,500033,500002,3004249,,2025-10-10,32856,140,,8876,90,130,mmHg,140.0
500261,500033,500002,3012888,,2025-10-10,32856,77,,8876,60,85,mmHg,77.0
500262,500033,500002,3025315,,2025-10-10,32856,64,,9529,45,90,kg,64.0
500263,500033,500002,3038553,,2025-10-10,32856,21,,9531,18.5,25,kg/m2,21.0
500264,500034,500003,3036277,,2022-03-25,32856,170.5,,8582,150,185,cm,170.5
500265,500034,500003,3004410,,2022-03-25,32856,7.8,,8554,4,5.6,%,7.8
500266,500034,500003,3004501,,2022-03-25,32856,126,,8840,70,99,mg/dL,126
500267,500034,500003,3004249,,2022-03-25,32856,111,,8876,90,130,mmHg,111.0
500268,500034,500003,3012888,,2022-03-25,32856,68,,8876,60,85,mmHg,68.0
500269,500034,500003,3025315,,2022-03-25,32856,75.6,,9529,45,90,kg,75.6
500270,500034,500003,3038553,,2022-03-25,32856,26,,9531,18.5,25,kg/m2,26.0
500271,500034,500003,3022192,,2022-03-25,32856,70.9,,8840,0,150,mg/dL,70.9
500272,500034,500003,3007070,,2022-03-25,32856,60.1,,8840,40,60,mg/dL,60.1
500273,500034,500003,3028437,,2022-03-25,32856,96.9,,8840,0,130,mg/dL,96.9
500274,500034,500003,3013721,,2022-03-25,32856,22.5,,8645,0,40,U/L,22.5
500275,500034,500003,3006923,,2022-03-25,32856,72,,8645,0,40,U/L,72.0
500276,500034,500003,3016723,,2022-03-25,32856,1.21,,8840,0.6,1.2,mg/dL,1.21
500277,500034,500003,3049187,,2022-03-25,32856,72,,9550,90,130,mL/min/1.73m2,72.0
500278,500035,500003,3004410,,2022-06-26,32856,7.8,,8554,4,5.6,%,7.8
500279,500035,500003,3004501,,2022-06-26,32856,149,,8840,70,99,mg/dL,149.0
500280,500035,500003,3004249,,2022-06-26,32856,116,,8876,90,130,mmHg,116.0
500281,500035,500003,3012888,,2022-06-26,32856,58,,8876,60,85,mmHg,58.0
500282,500035,500003,3025315,,2022-06-26,32856,76.8,,9529,45,90,kg,76.8
500283,500035,500003,3038553,,2022-06-26,32856,26.4,,9531,18.5,25,kg/m2,26.4
500284,500036,500003,3004410,,2022-10-01,32856,7.3,,8554,4,5.6,%,7.3
500285,500036,500003,3004501,,2022-10-01,32856,133,,8840,70,99,mg/dL,133.0
500286,500036,500003,3004249,,2022-10-01,32856,132,,8876,90,130,mmHg,132.0
500287,500036,500003,3012888,,2022-10-01,32856,63,,8876,60,85,mmHg,63.0
500288,500036,500003,3025315,,2022-10-01,32856,76.4,,9529,45,90,kg,76.4
500289,500036,500003,3038553,,2022-10-01,32856,26.3,,9531,18.5,25,kg/m2,26.3
500290,500037,500003,3004410,,2023-01-03,32856,7.4,,8554,4,5.6,%,7.4
500291,500037,500003,3004501,,2023-01-03,32856,148,,8840,70,99,mg/dL,148.0
500292,500037,500003,3004249,,2023-01-03,32856,113,,8876,90,130,mmHg,113.0
500293,500037,500003,3012888,,2023-01-03,32856,93,,8876,60,85,mmHg,93.0
500294,500037,500003,3025315,,2023-01-03,32856,75.4,,9529,45,90,kg,75.4
500295,500037,500003,3038553,,2023-01-03,32856,25.9,,9531,18.5,25,kg/m2,25.9
500296,500038,500003,3004410,,2023-03-29,32856,7.2,,8554,4,5.6,%,7.2
500297,500038,500003,3004501,,2023-03-29,32856,153,,8840,70,99,mg/dL,153.0
500298,500038,500003,3004249,,2023-03-29,32856,127,,8876,90,130,mmHg,127.0
500299,500038,500003,3012888,,2023-03-29,32856,66,,8876,60,85,mmHg,66.0
500300,500038,500003,3025315,,2023-03-29,32856,74.7,,9529,45,90,kg,74.7
500301,500038,500003,3038553,,2023-03-29,32856,25.7,,9531,18.5,25,kg/m2,25.7
500302,500038,500003,3022192,,2023-03-29,32856,244.1,,8840,0,150,mg/dL,244.1
500303,500038,500003,3007070,,2023-03-29,32856,33.4,,8840,40,60,mg/dL,33.4
500304,500038,500003,3028437,,2023-03-29,32856,142.8,,8840,0,130,mg/dL,142.8
500305,500038,500003,3013721,,2023-03-29,32856,72.4,,8645,0,40,U/L,72.4
500306,500038,500003,3006923,,2023-03-29,32856,34.4,,8645,0,40,U/L,34.4
500307,500038,500003,3016723,,2023-03-29,32856,1.07,,8840,0.6,1.2,mg/dL,1.07
500308,500038,500003,3049187,,2023-03-29,32856,82,,9550,90,130,mL/min/1.73m2,82.0
500309,500039,500003,3004410,,2023-06-29,32856,7.5,,8554,4,5.6,%,7.5
500310,500039,500003,3004501,,2023-06-29,32856,160,,8840,70,99,mg/dL,160.0
500311,500039,500003,3004249,,2023-06-29,32856,111,,8876,90,130,mmHg,111.0
500312,500039,500003,3012888,,2023-06-29,32856,68,,8876,60,85,mmHg,68.0
500313,500039,500003,3025315,,2023-06-29,32856,75.2,,9529,45,90,kg,75.2
500314,500039,500003,3038553,,2023-06-29,32856,25.9,,9531,18.5,25,kg/m2,25.9
500315,500040,500003,3004410,,2023-09-21,32856,7.3,,8554,4,5.6,%,7.3
500316,500040,500003,3004501,,2023-09-21,32856,146,,8840,70,99,mg/dL,146.0
500317,500040,500003,3004249,,2023-09-21,32856,121,,8876,90,130,mmHg,121.0
500318,500040,500003,3012888,,2023-09-21,32856,83,,8876,60,85,mmHg,83.0
500319,500040,500003,3025315,,2023-09-21,32856,76.9,,9529,45,90,kg,76.9
500320,500040,500003,3038553,,2023-09-21,32856,26.5,,9531,18.5,25,kg/m2,26.5
500321,500041,500003,3004410,,2023-12-23,32856,7.1,,8554,4,5.6,%,7.1
500322,500041,500003,3004501,,2023-12-23,32856,135,,8840,70,99,mg/dL,135.0
500323,500041,500003,3004249,,2023-12-23,32856,127,,8876,90,130,mmHg,127.0
500324,500041,500003,3012888,,2023-12-23,32856,72,,8876,60,85,mmHg,72.0
500325,500041,500003,3025315,,2023-12-23,32856,78,,9529,45,90,kg,78.0
500326,500041,500003,3038553,,2023-12-23,32856,26.8,,9531,18.5,25,kg/m2,26.8
500327,500042,500003,3004410,,2024-03-26,32856,7.4,,8554,4,5.6,%,7.4
500328,500042,500003,3004501,,2024-03-26,32856,147,,8840,70,99,mg/dL,147.0
500329,500042,500003,3004249,,2024-03-26,32856,131,,8876,90,130,mmHg,131.0
500330,500042,500003,3012888,,2024-03-26,32856,67,,8876,60,85,mmHg,67.0
500331,500042,500003,3025315,,2024-03-26,32856,77.3,,9529,45,90,kg,77.3
500332,500042,500003,3038553,,2024-03-26,32856,26.6,,9531,18.5,25,kg/m2,26.6
500333,500042,500003,3022192,,2024-03-26,32856,204.9,,8840,0,150,mg/dL,204.9
500334,500042,500003,3007070,,2024-03-26,32856,47.5,,8840,40,60,mg/dL,47.5
500335,500042,500003,3028437,,2024-03-26,32856,57.7,,8840,0,130,mg/dL,57.7
500336,500042,500003,3013721,,2024-03-26,32856,57.7,,8645,0,40,U/L,57.7
500337,500042,500003,3006923,,2024-03-26,32856,35.2,,8645,0,40,U/L,35.2
500338,500042,500003,3016723,,2024-03-26,32856,0.5,,8840,0.6,1.2,mg/dL,0.5
500339,500042,500003,3049187,,2024-03-26,32856,120,,9550,90,130,mL/min/1.73m2,120.0
500340,500043,500003,3004410,,2024-06-22,32856,7.2,,8554,4,5.6,%,7.2
500341,500043,500003,3004501,,2024-06-22,32856,145,,8840,70,99,mg/dL,145.0
500342,500043,500003,3004249,,2024-06-22,32856,90,,8876,90,130,mmHg,90
500343,500043,500003,3012888,,2024-06-22,32856,94,,8876,60,85,mmHg,94.0
500344,500043,500003,3025315,,2024-06-22,32856,76.3,,9529,45,90,kg,76.3
500345,500043,500003,3038553,,2024-06-22,32856,26.2,,9531,18.5,25,kg/m2,26.2
500346,500044,500003,3004410,,2024-09-27,32856,6.7,,8554,4,5.6,%,6.7
500347,500044,500003,3004501,,2024-09-27,32856,109,,8840,70,99,mg/dL,109.0
500348,500044,500003,3004249,,2024-09-27,32856,135,,8876,90,130,mmHg,135.0
500349,500044,500003,3012888,,2024-09-27,32856,60,,8876,60,85,mmHg,60.0
500350,500044,500003,3025315,,2024-09-27,32856,75.6,,9529,45,90,kg,75.6
500351,500044,500003,3038553,,2024-09-27,32856,26,,9531,18.5,25,kg/m2,26.0
500352,500045,500003,3004410,,2024-12-23,32856,8,,8554,4,5.6,%,8.0
500353,500045,500003,3004501,,2024-12-23,32856,153,,8840,70,99,mg/dL,153.0
500354,500045,500003,3004249,,2024-12-23,32856,140,,8876,90,130,mmHg,140.0
500355,500045,500003,3012888,,2024-12-23,32856,84,,8876,60,85,mmHg,84.0
500356,500045,500003,3025315,,2024-12-23,32856,75,,9529,45,90,kg,75.0
500357,500045,500003,3038553,,2024-12-23,32856,25.8,,9531,18.5,25,kg/m2,25.8
500358,500046,500004,3036277,,2022-02-04,32856,153.4,,8582,150,185,cm,153.4
500359,500046,500004,3004410,,2022-02-04,32856,6.5,,8554,4,5.6,%,6.5
500360,500046,500004,3004501,,2022-02-04,32856,129,,8840,70,99,mg/dL,129.0
500361,500046,500004,3004249,,2022-02-04,32856,93,,8876,90,130,mmHg,93.0
500362,500046,500004,3012888,,2022-02-04,32856,90,,8876,60,85,mmHg,90.0
500363,500046,500004,3025315,,2022-02-04,32856,68.5,,9529,45,90,kg,68.5
500364,500046,500004,3038553,,2022-02-04,32856,29.1,,9531,18.5,25,kg/m2,29.1
500365,500046,500004,3022192,,2022-02-04,32856,94.6,,8840,0,150,mg/dL,94.6
500366,500046,500004,3007070,,2022-02-04,32856,32.1,,8840,40,60,mg/dL,32.1
500367,500046,500004,3028437,,2022-02-04,32856,106.8,,8840,0,130,mg/dL,106.8
500368,500046,500004,3013721,,2022-02-04,32856,8,,8645,0,40,U/L,8.0
500369,500046,500004,3006923,,2022-02-04,32856,6,,8645,0,40,U/L,6.0
500370,500046,500004,3016723,,2022-02-04,32856,0.5,,8840,0.6,1.2,mg/dL,0.5
500371,500046,500004,3049187,,2022-02-04,32856,99,,9550,90,130,mL/min/1.73m2,99.0
500372,500047,500004,3004410,,2022-04-30,32856,5.7,,8554,4,5.6,%,5.7
500373,500047,500004,3004501,,2022-04-30,32856,101,,8840,70,99,mg/dL,101.0
500374,500047,500004,3004249,,2022-04-30,32856,145,,8876,90,130,mmHg,145.0
500375,500047,500004,3012888,,2022-04-30,32856,86,,8876,60,85,mmHg,86.0
500376,500047,500004,3025315,,2022-04-30,32856,69.2,,9529,45,90,kg,69.2
500377,500047,500004,3038553,,2022-04-30,32856,29.4,,9531,18.5,25,kg/m2,29.4
500378,500048,500004,3004410,,2022-08-05,32856,5.6,,8554,4,5.6,%,5.6
500379,500048,500004,3004501,,2022-08-05,32856,103,,8840,70,99,mg/dL,103.0
500380,500048,500004,3004249,,2022-08-05,32856,126,,8876,90,130,mmHg,126.0
500381,500048,500004,3012888,,2022-08-05,32856,88,,8876,60,85,mmHg,88.0
500382,500048,500004,3025315,,2022-08-05,32856,69.6,,9529,45,90,kg,69.6
500383,500048,500004,3038553,,2022-08-05,32856,29.6,,9531,18.5,25,kg/m2,29.6
500384,500049,500004,3004410,,2022-11-10,32856,5.7,,8554,4,5.6,%,5.7
500385,500049,500004,3004501,,2022-11-10,32856,77,,8840,70,99,mg/dL,77.0
500386,500049,500004,3004249,,2022-11-10,32856,143,,8876,90,130,mmHg,143.0
500387,500049,500004,3012888,,2022-11-10,32856,93,,8876,60,85,mmHg,93.0
500388,500049,500004,3025315,,2022-11-10,32856,69.3,,9529,45,90,kg,69.3
500389,500049,500004,3038553,,2022-11-10,32856,29.4,,9531,18.5,25,kg/m2,29.4
500390,500050,500004,3004410,,2023-02-02,32856,6.2,,8554,4,5.6,%,6.2
500391,500050,500004,3004501,,2023-02-02,32856,130,,8840,70,99,mg/dL,130.0
500392,500050,500004,3004249,,2023-02-02,32856,110,,8876,90,130,mmHg,110.0
500393,500050,500004,3012888,,2023-02-02,32856,84,,8876,60,85,mmHg,84.0
500394,500050,500004,3025315,,2023-02-02,32856,70.6,,9529,45,90,kg,70.6
500395,500050,500004,3038553,,2023-02-02,32856,30,,9531,18.5,25,kg/m2,30.0
500396,500050,500004,3022192,,2023-02-02,32856,244,,8840,0,150,mg/dL,244.0
500397,500050,500004,3007070,,2023-02-02,32856,43.4,,8840,40,60,mg/dL,43.4
500398,500050,500004,3028437,,2023-02-02,32856,78.4,,8840,0,130,mg/dL,78.4
500399,500050,500004,3013721,,2023-02-02,32856,43.4,,8645,0,40,U/L,43.4
500400,500050,500004,3006923,,2023-02-02,32856,77.3,,8645,0,40,U/L,77.3
500401,500050,500004,3016723,,2023-02-02,32856,0.8,,8840,0.6,1.2,mg/dL,0.8
500402,500050,500004,3049187,,2023-02-02,32856,77,,9550,90,130,mL/min/1.73m2,77.0
500403,500051,500004,3004410,,2023-05-01,32856,5.8,,8554,4,5.6,%,5.8
500404,500051,500004,3004501,,2023-05-01,32856,118,,8840,70,99,mg/dL,118.0
500405,500051,500004,3004249,,2023-05-01,32856,127,,8876,90,130,mmHg,127.0
500406,500051,500004,3012888,,2023-05-01,32856,90,,8876,60,85,mmHg,90.0
500407,500051,500004,3025315,,2023-05-01,32856,70.4,,9529,45,90,kg,70.4
500408,500051,500004,3038553,,2023-05-01,32856,29.9,,9531,18.5,25,kg/m2,29.9
500409,500052,500004,3004410,,2023-07-26,32856,5.6,,8554,4,5.6,%,5.6
500410,500052,500004,3004501,,2023-07-26,32856,95,,8840,70,99,mg/dL,95.0
500411,500052,500004,3004249,,2023-07-26,32856,133,,8876,90,130,mmHg,133.0
500412,500052,500004,3012888,,2023-07-26,32856,75,,8876,60,85,mmHg,75.0
500413,500052,500004,3025315,,2023-07-26,32856,69.3,,9529,45,90,kg,69.3
500414,500052,500004,3038553,,2023-07-26,32856,29.4,,9531,18.5,25,kg/m2,29.4
500415,500053,500004,3004410,,2023-10-30,32856,5.8,,8554,4,5.6,%,5.8
500416,500053,500004,3004501,,2023-10-30,32856,98,,8840,70,99,mg/dL,98.0
500417,500053,500004,3004249,,2023-10-30,32856,138,,8876,90,130,mmHg,138.0
500418,500053,500004,3012888,,2023-10-30,32856,65,,8876,60,85,mmHg,65.0
500419,500053,500004,3025315,,2023-10-30,32856,68.7,,9529,45,90,kg,68.7
500420,500053,500004,3038553,,2023-10-30,32856,29.2,,9531,18.5,25,kg/m2,29.2
500421,500054,500004,3004410,,2024-02-05,32856,6.2,,8554,4,5.6,%,6.2
500422,500054,500004,3004501,,2024-02-05,32856,138,,8840,70,99,mg/dL,138.0
500423,500054,500004,3004249,,2024-02-05,32856,126,,8876,90,130,mmHg,126.0
500424,500054,500004,3012888,,2024-02-05,32856,73,,8876,60,85,mmHg,73.0
500425,500054,500004,3025315,,2024-02-05,32856,68.3,,9529,45,90,kg,68.3
500426,500054,500004,3038553,,2024-02-05,32856,29,,9531,18.5,25,kg/m2,29.0
500427,500054,500004,3022192,,2024-02-05,32856,173.7,,8840,0,150,mg/dL,173.7
500428,500054,500004,3007070,,2024-02-05,32856,25.7,,8840,40,60,mg/dL,25.7
500429,500054,500004,3028437,,2024-02-05,32856,87.3,,8840,0,130,mg/dL,87.3
500430,500054,500004,3013721,,2024-02-05,32856,48.9,,8645,0,40,U/L,48.9
500431,500054,500004,3006923,,2024-02-05,32856,17.5,,8645,0,40,U/L,17.5
500432,500054,500004,3016723,,2024-02-05,32856,1.12,,8840,0.6,1.2,mg/dL,1.12
500433,500054,500004,3049187,,2024-02-05,32856,51,,9550,90,130,mL/min/1.73m2,51.0
500434,500055,500004,3004410,,2024-05-08,32856,6.1,,8554,4,5.6,%,6.1
500435,500055,500004,3004501,,2024-05-08,32856,88,,8840,70,99,mg/dL,88.0
500436,500055,500004,3004249,,2024-05-08,32856,121,,8876,90,130,mmHg,121.0
500437,500055,500004,3012888,,2024-05-08,32856,66,,8876,60,85,mmHg,66.0
500438,500055,500004,3025315,,2024-05-08,32856,67.4,,9529,45,90,kg,67.4
500439,500055,500004,3038553,,2024-05-08,32856,28.6,,9531,18.5,25,kg/m2,28.6
500440,500056,500004,3004410,,2024-08-02,32856,5.9,,8554,4,5.6,%,5.9
500441,500056,500004,3004501,,2024-08-02,32856,95,,8840,70,99,mg/dL,95.0
500442,500056,500004,3004249,,2024-08-02,32856,98,,8876,90,130,mmHg,98.0
500443,500056,500004,3012888,,2024-08-02,32856,77,,8876,60,85,mmHg,77.0
500444,500056,500004,3025315,,2024-08-02,32856,67.3,,9529,45,90,kg,67.3
500445,500056,500004,3038553,,2024-08-02,32856,28.6,,9531,18.5,25,kg/m2,28.6
500446,500057,500004,3004410,,2024-11-05,32856,5.8,,8554,4,5.6,%,5.8
500447,500057,500004,3004501,,2024-11-05,32856,105,,8840,70,99,mg/dL,105.0
500448,500057,500004,3004249,,2024-11-05,32856,112,,8876,90,130,mmHg,112.0
500449,500057,500004,3012888,,2024-11-05,32856,72,,8876,60,85,mmHg,72.0
500450,500057,500004,3025315,,2024-11-05,32856,67,,9529,45,90,kg,67.0
500451,500057,500004,3038553,,2024-11-05,32856,28.5,,9531,18.5,25,kg/m2,28.5
500452,500058,500004,3004410,,2025-02-01,32856,6.1,,8554,4,5.6,%,6.1
500453,500058,500004,3004501,,2025-02-01,32856,128,,8840,70,99,mg/dL,128.0
500454,500058,500004,3004249,,2025-02-01,32856,144,,8876,90,130,mmHg,144.0
500455,500058,500004,3012888,,2025-02-01,32856,64,,8876,60,85,mmHg,64.0
500456,500058,500004,3025315,,2025-02-01,32856,68.9,,9529,45,90,kg,68.9
500457,500058,500004,3038553,,2025-02-01,32856,29.3,,9531,18.5,25,kg/m2,29.3
500458,500058,500004,3022192,,2025-02-01,32856,153.4,,8840,0,150,mg/dL,153.4
500459,500058,500004,3007070,,2025-02-01,32856,54.6,,8840,40,60,mg/dL,54.6
500460,500058,500004,3028437,,2025-02-01,32856,105.1,,8840,0,130,mg/dL,105.1
500461,500058,500004,3013721,,2025-02-01,32856,10,,8645,0,40,U/L,10.0
500462,500058,500004,3006923,,2025-02-01,32856,37.9,,8645,0,40,U/L,37.9
500463,500058,500004,3016723,,2025-02-01,32856,0.78,,8840,0.6,1.2,mg/dL,0.78
500464,500058,500004,3049187,,2025-02-01,32856,79,,9550,90,130,mL/min/1.73m2,79.0
500465,500059,500004,3004410,,2025-05-01,32856,5.5,,8554,4,5.6,%,5.5
500466,500059,500004,3004501,,2025-05-01,32856,75,,8840,70,99,mg/dL,75.0
500467,500059,500004,3004249,,2025-05-01,32856,122,,8876,90,130,mmHg,122.0
500468,500059,500004,3012888,,2025-05-01,32856,71,,8876,60,85,mmHg,71.0
500469,500059,500004,3025315,,2025-05-01,32856,68.6,,9529,45,90,kg,68.6
500470,500059,500004,3038553,,2025-05-01,32856,29.2,,9531,18.5,25,kg/m2,29.2
500471,500060,500004,3004410,,2025-07-30,32856,5.1,,8554,4,5.6,%,5.1
500472,500060,500004,3004501,,2025-07-30,32856,96,,8840,70,99,mg/dL,96.0
500473,500060,500004,3004249,,2025-07-30,32856,119,,8876,90,130,mmHg,119.0
500474,500060,500004,3012888,,2025-07-30,32856,84,,8876,60,85,mmHg,84.0
500475,500060,500004,3025315,,2025-07-30,32856,68.6,,9529,45,90,kg,68.6
500476,500060,500004,3038553,,2025-07-30,32856,29.2,,9531,18.5,25,kg/m2,29.2
500477,500061,500004,3004410,,2025-10-25,32856,5.3,,8554,4,5.6,%,5.3
500478,500061,500004,3004501,,2025-10-25,32856,102,,8840,70,99,mg/dL,102.0
500479,500061,500004,3004249,,2025-10-25,32856,123,,8876,90,130,mmHg,123.0
500480,500061,500004,3012888,,2025-10-25,32856,89,,8876,60,85,mmHg,89.0
500481,500061,500004,3025315,,2025-10-25,32856,69.1,,9529,45,90,kg,69.1
500482,500061,500004,3038553,,2025-10-25,32856,29.4,,9531,18.5,25,kg/m2,29.4
500483,500062,500004,3004410,,2026-01-23,32856,5.6,,8554,4,5.6,%,5.6
500484,500062,500004,3004501,,2026-01-23,32856,104,,8840,70,99,mg/dL,104.0
500485,500062,500004,3004249,,2026-01-23,32856,134,,8876,90,130,mmHg,134.0
500486,500062,500004,3012888,,2026-01-23,32856,86,,8876,60,85,mmHg,86.0
500487,500062,500004,3025315,,2026-01-23,32856,68.8,,9529,45,90,kg,68.8
500488,500062,500004,3038553,,2026-01-23,32856,29.2,,9531,18.5,25,kg/m2,29.2
500489,500062,500004,3022192,,2026-01-23,32856,159.6,,8840,0,150,mg/dL,159.6
500490,500062,500004,3007070,,2026-01-23,32856,43.2,,8840,40,60,mg/dL,43.2
500491,500062,500004,3028437,,2026-01-23,32856,80.9,,8840,0,130,mg/dL,80.9
500492,500062,500004,3013721,,2026-01-23,32856,38.2,,8645,0,40,U/L,38.2
500493,500062,500004,3006923,,2026-01-23,32856,45.3,,8645,0,40,U/L,45.3
500494,500062,500004,3016723,,2026-01-23,32856,0.63,,8840,0.6,1.2,mg/dL,0.63
500495,500062,500004,3049187,,2026-01-23,32856,91,,9550,90,130,mL/min/1.73m2,91.0
500496,500063,500004,3004410,,2026-04-28,32856,5.7,,8554,4,5.6,%,5.7
500497,500063,500004,3004501,,2026-04-28,32856,78,,8840,70,99,mg/dL,78.0
500498,500063,500004,3004249,,2026-04-28,32856,114,,8876,90,130,mmHg,114.0
500499,500063,500004,3012888,,2026-04-28,32856,67,,8876,60,85,mmHg,67.0
500500,500063,500004,3025315,,2026-04-28,32856,67.5,,9529,45,90,kg,67.5
500501,500063,500004,3038553,,2026-04-28,32856,28.7,,9531,18.5,25,kg/m2,28.7
500502,500064,500005,3036277,,2023-09-22,32856,158.2,,8582,150,185,cm,158.2
500503,500064,500005,3004410,,2023-09-22,32856,9.7,,8554,4,5.6,%,9.7
500504,500064,500005,3004501,,2023-09-22,32856,172,,8840,70,99,mg/dL,172.0
500505,500064,500005,3004249,,2023-09-22,32856,112,,8876,90,130,mmHg,112.0
500506,500064,500005,3012888,,2023-09-22,32856,95,,8876,60,85,mmHg,95.0
500507,500064,500005,3025315,,2023-09-22,32856,74.6,,9529,45,90,kg,74.6
500508,500064,500005,3038553,,2023-09-22,32856,29.8,,9531,18.5,25,kg/m2,29.8
500509,500064,500005,3022192,,2023-09-22,32856,147.2,,8840,0,150,mg/dL,147.2
500510,500064,500005,3007070,,2023-09-22,32856,43.3,,8840,40,60,mg/dL,43.3
500511,500064,500005,3028437,,2023-09-22,32856,155.1,,8840,0,130,mg/dL,155.1
500512,500064,500005,3013721,,2023-09-22,32856,32.4,,8645,0,40,U/L,32.4
500513,500064,500005,3006923,,2023-09-22,32856,30.4,,8645,0,40,U/L,30.4
500514,500064,500005,3016723,,2023-09-22,32856,1.5,,8840,0.6,1.2,mg/dL,1.5
500515,500064,500005,3049187,,2023-09-22,32856,45,,9550,90,130,mL/min/1.73m2,45.0
500516,500065,500005,3004410,,2023-12-15,32856,9.6,,8554,4,5.6,%,9.6
500517,500065,500005,3004501,,2023-12-15,32856,213,,8840,70,99,mg/dL,213.0
500518,500065,500005,3004249,,2023-12-15,32856,113,,8876,90,130,mmHg,113.0
500519,500065,500005,3012888,,2023-12-15,32856,95,,8876,60,85,mmHg,95.0
500520,500065,500005,3025315,,2023-12-15,32856,73.9,,9529,45,90,kg,73.9
500521,500065,500005,3038553,,2023-12-15,32856,29.5,,9531,18.5,25,kg/m2,29.5
500522,500066,500005,3004410,,2024-03-19,32856,9.9,,8554,4,5.6,%,9.9
500523,500066,500005,3004501,,2024-03-19,32856,198,,8840,70,99,mg/dL,198.0
500524,500066,500005,3004249,,2024-03-19,32856,146,,8876,90,130,mmHg,146.0
500525,500066,500005,3012888,,2024-03-19,32856,86,,8876,60,85,mmHg,86.0
500526,500066,500005,3025315,,2024-03-19,32856,72.3,,9529,45,90,kg,72.3
500527,500066,500005,3038553,,2024-03-19,32856,28.9,,9531,18.5,25,kg/m2,28.9
500528,500067,500005,3004410,,2024-06-18,32856,8.7,,8554,4,5.6,%,8.7
500529,500067,500005,3004501,,2024-06-18,32856,169,,8840,70,99,mg/dL,169.0
500530,500067,500005,3004249,,2024-06-18,32856,123,,8876,90,130,mmHg,123.0
500531,500067,500005,3012888,,2024-06-18,32856,77,,8876,60,85,mmHg,77.0
500532,500067,500005,3025315,,2024-06-18,32856,71.4,,9529,45,90,kg,71.4
500533,500067,500005,3038553,,2024-06-18,32856,28.5,,9531,18.5,25,kg/m2,28.5
500534,500068,500005,3004410,,2024-09-23,32856,8.3,,8554,4,5.6,%,8.3
500535,500068,500005,3004501,,2024-09-23,32856,168,,8840,70,99,mg/dL,168.0
500536,500068,500005,3004249,,2024-09-23,32856,133,,8876,90,130,mmHg,133.0
500537,500068,500005,3012888,,2024-09-23,32856,84,,8876,60,85,mmHg,84.0
500538,500068,500005,3025315,,2024-09-23,32856,71.1,,9529,45,90,kg,71.1
500539,500068,500005,3038553,,2024-09-23,32856,28.4,,9531,18.5,25,kg/m2,28.4
500540,500068,500005,3022192,,2024-09-23,32856,202.1,,8840,0,150,mg/dL,202.1
500541,500068,500005,3007070,,2024-09-23,32856,36.9,,8840,40,60,mg/dL,36.9
500542,500068,500005,3028437,,2024-09-23,32856,139.9,,8840,0,130,mg/dL,139.9
500543,500068,500005,3013721,,2024-09-23,32856,24.5,,8645,0,40,U/L,24.5
500544,500068,500005,3006923,,2024-09-23,32856,21.6,,8645,0,40,U/L,21.6
500545,500068,500005,3016723,,2024-09-23,32856,1.03,,8840,0.6,1.2,mg/dL,1.03
500546,500068,500005,3049187,,2024-09-23,32856,70,,9550,90,130,mL/min/1.73m2,70.0
500547,500069,500005,3004410,,2024-12-30,32856,8,,8554,4,5.6,%,8.0
500548,500069,500005,3004501,,2024-12-30,32856,164,,8840,70,99,mg/dL,164.0
500549,500069,500005,3004249,,2024-12-30,32856,135,,8876,90,130,mmHg,135.0
500550,500069,500005,3012888,,2024-12-30,32856,98,,8876,60,85,mmHg,98.0
500551,500069,500005,3025315,,2024-12-30,32856,69.1,,9529,45,90,kg,69.1
500552,500069,500005,3038553,,2024-12-30,32856,27.6,,9531,18.5,25,kg/m2,27.6
500553,500070,500005,3004410,,2025-03-26,32856,8.9,,8554,4,5.6,%,8.9
500554,500070,500005,3004501,,2025-03-26,32856,174,,8840,70,99,mg/dL,174.0
500555,500070,500005,3004249,,2025-03-26,32856,148,,8876,90,130,mmHg,148.0
500556,500070,500005,3012888,,2025-03-26,32856,84,,8876,60,85,mmHg,84.0
500557,500070,500005,3025315,,2025-03-26,32856,67.4,,9529,45,90,kg,67.4
500558,500070,500005,3038553,,2025-03-26,32856,26.9,,9531,18.5,25,kg/m2,26.9
500559,500071,500005,3004410,,2025-06-18,32856,7.5,,8554,4,5.6,%,7.5
500560,500071,500005,3004501,,2025-06-18,32856,128,,8840,70,99,mg/dL,128.0
500561,500071,500005,3004249,,2025-06-18,32856,149,,8876,90,130,mmHg,149.0
500562,500071,500005,3012888,,2025-06-18,32856,94,,8876,60,85,mmHg,94.0
500563,500071,500005,3025315,,2025-06-18,32856,66.3,,9529,45,90,kg,66.3
500564,500071,500005,3038553,,2025-06-18,32856,26.5,,9531,18.5,25,kg/m2,26.5
500565,500072,500005,3004410,,2025-09-14,32856,7.3,,8554,4,5.6,%,7.3
500566,500072,500005,3004501,,2025-09-14,32856,111,,8840,70,99,mg/dL,111.0
500567,500072,500005,3004249,,2025-09-14,32856,151,,8876,90,130,mmHg,151.0
500568,500072,500005,3012888,,2025-09-14,32856,90,,8876,60,85,mmHg,90.0
500569,500072,500005,3025315,,2025-09-14,32856,66.8,,9529,45,90,kg,66.8
500570,500072,500005,3038553,,2025-09-14,32856,26.7,,9531,18.5,25,kg/m2,26.7
500571,500072,500005,3022192,,2025-09-14,32856,163.6,,8840,0,150,mg/dL,163.6
500572,500072,500005,3007070,,2025-09-14,32856,32.7,,8840,40,60,mg/dL,32.7
500573,500072,500005,3028437,,2025-09-14,32856,126.9,,8840,0,130,mg/dL,126.9
500574,500072,500005,3013721,,2025-09-14,32856,31.8,,8645,0,40,U/L,31.8
500575,500072,500005,3006923,,2025-09-14,32856,29.1,,8645,0,40,U/L,29.1
500576,500072,500005,3016723,,2025-09-14,32856,0.71,,8840,0.6,1.2,mg/dL,0.71
500577,500072,500005,3049187,,2025-09-14,32856,109,,9550,90,130,mL/min/1.73m2,109.0
500578,500073,500005,3004410,,2025-12-20,32856,7.4,,8554,4,5.6,%,7.4
500579,500073,500005,3004501,,2025-12-20,32856,126,,8840,70,99,mg/dL,126.0
500580,500073,500005,3004249,,2025-12-20,32856,151,,8876,90,130,mmHg,151.0
500581,500073,500005,3012888,,2025-12-20,32856,77,,8876,60,85,mmHg,77.0
500582,500073,500005,3025315,,2025-12-20,32856,65.4,,9529,45,90,kg,65.4
500583,500073,500005,3038553,,2025-12-20,32856,26.1,,9531,18.5,25,kg/m2,26.1
500584,500074,500005,3004410,,2026-03-14,32856,7.2,,8554,4,5.6,%,7.2
500585,500074,500005,3004501,,2026-03-14,32856,156,,8840,70,99,mg/dL,156.0
500586,500074,500005,3004249,,2026-03-14,32856,116,,8876,90,130,mmHg,116.0
500587,500074,500005,3012888,,2026-03-14,32856,76,,8876,60,85,mmHg,76.0
500588,500074,500005,3025315,,2026-03-14,32856,64.1,,9529,45,90,kg,64.1
500589,500074,500005,3038553,,2026-03-14,32856,25.6,,9531,18.5,25,kg/m2,25.6
500590,500075,500005,3004410,,2026-06-06,32856,6.8,,8554,4,5.6,%,6.8
500591,500075,500005,3004501,,2026-06-06,32856,123,,8840,70,99,mg/dL,123.0
500592,500075,500005,3004249,,2026-06-06,32856,136,,8876,90,130,mmHg,136.0
500593,500075,500005,3012888,,2026-06-06,32856,94,,8876,60,85,mmHg,94.0
500594,500075,500005,3025315,,2026-06-06,32856,64.4,,9529,45,90,kg,64.4
500595,500075,500005,3038553,,2026-06-06,32856,25.7,,9531,18.5,25,kg/m2,25.7
500596,500076,500006,3036277,,2020-11-15,32856,152.1,,8582,150,185,cm,152.1
500597,500076,500006,3004410,,2020-11-15,32856,6.6,,8554,4,5.6,%,6.6
500598,500076,500006,3004501,,2020-11-15,32856,129,,8840,70,99,mg/dL,129.0
500599,500076,500006,3004249,,2020-11-15,32856,138,,8876,90,130,mmHg,138.0
500600,500076,500006,3012888,,2020-11-15,32856,80,,8876,60,85,mmHg,80.0
500601,500076,500006,3025315,,2020-11-15,32856,59.2,,9529,45,90,kg,59.2
500602,500076,500006,3038553,,2020-11-15,32856,25.6,,9531,18.5,25,kg/m2,25.6
500603,500076,500006,3022192,,2020-11-15,32856,130.4,,8840,0,150,mg/dL,130.4
500604,500076,500006,3007070,,2020-11-15,32856,59.5,,8840,40,60,mg/dL,59.5
500605,500076,500006,3028437,,2020-11-15,32856,188.8,,8840,0,130,mg/dL,188.8
500606,500076,500006,3013721,,2020-11-15,32856,49.4,,8645,0,40,U/L,49.4
500607,500076,500006,3006923,,2020-11-15,32856,70.1,,8645,0,40,U/L,70.1
500608,500076,500006,3016723,,2020-11-15,32856,0.65,,8840,0.6,1.2,mg/dL,0.65
500609,500076,500006,3049187,,2020-11-15,32856,108,,9550,90,130,mL/min/1.73m2,108.0
500610,500077,500006,3004410,,2021-02-10,32856,6.3,,8554,4,5.6,%,6.3
500611,500077,500006,3004501,,2021-02-10,32856,126,,8840,70,99,mg/dL,126.0
500612,500077,500006,3004249,,2021-02-10,32856,129,,8876,90,130,mmHg,129.0
500613,500077,500006,3012888,,2021-02-10,32856,91,,8876,60,85,mmHg,91.0
500614,500077,500006,3025315,,2021-02-10,32856,58.1,,9529,45,90,kg,58.1
500615,500077,500006,3038553,,2021-02-10,32856,25.1,,9531,18.5,25,kg/m2,25.1
500616,500078,500006,3004410,,2021-05-17,32856,5.9,,8554,4,5.6,%,5.9
500617,500078,500006,3004501,,2021-05-17,32856,121,,8840,70,99,mg/dL,121.0
500618,500078,500006,3004249,,2021-05-17,32856,149,,8876,90,130,mmHg,149.0
500619,500078,500006,3012888,,2021-05-17,32856,86,,8876,60,85,mmHg,86.0
500620,500078,500006,3025315,,2021-05-17,32856,59.4,,9529,45,90,kg,59.4
500621,500078,500006,3038553,,2021-05-17,32856,25.7,,9531,18.5,25,kg/m2,25.7
500622,500079,500006,3004410,,2021-08-13,32856,5.7,,8554,4,5.6,%,5.7
500623,500079,500006,3004501,,2021-08-13,32856,99,,8840,70,99,mg/dL,99.0
500624,500079,500006,3004249,,2021-08-13,32856,137,,8876,90,130,mmHg,137.0
500625,500079,500006,3012888,,2021-08-13,32856,95,,8876,60,85,mmHg,95.0
500626,500079,500006,3025315,,2021-08-13,32856,60.5,,9529,45,90,kg,60.5
500627,500079,500006,3038553,,2021-08-13,32856,26.2,,9531,18.5,25,kg/m2,26.2
500628,500080,500006,3004410,,2021-11-06,32856,5.6,,8554,4,5.6,%,5.6
500629,500080,500006,3004501,,2021-11-06,32856,103,,8840,70,99,mg/dL,103.0
500630,500080,500006,3004249,,2021-11-06,32856,139,,8876,90,130,mmHg,139.0
500631,500080,500006,3012888,,2021-11-06,32856,77,,8876,60,85,mmHg,77.0
500632,500080,500006,3025315,,2021-11-06,32856,61.4,,9529,45,90,kg,61.4
500633,500080,500006,3038553,,2021-11-06,32856,26.5,,9531,18.5,25,kg/m2,26.5
500634,500080,500006,3022192,,2021-11-06,32856,215.6,,8840,0,150,mg/dL,215.6
500635,500080,500006,3007070,,2021-11-06,32856,40.3,,8840,40,60,mg/dL,40.3
500636,500080,500006,3028437,,2021-11-06,32856,167.3,,8840,0,130,mg/dL,167.3
500637,500080,500006,3013721,,2021-11-06,32856,34.7,,8645,0,40,U/L,34.7
500638,500080,500006,3006923,,2021-11-06,32856,20.2,,8645,0,40,U/L,20.2
500639,500080,500006,3016723,,2021-11-06,32856,0.5,,8840,0.6,1.2,mg/dL,0.5
500640,500080,500006,3049187,,2021-11-06,32856,114,,9550,90,130,mL/min/1.73m2,114.0
500641,500081,500006,3004410,,2022-01-31,32856,5.8,,8554,4,5.6,%,5.8
500642,500081,500006,3004501,,2022-01-31,32856,121,,8840,70,99,mg/dL,121.0
500643,500081,500006,3004249,,2022-01-31,32856,143,,8876,90,130,mmHg,143.0
500644,500081,500006,3012888,,2022-01-31,32856,80,,8876,60,85,mmHg,80.0
500645,500081,500006,3025315,,2022-01-31,32856,61.1,,9529,45,90,kg,61.1
500646,500081,500006,3038553,,2022-01-31,32856,26.4,,9531,18.5,25,kg/m2,26.4
500647,500082,500006,3004410,,2022-05-09,32856,5.1,,8554,4,5.6,%,5.1
500648,500082,500006,3004501,,2022-05-09,32856,91,,8840,70,99,mg/dL,91.0
500649,500082,500006,3004249,,2022-05-09,32856,131,,8876,90,130,mmHg,131.0
500650,500082,500006,3012888,,2022-05-09,32856,68,,8876,60,85,mmHg,68.0
500651,500082,500006,3025315,,2022-05-09,32856,61.2,,9529,45,90,kg,61.2
500652,500082,500006,3038553,,2022-05-09,32856,26.5,,9531,18.5,25,kg/m2,26.5
500653,500083,500006,3004410,,2022-08-06,32856,5.9,,8554,4,5.6,%,5.9
500654,500083,500006,3004501,,2022-08-06,32856,115,,8840,70,99,mg/dL,115.0
500655,500083,500006,3004249,,2022-08-06,32856,123,,8876,90,130,mmHg,123.0
500656,500083,500006,3012888,,2022-08-06,32856,95,,8876,60,85,mmHg,95.0
500657,500083,500006,3025315,,2022-08-06,32856,59.6,,9529,45,90,kg,59.6
500658,500083,500006,3038553,,2022-08-06,32856,25.8,,9531,18.5,25,kg/m2,25.8
500659,500084,500006,3004410,,2022-11-08,32856,6.2,,8554,4,5.6,%,6.2
500660,500084,500006,3004501,,2022-11-08,32856,125,,8840,70,99,mg/dL,125.0
500661,500084,500006,3004249,,2022-11-08,32856,147,,8876,90,130,mmHg,147.0
500662,500084,500006,3012888,,2022-11-08,32856,81,,8876,60,85,mmHg,81.0
500663,500084,500006,3025315,,2022-11-08,32856,58.7,,9529,45,90,kg,58.7
500664,500084,500006,3038553,,2022-11-08,32856,25.4,,9531,18.5,25,kg/m2,25.4
500665,500084,500006,3022192,,2022-11-08,32856,254.6,,8840,0,150,mg/dL,254.6
500666,500084,500006,3007070,,2022-11-08,32856,57.9,,8840,40,60,mg/dL,57.9
500667,500084,500006,3028437,,2022-11-08,32856,69.2,,8840,0,130,mg/dL,69.2
500668,500084,500006,3013721,,2022-11-08,32856,51.1,,8645,0,40,U/L,51.1
500669,500084,500006,3006923,,2022-11-08,32856,33,,8645,0,40,U/L,33.0
500670,500084,500006,3016723,,2022-11-08,32856,0.96,,8840,0.6,1.2,mg/dL,0.96
500671,500084,500006,3049187,,2022-11-08,32856,72,,9550,90,130,mL/min/1.73m2,72.0
500672,500085,500006,3004410,,2023-02-03,32856,6.2,,8554,4,5.6,%,6.2
500673,500085,500006,3004501,,2023-02-03,32856,120,,8840,70,99,mg/dL,120.0
500674,500085,500006,3004249,,2023-02-03,32856,131,,8876,90,130,mmHg,131.0
500675,500085,500006,3012888,,2023-02-03,32856,84,,8876,60,85,mmHg,84.0
500676,500085,500006,3025315,,2023-02-03,32856,60.4,,9529,45,90,kg,60.4
500677,500085,500006,3038553,,2023-02-03,32856,26.1,,9531,18.5,25,kg/m2,26.1
500678,500086,500006,3004410,,2023-05-06,32856,5.4,,8554,4,5.6,%,5.4
500679,500086,500006,3004501,,2023-05-06,32856,79,,8840,70,99,mg/dL,79.0
500680,500086,500006,3004249,,2023-05-06,32856,122,,8876,90,130,mmHg,122.0
500681,500086,500006,3012888,,2023-05-06,32856,97,,8876,60,85,mmHg,97.0
500682,500086,500006,3025315,,2023-05-06,32856,62.4,,9529,45,90,kg,62.4
500683,500086,500006,3038553,,2023-05-06,32856,27,,9531,18.5,25,kg/m2,27.0
500684,500087,500006,3004410,,2023-08-02,32856,5.6,,8554,4,5.6,%,5.6
500685,500087,500006,3004501,,2023-08-02,32856,110,,8840,70,99,mg/dL,110.0
500686,500087,500006,3004249,,2023-08-02,32856,140,,8876,90,130,mmHg,140.0
500687,500087,500006,3012888,,2023-08-02,32856,83,,8876,60,85,mmHg,83.0
500688,500087,500006,3025315,,2023-08-02,32856,63.5,,9529,45,90,kg,63.5
500689,500087,500006,3038553,,2023-08-02,32856,27.4,,9531,18.5,25,kg/m2,27.4
500690,500088,500007,3036277,,2023-11-11,32856,175.3,,8582,150,185,cm,175.3
500691,500088,500007,3004410,,2023-11-11,32856,8.3,,8554,4,5.6,%,8.3
500692,500088,500007,3004501,,2023-11-11,32856,176,,8840,70,99,mg/dL,176.0
500693,500088,500007,3004249,,2023-11-11,32856,119,,8876,90,130,mmHg,119.0
500694,500088,500007,3012888,,2023-11-11,32856,76,,8876,60,85,mmHg,76.0
500695,500088,500007,3025315,,2023-11-11,32856,91,,9529,45,90,kg,91.0
500696,500088,500007,3038553,,2023-11-11,32856,29.6,,9531,18.5,25,kg/m2,29.6
500697,500088,500007,3022192,,2023-11-11,32856,226.5,,8840,0,150,mg/dL,226.5
500698,500088,500007,3007070,,2023-11-11,32856,42.5,,8840,40,60,mg/dL,42.5
500699,500088,500007,3028437,,2023-11-11,32856,77.3,,8840,0,130,mg/dL,77.3
500700,500088,500007,3013721,,2023-11-11,32856,53.8,,8645,0,40,U/L,53.8
500701,500088,500007,3006923,,2023-11-11,32856,20.7,,8645,0,40,U/L,20.7
500702,500088,500007,3016723,,2023-11-11,32856,0.58,,8840,0.6,1.2,mg/dL,0.58
500703,500088,500007,3049187,,2023-11-11,32856,120,,9550,90,130,mL/min/1.73m2,120.0
500704,500089,500007,3004410,,2024-02-04,32856,7.8,,8554,4,5.6,%,7.8
500705,500089,500007,3004501,,2024-02-04,32856,128,,8840,70,99,mg/dL,128.0
500706,500089,500007,3004249,,2024-02-04,32856,139,,8876,90,130,mmHg,139.0
500707,500089,500007,3012888,,2024-02-04,32856,84,,8876,60,85,mmHg,84.0
500708,500089,500007,3025315,,2024-02-04,32856,91,,9529,45,90,kg,91.0
500709,500089,500007,3038553,,2024-02-04,32856,29.6,,9531,18.5,25,kg/m2,29.6
500710,500090,500007,3004410,,2024-05-07,32856,7.2,,8554,4,5.6,%,7.2
500711,500090,500007,3004501,,2024-05-07,32856,128,,8840,70,99,mg/dL,128.0
500712,500090,500007,3004249,,2024-05-07,32856,117,,8876,90,130,mmHg,117.0
500713,500090,500007,3012888,,2024-05-07,32856,82,,8876,60,85,mmHg,82.0
500714,500090,500007,3025315,,2024-05-07,32856,91.4,,9529,45,90,kg,91.4
500715,500090,500007,3038553,,2024-05-07,32856,29.7,,9531,18.5,25,kg/m2,29.7
500716,500091,500007,3004410,,2024-08-09,32856,7.4,,8554,4,5.6,%,7.4
500717,500091,500007,3004501,,2024-08-09,32856,131,,8840,70,99,mg/dL,131.0
500718,500091,500007,3004249,,2024-08-09,32856,127,,8876,90,130,mmHg,127.0
500719,500091,500007,3012888,,2024-08-09,32856,71,,8876,60,85,mmHg,71.0
500720,500091,500007,3025315,,2024-08-09,32856,91.1,,9529,45,90,kg,91.1
500721,500091,500007,3038553,,2024-08-09,32856,29.6,,9531,18.5,25,kg/m2,29.6
500722,500092,500007,3004410,,2024-11-15,32856,7.4,,8554,4,5.6,%,7.4
500723,500092,500007,3004501,,2024-11-15,32856,135,,8840,70,99,mg/dL,135.0
500724,500092,500007,3004249,,2024-11-15,32856,119,,8876,90,130,mmHg,119.0
500725,500092,500007,3012888,,2024-11-15,32856,88,,8876,60,85,mmHg,88.0
500726,500092,500007,3025315,,2024-11-15,32856,91.6,,9529,45,90,kg,91.6
500727,500092,500007,3038553,,2024-11-15,32856,29.8,,9531,18.5,25,kg/m2,29.8
500728,500092,500007,3022192,,2024-11-15,32856,188,,8840,0,150,mg/dL,188.0
500729,500092,500007,3007070,,2024-11-15,32856,57.2,,8840,40,60,mg/dL,57.2
500730,500092,500007,3028437,,2024-11-15,32856,101.5,,8840,0,130,mg/dL,101.5
500731,500092,500007,3013721,,2024-11-15,32856,61.2,,8645,0,40,U/L,61.2
500732,500092,500007,3006923,,2024-11-15,32856,70.9,,8645,0,40,U/L,70.9
500733,500092,500007,3016723,,2024-11-15,32856,0.73,,8840,0.6,1.2,mg/dL,0.73
500734,500092,500007,3049187,,2024-11-15,32856,112,,9550,90,130,mL/min/1.73m2,112.0
500735,500093,500007,3004410,,2025-02-09,32856,7.2,,8554,4,5.6,%,7.2
500736,500093,500007,3004501,,2025-02-09,32856,104,,8840,70,99,mg/dL,104.0
500737,500093,500007,3004249,,2025-02-09,32856,104,,8876,90,130,mmHg,104.0
500738,500093,500007,3012888,,2025-02-09,32856,76,,8876,60,85,mmHg,76.0
500739,500093,500007,3025315,,2025-02-09,32856,92.4,,9529,45,90,kg,92.4
500740,500093,500007,3038553,,2025-02-09,32856,30.1,,9531,18.5,25,kg/m2,30.1
500741,500094,500007,3004410,,2025-05-09,32856,7.4,,8554,4,5.6,%,7.4
500742,500094,500007,3004501,,2025-05-09,32856,113,,8840,70,99,mg/dL,113.0
500743,500094,500007,3004249,,2025-05-09,32856,115,,8876,90,130,mmHg,115.0
500744,500094,500007,3012888,,2025-05-09,32856,65,,8876,60,85,mmHg,65.0
500745,500094,500007,3025315,,2025-05-09,32856,92.8,,9529,45,90,kg,92.8
500746,500094,500007,3038553,,2025-05-09,32856,30.2,,9531,18.5,25,kg/m2,30.2
500747,500095,500007,3004410,,2025-08-04,32856,7.4,,8554,4,5.6,%,7.4
500748,500095,500007,3004501,,2025-08-04,32856,138,,8840,70,99,mg/dL,138.0
500749,500095,500007,3004249,,2025-08-04,32856,132,,8876,90,130,mmHg,132.0
500750,500095,500007,3012888,,2025-08-04,32856,83,,8876,60,85,mmHg,83.0
500751,500095,500007,3025315,,2025-08-04,32856,90.8,,9529,45,90,kg,90.8
500752,500095,500007,3038553,,2025-08-04,32856,29.5,,9531,18.5,25,kg/m2,29.5
500753,500096,500007,3004410,,2025-11-02,32856,7.8,,8554,4,5.6,%,7.8
500754,500096,500007,3004501,,2025-11-02,32856,139,,8840,70,99,mg/dL,139.0
500755,500096,500007,3004249,,2025-11-02,32856,127,,8876,90,130,mmHg,127.0
500756,500096,500007,3012888,,2025-11-02,32856,72,,8876,60,85,mmHg,72.0
500757,500096,500007,3025315,,2025-11-02,32856,90.6,,9529,45,90,kg,90.6
500758,500096,500007,3038553,,2025-11-02,32856,29.5,,9531,18.5,25,kg/m2,29.5
500759,500096,500007,3022192,,2025-11-02,32856,108,,8840,0,150,mg/dL,108.0
500760,500096,500007,3007070,,2025-11-02,32856,62.4,,8840,40,60,mg/dL,62.4
500761,500096,500007,3028437,,2025-11-02,32856,75.6,,8840,0,130,mg/dL,75.6
500762,500096,500007,3013721,,2025-11-02,32856,22.6,,8645,0,40,U/L,22.6
500763,500096,500007,3006923,,2025-11-02,32856,70.2,,8645,0,40,U/L,70.2
500764,500096,500007,3016723,,2025-11-02,32856,1.03,,8840,0.6,1.2,mg/dL,1.03
500765,500096,500007,3049187,,2025-11-02,32856,88,,9550,90,130,mL/min/1.73m2,88.0
500766,500097,500007,3004410,,2026-01-30,32856,7.6,,8554,4,5.6,%,7.6
500767,500097,500007,3004501,,2026-01-30,32856,142,,8840,70,99,mg/dL,142.0
500768,500097,500007,3004249,,2026-01-30,32856,127,,8876,90,130,mmHg,127.0
500769,500097,500007,3012888,,2026-01-30,32856,71,,8876,60,85,mmHg,71.0
500770,500097,500007,3025315,,2026-01-30,32856,91,,9529,45,90,kg,91.0
500771,500097,500007,3038553,,2026-01-30,32856,29.6,,9531,18.5,25,kg/m2,29.6
500772,500098,500007,3004410,,2026-05-03,32856,7.6,,8554,4,5.6,%,7.6
500773,500098,500007,3004501,,2026-05-03,32856,125,,8840,70,99,mg/dL,125.0
500774,500098,500007,3004249,,2026-05-03,32856,120,,8876,90,130,mmHg,120.0
500775,500098,500007,3012888,,2026-05-03,32856,67,,8876,60,85,mmHg,67.0
500776,500098,500007,3025315,,2026-05-03,32856,90.3,,9529,45,90,kg,90.3
500777,500098,500007,3038553,,2026-05-03,32856,29.4,,9531,18.5,25,kg/m2,29.4
500778,500099,500007,3004410,,2026-07-29,32856,7.8,,8554,4,5.6,%,7.8
500779,500099,500007,3004501,,2026-07-29,32856,146,,8840,70,99,mg/dL,146.0
500780,500099,500007,3004249,,2026-07-29,32856,117,,8876,90,130,mmHg,117.0
500781,500099,500007,3012888,,2026-07-29,32856,79,,8876,60,85,mmHg,79.0
500782,500099,500007,3025315,,2026-07-29,32856,90.6,,9529,45,90,kg,90.6
500783,500099,500007,3038553,,2026-07-29,32856,29.5,,9531,18.5,25,kg/m2,29.5
500784,500100,500008,3036277,,2021-02-12,32856,167.8,,8582,150,185,cm,167.8
500785,500100,500008,3004410,,2021-02-12,32856,6.5,,8554,4,5.6,%,6.5
500786,500100,500008,3004501,,2021-02-12,32856,131,,8840,70,99,mg/dL,131.0
500787,500100,500008,3004249,,2021-02-12,32856,136,,8876,90,130,mmHg,136.0
500788,500100,500008,3012888,,2021-02-12,32856,79,,8876,60,85,mmHg,79.0
500789,500100,500008,3025315,,2021-02-12,32856,50.7,,9529,45,90,kg,50.7
500790,500100,500008,3038553,,2021-02-12,32856,18,,9531,18.5,25,kg/m2,18
500791,500100,500008,3022192,,2021-02-12,32856,76.5,,8840,0,150,mg/dL,76.5
500792,500100,500008,3007070,,2021-02-12,32856,48.3,,8840,40,60,mg/dL,48.3
500793,500100,500008,3028437,,2021-02-12,32856,107.5,,8840,0,130,mg/dL,107.5
500794,500100,500008,3013721,,2021-02-12,32856,56.6,,8645,0,40,U/L,56.6
500795,500100,500008,3006923,,2021-02-12,32856,34.5,,8645,0,40,U/L,34.5
500796,500100,500008,3016723,,2021-02-12,32856,0.99,,8840,0.6,1.2,mg/dL,0.99
500797,500100,500008,3049187,,2021-02-12,32856,92,,9550,90,130,mL/min/1.73m2,92.0
500798,500101,500008,3004410,,2021-05-15,32856,6,,8554,4,5.6,%,6.0
500799,500101,500008,3004501,,2021-05-15,32856,100,,8840,70,99,mg/dL,100.0
500800,500101,500008,3004249,,2021-05-15,32856,109,,8876,90,130,mmHg,109.0
500801,500101,500008,3012888,,2021-05-15,32856,71,,8876,60,85,mmHg,71.0
500802,500101,500008,3025315,,2021-05-15,32856,50.4,,9529,45,90,kg,50.4
500803,500101,500008,3038553,,2021-05-15,32856,17.9,,9531,18.5,25,kg/m2,17.9
500804,500102,500008,3004410,,2021-08-15,32856,5.5,,8554,4,5.6,%,5.5
500805,500102,500008,3004501,,2021-08-15,32856,97,,8840,70,99,mg/dL,97.0
500806,500102,500008,3004249,,2021-08-15,32856,127,,8876,90,130,mmHg,127.0
500807,500102,500008,3012888,,2021-08-15,32856,73,,8876,60,85,mmHg,73.0
500808,500102,500008,3025315,,2021-08-15,32856,50.1,,9529,45,90,kg,50.1
500809,500102,500008,3038553,,2021-08-15,32856,17.8,,9531,18.5,25,kg/m2,17.8
500810,500103,500008,3004410,,2021-11-17,32856,5.7,,8554,4,5.6,%,5.7
500811,500103,500008,3004501,,2021-11-17,32856,119,,8840,70,99,mg/dL,119.0
500812,500103,500008,3004249,,2021-11-17,32856,122,,8876,90,130,mmHg,122.0
500813,500103,500008,3012888,,2021-11-17,32856,72,,8876,60,85,mmHg,72.0
500814,500103,500008,3025315,,2021-11-17,32856,51.3,,9529,45,90,kg,51.3
500815,500103,500008,3038553,,2021-11-17,32856,18.2,,9531,18.5,25,kg/m2,18.2
500816,500104,500008,3004410,,2022-02-16,32856,5.5,,8554,4,5.6,%,5.5
500817,500104,500008,3004501,,2022-02-16,32856,119,,8840,70,99,mg/dL,119.0
500818,500104,500008,3004249,,2022-02-16,32856,122,,8876,90,130,mmHg,122.0
500819,500104,500008,3012888,,2022-02-16,32856,89,,8876,60,85,mmHg,89.0
500820,500104,500008,3025315,,2022-02-16,32856,51.6,,9529,45,90,kg,51.6
500821,500104,500008,3038553,,2022-02-16,32856,18.3,,9531,18.5,25,kg/m2,18.3
500822,500104,500008,3022192,,2022-02-16,32856,231.1,,8840,0,150,mg/dL,231.1
500823,500104,500008,3007070,,2022-02-16,32856,59.4,,8840,40,60,mg/dL,59.4
500824,500104,500008,3028437,,2022-02-16,32856,126.2,,8840,0,130,mg/dL,126.2
500825,500104,500008,3013721,,2022-02-16,32856,15.8,,8645,0,40,U/L,15.8
500826,500104,500008,3006923,,2022-02-16,32856,26.6,,8645,0,40,U/L,26.6
500827,500104,500008,3016723,,2022-02-16,32856,1.28,,8840,0.6,1.2,mg/dL,1.28
500828,500104,500008,3049187,,2022-02-16,32856,67,,9550,90,130,mL/min/1.73m2,67.0
500829,500105,500008,3004410,,2022-05-20,32856,5.7,,8554,4,5.6,%,5.7
500830,500105,500008,3004501,,2022-05-20,32856,79,,8840,70,99,mg/dL,79.0
500831,500105,500008,3004249,,2022-05-20,32856,133,,8876,90,130,mmHg,133.0
500832,500105,500008,3012888,,2022-05-20,32856,69,,8876,60,85,mmHg,69.0
500833,500105,500008,3025315,,2022-05-20,32856,51.3,,9529,45,90,kg,51.3
500834,500105,500008,3038553,,2022-05-20,32856,18.2,,9531,18.5,25,kg/m2,18.2
500835,500106,500008,3004410,,2022-08-18,32856,5.8,,8554,4,5.6,%,5.8
500836,500106,500008,3004501,,2022-08-18,32856,103,,8840,70,99,mg/dL,103.0
500837,500106,500008,3004249,,2022-08-18,32856,139,,8876,90,130,mmHg,139.0
500838,500106,500008,3012888,,2022-08-18,32856,70,,8876,60,85,mmHg,70.0
500839,500106,500008,3025315,,2022-08-18,32856,50.9,,9529,45,90,kg,50.9
500840,500106,500008,3038553,,2022-08-18,32856,18.1,,9531,18.5,25,kg/m2,18.1
500841,500107,500008,3004410,,2022-11-10,32856,5.9,,8554,4,5.6,%,5.9
500842,500107,500008,3004501,,2022-11-10,32856,116,,8840,70,99,mg/dL,116.0
500843,500107,500008,3004249,,2022-11-10,32856,141,,8876,90,130,mmHg,141.0
500844,500107,500008,3012888,,2022-11-10,32856,85,,8876,60,85,mmHg,85.0
500845,500107,500008,3025315,,2022-11-10,32856,50.1,,9529,45,90,kg,50.1
500846,500107,500008,3038553,,2022-11-10,32856,17.8,,9531,18.5,25,kg/m2,17.8
500847,500108,500008,3004410,,2023-02-05,32856,6,,8554,4,5.6,%,6.0
500848,500108,500008,3004501,,2023-02-05,32856,114,,8840,70,99,mg/dL,114.0
500849,500108,500008,3004249,,2023-02-05,32856,137,,8876,90,130,mmHg,137.0
500850,500108,500008,3012888,,2023-02-05,32856,72,,8876,60,85,mmHg,72.0
500851,500108,500008,3025315,,2023-02-05,32856,50.7,,9529,45,90,kg,50.7
500852,500108,500008,3038553,,2023-02-05,32856,18,,9531,18.5,25,kg/m2,18.0
500853,500108,500008,3022192,,2023-02-05,32856,85.7,,8840,0,150,mg/dL,85.7
500854,500108,500008,3007070,,2023-02-05,32856,51.4,,8840,40,60,mg/dL,51.4
500855,500108,500008,3028437,,2023-02-05,32856,113.2,,8840,0,130,mg/dL,113.2
500856,500108,500008,3013721,,2023-02-05,32856,37.1,,8645,0,40,U/L,37.1
500857,500108,500008,3006923,,2023-02-05,32856,93.1,,8645,0,40,U/L,93.1
500858,500108,500008,3016723,,2023-02-05,32856,0.85,,8840,0.6,1.2,mg/dL,0.85
500859,500108,500008,3049187,,2023-02-05,32856,104,,9550,90,130,mL/min/1.73m2,104.0
500860,500109,500008,3004410,,2023-04-30,32856,5.7,,8554,4,5.6,%,5.7
500861,500109,500008,3004501,,2023-04-30,32856,84,,8840,70,99,mg/dL,84.0
500862,500109,500008,3004249,,2023-04-30,32856,129,,8876,90,130,mmHg,129.0
500863,500109,500008,3012888,,2023-04-30,32856,72,,8876,60,85,mmHg,72.0
500864,500109,500008,3025315,,2023-04-30,32856,49.1,,9529,45,90,kg,49.1
500865,500109,500008,3038553,,2023-04-30,32856,17.4,,9531,18.5,25,kg/m2,17.4
500866,500110,500008,3004410,,2023-08-06,32856,5.4,,8554,4,5.6,%,5.4
500867,500110,500008,3004501,,2023-08-06,32856,78,,8840,70,99,mg/dL,78.0
500868,500110,500008,3004249,,2023-08-06,32856,119,,8876,90,130,mmHg,119.0
500869,500110,500008,3012888,,2023-08-06,32856,77,,8876,60,85,mmHg,77.0
500870,500110,500008,3025315,,2023-08-06,32856,51.7,,9529,45,90,kg,51.7
500871,500110,500008,3038553,,2023-08-06,32856,18.4,,9531,18.5,25,kg/m2,18.4
500872,500111,500008,3004410,,2023-10-29,32856,5.4,,8554,4,5.6,%,5.4
500873,500111,500008,3004501,,2023-10-29,32856,90,,8840,70,99,mg/dL,90.0
500874,500111,500008,3004249,,2023-10-29,32856,98,,8876,90,130,mmHg,98.0
500875,500111,500008,3012888,,2023-10-29,32856,92,,8876,60,85,mmHg,92.0
500876,500111,500008,3025315,,2023-10-29,32856,51.8,,9529,45,90,kg,51.8
500877,500111,500008,3038553,,2023-10-29,32856,18.4,,9531,18.5,25,kg/m2,18.4
500878,500112,500008,3004410,,2024-01-23,32856,5.2,,8554,4,5.6,%,5.2
500879,500112,500008,3004501,,2024-01-23,32856,71,,8840,70,99,mg/dL,71.0
500880,500112,500008,3004249,,2024-01-23,32856,128,,8876,90,130,mmHg,128.0
500881,500112,500008,3012888,,2024-01-23,32856,73,,8876,60,85,mmHg,73.0
500882,500112,500008,3025315,,2024-01-23,32856,52.3,,9529,45,90,kg,52.3
500883,500112,500008,3038553,,2024-01-23,32856,18.6,,9531,18.5,25,kg/m2,18.6
500884,500112,500008,3022192,,2024-01-23,32856,66.9,,8840,0,150,mg/dL,66.9
500885,500112,500008,3007070,,2024-01-23,32856,57.1,,8840,40,60,mg/dL,57.1
500886,500112,500008,3028437,,2024-01-23,32856,81.7,,8840,0,130,mg/dL,81.7
500887,500112,500008,3013721,,2024-01-23,32856,37.7,,8645,0,40,U/L,37.7
500888,500112,500008,3006923,,2024-01-23,32856,24.6,,8645,0,40,U/L,24.6
500889,500112,500008,3016723,,2024-01-23,32856,0.87,,8840,0.6,1.2,mg/dL,0.87
500890,500112,500008,3049187,,2024-01-23,32856,103,,9550,90,130,mL/min/1.73m2,103.0
500891,500113,500008,3004410,,2024-04-21,32856,6.2,,8554,4,5.6,%,6.2
500892,500113,500008,3004501,,2024-04-21,32856,114,,8840,70,99,mg/dL,114.0
500893,500113,500008,3004249,,2024-04-21,32856,124,,8876,90,130,mmHg,124.0
500894,500113,500008,3012888,,2024-04-21,32856,64,,8876,60,85,mmHg,64.0
500895,500113,500008,3025315,,2024-04-21,32856,54.1,,9529,45,90,kg,54.1
500896,500113,500008,3038553,,2024-04-21,32856,19.2,,9531,18.5,25,kg/m2,19.2
500897,500114,500008,3004410,,2024-07-23,32856,6.3,,8554,4,5.6,%,6.3
500898,500114,500008,3004501,,2024-07-23,32856,128,,8840,70,99,mg/dL,128.0
500899,500114,500008,3004249,,2024-07-23,32856,142,,8876,90,130,mmHg,142.0
500900,500114,500008,3012888,,2024-07-23,32856,83,,8876,60,85,mmHg,83.0
500901,500114,500008,3025315,,2024-07-23,32856,53.6,,9529,45,90,kg,53.6
500902,500114,500008,3038553,,2024-07-23,32856,19,,9531,18.5,25,kg/m2,19.0
500903,500115,500008,3004410,,2024-10-29,32856,6.1,,8554,4,5.6,%,6.1
500904,500115,500008,3004501,,2024-10-29,32856,87,,8840,70,99,mg/dL,87.0
500905,500115,500008,3004249,,2024-10-29,32856,126,,8876,90,130,mmHg,126.0
500906,500115,500008,3012888,,2024-10-29,32856,78,,8876,60,85,mmHg,78.0
500907,500115,500008,3025315,,2024-10-29,32856,53.7,,9529,45,90,kg,53.7
500908,500115,500008,3038553,,2024-10-29,32856,19.1,,9531,18.5,25,kg/m2,19.1
500909,500116,500008,3004410,,2025-01-22,32856,5.8,,8554,4,5.6,%,5.8
500910,500116,500008,3004501,,2025-01-22,32856,105,,8840,70,99,mg/dL,105.0
500911,500116,500008,3004249,,2025-01-22,32856,121,,8876,90,130,mmHg,121.0
500912,500116,500008,3012888,,2025-01-22,32856,79,,8876,60,85,mmHg,79.0
500913,500116,500008,3025315,,2025-01-22,32856,51.8,,9529,45,90,kg,51.8
500914,500116,500008,3038553,,2025-01-22,32856,18.4,,9531,18.5,25,kg/m2,18.4
500915,500116,500008,3022192,,2025-01-22,32856,36,,8840,0,150,mg/dL,36.0
500916,500116,500008,3007070,,2025-01-22,32856,50.8,,8840,40,60,mg/dL,50.8
500917,500116,500008,3028437,,2025-01-22,32856,118.9,,8840,0,130,mg/dL,118.9
500918,500116,500008,3013721,,2025-01-22,32856,12,,8645,0,40,U/L,12.0
500919,500116,500008,3006923,,2025-01-22,32856,14.1,,8645,0,40,U/L,14.1
500920,500116,500008,3016723,,2025-01-22,32856,0.72,,8840,0.6,1.2,mg/dL,0.72
500921,500116,500008,3049187,,2025-01-22,32856,108,,9550,90,130,mL/min/1.73m2,108.0
500922,500117,500009,3036277,,2021-05-26,32856,161.3,,8582,150,185,cm,161.3
500923,500117,500009,3004410,,2021-05-26,32856,6.5,,8554,4,5.6,%,6.5
500924,500117,500009,3004501,,2021-05-26,32856,126,,8840,70,99,mg/dL,126
500925,500117,500009,3004249,,2021-05-26,32856,159,,8876,90,130,mmHg,159.0
500926,500117,500009,3012888,,2021-05-26,32856,79,,8876,60,85,mmHg,79.0
500927,500117,500009,3025315,,2021-05-26,32856,79.6,,9529,45,90,kg,79.6
500928,500117,500009,3038553,,2021-05-26,32856,30.6,,9531,18.5,25,kg/m2,30.6
500929,500117,500009,3022192,,2021-05-26,32856,185.3,,8840,0,150,mg/dL,185.3
500930,500117,500009,3007070,,2021-05-26,32856,19.3,,8840,40,60,mg/dL,19.3
500931,500117,500009,3028437,,2021-05-26,32856,174.1,,8840,0,130,mg/dL,174.1
500932,500117,500009,3013721,,2021-05-26,32856,47.4,,8645,0,40,U/L,47.4
500933,500117,500009,3006923,,2021-05-26,32856,6,,8645,0,40,U/L,6.0
500934,500117,500009,3016723,,2021-05-26,32856,1.08,,8840,0.6,1.2,mg/dL,1.08
500935,500117,500009,3049187,,2021-05-26,32856,58,,9550,90,130,mL/min/1.73m2,58.0
500936,500118,500009,3004410,,2021-09-01,32856,5.8,,8554,4,5.6,%,5.8
500937,500118,500009,3004501,,2021-09-01,32856,106,,8840,70,99,mg/dL,106.0
500938,500118,500009,3004249,,2021-09-01,32856,127,,8876,90,130,mmHg,127.0
500939,500118,500009,3012888,,2021-09-01,32856,75,,8876,60,85,mmHg,75.0
500940,500118,500009,3025315,,2021-09-01,32856,80,,9529,45,90,kg,80.0
500941,500118,500009,3038553,,2021-09-01,32856,30.7,,9531,18.5,25,kg/m2,30.7
500942,500119,500009,3004410,,2021-11-25,32856,6.2,,8554,4,5.6,%,6.2
500943,500119,500009,3004501,,2021-11-25,32856,131,,8840,70,99,mg/dL,131.0
500944,500119,500009,3004249,,2021-11-25,32856,139,,8876,90,130,mmHg,139.0
500945,500119,500009,3012888,,2021-11-25,32856,70,,8876,60,85,mmHg,70.0
500946,500119,500009,3025315,,2021-11-25,32856,82.7,,9529,45,90,kg,82.7
500947,500119,500009,3038553,,2021-11-25,32856,31.8,,9531,18.5,25,kg/m2,31.8
500948,500120,500009,3004410,,2022-02-24,32856,6.3,,8554,4,5.6,%,6.3
500949,500120,500009,3004501,,2022-02-24,32856,114,,8840,70,99,mg/dL,114.0
500950,500120,500009,3004249,,2022-02-24,32856,138,,8876,90,130,mmHg,138.0
500951,500120,500009,3012888,,2022-02-24,32856,85,,8876,60,85,mmHg,85.0
500952,500120,500009,3025315,,2022-02-24,32856,82.8,,9529,45,90,kg,82.8
500953,500120,500009,3038553,,2022-02-24,32856,31.8,,9531,18.5,25,kg/m2,31.8
500954,500121,500009,3004410,,2022-06-02,32856,5.7,,8554,4,5.6,%,5.7
500955,500121,500009,3004501,,2022-06-02,32856,82,,8840,70,99,mg/dL,82.0
500956,500121,500009,3004249,,2022-06-02,32856,145,,8876,90,130,mmHg,145.0
500957,500121,500009,3012888,,2022-06-02,32856,94,,8876,60,85,mmHg,94.0
500958,500121,500009,3025315,,2022-06-02,32856,82.1,,9529,45,90,kg,82.1
500959,500121,500009,3038553,,2022-06-02,32856,31.6,,9531,18.5,25,kg/m2,31.6
500960,500121,500009,3022192,,2022-06-02,32856,33.1,,8840,0,150,mg/dL,33.1
500961,500121,500009,3007070,,2022-06-02,32856,58.3,,8840,40,60,mg/dL,58.3
500962,500121,500009,3028437,,2022-06-02,32856,129.2,,8840,0,130,mg/dL,129.2
500963,500121,500009,3013721,,2022-06-02,32856,33.1,,8645,0,40,U/L,33.1
500964,500121,500009,3006923,,2022-06-02,32856,115.9,,8645,0,40,U/L,115.9
500965,500121,500009,3016723,,2022-06-02,32856,0.94,,8840,0.6,1.2,mg/dL,0.94
500966,500121,500009,3049187,,2022-06-02,32856,68,,9550,90,130,mL/min/1.73m2,68.0
500967,500122,500009,3004410,,2022-09-07,32856,5.7,,8554,4,5.6,%,5.7
500968,500122,500009,3004501,,2022-09-07,32856,96,,8840,70,99,mg/dL,96.0
500969,500122,500009,3004249,,2022-09-07,32856,131,,8876,90,130,mmHg,131.0
500970,500122,500009,3012888,,2022-09-07,32856,80,,8876,60,85,mmHg,80.0
500971,500122,500009,3025315,,2022-09-07,32856,82,,9529,45,90,kg,82.0
500972,500122,500009,3038553,,2022-09-07,32856,31.5,,9531,18.5,25,kg/m2,31.5
500973,500123,500009,3004410,,2022-12-13,32856,5.9,,8554,4,5.6,%,5.9
500974,500123,500009,3004501,,2022-12-13,32856,92,,8840,70,99,mg/dL,92.0
500975,500123,500009,3004249,,2022-12-13,32856,134,,8876,90,130,mmHg,134.0
500976,500123,500009,3012888,,2022-12-13,32856,93,,8876,60,85,mmHg,93.0
500977,500123,500009,3025315,,2022-12-13,32856,80.4,,9529,45,90,kg,80.4
500978,500123,500009,3038553,,2022-12-13,32856,30.9,,9531,18.5,25,kg/m2,30.9
500979,500124,500009,3004410,,2023-03-07,32856,5.9,,8554,4,5.6,%,5.9
500980,500124,500009,3004501,,2023-03-07,32856,111,,8840,70,99,mg/dL,111.0
500981,500124,500009,3004249,,2023-03-07,32856,125,,8876,90,130,mmHg,125.0
500982,500124,500009,3012888,,2023-03-07,32856,87,,8876,60,85,mmHg,87.0
500983,500124,500009,3025315,,2023-03-07,32856,78.8,,9529,45,90,kg,78.8
500984,500124,500009,3038553,,2023-03-07,32856,30.3,,9531,18.5,25,kg/m2,30.3
500985,500125,500009,3004410,,2023-06-05,32856,6.1,,8554,4,5.6,%,6.1
500986,500125,500009,3004501,,2023-06-05,32856,111,,8840,70,99,mg/dL,111.0
500987,500125,500009,3004249,,2023-06-05,32856,116,,8876,90,130,mmHg,116.0
500988,500125,500009,3012888,,2023-06-05,32856,92,,8876,60,85,mmHg,92.0
500989,500125,500009,3025315,,2023-06-05,32856,77.7,,9529,45,90,kg,77.7
500990,500125,500009,3038553,,2023-06-05,32856,29.9,,9531,18.5,25,kg/m2,29.9
500991,500125,500009,3022192,,2023-06-05,32856,175.9,,8840,0,150,mg/dL,175.9
500992,500125,500009,3007070,,2023-06-05,32856,52.6,,8840,40,60,mg/dL,52.6
500993,500125,500009,3028437,,2023-06-05,32856,144.2,,8840,0,130,mg/dL,144.2
500994,500125,500009,3013721,,2023-06-05,32856,29,,8645,0,40,U/L,29.0
500995,500125,500009,3006923,,2023-06-05,32856,40.2,,8645,0,40,U/L,40.2
500996,500125,500009,3016723,,2023-06-05,32856,1.06,,8840,0.6,1.2,mg/dL,1.06
500997,500125,500009,3049187,,2023-06-05,32856,58,,9550,90,130,mL/min/1.73m2,58.0
500998,500126,500009,3004410,,2023-09-10,32856,5.9,,8554,4,5.6,%,5.9
500999,500126,500009,3004501,,2023-09-10,32856,121,,8840,70,99,mg/dL,121.0
501000,500126,500009,3004249,,2023-09-10,32856,147,,8876,90,130,mmHg,147.0
501001,500126,500009,3012888,,2023-09-10,32856,71,,8876,60,85,mmHg,71.0
501002,500126,500009,3025315,,2023-09-10,32856,77.4,,9529,45,90,kg,77.4
501003,500126,500009,3038553,,2023-09-10,32856,29.7,,9531,18.5,25,kg/m2,29.7
501004,500127,500009,3004410,,2023-12-16,32856,5.5,,8554,4,5.6,%,5.5
501005,500127,500009,3004501,,2023-12-16,32856,86,,8840,70,99,mg/dL,86.0
501006,500127,500009,3004249,,2023-12-16,32856,141,,8876,90,130,mmHg,141.0
501007,500127,500009,3012888,,2023-12-16,32856,88,,8876,60,85,mmHg,88.0
501008,500127,500009,3025315,,2023-12-16,32856,76,,9529,45,90,kg,76.0
501009,500127,500009,3038553,,2023-12-16,32856,29.2,,9531,18.5,25,kg/m2,29.2
501010,500128,500009,3004410,,2024-03-20,32856,5.5,,8554,4,5.6,%,5.5
501011,500128,500009,3004501,,2024-03-20,32856,91,,8840,70,99,mg/dL,91.0
501012,500128,500009,3004249,,2024-03-20,32856,137,,8876,90,130,mmHg,137.0
501013,500128,500009,3012888,,2024-03-20,32856,75,,8876,60,85,mmHg,75.0
501014,500128,500009,3025315,,2024-03-20,32856,74.3,,9529,45,90,kg,74.3
501015,500128,500009,3038553,,2024-03-20,32856,28.6,,9531,18.5,25,kg/m2,28.6
501016,500129,500010,3036277,,2020-11-25,32856,167.6,,8582,150,185,cm,167.6
501017,500129,500010,3004410,,2020-11-25,32856,7.7,,8554,4,5.6,%,7.7
501018,500129,500010,3004501,,2020-11-25,32856,156,,8840,70,99,mg/dL,156.0
501019,500129,500010,3004249,,2020-11-25,32856,140,,8876,90,130,mmHg,140.0
501020,500129,500010,3012888,,2020-11-25,32856,86,,8876,60,85,mmHg,86.0
501021,500129,500010,3025315,,2020-11-25,32856,76.7,,9529,45,90,kg,76.7
501022,500129,500010,3038553,,2020-11-25,32856,27.3,,9531,18.5,25,kg/m2,27.3
501023,500129,500010,3022192,,2020-11-25,32856,225.4,,8840,0,150,mg/dL,225.4
501024,500129,500010,3007070,,2020-11-25,32856,55.9,,8840,40,60,mg/dL,55.9
501025,500129,500010,3028437,,2020-11-25,32856,64.3,,8840,0,130,mg/dL,64.3
501026,500129,500010,3013721,,2020-11-25,32856,42.5,,8645,0,40,U/L,42.5
501027,500129,500010,3006923,,2020-11-25,32856,34.2,,8645,0,40,U/L,34.2
501028,500129,500010,3016723,,2020-11-25,32856,1.15,,8840,0.6,1.2,mg/dL,1.15
501029,500129,500010,3049187,,2020-11-25,32856,71,,9550,90,130,mL/min/1.73m2,71.0
501030,500130,500010,3004410,,2021-02-27,32856,7.3,,8554,4,5.6,%,7.3
501031,500130,500010,3004501,,2021-02-27,32856,153,,8840,70,99,mg/dL,153.0
501032,500130,500010,3004249,,2021-02-27,32856,151,,8876,90,130,mmHg,151.0
501033,500130,500010,3012888,,2021-02-27,32856,66,,8876,60,85,mmHg,66.0
501034,500130,500010,3025315,,2021-02-27,32856,76.9,,9529,45,90,kg,76.9
501035,500130,500010,3038553,,2021-02-27,32856,27.4,,9531,18.5,25,kg/m2,27.4
501036,500131,500010,3004410,,2021-05-23,32856,7,,8554,4,5.6,%,7.0
501037,500131,500010,3004501,,2021-05-23,32856,145,,8840,70,99,mg/dL,145.0
501038,500131,500010,3004249,,2021-05-23,32856,153,,8876,90,130,mmHg,153.0
501039,500131,500010,3012888,,2021-05-23,32856,77,,8876,60,85,mmHg,77.0
501040,500131,500010,3025315,,2021-05-23,32856,77.9,,9529,45,90,kg,77.9
501041,500131,500010,3038553,,2021-05-23,32856,27.7,,9531,18.5,25,kg/m2,27.7
501042,500132,500010,3004410,,2021-08-16,32856,6.9,,8554,4,5.6,%,6.9
501043,500132,500010,3004501,,2021-08-16,32856,136,,8840,70,99,mg/dL,136.0
501044,500132,500010,3004249,,2021-08-16,32856,156,,8876,90,130,mmHg,156.0
501045,500132,500010,3012888,,2021-08-16,32856,79,,8876,60,85,mmHg,79.0
501046,500132,500010,3025315,,2021-08-16,32856,79.9,,9529,45,90,kg,79.9
501047,500132,500010,3038553,,2021-08-16,32856,28.4,,9531,18.5,25,kg/m2,28.4
501048,500133,500010,3004410,,2021-11-22,32856,6.5,,8554,4,5.6,%,6.5
501049,500133,500010,3004501,,2021-11-22,32856,121,,8840,70,99,mg/dL,121.0
501050,500133,500010,3004249,,2021-11-22,32856,142,,8876,90,130,mmHg,142.0
501051,500133,500010,3012888,,2021-11-22,32856,87,,8876,60,85,mmHg,87.0
501052,500133,500010,3025315,,2021-11-22,32856,79.7,,9529,45,90,kg,79.7
501053,500133,500010,3038553,,2021-11-22,32856,28.4,,9531,18.5,25,kg/m2,28.4
501054,500133,500010,3022192,,2021-11-22,32856,158.6,,8840,0,150,mg/dL,158.6
501055,500133,500010,3007070,,2021-11-22,32856,47.8,,8840,40,60,mg/dL,47.8
501056,500133,500010,3028437,,2021-11-22,32856,163.5,,8840,0,130,mg/dL,163.5
501057,500133,500010,3013721,,2021-11-22,32856,55.6,,8645,0,40,U/L,55.6
501058,500133,500010,3006923,,2021-11-22,32856,63.8,,8645,0,40,U/L,63.8
501059,500133,500010,3016723,,2021-11-22,32856,0.81,,8840,0.6,1.2,mg/dL,0.81
501060,500133,500010,3049187,,2021-11-22,32856,97,,9550,90,130,mL/min/1.73m2,97.0
501061,500134,500010,3004410,,2022-02-27,32856,7,,8554,4,5.6,%,7.0
501062,500134,500010,3004501,,2022-02-27,32856,139,,8840,70,99,mg/dL,139.0
501063,500134,500010,3004249,,2022-02-27,32856,145,,8876,90,130,mmHg,145.0
501064,500134,500010,3012888,,2022-02-27,32856,83,,8876,60,85,mmHg,83.0
501065,500134,500010,3025315,,2022-02-27,32856,78.9,,9529,45,90,kg,78.9
501066,500134,500010,3038553,,2022-02-27,32856,28.1,,9531,18.5,25,kg/m2,28.1
501067,500135,500010,3004410,,2022-06-03,32856,7.6,,8554,4,5.6,%,7.6
501068,500135,500010,3004501,,2022-06-03,32856,155,,8840,70,99,mg/dL,155.0
501069,500135,500010,3004249,,2022-06-03,32856,137,,8876,90,130,mmHg,137.0
501070,500135,500010,3012888,,2022-06-03,32856,85,,8876,60,85,mmHg,85.0
501071,500135,500010,3025315,,2022-06-03,32856,78.7,,9529,45,90,kg,78.7
501072,500135,500010,3038553,,2022-06-03,32856,28,,9531,18.5,25,kg/m2,28.0
501073,500136,500010,3004410,,2022-09-04,32856,6.8,,8554,4,5.6,%,6.8
501074,500136,500010,3004501,,2022-09-04,32856,126,,8840,70,99,mg/dL,126.0
501075,500136,500010,3004249,,2022-09-04,32856,138,,8876,90,130,mmHg,138.0
501076,500136,500010,3012888,,2022-09-04,32856,90,,8876,60,85,mmHg,90.0
501077,500136,500010,3025315,,2022-09-04,32856,79.7,,9529,45,90,kg,79.7
501078,500136,500010,3038553,,2022-09-04,32856,28.4,,9531,18.5,25,kg/m2,28.4
501079,500137,500010,3004410,,2022-12-10,32856,7.2,,8554,4,5.6,%,7.2
501080,500137,500010,3004501,,2022-12-10,32856,126,,8840,70,99,mg/dL,126.0
501081,500137,500010,3004249,,2022-12-10,32856,123,,8876,90,130,mmHg,123.0
501082,500137,500010,3012888,,2022-12-10,32856,78,,8876,60,85,mmHg,78.0
501083,500137,500010,3025315,,2022-12-10,32856,79.6,,9529,45,90,kg,79.6
501084,500137,500010,3038553,,2022-12-10,32856,28.3,,9531,18.5,25,kg/m2,28.3
501085,500137,500010,3022192,,2022-12-10,32856,162.4,,8840,0,150,mg/dL,162.4
501086,500137,500010,3007070,,2022-12-10,32856,55.9,,8840,40,60,mg/dL,55.9
501087,500137,500010,3028437,,2022-12-10,32856,130.3,,8840,0,130,mg/dL,130.3
501088,500137,500010,3013721,,2022-12-10,32856,8,,8645,0,40,U/L,8.0
501089,500137,500010,3006923,,2022-12-10,32856,21,,8645,0,40,U/L,21.0
501090,500137,500010,3016723,,2022-12-10,32856,1.22,,8840,0.6,1.2,mg/dL,1.22
501091,500137,500010,3049187,,2022-12-10,32856,65,,9550,90,130,mL/min/1.73m2,65.0
501092,500138,500010,3004410,,2023-03-15,32856,7.5,,8554,4,5.6,%,7.5
501093,500138,500010,3004501,,2023-03-15,32856,143,,8840,70,99,mg/dL,143.0
501094,500138,500010,3004249,,2023-03-15,32856,133,,8876,90,130,mmHg,133.0
501095,500138,500010,3012888,,2023-03-15,32856,76,,8876,60,85,mmHg,76.0
501096,500138,500010,3025315,,2023-03-15,32856,78.5,,9529,45,90,kg,78.5
501097,500138,500010,3038553,,2023-03-15,32856,27.9,,9531,18.5,25,kg/m2,27.9
501098,500139,500010,3004410,,2023-06-12,32856,7.1,,8554,4,5.6,%,7.1
501099,500139,500010,3004501,,2023-06-12,32856,141,,8840,70,99,mg/dL,141.0
501100,500139,500010,3004249,,2023-06-12,32856,134,,8876,90,130,mmHg,134.0
501101,500139,500010,3012888,,2023-06-12,32856,93,,8876,60,85,mmHg,93.0
501102,500139,500010,3025315,,2023-06-12,32856,78.5,,9529,45,90,kg,78.5
501103,500139,500010,3038553,,2023-06-12,32856,27.9,,9531,18.5,25,kg/m2,27.9
501104,500140,500010,3004410,,2023-09-06,32856,7.4,,8554,4,5.6,%,7.4
501105,500140,500010,3004501,,2023-09-06,32856,130,,8840,70,99,mg/dL,130.0
501106,500140,500010,3004249,,2023-09-06,32856,130,,8876,90,130,mmHg,130.0
501107,500140,500010,3012888,,2023-09-06,32856,81,,8876,60,85,mmHg,81.0
501108,500140,500010,3025315,,2023-09-06,32856,78.5,,9529,45,90,kg,78.5
501109,500140,500010,3038553,,2023-09-06,32856,27.9,,9531,18.5,25,kg/m2,27.9
501110,500141,500010,3004410,,2023-12-08,32856,7.4,,8554,4,5.6,%,7.4
501111,500141,500010,3004501,,2023-12-08,32856,125,,8840,70,99,mg/dL,125.0
501112,500141,500010,3004249,,2023-12-08,32856,121,,8876,90,130,mmHg,121.0
501113,500141,500010,3012888,,2023-12-08,32856,73,,8876,60,85,mmHg,73.0
501114,500141,500010,3025315,,2023-12-08,32856,78.5,,9529,45,90,kg,78.5
501115,500141,500010,3038553,,2023-12-08,32856,27.9,,9531,18.5,25,kg/m2,27.9
501116,500141,500010,3022192,,2023-12-08,32856,87.4,,8840,0,150,mg/dL,87.4
501117,500141,500010,3007070,,2023-12-08,32856,49,,8840,40,60,mg/dL,49.0
501118,500141,500010,3028437,,2023-12-08,32856,114,,8840,0,130,mg/dL,114.0
501119,500141,500010,3013721,,2023-12-08,32856,50.2,,8645,0,40,U/L,50.2
501120,500141,500010,3006923,,2023-12-08,32856,72.4,,8645,0,40,U/L,72.4
501121,500141,500010,3016723,,2023-12-08,32856,0.66,,8840,0.6,1.2,mg/dL,0.66
501122,500141,500010,3049187,,2023-12-08,32856,102,,9550,90,130,mL/min/1.73m2,102.0
501123,500142,500010,3004410,,2024-03-10,32856,6.8,,8554,4,5.6,%,6.8
501124,500142,500010,3004501,,2024-03-10,32856,111,,8840,70,99,mg/dL,111.0
501125,500142,500010,3004249,,2024-03-10,32856,131,,8876,90,130,mmHg,131.0
501126,500142,500010,3012888,,2024-03-10,32856,90,,8876,60,85,mmHg,90.0
501127,500142,500010,3025315,,2024-03-10,32856,76.5,,9529,45,90,kg,76.5
501128,500142,500010,3038553,,2024-03-10,32856,27.2,,9531,18.5,25,kg/m2,27.2
501129,500143,500010,3004410,,2024-06-09,32856,7.4,,8554,4,5.6,%,7.4
501130,500143,500010,3004501,,2024-06-09,32856,116,,8840,70,99,mg/dL,116.0
501131,500143,500010,3004249,,2024-06-09,32856,134,,8876,90,130,mmHg,134.0
501132,500143,500010,3012888,,2024-06-09,32856,88,,8876,60,85,mmHg,88.0
501133,500143,500010,3025315,,2024-06-09,32856,75.8,,9529,45,90,kg,75.8
501134,500143,500010,3038553,,2024-06-09,32856,27,,9531,18.5,25,kg/m2,27.0
501135,500144,500011,3036277,,2023-03-03,32856,164.4,,8582,150,185,cm,164.4
501136,500144,500011,3004410,,2023-03-03,32856,9.6,,8554,4,5.6,%,9.6
501137,500144,500011,3004501,,2023-03-03,32856,183,,8840,70,99,mg/dL,183.0
501138,500144,500011,3004249,,2023-03-03,32856,159,,8876,90,130,mmHg,159.0
501139,500144,500011,3012888,,2023-03-03,32856,92,,8876,60,85,mmHg,92.0
501140,500144,500011,3025315,,2023-03-03,32856,78.6,,9529,45,90,kg,78.6
501141,500144,500011,3038553,,2023-03-03,32856,29.1,,9531,18.5,25,kg/m2,29.1
501142,500144,500011,3022192,,2023-03-03,32856,196.2,,8840,0,150,mg/dL,196.2
501143,500144,500011,3007070,,2023-03-03,32856,27.8,,8840,40,60,mg/dL,27.8
501144,500144,500011,3028437,,2023-03-03,32856,110.2,,8840,0,130,mg/dL,110.2
501145,500144,500011,3013721,,2023-03-03,32856,24.7,,8645,0,40,U/L,24.7
501146,500144,500011,3006923,,2023-03-03,32856,110.8,,8645,0,40,U/L,110.8
501147,500144,500011,3016723,,2023-03-03,32856,0.77,,8840,0.6,1.2,mg/dL,0.77
501148,500144,500011,3049187,,2023-03-03,32856,105,,9550,90,130,mL/min/1.73m2,105.0
501149,500145,500011,3004410,,2023-05-30,32856,9.4,,8554,4,5.6,%,9.4
501150,500145,500011,3004501,,2023-05-30,32856,198,,8840,70,99,mg/dL,198.0
501151,500145,500011,3004249,,2023-05-30,32856,131,,8876,90,130,mmHg,131.0
501152,500145,500011,3012888,,2023-05-30,32856,76,,8876,60,85,mmHg,76.0
501153,500145,500011,3025315,,2023-05-30,32856,78.8,,9529,45,90,kg,78.8
501154,500145,500011,3038553,,2023-05-30,32856,29.2,,9531,18.5,25,kg/m2,29.2
501155,500146,500011,3004410,,2023-08-28,32856,8.6,,8554,4,5.6,%,8.6
501156,500146,500011,3004501,,2023-08-28,32856,168,,8840,70,99,mg/dL,168.0
501157,500146,500011,3004249,,2023-08-28,32856,124,,8876,90,130,mmHg,124.0
501158,500146,500011,3012888,,2023-08-28,32856,95,,8876,60,85,mmHg,95.0
501159,500146,500011,3025315,,2023-08-28,32856,78.8,,9529,45,90,kg,78.8
501160,500146,500011,3038553,,2023-08-28,32856,29.2,,9531,18.5,25,kg/m2,29.2
501161,500147,500011,3004410,,2023-12-03,32856,8,,8554,4,5.6,%,8.0
501162,500147,500011,3004501,,2023-12-03,32856,128,,8840,70,99,mg/dL,128.0
501163,500147,500011,3004249,,2023-12-03,32856,126,,8876,90,130,mmHg,126.0
501164,500147,500011,3012888,,2023-12-03,32856,85,,8876,60,85,mmHg,85.0
501165,500147,500011,3025315,,2023-12-03,32856,78.1,,9529,45,90,kg,78.1
501166,500147,500011,3038553,,2023-12-03,32856,28.9,,9531,18.5,25,kg/m2,28.9
501167,500148,500011,3004410,,2024-02-29,32856,8,,8554,4,5.6,%,8.0
501168,500148,500011,3004501,,2024-02-29,32856,134,,8840,70,99,mg/dL,134.0
501169,500148,500011,3004249,,2024-02-29,32856,161,,8876,90,130,mmHg,161.0
501170,500148,500011,3012888,,2024-02-29,32856,88,,8876,60,85,mmHg,88.0
501171,500148,500011,3025315,,2024-02-29,32856,79,,9529,45,90,kg,79.0
501172,500148,500011,3038553,,2024-02-29,32856,29.2,,9531,18.5,25,kg/m2,29.2
501173,500148,500011,3022192,,2024-02-29,32856,235.8,,8840,0,150,mg/dL,235.8
501174,500148,500011,3007070,,2024-02-29,32856,39.3,,8840,40,60,mg/dL,39.3
501175,500148,500011,3028437,,2024-02-29,32856,60.5,,8840,0,130,mg/dL,60.5
501176,500148,500011,3013721,,2024-02-29,32856,31.2,,8645,0,40,U/L,31.2
501177,500148,500011,3006923,,2024-02-29,32856,6,,8645,0,40,U/L,6.0
501178,500148,500011,3016723,,2024-02-29,32856,0.65,,8840,0.6,1.2,mg/dL,0.65
501179,500148,500011,3049187,,2024-02-29,32856,110,,9550,90,130,mL/min/1.73m2,110.0
501180,500149,500011,3004410,,2024-05-27,32856,8.1,,8554,4,5.6,%,8.1
501181,500149,500011,3004501,,2024-05-27,32856,148,,8840,70,99,mg/dL,148.0
501182,500149,500011,3004249,,2024-05-27,32856,128,,8876,90,130,mmHg,128.0
501183,500149,500011,3012888,,2024-05-27,32856,80,,8876,60,85,mmHg,80.0
501184,500149,500011,3025315,,2024-05-27,32856,80.8,,9529,45,90,kg,80.8
501185,500149,500011,3038553,,2024-05-27,32856,29.9,,9531,18.5,25,kg/m2,29.9
501186,500150,500011,3004410,,2024-08-19,32856,7.8,,8554,4,5.6,%,7.8
501187,500150,500011,3004501,,2024-08-19,32856,140,,8840,70,99,mg/dL,140.0
501188,500150,500011,3004249,,2024-08-19,32856,120,,8876,90,130,mmHg,120.0
501189,500150,500011,3012888,,2024-08-19,32856,87,,8876,60,85,mmHg,87.0
501190,500150,500011,3025315,,2024-08-19,32856,81.5,,9529,45,90,kg,81.5
501191,500150,500011,3038553,,2024-08-19,32856,30.2,,9531,18.5,25,kg/m2,30.2
501192,500151,500011,3004410,,2024-11-19,32856,6.9,,8554,4,5.6,%,6.9
501193,500151,500011,3004501,,2024-11-19,32856,142,,8840,70,99,mg/dL,142.0
501194,500151,500011,3004249,,2024-11-19,32856,154,,8876,90,130,mmHg,154.0
501195,500151,500011,3012888,,2024-11-19,32856,91,,8876,60,85,mmHg,91.0
501196,500151,500011,3025315,,2024-11-19,32856,82,,9529,45,90,kg,82.0
501197,500151,500011,3038553,,2024-11-19,32856,30.3,,9531,18.5,25,kg/m2,30.3
501198,500152,500011,3004410,,2025-02-17,32856,6.9,,8554,4,5.6,%,6.9
501199,500152,500011,3004501,,2025-02-17,32856,115,,8840,70,99,mg/dL,115.0
501200,500152,500011,3004249,,2025-02-17,32856,118,,8876,90,130,mmHg,118.0
501201,500152,500011,3012888,,2025-02-17,32856,74,,8876,60,85,mmHg,74.0
501202,500152,500011,3025315,,2025-02-17,32856,81.5,,9529,45,90,kg,81.5
501203,500152,500011,3038553,,2025-02-17,32856,30.2,,9531,18.5,25,kg/m2,30.2
501204,500152,500011,3022192,,2025-02-17,32856,206.9,,8840,0,150,mg/dL,206.9
501205,500152,500011,3007070,,2025-02-17,32856,40.3,,8840,40,60,mg/dL,40.3
501206,500152,500011,3028437,,2025-02-17,32856,102.4,,8840,0,130,mg/dL,102.4
501207,500152,500011,3013721,,2025-02-17,32856,48.7,,8645,0,40,U/L,48.7
501208,500152,500011,3006923,,2025-02-17,32856,63.6,,8645,0,40,U/L,63.6
501209,500152,500011,3016723,,2025-02-17,32856,1.21,,8840,0.6,1.2,mg/dL,1.21
501210,500152,500011,3049187,,2025-02-17,32856,69,,9550,90,130,mL/min/1.73m2,69.0
501211,500153,500011,3004410,,2025-05-23,32856,7.1,,8554,4,5.6,%,7.1
501212,500153,500011,3004501,,2025-05-23,32856,125,,8840,70,99,mg/dL,125.0
501213,500153,500011,3004249,,2025-05-23,32856,137,,8876,90,130,mmHg,137.0
501214,500153,500011,3012888,,2025-05-23,32856,85,,8876,60,85,mmHg,85.0
501215,500153,500011,3025315,,2025-05-23,32856,79.2,,9529,45,90,kg,79.2
501216,500153,500011,3038553,,2025-05-23,32856,29.3,,9531,18.5,25,kg/m2,29.3
501217,500154,500011,3004410,,2025-08-19,32856,7.1,,8554,4,5.6,%,7.1
501218,500154,500011,3004501,,2025-08-19,32856,108,,8840,70,99,mg/dL,108.0
501219,500154,500011,3004249,,2025-08-19,32856,135,,8876,90,130,mmHg,135.0
501220,500154,500011,3012888,,2025-08-19,32856,85,,8876,60,85,mmHg,85.0
501221,500154,500011,3025315,,2025-08-19,32856,79.5,,9529,45,90,kg,79.5
501222,500154,500011,3038553,,2025-08-19,32856,29.4,,9531,18.5,25,kg/m2,29.4
501223,500155,500011,3004410,,2025-11-13,32856,7.9,,8554,4,5.6,%,7.9
501224,500155,500011,3004501,,2025-11-13,32856,142,,8840,70,99,mg/dL,142.0
501225,500155,500011,3004249,,2025-11-13,32856,152,,8876,90,130,mmHg,152.0
501226,500155,500011,3012888,,2025-11-13,32856,75,,8876,60,85,mmHg,75.0
501227,500155,500011,3025315,,2025-11-13,32856,79.3,,9529,45,90,kg,79.3
501228,500155,500011,3038553,,2025-11-13,32856,29.3,,9531,18.5,25,kg/m2,29.3
501229,500156,500011,3004410,,2026-02-19,32856,7.8,,8554,4,5.6,%,7.8
501230,500156,500011,3004501,,2026-02-19,32856,117,,8840,70,99,mg/dL,117.0
501231,500156,500011,3004249,,2026-02-19,32856,158,,8876,90,130,mmHg,158.0
501232,500156,500011,3012888,,2026-02-19,32856,81,,8876,60,85,mmHg,81.0
501233,500156,500011,3025315,,2026-02-19,32856,78.2,,9529,45,90,kg,78.2
501234,500156,500011,3038553,,2026-02-19,32856,28.9,,9531,18.5,25,kg/m2,28.9
501235,500156,500011,3022192,,2026-02-19,32856,111.3,,8840,0,150,mg/dL,111.3
501236,500156,500011,3007070,,2026-02-19,32856,47.1,,8840,40,60,mg/dL,47.1
501237,500156,500011,3028437,,2026-02-19,32856,115.8,,8840,0,130,mg/dL,115.8
501238,500156,500011,3013721,,2026-02-19,32856,56.1,,8645,0,40,U/L,56.1
501239,500156,500011,3006923,,2026-02-19,32856,83.9,,8645,0,40,U/L,83.9
501240,500156,500011,3016723,,2026-02-19,32856,0.89,,8840,0.6,1.2,mg/dL,0.89
501241,500156,500011,3049187,,2026-02-19,32856,99,,9550,90,130,mL/min/1.73m2,99.0
501242,500157,500012,3036277,,2021-10-03,32856,181.8,,8582,150,185,cm,181.8
501243,500157,500012,3004410,,2021-10-03,32856,6.5,,8554,4,5.6,%,6.5
501244,500157,500012,3004501,,2021-10-03,32856,126,,8840,70,99,mg/dL,126
501245,500157,500012,3004249,,2021-10-03,32856,119,,8876,90,130,mmHg,119.0
501246,500157,500012,3012888,,2021-10-03,32856,86,,8876,60,85,mmHg,86.0
501247,500157,500012,3025315,,2021-10-03,32856,87.9,,9529,45,90,kg,87.9
501248,500157,500012,3038553,,2021-10-03,32856,26.6,,9531,18.5,25,kg/m2,26.6
501249,500157,500012,3022192,,2021-10-03,32856,145.1,,8840,0,150,mg/dL,145.1
501250,500157,500012,3007070,,2021-10-03,32856,54.9,,8840,40,60,mg/dL,54.9
501251,500157,500012,3028437,,2021-10-03,32856,92.6,,8840,0,130,mg/dL,92.6
501252,500157,500012,3013721,,2021-10-03,32856,62.6,,8645,0,40,U/L,62.6
501253,500157,500012,3006923,,2021-10-03,32856,14.1,,8645,0,40,U/L,14.1
501254,500157,500012,3016723,,2021-10-03,32856,0.86,,8840,0.6,1.2,mg/dL,0.86
501255,500157,500012,3049187,,2021-10-03,32856,102,,9550,90,130,mL/min/1.73m2,102.0
501256,500158,500012,3004410,,2021-12-31,32856,5.7,,8554,4,5.6,%,5.7
501257,500158,500012,3004501,,2021-12-31,32856,108,,8840,70,99,mg/dL,108.0
501258,500158,500012,3004249,,2021-12-31,32856,124,,8876,90,130,mmHg,124.0
501259,500158,500012,3012888,,2021-12-31,32856,88,,8876,60,85,mmHg,88.0
501260,500158,500012,3025315,,2021-12-31,32856,89.3,,9529,45,90,kg,89.3
501261,500158,500012,3038553,,2021-12-31,32856,27,,9531,18.5,25,kg/m2,27.0
501262,500159,500012,3004410,,2022-04-01,32856,6,,8554,4,5.6,%,6.0
501263,500159,500012,3004501,,2022-04-01,32856,134,,8840,70,99,mg/dL,134.0
501264,500159,500012,3004249,,2022-04-01,32856,122,,8876,90,130,mmHg,122.0
501265,500159,500012,3012888,,2022-04-01,32856,73,,8876,60,85,mmHg,73.0
501266,500159,500012,3025315,,2022-04-01,32856,90.7,,9529,45,90,kg,90.7
501267,500159,500012,3038553,,2022-04-01,32856,27.4,,9531,18.5,25,kg/m2,27.4
501268,500160,500012,3004410,,2022-07-04,32856,6.3,,8554,4,5.6,%,6.3
501269,500160,500012,3004501,,2022-07-04,32856,110,,8840,70,99,mg/dL,110.0
501270,500160,500012,3004249,,2022-07-04,32856,126,,8876,90,130,mmHg,126.0
501271,500160,500012,3012888,,2022-07-04,32856,92,,8876,60,85,mmHg,92.0
501272,500160,500012,3025315,,2022-07-04,32856,91.4,,9529,45,90,kg,91.4
501273,500160,500012,3038553,,2022-07-04,32856,27.7,,9531,18.5,25,kg/m2,27.7
501274,500161,500012,3004410,,2022-09-27,32856,6,,8554,4,5.6,%,6.0
501275,500161,500012,3004501,,2022-09-27,32856,78,,8840,70,99,mg/dL,78.0
501276,500161,500012,3004249,,2022-09-27,32856,118,,8876,90,130,mmHg,118.0
501277,500161,500012,3012888,,2022-09-27,32856,86,,8876,60,85,mmHg,86.0
501278,500161,500012,3025315,,2022-09-27,32856,93.9,,9529,45,90,kg,93.9
501279,500161,500012,3038553,,2022-09-27,32856,28.4,,9531,18.5,25,kg/m2,28.4
501280,500161,500012,3022192,,2022-09-27,32856,183.7,,8840,0,150,mg/dL,183.7
501281,500161,500012,3007070,,2022-09-27,32856,57.5,,8840,40,60,mg/dL,57.5
501282,500161,500012,3028437,,2022-09-27,32856,115,,8840,0,130,mg/dL,115.0
501283,500161,500012,3013721,,2022-09-27,32856,31.8,,8645,0,40,U/L,31.8
501284,500161,500012,3006923,,2022-09-27,32856,6,,8645,0,40,U/L,6.0
501285,500161,500012,3016723,,2022-09-27,32856,1.18,,8840,0.6,1.2,mg/dL,1.18
501286,500161,500012,3049187,,2022-09-27,32856,72,,9550,90,130,mL/min/1.73m2,72.0
501287,500162,500012,3004410,,2023-01-02,32856,5.5,,8554,4,5.6,%,5.5
501288,500162,500012,3004501,,2023-01-02,32856,109,,8840,70,99,mg/dL,109.0
501289,500162,500012,3004249,,2023-01-02,32856,128,,8876,90,130,mmHg,128.0
501290,500162,500012,3012888,,2023-01-02,32856,82,,8876,60,85,mmHg,82.0
501291,500162,500012,3025315,,2023-01-02,32856,93,,9529,45,90,kg,93.0
501292,500162,500012,3038553,,2023-01-02,32856,28.1,,9531,18.5,25,kg/m2,28.1
501293,500163,500012,3004410,,2023-04-07,32856,5.6,,8554,4,5.6,%,5.6
501294,500163,500012,3004501,,2023-04-07,32856,107,,8840,70,99,mg/dL,107.0
501295,500163,500012,3004249,,2023-04-07,32856,134,,8876,90,130,mmHg,134.0
501296,500163,500012,3012888,,2023-04-07,32856,76,,8876,60,85,mmHg,76.0
501297,500163,500012,3025315,,2023-04-07,32856,94.2,,9529,45,90,kg,94.2
501298,500163,500012,3038553,,2023-04-07,32856,28.5,,9531,18.5,25,kg/m2,28.5
501299,500164,500012,3004410,,2023-06-30,32856,5.8,,8554,4,5.6,%,5.8
501300,500164,500012,3004501,,2023-06-30,32856,98,,8840,70,99,mg/dL,98.0
501301,500164,500012,3004249,,2023-06-30,32856,114,,8876,90,130,mmHg,114.0
501302,500164,500012,3012888,,2023-06-30,32856,68,,8876,60,85,mmHg,68.0
501303,500164,500012,3025315,,2023-06-30,32856,95.1,,9529,45,90,kg,95.1
501304,500164,500012,3038553,,2023-06-30,32856,28.8,,9531,18.5,25,kg/m2,28.8
501305,500165,500012,3004410,,2023-09-27,32856,6.1,,8554,4,5.6,%,6.1
501306,500165,500012,3004501,,2023-09-27,32856,91,,8840,70,99,mg/dL,91.0
501307,500165,500012,3004249,,2023-09-27,32856,133,,8876,90,130,mmHg,133.0
501308,500165,500012,3012888,,2023-09-27,32856,91,,8876,60,85,mmHg,91.0
501309,500165,500012,3025315,,2023-09-27,32856,95.5,,9529,45,90,kg,95.5
501310,500165,500012,3038553,,2023-09-27,32856,28.9,,9531,18.5,25,kg/m2,28.9
501311,500165,500012,3022192,,2023-09-27,32856,131,,8840,0,150,mg/dL,131.0
501312,500165,500012,3007070,,2023-09-27,32856,56.5,,8840,40,60,mg/dL,56.5
501313,500165,500012,3028437,,2023-09-27,32856,95.6,,8840,0,130,mg/dL,95.6
501314,500165,500012,3013721,,2023-09-27,32856,36.8,,8645,0,40,U/L,36.8
501315,500165,500012,3006923,,2023-09-27,32856,6,,8645,0,40,U/L,6.0
501316,500165,500012,3016723,,2023-09-27,32856,0.87,,8840,0.6,1.2,mg/dL,0.87
501317,500165,500012,3049187,,2023-09-27,32856,100,,9550,90,130,mL/min/1.73m2,100.0
501318,500166,500012,3004410,,2023-12-24,32856,5.6,,8554,4,5.6,%,5.6
501319,500166,500012,3004501,,2023-12-24,32856,95,,8840,70,99,mg/dL,95.0
501320,500166,500012,3004249,,2023-12-24,32856,132,,8876,90,130,mmHg,132.0
501321,500166,500012,3012888,,2023-12-24,32856,76,,8876,60,85,mmHg,76.0
501322,500166,500012,3025315,,2023-12-24,32856,95,,9529,45,90,kg,95.0
501323,500166,500012,3038553,,2023-12-24,32856,28.7,,9531,18.5,25,kg/m2,28.7
501324,500167,500012,3004410,,2024-03-18,32856,5.7,,8554,4,5.6,%,5.7
501325,500167,500012,3004501,,2024-03-18,32856,92,,8840,70,99,mg/dL,92.0
501326,500167,500012,3004249,,2024-03-18,32856,100,,8876,90,130,mmHg,100.0
501327,500167,500012,3012888,,2024-03-18,32856,69,,8876,60,85,mmHg,69.0
501328,500167,500012,3025315,,2024-03-18,32856,94.4,,9529,45,90,kg,94.4
501329,500167,500012,3038553,,2024-03-18,32856,28.6,,9531,18.5,25,kg/m2,28.6
501330,500168,500012,3004410,,2024-06-18,32856,6,,8554,4,5.6,%,6.0
501331,500168,500012,3004501,,2024-06-18,32856,97,,8840,70,99,mg/dL,97.0
501332,500168,500012,3004249,,2024-06-18,32856,145,,8876,90,130,mmHg,145.0
501333,500168,500012,3012888,,2024-06-18,32856,77,,8876,60,85,mmHg,77.0
501334,500168,500012,3025315,,2024-06-18,32856,93.9,,9529,45,90,kg,93.9
501335,500168,500012,3038553,,2024-06-18,32856,28.4,,9531,18.5,25,kg/m2,28.4
501336,500169,500012,3004410,,2024-09-18,32856,6,,8554,4,5.6,%,6.0
501337,500169,500012,3004501,,2024-09-18,32856,79,,8840,70,99,mg/dL,79.0
501338,500169,500012,3004249,,2024-09-18,32856,132,,8876,90,130,mmHg,132.0
501339,500169,500012,3012888,,2024-09-18,32856,76,,8876,60,85,mmHg,76.0
501340,500169,500012,3025315,,2024-09-18,32856,94.8,,9529,45,90,kg,94.8
501341,500169,500012,3038553,,2024-09-18,32856,28.7,,9531,18.5,25,kg/m2,28.7
501342,500169,500012,3022192,,2024-09-18,32856,44.6,,8840,0,150,mg/dL,44.6
501343,500169,500012,3007070,,2024-09-18,32856,48.6,,8840,40,60,mg/dL,48.6
501344,500169,500012,3028437,,2024-09-18,32856,125.2,,8840,0,130,mg/dL,125.2
501345,500169,500012,3013721,,2024-09-18,32856,42.5,,8645,0,40,U/L,42.5
501346,500169,500012,3006923,,2024-09-18,32856,25.3,,8645,0,40,U/L,25.3
501347,500169,500012,3016723,,2024-09-18,32856,0.74,,8840,0.6,1.2,mg/dL,0.74
501348,500169,500012,3049187,,2024-09-18,32856,104,,9550,90,130,mL/min/1.73m2,104.0
501349,500170,500012,3004410,,2024-12-12,32856,5.8,,8554,4,5.6,%,5.8
501350,500170,500012,3004501,,2024-12-12,32856,104,,8840,70,99,mg/dL,104.0
501351,500170,500012,3004249,,2024-12-12,32856,111,,8876,90,130,mmHg,111.0
501352,500170,500012,3012888,,2024-12-12,32856,78,,8876,60,85,mmHg,78.0
501353,500170,500012,3025315,,2024-12-12,32856,94.8,,9529,45,90,kg,94.8
501354,500170,500012,3038553,,2024-12-12,32856,28.7,,9531,18.5,25,kg/m2,28.7
501355,500171,500012,3004410,,2025-03-06,32856,5.5,,8554,4,5.6,%,5.5
501356,500171,500012,3004501,,2025-03-06,32856,131,,8840,70,99,mg/dL,131.0
501357,500171,500012,3004249,,2025-03-06,32856,124,,8876,90,130,mmHg,124.0
501358,500171,500012,3012888,,2025-03-06,32856,73,,8876,60,85,mmHg,73.0
501359,500171,500012,3025315,,2025-03-06,32856,95.1,,9529,45,90,kg,95.1
501360,500171,500012,3038553,,2025-03-06,32856,28.8,,9531,18.5,25,kg/m2,28.8
501361,500172,500012,3004410,,2025-06-11,32856,5.9,,8554,4,5.6,%,5.9
501362,500172,500012,3004501,,2025-06-11,32856,83,,8840,70,99,mg/dL,83.0
501363,500172,500012,3004249,,2025-06-11,32856,135,,8876,90,130,mmHg,135.0
501364,500172,500012,3012888,,2025-06-11,32856,87,,8876,60,85,mmHg,87.0
501365,500172,500012,3025315,,2025-06-11,32856,94.5,,9529,45,90,kg,94.5
501366,500172,500012,3038553,,2025-06-11,32856,28.6,,9531,18.5,25,kg/m2,28.6
501367,500173,500013,3036277,,2021-01-20,32856,163.6,,8582,150,185,cm,163.6
501368,500173,500013,3004410,,2021-01-20,32856,6.5,,8554,4,5.6,%,6.5
501369,500173,500013,3004501,,2021-01-20,32856,142,,8840,70,99,mg/dL,142.0
501370,500173,500013,3004249,,2021-01-20,32856,143,,8876,90,130,mmHg,143.0
501371,500173,500013,3012888,,2021-01-20,32856,90,,8876,60,85,mmHg,90.0
501372,500173,500013,3025315,,2021-01-20,32856,79.2,,9529,45,90,kg,79.2
501373,500173,500013,3038553,,2021-01-20,32856,29.6,,9531,18.5,25,kg/m2,29.6
501374,500173,500013,3022192,,2021-01-20,32856,64.3,,8840,0,150,mg/dL,64.3
501375,500173,500013,3007070,,2021-01-20,32856,50.1,,8840,40,60,mg/dL,50.1
501376,500173,500013,3028437,,2021-01-20,32856,136.4,,8840,0,130,mg/dL,136.4
501377,500173,500013,3013721,,2021-01-20,32856,73,,8645,0,40,U/L,73.0
501378,500173,500013,3006923,,2021-01-20,32856,51.3,,8645,0,40,U/L,51.3
501379,500173,500013,3016723,,2021-01-20,32856,0.58,,8840,0.6,1.2,mg/dL,0.58
501380,500173,500013,3049187,,2021-01-20,32856,119,,9550,90,130,mL/min/1.73m2,119.0
501381,500174,500013,3004410,,2021-04-19,32856,5.7,,8554,4,5.6,%,5.7
501382,500174,500013,3004501,,2021-04-19,32856,109,,8840,70,99,mg/dL,109.0
501383,500174,500013,3004249,,2021-04-19,32856,137,,8876,90,130,mmHg,137.0
501384,500174,500013,3012888,,2021-04-19,32856,80,,8876,60,85,mmHg,80.0
501385,500174,500013,3025315,,2021-04-19,32856,80.1,,9529,45,90,kg,80.1
501386,500174,500013,3038553,,2021-04-19,32856,29.9,,9531,18.5,25,kg/m2,29.9
501387,500175,500013,3004410,,2021-07-18,32856,5.6,,8554,4,5.6,%,5.6
501388,500175,500013,3004501,,2021-07-18,32856,75,,8840,70,99,mg/dL,75.0
501389,500175,500013,3004249,,2021-07-18,32856,128,,8876,90,130,mmHg,128.0
501390,500175,500013,3012888,,2021-07-18,32856,82,,8876,60,85,mmHg,82.0
501391,500175,500013,3025315,,2021-07-18,32856,79.6,,9529,45,90,kg,79.6
501392,500175,500013,3038553,,2021-07-18,32856,29.7,,9531,18.5,25,kg/m2,29.7
501393,500176,500013,3004410,,2021-10-18,32856,6.1,,8554,4,5.6,%,6.1
501394,500176,500013,3004501,,2021-10-18,32856,112,,8840,70,99,mg/dL,112.0
501395,500176,500013,3004249,,2021-10-18,32856,142,,8876,90,130,mmHg,142.0
501396,500176,500013,3012888,,2021-10-18,32856,85,,8876,60,85,mmHg,85.0
501397,500176,500013,3025315,,2021-10-18,32856,79.9,,9529,45,90,kg,79.9
501398,500176,500013,3038553,,2021-10-18,32856,29.9,,9531,18.5,25,kg/m2,29.9
501399,500177,500013,3004410,,2022-01-19,32856,6.5,,8554,4,5.6,%,6.5
501400,500177,500013,3004501,,2022-01-19,32856,94,,8840,70,99,mg/dL,94.0
501401,500177,500013,3004249,,2022-01-19,32856,138,,8876,90,130,mmHg,138.0
501402,500177,500013,3012888,,2022-01-19,32856,88,,8876,60,85,mmHg,88.0
501403,500177,500013,3025315,,2022-01-19,32856,80.1,,9529,45,90,kg,80.1
501404,500177,500013,3038553,,2022-01-19,32856,29.9,,9531,18.5,25,kg/m2,29.9
501405,500177,500013,3022192,,2022-01-19,32856,241.2,,8840,0,150,mg/dL,241.2
501406,500177,500013,3007070,,2022-01-19,32856,53.8,,8840,40,60,mg/dL,53.8
501407,500177,500013,3028437,,2022-01-19,32856,93.5,,8840,0,130,mg/dL,93.5
501408,500177,500013,3013721,,2022-01-19,32856,70.3,,8645,0,40,U/L,70.3
501409,500177,500013,3006923,,2022-01-19,32856,77.4,,8645,0,40,U/L,77.4
501410,500177,500013,3016723,,2022-01-19,32856,0.89,,8840,0.6,1.2,mg/dL,0.89
501411,500177,500013,3049187,,2022-01-19,32856,104,,9550,90,130,mL/min/1.73m2,104.0
501412,500178,500013,3004410,,2022-04-19,32856,6,,8554,4,5.6,%,6.0
501413,500178,500013,3004501,,2022-04-19,32856,118,,8840,70,99,mg/dL,118.0
501414,500178,500013,3004249,,2022-04-19,32856,111,,8876,90,130,mmHg,111.0
501415,500178,500013,3012888,,2022-04-19,32856,89,,8876,60,85,mmHg,89.0
501416,500178,500013,3025315,,2022-04-19,32856,80.5,,9529,45,90,kg,80.5
501417,500178,500013,3038553,,2022-04-19,32856,30.1,,9531,18.5,25,kg/m2,30.1
501418,500179,500013,3004410,,2022-07-21,32856,5.9,,8554,4,5.6,%,5.9
501419,500179,500013,3004501,,2022-07-21,32856,106,,8840,70,99,mg/dL,106.0
501420,500179,500013,3004249,,2022-07-21,32856,144,,8876,90,130,mmHg,144.0
501421,500179,500013,3012888,,2022-07-21,32856,89,,8876,60,85,mmHg,89.0
501422,500179,500013,3025315,,2022-07-21,32856,79.4,,9529,45,90,kg,79.4
501423,500179,500013,3038553,,2022-07-21,32856,29.7,,9531,18.5,25,kg/m2,29.7
501424,500180,500013,3004410,,2022-10-18,32856,5.5,,8554,4,5.6,%,5.5
501425,500180,500013,3004501,,2022-10-18,32856,88,,8840,70,99,mg/dL,88.0
501426,500180,500013,3004249,,2022-10-18,32856,127,,8876,90,130,mmHg,127.0
501427,500180,500013,3012888,,2022-10-18,32856,94,,8876,60,85,mmHg,94.0
501428,500180,500013,3025315,,2022-10-18,32856,79.1,,9529,45,90,kg,79.1
501429,500180,500013,3038553,,2022-10-18,32856,29.6,,9531,18.5,25,kg/m2,29.6
501430,500181,500013,3004410,,2023-01-10,32856,5,,8554,4,5.6,%,5.0
501431,500181,500013,3004501,,2023-01-10,32856,72,,8840,70,99,mg/dL,72.0
501432,500181,500013,3004249,,2023-01-10,32856,126,,8876,90,130,mmHg,126.0
501433,500181,500013,3012888,,2023-01-10,32856,100,,8876,60,85,mmHg,100.0
501434,500181,500013,3025315,,2023-01-10,32856,78.2,,9529,45,90,kg,78.2
501435,500181,500013,3038553,,2023-01-10,32856,29.2,,9531,18.5,25,kg/m2,29.2
501436,500181,500013,3022192,,2023-01-10,32856,10,,8840,0,150,mg/dL,10
501437,500181,500013,3007070,,2023-01-10,32856,66.8,,8840,40,60,mg/dL,66.8
501438,500181,500013,3028437,,2023-01-10,32856,124,,8840,0,130,mg/dL,124.0
501439,500181,500013,3013721,,2023-01-10,32856,20.7,,8645,0,40,U/L,20.7
501440,500181,500013,3006923,,2023-01-10,32856,6,,8645,0,40,U/L,6.0
501441,500181,500013,3016723,,2023-01-10,32856,0.85,,8840,0.6,1.2,mg/dL,0.85
501442,500181,500013,3049187,,2023-01-10,32856,105,,9550,90,130,mL/min/1.73m2,105.0
501443,500182,500013,3004410,,2023-04-14,32856,5.6,,8554,4,5.6,%,5.6
501444,500182,500013,3004501,,2023-04-14,32856,104,,8840,70,99,mg/dL,104.0
501445,500182,500013,3004249,,2023-04-14,32856,136,,8876,90,130,mmHg,136.0
501446,500182,500013,3012888,,2023-04-14,32856,90,,8876,60,85,mmHg,90.0
501447,500182,500013,3025315,,2023-04-14,32856,77.4,,9529,45,90,kg,77.4
501448,500182,500013,3038553,,2023-04-14,32856,28.9,,9531,18.5,25,kg/m2,28.9
501449,500183,500013,3004410,,2023-07-08,32856,5.9,,8554,4,5.6,%,5.9
501450,500183,500013,3004501,,2023-07-08,32856,97,,8840,70,99,mg/dL,97.0
501451,500183,500013,3004249,,2023-07-08,32856,142,,8876,90,130,mmHg,142.0
501452,500183,500013,3012888,,2023-07-08,32856,76,,8876,60,85,mmHg,76.0
501453,500183,500013,3025315,,2023-07-08,32856,77.1,,9529,45,90,kg,77.1
501454,500183,500013,3038553,,2023-07-08,32856,28.8,,9531,18.5,25,kg/m2,28.8
501455,500184,500013,3004410,,2023-10-12,32856,5.8,,8554,4,5.6,%,5.8
501456,500184,500013,3004501,,2023-10-12,32856,116,,8840,70,99,mg/dL,116.0
501457,500184,500013,3004249,,2023-10-12,32856,138,,8876,90,130,mmHg,138.0
501458,500184,500013,3012888,,2023-10-12,32856,89,,8876,60,85,mmHg,89.0
501459,500184,500013,3025315,,2023-10-12,32856,75.5,,9529,45,90,kg,75.5
501460,500184,500013,3038553,,2023-10-12,32856,28.2,,9531,18.5,25,kg/m2,28.2
501461,500185,500013,3004410,,2024-01-18,32856,5.5,,8554,4,5.6,%,5.5
501462,500185,500013,3004501,,2024-01-18,32856,105,,8840,70,99,mg/dL,105.0
501463,500185,500013,3004249,,2024-01-18,32856,132,,8876,90,130,mmHg,132.0
501464,500185,500013,3012888,,2024-01-18,32856,79,,8876,60,85,mmHg,79.0
501465,500185,500013,3025315,,2024-01-18,32856,75.5,,9529,45,90,kg,75.5
501466,500185,500013,3038553,,2024-01-18,32856,28.2,,9531,18.5,25,kg/m2,28.2
501467,500185,500013,3022192,,2024-01-18,32856,272.4,,8840,0,150,mg/dL,272.4
501468,500185,500013,3007070,,2024-01-18,32856,42.8,,8840,40,60,mg/dL,42.8
501469,500185,500013,3028437,,2024-01-18,32856,104.8,,8840,0,130,mg/dL,104.8
501470,500185,500013,3013721,,2024-01-18,32856,16.4,,8645,0,40,U/L,16.4
501471,500185,500013,3006923,,2024-01-18,32856,64.8,,8645,0,40,U/L,64.8
501472,500185,500013,3016723,,2024-01-18,32856,0.6,,8840,0.6,1.2,mg/dL,0.6
501473,500185,500013,3049187,,2024-01-18,32856,115,,9550,90,130,mL/min/1.73m2,115.0
501474,500186,500013,3004410,,2024-04-20,32856,6.2,,8554,4,5.6,%,6.2
501475,500186,500013,3004501,,2024-04-20,32856,128,,8840,70,99,mg/dL,128.0
501476,500186,500013,3004249,,2024-04-20,32856,142,,8876,90,130,mmHg,142.0
501477,500186,500013,3012888,,2024-04-20,32856,92,,8876,60,85,mmHg,92.0
501478,500186,500013,3025315,,2024-04-20,32856,75.5,,9529,45,90,kg,75.5
501479,500186,500013,3038553,,2024-04-20,32856,28.2,,9531,18.5,25,kg/m2,28.2
501480,500187,500014,3036277,,2021-01-26,32856,167.1,,8582,150,185,cm,167.1
501481,500187,500014,3004410,,2021-01-26,32856,8,,8554,4,5.6,%,8.0
501482,500187,500014,3004501,,2021-01-26,32856,149,,8840,70,99,mg/dL,149.0
501483,500187,500014,3004249,,2021-01-26,32856,128,,8876,90,130,mmHg,128.0
501484,500187,500014,3012888,,2021-01-26,32856,73,,8876,60,85,mmHg,73.0
501485,500187,500014,3025315,,2021-01-26,32856,71.2,,9529,45,90,kg,71.2
501486,500187,500014,3038553,,2021-01-26,32856,25.5,,9531,18.5,25,kg/m2,25.5
501487,500187,500014,3022192,,2021-01-26,32856,149.1,,8840,0,150,mg/dL,149.1
501488,500187,500014,3007070,,2021-01-26,32856,42,,8840,40,60,mg/dL,42.0
501489,500187,500014,3028437,,2021-01-26,32856,188,,8840,0,130,mg/dL,188.0
501490,500187,500014,3013721,,2021-01-26,32856,59.4,,8645,0,40,U/L,59.4
501491,500187,500014,3006923,,2021-01-26,32856,32.6,,8645,0,40,U/L,32.6
501492,500187,500014,3016723,,2021-01-26,32856,1.34,,8840,0.6,1.2,mg/dL,1.34
501493,500187,500014,3049187,,2021-01-26,32856,60,,9550,90,130,mL/min/1.73m2,60.0
501494,500188,500014,3004410,,2021-04-24,32856,8.3,,8554,4,5.6,%,8.3
501495,500188,500014,3004501,,2021-04-24,32856,147,,8840,70,99,mg/dL,147.0
501496,500188,500014,3004249,,2021-04-24,32856,125,,8876,90,130,mmHg,125.0
501497,500188,500014,3012888,,2021-04-24,32856,86,,8876,60,85,mmHg,86.0
501498,500188,500014,3025315,,2021-04-24,32856,71,,9529,45,90,kg,71.0
501499,500188,500014,3038553,,2021-04-24,32856,25.4,,9531,18.5,25,kg/m2,25.4
501500,500189,500014,3004410,,2021-07-30,32856,7.8,,8554,4,5.6,%,7.8
501501,500189,500014,3004501,,2021-07-30,32856,145,,8840,70,99,mg/dL,145.0
501502,500189,500014,3004249,,2021-07-30,32856,129,,8876,90,130,mmHg,129.0
501503,500189,500014,3012888,,2021-07-30,32856,89,,8876,60,85,mmHg,89.0
501504,500189,500014,3025315,,2021-07-30,32856,69.8,,9529,45,90,kg,69.8
501505,500189,500014,3038553,,2021-07-30,32856,25,,9531,18.5,25,kg/m2,25.0
501506,500190,500014,3004410,,2021-10-22,32856,7.7,,8554,4,5.6,%,7.7
501507,500190,500014,3004501,,2021-10-22,32856,141,,8840,70,99,mg/dL,141.0
501508,500190,500014,3004249,,2021-10-22,32856,127,,8876,90,130,mmHg,127.0
501509,500190,500014,3012888,,2021-10-22,32856,74,,8876,60,85,mmHg,74.0
501510,500190,500014,3025315,,2021-10-22,32856,68.2,,9529,45,90,kg,68.2
501511,500190,500014,3038553,,2021-10-22,32856,24.4,,9531,18.5,25,kg/m2,24.4
501512,500191,500014,3004410,,2022-01-20,32856,7.2,,8554,4,5.6,%,7.2
501513,500191,500014,3004501,,2022-01-20,32856,138,,8840,70,99,mg/dL,138.0
501514,500191,500014,3004249,,2022-01-20,32856,114,,8876,90,130,mmHg,114.0
501515,500191,500014,3012888,,2022-01-20,32856,76,,8876,60,85,mmHg,76.0
501516,500191,500014,3025315,,2022-01-20,32856,67.6,,9529,45,90,kg,67.6
501517,500191,500014,3038553,,2022-01-20,32856,24.2,,9531,18.5,25,kg/m2,24.2
501518,500191,500014,3022192,,2022-01-20,32856,173.9,,8840,0,150,mg/dL,173.9
501519,500191,500014,3007070,,2022-01-20,32856,56.4,,8840,40,60,mg/dL,56.4
501520,500191,500014,3028437,,2022-01-20,32856,137.6,,8840,0,130,mg/dL,137.6
501521,500191,500014,3013721,,2022-01-20,32856,68.8,,8645,0,40,U/L,68.8
501522,500191,500014,3006923,,2022-01-20,32856,65.6,,8645,0,40,U/L,65.6
501523,500191,500014,3016723,,2022-01-20,32856,1.23,,8840,0.6,1.2,mg/dL,1.23
501524,500191,500014,3049187,,2022-01-20,32856,66,,9550,90,130,mL/min/1.73m2,66.0
501525,500192,500014,3004410,,2022-04-20,32856,6.9,,8554,4,5.6,%,6.9
501526,500192,500014,3004501,,2022-04-20,32856,132,,8840,70,99,mg/dL,132.0
501527,500192,500014,3004249,,2022-04-20,32856,134,,8876,90,130,mmHg,134.0
501528,500192,500014,3012888,,2022-04-20,32856,79,,8876,60,85,mmHg,79.0
501529,500192,500014,3025315,,2022-04-20,32856,68.3,,9529,45,90,kg,68.3
501530,500192,500014,3038553,,2022-04-20,32856,24.5,,9531,18.5,25,kg/m2,24.5
501531,500193,500014,3004410,,2022-07-27,32856,7.6,,8554,4,5.6,%,7.6
501532,500193,500014,3004501,,2022-07-27,32856,126,,8840,70,99,mg/dL,126.0
501533,500193,500014,3004249,,2022-07-27,32856,114,,8876,90,130,mmHg,114.0
501534,500193,500014,3012888,,2022-07-27,32856,83,,8876,60,85,mmHg,83.0
501535,500193,500014,3025315,,2022-07-27,32856,68.7,,9529,45,90,kg,68.7
501536,500193,500014,3038553,,2022-07-27,32856,24.6,,9531,18.5,25,kg/m2,24.6
501537,500194,500014,3004410,,2022-10-27,32856,8,,8554,4,5.6,%,8.0
501538,500194,500014,3004501,,2022-10-27,32856,131,,8840,70,99,mg/dL,131.0
501539,500194,500014,3004249,,2022-10-27,32856,140,,8876,90,130,mmHg,140.0
501540,500194,500014,3012888,,2022-10-27,32856,80,,8876,60,85,mmHg,80.0
501541,500194,500014,3025315,,2022-10-27,32856,69.1,,9529,45,90,kg,69.1
501542,500194,500014,3038553,,2022-10-27,32856,24.7,,9531,18.5,25,kg/m2,24.7
501543,500195,500014,3004410,,2023-01-21,32856,8.2,,8554,4,5.6,%,8.2
501544,500195,500014,3004501,,2023-01-21,32856,147,,8840,70,99,mg/dL,147.0
501545,500195,500014,3004249,,2023-01-21,32856,139,,8876,90,130,mmHg,139.0
501546,500195,500014,3012888,,2023-01-21,32856,75,,8876,60,85,mmHg,75.0
501547,500195,500014,3025315,,2023-01-21,32856,68.5,,9529,45,90,kg,68.5
501548,500195,500014,3038553,,2023-01-21,32856,24.5,,9531,18.5,25,kg/m2,24.5
501549,500195,500014,3022192,,2023-01-21,32856,87,,8840,0,150,mg/dL,87.0
501550,500195,500014,3007070,,2023-01-21,32856,52.5,,8840,40,60,mg/dL,52.5
501551,500195,500014,3028437,,2023-01-21,32856,73.8,,8840,0,130,mg/dL,73.8
501552,500195,500014,3013721,,2023-01-21,32856,60.8,,8645,0,40,U/L,60.8
501553,500195,500014,3006923,,2023-01-21,32856,73.3,,8645,0,40,U/L,73.3
501554,500195,500014,3016723,,2023-01-21,32856,1.06,,8840,0.6,1.2,mg/dL,1.06
501555,500195,500014,3049187,,2023-01-21,32856,78,,9550,90,130,mL/min/1.73m2,78.0
501556,500196,500014,3004410,,2023-04-17,32856,8.2,,8554,4,5.6,%,8.2
501557,500196,500014,3004501,,2023-04-17,32856,176,,8840,70,99,mg/dL,176.0
501558,500196,500014,3004249,,2023-04-17,32856,128,,8876,90,130,mmHg,128.0
501559,500196,500014,3012888,,2023-04-17,32856,67,,8876,60,85,mmHg,67.0
501560,500196,500014,3025315,,2023-04-17,32856,69.4,,9529,45,90,kg,69.4
501561,500196,500014,3038553,,2023-04-17,32856,24.9,,9531,18.5,25,kg/m2,24.9
501562,500197,500014,3004410,,2023-07-23,32856,7.8,,8554,4,5.6,%,7.8
501563,500197,500014,3004501,,2023-07-23,32856,140,,8840,70,99,mg/dL,140.0
501564,500197,500014,3004249,,2023-07-23,32856,125,,8876,90,130,mmHg,125.0
501565,500197,500014,3012888,,2023-07-23,32856,73,,8876,60,85,mmHg,73.0
501566,500197,500014,3025315,,2023-07-23,32856,68.8,,9529,45,90,kg,68.8
501567,500197,500014,3038553,,2023-07-23,32856,24.6,,9531,18.5,25,kg/m2,24.6
501568,500198,500014,3004410,,2023-10-21,32856,7.2,,8554,4,5.6,%,7.2
501569,500198,500014,3004501,,2023-10-21,32856,120,,8840,70,99,mg/dL,120.0
501570,500198,500014,3004249,,2023-10-21,32856,112,,8876,90,130,mmHg,112.0
501571,500198,500014,3012888,,2023-10-21,32856,77,,8876,60,85,mmHg,77.0
501572,500198,500014,3025315,,2023-10-21,32856,69.3,,9529,45,90,kg,69.3
501573,500198,500014,3038553,,2023-10-21,32856,24.8,,9531,18.5,25,kg/m2,24.8
501574,500199,500014,3004410,,2024-01-13,32856,6.5,,8554,4,5.6,%,6.5
501575,500199,500014,3004501,,2024-01-13,32856,117,,8840,70,99,mg/dL,117.0
501576,500199,500014,3004249,,2024-01-13,32856,120,,8876,90,130,mmHg,120.0
501577,500199,500014,3012888,,2024-01-13,32856,82,,8876,60,85,mmHg,82.0
501578,500199,500014,3025315,,2024-01-13,32856,68.8,,9529,45,90,kg,68.8
501579,500199,500014,3038553,,2024-01-13,32856,24.6,,9531,18.5,25,kg/m2,24.6
501580,500199,500014,3022192,,2024-01-13,32856,116.8,,8840,0,150,mg/dL,116.8
501581,500199,500014,3007070,,2024-01-13,32856,19.7,,8840,40,60,mg/dL,19.7
501582,500199,500014,3028437,,2024-01-13,32856,158.1,,8840,0,130,mg/dL,158.1
501583,500199,500014,3013721,,2024-01-13,32856,57.6,,8645,0,40,U/L,57.6
501584,500199,500014,3006923,,2024-01-13,32856,27.6,,8645,0,40,U/L,27.6
501585,500199,500014,3016723,,2024-01-13,32856,0.59,,8840,0.6,1.2,mg/dL,0.59
501586,500199,500014,3049187,,2024-01-13,32856,108,,9550,90,130,mL/min/1.73m2,108.0
501587,500200,500014,3004410,,2024-04-12,32856,6.1,,8554,4,5.6,%,6.1
501588,500200,500014,3004501,,2024-04-12,32856,119,,8840,70,99,mg/dL,119.0
501589,500200,500014,3004249,,2024-04-12,32856,121,,8876,90,130,mmHg,121.0
501590,500200,500014,3012888,,2024-04-12,32856,67,,8876,60,85,mmHg,67.0
501591,500200,500014,3025315,,2024-04-12,32856,67.5,,9529,45,90,kg,67.5
501592,500200,500014,3038553,,2024-04-12,32856,24.2,,9531,18.5,25,kg/m2,24.2
501593,500201,500015,3036277,,2023-02-09,32856,165.1,,8582,150,185,cm,165.1
501594,500201,500015,3004410,,2023-02-09,32856,8.9,,8554,4,5.6,%,8.9
501595,500201,500015,3004501,,2023-02-09,32856,181,,8840,70,99,mg/dL,181.0
501596,500201,500015,3004249,,2023-02-09,32856,143,,8876,90,130,mmHg,143.0
501597,500201,500015,3012888,,2023-02-09,32856,89,,8876,60,85,mmHg,89.0
501598,500201,500015,3025315,,2023-02-09,32856,78.5,,9529,45,90,kg,78.5
501599,500201,500015,3038553,,2023-02-09,32856,28.8,,9531,18.5,25,kg/m2,28.8
501600,500201,500015,3022192,,2023-02-09,32856,137.1,,8840,0,150,mg/dL,137.1
501601,500201,500015,3007070,,2023-02-09,32856,53.8,,8840,40,60,mg/dL,53.8
501602,500201,500015,3028437,,2023-02-09,32856,165.1,,8840,0,130,mg/dL,165.1
501603,500201,500015,3013721,,2023-02-09,32856,9,,8645,0,40,U/L,9.0
501604,500201,500015,3006923,,2023-02-09,32856,94.3,,8645,0,40,U/L,94.3
501605,500201,500015,3016723,,2023-02-09,32856,1.23,,8840,0.6,1.2,mg/dL,1.23
501606,500201,500015,3049187,,2023-02-09,32856,66,,9550,90,130,mL/min/1.73m2,66.0
501607,500202,500015,3004410,,2023-05-16,32856,8.5,,8554,4,5.6,%,8.5
501608,500202,500015,3004501,,2023-05-16,32856,166,,8840,70,99,mg/dL,166.0
501609,500202,500015,3004249,,2023-05-16,32856,124,,8876,90,130,mmHg,124.0
501610,500202,500015,3012888,,2023-05-16,32856,84,,8876,60,85,mmHg,84.0
501611,500202,500015,3025315,,2023-05-16,32856,80.4,,9529,45,90,kg,80.4
501612,500202,500015,3038553,,2023-05-16,32856,29.5,,9531,18.5,25,kg/m2,29.5
501613,500203,500015,3004410,,2023-08-19,32856,7.5,,8554,4,5.6,%,7.5
501614,500203,500015,3004501,,2023-08-19,32856,141,,8840,70,99,mg/dL,141.0
501615,500203,500015,3004249,,2023-08-19,32856,128,,8876,90,130,mmHg,128.0
501616,500203,500015,3012888,,2023-08-19,32856,76,,8876,60,85,mmHg,76.0
501617,500203,500015,3025315,,2023-08-19,32856,79.9,,9529,45,90,kg,79.9
501618,500203,500015,3038553,,2023-08-19,32856,29.3,,9531,18.5,25,kg/m2,29.3
501619,500204,500015,3004410,,2023-11-13,32856,7,,8554,4,5.6,%,7.0
501620,500204,500015,3004501,,2023-11-13,32856,123,,8840,70,99,mg/dL,123.0
501621,500204,500015,3004249,,2023-11-13,32856,130,,8876,90,130,mmHg,130.0
501622,500204,500015,3012888,,2023-11-13,32856,92,,8876,60,85,mmHg,92.0
501623,500204,500015,3025315,,2023-11-13,32856,79.9,,9529,45,90,kg,79.9
501624,500204,500015,3038553,,2023-11-13,32856,29.3,,9531,18.5,25,kg/m2,29.3
501625,500205,500015,3004410,,2024-02-14,32856,7.7,,8554,4,5.6,%,7.7
501626,500205,500015,3004501,,2024-02-14,32856,153,,8840,70,99,mg/dL,153.0
501627,500205,500015,3004249,,2024-02-14,32856,142,,8876,90,130,mmHg,142.0
501628,500205,500015,3012888,,2024-02-14,32856,88,,8876,60,85,mmHg,88.0
501629,500205,500015,3025315,,2024-02-14,32856,80.3,,9529,45,90,kg,80.3
501630,500205,500015,3038553,,2024-02-14,32856,29.5,,9531,18.5,25,kg/m2,29.5
501631,500205,500015,3022192,,2024-02-14,32856,173.3,,8840,0,150,mg/dL,173.3
501632,500205,500015,3007070,,2024-02-14,32856,51.3,,8840,40,60,mg/dL,51.3
501633,500205,500015,3028437,,2024-02-14,32856,136.9,,8840,0,130,mg/dL,136.9
501634,500205,500015,3013721,,2024-02-14,32856,40.3,,8645,0,40,U/L,40.3
501635,500205,500015,3006923,,2024-02-14,32856,78.3,,8645,0,40,U/L,78.3
501636,500205,500015,3016723,,2024-02-14,32856,1.2,,8840,0.6,1.2,mg/dL,1.2
501637,500205,500015,3049187,,2024-02-14,32856,68,,9550,90,130,mL/min/1.73m2,68.0
501638,500206,500015,3004410,,2024-05-17,32856,7.8,,8554,4,5.6,%,7.8
501639,500206,500015,3004501,,2024-05-17,32856,133,,8840,70,99,mg/dL,133.0
501640,500206,500015,3004249,,2024-05-17,32856,133,,8876,90,130,mmHg,133.0
501641,500206,500015,3012888,,2024-05-17,32856,73,,8876,60,85,mmHg,73.0
501642,500206,500015,3025315,,2024-05-17,32856,79.2,,9529,45,90,kg,79.2
501643,500206,500015,3038553,,2024-05-17,32856,29.1,,9531,18.5,25,kg/m2,29.1
501644,500207,500015,3004410,,2024-08-17,32856,8.1,,8554,4,5.6,%,8.1
501645,500207,500015,3004501,,2024-08-17,32856,177,,8840,70,99,mg/dL,177.0
501646,500207,500015,3004249,,2024-08-17,32856,132,,8876,90,130,mmHg,132.0
501647,500207,500015,3012888,,2024-08-17,32856,85,,8876,60,85,mmHg,85.0
501648,500207,500015,3025315,,2024-08-17,32856,79.1,,9529,45,90,kg,79.1
501649,500207,500015,3038553,,2024-08-17,32856,29,,9531,18.5,25,kg/m2,29.0
501650,500208,500015,3004410,,2024-11-12,32856,7.4,,8554,4,5.6,%,7.4
501651,500208,500015,3004501,,2024-11-12,32856,138,,8840,70,99,mg/dL,138.0
501652,500208,500015,3004249,,2024-11-12,32856,124,,8876,90,130,mmHg,124.0
501653,500208,500015,3012888,,2024-11-12,32856,88,,8876,60,85,mmHg,88.0
501654,500208,500015,3025315,,2024-11-12,32856,78.3,,9529,45,90,kg,78.3
501655,500208,500015,3038553,,2024-11-12,32856,28.7,,9531,18.5,25,kg/m2,28.7
501656,500209,500015,3004410,,2025-02-12,32856,6.4,,8554,4,5.6,%,6.4
501657,500209,500015,3004501,,2025-02-12,32856,140,,8840,70,99,mg/dL,140.0
501658,500209,500015,3004249,,2025-02-12,32856,150,,8876,90,130,mmHg,150.0
501659,500209,500015,3012888,,2025-02-12,32856,88,,8876,60,85,mmHg,88.0
501660,500209,500015,3025315,,2025-02-12,32856,77.7,,9529,45,90,kg,77.7
501661,500209,500015,3038553,,2025-02-12,32856,28.5,,9531,18.5,25,kg/m2,28.5
501662,500209,500015,3022192,,2025-02-12,32856,268.1,,8840,0,150,mg/dL,268.1
501663,500209,500015,3007070,,2025-02-12,32856,16.9,,8840,40,60,mg/dL,16.9
501664,500209,500015,3028437,,2025-02-12,32856,85.1,,8840,0,130,mg/dL,85.1
501665,500209,500015,3013721,,2025-02-12,32856,29.7,,8645,0,40,U/L,29.7
501666,500209,500015,3006923,,2025-02-12,32856,32.6,,8645,0,40,U/L,32.6
501667,500209,500015,3016723,,2025-02-12,32856,0.84,,8840,0.6,1.2,mg/dL,0.84
501668,500209,500015,3049187,,2025-02-12,32856,97,,9550,90,130,mL/min/1.73m2,97.0
501669,500210,500015,3004410,,2025-05-15,32856,5.9,,8554,4,5.6,%,5.9
501670,500210,500015,3004501,,2025-05-15,32856,77,,8840,70,99,mg/dL,77.0
501671,500210,500015,3004249,,2025-05-15,32856,136,,8876,90,130,mmHg,136.0
501672,500210,500015,3012888,,2025-05-15,32856,84,,8876,60,85,mmHg,84.0
501673,500210,500015,3025315,,2025-05-15,32856,76.4,,9529,45,90,kg,76.4
501674,500210,500015,3038553,,2025-05-15,32856,28,,9531,18.5,25,kg/m2,28.0
501675,500211,500015,3004410,,2025-08-07,32856,6,,8554,4,5.6,%,6.0
501676,500211,500015,3004501,,2025-08-07,32856,118,,8840,70,99,mg/dL,118.0
501677,500211,500015,3004249,,2025-08-07,32856,136,,8876,90,130,mmHg,136.0
501678,500211,500015,3012888,,2025-08-07,32856,83,,8876,60,85,mmHg,83.0
501679,500211,500015,3025315,,2025-08-07,32856,74.5,,9529,45,90,kg,74.5
501680,500211,500015,3038553,,2025-08-07,32856,27.3,,9531,18.5,25,kg/m2,27.3
501681,500212,500015,3004410,,2025-11-04,32856,5.9,,8554,4,5.6,%,5.9
501682,500212,500015,3004501,,2025-11-04,32856,123,,8840,70,99,mg/dL,123.0
501683,500212,500015,3004249,,2025-11-04,32856,126,,8876,90,130,mmHg,126.0
501684,500212,500015,3012888,,2025-11-04,32856,84,,8876,60,85,mmHg,84.0
501685,500212,500015,3025315,,2025-11-04,32856,75.1,,9529,45,90,kg,75.1
501686,500212,500015,3038553,,2025-11-04,32856,27.6,,9531,18.5,25,kg/m2,27.6
501687,500213,500015,3004410,,2026-01-28,32856,6,,8554,4,5.6,%,6.0
501688,500213,500015,3004501,,2026-01-28,32856,95,,8840,70,99,mg/dL,95.0
501689,500213,500015,3004249,,2026-01-28,32856,143,,8876,90,130,mmHg,143.0
501690,500213,500015,3012888,,2026-01-28,32856,87,,8876,60,85,mmHg,87.0
501691,500213,500015,3025315,,2026-01-28,32856,74.3,,9529,45,90,kg,74.3
501692,500213,500015,3038553,,2026-01-28,32856,27.3,,9531,18.5,25,kg/m2,27.3
501693,500213,500015,3022192,,2026-01-28,32856,104.5,,8840,0,150,mg/dL,104.5
501694,500213,500015,3007070,,2026-01-28,32856,62.2,,8840,40,60,mg/dL,62.2
501695,500213,500015,3028437,,2026-01-28,32856,151.4,,8840,0,130,mg/dL,151.4
501696,500213,500015,3013721,,2026-01-28,32856,54.3,,8645,0,40,U/L,54.3
501697,500213,500015,3006923,,2026-01-28,32856,6,,8645,0,40,U/L,6.0
501698,500213,500015,3016723,,2026-01-28,32856,1.17,,8840,0.6,1.2,mg/dL,1.17
501699,500213,500015,3049187,,2026-01-28,32856,69,,9550,90,130,mL/min/1.73m2,69.0
501700,500214,500015,3004410,,2026-04-30,32856,7,,8554,4,5.6,%,7.0
501701,500214,500015,3004501,,2026-04-30,32856,140,,8840,70,99,mg/dL,140.0
501702,500214,500015,3004249,,2026-04-30,32856,140,,8876,90,130,mmHg,140.0
501703,500214,500015,3012888,,2026-04-30,32856,83,,8876,60,85,mmHg,83.0
501704,500214,500015,3025315,,2026-04-30,32856,74.2,,9529,45,90,kg,74.2
501705,500214,500015,3038553,,2026-04-30,32856,27.2,,9531,18.5,25,kg/m2,27.2
501706,500215,500015,3004410,,2026-08-05,32856,6.8,,8554,4,5.6,%,6.8
501707,500215,500015,3004501,,2026-08-05,32856,113,,8840,70,99,mg/dL,113.0
501708,500215,500015,3004249,,2026-08-05,32856,117,,8876,90,130,mmHg,117.0
501709,500215,500015,3012888,,2026-08-05,32856,92,,8876,60,85,mmHg,92.0
501710,500215,500015,3025315,,2026-08-05,32856,74.3,,9529,45,90,kg,74.3
501711,500215,500015,3038553,,2026-08-05,32856,27.3,,9531,18.5,25,kg/m2,27.3
501712,500216,500016,3036277,,2018-07-06,32856,174.5,,8582,150,185,cm,174.5
501713,500216,500016,3004410,,2018-07-06,32856,6.5,,8554,4,5.6,%,6.5
501714,500216,500016,3004501,,2018-07-06,32856,130,,8840,70,99,mg/dL,130.0
501715,500216,500016,3004249,,2018-07-06,32856,160,,8876,90,130,mmHg,160.0
501716,500216,500016,3012888,,2018-07-06,32856,89,,8876,60,85,mmHg,89.0
501717,500216,500016,3025315,,2018-07-06,32856,84.7,,9529,45,90,kg,84.7
501718,500216,500016,3038553,,2018-07-06,32856,27.8,,9531,18.5,25,kg/m2,27.8
501719,500216,500016,3022192,,2018-07-06,32856,113.3,,8840,0,150,mg/dL,113.3
501720,500216,500016,3007070,,2018-07-06,32856,57.8,,8840,40,60,mg/dL,57.8
501721,500216,500016,3028437,,2018-07-06,32856,78.4,,8840,0,130,mg/dL,78.4
501722,500216,500016,3013721,,2018-07-06,32856,52.6,,8645,0,40,U/L,52.6
501723,500216,500016,3006923,,2018-07-06,32856,75.3,,8645,0,40,U/L,75.3
501724,500216,500016,3016723,,2018-07-06,32856,0.64,,8840,0.6,1.2,mg/dL,0.64
501725,500216,500016,3049187,,2018-07-06,32856,118,,9550,90,130,mL/min/1.73m2,118.0
501726,500217,500016,3004410,,2018-10-12,32856,6,,8554,4,5.6,%,6.0
501727,500217,500016,3004501,,2018-10-12,32856,116,,8840,70,99,mg/dL,116.0
501728,500217,500016,3004249,,2018-10-12,32856,144,,8876,90,130,mmHg,144.0
501729,500217,500016,3012888,,2018-10-12,32856,89,,8876,60,85,mmHg,89.0
501730,500217,500016,3025315,,2018-10-12,32856,82.5,,9529,45,90,kg,82.5
501731,500217,500016,3038553,,2018-10-12,32856,27.1,,9531,18.5,25,kg/m2,27.1
501732,500218,500016,3004410,,2019-01-15,32856,6.2,,8554,4,5.6,%,6.2
501733,500218,500016,3004501,,2019-01-15,32856,91,,8840,70,99,mg/dL,91.0
501734,500218,500016,3004249,,2019-01-15,32856,126,,8876,90,130,mmHg,126.0
501735,500218,500016,3012888,,2019-01-15,32856,76,,8876,60,85,mmHg,76.0
501736,500218,500016,3025315,,2019-01-15,32856,82.1,,9529,45,90,kg,82.1
501737,500218,500016,3038553,,2019-01-15,32856,27,,9531,18.5,25,kg/m2,27.0
501738,500219,500016,3004410,,2019-04-15,32856,6.1,,8554,4,5.6,%,6.1
501739,500219,500016,3004501,,2019-04-15,32856,106,,8840,70,99,mg/dL,106.0
501740,500219,500016,3004249,,2019-04-15,32856,140,,8876,90,130,mmHg,140.0
501741,500219,500016,3012888,,2019-04-15,32856,71,,8876,60,85,mmHg,71.0
501742,500219,500016,3025315,,2019-04-15,32856,81,,9529,45,90,kg,81.0
501743,500219,500016,3038553,,2019-04-15,32856,26.6,,9531,18.5,25,kg/m2,26.6
501744,500220,500016,3004410,,2019-07-13,32856,5.5,,8554,4,5.6,%,5.5
501745,500220,500016,3004501,,2019-07-13,32856,84,,8840,70,99,mg/dL,84.0
501746,500220,500016,3004249,,2019-07-13,32856,136,,8876,90,130,mmHg,136.0
501747,500220,500016,3012888,,2019-07-13,32856,90,,8876,60,85,mmHg,90.0
501748,500220,500016,3025315,,2019-07-13,32856,81.1,,9529,45,90,kg,81.1
501749,500220,500016,3038553,,2019-07-13,32856,26.6,,9531,18.5,25,kg/m2,26.6
501750,500220,500016,3022192,,2019-07-13,32856,298,,8840,0,150,mg/dL,298.0
501751,500220,500016,3007070,,2019-07-13,32856,41.9,,8840,40,60,mg/dL,41.9
501752,500220,500016,3028437,,2019-07-13,32856,139.9,,8840,0,130,mg/dL,139.9
501753,500220,500016,3013721,,2019-07-13,32856,20.6,,8645,0,40,U/L,20.6
501754,500220,500016,3006923,,2019-07-13,32856,9.9,,8645,0,40,U/L,9.9
501755,500220,500016,3016723,,2019-07-13,32856,0.78,,8840,0.6,1.2,mg/dL,0.78
501756,500220,500016,3049187,,2019-07-13,32856,110,,9550,90,130,mL/min/1.73m2,110.0
501757,500221,500016,3004410,,2019-10-14,32856,5.6,,8554,4,5.6,%,5.6
501758,500221,500016,3004501,,2019-10-14,32856,71,,8840,70,99,mg/dL,71.0
501759,500221,500016,3004249,,2019-10-14,32856,138,,8876,90,130,mmHg,138.0
501760,500221,500016,3012888,,2019-10-14,32856,90,,8876,60,85,mmHg,90.0
501761,500221,500016,3025315,,2019-10-14,32856,81.1,,9529,45,90,kg,81.1
501762,500221,500016,3038553,,2019-10-14,32856,26.6,,9531,18.5,25,kg/m2,26.6
501763,500222,500016,3004410,,2020-01-20,32856,5.5,,8554,4,5.6,%,5.5
501764,500222,500016,3004501,,2020-01-20,32856,70,,8840,70,99,mg/dL,70
501765,500222,500016,3004249,,2020-01-20,32856,160,,8876,90,130,mmHg,160.0
501766,500222,500016,3012888,,2020-01-20,32856,74,,8876,60,85,mmHg,74.0
501767,500222,500016,3025315,,2020-01-20,32856,81.1,,9529,45,90,kg,81.1
501768,500222,500016,3038553,,2020-01-20,32856,26.6,,9531,18.5,25,kg/m2,26.6
501769,500223,500016,3004410,,2020-04-22,32856,5,,8554,4,5.6,%,5.0
501770,500223,500016,3004501,,2020-04-22,32856,77,,8840,70,99,mg/dL,77.0
501771,500223,500016,3004249,,2020-04-22,32856,134,,8876,90,130,mmHg,134.0
501772,500223,500016,3012888,,2020-04-22,32856,90,,8876,60,85,mmHg,90.0
501773,500223,500016,3025315,,2020-04-22,32856,80.7,,9529,45,90,kg,80.7
501774,500223,500016,3038553,,2020-04-22,32856,26.5,,9531,18.5,25,kg/m2,26.5
501775,500224,500016,3004410,,2020-07-26,32856,5.3,,8554,4,5.6,%,5.3
501776,500224,500016,3004501,,2020-07-26,32856,95,,8840,70,99,mg/dL,95.0
501777,500224,500016,3004249,,2020-07-26,32856,124,,8876,90,130,mmHg,124.0
501778,500224,500016,3012888,,2020-07-26,32856,81,,8876,60,85,mmHg,81.0
501779,500224,500016,3025315,,2020-07-26,32856,80.9,,9529,45,90,kg,80.9
501780,500224,500016,3038553,,2020-07-26,32856,26.6,,9531,18.5,25,kg/m2,26.6
501781,500224,500016,3022192,,2020-07-26,32856,307.8,,8840,0,150,mg/dL,307.8
501782,500224,500016,3007070,,2020-07-26,32856,51.4,,8840,40,60,mg/dL,51.4
501783,500224,500016,3028437,,2020-07-26,32856,64.2,,8840,0,130,mg/dL,64.2
501784,500224,500016,3013721,,2020-07-26,32856,33.3,,8645,0,40,U/L,33.3
501785,500224,500016,3006923,,2020-07-26,32856,18.3,,8645,0,40,U/L,18.3
501786,500224,500016,3016723,,2020-07-26,32856,0.9,,8840,0.6,1.2,mg/dL,0.9
501787,500224,500016,3049187,,2020-07-26,32856,105,,9550,90,130,mL/min/1.73m2,105.0
501788,500225,500016,3004410,,2020-10-25,32856,5,,8554,4,5.6,%,5.0
501789,500225,500016,3004501,,2020-10-25,32856,88,,8840,70,99,mg/dL,88.0
501790,500225,500016,3004249,,2020-10-25,32856,123,,8876,90,130,mmHg,123.0
501791,500225,500016,3012888,,2020-10-25,32856,84,,8876,60,85,mmHg,84.0
501792,500225,500016,3025315,,2020-10-25,32856,80.7,,9529,45,90,kg,80.7
501793,500225,500016,3038553,,2020-10-25,32856,26.5,,9531,18.5,25,kg/m2,26.5
501794,500226,500016,3004410,,2021-01-26,32856,6.1,,8554,4,5.6,%,6.1
501795,500226,500016,3004501,,2021-01-26,32856,106,,8840,70,99,mg/dL,106.0
501796,500226,500016,3004249,,2021-01-26,32856,119,,8876,90,130,mmHg,119.0
501797,500226,500016,3012888,,2021-01-26,32856,95,,8876,60,85,mmHg,95.0
501798,500226,500016,3025315,,2021-01-26,32856,80.6,,9529,45,90,kg,80.6
501799,500226,500016,3038553,,2021-01-26,32856,26.5,,9531,18.5,25,kg/m2,26.5
501800,500227,500016,3004410,,2021-04-25,32856,6.2,,8554,4,5.6,%,6.2
501801,500227,500016,3004501,,2021-04-25,32856,125,,8840,70,99,mg/dL,125.0
501802,500227,500016,3004249,,2021-04-25,32856,145,,8876,90,130,mmHg,145.0
501803,500227,500016,3012888,,2021-04-25,32856,92,,8876,60,85,mmHg,92.0
501804,500227,500016,3025315,,2021-04-25,32856,80.3,,9529,45,90,kg,80.3
501805,500227,500016,3038553,,2021-04-25,32856,26.4,,9531,18.5,25,kg/m2,26.4
501806,500228,500016,3004410,,2021-07-18,32856,6.3,,8554,4,5.6,%,6.3
501807,500228,500016,3004501,,2021-07-18,32856,132,,8840,70,99,mg/dL,132.0
501808,500228,500016,3004249,,2021-07-18,32856,145,,8876,90,130,mmHg,145.0
501809,500228,500016,3012888,,2021-07-18,32856,78,,8876,60,85,mmHg,78.0
501810,500228,500016,3025315,,2021-07-18,32856,80.6,,9529,45,90,kg,80.6
501811,500228,500016,3038553,,2021-07-18,32856,26.5,,9531,18.5,25,kg/m2,26.5
501812,500228,500016,3022192,,2021-07-18,32856,308.1,,8840,0,150,mg/dL,308.1
501813,500228,500016,3007070,,2021-07-18,32856,64.4,,8840,40,60,mg/dL,64.4
501814,500228,500016,3028437,,2021-07-18,32856,157.4,,8840,0,130,mg/dL,157.4
501815,500228,500016,3013721,,2021-07-18,32856,25.1,,8645,0,40,U/L,25.1
501816,500228,500016,3006923,,2021-07-18,32856,29.6,,8645,0,40,U/L,29.6
501817,500228,500016,3016723,,2021-07-18,32856,0.62,,8840,0.6,1.2,mg/dL,0.62
501818,500228,500016,3049187,,2021-07-18,32856,116,,9550,90,130,mL/min/1.73m2,116.0
501819,500229,500016,3004410,,2021-10-21,32856,6,,8554,4,5.6,%,6.0
501820,500229,500016,3004501,,2021-10-21,32856,123,,8840,70,99,mg/dL,123.0
501821,500229,500016,3004249,,2021-10-21,32856,144,,8876,90,130,mmHg,144.0
501822,500229,500016,3012888,,2021-10-21,32856,82,,8876,60,85,mmHg,82.0
501823,500229,500016,3025315,,2021-10-21,32856,80.7,,9529,45,90,kg,80.7
501824,500229,500016,3038553,,2021-10-21,32856,26.5,,9531,18.5,25,kg/m2,26.5
501825,500230,500016,3004410,,2022-01-19,32856,5.9,,8554,4,5.6,%,5.9
501826,500230,500016,3004501,,2022-01-19,32856,125,,8840,70,99,mg/dL,125.0
501827,500230,500016,3004249,,2022-01-19,32856,138,,8876,90,130,mmHg,138.0
501828,500230,500016,3012888,,2022-01-19,32856,90,,8876,60,85,mmHg,90.0
501829,500230,500016,3025315,,2022-01-19,32856,81.6,,9529,45,90,kg,81.6
501830,500230,500016,3038553,,2022-01-19,32856,26.8,,9531,18.5,25,kg/m2,26.8
501831,500231,500016,3004410,,2022-04-24,32856,6.4,,8554,4,5.6,%,6.4
501832,500231,500016,3004501,,2022-04-24,32856,110,,8840,70,99,mg/dL,110.0
501833,500231,500016,3004249,,2022-04-24,32856,124,,8876,90,130,mmHg,124.0
501834,500231,500016,3012888,,2022-04-24,32856,88,,8876,60,85,mmHg,88.0
501835,500231,500016,3025315,,2022-04-24,32856,82.5,,9529,45,90,kg,82.5
501836,500231,500016,3038553,,2022-04-24,32856,27.1,,9531,18.5,25,kg/m2,27.1
501837,500232,500016,3004410,,2022-07-26,32856,6.6,,8554,4,5.6,%,6.6
501838,500232,500016,3004501,,2022-07-26,32856,136,,8840,70,99,mg/dL,136.0
501839,500232,500016,3004249,,2022-07-26,32856,121,,8876,90,130,mmHg,121.0
501840,500232,500016,3012888,,2022-07-26,32856,78,,8876,60,85,mmHg,78.0
501841,500232,500016,3025315,,2022-07-26,32856,83.8,,9529,45,90,kg,83.8
501842,500232,500016,3038553,,2022-07-26,32856,27.5,,9531,18.5,25,kg/m2,27.5
501843,500232,500016,3022192,,2022-07-26,32856,57.4,,8840,0,150,mg/dL,57.4
501844,500232,500016,3007070,,2022-07-26,32856,59.2,,8840,40,60,mg/dL,59.2
501845,500232,500016,3028437,,2022-07-26,32856,126.5,,8840,0,130,mg/dL,126.5
501846,500232,500016,3013721,,2022-07-26,32856,63.5,,8645,0,40,U/L,63.5
501847,500232,500016,3006923,,2022-07-26,32856,35.4,,8645,0,40,U/L,35.4
501848,500232,500016,3016723,,2022-07-26,32856,0.85,,8840,0.6,1.2,mg/dL,0.85
501849,500232,500016,3049187,,2022-07-26,32856,105,,9550,90,130,mL/min/1.73m2,105.0
501850,500233,500016,3004410,,2022-10-20,32856,6.9,,8554,4,5.6,%,6.9
501851,500233,500016,3004501,,2022-10-20,32856,125,,8840,70,99,mg/dL,125.0
501852,500233,500016,3004249,,2022-10-20,32856,133,,8876,90,130,mmHg,133.0
501853,500233,500016,3012888,,2022-10-20,32856,87,,8876,60,85,mmHg,87.0
501854,500233,500016,3025315,,2022-10-20,32856,84,,9529,45,90,kg,84.0
501855,500233,500016,3038553,,2022-10-20,32856,27.6,,9531,18.5,25,kg/m2,27.6
501856,500234,500016,3004410,,2023-01-14,32856,6.2,,8554,4,5.6,%,6.2
501857,500234,500016,3004501,,2023-01-14,32856,122,,8840,70,99,mg/dL,122.0
501858,500234,500016,3004249,,2023-01-14,32856,147,,8876,90,130,mmHg,147.0
501859,500234,500016,3012888,,2023-01-14,32856,86,,8876,60,85,mmHg,86.0
501860,500234,500016,3025315,,2023-01-14,32856,83.3,,9529,45,90,kg,83.3
501861,500234,500016,3038553,,2023-01-14,32856,27.4,,9531,18.5,25,kg/m2,27.4
501862,500235,500017,3036277,,2019-08-18,32856,174.8,,8582,150,185,cm,174.8
501863,500235,500017,3004410,,2019-08-18,32856,9.8,,8554,4,5.6,%,9.8
501864,500235,500017,3004501,,2019-08-18,32856,196,,8840,70,99,mg/dL,196.0
501865,500235,500017,3004249,,2019-08-18,32856,129,,8876,90,130,mmHg,129.0
501866,500235,500017,3012888,,2019-08-18,32856,84,,8876,60,85,mmHg,84.0
501867,500235,500017,3025315,,2019-08-18,32856,72.7,,9529,45,90,kg,72.7
501868,500235,500017,3038553,,2019-08-18,32856,23.8,,9531,18.5,25,kg/m2,23.8
501869,500235,500017,3022192,,2019-08-18,32856,72.9,,8840,0,150,mg/dL,72.9
501870,500235,500017,3007070,,2019-08-18,32856,61.5,,8840,40,60,mg/dL,61.5
501871,500235,500017,3028437,,2019-08-18,32856,164.1,,8840,0,130,mg/dL,164.1
501872,500235,500017,3013721,,2019-08-18,32856,33,,8645,0,40,U/L,33.0
501873,500235,500017,3006923,,2019-08-18,32856,42.3,,8645,0,40,U/L,42.3
501874,500235,500017,3016723,,2019-08-18,32856,1.01,,8840,0.6,1.2,mg/dL,1.01
501875,500235,500017,3049187,,2019-08-18,32856,77,,9550,90,130,mL/min/1.73m2,77.0
501876,500236,500017,3004410,,2019-11-21,32856,9.3,,8554,4,5.6,%,9.3
501877,500236,500017,3004501,,2019-11-21,32856,194,,8840,70,99,mg/dL,194.0
501878,500236,500017,3004249,,2019-11-21,32856,146,,8876,90,130,mmHg,146.0
501879,500236,500017,3012888,,2019-11-21,32856,93,,8876,60,85,mmHg,93.0
501880,500236,500017,3025315,,2019-11-21,32856,71.5,,9529,45,90,kg,71.5
501881,500236,500017,3038553,,2019-11-21,32856,23.4,,9531,18.5,25,kg/m2,23.4
501882,500237,500017,3004410,,2020-02-25,32856,9.1,,8554,4,5.6,%,9.1
501883,500237,500017,3004501,,2020-02-25,32856,182,,8840,70,99,mg/dL,182.0
501884,500237,500017,3004249,,2020-02-25,32856,118,,8876,90,130,mmHg,118.0
501885,500237,500017,3012888,,2020-02-25,32856,84,,8876,60,85,mmHg,84.0
501886,500237,500017,3025315,,2020-02-25,32856,71.1,,9529,45,90,kg,71.1
501887,500237,500017,3038553,,2020-02-25,32856,23.3,,9531,18.5,25,kg/m2,23.3
501888,500238,500017,3004410,,2020-05-24,32856,7.8,,8554,4,5.6,%,7.8
501889,500238,500017,3004501,,2020-05-24,32856,145,,8840,70,99,mg/dL,145.0
501890,500238,500017,3004249,,2020-05-24,32856,141,,8876,90,130,mmHg,141.0
501891,500238,500017,3012888,,2020-05-24,32856,94,,8876,60,85,mmHg,94.0
501892,500238,500017,3025315,,2020-05-24,32856,71.7,,9529,45,90,kg,71.7
501893,500238,500017,3038553,,2020-05-24,32856,23.5,,9531,18.5,25,kg/m2,23.5
501894,500239,500017,3004410,,2020-08-18,32856,7.7,,8554,4,5.6,%,7.7
501895,500239,500017,3004501,,2020-08-18,32856,158,,8840,70,99,mg/dL,158.0
501896,500239,500017,3004249,,2020-08-18,32856,140,,8876,90,130,mmHg,140.0
501897,500239,500017,3012888,,2020-08-18,32856,89,,8876,60,85,mmHg,89.0
501898,500239,500017,3025315,,2020-08-18,32856,71.2,,9529,45,90,kg,71.2
501899,500239,500017,3038553,,2020-08-18,32856,23.3,,9531,18.5,25,kg/m2,23.3
501900,500239,500017,3022192,,2020-08-18,32856,224.9,,8840,0,150,mg/dL,224.9
501901,500239,500017,3007070,,2020-08-18,32856,53.8,,8840,40,60,mg/dL,53.8
501902,500239,500017,3028437,,2020-08-18,32856,124.8,,8840,0,130,mg/dL,124.8
501903,500239,500017,3013721,,2020-08-18,32856,9.9,,8645,0,40,U/L,9.9
501904,500239,500017,3006923,,2020-08-18,32856,24.9,,8645,0,40,U/L,24.9
501905,500239,500017,3016723,,2020-08-18,32856,1.08,,8840,0.6,1.2,mg/dL,1.08
501906,500239,500017,3049187,,2020-08-18,32856,71,,9550,90,130,mL/min/1.73m2,71.0
501907,500240,500017,3004410,,2020-11-22,32856,7.7,,8554,4,5.6,%,7.7
501908,500240,500017,3004501,,2020-11-22,32856,140,,8840,70,99,mg/dL,140.0
501909,500240,500017,3004249,,2020-11-22,32856,121,,8876,90,130,mmHg,121.0
501910,500240,500017,3012888,,2020-11-22,32856,87,,8876,60,85,mmHg,87.0
501911,500240,500017,3025315,,2020-11-22,32856,71,,9529,45,90,kg,71.0
501912,500240,500017,3038553,,2020-11-22,32856,23.2,,9531,18.5,25,kg/m2,23.2
501913,500241,500017,3004410,,2021-02-21,32856,7.5,,8554,4,5.6,%,7.5
501914,500241,500017,3004501,,2021-02-21,32856,127,,8840,70,99,mg/dL,127.0
501915,500241,500017,3004249,,2021-02-21,32856,133,,8876,90,130,mmHg,133.0
501916,500241,500017,3012888,,2021-02-21,32856,92,,8876,60,85,mmHg,92.0
501917,500241,500017,3025315,,2021-02-21,32856,71.3,,9529,45,90,kg,71.3
501918,500241,500017,3038553,,2021-02-21,32856,23.3,,9531,18.5,25,kg/m2,23.3
501919,500242,500017,3004410,,2021-05-20,32856,7.6,,8554,4,5.6,%,7.6
501920,500242,500017,3004501,,2021-05-20,32856,144,,8840,70,99,mg/dL,144.0
501921,500242,500017,3004249,,2021-05-20,32856,161,,8876,90,130,mmHg,161.0
501922,500242,500017,3012888,,2021-05-20,32856,83,,8876,60,85,mmHg,83.0
501923,500242,500017,3025315,,2021-05-20,32856,72.7,,9529,45,90,kg,72.7
501924,500242,500017,3038553,,2021-05-20,32856,23.8,,9531,18.5,25,kg/m2,23.8
501925,500243,500017,3004410,,2021-08-25,32856,7.1,,8554,4,5.6,%,7.1
501926,500243,500017,3004501,,2021-08-25,32856,146,,8840,70,99,mg/dL,146.0
501927,500243,500017,3004249,,2021-08-25,32856,119,,8876,90,130,mmHg,119.0
501928,500243,500017,3012888,,2021-08-25,32856,82,,8876,60,85,mmHg,82.0
501929,500243,500017,3025315,,2021-08-25,32856,74.5,,9529,45,90,kg,74.5
501930,500243,500017,3038553,,2021-08-25,32856,24.4,,9531,18.5,25,kg/m2,24.4
501931,500243,500017,3022192,,2021-08-25,32856,233.4,,8840,0,150,mg/dL,233.4
501932,500243,500017,3007070,,2021-08-25,32856,38.2,,8840,40,60,mg/dL,38.2
501933,500243,500017,3028437,,2021-08-25,32856,21.1,,8840,0,130,mg/dL,21.1
501934,500243,500017,3013721,,2021-08-25,32856,27.9,,8645,0,40,U/L,27.9
501935,500243,500017,3006923,,2021-08-25,32856,57.7,,8645,0,40,U/L,57.7
501936,500243,500017,3016723,,2021-08-25,32856,1.09,,8840,0.6,1.2,mg/dL,1.09
501937,500243,500017,3049187,,2021-08-25,32856,69,,9550,90,130,mL/min/1.73m2,69.0
501938,500244,500017,3004410,,2021-11-19,32856,7.7,,8554,4,5.6,%,7.7
501939,500244,500017,3004501,,2021-11-19,32856,126,,8840,70,99,mg/dL,126.0
501940,500244,500017,3004249,,2021-11-19,32856,128,,8876,90,130,mmHg,128.0
501941,500244,500017,3012888,,2021-11-19,32856,89,,8876,60,85,mmHg,89.0
501942,500244,500017,3025315,,2021-11-19,32856,72.8,,9529,45,90,kg,72.8
501943,500244,500017,3038553,,2021-11-19,32856,23.8,,9531,18.5,25,kg/m2,23.8
501944,500245,500017,3004410,,2022-02-13,32856,7.6,,8554,4,5.6,%,7.6
501945,500245,500017,3004501,,2022-02-13,32856,133,,8840,70,99,mg/dL,133.0
501946,500245,500017,3004249,,2022-02-13,32856,127,,8876,90,130,mmHg,127.0
501947,500245,500017,3012888,,2022-02-13,32856,90,,8876,60,85,mmHg,90.0
501948,500245,500017,3025315,,2022-02-13,32856,72.8,,9529,45,90,kg,72.8
501949,500245,500017,3038553,,2022-02-13,32856,23.8,,9531,18.5,25,kg/m2,23.8
501950,500246,500017,3004410,,2022-05-17,32856,7.6,,8554,4,5.6,%,7.6
501951,500246,500017,3004501,,2022-05-17,32856,153,,8840,70,99,mg/dL,153.0
501952,500246,500017,3004249,,2022-05-17,32856,148,,8876,90,130,mmHg,148.0
501953,500246,500017,3012888,,2022-05-17,32856,76,,8876,60,85,mmHg,76.0
501954,500246,500017,3025315,,2022-05-17,32856,72.5,,9529,45,90,kg,72.5
501955,500246,500017,3038553,,2022-05-17,32856,23.7,,9531,18.5,25,kg/m2,23.7
501956,500247,500017,3004410,,2022-08-13,32856,7.2,,8554,4,5.6,%,7.2
501957,500247,500017,3004501,,2022-08-13,32856,137,,8840,70,99,mg/dL,137.0
501958,500247,500017,3004249,,2022-08-13,32856,132,,8876,90,130,mmHg,132.0
501959,500247,500017,3012888,,2022-08-13,32856,83,,8876,60,85,mmHg,83.0
501960,500247,500017,3025315,,2022-08-13,32856,71.9,,9529,45,90,kg,71.9
501961,500247,500017,3038553,,2022-08-13,32856,23.5,,9531,18.5,25,kg/m2,23.5
501962,500247,500017,3022192,,2022-08-13,32856,104.2,,8840,0,150,mg/dL,104.2
501963,500247,500017,3007070,,2022-08-13,32856,52.3,,8840,40,60,mg/dL,52.3
501964,500247,500017,3028437,,2022-08-13,32856,121.7,,8840,0,130,mg/dL,121.7
501965,500247,500017,3013721,,2022-08-13,32856,36.2,,8645,0,40,U/L,36.2
501966,500247,500017,3006923,,2022-08-13,32856,61.1,,8645,0,40,U/L,61.1
501967,500247,500017,3016723,,2022-08-13,32856,0.82,,8840,0.6,1.2,mg/dL,0.82
501968,500247,500017,3049187,,2022-08-13,32856,89,,9550,90,130,mL/min/1.73m2,89.0
501969,500248,500017,3004410,,2022-11-19,32856,6.9,,8554,4,5.6,%,6.9
501970,500248,500017,3004501,,2022-11-19,32856,153,,8840,70,99,mg/dL,153.0
501971,500248,500017,3004249,,2022-11-19,32856,149,,8876,90,130,mmHg,149.0
501972,500248,500017,3012888,,2022-11-19,32856,77,,8876,60,85,mmHg,77.0
501973,500248,500017,3025315,,2022-11-19,32856,71.7,,9529,45,90,kg,71.7
501974,500248,500017,3038553,,2022-11-19,32856,23.5,,9531,18.5,25,kg/m2,23.5
501975,500249,500017,3004410,,2023-02-20,32856,6.5,,8554,4,5.6,%,6.5
501976,500249,500017,3004501,,2023-02-20,32856,118,,8840,70,99,mg/dL,118.0
501977,500249,500017,3004249,,2023-02-20,32856,129,,8876,90,130,mmHg,129.0
501978,500249,500017,3012888,,2023-02-20,32856,76,,8876,60,85,mmHg,76.0
501979,500249,500017,3025315,,2023-02-20,32856,71.1,,9529,45,90,kg,71.1
501980,500249,500017,3038553,,2023-02-20,32856,23.3,,9531,18.5,25,kg/m2,23.3
501981,500250,500017,3004410,,2023-05-28,32856,7.1,,8554,4,5.6,%,7.1
501982,500250,500017,3004501,,2023-05-28,32856,123,,8840,70,99,mg/dL,123.0
501983,500250,500017,3004249,,2023-05-28,32856,136,,8876,90,130,mmHg,136.0
501984,500250,500017,3012888,,2023-05-28,32856,60,,8876,60,85,mmHg,60.0
501985,500250,500017,3025315,,2023-05-28,32856,70.5,,9529,45,90,kg,70.5
501986,500250,500017,3038553,,2023-05-28,32856,23.1,,9531,18.5,25,kg/m2,23.1
501987,500251,500017,3004410,,2023-08-21,32856,7.8,,8554,4,5.6,%,7.8
501988,500251,500017,3004501,,2023-08-21,32856,106,,8840,70,99,mg/dL,106.0
501989,500251,500017,3004249,,2023-08-21,32856,140,,8876,90,130,mmHg,140.0
501990,500251,500017,3012888,,2023-08-21,32856,78,,8876,60,85,mmHg,78.0
501991,500251,500017,3025315,,2023-08-21,32856,71.1,,9529,45,90,kg,71.1
501992,500251,500017,3038553,,2023-08-21,32856,23.3,,9531,18.5,25,kg/m2,23.3
501993,500251,500017,3022192,,2023-08-21,32856,44.4,,8840,0,150,mg/dL,44.4
501994,500251,500017,3007070,,2023-08-21,32856,68.7,,8840,40,60,mg/dL,68.7
501995,500251,500017,3028437,,2023-08-21,32856,120.4,,8840,0,130,mg/dL,120.4
501996,500251,500017,3013721,,2023-08-21,32856,49.1,,8645,0,40,U/L,49.1
501997,500251,500017,3006923,,2023-08-21,32856,38.2,,8645,0,40,U/L,38.2
501998,500251,500017,3016723,,2023-08-21,32856,0.96,,8840,0.6,1.2,mg/dL,0.96
501999,500251,500017,3049187,,2023-08-21,32856,80,,9550,90,130,mL/min/1.73m2,80.0
502000,500252,500017,3004410,,2023-11-20,32856,7.6,,8554,4,5.6,%,7.6
502001,500252,500017,3004501,,2023-11-20,32856,149,,8840,70,99,mg/dL,149.0
502002,500252,500017,3004249,,2023-11-20,32856,156,,8876,90,130,mmHg,156.0
502003,500252,500017,3012888,,2023-11-20,32856,86,,8876,60,85,mmHg,86.0
502004,500252,500017,3025315,,2023-11-20,32856,71.3,,9529,45,90,kg,71.3
502005,500252,500017,3038553,,2023-11-20,32856,23.3,,9531,18.5,25,kg/m2,23.3
502006,500253,500017,3004410,,2024-02-14,32856,7,,8554,4,5.6,%,7.0
502007,500253,500017,3004501,,2024-02-14,32856,180,,8840,70,99,mg/dL,180.0
502008,500253,500017,3004249,,2024-02-14,32856,129,,8876,90,130,mmHg,129.0
502009,500253,500017,3012888,,2024-02-14,32856,82,,8876,60,85,mmHg,82.0
502010,500253,500017,3025315,,2024-02-14,32856,71.2,,9529,45,90,kg,71.2
502011,500253,500017,3038553,,2024-02-14,32856,23.3,,9531,18.5,25,kg/m2,23.3
502012,500254,500017,3004410,,2024-05-20,32856,7.3,,8554,4,5.6,%,7.3
502013,500254,500017,3004501,,2024-05-20,32856,137,,8840,70,99,mg/dL,137.0
502014,500254,500017,3004249,,2024-05-20,32856,143,,8876,90,130,mmHg,143.0
502015,500254,500017,3012888,,2024-05-20,32856,90,,8876,60,85,mmHg,90.0
502016,500254,500017,3025315,,2024-05-20,32856,72.3,,9529,45,90,kg,72.3
502017,500254,500017,3038553,,2024-05-20,32856,23.7,,9531,18.5,25,kg/m2,23.7
502018,500255,500017,3004410,,2024-08-24,32856,7.8,,8554,4,5.6,%,7.8
502019,500255,500017,3004501,,2024-08-24,32856,146,,8840,70,99,mg/dL,146.0
502020,500255,500017,3004249,,2024-08-24,32856,116,,8876,90,130,mmHg,116.0
502021,500255,500017,3012888,,2024-08-24,32856,73,,8876,60,85,mmHg,73.0
502022,500255,500017,3025315,,2024-08-24,32856,71.8,,9529,45,90,kg,71.8
502023,500255,500017,3038553,,2024-08-24,32856,23.5,,9531,18.5,25,kg/m2,23.5
502024,500255,500017,3022192,,2024-08-24,32856,255.8,,8840,0,150,mg/dL,255.8
502025,500255,500017,3007070,,2024-08-24,32856,24.8,,8840,40,60,mg/dL,24.8
502026,500255,500017,3028437,,2024-08-24,32856,95.6,,8840,0,130,mg/dL,95.6
502027,500255,500017,3013721,,2024-08-24,32856,61.8,,8645,0,40,U/L,61.8
502028,500255,500017,3006923,,2024-08-24,32856,62.4,,8645,0,40,U/L,62.4
502029,500255,500017,3016723,,2024-08-24,32856,0.7,,8840,0.6,1.2,mg/dL,0.7
502030,500255,500017,3049187,,2024-08-24,32856,93,,9550,90,130,mL/min/1.73m2,93.0
502031,500256,500017,3004410,,2024-11-23,32856,8.3,,8554,4,5.6,%,8.3
502032,500256,500017,3004501,,2024-11-23,32856,158,,8840,70,99,mg/dL,158.0
502033,500256,500017,3004249,,2024-11-23,32856,140,,8876,90,130,mmHg,140.0
502034,500256,500017,3012888,,2024-11-23,32856,83,,8876,60,85,mmHg,83.0
502035,500256,500017,3025315,,2024-11-23,32856,70.1,,9529,45,90,kg,70.1
502036,500256,500017,3038553,,2024-11-23,32856,22.9,,9531,18.5,25,kg/m2,22.9
502037,500257,500018,3036277,,2019-09-05,32856,153.2,,8582,150,185,cm,153.2
502038,500257,500018,3004410,,2019-09-05,32856,7,,8554,4,5.6,%,7.0
502039,500257,500018,3004501,,2019-09-05,32856,126,,8840,70,99,mg/dL,126
502040,500257,500018,3004249,,2019-09-05,32856,124,,8876,90,130,mmHg,124.0
502041,500257,500018,3012888,,2019-09-05,32856,78,,8876,60,85,mmHg,78.0
502042,500257,500018,3025315,,2019-09-05,32856,57.5,,9529,45,90,kg,57.5
502043,500257,500018,3038553,,2019-09-05,32856,24.5,,9531,18.5,25,kg/m2,24.5
502044,500257,500018,3022192,,2019-09-05,32856,293.3,,8840,0,150,mg/dL,293.3
502045,500257,500018,3007070,,2019-09-05,32856,26,,8840,40,60,mg/dL,26.0
502046,500257,500018,3028437,,2019-09-05,32856,131.6,,8840,0,130,mg/dL,131.6
502047,500257,500018,3013721,,2019-09-05,32856,70.6,,8645,0,40,U/L,70.6
502048,500257,500018,3006923,,2019-09-05,32856,67,,8645,0,40,U/L,67.0
502049,500257,500018,3016723,,2019-09-05,32856,0.87,,8840,0.6,1.2,mg/dL,0.87
502050,500257,500018,3049187,,2019-09-05,32856,75,,9550,90,130,mL/min/1.73m2,75.0
502051,500258,500018,3004410,,2019-12-02,32856,7.1,,8554,4,5.6,%,7.1
502052,500258,500018,3004501,,2019-12-02,32856,146,,8840,70,99,mg/dL,146.0
502053,500258,500018,3004249,,2019-12-02,32856,123,,8876,90,130,mmHg,123.0
502054,500258,500018,3012888,,2019-12-02,32856,75,,8876,60,85,mmHg,75.0
502055,500258,500018,3025315,,2019-12-02,32856,57.3,,9529,45,90,kg,57.3
502056,500258,500018,3038553,,2019-12-02,32856,24.4,,9531,18.5,25,kg/m2,24.4
502057,500259,500018,3004410,,2020-03-01,32856,6.4,,8554,4,5.6,%,6.4
502058,500259,500018,3004501,,2020-03-01,32856,126,,8840,70,99,mg/dL,126.0
502059,500259,500018,3004249,,2020-03-01,32856,120,,8876,90,130,mmHg,120.0
502060,500259,500018,3012888,,2020-03-01,32856,80,,8876,60,85,mmHg,80.0
502061,500259,500018,3025315,,2020-03-01,32856,59.2,,9529,45,90,kg,59.2
502062,500259,500018,3038553,,2020-03-01,32856,25.2,,9531,18.5,25,kg/m2,25.2
502063,500260,500018,3004410,,2020-06-03,32856,6.5,,8554,4,5.6,%,6.5
502064,500260,500018,3004501,,2020-06-03,32856,106,,8840,70,99,mg/dL,106.0
502065,500260,500018,3004249,,2020-06-03,32856,142,,8876,90,130,mmHg,142.0
502066,500260,500018,3012888,,2020-06-03,32856,85,,8876,60,85,mmHg,85.0
502067,500260,500018,3025315,,2020-06-03,32856,58.2,,9529,45,90,kg,58.2
502068,500260,500018,3038553,,2020-06-03,32856,24.8,,9531,18.5,25,kg/m2,24.8
502069,500261,500018,3004410,,2020-09-04,32856,7,,8554,4,5.6,%,7.0
502070,500261,500018,3004501,,2020-09-04,32856,124,,8840,70,99,mg/dL,124.0
502071,500261,500018,3004249,,2020-09-04,32856,128,,8876,90,130,mmHg,128.0
502072,500261,500018,3012888,,2020-09-04,32856,87,,8876,60,85,mmHg,87.0
502073,500261,500018,3025315,,2020-09-04,32856,59.5,,9529,45,90,kg,59.5
502074,500261,500018,3038553,,2020-09-04,32856,25.4,,9531,18.5,25,kg/m2,25.4
502075,500261,500018,3022192,,2020-09-04,32856,93,,8840,0,150,mg/dL,93.0
502076,500261,500018,3007070,,2020-09-04,32856,22.8,,8840,40,60,mg/dL,22.8
502077,500261,500018,3028437,,2020-09-04,32856,101.7,,8840,0,130,mg/dL,101.7
502078,500261,500018,3013721,,2020-09-04,32856,14.3,,8645,0,40,U/L,14.3
502079,500261,500018,3006923,,2020-09-04,32856,62.8,,8645,0,40,U/L,62.8
502080,500261,500018,3016723,,2020-09-04,32856,1.11,,8840,0.6,1.2,mg/dL,1.11
502081,500261,500018,3049187,,2020-09-04,32856,56,,9550,90,130,mL/min/1.73m2,56.0
502082,500262,500018,3004410,,2020-11-27,32856,7,,8554,4,5.6,%,7.0
502083,500262,500018,3004501,,2020-11-27,32856,142,,8840,70,99,mg/dL,142.0
502084,500262,500018,3004249,,2020-11-27,32856,126,,8876,90,130,mmHg,126.0
502085,500262,500018,3012888,,2020-11-27,32856,75,,8876,60,85,mmHg,75.0
502086,500262,500018,3025315,,2020-11-27,32856,61.3,,9529,45,90,kg,61.3
502087,500262,500018,3038553,,2020-11-27,32856,26.1,,9531,18.5,25,kg/m2,26.1
502088,500263,500018,3004410,,2021-03-04,32856,6.7,,8554,4,5.6,%,6.7
502089,500263,500018,3004501,,2021-03-04,32856,156,,8840,70,99,mg/dL,156.0
502090,500263,500018,3004249,,2021-03-04,32856,119,,8876,90,130,mmHg,119.0
502091,500263,500018,3012888,,2021-03-04,32856,75,,8876,60,85,mmHg,75.0
502092,500263,500018,3025315,,2021-03-04,32856,62,,9529,45,90,kg,62.0
502093,500263,500018,3038553,,2021-03-04,32856,26.4,,9531,18.5,25,kg/m2,26.4
502094,500264,500018,3004410,,2021-06-06,32856,6.9,,8554,4,5.6,%,6.9
502095,500264,500018,3004501,,2021-06-06,32856,104,,8840,70,99,mg/dL,104.0
502096,500264,500018,3004249,,2021-06-06,32856,112,,8876,90,130,mmHg,112.0
502097,500264,500018,3012888,,2021-06-06,32856,77,,8876,60,85,mmHg,77.0
502098,500264,500018,3025315,,2021-06-06,32856,61.9,,9529,45,90,kg,61.9
502099,500264,500018,3038553,,2021-06-06,32856,26.4,,9531,18.5,25,kg/m2,26.4
502100,500265,500018,3004410,,2021-09-03,32856,6.6,,8554,4,5.6,%,6.6
502101,500265,500018,3004501,,2021-09-03,32856,128,,8840,70,99,mg/dL,128.0
502102,500265,500018,3004249,,2021-09-03,32856,131,,8876,90,130,mmHg,131.0
502103,500265,500018,3012888,,2021-09-03,32856,81,,8876,60,85,mmHg,81.0
502104,500265,500018,3025315,,2021-09-03,32856,62.8,,9529,45,90,kg,62.8
502105,500265,500018,3038553,,2021-09-03,32856,26.8,,9531,18.5,25,kg/m2,26.8
502106,500265,500018,3022192,,2021-09-03,32856,138,,8840,0,150,mg/dL,138.0
502107,500265,500018,3007070,,2021-09-03,32856,36.7,,8840,40,60,mg/dL,36.7
502108,500265,500018,3028437,,2021-09-03,32856,104.4,,8840,0,130,mg/dL,104.4
502109,500265,500018,3013721,,2021-09-03,32856,52.5,,8645,0,40,U/L,52.5
502110,500265,500018,3006923,,2021-09-03,32856,73.2,,8645,0,40,U/L,73.2
502111,500265,500018,3016723,,2021-09-03,32856,0.92,,8840,0.6,1.2,mg/dL,0.92
502112,500265,500018,3049187,,2021-09-03,32856,70,,9550,90,130,mL/min/1.73m2,70.0
502113,500266,500018,3004410,,2021-12-05,32856,7.1,,8554,4,5.6,%,7.1
502114,500266,500018,3004501,,2021-12-05,32856,130,,8840,70,99,mg/dL,130.0
502115,500266,500018,3004249,,2021-12-05,32856,139,,8876,90,130,mmHg,139.0
502116,500266,500018,3012888,,2021-12-05,32856,65,,8876,60,85,mmHg,65.0
502117,500266,500018,3025315,,2021-12-05,32856,61.9,,9529,45,90,kg,61.9
502118,500266,500018,3038553,,2021-12-05,32856,26.4,,9531,18.5,25,kg/m2,26.4
502119,500267,500018,3004410,,2022-03-07,32856,7,,8554,4,5.6,%,7.0
502120,500267,500018,3004501,,2022-03-07,32856,115,,8840,70,99,mg/dL,115.0
502121,500267,500018,3004249,,2022-03-07,32856,145,,8876,90,130,mmHg,145.0
502122,500267,500018,3012888,,2022-03-07,32856,75,,8876,60,85,mmHg,75.0
502123,500267,500018,3025315,,2022-03-07,32856,61.7,,9529,45,90,kg,61.7
502124,500267,500018,3038553,,2022-03-07,32856,26.3,,9531,18.5,25,kg/m2,26.3
502125,500268,500018,3004410,,2022-06-05,32856,6.7,,8554,4,5.6,%,6.7
502126,500268,500018,3004501,,2022-06-05,32856,101,,8840,70,99,mg/dL,101.0
502127,500268,500018,3004249,,2022-06-05,32856,148,,8876,90,130,mmHg,148.0
502128,500268,500018,3012888,,2022-06-05,32856,83,,8876,60,85,mmHg,83.0
502129,500268,500018,3025315,,2022-06-05,32856,62.4,,9529,45,90,kg,62.4
502130,500268,500018,3038553,,2022-06-05,32856,26.6,,9531,18.5,25,kg/m2,26.6
502131,500269,500018,3004410,,2022-08-28,32856,6.1,,8554,4,5.6,%,6.1
502132,500269,500018,3004501,,2022-08-28,32856,122,,8840,70,99,mg/dL,122.0
502133,500269,500018,3004249,,2022-08-28,32856,148,,8876,90,130,mmHg,148.0
502134,500269,500018,3012888,,2022-08-28,32856,62,,8876,60,85,mmHg,62.0
502135,500269,500018,3025315,,2022-08-28,32856,61.3,,9529,45,90,kg,61.3
502136,500269,500018,3038553,,2022-08-28,32856,26.1,,9531,18.5,25,kg/m2,26.1
502137,500269,500018,3022192,,2022-08-28,32856,146.5,,8840,0,150,mg/dL,146.5
502138,500269,500018,3007070,,2022-08-28,32856,33,,8840,40,60,mg/dL,33.0
502139,500269,500018,3028437,,2022-08-28,32856,33.7,,8840,0,130,mg/dL,33.7
502140,500269,500018,3013721,,2022-08-28,32856,71.9,,8645,0,40,U/L,71.9
502141,500269,500018,3006923,,2022-08-28,32856,6,,8645,0,40,U/L,6.0
502142,500269,500018,3016723,,2022-08-28,32856,0.76,,8840,0.6,1.2,mg/dL,0.76
502143,500269,500018,3049187,,2022-08-28,32856,87,,9550,90,130,mL/min/1.73m2,87.0
502144,500270,500018,3004410,,2022-11-24,32856,6.1,,8554,4,5.6,%,6.1
502145,500270,500018,3004501,,2022-11-24,32856,94,,8840,70,99,mg/dL,94.0
502146,500270,500018,3004249,,2022-11-24,32856,129,,8876,90,130,mmHg,129.0
502147,500270,500018,3012888,,2022-11-24,32856,72,,8876,60,85,mmHg,72.0
502148,500270,500018,3025315,,2022-11-24,32856,60.3,,9529,45,90,kg,60.3
502149,500270,500018,3038553,,2022-11-24,32856,25.7,,9531,18.5,25,kg/m2,25.7
502150,500271,500018,3004410,,2023-02-21,32856,6.7,,8554,4,5.6,%,6.7
502151,500271,500018,3004501,,2023-02-21,32856,112,,8840,70,99,mg/dL,112.0
502152,500271,500018,3004249,,2023-02-21,32856,136,,8876,90,130,mmHg,136.0
502153,500271,500018,3012888,,2023-02-21,32856,77,,8876,60,85,mmHg,77.0
502154,500271,500018,3025315,,2023-02-21,32856,61.4,,9529,45,90,kg,61.4
502155,500271,500018,3038553,,2023-02-21,32856,26.2,,9531,18.5,25,kg/m2,26.2
502156,500272,500018,3004410,,2023-05-27,32856,6.4,,8554,4,5.6,%,6.4
502157,500272,500018,3004501,,2023-05-27,32856,128,,8840,70,99,mg/dL,128.0
502158,500272,500018,3004249,,2023-05-27,32856,130,,8876,90,130,mmHg,130.0
502159,500272,500018,3012888,,2023-05-27,32856,71,,8876,60,85,mmHg,71.0
502160,500272,500018,3025315,,2023-05-27,32856,63.5,,9529,45,90,kg,63.5
502161,500272,500018,3038553,,2023-05-27,32856,27.1,,9531,18.5,25,kg/m2,27.1
502162,500273,500018,3004410,,2023-08-20,32856,6.5,,8554,4,5.6,%,6.5
502163,500273,500018,3004501,,2023-08-20,32856,123,,8840,70,99,mg/dL,123.0
502164,500273,500018,3004249,,2023-08-20,32856,138,,8876,90,130,mmHg,138.0
502165,500273,500018,3012888,,2023-08-20,32856,75,,8876,60,85,mmHg,75.0
502166,500273,500018,3025315,,2023-08-20,32856,65.3,,9529,45,90,kg,65.3
502167,500273,500018,3038553,,2023-08-20,32856,27.8,,9531,18.5,25,kg/m2,27.8
502168,500273,500018,3022192,,2023-08-20,32856,224.5,,8840,0,150,mg/dL,224.5
502169,500273,500018,3007070,,2023-08-20,32856,35.5,,8840,40,60,mg/dL,35.5
502170,500273,500018,3028437,,2023-08-20,32856,49.9,,8840,0,130,mg/dL,49.9
502171,500273,500018,3013721,,2023-08-20,32856,44.5,,8645,0,40,U/L,44.5
502172,500273,500018,3006923,,2023-08-20,32856,82.6,,8645,0,40,U/L,82.6
502173,500273,500018,3016723,,2023-08-20,32856,0.69,,8840,0.6,1.2,mg/dL,0.69
502174,500273,500018,3049187,,2023-08-20,32856,96,,9550,90,130,mL/min/1.73m2,96.0
502175,500274,500018,3004410,,2023-11-21,32856,6.7,,8554,4,5.6,%,6.7
502176,500274,500018,3004501,,2023-11-21,32856,124,,8840,70,99,mg/dL,124.0
502177,500274,500018,3004249,,2023-11-21,32856,143,,8876,90,130,mmHg,143.0
502178,500274,500018,3012888,,2023-11-21,32856,68,,8876,60,85,mmHg,68.0
502179,500274,500018,3025315,,2023-11-21,32856,64.2,,9529,45,90,kg,64.2
502180,500274,500018,3038553,,2023-11-21,32856,27.4,,9531,18.5,25,kg/m2,27.4
502181,500275,500019,3036277,,2019-05-25,32856,176.5,,8582,150,185,cm,176.5
502182,500275,500019,3004410,,2019-05-25,32856,6.5,,8554,4,5.6,%,6.5
502183,500275,500019,3004501,,2019-05-25,32856,126,,8840,70,99,mg/dL,126
502184,500275,500019,3004249,,2019-05-25,32856,114,,8876,90,130,mmHg,114.0
502185,500275,500019,3012888,,2019-05-25,32856,80,,8876,60,85,mmHg,80.0
502186,500275,500019,3025315,,2019-05-25,32856,81.9,,9529,45,90,kg,81.9
502187,500275,500019,3038553,,2019-05-25,32856,26.3,,9531,18.5,25,kg/m2,26.3
502188,500275,500019,3022192,,2019-05-25,32856,197.5,,8840,0,150,mg/dL,197.5
502189,500275,500019,3007070,,2019-05-25,32856,46.5,,8840,40,60,mg/dL,46.5
502190,500275,500019,3028437,,2019-05-25,32856,120.8,,8840,0,130,mg/dL,120.8
502191,500275,500019,3013721,,2019-05-25,32856,35.4,,8645,0,40,U/L,35.4
502192,500275,500019,3006923,,2019-05-25,32856,83.1,,8645,0,40,U/L,83.1
502193,500275,500019,3016723,,2019-05-25,32856,0.87,,8840,0.6,1.2,mg/dL,0.87
502194,500275,500019,3049187,,2019-05-25,32856,93,,9550,90,130,mL/min/1.73m2,93.0
502195,500276,500019,3004410,,2019-08-25,32856,6.4,,8554,4,5.6,%,6.4
502196,500276,500019,3004501,,2019-08-25,32856,123,,8840,70,99,mg/dL,123.0
502197,500276,500019,3004249,,2019-08-25,32856,104,,8876,90,130,mmHg,104.0
502198,500276,500019,3012888,,2019-08-25,32856,89,,8876,60,85,mmHg,89.0
502199,500276,500019,3025315,,2019-08-25,32856,81.7,,9529,45,90,kg,81.7
502200,500276,500019,3038553,,2019-08-25,32856,26.2,,9531,18.5,25,kg/m2,26.2
502201,500277,500019,3004410,,2019-11-29,32856,5.9,,8554,4,5.6,%,5.9
502202,500277,500019,3004501,,2019-11-29,32856,113,,8840,70,99,mg/dL,113.0
502203,500277,500019,3004249,,2019-11-29,32856,124,,8876,90,130,mmHg,124.0
502204,500277,500019,3012888,,2019-11-29,32856,89,,8876,60,85,mmHg,89.0
502205,500277,500019,3025315,,2019-11-29,32856,83.9,,9529,45,90,kg,83.9
502206,500277,500019,3038553,,2019-11-29,32856,26.9,,9531,18.5,25,kg/m2,26.9
502207,500278,500019,3004410,,2020-03-02,32856,5.3,,8554,4,5.6,%,5.3
502208,500278,500019,3004501,,2020-03-02,32856,104,,8840,70,99,mg/dL,104.0
502209,500278,500019,3004249,,2020-03-02,32856,120,,8876,90,130,mmHg,120.0
502210,500278,500019,3012888,,2020-03-02,32856,78,,8876,60,85,mmHg,78.0
502211,500278,500019,3025315,,2020-03-02,32856,84.6,,9529,45,90,kg,84.6
502212,500278,500019,3038553,,2020-03-02,32856,27.2,,9531,18.5,25,kg/m2,27.2
502213,500279,500019,3004410,,2020-06-04,32856,5.8,,8554,4,5.6,%,5.8
502214,500279,500019,3004501,,2020-06-04,32856,94,,8840,70,99,mg/dL,94.0
502215,500279,500019,3004249,,2020-06-04,32856,135,,8876,90,130,mmHg,135.0
502216,500279,500019,3012888,,2020-06-04,32856,77,,8876,60,85,mmHg,77.0
502217,500279,500019,3025315,,2020-06-04,32856,84.4,,9529,45,90,kg,84.4
502218,500279,500019,3038553,,2020-06-04,32856,27.1,,9531,18.5,25,kg/m2,27.1
502219,500279,500019,3022192,,2020-06-04,32856,177.4,,8840,0,150,mg/dL,177.4
502220,500279,500019,3007070,,2020-06-04,32856,25.9,,8840,40,60,mg/dL,25.9
502221,500279,500019,3028437,,2020-06-04,32856,53.2,,8840,0,130,mg/dL,53.2
502222,500279,500019,3013721,,2020-06-04,32856,73,,8645,0,40,U/L,73.0
502223,500279,500019,3006923,,2020-06-04,32856,68.7,,8645,0,40,U/L,68.7
502224,500279,500019,3016723,,2020-06-04,32856,0.8,,8840,0.6,1.2,mg/dL,0.8
502225,500279,500019,3049187,,2020-06-04,32856,95,,9550,90,130,mL/min/1.73m2,95.0
502226,500280,500019,3004410,,2020-09-03,32856,6.5,,8554,4,5.6,%,6.5
502227,500280,500019,3004501,,2020-09-03,32856,145,,8840,70,99,mg/dL,145.0
502228,500280,500019,3004249,,2020-09-03,32856,107,,8876,90,130,mmHg,107.0
502229,500280,500019,3012888,,2020-09-03,32856,77,,8876,60,85,mmHg,77.0
502230,500280,500019,3025315,,2020-09-03,32856,85.4,,9529,45,90,kg,85.4
502231,500280,500019,3038553,,2020-09-03,32856,27.4,,9531,18.5,25,kg/m2,27.4
502232,500281,500019,3004410,,2020-11-28,32856,6.8,,8554,4,5.6,%,6.8
502233,500281,500019,3004501,,2020-11-28,32856,141,,8840,70,99,mg/dL,141.0
502234,500281,500019,3004249,,2020-11-28,32856,129,,8876,90,130,mmHg,129.0
502235,500281,500019,3012888,,2020-11-28,32856,87,,8876,60,85,mmHg,87.0
502236,500281,500019,3025315,,2020-11-28,32856,85.3,,9529,45,90,kg,85.3
502237,500281,500019,3038553,,2020-11-28,32856,27.4,,9531,18.5,25,kg/m2,27.4
502238,500282,500019,3004410,,2021-02-20,32856,6.5,,8554,4,5.6,%,6.5
502239,500282,500019,3004501,,2021-02-20,32856,112,,8840,70,99,mg/dL,112.0
502240,500282,500019,3004249,,2021-02-20,32856,132,,8876,90,130,mmHg,132.0
502241,500282,500019,3012888,,2021-02-20,32856,84,,8876,60,85,mmHg,84.0
502242,500282,500019,3025315,,2021-02-20,32856,85.9,,9529,45,90,kg,85.9
502243,500282,500019,3038553,,2021-02-20,32856,27.6,,9531,18.5,25,kg/m2,27.6
502244,500283,500019,3004410,,2021-05-15,32856,6.1,,8554,4,5.6,%,6.1
502245,500283,500019,3004501,,2021-05-15,32856,80,,8840,70,99,mg/dL,80.0
502246,500283,500019,3004249,,2021-05-15,32856,112,,8876,90,130,mmHg,112.0
502247,500283,500019,3012888,,2021-05-15,32856,65,,8876,60,85,mmHg,65.0
502248,500283,500019,3025315,,2021-05-15,32856,85.1,,9529,45,90,kg,85.1
502249,500283,500019,3038553,,2021-05-15,32856,27.3,,9531,18.5,25,kg/m2,27.3
502250,500283,500019,3022192,,2021-05-15,32856,188.7,,8840,0,150,mg/dL,188.7
502251,500283,500019,3007070,,2021-05-15,32856,37.5,,8840,40,60,mg/dL,37.5
502252,500283,500019,3028437,,2021-05-15,32856,116.9,,8840,0,130,mg/dL,116.9
502253,500283,500019,3013721,,2021-05-15,32856,27,,8645,0,40,U/L,27.0
502254,500283,500019,3006923,,2021-05-15,32856,6,,8645,0,40,U/L,6.0
502255,500283,500019,3016723,,2021-05-15,32856,0.94,,8840,0.6,1.2,mg/dL,0.94
502256,500283,500019,3049187,,2021-05-15,32856,86,,9550,90,130,mL/min/1.73m2,86.0
502257,500284,500019,3004410,,2021-08-14,32856,7.1,,8554,4,5.6,%,7.1
502258,500284,500019,3004501,,2021-08-14,32856,119,,8840,70,99,mg/dL,119.0
502259,500284,500019,3004249,,2021-08-14,32856,107,,8876,90,130,mmHg,107.0
502260,500284,500019,3012888,,2021-08-14,32856,59,,8876,60,85,mmHg,59.0
502261,500284,500019,3025315,,2021-08-14,32856,83.6,,9529,45,90,kg,83.6
502262,500284,500019,3038553,,2021-08-14,32856,26.8,,9531,18.5,25,kg/m2,26.8
502263,500285,500019,3004410,,2021-11-20,32856,6.4,,8554,4,5.6,%,6.4
502264,500285,500019,3004501,,2021-11-20,32856,122,,8840,70,99,mg/dL,122.0
502265,500285,500019,3004249,,2021-11-20,32856,140,,8876,90,130,mmHg,140.0
502266,500285,500019,3012888,,2021-11-20,32856,92,,8876,60,85,mmHg,92.0
502267,500285,500019,3025315,,2021-11-20,32856,83.7,,9529,45,90,kg,83.7
502268,500285,500019,3038553,,2021-11-20,32856,26.9,,9531,18.5,25,kg/m2,26.9
502269,500286,500019,3004410,,2022-02-26,32856,7,,8554,4,5.6,%,7.0
502270,500286,500019,3004501,,2022-02-26,32856,140,,8840,70,99,mg/dL,140.0
502271,500286,500019,3004249,,2022-02-26,32856,117,,8876,90,130,mmHg,117.0
502272,500286,500019,3012888,,2022-02-26,32856,71,,8876,60,85,mmHg,71.0
502273,500286,500019,3025315,,2022-02-26,32856,83.6,,9529,45,90,kg,83.6
502274,500286,500019,3038553,,2022-02-26,32856,26.8,,9531,18.5,25,kg/m2,26.8
502275,500287,500019,3004410,,2022-05-30,32856,6.8,,8554,4,5.6,%,6.8
502276,500287,500019,3004501,,2022-05-30,32856,127,,8840,70,99,mg/dL,127.0
502277,500287,500019,3004249,,2022-05-30,32856,113,,8876,90,130,mmHg,113.0
502278,500287,500019,3012888,,2022-05-30,32856,71,,8876,60,85,mmHg,71.0
502279,500287,500019,3025315,,2022-05-30,32856,82.1,,9529,45,90,kg,82.1
502280,500287,500019,3038553,,2022-05-30,32856,26.4,,9531,18.5,25,kg/m2,26.4
502281,500287,500019,3022192,,2022-05-30,32856,63.2,,8840,0,150,mg/dL,63.2
502282,500287,500019,3007070,,2022-05-30,32856,36.4,,8840,40,60,mg/dL,36.4
502283,500287,500019,3028437,,2022-05-30,32856,112,,8840,0,130,mg/dL,112.0
502284,500287,500019,3013721,,2022-05-30,32856,28.4,,8645,0,40,U/L,28.4
502285,500287,500019,3006923,,2022-05-30,32856,36.4,,8645,0,40,U/L,36.4
502286,500287,500019,3016723,,2022-05-30,32856,1.18,,8840,0.6,1.2,mg/dL,1.18
502287,500287,500019,3049187,,2022-05-30,32856,65,,9550,90,130,mL/min/1.73m2,65.0
502288,500288,500019,3004410,,2022-08-24,32856,6.6,,8554,4,5.6,%,6.6
502289,500288,500019,3004501,,2022-08-24,32856,108,,8840,70,99,mg/dL,108.0
502290,500288,500019,3004249,,2022-08-24,32856,121,,8876,90,130,mmHg,121.0
502291,500288,500019,3012888,,2022-08-24,32856,90,,8876,60,85,mmHg,90.0
502292,500288,500019,3025315,,2022-08-24,32856,81.8,,9529,45,90,kg,81.8
502293,500288,500019,3038553,,2022-08-24,32856,26.3,,9531,18.5,25,kg/m2,26.3
502294,500289,500019,3004410,,2022-11-16,32856,7,,8554,4,5.6,%,7.0
502295,500289,500019,3004501,,2022-11-16,32856,144,,8840,70,99,mg/dL,144.0
502296,500289,500019,3004249,,2022-11-16,32856,112,,8876,90,130,mmHg,112.0
502297,500289,500019,3012888,,2022-11-16,32856,71,,8876,60,85,mmHg,71.0
502298,500289,500019,3025315,,2022-11-16,32856,80.6,,9529,45,90,kg,80.6
502299,500289,500019,3038553,,2022-11-16,32856,25.9,,9531,18.5,25,kg/m2,25.9
502300,500290,500019,3004410,,2023-02-17,32856,6.3,,8554,4,5.6,%,6.3
502301,500290,500019,3004501,,2023-02-17,32856,120,,8840,70,99,mg/dL,120.0
502302,500290,500019,3004249,,2023-02-17,32856,115,,8876,90,130,mmHg,115.0
502303,500290,500019,3012888,,2023-02-17,32856,66,,8876,60,85,mmHg,66.0
502304,500290,500019,3025315,,2023-02-17,32856,79.4,,9529,45,90,kg,79.4
502305,500290,500019,3038553,,2023-02-17,32856,25.5,,9531,18.5,25,kg/m2,25.5
502306,500291,500019,3004410,,2023-05-20,32856,5.9,,8554,4,5.6,%,5.9
502307,500291,500019,3004501,,2023-05-20,32856,115,,8840,70,99,mg/dL,115.0
502308,500291,500019,3004249,,2023-05-20,32856,137,,8876,90,130,mmHg,137.0
502309,500291,500019,3012888,,2023-05-20,32856,57,,8876,60,85,mmHg,57.0
502310,500291,500019,3025315,,2023-05-20,32856,80,,9529,45,90,kg,80.0
502311,500291,500019,3038553,,2023-05-20,32856,25.7,,9531,18.5,25,kg/m2,25.7
502312,500291,500019,3022192,,2023-05-20,32856,47.1,,8840,0,150,mg/dL,47.1
502313,500291,500019,3007070,,2023-05-20,32856,27.9,,8840,40,60,mg/dL,27.9
502314,500291,500019,3028437,,2023-05-20,32856,95.7,,8840,0,130,mg/dL,95.7
502315,500291,500019,3013721,,2023-05-20,32856,41.6,,8645,0,40,U/L,41.6
502316,500291,500019,3006923,,2023-05-20,32856,28.9,,8645,0,40,U/L,28.9
502317,500291,500019,3016723,,2023-05-20,32856,0.63,,8840,0.6,1.2,mg/dL,0.63
502318,500291,500019,3049187,,2023-05-20,32856,100,,9550,90,130,mL/min/1.73m2,100.0
502319,500292,500019,3004410,,2023-08-25,32856,6.2,,8554,4,5.6,%,6.2
502320,500292,500019,3004501,,2023-08-25,32856,138,,8840,70,99,mg/dL,138.0
502321,500292,500019,3004249,,2023-08-25,32856,131,,8876,90,130,mmHg,131.0
502322,500292,500019,3012888,,2023-08-25,32856,79,,8876,60,85,mmHg,79.0
502323,500292,500019,3025315,,2023-08-25,32856,81.6,,9529,45,90,kg,81.6
502324,500292,500019,3038553,,2023-08-25,32856,26.2,,9531,18.5,25,kg/m2,26.2
502325,500293,500019,3004410,,2023-11-20,32856,6.1,,8554,4,5.6,%,6.1
502326,500293,500019,3004501,,2023-11-20,32856,88,,8840,70,99,mg/dL,88.0
502327,500293,500019,3004249,,2023-11-20,32856,114,,8876,90,130,mmHg,114.0
502328,500293,500019,3012888,,2023-11-20,32856,79,,8876,60,85,mmHg,79.0
502329,500293,500019,3025315,,2023-11-20,32856,80,,9529,45,90,kg,80.0
502330,500293,500019,3038553,,2023-11-20,32856,25.7,,9531,18.5,25,kg/m2,25.7
502331,500294,500019,3004410,,2024-02-12,32856,6.9,,8554,4,5.6,%,6.9
502332,500294,500019,3004501,,2024-02-12,32856,133,,8840,70,99,mg/dL,133.0
502333,500294,500019,3004249,,2024-02-12,32856,144,,8876,90,130,mmHg,144.0
502334,500294,500019,3012888,,2024-02-12,32856,68,,8876,60,85,mmHg,68.0
502335,500294,500019,3025315,,2024-02-12,32856,79.2,,9529,45,90,kg,79.2
502336,500294,500019,3038553,,2024-02-12,32856,25.4,,9531,18.5,25,kg/m2,25.4
502337,500295,500019,3004410,,2024-05-10,32856,6.3,,8554,4,5.6,%,6.3
502338,500295,500019,3004501,,2024-05-10,32856,119,,8840,70,99,mg/dL,119.0
502339,500295,500019,3004249,,2024-05-10,32856,141,,8876,90,130,mmHg,141.0
502340,500295,500019,3012888,,2024-05-10,32856,65,,8876,60,85,mmHg,65.0
502341,500295,500019,3025315,,2024-05-10,32856,79.8,,9529,45,90,kg,79.8
502342,500295,500019,3038553,,2024-05-10,32856,25.6,,9531,18.5,25,kg/m2,25.6
502343,500295,500019,3022192,,2024-05-10,32856,248.8,,8840,0,150,mg/dL,248.8
502344,500295,500019,3007070,,2024-05-10,32856,50.6,,8840,40,60,mg/dL,50.6
502345,500295,500019,3028437,,2024-05-10,32856,89.2,,8840,0,130,mg/dL,89.2
502346,500295,500019,3013721,,2024-05-10,32856,47.9,,8645,0,40,U/L,47.9
502347,500295,500019,3006923,,2024-05-10,32856,24.1,,8645,0,40,U/L,24.1
502348,500295,500019,3016723,,2024-05-10,32856,0.66,,8840,0.6,1.2,mg/dL,0.66
502349,500295,500019,3049187,,2024-05-10,32856,98,,9550,90,130,mL/min/1.73m2,98.0
502350,500296,500019,3004410,,2024-08-02,32856,6.2,,8554,4,5.6,%,6.2
502351,500296,500019,3004501,,2024-08-02,32856,131,,8840,70,99,mg/dL,131.0
502352,500296,500019,3004249,,2024-08-02,32856,129,,8876,90,130,mmHg,129.0
502353,500296,500019,3012888,,2024-08-02,32856,93,,8876,60,85,mmHg,93.0
502354,500296,500019,3025315,,2024-08-02,32856,78.1,,9529,45,90,kg,78.1
502355,500296,500019,3038553,,2024-08-02,32856,25.1,,9531,18.5,25,kg/m2,25.1
502356,500297,500019,3004410,,2024-11-04,32856,6.3,,8554,4,5.6,%,6.3
502357,500297,500019,3004501,,2024-11-04,32856,108,,8840,70,99,mg/dL,108.0
502358,500297,500019,3004249,,2024-11-04,32856,143,,8876,90,130,mmHg,143.0
502359,500297,500019,3012888,,2024-11-04,32856,91,,8876,60,85,mmHg,91.0
502360,500297,500019,3025315,,2024-11-04,32856,78.3,,9529,45,90,kg,78.3
502361,500297,500019,3038553,,2024-11-04,32856,25.1,,9531,18.5,25,kg/m2,25.1
502362,500298,500020,3036277,,2022-12-03,32856,156.3,,8582,150,185,cm,156.3
502363,500298,500020,3004410,,2022-12-03,32856,8.7,,8554,4,5.6,%,8.7
502364,500298,500020,3004501,,2022-12-03,32856,165,,8840,70,99,mg/dL,165.0
502365,500298,500020,3004249,,2022-12-03,32856,122,,8876,90,130,mmHg,122.0
502366,500298,500020,3012888,,2022-12-03,32856,79,,8876,60,85,mmHg,79.0
502367,500298,500020,3025315,,2022-12-03,32856,70.4,,9529,45,90,kg,70.4
502368,500298,500020,3038553,,2022-12-03,32856,28.8,,9531,18.5,25,kg/m2,28.8
502369,500298,500020,3022192,,2022-12-03,32856,156,,8840,0,150,mg/dL,156.0
502370,500298,500020,3007070,,2022-12-03,32856,39,,8840,40,60,mg/dL,39.0
502371,500298,500020,3028437,,2022-12-03,32856,123.6,,8840,0,130,mg/dL,123.6
502372,500298,500020,3013721,,2022-12-03,32856,30.9,,8645,0,40,U/L,30.9
502373,500298,500020,3006923,,2022-12-03,32856,25.4,,8645,0,40,U/L,25.4
502374,500298,500020,3016723,,2022-12-03,32856,0.58,,8840,0.6,1.2,mg/dL,0.58
502375,500298,500020,3049187,,2022-12-03,32856,105,,9550,90,130,mL/min/1.73m2,105.0
502376,500299,500020,3004410,,2023-03-05,32856,8.3,,8554,4,5.6,%,8.3
502377,500299,500020,3004501,,2023-03-05,32856,163,,8840,70,99,mg/dL,163.0
502378,500299,500020,3004249,,2023-03-05,32856,131,,8876,90,130,mmHg,131.0
502379,500299,500020,3012888,,2023-03-05,32856,92,,8876,60,85,mmHg,92.0
502380,500299,500020,3025315,,2023-03-05,32856,71.6,,9529,45,90,kg,71.6
502381,500299,500020,3038553,,2023-03-05,32856,29.3,,9531,18.5,25,kg/m2,29.3
502382,500300,500020,3004410,,2023-06-02,32856,7.2,,8554,4,5.6,%,7.2
502383,500300,500020,3004501,,2023-06-02,32856,173,,8840,70,99,mg/dL,173.0
502384,500300,500020,3004249,,2023-06-02,32856,145,,8876,90,130,mmHg,145.0
502385,500300,500020,3012888,,2023-06-02,32856,79,,8876,60,85,mmHg,79.0
502386,500300,500020,3025315,,2023-06-02,32856,70.3,,9529,45,90,kg,70.3
502387,500300,500020,3038553,,2023-06-02,32856,28.8,,9531,18.5,25,kg/m2,28.8
502388,500301,500020,3004410,,2023-08-28,32856,7.2,,8554,4,5.6,%,7.2
502389,500301,500020,3004501,,2023-08-28,32856,152,,8840,70,99,mg/dL,152.0
502390,500301,500020,3004249,,2023-08-28,32856,127,,8876,90,130,mmHg,127.0
502391,500301,500020,3012888,,2023-08-28,32856,90,,8876,60,85,mmHg,90.0
502392,500301,500020,3025315,,2023-08-28,32856,69.1,,9529,45,90,kg,69.1
502393,500301,500020,3038553,,2023-08-28,32856,28.3,,9531,18.5,25,kg/m2,28.3
502394,500302,500020,3004501,,2023-09-28,32856,51,,8840,70,99,mg/dL,51.0
502395,500303,500020,3004410,,2023-11-20,32856,6.5,,8554,4,5.6,%,6.5
502396,500303,500020,3004501,,2023-11-20,32856,114,,8840,70,99,mg/dL,114.0
502397,500303,500020,3004249,,2023-11-20,32856,153,,8876,90,130,mmHg,153.0
502398,500303,500020,3012888,,2023-11-20,32856,83,,8876,60,85,mmHg,83.0
502399,500303,500020,3025315,,2023-11-20,32856,69.5,,9529,45,90,kg,69.5
502400,500303,500020,3038553,,2023-11-20,32856,28.4,,9531,18.5,25,kg/m2,28.4
502401,500303,500020,3022192,,2023-11-20,32856,105.1,,8840,0,150,mg/dL,105.1
502402,500303,500020,3007070,,2023-11-20,32856,60.3,,8840,40,60,mg/dL,60.3
502403,500303,500020,3028437,,2023-11-20,32856,116.2,,8840,0,130,mg/dL,116.2
502404,500303,500020,3013721,,2023-11-20,32856,73,,8645,0,40,U/L,73.0
502405,500303,500020,3006923,,2023-11-20,32856,49.6,,8645,0,40,U/L,49.6
502406,500303,500020,3016723,,2023-11-20,32856,1.07,,8840,0.6,1.2,mg/dL,1.07
502407,500303,500020,3049187,,2023-11-20,32856,60,,9550,90,130,mL/min/1.73m2,60.0
502408,500304,500020,3004410,,2024-02-22,32856,6.6,,8554,4,5.6,%,6.6
502409,500304,500020,3004501,,2024-02-22,32856,115,,8840,70,99,mg/dL,115.0
502410,500304,500020,3004249,,2024-02-22,32856,135,,8876,90,130,mmHg,135.0
502411,500304,500020,3012888,,2024-02-22,32856,97,,8876,60,85,mmHg,97.0
502412,500304,500020,3025315,,2024-02-22,32856,68.1,,9529,45,90,kg,68.1
502413,500304,500020,3038553,,2024-02-22,32856,27.9,,9531,18.5,25,kg/m2,27.9
502414,500305,500020,3004410,,2024-05-20,32856,6.9,,8554,4,5.6,%,6.9
502415,500305,500020,3004501,,2024-05-20,32856,97,,8840,70,99,mg/dL,97.0
502416,500305,500020,3004249,,2024-05-20,32856,146,,8876,90,130,mmHg,146.0
502417,500305,500020,3012888,,2024-05-20,32856,96,,8876,60,85,mmHg,96.0
502418,500305,500020,3025315,,2024-05-20,32856,68.9,,9529,45,90,kg,68.9
502419,500305,500020,3038553,,2024-05-20,32856,28.2,,9531,18.5,25,kg/m2,28.2
502420,500306,500020,3004410,,2024-08-14,32856,7.3,,8554,4,5.6,%,7.3
502421,500306,500020,3004501,,2024-08-14,32856,129,,8840,70,99,mg/dL,129.0
502422,500306,500020,3004249,,2024-08-14,32856,153,,8876,90,130,mmHg,153.0
502423,500306,500020,3012888,,2024-08-14,32856,82,,8876,60,85,mmHg,82.0
502424,500306,500020,3025315,,2024-08-14,32856,68.4,,9529,45,90,kg,68.4
502425,500306,500020,3038553,,2024-08-14,32856,28,,9531,18.5,25,kg/m2,28.0
502426,500307,500020,3004410,,2024-11-16,32856,6.6,,8554,4,5.6,%,6.6
502427,500307,500020,3004501,,2024-11-16,32856,135,,8840,70,99,mg/dL,135.0
502428,500307,500020,3004249,,2024-11-16,32856,151,,8876,90,130,mmHg,151.0
502429,500307,500020,3012888,,2024-11-16,32856,86,,8876,60,85,mmHg,86.0
502430,500307,500020,3025315,,2024-11-16,32856,69.9,,9529,45,90,kg,69.9
502431,500307,500020,3038553,,2024-11-16,32856,28.6,,9531,18.5,25,kg/m2,28.6
502432,500307,500020,3022192,,2024-11-16,32856,175.1,,8840,0,150,mg/dL,175.1
502433,500307,500020,3007070,,2024-11-16,32856,55,,8840,40,60,mg/dL,55.0
502434,500307,500020,3028437,,2024-11-16,32856,99,,8840,0,130,mg/dL,99.0
502435,500307,500020,3013721,,2024-11-16,32856,41.5,,8645,0,40,U/L,41.5
502436,500307,500020,3006923,,2024-11-16,32856,59.2,,8645,0,40,U/L,59.2
502437,500307,500020,3016723,,2024-11-16,32856,1.02,,8840,0.6,1.2,mg/dL,1.02
502438,500307,500020,3049187,,2024-11-16,32856,63,,9550,90,130,mL/min/1.73m2,63.0
502439,500308,500020,3004410,,2025-02-10,32856,6.7,,8554,4,5.6,%,6.7
502440,500308,500020,3004501,,2025-02-10,32856,102,,8840,70,99,mg/dL,102.0
502441,500308,500020,3004249,,2025-02-10,32856,129,,8876,90,130,mmHg,129.0
502442,500308,500020,3012888,,2025-02-10,32856,91,,8876,60,85,mmHg,91.0
502443,500308,500020,3025315,,2025-02-10,32856,69.7,,9529,45,90,kg,69.7
502444,500308,500020,3038553,,2025-02-10,32856,28.5,,9531,18.5,25,kg/m2,28.5
502445,500309,500020,3004410,,2025-05-05,32856,7.3,,8554,4,5.6,%,7.3
502446,500309,500020,3004501,,2025-05-05,32856,152,,8840,70,99,mg/dL,152.0
502447,500309,500020,3004249,,2025-05-05,32856,136,,8876,90,130,mmHg,136.0
502448,500309,500020,3012888,,2025-05-05,32856,64,,8876,60,85,mmHg,64.0
502449,500309,500020,3025315,,2025-05-05,32856,70.1,,9529,45,90,kg,70.1
502450,500309,500020,3038553,,2025-05-05,32856,28.7,,9531,18.5,25,kg/m2,28.7
502451,500310,500020,3004410,,2025-08-08,32856,7.8,,8554,4,5.6,%,7.8
502452,500310,500020,3004501,,2025-08-08,32856,171,,8840,70,99,mg/dL,171.0
502453,500310,500020,3004249,,2025-08-08,32856,130,,8876,90,130,mmHg,130.0
502454,500310,500020,3012888,,2025-08-08,32856,79,,8876,60,85,mmHg,79.0
502455,500310,500020,3025315,,2025-08-08,32856,70.5,,9529,45,90,kg,70.5
502456,500310,500020,3038553,,2025-08-08,32856,28.9,,9531,18.5,25,kg/m2,28.9
502457,500311,500020,3004410,,2025-11-09,32856,7.3,,8554,4,5.6,%,7.3
502458,500311,500020,3004501,,2025-11-09,32856,130,,8840,70,99,mg/dL,130.0
502459,500311,500020,3004249,,2025-11-09,32856,137,,8876,90,130,mmHg,137.0
502460,500311,500020,3012888,,2025-11-09,32856,79,,8876,60,85,mmHg,79.0
502461,500311,500020,3025315,,2025-11-09,32856,71.1,,9529,45,90,kg,71.1
502462,500311,500020,3038553,,2025-11-09,32856,29.1,,9531,18.5,25,kg/m2,29.1
502463,500311,500020,3022192,,2025-11-09,32856,197.4,,8840,0,150,mg/dL,197.4
502464,500311,500020,3007070,,2025-11-09,32856,43.8,,8840,40,60,mg/dL,43.8
502465,500311,500020,3028437,,2025-11-09,32856,89.6,,8840,0,130,mg/dL,89.6
502466,500311,500020,3013721,,2025-11-09,32856,63.5,,8645,0,40,U/L,63.5
502467,500311,500020,3006923,,2025-11-09,32856,59.8,,8645,0,40,U/L,59.8
502468,500311,500020,3016723,,2025-11-09,32856,0.87,,8840,0.6,1.2,mg/dL,0.87
502469,500311,500020,3049187,,2025-11-09,32856,76,,9550,90,130,mL/min/1.73m2,76.0
502470,500312,500020,3004410,,2026-02-04,32856,7.6,,8554,4,5.6,%,7.6
502471,500312,500020,3004501,,2026-02-04,32856,152,,8840,70,99,mg/dL,152.0
502472,500312,500020,3004249,,2026-02-04,32856,121,,8876,90,130,mmHg,121.0
502473,500312,500020,3012888,,2026-02-04,32856,100,,8876,60,85,mmHg,100.0
502474,500312,500020,3025315,,2026-02-04,32856,71.6,,9529,45,90,kg,71.6
502475,500312,500020,3038553,,2026-02-04,32856,29.3,,9531,18.5,25,kg/m2,29.3
502476,500313,500020,3004410,,2026-05-05,32856,7.5,,8554,4,5.6,%,7.5
502477,500313,500020,3004501,,2026-05-05,32856,131,,8840,70,99,mg/dL,131.0
502478,500313,500020,3004249,,2026-05-05,32856,140,,8876,90,130,mmHg,140.0
502479,500313,500020,3012888,,2026-05-05,32856,86,,8876,60,85,mmHg,86.0
502480,500313,500020,3025315,,2026-05-05,32856,71.2,,9529,45,90,kg,71.2
502481,500313,500020,3038553,,2026-05-05,32856,29.1,,9531,18.5,25,kg/m2,29.1
502482,500314,500020,3004410,,2026-08-11,32856,7.2,,8554,4,5.6,%,7.2
502483,500314,500020,3004501,,2026-08-11,32856,114,,8840,70,99,mg/dL,114.0
502484,500314,500020,3004249,,2026-08-11,32856,141,,8876,90,130,mmHg,141.0
502485,500314,500020,3012888,,2026-08-11,32856,91,,8876,60,85,mmHg,91.0
502486,500314,500020,3025315,,2026-08-11,32856,70,,9529,45,90,kg,70.0
502487,500314,500020,3038553,,2026-08-11,32856,28.7,,9531,18.5,25,kg/m2,28.7
502488,500315,500021,3036277,,2019-01-21,32856,156.3,,8582,150,185,cm,156.3
502489,500315,500021,3004410,,2019-01-21,32856,7.8,,8554,4,5.6,%,7.8
502490,500315,500021,3004501,,2019-01-21,32856,149,,8840,70,99,mg/dL,149.0
502491,500315,500021,3004249,,2019-01-21,32856,114,,8876,90,130,mmHg,114.0
502492,500315,500021,3012888,,2019-01-21,32856,90,,8876,60,85,mmHg,90.0
502493,500315,500021,3025315,,2019-01-21,32856,58.1,,9529,45,90,kg,58.1
502494,500315,500021,3038553,,2019-01-21,32856,23.8,,9531,18.5,25,kg/m2,23.8
502495,500315,500021,3022192,,2019-01-21,32856,307.3,,8840,0,150,mg/dL,307.3
502496,500315,500021,3007070,,2019-01-21,32856,45.2,,8840,40,60,mg/dL,45.2
502497,500315,500021,3028437,,2019-01-21,32856,69.3,,8840,0,130,mg/dL,69.3
502498,500315,500021,3013721,,2019-01-21,32856,29.8,,8645,0,40,U/L,29.8
502499,500315,500021,3006923,,2019-01-21,32856,29.3,,8645,0,40,U/L,29.3
502500,500315,500021,3016723,,2019-01-21,32856,0.96,,8840,0.6,1.2,mg/dL,0.96
502501,500315,500021,3049187,,2019-01-21,32856,62,,9550,90,130,mL/min/1.73m2,62.0
502502,500316,500021,3004410,,2019-04-26,32856,7.2,,8554,4,5.6,%,7.2
502503,500316,500021,3004501,,2019-04-26,32856,171,,8840,70,99,mg/dL,171.0
502504,500316,500021,3004249,,2019-04-26,32856,137,,8876,90,130,mmHg,137.0
502505,500316,500021,3012888,,2019-04-26,32856,82,,8876,60,85,mmHg,82.0
502506,500316,500021,3025315,,2019-04-26,32856,58.9,,9529,45,90,kg,58.9
502507,500316,500021,3038553,,2019-04-26,32856,24.1,,9531,18.5,25,kg/m2,24.1
502508,500317,500021,3004410,,2019-07-29,32856,6.9,,8554,4,5.6,%,6.9
502509,500317,500021,3004501,,2019-07-29,32856,140,,8840,70,99,mg/dL,140.0
502510,500317,500021,3004249,,2019-07-29,32856,102,,8876,90,130,mmHg,102.0
502511,500317,500021,3012888,,2019-07-29,32856,83,,8876,60,85,mmHg,83.0
502512,500317,500021,3025315,,2019-07-29,32856,59.7,,9529,45,90,kg,59.7
502513,500317,500021,3038553,,2019-07-29,32856,24.4,,9531,18.5,25,kg/m2,24.4
502514,500318,500021,3004410,,2019-10-27,32856,7.1,,8554,4,5.6,%,7.1
502515,500318,500021,3004501,,2019-10-27,32856,123,,8840,70,99,mg/dL,123.0
502516,500318,500021,3004249,,2019-10-27,32856,125,,8876,90,130,mmHg,125.0
502517,500318,500021,3012888,,2019-10-27,32856,76,,8876,60,85,mmHg,76.0
502518,500318,500021,3025315,,2019-10-27,32856,58.4,,9529,45,90,kg,58.4
502519,500318,500021,3038553,,2019-10-27,32856,23.9,,9531,18.5,25,kg/m2,23.9
502520,500319,500021,3004410,,2020-01-26,32856,6.9,,8554,4,5.6,%,6.9
502521,500319,500021,3004501,,2020-01-26,32856,134,,8840,70,99,mg/dL,134.0
502522,500319,500021,3004249,,2020-01-26,32856,128,,8876,90,130,mmHg,128.0
502523,500319,500021,3012888,,2020-01-26,32856,83,,8876,60,85,mmHg,83.0
502524,500319,500021,3025315,,2020-01-26,32856,59.6,,9529,45,90,kg,59.6
502525,500319,500021,3038553,,2020-01-26,32856,24.4,,9531,18.5,25,kg/m2,24.4
502526,500319,500021,3022192,,2020-01-26,32856,111.4,,8840,0,150,mg/dL,111.4
502527,500319,500021,3007070,,2020-01-26,32856,41,,8840,40,60,mg/dL,41.0
502528,500319,500021,3028437,,2020-01-26,32856,118.2,,8840,0,130,mg/dL,118.2
502529,500319,500021,3013721,,2020-01-26,32856,57.3,,8645,0,40,U/L,57.3
502530,500319,500021,3006923,,2020-01-26,32856,18,,8645,0,40,U/L,18.0
502531,500319,500021,3016723,,2020-01-26,32856,1.25,,8840,0.6,1.2,mg/dL,1.25
502532,500319,500021,3049187,,2020-01-26,32856,45,,9550,90,130,mL/min/1.73m2,45.0
502533,500320,500021,3004410,,2020-04-20,32856,6.8,,8554,4,5.6,%,6.8
502534,500320,500021,3004501,,2020-04-20,32856,115,,8840,70,99,mg/dL,115.0
502535,500320,500021,3004249,,2020-04-20,32856,129,,8876,90,130,mmHg,129.0
502536,500320,500021,3012888,,2020-04-20,32856,64,,8876,60,85,mmHg,64.0
502537,500320,500021,3025315,,2020-04-20,32856,60.5,,9529,45,90,kg,60.5
502538,500320,500021,3038553,,2020-04-20,32856,24.8,,9531,18.5,25,kg/m2,24.8
502539,500321,500021,3004410,,2020-07-13,32856,6.4,,8554,4,5.6,%,6.4
502540,500321,500021,3004501,,2020-07-13,32856,119,,8840,70,99,mg/dL,119.0
502541,500321,500021,3004249,,2020-07-13,32856,132,,8876,90,130,mmHg,132.0
502542,500321,500021,3012888,,2020-07-13,32856,80,,8876,60,85,mmHg,80.0
502543,500321,500021,3025315,,2020-07-13,32856,59.3,,9529,45,90,kg,59.3
502544,500321,500021,3038553,,2020-07-13,32856,24.3,,9531,18.5,25,kg/m2,24.3
502545,500322,500021,3004410,,2020-10-10,32856,7,,8554,4,5.6,%,7.0
502546,500322,500021,3004501,,2020-10-10,32856,134,,8840,70,99,mg/dL,134.0
502547,500322,500021,3004249,,2020-10-10,32856,134,,8876,90,130,mmHg,134.0
502548,500322,500021,3012888,,2020-10-10,32856,77,,8876,60,85,mmHg,77.0
502549,500322,500021,3025315,,2020-10-10,32856,58.8,,9529,45,90,kg,58.8
502550,500322,500021,3038553,,2020-10-10,32856,24.1,,9531,18.5,25,kg/m2,24.1
502551,500323,500021,3004410,,2021-01-02,32856,6.9,,8554,4,5.6,%,6.9
502552,500323,500021,3004501,,2021-01-02,32856,134,,8840,70,99,mg/dL,134.0
502553,500323,500021,3004249,,2021-01-02,32856,131,,8876,90,130,mmHg,131.0
502554,500323,500021,3012888,,2021-01-02,32856,77,,8876,60,85,mmHg,77.0
502555,500323,500021,3025315,,2021-01-02,32856,58,,9529,45,90,kg,58.0
502556,500323,500021,3038553,,2021-01-02,32856,23.7,,9531,18.5,25,kg/m2,23.7
502557,500323,500021,3022192,,2021-01-02,32856,174.4,,8840,0,150,mg/dL,174.4
502558,500323,500021,3007070,,2021-01-02,32856,45.9,,8840,40,60,mg/dL,45.9
502559,500323,500021,3028437,,2021-01-02,32856,124.3,,8840,0,130,mg/dL,124.3
502560,500323,500021,3013721,,2021-01-02,32856,68,,8645,0,40,U/L,68.0
502561,500323,500021,3006923,,2021-01-02,32856,28.3,,8645,0,40,U/L,28.3
502562,500323,500021,3016723,,2021-01-02,32856,1.09,,8840,0.6,1.2,mg/dL,1.09
502563,500323,500021,3049187,,2021-01-02,32856,53,,9550,90,130,mL/min/1.73m2,53.0
502564,500324,500021,3004410,,2021-04-06,32856,7.3,,8554,4,5.6,%,7.3
502565,500324,500021,3004501,,2021-04-06,32856,136,,8840,70,99,mg/dL,136.0
502566,500324,500021,3004249,,2021-04-06,32856,127,,8876,90,130,mmHg,127.0
502567,500324,500021,3012888,,2021-04-06,32856,82,,8876,60,85,mmHg,82.0
502568,500324,500021,3025315,,2021-04-06,32856,58.2,,9529,45,90,kg,58.2
502569,500324,500021,3038553,,2021-04-06,32856,23.8,,9531,18.5,25,kg/m2,23.8
502570,500325,500021,3004410,,2021-07-08,32856,6.8,,8554,4,5.6,%,6.8
502571,500325,500021,3004501,,2021-07-08,32856,110,,8840,70,99,mg/dL,110.0
502572,500325,500021,3004249,,2021-07-08,32856,112,,8876,90,130,mmHg,112.0
502573,500325,500021,3012888,,2021-07-08,32856,71,,8876,60,85,mmHg,71.0
502574,500325,500021,3025315,,2021-07-08,32856,60.2,,9529,45,90,kg,60.2
502575,500325,500021,3038553,,2021-07-08,32856,24.6,,9531,18.5,25,kg/m2,24.6
502576,500326,500021,3004410,,2021-10-14,32856,7.5,,8554,4,5.6,%,7.5
502577,500326,500021,3004501,,2021-10-14,32856,153,,8840,70,99,mg/dL,153.0
502578,500326,500021,3004249,,2021-10-14,32856,114,,8876,90,130,mmHg,114.0
502579,500326,500021,3012888,,2021-10-14,32856,72,,8876,60,85,mmHg,72.0
502580,500326,500021,3025315,,2021-10-14,32856,58.7,,9529,45,90,kg,58.7
502581,500326,500021,3038553,,2021-10-14,32856,24,,9531,18.5,25,kg/m2,24.0
502582,500327,500021,3004410,,2022-01-17,32856,7.4,,8554,4,5.6,%,7.4
502583,500327,500021,3004501,,2022-01-17,32856,141,,8840,70,99,mg/dL,141.0
502584,500327,500021,3004249,,2022-01-17,32856,121,,8876,90,130,mmHg,121.0
502585,500327,500021,3012888,,2022-01-17,32856,84,,8876,60,85,mmHg,84.0
502586,500327,500021,3025315,,2022-01-17,32856,58.8,,9529,45,90,kg,58.8
502587,500327,500021,3038553,,2022-01-17,32856,24.1,,9531,18.5,25,kg/m2,24.1
502588,500327,500021,3022192,,2022-01-17,32856,220.4,,8840,0,150,mg/dL,220.4
502589,500327,500021,3007070,,2022-01-17,32856,50.9,,8840,40,60,mg/dL,50.9
502590,500327,500021,3028437,,2022-01-17,32856,132.9,,8840,0,130,mg/dL,132.9
502591,500327,500021,3013721,,2022-01-17,32856,41.5,,8645,0,40,U/L,41.5
502592,500327,500021,3006923,,2022-01-17,32856,62,,8645,0,40,U/L,62.0
502593,500327,500021,3016723,,2022-01-17,32856,1.11,,8840,0.6,1.2,mg/dL,1.11
502594,500327,500021,3049187,,2022-01-17,32856,52,,9550,90,130,mL/min/1.73m2,52.0
502595,500328,500022,3036277,,2023-11-20,32856,169.7,,8582,150,185,cm,169.7
502596,500328,500022,3004410,,2023-11-20,32856,7.7,,8554,4,5.6,%,7.7
502597,500328,500022,3004501,,2023-11-20,32856,126,,8840,70,99,mg/dL,126
502598,500328,500022,3004249,,2023-11-20,32856,131,,8876,90,130,mmHg,131.0
502599,500328,500022,3012888,,2023-11-20,32856,67,,8876,60,85,mmHg,67.0
502600,500328,500022,3025315,,2023-11-20,32856,72.9,,9529,45,90,kg,72.9
502601,500328,500022,3038553,,2023-11-20,32856,25.3,,9531,18.5,25,kg/m2,25.3
502602,500328,500022,3022192,,2023-11-20,32856,44.4,,8840,0,150,mg/dL,44.4
502603,500328,500022,3007070,,2023-11-20,32856,60.2,,8840,40,60,mg/dL,60.2
502604,500328,500022,3028437,,2023-11-20,32856,135.9,,8840,0,130,mg/dL,135.9
502605,500328,500022,3013721,,2023-11-20,32856,8,,8645,0,40,U/L,8.0
502606,500328,500022,3006923,,2023-11-20,32856,14.3,,8645,0,40,U/L,14.3
502607,500328,500022,3016723,,2023-11-20,32856,0.5,,8840,0.6,1.2,mg/dL,0.5
502608,500328,500022,3049187,,2023-11-20,32856,105,,9550,90,130,mL/min/1.73m2,105.0
502609,500329,500022,3004410,,2024-02-17,32856,7.4,,8554,4,5.6,%,7.4
502610,500329,500022,3004501,,2024-02-17,32856,129,,8840,70,99,mg/dL,129.0
502611,500329,500022,3004249,,2024-02-17,32856,117,,8876,90,130,mmHg,117.0
502612,500329,500022,3012888,,2024-02-17,32856,89,,8876,60,85,mmHg,89.0
502613,500329,500022,3025315,,2024-02-17,32856,71.8,,9529,45,90,kg,71.8
502614,500329,500022,3038553,,2024-02-17,32856,24.9,,9531,18.5,25,kg/m2,24.9
502615,500330,500022,3004410,,2024-05-11,32856,6.6,,8554,4,5.6,%,6.6
502616,500330,500022,3004501,,2024-05-11,32856,125,,8840,70,99,mg/dL,125.0
502617,500330,500022,3004249,,2024-05-11,32856,134,,8876,90,130,mmHg,134.0
502618,500330,500022,3012888,,2024-05-11,32856,66,,8876,60,85,mmHg,66.0
502619,500330,500022,3025315,,2024-05-11,32856,71.8,,9529,45,90,kg,71.8
502620,500330,500022,3038553,,2024-05-11,32856,24.9,,9531,18.5,25,kg/m2,24.9
502621,500331,500022,3004410,,2024-08-05,32856,6.9,,8554,4,5.6,%,6.9
502622,500331,500022,3004501,,2024-08-05,32856,152,,8840,70,99,mg/dL,152.0
502623,500331,500022,3004249,,2024-08-05,32856,130,,8876,90,130,mmHg,130.0
502624,500331,500022,3012888,,2024-08-05,32856,70,,8876,60,85,mmHg,70.0
502625,500331,500022,3025315,,2024-08-05,32856,71.5,,9529,45,90,kg,71.5
502626,500331,500022,3038553,,2024-08-05,32856,24.8,,9531,18.5,25,kg/m2,24.8
502627,500332,500022,3004410,,2024-11-06,32856,7.3,,8554,4,5.6,%,7.3
502628,500332,500022,3004501,,2024-11-06,32856,130,,8840,70,99,mg/dL,130.0
502629,500332,500022,3004249,,2024-11-06,32856,108,,8876,90,130,mmHg,108.0
502630,500332,500022,3012888,,2024-11-06,32856,64,,8876,60,85,mmHg,64.0
502631,500332,500022,3025315,,2024-11-06,32856,72.5,,9529,45,90,kg,72.5
502632,500332,500022,3038553,,2024-11-06,32856,25.2,,9531,18.5,25,kg/m2,25.2
502633,500332,500022,3022192,,2024-11-06,32856,183,,8840,0,150,mg/dL,183.0
502634,500332,500022,3007070,,2024-11-06,32856,62.4,,8840,40,60,mg/dL,62.4
502635,500332,500022,3028437,,2024-11-06,32856,114.4,,8840,0,130,mg/dL,114.4
502636,500332,500022,3013721,,2024-11-06,32856,19.8,,8645,0,40,U/L,19.8
502637,500332,500022,3006923,,2024-11-06,32856,6.7,,8645,0,40,U/L,6.7
502638,500332,500022,3016723,,2024-11-06,32856,0.93,,8840,0.6,1.2,mg/dL,0.93
502639,500332,500022,3049187,,2024-11-06,32856,84,,9550,90,130,mL/min/1.73m2,84.0
502640,500333,500022,3004410,,2025-02-12,32856,7.2,,8554,4,5.6,%,7.2
502641,500333,500022,3004501,,2025-02-12,32856,164,,8840,70,99,mg/dL,164.0
502642,500333,500022,3004249,,2025-02-12,32856,128,,8876,90,130,mmHg,128.0
502643,500333,500022,3012888,,2025-02-12,32856,87,,8876,60,85,mmHg,87.0
502644,500333,500022,3025315,,2025-02-12,32856,72.9,,9529,45,90,kg,72.9
502645,500333,500022,3038553,,2025-02-12,32856,25.3,,9531,18.5,25,kg/m2,25.3
502646,500334,500022,3004410,,2025-05-08,32856,7.4,,8554,4,5.6,%,7.4
502647,500334,500022,3004501,,2025-05-08,32856,112,,8840,70,99,mg/dL,112.0
502648,500334,500022,3004249,,2025-05-08,32856,126,,8876,90,130,mmHg,126.0
502649,500334,500022,3012888,,2025-05-08,32856,79,,8876,60,85,mmHg,79.0
502650,500334,500022,3025315,,2025-05-08,32856,73.2,,9529,45,90,kg,73.2
502651,500334,500022,3038553,,2025-05-08,32856,25.4,,9531,18.5,25,kg/m2,25.4
502652,500335,500022,3004410,,2025-08-04,32856,6.8,,8554,4,5.6,%,6.8
502653,500335,500022,3004501,,2025-08-04,32856,99,,8840,70,99,mg/dL,99.0
502654,500335,500022,3004249,,2025-08-04,32856,129,,8876,90,130,mmHg,129.0
502655,500335,500022,3012888,,2025-08-04,32856,79,,8876,60,85,mmHg,79.0
502656,500335,500022,3025315,,2025-08-04,32856,73,,9529,45,90,kg,73.0
502657,500335,500022,3038553,,2025-08-04,32856,25.3,,9531,18.5,25,kg/m2,25.3
502658,500336,500022,3004410,,2025-11-10,32856,7.8,,8554,4,5.6,%,7.8
502659,500336,500022,3004501,,2025-11-10,32856,174,,8840,70,99,mg/dL,174.0
502660,500336,500022,3004249,,2025-11-10,32856,129,,8876,90,130,mmHg,129.0
502661,500336,500022,3012888,,2025-11-10,32856,64,,8876,60,85,mmHg,64.0
502662,500336,500022,3025315,,2025-11-10,32856,72.4,,9529,45,90,kg,72.4
502663,500336,500022,3038553,,2025-11-10,32856,25.1,,9531,18.5,25,kg/m2,25.1
502664,500336,500022,3022192,,2025-11-10,32856,230.3,,8840,0,150,mg/dL,230.3
502665,500336,500022,3007070,,2025-11-10,32856,37.7,,8840,40,60,mg/dL,37.7
502666,500336,500022,3028437,,2025-11-10,32856,115.6,,8840,0,130,mg/dL,115.6
502667,500336,500022,3013721,,2025-11-10,32856,24.2,,8645,0,40,U/L,24.2
502668,500336,500022,3006923,,2025-11-10,32856,50.9,,8645,0,40,U/L,50.9
502669,500336,500022,3016723,,2025-11-10,32856,0.9,,8840,0.6,1.2,mg/dL,0.9
502670,500336,500022,3049187,,2025-11-10,32856,87,,9550,90,130,mL/min/1.73m2,87.0
502671,500337,500022,3004410,,2026-02-11,32856,7,,8554,4,5.6,%,7.0
502672,500337,500022,3004501,,2026-02-11,32856,125,,8840,70,99,mg/dL,125.0
502673,500337,500022,3004249,,2026-02-11,32856,131,,8876,90,130,mmHg,131.0
502674,500337,500022,3012888,,2026-02-11,32856,82,,8876,60,85,mmHg,82.0
502675,500337,500022,3025315,,2026-02-11,32856,72.1,,9529,45,90,kg,72.1
502676,500337,500022,3038553,,2026-02-11,32856,25,,9531,18.5,25,kg/m2,25.0
502677,500338,500022,3004410,,2026-05-16,32856,7.1,,8554,4,5.6,%,7.1
502678,500338,500022,3004501,,2026-05-16,32856,113,,8840,70,99,mg/dL,113.0
502679,500338,500022,3004249,,2026-05-16,32856,116,,8876,90,130,mmHg,116.0
502680,500338,500022,3012888,,2026-05-16,32856,80,,8876,60,85,mmHg,80.0
502681,500338,500022,3025315,,2026-05-16,32856,70.6,,9529,45,90,kg,70.6
502682,500338,500022,3038553,,2026-05-16,32856,24.5,,9531,18.5,25,kg/m2,24.5
502683,500339,500022,3004410,,2026-08-21,32856,6.5,,8554,4,5.6,%,6.5
502684,500339,500022,3004501,,2026-08-21,32856,128,,8840,70,99,mg/dL,128.0
502685,500339,500022,3004249,,2026-08-21,32856,115,,8876,90,130,mmHg,115.0
502686,500339,500022,3012888,,2026-08-21,32856,66,,8876,60,85,mmHg,66.0
502687,500339,500022,3025315,,2026-08-21,32856,69.7,,9529,45,90,kg,69.7
502688,500339,500022,3038553,,2026-08-21,32856,24.2,,9531,18.5,25,kg/m2,24.2
502689,500340,500023,3036277,,2022-01-10,32856,158,,8582,150,185,cm,158.0
502690,500340,500023,3004410,,2022-01-10,32856,6.5,,8554,4,5.6,%,6.5
502691,500340,500023,3004501,,2022-01-10,32856,126,,8840,70,99,mg/dL,126
502692,500340,500023,3004249,,2022-01-10,32856,129,,8876,90,130,mmHg,129.0
502693,500340,500023,3012888,,2022-01-10,32856,92,,8876,60,85,mmHg,92.0
502694,500340,500023,3025315,,2022-01-10,32856,67.4,,9529,45,90,kg,67.4
502695,500340,500023,3038553,,2022-01-10,32856,27,,9531,18.5,25,kg/m2,27.0
502696,500340,500023,3022192,,2022-01-10,32856,174.2,,8840,0,150,mg/dL,174.2
502697,500340,500023,3007070,,2022-01-10,32856,37.1,,8840,40,60,mg/dL,37.1
502698,500340,500023,3028437,,2022-01-10,32856,149.8,,8840,0,130,mg/dL,149.8
502699,500340,500023,3013721,,2022-01-10,32856,20.3,,8645,0,40,U/L,20.3
502700,500340,500023,3006923,,2022-01-10,32856,61.8,,8645,0,40,U/L,61.8
502701,500340,500023,3016723,,2022-01-10,32856,1.03,,8840,0.6,1.2,mg/dL,1.03
502702,500340,500023,3049187,,2022-01-10,32856,69,,9550,90,130,mL/min/1.73m2,69.0
502703,500341,500023,3004410,,2022-04-18,32856,6,,8554,4,5.6,%,6.0
502704,500341,500023,3004501,,2022-04-18,32856,91,,8840,70,99,mg/dL,91.0
502705,500341,500023,3004249,,2022-04-18,32856,147,,8876,90,130,mmHg,147.0
502706,500341,500023,3012888,,2022-04-18,32856,67,,8876,60,85,mmHg,67.0
502707,500341,500023,3025315,,2022-04-18,32856,68.9,,9529,45,90,kg,68.9
502708,500341,500023,3038553,,2022-04-18,32856,27.6,,9531,18.5,25,kg/m2,27.6
502709,500342,500023,3004410,,2022-07-22,32856,5.7,,8554,4,5.6,%,5.7
502710,500342,500023,3004501,,2022-07-22,32856,99,,8840,70,99,mg/dL,99.0
502711,500342,500023,3004249,,2022-07-22,32856,120,,8876,90,130,mmHg,120.0
502712,500342,500023,3012888,,2022-07-22,32856,76,,8876,60,85,mmHg,76.0
502713,500342,500023,3025315,,2022-07-22,32856,69.5,,9529,45,90,kg,69.5
502714,500342,500023,3038553,,2022-07-22,32856,27.8,,9531,18.5,25,kg/m2,27.8
502715,500343,500023,3004410,,2022-10-21,32856,5.5,,8554,4,5.6,%,5.5
502716,500343,500023,3004501,,2022-10-21,32856,117,,8840,70,99,mg/dL,117.0
502717,500343,500023,3004249,,2022-10-21,32856,142,,8876,90,130,mmHg,142.0
502718,500343,500023,3012888,,2022-10-21,32856,81,,8876,60,85,mmHg,81.0
502719,500343,500023,3025315,,2022-10-21,32856,70,,9529,45,90,kg,70.0
502720,500343,500023,3038553,,2022-10-21,32856,28,,9531,18.5,25,kg/m2,28.0
502721,500344,500023,3004410,,2023-01-18,32856,5.6,,8554,4,5.6,%,5.6
502722,500344,500023,3004501,,2023-01-18,32856,70,,8840,70,99,mg/dL,70
502723,500344,500023,3004249,,2023-01-18,32856,114,,8876,90,130,mmHg,114.0
502724,500344,500023,3012888,,2023-01-18,32856,85,,8876,60,85,mmHg,85.0
502725,500344,500023,3025315,,2023-01-18,32856,71.4,,9529,45,90,kg,71.4
502726,500344,500023,3038553,,2023-01-18,32856,28.6,,9531,18.5,25,kg/m2,28.6
502727,500344,500023,3022192,,2023-01-18,32856,172.9,,8840,0,150,mg/dL,172.9
502728,500344,500023,3007070,,2023-01-18,32856,42.1,,8840,40,60,mg/dL,42.1
502729,500344,500023,3028437,,2023-01-18,32856,169.1,,8840,0,130,mg/dL,169.1
502730,500344,500023,3013721,,2023-01-18,32856,58.9,,8645,0,40,U/L,58.9
502731,500344,500023,3006923,,2023-01-18,32856,101.9,,8645,0,40,U/L,101.9
502732,500344,500023,3016723,,2023-01-18,32856,1.11,,8840,0.6,1.2,mg/dL,1.11
502733,500344,500023,3049187,,2023-01-18,32856,62,,9550,90,130,mL/min/1.73m2,62.0
502734,500345,500023,3004410,,2023-04-17,32856,5.1,,8554,4,5.6,%,5.1
502735,500345,500023,3004501,,2023-04-17,32856,75,,8840,70,99,mg/dL,75.0
502736,500345,500023,3004249,,2023-04-17,32856,147,,8876,90,130,mmHg,147.0
502737,500345,500023,3012888,,2023-04-17,32856,78,,8876,60,85,mmHg,78.0
502738,500345,500023,3025315,,2023-04-17,32856,71.2,,9529,45,90,kg,71.2
502739,500345,500023,3038553,,2023-04-17,32856,28.5,,9531,18.5,25,kg/m2,28.5
502740,500346,500023,3004410,,2023-07-19,32856,5,,8554,4,5.6,%,5.0
502741,500346,500023,3004501,,2023-07-19,32856,70,,8840,70,99,mg/dL,70
502742,500346,500023,3004249,,2023-07-19,32856,145,,8876,90,130,mmHg,145.0
502743,500346,500023,3012888,,2023-07-19,32856,76,,8876,60,85,mmHg,76.0
502744,500346,500023,3025315,,2023-07-19,32856,70.5,,9529,45,90,kg,70.5
502745,500346,500023,3038553,,2023-07-19,32856,28.2,,9531,18.5,25,kg/m2,28.2
502746,500347,500023,3004410,,2023-10-16,32856,5.5,,8554,4,5.6,%,5.5
502747,500347,500023,3004501,,2023-10-16,32856,70,,8840,70,99,mg/dL,70
502748,500347,500023,3004249,,2023-10-16,32856,148,,8876,90,130,mmHg,148.0
502749,500347,500023,3012888,,2023-10-16,32856,92,,8876,60,85,mmHg,92.0
502750,500347,500023,3025315,,2023-10-16,32856,70,,9529,45,90,kg,70.0
502751,500347,500023,3038553,,2023-10-16,32856,28,,9531,18.5,25,kg/m2,28.0
502752,500348,500023,3004410,,2024-01-13,32856,6,,8554,4,5.6,%,6.0
502753,500348,500023,3004501,,2024-01-13,32856,124,,8840,70,99,mg/dL,124.0
502754,500348,500023,3004249,,2024-01-13,32856,130,,8876,90,130,mmHg,130.0
502755,500348,500023,3012888,,2024-01-13,32856,66,,8876,60,85,mmHg,66.0
502756,500348,500023,3025315,,2024-01-13,32856,70.9,,9529,45,90,kg,70.9
502757,500348,500023,3038553,,2024-01-13,32856,28.4,,9531,18.5,25,kg/m2,28.4
502758,500348,500023,3022192,,2024-01-13,32856,233.9,,8840,0,150,mg/dL,233.9
502759,500348,500023,3007070,,2024-01-13,32856,56.8,,8840,40,60,mg/dL,56.8
502760,500348,500023,3028437,,2024-01-13,32856,101,,8840,0,130,mg/dL,101.0
502761,500348,500023,3013721,,2024-01-13,32856,8,,8645,0,40,U/L,8.0
502762,500348,500023,3006923,,2024-01-13,32856,29,,8645,0,40,U/L,29.0
502763,500348,500023,3016723,,2024-01-13,32856,0.73,,8840,0.6,1.2,mg/dL,0.73
502764,500348,500023,3049187,,2024-01-13,32856,103,,9550,90,130,mL/min/1.73m2,103.0
502765,500349,500023,3004410,,2024-04-11,32856,6,,8554,4,5.6,%,6.0
502766,500349,500023,3004501,,2024-04-11,32856,120,,8840,70,99,mg/dL,120.0
502767,500349,500023,3004249,,2024-04-11,32856,141,,8876,90,130,mmHg,141.0
502768,500349,500023,3012888,,2024-04-11,32856,77,,8876,60,85,mmHg,77.0
502769,500349,500023,3025315,,2024-04-11,32856,73.2,,9529,45,90,kg,73.2
502770,500349,500023,3038553,,2024-04-11,32856,29.3,,9531,18.5,25,kg/m2,29.3
502771,500350,500023,3004410,,2024-07-17,32856,6.1,,8554,4,5.6,%,6.1
502772,500350,500023,3004501,,2024-07-17,32856,89,,8840,70,99,mg/dL,89.0
502773,500350,500023,3004249,,2024-07-17,32856,117,,8876,90,130,mmHg,117.0
502774,500350,500023,3012888,,2024-07-17,32856,86,,8876,60,85,mmHg,86.0
502775,500350,500023,3025315,,2024-07-17,32856,72.7,,9529,45,90,kg,72.7
502776,500350,500023,3038553,,2024-07-17,32856,29.1,,9531,18.5,25,kg/m2,29.1
502777,500351,500023,3004410,,2024-10-10,32856,6.4,,8554,4,5.6,%,6.4
502778,500351,500023,3004501,,2024-10-10,32856,131,,8840,70,99,mg/dL,131.0
502779,500351,500023,3004249,,2024-10-10,32856,137,,8876,90,130,mmHg,137.0
502780,500351,500023,3012888,,2024-10-10,32856,79,,8876,60,85,mmHg,79.0
502781,500351,500023,3025315,,2024-10-10,32856,72.3,,9529,45,90,kg,72.3
502782,500351,500023,3038553,,2024-10-10,32856,29,,9531,18.5,25,kg/m2,29.0
502783,500352,500023,3004410,,2025-01-06,32856,6.7,,8554,4,5.6,%,6.7
502784,500352,500023,3004501,,2025-01-06,32856,110,,8840,70,99,mg/dL,110.0
502785,500352,500023,3004249,,2025-01-06,32856,113,,8876,90,130,mmHg,113.0
502786,500352,500023,3012888,,2025-01-06,32856,80,,8876,60,85,mmHg,80.0
502787,500352,500023,3025315,,2025-01-06,32856,72.5,,9529,45,90,kg,72.5
502788,500352,500023,3038553,,2025-01-06,32856,29,,9531,18.5,25,kg/m2,29.0
502789,500352,500023,3022192,,2025-01-06,32856,301.5,,8840,0,150,mg/dL,301.5
502790,500352,500023,3007070,,2025-01-06,32856,47.5,,8840,40,60,mg/dL,47.5
502791,500352,500023,3028437,,2025-01-06,32856,119.7,,8840,0,130,mg/dL,119.7
502792,500352,500023,3013721,,2025-01-06,32856,22.8,,8645,0,40,U/L,22.8
502793,500352,500023,3006923,,2025-01-06,32856,44.3,,8645,0,40,U/L,44.3
502794,500352,500023,3016723,,2025-01-06,32856,1.44,,8840,0.6,1.2,mg/dL,1.44
502795,500352,500023,3049187,,2025-01-06,32856,45,,9550,90,130,mL/min/1.73m2,45.0
502796,500353,500023,3004410,,2025-04-01,32856,6.2,,8554,4,5.6,%,6.2
502797,500353,500023,3004501,,2025-04-01,32856,129,,8840,70,99,mg/dL,129.0
502798,500353,500023,3004249,,2025-04-01,32856,137,,8876,90,130,mmHg,137.0
502799,500353,500023,3012888,,2025-04-01,32856,93,,8876,60,85,mmHg,93.0
502800,500353,500023,3025315,,2025-04-01,32856,74,,9529,45,90,kg,74.0
502801,500353,500023,3038553,,2025-04-01,32856,29.6,,9531,18.5,25,kg/m2,29.6
502802,500354,500023,3004410,,2025-06-27,32856,6.4,,8554,4,5.6,%,6.4
502803,500354,500023,3004501,,2025-06-27,32856,130,,8840,70,99,mg/dL,130.0
502804,500354,500023,3004249,,2025-06-27,32856,118,,8876,90,130,mmHg,118.0
502805,500354,500023,3012888,,2025-06-27,32856,86,,8876,60,85,mmHg,86.0
502806,500354,500023,3025315,,2025-06-27,32856,75.1,,9529,45,90,kg,75.1
502807,500354,500023,3038553,,2025-06-27,32856,30.1,,9531,18.5,25,kg/m2,30.1
502808,500355,500024,3036277,,2023-03-30,32856,176.8,,8582,150,185,cm,176.8
502809,500355,500024,3004410,,2023-03-30,32856,10.2,,8554,4,5.6,%,10.2
502810,500355,500024,3004501,,2023-03-30,32856,197,,8840,70,99,mg/dL,197.0
502811,500355,500024,3004249,,2023-03-30,32856,134,,8876,90,130,mmHg,134.0
502812,500355,500024,3012888,,2023-03-30,32856,92,,8876,60,85,mmHg,92.0
502813,500355,500024,3025315,,2023-03-30,32856,100.7,,9529,45,90,kg,100.7
502814,500355,500024,3038553,,2023-03-30,32856,32.2,,9531,18.5,25,kg/m2,32.2
502815,500355,500024,3022192,,2023-03-30,32856,205.9,,8840,0,150,mg/dL,205.9
502816,500355,500024,3007070,,2023-03-30,32856,58.1,,8840,40,60,mg/dL,58.1
502817,500355,500024,3028437,,2023-03-30,32856,44.2,,8840,0,130,mg/dL,44.2
502818,500355,500024,3013721,,2023-03-30,32856,43.6,,8645,0,40,U/L,43.6
502819,500355,500024,3006923,,2023-03-30,32856,58.3,,8645,0,40,U/L,58.3
502820,500355,500024,3016723,,2023-03-30,32856,0.5,,8840,0.6,1.2,mg/dL,0.5
502821,500355,500024,3049187,,2023-03-30,32856,114,,9550,90,130,mL/min/1.73m2,114.0
502822,500356,500024,3004410,,2023-06-30,32856,9.4,,8554,4,5.6,%,9.4
502823,500356,500024,3004501,,2023-06-30,32856,204,,8840,70,99,mg/dL,204.0
502824,500356,500024,3004249,,2023-06-30,32856,124,,8876,90,130,mmHg,124.0
502825,500356,500024,3012888,,2023-06-30,32856,84,,8876,60,85,mmHg,84.0
502826,500356,500024,3025315,,2023-06-30,32856,99.9,,9529,45,90,kg,99.9
502827,500356,500024,3038553,,2023-06-30,32856,32,,9531,18.5,25,kg/m2,32.0
502828,500357,500024,3004410,,2023-10-04,32856,8.7,,8554,4,5.6,%,8.7
502829,500357,500024,3004501,,2023-10-04,32856,143,,8840,70,99,mg/dL,143.0
502830,500357,500024,3004249,,2023-10-04,32856,129,,8876,90,130,mmHg,129.0
502831,500357,500024,3012888,,2023-10-04,32856,81,,8876,60,85,mmHg,81.0
502832,500357,500024,3025315,,2023-10-04,32856,99.9,,9529,45,90,kg,99.9
502833,500357,500024,3038553,,2023-10-04,32856,32,,9531,18.5,25,kg/m2,32.0
502834,500358,500024,3004410,,2023-12-30,32856,8.2,,8554,4,5.6,%,8.2
502835,500358,500024,3004501,,2023-12-30,32856,178,,8840,70,99,mg/dL,178.0
502836,500358,500024,3004249,,2023-12-30,32856,131,,8876,90,130,mmHg,131.0
502837,500358,500024,3012888,,2023-12-30,32856,62,,8876,60,85,mmHg,62.0
502838,500358,500024,3025315,,2023-12-30,32856,98.2,,9529,45,90,kg,98.2
502839,500358,500024,3038553,,2023-12-30,32856,31.4,,9531,18.5,25,kg/m2,31.4
502840,500359,500024,3004410,,2024-03-24,32856,7,,8554,4,5.6,%,7.0
502841,500359,500024,3004501,,2024-03-24,32856,143,,8840,70,99,mg/dL,143.0
502842,500359,500024,3004249,,2024-03-24,32856,130,,8876,90,130,mmHg,130.0
502843,500359,500024,3012888,,2024-03-24,32856,65,,8876,60,85,mmHg,65.0
502844,500359,500024,3025315,,2024-03-24,32856,98.7,,9529,45,90,kg,98.7
502845,500359,500024,3038553,,2024-03-24,32856,31.6,,9531,18.5,25,kg/m2,31.6
502846,500359,500024,3022192,,2024-03-24,32856,183.4,,8840,0,150,mg/dL,183.4
502847,500359,500024,3007070,,2024-03-24,32856,50.5,,8840,40,60,mg/dL,50.5
502848,500359,500024,3028437,,2024-03-24,32856,79.2,,8840,0,130,mg/dL,79.2
502849,500359,500024,3013721,,2024-03-24,32856,68.7,,8645,0,40,U/L,68.7
502850,500359,500024,3006923,,2024-03-24,32856,84.8,,8645,0,40,U/L,84.8
502851,500359,500024,3016723,,2024-03-24,32856,1.06,,8840,0.6,1.2,mg/dL,1.06
502852,500359,500024,3049187,,2024-03-24,32856,78,,9550,90,130,mL/min/1.73m2,78.0
502853,500360,500024,3004410,,2024-06-28,32856,7,,8554,4,5.6,%,7.0
502854,500360,500024,3004501,,2024-06-28,32856,137,,8840,70,99,mg/dL,137.0
502855,500360,500024,3004249,,2024-06-28,32856,123,,8876,90,130,mmHg,123.0
502856,500360,500024,3012888,,2024-06-28,32856,99,,8876,60,85,mmHg,99.0
502857,500360,500024,3025315,,2024-06-28,32856,99.7,,9529,45,90,kg,99.7
502858,500360,500024,3038553,,2024-06-28,32856,31.9,,9531,18.5,25,kg/m2,31.9
502859,500361,500024,3004410,,2024-09-21,32856,7.2,,8554,4,5.6,%,7.2
502860,500361,500024,3004501,,2024-09-21,32856,147,,8840,70,99,mg/dL,147.0
502861,500361,500024,3004249,,2024-09-21,32856,139,,8876,90,130,mmHg,139.0
502862,500361,500024,3012888,,2024-09-21,32856,72,,8876,60,85,mmHg,72.0
502863,500361,500024,3025315,,2024-09-21,32856,99.9,,9529,45,90,kg,99.9
502864,500361,500024,3038553,,2024-09-21,32856,32,,9531,18.5,25,kg/m2,32.0
502865,500362,500024,3004410,,2024-12-18,32856,6.3,,8554,4,5.6,%,6.3
502866,500362,500024,3004501,,2024-12-18,32856,100,,8840,70,99,mg/dL,100.0
502867,500362,500024,3004249,,2024-12-18,32856,112,,8876,90,130,mmHg,112.0
502868,500362,500024,3012888,,2024-12-18,32856,69,,8876,60,85,mmHg,69.0
502869,500362,500024,3025315,,2024-12-18,32856,97.2,,9529,45,90,kg,97.2
502870,500362,500024,3038553,,2024-12-18,32856,31.1,,9531,18.5,25,kg/m2,31.1
502871,500363,500024,3004410,,2025-03-12,32856,6.5,,8554,4,5.6,%,6.5
502872,500363,500024,3004501,,2025-03-12,32856,114,,8840,70,99,mg/dL,114.0
502873,500363,500024,3004249,,2025-03-12,32856,123,,8876,90,130,mmHg,123.0
502874,500363,500024,3012888,,2025-03-12,32856,70,,8876,60,85,mmHg,70.0
502875,500363,500024,3025315,,2025-03-12,32856,95.4,,9529,45,90,kg,95.4
502876,500363,500024,3038553,,2025-03-12,32856,30.5,,9531,18.5,25,kg/m2,30.5
502877,500363,500024,3022192,,2025-03-12,32856,139.7,,8840,0,150,mg/dL,139.7
502878,500363,500024,3007070,,2025-03-12,32856,48.4,,8840,40,60,mg/dL,48.4
502879,500363,500024,3028437,,2025-03-12,32856,162.9,,8840,0,130,mg/dL,162.9
502880,500363,500024,3013721,,2025-03-12,32856,18.9,,8645,0,40,U/L,18.9
502881,500363,500024,3006923,,2025-03-12,32856,25.7,,8645,0,40,U/L,25.7
502882,500363,500024,3016723,,2025-03-12,32856,1.37,,8840,0.6,1.2,mg/dL,1.37
502883,500363,500024,3049187,,2025-03-12,32856,57,,9550,90,130,mL/min/1.73m2,57.0
502884,500364,500024,3004410,,2025-06-04,32856,6.7,,8554,4,5.6,%,6.7
502885,500364,500024,3004501,,2025-06-04,32856,142,,8840,70,99,mg/dL,142.0
502886,500364,500024,3004249,,2025-06-04,32856,136,,8876,90,130,mmHg,136.0
502887,500364,500024,3012888,,2025-06-04,32856,80,,8876,60,85,mmHg,80.0
502888,500364,500024,3025315,,2025-06-04,32856,94.5,,9529,45,90,kg,94.5
502889,500364,500024,3038553,,2025-06-04,32856,30.2,,9531,18.5,25,kg/m2,30.2
502890,500365,500024,3004410,,2025-09-07,32856,7,,8554,4,5.6,%,7.0
502891,500365,500024,3004501,,2025-09-07,32856,135,,8840,70,99,mg/dL,135.0
502892,500365,500024,3004249,,2025-09-07,32856,127,,8876,90,130,mmHg,127.0
502893,500365,500024,3012888,,2025-09-07,32856,64,,8876,60,85,mmHg,64.0
502894,500365,500024,3025315,,2025-09-07,32856,93.8,,9529,45,90,kg,93.8
502895,500365,500024,3038553,,2025-09-07,32856,30,,9531,18.5,25,kg/m2,30.0
502896,500366,500024,3004501,,2025-09-23,32856,68,,8840,70,99,mg/dL,68.0
502897,500367,500024,3004410,,2025-12-12,32856,7,,8554,4,5.6,%,7.0
502898,500367,500024,3004501,,2025-12-12,32856,128,,8840,70,99,mg/dL,128.0
502899,500367,500024,3004249,,2025-12-12,32856,109,,8876,90,130,mmHg,109.0
502900,500367,500024,3012888,,2025-12-12,32856,65,,8876,60,85,mmHg,65.0
502901,500367,500024,3025315,,2025-12-12,32856,92.1,,9529,45,90,kg,92.1
502902,500367,500024,3038553,,2025-12-12,32856,29.5,,9531,18.5,25,kg/m2,29.5
502903,500368,500024,3004410,,2026-03-13,32856,7,,8554,4,5.6,%,7.0
502904,500368,500024,3004501,,2026-03-13,32856,122,,8840,70,99,mg/dL,122.0
502905,500368,500024,3004249,,2026-03-13,32856,120,,8876,90,130,mmHg,120.0
502906,500368,500024,3012888,,2026-03-13,32856,70,,8876,60,85,mmHg,70.0
502907,500368,500024,3025315,,2026-03-13,32856,91.5,,9529,45,90,kg,91.5
502908,500368,500024,3038553,,2026-03-13,32856,29.3,,9531,18.5,25,kg/m2,29.3
502909,500368,500024,3022192,,2026-03-13,32856,260.3,,8840,0,150,mg/dL,260.3
502910,500368,500024,3007070,,2026-03-13,32856,35.9,,8840,40,60,mg/dL,35.9
502911,500368,500024,3028437,,2026-03-13,32856,84.2,,8840,0,130,mg/dL,84.2
502912,500368,500024,3013721,,2026-03-13,32856,60.5,,8645,0,40,U/L,60.5
502913,500368,500024,3006923,,2026-03-13,32856,109.2,,8645,0,40,U/L,109.2
502914,500368,500024,3016723,,2026-03-13,32856,1.5,,8840,0.6,1.2,mg/dL,1.5
502915,500368,500024,3049187,,2026-03-13,32856,51,,9550,90,130,mL/min/1.73m2,51.0
502916,500369,500024,3004410,,2026-06-18,32856,7.5,,8554,4,5.6,%,7.5
502917,500369,500024,3004501,,2026-06-18,32856,140,,8840,70,99,mg/dL,140.0
502918,500369,500024,3004249,,2026-06-18,32856,119,,8876,90,130,mmHg,119.0
502919,500369,500024,3012888,,2026-06-18,32856,77,,8876,60,85,mmHg,77.0
502920,500369,500024,3025315,,2026-06-18,32856,91.1,,9529,45,90,kg,91.1
502921,500369,500024,3038553,,2026-06-18,32856,29.1,,9531,18.5,25,kg/m2,29.1
502922,500370,500025,3036277,,2023-01-04,32856,177.1,,8582,150,185,cm,177.1
502923,500370,500025,3004410,,2023-01-04,32856,9.2,,8554,4,5.6,%,9.2
502924,500370,500025,3004501,,2023-01-04,32856,189,,8840,70,99,mg/dL,189.0
502925,500370,500025,3004249,,2023-01-04,32856,136,,8876,90,130,mmHg,136.0
502926,500370,500025,3012888,,2023-01-04,32856,89,,8876,60,85,mmHg,89.0
502927,500370,500025,3025315,,2023-01-04,32856,108.8,,9529,45,90,kg,108.8
502928,500370,500025,3038553,,2023-01-04,32856,34.7,,9531,18.5,25,kg/m2,34.7
502929,500370,500025,3022192,,2023-01-04,32856,246.4,,8840,0,150,mg/dL,246.4
502930,500370,500025,3007070,,2023-01-04,32856,53.7,,8840,40,60,mg/dL,53.7
502931,500370,500025,3028437,,2023-01-04,32856,127.3,,8840,0,130,mg/dL,127.3
502932,500370,500025,3013721,,2023-01-04,32856,11.7,,8645,0,40,U/L,11.7
502933,500370,500025,3006923,,2023-01-04,32856,71.8,,8645,0,40,U/L,71.8
502934,500370,500025,3016723,,2023-01-04,32856,0.79,,8840,0.6,1.2,mg/dL,0.79
502935,500370,500025,3049187,,2023-01-04,32856,96,,9550,90,130,mL/min/1.73m2,96.0
502936,500371,500025,3004410,,2023-03-30,32856,8.6,,8554,4,5.6,%,8.6
502937,500371,500025,3004501,,2023-03-30,32856,198,,8840,70,99,mg/dL,198.0
502938,500371,500025,3004249,,2023-03-30,32856,145,,8876,90,130,mmHg,145.0
502939,500371,500025,3012888,,2023-03-30,32856,92,,8876,60,85,mmHg,92.0
502940,500371,500025,3025315,,2023-03-30,32856,110.2,,9529,45,90,kg,110.2
502941,500371,500025,3038553,,2023-03-30,32856,35.1,,9531,18.5,25,kg/m2,35.1
502942,500372,500025,3004410,,2023-06-23,32856,9.2,,8554,4,5.6,%,9.2
502943,500372,500025,3004501,,2023-06-23,32856,201,,8840,70,99,mg/dL,201.0
502944,500372,500025,3004249,,2023-06-23,32856,129,,8876,90,130,mmHg,129.0
502945,500372,500025,3012888,,2023-06-23,32856,69,,8876,60,85,mmHg,69.0
502946,500372,500025,3025315,,2023-06-23,32856,109.8,,9529,45,90,kg,109.8
502947,500372,500025,3038553,,2023-06-23,32856,35,,9531,18.5,25,kg/m2,35.0
502948,500373,500025,3004410,,2023-09-28,32856,8.9,,8554,4,5.6,%,8.9
502949,500373,500025,3004501,,2023-09-28,32856,177,,8840,70,99,mg/dL,177.0
502950,500373,500025,3004249,,2023-09-28,32856,141,,8876,90,130,mmHg,141.0
502951,500373,500025,3012888,,2023-09-28,32856,86,,8876,60,85,mmHg,86.0
502952,500373,500025,3025315,,2023-09-28,32856,111.5,,9529,45,90,kg,111.5
502953,500373,500025,3038553,,2023-09-28,32856,35.5,,9531,18.5,25,kg/m2,35.5
502954,500374,500025,3004410,,2023-12-30,32856,8.1,,8554,4,5.6,%,8.1
502955,500374,500025,3004501,,2023-12-30,32856,153,,8840,70,99,mg/dL,153.0
502956,500374,500025,3004249,,2023-12-30,32856,131,,8876,90,130,mmHg,131.0
502957,500374,500025,3012888,,2023-12-30,32856,82,,8876,60,85,mmHg,82.0
502958,500374,500025,3025315,,2023-12-30,32856,110.6,,9529,45,90,kg,110.6
502959,500374,500025,3038553,,2023-12-30,32856,35.3,,9531,18.5,25,kg/m2,35.3
502960,500374,500025,3022192,,2023-12-30,32856,271.7,,8840,0,150,mg/dL,271.7
502961,500374,500025,3007070,,2023-12-30,32856,64.1,,8840,40,60,mg/dL,64.1
502962,500374,500025,3028437,,2023-12-30,32856,109.7,,8840,0,130,mg/dL,109.7
502963,500374,500025,3013721,,2023-12-30,32856,44.4,,8645,0,40,U/L,44.4
502964,500374,500025,3006923,,2023-12-30,32856,69.3,,8645,0,40,U/L,69.3
502965,500374,500025,3016723,,2023-12-30,32856,1.08,,8840,0.6,1.2,mg/dL,1.08
502966,500374,500025,3049187,,2023-12-30,32856,74,,9550,90,130,mL/min/1.73m2,74.0
502967,500375,500025,3004410,,2024-03-23,32856,7.3,,8554,4,5.6,%,7.3
502968,500375,500025,3004501,,2024-03-23,32856,156,,8840,70,99,mg/dL,156.0
502969,500375,500025,3004249,,2024-03-23,32856,160,,8876,90,130,mmHg,160.0
502970,500375,500025,3012888,,2024-03-23,32856,92,,8876,60,85,mmHg,92.0
502971,500375,500025,3025315,,2024-03-23,32856,111.1,,9529,45,90,kg,111.1
502972,500375,500025,3038553,,2024-03-23,32856,35.4,,9531,18.5,25,kg/m2,35.4
502973,500376,500025,3004410,,2024-06-25,32856,6.8,,8554,4,5.6,%,6.8
502974,500376,500025,3004501,,2024-06-25,32856,102,,8840,70,99,mg/dL,102.0
502975,500376,500025,3004249,,2024-06-25,32856,158,,8876,90,130,mmHg,158.0
502976,500376,500025,3012888,,2024-06-25,32856,75,,8876,60,85,mmHg,75.0
502977,500376,500025,3025315,,2024-06-25,32856,108.9,,9529,45,90,kg,108.9
502978,500376,500025,3038553,,2024-06-25,32856,34.7,,9531,18.5,25,kg/m2,34.7
502979,500377,500025,3004410,,2024-09-26,32856,6.3,,8554,4,5.6,%,6.3
502980,500377,500025,3004501,,2024-09-26,32856,110,,8840,70,99,mg/dL,110.0
502981,500377,500025,3004249,,2024-09-26,32856,140,,8876,90,130,mmHg,140.0
502982,500377,500025,3012888,,2024-09-26,32856,72,,8876,60,85,mmHg,72.0
502983,500377,500025,3025315,,2024-09-26,32856,107.6,,9529,45,90,kg,107.6
502984,500377,500025,3038553,,2024-09-26,32856,34.3,,9531,18.5,25,kg/m2,34.3
502985,500378,500025,3004410,,2024-12-27,32856,6.9,,8554,4,5.6,%,6.9
502986,500378,500025,3004501,,2024-12-27,32856,134,,8840,70,99,mg/dL,134.0
502987,500378,500025,3004249,,2024-12-27,32856,144,,8876,90,130,mmHg,144.0
502988,500378,500025,3012888,,2024-12-27,32856,76,,8876,60,85,mmHg,76.0
502989,500378,500025,3025315,,2024-12-27,32856,107.7,,9529,45,90,kg,107.7
502990,500378,500025,3038553,,2024-12-27,32856,34.3,,9531,18.5,25,kg/m2,34.3
502991,500378,500025,3022192,,2024-12-27,32856,234.5,,8840,0,150,mg/dL,234.5
502992,500378,500025,3007070,,2024-12-27,32856,30.7,,8840,40,60,mg/dL,30.7
502993,500378,500025,3028437,,2024-12-27,32856,124.6,,8840,0,130,mg/dL,124.6
502994,500378,500025,3013721,,2024-12-27,32856,42.7,,8645,0,40,U/L,42.7
502995,500378,500025,3006923,,2024-12-27,32856,46.1,,8645,0,40,U/L,46.1
502996,500378,500025,3016723,,2024-12-27,32856,0.58,,8840,0.6,1.2,mg/dL,0.58
502997,500378,500025,3049187,,2024-12-27,32856,104,,9550,90,130,mL/min/1.73m2,104.0
502998,500379,500025,3004410,,2025-03-27,32856,6.7,,8554,4,5.6,%,6.7
502999,500379,500025,3004501,,2025-03-27,32856,121,,8840,70,99,mg/dL,121.0
503000,500379,500025,3004249,,2025-03-27,32856,121,,8876,90,130,mmHg,121.0
503001,500379,500025,3012888,,2025-03-27,32856,88,,8876,60,85,mmHg,88.0
503002,500379,500025,3025315,,2025-03-27,32856,108.2,,9529,45,90,kg,108.2
503003,500379,500025,3038553,,2025-03-27,32856,34.5,,9531,18.5,25,kg/m2,34.5
503004,500380,500025,3004410,,2025-07-03,32856,6.2,,8554,4,5.6,%,6.2
503005,500380,500025,3004501,,2025-07-03,32856,82,,8840,70,99,mg/dL,82.0
503006,500380,500025,3004249,,2025-07-03,32856,140,,8876,90,130,mmHg,140.0
503007,500380,500025,3012888,,2025-07-03,32856,85,,8876,60,85,mmHg,85.0
503008,500380,500025,3025315,,2025-07-03,32856,107.6,,9529,45,90,kg,107.6
503009,500380,500025,3038553,,2025-07-03,32856,34.3,,9531,18.5,25,kg/m2,34.3
503010,500381,500025,3004410,,2025-09-25,32856,6,,8554,4,5.6,%,6.0
503011,500381,500025,3004501,,2025-09-25,32856,95,,8840,70,99,mg/dL,95.0
503012,500381,500025,3004249,,2025-09-25,32856,112,,8876,90,130,mmHg,112.0
503013,500381,500025,3012888,,2025-09-25,32856,83,,8876,60,85,mmHg,83.0
503014,500381,500025,3025315,,2025-09-25,32856,106.7,,9529,45,90,kg,106.7
503015,500381,500025,3038553,,2025-09-25,32856,34,,9531,18.5,25,kg/m2,34.0
503016,500382,500025,3004410,,2025-12-18,32856,6.3,,8554,4,5.6,%,6.3
503017,500382,500025,3004501,,2025-12-18,32856,127,,8840,70,99,mg/dL,127.0
503018,500382,500025,3004249,,2025-12-18,32856,137,,8876,90,130,mmHg,137.0
503019,500382,500025,3012888,,2025-12-18,32856,83,,8876,60,85,mmHg,83.0
503020,500382,500025,3025315,,2025-12-18,32856,106,,9529,45,90,kg,106.0
503021,500382,500025,3038553,,2025-12-18,32856,33.8,,9531,18.5,25,kg/m2,33.8
503022,500382,500025,3022192,,2025-12-18,32856,135.8,,8840,0,150,mg/dL,135.8
503023,500382,500025,3007070,,2025-12-18,32856,68.3,,8840,40,60,mg/dL,68.3
503024,500382,500025,3028437,,2025-12-18,32856,161.8,,8840,0,130,mg/dL,161.8
503025,500382,500025,3013721,,2025-12-18,32856,24,,8645,0,40,U/L,24.0
503026,500382,500025,3006923,,2025-12-18,32856,25.3,,8645,0,40,U/L,25.3
503027,500382,500025,3016723,,2025-12-18,32856,1.07,,8840,0.6,1.2,mg/dL,1.07
503028,500382,500025,3049187,,2025-12-18,32856,74,,9550,90,130,mL/min/1.73m2,74.0
503029,500383,500025,3004410,,2026-03-18,32856,6.4,,8554,4,5.6,%,6.4
503030,500383,500025,3004501,,2026-03-18,32856,133,,8840,70,99,mg/dL,133.0
503031,500383,500025,3004249,,2026-03-18,32856,148,,8876,90,130,mmHg,148.0
503032,500383,500025,3012888,,2026-03-18,32856,95,,8876,60,85,mmHg,95.0
503033,500383,500025,3025315,,2026-03-18,32856,107.4,,9529,45,90,kg,107.4
503034,500383,500025,3038553,,2026-03-18,32856,34.2,,9531,18.5,25,kg/m2,34.2
503035,500384,500026,3036277,,2018-11-06,32856,174.2,,8582,150,185,cm,174.2
503036,500384,500026,3004410,,2018-11-06,32856,8.8,,8554,4,5.6,%,8.8
503037,500384,500026,3004501,,2018-11-06,32856,164,,8840,70,99,mg/dL,164.0
503038,500384,500026,3004249,,2018-11-06,32856,130,,8876,90,130,mmHg,130.0
503039,500384,500026,3012888,,2018-11-06,32856,58,,8876,60,85,mmHg,58.0
503040,500384,500026,3025315,,2018-11-06,32856,83.1,,9529,45,90,kg,83.1
503041,500384,500026,3038553,,2018-11-06,32856,27.4,,9531,18.5,25,kg/m2,27.4
503042,500384,500026,3022192,,2018-11-06,32856,169.6,,8840,0,150,mg/dL,169.6
503043,500384,500026,3007070,,2018-11-06,32856,70.8,,8840,40,60,mg/dL,70.8
503044,500384,500026,3028437,,2018-11-06,32856,97.6,,8840,0,130,mg/dL,97.6
503045,500384,500026,3013721,,2018-11-06,32856,16.7,,8645,0,40,U/L,16.7
503046,500384,500026,3006923,,2018-11-06,32856,29.3,,8645,0,40,U/L,29.3
503047,500384,500026,3016723,,2018-11-06,32856,0.62,,8840,0.6,1.2,mg/dL,0.62
503048,500384,500026,3049187,,2018-11-06,32856,118,,9550,90,130,mL/min/1.73m2,118.0
503049,500385,500026,3004410,,2019-01-30,32856,8.7,,8554,4,5.6,%,8.7
503050,500385,500026,3004501,,2019-01-30,32856,176,,8840,70,99,mg/dL,176.0
503051,500385,500026,3004249,,2019-01-30,32856,121,,8876,90,130,mmHg,121.0
503052,500385,500026,3012888,,2019-01-30,32856,78,,8876,60,85,mmHg,78.0
503053,500385,500026,3025315,,2019-01-30,32856,81.1,,9529,45,90,kg,81.1
503054,500385,500026,3038553,,2019-01-30,32856,26.7,,9531,18.5,25,kg/m2,26.7
503055,500386,500026,3004410,,2019-05-01,32856,8.3,,8554,4,5.6,%,8.3
503056,500386,500026,3004501,,2019-05-01,32856,189,,8840,70,99,mg/dL,189.0
503057,500386,500026,3004249,,2019-05-01,32856,116,,8876,90,130,mmHg,116.0
503058,500386,500026,3012888,,2019-05-01,32856,80,,8876,60,85,mmHg,80.0
503059,500386,500026,3025315,,2019-05-01,32856,82.2,,9529,45,90,kg,82.2
503060,500386,500026,3038553,,2019-05-01,32856,27.1,,9531,18.5,25,kg/m2,27.1
503061,500387,500026,3004410,,2019-08-03,32856,7.4,,8554,4,5.6,%,7.4
503062,500387,500026,3004501,,2019-08-03,32856,115,,8840,70,99,mg/dL,115.0
503063,500387,500026,3004249,,2019-08-03,32856,116,,8876,90,130,mmHg,116.0
503064,500387,500026,3012888,,2019-08-03,32856,73,,8876,60,85,mmHg,73.0
503065,500387,500026,3025315,,2019-08-03,32856,82.9,,9529,45,90,kg,82.9
503066,500387,500026,3038553,,2019-08-03,32856,27.3,,9531,18.5,25,kg/m2,27.3
503067,500388,500026,3004410,,2019-11-02,32856,6.6,,8554,4,5.6,%,6.6
503068,500388,500026,3004501,,2019-11-02,32856,142,,8840,70,99,mg/dL,142.0
503069,500388,500026,3004249,,2019-11-02,32856,128,,8876,90,130,mmHg,128.0
503070,500388,500026,3012888,,2019-11-02,32856,70,,8876,60,85,mmHg,70.0
503071,500388,500026,3025315,,2019-11-02,32856,81.8,,9529,45,90,kg,81.8
503072,500388,500026,3038553,,2019-11-02,32856,27,,9531,18.5,25,kg/m2,27.0
503073,500388,500026,3022192,,2019-11-02,32856,247.7,,8840,0,150,mg/dL,247.7
503074,500388,500026,3007070,,2019-11-02,32856,50.3,,8840,40,60,mg/dL,50.3
503075,500388,500026,3028437,,2019-11-02,32856,110.8,,8840,0,130,mg/dL,110.8
503076,500388,500026,3013721,,2019-11-02,32856,40.7,,8645,0,40,U/L,40.7
503077,500388,500026,3006923,,2019-11-02,32856,65.5,,8645,0,40,U/L,65.5
503078,500388,500026,3016723,,2019-11-02,32856,1.13,,8840,0.6,1.2,mg/dL,1.13
503079,500388,500026,3049187,,2019-11-02,32856,80,,9550,90,130,mL/min/1.73m2,80.0
503080,500389,500026,3004410,,2020-01-26,32856,7.2,,8554,4,5.6,%,7.2
503081,500389,500026,3004501,,2020-01-26,32856,133,,8840,70,99,mg/dL,133.0
503082,500389,500026,3004249,,2020-01-26,32856,125,,8876,90,130,mmHg,125.0
503083,500389,500026,3012888,,2020-01-26,32856,64,,8876,60,85,mmHg,64.0
503084,500389,500026,3025315,,2020-01-26,32856,83.4,,9529,45,90,kg,83.4
503085,500389,500026,3038553,,2020-01-26,32856,27.5,,9531,18.5,25,kg/m2,27.5
503086,500390,500026,3004410,,2020-04-23,32856,7.1,,8554,4,5.6,%,7.1
503087,500390,500026,3004501,,2020-04-23,32856,110,,8840,70,99,mg/dL,110.0
503088,500390,500026,3004249,,2020-04-23,32856,113,,8876,90,130,mmHg,113.0
503089,500390,500026,3012888,,2020-04-23,32856,78,,8876,60,85,mmHg,78.0
503090,500390,500026,3025315,,2020-04-23,32856,83.7,,9529,45,90,kg,83.7
503091,500390,500026,3038553,,2020-04-23,32856,27.6,,9531,18.5,25,kg/m2,27.6
503092,500391,500026,3004410,,2020-07-30,32856,7.5,,8554,4,5.6,%,7.5
503093,500391,500026,3004501,,2020-07-30,32856,129,,8840,70,99,mg/dL,129.0
503094,500391,500026,3004249,,2020-07-30,32856,119,,8876,90,130,mmHg,119.0
503095,500391,500026,3012888,,2020-07-30,32856,62,,8876,60,85,mmHg,62.0
503096,500391,500026,3025315,,2020-07-30,32856,84.9,,9529,45,90,kg,84.9
503097,500391,500026,3038553,,2020-07-30,32856,28,,9531,18.5,25,kg/m2,28.0
503098,500392,500026,3004410,,2020-10-27,32856,7.5,,8554,4,5.6,%,7.5
503099,500392,500026,3004501,,2020-10-27,32856,127,,8840,70,99,mg/dL,127.0
503100,500392,500026,3004249,,2020-10-27,32856,113,,8876,90,130,mmHg,113.0
503101,500392,500026,3012888,,2020-10-27,32856,72,,8876,60,85,mmHg,72.0
503102,500392,500026,3025315,,2020-10-27,32856,85.8,,9529,45,90,kg,85.8
503103,500392,500026,3038553,,2020-10-27,32856,28.3,,9531,18.5,25,kg/m2,28.3
503104,500392,500026,3022192,,2020-10-27,32856,170.5,,8840,0,150,mg/dL,170.5
503105,500392,500026,3007070,,2020-10-27,32856,47.5,,8840,40,60,mg/dL,47.5
503106,500392,500026,3028437,,2020-10-27,32856,105.5,,8840,0,130,mg/dL,105.5
503107,500392,500026,3013721,,2020-10-27,32856,8,,8645,0,40,U/L,8.0
503108,500392,500026,3006923,,2020-10-27,32856,61.2,,8645,0,40,U/L,61.2
503109,500392,500026,3016723,,2020-10-27,32856,1.21,,8840,0.6,1.2,mg/dL,1.21
503110,500392,500026,3049187,,2020-10-27,32856,73,,9550,90,130,mL/min/1.73m2,73.0
503111,500393,500026,3004410,,2021-01-22,32856,7.2,,8554,4,5.6,%,7.2
503112,500393,500026,3004501,,2021-01-22,32856,140,,8840,70,99,mg/dL,140.0
503113,500393,500026,3004249,,2021-01-22,32856,122,,8876,90,130,mmHg,122.0
503114,500393,500026,3012888,,2021-01-22,32856,69,,8876,60,85,mmHg,69.0
503115,500393,500026,3025315,,2021-01-22,32856,86.5,,9529,45,90,kg,86.5
503116,500393,500026,3038553,,2021-01-22,32856,28.5,,9531,18.5,25,kg/m2,28.5
503117,500394,500026,3004410,,2021-04-25,32856,7.7,,8554,4,5.6,%,7.7
503118,500394,500026,3004501,,2021-04-25,32856,150,,8840,70,99,mg/dL,150.0
503119,500394,500026,3004249,,2021-04-25,32856,140,,8876,90,130,mmHg,140.0
503120,500394,500026,3012888,,2021-04-25,32856,77,,8876,60,85,mmHg,77.0
503121,500394,500026,3025315,,2021-04-25,32856,87.9,,9529,45,90,kg,87.9
503122,500394,500026,3038553,,2021-04-25,32856,29,,9531,18.5,25,kg/m2,29.0
503123,500395,500026,3004410,,2021-08-01,32856,7.9,,8554,4,5.6,%,7.9
503124,500395,500026,3004501,,2021-08-01,32856,149,,8840,70,99,mg/dL,149.0
503125,500395,500026,3004249,,2021-08-01,32856,127,,8876,90,130,mmHg,127.0
503126,500395,500026,3012888,,2021-08-01,32856,68,,8876,60,85,mmHg,68.0
503127,500395,500026,3025315,,2021-08-01,32856,88.7,,9529,45,90,kg,88.7
503128,500395,500026,3038553,,2021-08-01,32856,29.2,,9531,18.5,25,kg/m2,29.2
503129,500396,500026,3004410,,2021-10-28,32856,7.9,,8554,4,5.6,%,7.9
503130,500396,500026,3004501,,2021-10-28,32856,160,,8840,70,99,mg/dL,160.0
503131,500396,500026,3004249,,2021-10-28,32856,97,,8876,90,130,mmHg,97.0
503132,500396,500026,3012888,,2021-10-28,32856,83,,8876,60,85,mmHg,83.0
503133,500396,500026,3025315,,2021-10-28,32856,89.4,,9529,45,90,kg,89.4
503134,500396,500026,3038553,,2021-10-28,32856,29.5,,9531,18.5,25,kg/m2,29.5
503135,500396,500026,3022192,,2021-10-28,32856,252.5,,8840,0,150,mg/dL,252.5
503136,500396,500026,3007070,,2021-10-28,32856,56.9,,8840,40,60,mg/dL,56.9
503137,500396,500026,3028437,,2021-10-28,32856,96.5,,8840,0,130,mg/dL,96.5
503138,500396,500026,3013721,,2021-10-28,32856,71.3,,8645,0,40,U/L,71.3
503139,500396,500026,3006923,,2021-10-28,32856,9.1,,8645,0,40,U/L,9.1
503140,500396,500026,3016723,,2021-10-28,32856,0.73,,8840,0.6,1.2,mg/dL,0.73
503141,500396,500026,3049187,,2021-10-28,32856,110,,9550,90,130,mL/min/1.73m2,110.0
503142,500397,500026,3004410,,2022-01-22,32856,7.3,,8554,4,5.6,%,7.3
503143,500397,500026,3004501,,2022-01-22,32856,148,,8840,70,99,mg/dL,148.0
503144,500397,500026,3004249,,2022-01-22,32856,145,,8876,90,130,mmHg,145.0
503145,500397,500026,3012888,,2022-01-22,32856,80,,8876,60,85,mmHg,80.0
503146,500397,500026,3025315,,2022-01-22,32856,87.8,,9529,45,90,kg,87.8
503147,500397,500026,3038553,,2022-01-22,32856,28.9,,9531,18.5,25,kg/m2,28.9
503148,500398,500026,3004410,,2022-04-24,32856,7.8,,8554,4,5.6,%,7.8
503149,500398,500026,3004501,,2022-04-24,32856,158,,8840,70,99,mg/dL,158.0
503150,500398,500026,3004249,,2022-04-24,32856,104,,8876,90,130,mmHg,104.0
503151,500398,500026,3012888,,2022-04-24,32856,91,,8876,60,85,mmHg,91.0
503152,500398,500026,3025315,,2022-04-24,32856,87,,9529,45,90,kg,87.0
503153,500398,500026,3038553,,2022-04-24,32856,28.7,,9531,18.5,25,kg/m2,28.7
503154,500399,500026,3004410,,2022-07-24,32856,7.6,,8554,4,5.6,%,7.6
503155,500399,500026,3004501,,2022-07-24,32856,148,,8840,70,99,mg/dL,148.0
503156,500399,500026,3004249,,2022-07-24,32856,108,,8876,90,130,mmHg,108.0
503157,500399,500026,3012888,,2022-07-24,32856,77,,8876,60,85,mmHg,77.0
503158,500399,500026,3025315,,2022-07-24,32856,88.6,,9529,45,90,kg,88.6
503159,500399,500026,3038553,,2022-07-24,32856,29.2,,9531,18.5,25,kg/m2,29.2
503160,500400,500026,3004410,,2022-10-27,32856,7.5,,8554,4,5.6,%,7.5
503161,500400,500026,3004501,,2022-10-27,32856,169,,8840,70,99,mg/dL,169.0
503162,500400,500026,3004249,,2022-10-27,32856,119,,8876,90,130,mmHg,119.0
503163,500400,500026,3012888,,2022-10-27,32856,79,,8876,60,85,mmHg,79.0
503164,500400,500026,3025315,,2022-10-27,32856,89.5,,9529,45,90,kg,89.5
503165,500400,500026,3038553,,2022-10-27,32856,29.5,,9531,18.5,25,kg/m2,29.5
503166,500400,500026,3022192,,2022-10-27,32856,93.5,,8840,0,150,mg/dL,93.5
503167,500400,500026,3007070,,2022-10-27,32856,74.8,,8840,40,60,mg/dL,74.8
503168,500400,500026,3028437,,2022-10-27,32856,119.2,,8840,0,130,mg/dL,119.2
503169,500400,500026,3013721,,2022-10-27,32856,39.7,,8645,0,40,U/L,39.7
503170,500400,500026,3006923,,2022-10-27,32856,64.4,,8645,0,40,U/L,64.4
503171,500400,500026,3016723,,2022-10-27,32856,0.76,,8840,0.6,1.2,mg/dL,0.76
503172,500400,500026,3049187,,2022-10-27,32856,108,,9550,90,130,mL/min/1.73m2,108.0
503173,500401,500027,3036277,,2018-08-06,32856,167.1,,8582,150,185,cm,167.1
503174,500401,500027,3004410,,2018-08-06,32856,8.7,,8554,4,5.6,%,8.7
503175,500401,500027,3004501,,2018-08-06,32856,176,,8840,70,99,mg/dL,176.0
503176,500401,500027,3004249,,2018-08-06,32856,132,,8876,90,130,mmHg,132.0
503177,500401,500027,3012888,,2018-08-06,32856,77,,8876,60,85,mmHg,77.0
503178,500401,500027,3025315,,2018-08-06,32856,75.1,,9529,45,90,kg,75.1
503179,500401,500027,3038553,,2018-08-06,32856,26.9,,9531,18.5,25,kg/m2,26.9
503180,500401,500027,3022192,,2018-08-06,32856,238.7,,8840,0,150,mg/dL,238.7
503181,500401,500027,3007070,,2018-08-06,32856,51.3,,8840,40,60,mg/dL,51.3
503182,500401,500027,3028437,,2018-08-06,32856,130.3,,8840,0,130,mg/dL,130.3
503183,500401,500027,3013721,,2018-08-06,32856,38.9,,8645,0,40,U/L,38.9
503184,500401,500027,3006923,,2018-08-06,32856,15.5,,8645,0,40,U/L,15.5
503185,500401,500027,3016723,,2018-08-06,32856,0.86,,8840,0.6,1.2,mg/dL,0.86
503186,500401,500027,3049187,,2018-08-06,32856,85,,9550,90,130,mL/min/1.73m2,85.0
503187,500402,500027,3004410,,2018-11-04,32856,8.1,,8554,4,5.6,%,8.1
503188,500402,500027,3004501,,2018-11-04,32856,157,,8840,70,99,mg/dL,157.0
503189,500402,500027,3004249,,2018-11-04,32856,110,,8876,90,130,mmHg,110.0
503190,500402,500027,3012888,,2018-11-04,32856,81,,8876,60,85,mmHg,81.0
503191,500402,500027,3025315,,2018-11-04,32856,75.4,,9529,45,90,kg,75.4
503192,500402,500027,3038553,,2018-11-04,32856,27,,9531,18.5,25,kg/m2,27.0
503193,500403,500027,3004410,,2019-01-27,32856,7.3,,8554,4,5.6,%,7.3
503194,500403,500027,3004501,,2019-01-27,32856,158,,8840,70,99,mg/dL,158.0
503195,500403,500027,3004249,,2019-01-27,32856,132,,8876,90,130,mmHg,132.0
503196,500403,500027,3012888,,2019-01-27,32856,87,,8876,60,85,mmHg,87.0
503197,500403,500027,3025315,,2019-01-27,32856,76.5,,9529,45,90,kg,76.5
503198,500403,500027,3038553,,2019-01-27,32856,27.4,,9531,18.5,25,kg/m2,27.4
503199,500404,500027,3004410,,2019-04-26,32856,7.1,,8554,4,5.6,%,7.1
503200,500404,500027,3004501,,2019-04-26,32856,135,,8840,70,99,mg/dL,135.0
503201,500404,500027,3004249,,2019-04-26,32856,117,,8876,90,130,mmHg,117.0
503202,500404,500027,3012888,,2019-04-26,32856,74,,8876,60,85,mmHg,74.0
503203,500404,500027,3025315,,2019-04-26,32856,76.1,,9529,45,90,kg,76.1
503204,500404,500027,3038553,,2019-04-26,32856,27.3,,9531,18.5,25,kg/m2,27.3
503205,500405,500027,3004410,,2019-07-31,32856,7,,8554,4,5.6,%,7.0
503206,500405,500027,3004501,,2019-07-31,32856,123,,8840,70,99,mg/dL,123.0
503207,500405,500027,3004249,,2019-07-31,32856,110,,8876,90,130,mmHg,110.0
503208,500405,500027,3012888,,2019-07-31,32856,80,,8876,60,85,mmHg,80.0
503209,500405,500027,3025315,,2019-07-31,32856,75.2,,9529,45,90,kg,75.2
503210,500405,500027,3038553,,2019-07-31,32856,26.9,,9531,18.5,25,kg/m2,26.9
503211,500405,500027,3022192,,2019-07-31,32856,268.6,,8840,0,150,mg/dL,268.6
503212,500405,500027,3007070,,2019-07-31,32856,51.6,,8840,40,60,mg/dL,51.6
503213,500405,500027,3028437,,2019-07-31,32856,76.3,,8840,0,130,mg/dL,76.3
503214,500405,500027,3013721,,2019-07-31,32856,33.5,,8645,0,40,U/L,33.5
503215,500405,500027,3006923,,2019-07-31,32856,21.4,,8645,0,40,U/L,21.4
503216,500405,500027,3016723,,2019-07-31,32856,0.62,,8840,0.6,1.2,mg/dL,0.62
503217,500405,500027,3049187,,2019-07-31,32856,112,,9550,90,130,mL/min/1.73m2,112.0
503218,500406,500027,3004410,,2019-11-05,32856,7.3,,8554,4,5.6,%,7.3
503219,500406,500027,3004501,,2019-11-05,32856,128,,8840,70,99,mg/dL,128.0
503220,500406,500027,3004249,,2019-11-05,32856,150,,8876,90,130,mmHg,150.0
503221,500406,500027,3012888,,2019-11-05,32856,71,,8876,60,85,mmHg,71.0
503222,500406,500027,3025315,,2019-11-05,32856,74.9,,9529,45,90,kg,74.9
503223,500406,500027,3038553,,2019-11-05,32856,26.8,,9531,18.5,25,kg/m2,26.8
503224,500407,500027,3004410,,2020-02-11,32856,7.2,,8554,4,5.6,%,7.2
503225,500407,500027,3004501,,2020-02-11,32856,151,,8840,70,99,mg/dL,151.0
503226,500407,500027,3004249,,2020-02-11,32856,120,,8876,90,130,mmHg,120.0
503227,500407,500027,3012888,,2020-02-11,32856,67,,8876,60,85,mmHg,67.0
503228,500407,500027,3025315,,2020-02-11,32856,75.5,,9529,45,90,kg,75.5
503229,500407,500027,3038553,,2020-02-11,32856,27,,9531,18.5,25,kg/m2,27.0
503230,500408,500027,3004410,,2020-05-05,32856,6.8,,8554,4,5.6,%,6.8
503231,500408,500027,3004501,,2020-05-05,32856,129,,8840,70,99,mg/dL,129.0
503232,500408,500027,3004249,,2020-05-05,32856,140,,8876,90,130,mmHg,140.0
503233,500408,500027,3012888,,2020-05-05,32856,77,,8876,60,85,mmHg,77.0
503234,500408,500027,3025315,,2020-05-05,32856,75.8,,9529,45,90,kg,75.8
503235,500408,500027,3038553,,2020-05-05,32856,27.1,,9531,18.5,25,kg/m2,27.1
503236,500409,500027,3004410,,2020-07-28,32856,6.8,,8554,4,5.6,%,6.8
503237,500409,500027,3004501,,2020-07-28,32856,120,,8840,70,99,mg/dL,120.0
503238,500409,500027,3004249,,2020-07-28,32856,139,,8876,90,130,mmHg,139.0
503239,500409,500027,3012888,,2020-07-28,32856,64,,8876,60,85,mmHg,64.0
503240,500409,500027,3025315,,2020-07-28,32856,75.7,,9529,45,90,kg,75.7
503241,500409,500027,3038553,,2020-07-28,32856,27.1,,9531,18.5,25,kg/m2,27.1
503242,500409,500027,3022192,,2020-07-28,32856,98.7,,8840,0,150,mg/dL,98.7
503243,500409,500027,3007070,,2020-07-28,32856,55.9,,8840,40,60,mg/dL,55.9
503244,500409,500027,3028437,,2020-07-28,32856,149.6,,8840,0,130,mg/dL,149.6
503245,500409,500027,3013721,,2020-07-28,32856,31.4,,8645,0,40,U/L,31.4
503246,500409,500027,3006923,,2020-07-28,32856,6,,8645,0,40,U/L,6.0
503247,500409,500027,3016723,,2020-07-28,32856,0.93,,8840,0.6,1.2,mg/dL,0.93
503248,500409,500027,3049187,,2020-07-28,32856,77,,9550,90,130,mL/min/1.73m2,77.0
503249,500410,500027,3004410,,2020-10-30,32856,7.2,,8554,4,5.6,%,7.2
503250,500410,500027,3004501,,2020-10-30,32856,127,,8840,70,99,mg/dL,127.0
503251,500410,500027,3004249,,2020-10-30,32856,127,,8876,90,130,mmHg,127.0
503252,500410,500027,3012888,,2020-10-30,32856,75,,8876,60,85,mmHg,75.0
503253,500410,500027,3025315,,2020-10-30,32856,74,,9529,45,90,kg,74.0
503254,500410,500027,3038553,,2020-10-30,32856,26.5,,9531,18.5,25,kg/m2,26.5
503255,500411,500027,3004410,,2021-01-24,32856,6.9,,8554,4,5.6,%,6.9
503256,500411,500027,3004501,,2021-01-24,32856,124,,8840,70,99,mg/dL,124.0
503257,500411,500027,3004249,,2021-01-24,32856,142,,8876,90,130,mmHg,142.0
503258,500411,500027,3012888,,2021-01-24,32856,72,,8876,60,85,mmHg,72.0
503259,500411,500027,3025315,,2021-01-24,32856,74.5,,9529,45,90,kg,74.5
503260,500411,500027,3038553,,2021-01-24,32856,26.7,,9531,18.5,25,kg/m2,26.7
503261,500412,500027,3004410,,2021-04-30,32856,7.2,,8554,4,5.6,%,7.2
503262,500412,500027,3004501,,2021-04-30,32856,120,,8840,70,99,mg/dL,120.0
503263,500412,500027,3004249,,2021-04-30,32856,110,,8876,90,130,mmHg,110.0
503264,500412,500027,3012888,,2021-04-30,32856,77,,8876,60,85,mmHg,77.0
503265,500412,500027,3025315,,2021-04-30,32856,74.9,,9529,45,90,kg,74.9
503266,500412,500027,3038553,,2021-04-30,32856,26.8,,9531,18.5,25,kg/m2,26.8
503267,500413,500027,3004410,,2021-07-26,32856,7.6,,8554,4,5.6,%,7.6
503268,500413,500027,3004501,,2021-07-26,32856,150,,8840,70,99,mg/dL,150.0
503269,500413,500027,3004249,,2021-07-26,32856,123,,8876,90,130,mmHg,123.0
503270,500413,500027,3012888,,2021-07-26,32856,65,,8876,60,85,mmHg,65.0
503271,500413,500027,3025315,,2021-07-26,32856,75.7,,9529,45,90,kg,75.7
503272,500413,500027,3038553,,2021-07-26,32856,27.1,,9531,18.5,25,kg/m2,27.1
503273,500413,500027,3022192,,2021-07-26,32856,205,,8840,0,150,mg/dL,205.0
503274,500413,500027,3007070,,2021-07-26,32856,34.6,,8840,40,60,mg/dL,34.6
503275,500413,500027,3028437,,2021-07-26,32856,112.2,,8840,0,130,mg/dL,112.2
503276,500413,500027,3013721,,2021-07-26,32856,48.3,,8645,0,40,U/L,48.3
503277,500413,500027,3006923,,2021-07-26,32856,61.2,,8645,0,40,U/L,61.2
503278,500413,500027,3016723,,2021-07-26,32856,1.16,,8840,0.6,1.2,mg/dL,1.16
503279,500413,500027,3049187,,2021-07-26,32856,59,,9550,90,130,mL/min/1.73m2,59.0
503280,500414,500027,3004410,,2021-11-01,32856,7.7,,8554,4,5.6,%,7.7
503281,500414,500027,3004501,,2021-11-01,32856,132,,8840,70,99,mg/dL,132.0
503282,500414,500027,3004249,,2021-11-01,32856,133,,8876,90,130,mmHg,133.0
503283,500414,500027,3012888,,2021-11-01,32856,92,,8876,60,85,mmHg,92.0
503284,500414,500027,3025315,,2021-11-01,32856,75.9,,9529,45,90,kg,75.9
503285,500414,500027,3038553,,2021-11-01,32856,27.2,,9531,18.5,25,kg/m2,27.2
503286,500415,500027,3004410,,2022-01-28,32856,7.1,,8554,4,5.6,%,7.1
503287,500415,500027,3004501,,2022-01-28,32856,124,,8840,70,99,mg/dL,124.0
503288,500415,500027,3004249,,2022-01-28,32856,127,,8876,90,130,mmHg,127.0
503289,500415,500027,3012888,,2022-01-28,32856,76,,8876,60,85,mmHg,76.0
503290,500415,500027,3025315,,2022-01-28,32856,75.4,,9529,45,90,kg,75.4
503291,500415,500027,3038553,,2022-01-28,32856,27,,9531,18.5,25,kg/m2,27.0
503292,500416,500027,3004410,,2022-04-25,32856,7.3,,8554,4,5.6,%,7.3
503293,500416,500027,3004501,,2022-04-25,32856,125,,8840,70,99,mg/dL,125.0
503294,500416,500027,3004249,,2022-04-25,32856,124,,8876,90,130,mmHg,124.0
503295,500416,500027,3012888,,2022-04-25,32856,77,,8876,60,85,mmHg,77.0
503296,500416,500027,3025315,,2022-04-25,32856,75.8,,9529,45,90,kg,75.8
503297,500416,500027,3038553,,2022-04-25,32856,27.1,,9531,18.5,25,kg/m2,27.1
503298,500417,500027,3004410,,2022-07-31,32856,7.4,,8554,4,5.6,%,7.4
503299,500417,500027,3004501,,2022-07-31,32856,157,,8840,70,99,mg/dL,157.0
503300,500417,500027,3004249,,2022-07-31,32856,105,,8876,90,130,mmHg,105.0
503301,500417,500027,3012888,,2022-07-31,32856,81,,8876,60,85,mmHg,81.0
503302,500417,500027,3025315,,2022-07-31,32856,75.3,,9529,45,90,kg,75.3
503303,500417,500027,3038553,,2022-07-31,32856,27,,9531,18.5,25,kg/m2,27.0
503304,500417,500027,3022192,,2022-07-31,32856,209.9,,8840,0,150,mg/dL,209.9
503305,500417,500027,3007070,,2022-07-31,32856,59.8,,8840,40,60,mg/dL,59.8
503306,500417,500027,3028437,,2022-07-31,32856,63.4,,8840,0,130,mg/dL,63.4
503307,500417,500027,3013721,,2022-07-31,32856,39.2,,8645,0,40,U/L,39.2
503308,500417,500027,3006923,,2022-07-31,32856,52.7,,8645,0,40,U/L,52.7
503309,500417,500027,3016723,,2022-07-31,32856,0.7,,8840,0.6,1.2,mg/dL,0.7
503310,500417,500027,3049187,,2022-07-31,32856,107,,9550,90,130,mL/min/1.73m2,107.0
503311,500418,500027,3004410,,2022-10-25,32856,7.5,,8554,4,5.6,%,7.5
503312,500418,500027,3004501,,2022-10-25,32856,127,,8840,70,99,mg/dL,127.0
503313,500418,500027,3004249,,2022-10-25,32856,108,,8876,90,130,mmHg,108.0
503314,500418,500027,3012888,,2022-10-25,32856,75,,8876,60,85,mmHg,75.0
503315,500418,500027,3025315,,2022-10-25,32856,76.1,,9529,45,90,kg,76.1
503316,500418,500027,3038553,,2022-10-25,32856,27.3,,9531,18.5,25,kg/m2,27.3
503317,500419,500027,3004410,,2023-01-31,32856,8.4,,8554,4,5.6,%,8.4
503318,500419,500027,3004501,,2023-01-31,32856,170,,8840,70,99,mg/dL,170.0
503319,500419,500027,3004249,,2023-01-31,32856,127,,8876,90,130,mmHg,127.0
503320,500419,500027,3012888,,2023-01-31,32856,77,,8876,60,85,mmHg,77.0
503321,500419,500027,3025315,,2023-01-31,32856,76.5,,9529,45,90,kg,76.5
503322,500419,500027,3038553,,2023-01-31,32856,27.4,,9531,18.5,25,kg/m2,27.4
503323,500420,500027,3004410,,2023-05-06,32856,7.8,,8554,4,5.6,%,7.8
503324,500420,500027,3004501,,2023-05-06,32856,148,,8840,70,99,mg/dL,148.0
503325,500420,500027,3004249,,2023-05-06,32856,127,,8876,90,130,mmHg,127.0
503326,500420,500027,3012888,,2023-05-06,32856,66,,8876,60,85,mmHg,66.0
503327,500420,500027,3025315,,2023-05-06,32856,77.4,,9529,45,90,kg,77.4
503328,500420,500027,3038553,,2023-05-06,32856,27.7,,9531,18.5,25,kg/m2,27.7
503329,500421,500027,3004410,,2023-07-31,32856,8.1,,8554,4,5.6,%,8.1
503330,500421,500027,3004501,,2023-07-31,32856,147,,8840,70,99,mg/dL,147.0
503331,500421,500027,3004249,,2023-07-31,32856,113,,8876,90,130,mmHg,113.0
503332,500421,500027,3012888,,2023-07-31,32856,78,,8876,60,85,mmHg,78.0
503333,500421,500027,3025315,,2023-07-31,32856,77.3,,9529,45,90,kg,77.3
503334,500421,500027,3038553,,2023-07-31,32856,27.7,,9531,18.5,25,kg/m2,27.7
503335,500421,500027,3022192,,2023-07-31,32856,114.5,,8840,0,150,mg/dL,114.5
503336,500421,500027,3007070,,2023-07-31,32856,60.4,,8840,40,60,mg/dL,60.4
503337,500421,500027,3028437,,2023-07-31,32856,95.2,,8840,0,130,mg/dL,95.2
503338,500421,500027,3013721,,2023-07-31,32856,48.8,,8645,0,40,U/L,48.8
503339,500421,500027,3006923,,2023-07-31,32856,51.1,,8645,0,40,U/L,51.1
503340,500421,500027,3016723,,2023-07-31,32856,0.83,,8840,0.6,1.2,mg/dL,0.83
503341,500421,500027,3049187,,2023-07-31,32856,86,,9550,90,130,mL/min/1.73m2,86.0
503342,500422,500027,3004410,,2023-11-03,32856,7,,8554,4,5.6,%,7.0
503343,500422,500027,3004501,,2023-11-03,32856,126,,8840,70,99,mg/dL,126.0
503344,500422,500027,3004249,,2023-11-03,32856,125,,8876,90,130,mmHg,125.0
503345,500422,500027,3012888,,2023-11-03,32856,78,,8876,60,85,mmHg,78.0
503346,500422,500027,3025315,,2023-11-03,32856,78.3,,9529,45,90,kg,78.3
503347,500422,500027,3038553,,2023-11-03,32856,28,,9531,18.5,25,kg/m2,28.0
503348,500423,500027,3004410,,2024-01-30,32856,6.8,,8554,4,5.6,%,6.8
503349,500423,500027,3004501,,2024-01-30,32856,146,,8840,70,99,mg/dL,146.0
503350,500423,500027,3004249,,2024-01-30,32856,120,,8876,90,130,mmHg,120.0
503351,500423,500027,3012888,,2024-01-30,32856,82,,8876,60,85,mmHg,82.0
503352,500423,500027,3025315,,2024-01-30,32856,78.1,,9529,45,90,kg,78.1
503353,500423,500027,3038553,,2024-01-30,32856,28,,9531,18.5,25,kg/m2,28.0
503354,500424,500028,3036277,,2018-08-04,32856,174.1,,8582,150,185,cm,174.1
503355,500424,500028,3004410,,2018-08-04,32856,9.8,,8554,4,5.6,%,9.8
503356,500424,500028,3004501,,2018-08-04,32856,210,,8840,70,99,mg/dL,210.0
503357,500424,500028,3004249,,2018-08-04,32856,130,,8876,90,130,mmHg,130.0
503358,500424,500028,3012888,,2018-08-04,32856,75,,8876,60,85,mmHg,75.0
503359,500424,500028,3025315,,2018-08-04,32856,88.8,,9529,45,90,kg,88.8
503360,500424,500028,3038553,,2018-08-04,32856,29.3,,9531,18.5,25,kg/m2,29.3
503361,500424,500028,3022192,,2018-08-04,32856,113.7,,8840,0,150,mg/dL,113.7
503362,500424,500028,3007070,,2018-08-04,32856,29.9,,8840,40,60,mg/dL,29.9
503363,500424,500028,3028437,,2018-08-04,32856,116.8,,8840,0,130,mg/dL,116.8
503364,500424,500028,3013721,,2018-08-04,32856,24,,8645,0,40,U/L,24.0
503365,500424,500028,3006923,,2018-08-04,32856,13.5,,8645,0,40,U/L,13.5
503366,500424,500028,3016723,,2018-08-04,32856,0.5,,8840,0.6,1.2,mg/dL,0.5
503367,500424,500028,3049187,,2018-08-04,32856,119,,9550,90,130,mL/min/1.73m2,119.0
503368,500425,500028,3004410,,2018-11-09,32856,9.3,,8554,4,5.6,%,9.3
503369,500425,500028,3004501,,2018-11-09,32856,186,,8840,70,99,mg/dL,186.0
503370,500425,500028,3004249,,2018-11-09,32856,145,,8876,90,130,mmHg,145.0
503371,500425,500028,3012888,,2018-11-09,32856,89,,8876,60,85,mmHg,89.0
503372,500425,500028,3025315,,2018-11-09,32856,90.7,,9529,45,90,kg,90.7
503373,500425,500028,3038553,,2018-11-09,32856,29.9,,9531,18.5,25,kg/m2,29.9
503374,500426,500028,3004410,,2019-02-08,32856,9.1,,8554,4,5.6,%,9.1
503375,500426,500028,3004501,,2019-02-08,32856,172,,8840,70,99,mg/dL,172.0
503376,500426,500028,3004249,,2019-02-08,32856,127,,8876,90,130,mmHg,127.0
503377,500426,500028,3012888,,2019-02-08,32856,84,,8876,60,85,mmHg,84.0
503378,500426,500028,3025315,,2019-02-08,32856,91.7,,9529,45,90,kg,91.7
503379,500426,500028,3038553,,2019-02-08,32856,30.3,,9531,18.5,25,kg/m2,30.3
503380,500427,500028,3004410,,2019-05-11,32856,7.8,,8554,4,5.6,%,7.8
503381,500427,500028,3004501,,2019-05-11,32856,143,,8840,70,99,mg/dL,143.0
503382,500427,500028,3004249,,2019-05-11,32856,136,,8876,90,130,mmHg,136.0
503383,500427,500028,3012888,,2019-05-11,32856,91,,8876,60,85,mmHg,91.0
503384,500427,500028,3025315,,2019-05-11,32856,92.4,,9529,45,90,kg,92.4
503385,500427,500028,3038553,,2019-05-11,32856,30.5,,9531,18.5,25,kg/m2,30.5
503386,500428,500028,3004410,,2019-08-11,32856,7.3,,8554,4,5.6,%,7.3
503387,500428,500028,3004501,,2019-08-11,32856,151,,8840,70,99,mg/dL,151.0
503388,500428,500028,3004249,,2019-08-11,32856,133,,8876,90,130,mmHg,133.0
503389,500428,500028,3012888,,2019-08-11,32856,84,,8876,60,85,mmHg,84.0
503390,500428,500028,3025315,,2019-08-11,32856,92.5,,9529,45,90,kg,92.5
503391,500428,500028,3038553,,2019-08-11,32856,30.5,,9531,18.5,25,kg/m2,30.5
503392,500428,500028,3022192,,2019-08-11,32856,263.7,,8840,0,150,mg/dL,263.7
503393,500428,500028,3007070,,2019-08-11,32856,47.1,,8840,40,60,mg/dL,47.1
503394,500428,500028,3028437,,2019-08-11,32856,181.1,,8840,0,130,mg/dL,181.1
503395,500428,500028,3013721,,2019-08-11,32856,61.8,,8645,0,40,U/L,61.8
503396,500428,500028,3006923,,2019-08-11,32856,6,,8645,0,40,U/L,6.0
503397,500428,500028,3016723,,2019-08-11,32856,1,,8840,0.6,1.2,mg/dL,1.0
503398,500428,500028,3049187,,2019-08-11,32856,87,,9550,90,130,mL/min/1.73m2,87.0
503399,500429,500028,3004410,,2019-11-16,32856,7,,8554,4,5.6,%,7.0
503400,500429,500028,3004501,,2019-11-16,32856,131,,8840,70,99,mg/dL,131.0
503401,500429,500028,3004249,,2019-11-16,32856,123,,8876,90,130,mmHg,123.0
503402,500429,500028,3012888,,2019-11-16,32856,83,,8876,60,85,mmHg,83.0
503403,500429,500028,3025315,,2019-11-16,32856,91.1,,9529,45,90,kg,91.1
503404,500429,500028,3038553,,2019-11-16,32856,30.1,,9531,18.5,25,kg/m2,30.1
503405,500430,500028,3004410,,2020-02-19,32856,7.5,,8554,4,5.6,%,7.5
503406,500430,500028,3004501,,2020-02-19,32856,117,,8840,70,99,mg/dL,117.0
503407,500430,500028,3004249,,2020-02-19,32856,136,,8876,90,130,mmHg,136.0
503408,500430,500028,3012888,,2020-02-19,32856,68,,8876,60,85,mmHg,68.0
503409,500430,500028,3025315,,2020-02-19,32856,90.1,,9529,45,90,kg,90.1
503410,500430,500028,3038553,,2020-02-19,32856,29.7,,9531,18.5,25,kg/m2,29.7
503411,500431,500028,3004410,,2020-05-20,32856,7.6,,8554,4,5.6,%,7.6
503412,500431,500028,3004501,,2020-05-20,32856,140,,8840,70,99,mg/dL,140.0
503413,500431,500028,3004249,,2020-05-20,32856,137,,8876,90,130,mmHg,137.0
503414,500431,500028,3012888,,2020-05-20,32856,87,,8876,60,85,mmHg,87.0
503415,500431,500028,3025315,,2020-05-20,32856,89.7,,9529,45,90,kg,89.7
503416,500431,500028,3038553,,2020-05-20,32856,29.6,,9531,18.5,25,kg/m2,29.6
503417,500432,500028,3004410,,2020-08-19,32856,7.6,,8554,4,5.6,%,7.6
503418,500432,500028,3004501,,2020-08-19,32856,125,,8840,70,99,mg/dL,125.0
503419,500432,500028,3004249,,2020-08-19,32856,142,,8876,90,130,mmHg,142.0
503420,500432,500028,3012888,,2020-08-19,32856,90,,8876,60,85,mmHg,90.0
503421,500432,500028,3025315,,2020-08-19,32856,91.7,,9529,45,90,kg,91.7
503422,500432,500028,3038553,,2020-08-19,32856,30.3,,9531,18.5,25,kg/m2,30.3
503423,500432,500028,3022192,,2020-08-19,32856,150.1,,8840,0,150,mg/dL,150.1
503424,500432,500028,3007070,,2020-08-19,32856,40.2,,8840,40,60,mg/dL,40.2
503425,500432,500028,3028437,,2020-08-19,32856,98.7,,8840,0,130,mg/dL,98.7
503426,500432,500028,3013721,,2020-08-19,32856,40.3,,8645,0,40,U/L,40.3
503427,500432,500028,3006923,,2020-08-19,32856,33.3,,8645,0,40,U/L,33.3
503428,500432,500028,3016723,,2020-08-19,32856,0.82,,8840,0.6,1.2,mg/dL,0.82
503429,500432,500028,3049187,,2020-08-19,32856,101,,9550,90,130,mL/min/1.73m2,101.0
503430,500433,500028,3004410,,2020-11-12,32856,7.6,,8554,4,5.6,%,7.6
503431,500433,500028,3004501,,2020-11-12,32856,136,,8840,70,99,mg/dL,136.0
503432,500433,500028,3004249,,2020-11-12,32856,131,,8876,90,130,mmHg,131.0
503433,500433,500028,3012888,,2020-11-12,32856,77,,8876,60,85,mmHg,77.0
503434,500433,500028,3025315,,2020-11-12,32856,92.7,,9529,45,90,kg,92.7
503435,500433,500028,3038553,,2020-11-12,32856,30.6,,9531,18.5,25,kg/m2,30.6
503436,500434,500028,3004501,,2020-12-17,32856,34,,8840,70,99,mg/dL,34.0
503437,500435,500028,3004410,,2021-02-14,32856,7.8,,8554,4,5.6,%,7.8
503438,500435,500028,3004501,,2021-02-14,32856,141,,8840,70,99,mg/dL,141.0
503439,500435,500028,3004249,,2021-02-14,32856,128,,8876,90,130,mmHg,128.0
503440,500435,500028,3012888,,2021-02-14,32856,92,,8876,60,85,mmHg,92.0
503441,500435,500028,3025315,,2021-02-14,32856,91.2,,9529,45,90,kg,91.2
503442,500435,500028,3038553,,2021-02-14,32856,30.1,,9531,18.5,25,kg/m2,30.1
503443,500436,500028,3004410,,2021-05-18,32856,7.8,,8554,4,5.6,%,7.8
503444,500436,500028,3004501,,2021-05-18,32856,154,,8840,70,99,mg/dL,154.0
503445,500436,500028,3004249,,2021-05-18,32856,146,,8876,90,130,mmHg,146.0
503446,500436,500028,3012888,,2021-05-18,32856,90,,8876,60,85,mmHg,90.0
503447,500436,500028,3025315,,2021-05-18,32856,92.2,,9529,45,90,kg,92.2
503448,500436,500028,3038553,,2021-05-18,32856,30.4,,9531,18.5,25,kg/m2,30.4
503449,500437,500028,3004410,,2021-08-22,32856,7.5,,8554,4,5.6,%,7.5
503450,500437,500028,3004501,,2021-08-22,32856,156,,8840,70,99,mg/dL,156.0
503451,500437,500028,3004249,,2021-08-22,32856,136,,8876,90,130,mmHg,136.0
503452,500437,500028,3012888,,2021-08-22,32856,75,,8876,60,85,mmHg,75.0
503453,500437,500028,3025315,,2021-08-22,32856,92.3,,9529,45,90,kg,92.3
503454,500437,500028,3038553,,2021-08-22,32856,30.5,,9531,18.5,25,kg/m2,30.5
503455,500437,500028,3022192,,2021-08-22,32856,237.5,,8840,0,150,mg/dL,237.5
503456,500437,500028,3007070,,2021-08-22,32856,25,,8840,40,60,mg/dL,25.0
503457,500437,500028,3028437,,2021-08-22,32856,139.2,,8840,0,130,mg/dL,139.2
503458,500437,500028,3013721,,2021-08-22,32856,36.3,,8645,0,40,U/L,36.3
503459,500437,500028,3006923,,2021-08-22,32856,75.8,,8645,0,40,U/L,75.8
503460,500437,500028,3016723,,2021-08-22,32856,1.05,,8840,0.6,1.2,mg/dL,1.05
503461,500437,500028,3049187,,2021-08-22,32856,81,,9550,90,130,mL/min/1.73m2,81.0
503462,500438,500029,3036277,,2019-03-03,32856,166.8,,8582,150,185,cm,166.8
503463,500438,500029,3004410,,2019-03-03,32856,6.5,,8554,4,5.6,%,6.5
503464,500438,500029,3004501,,2019-03-03,32856,126,,8840,70,99,mg/dL,126
503465,500438,500029,3004249,,2019-03-03,32856,132,,8876,90,130,mmHg,132.0
503466,500438,500029,3012888,,2019-03-03,32856,80,,8876,60,85,mmHg,80.0
503467,500438,500029,3025315,,2019-03-03,32856,72.9,,9529,45,90,kg,72.9
503468,500438,500029,3038553,,2019-03-03,32856,26.2,,9531,18.5,25,kg/m2,26.2
503469,500438,500029,3022192,,2019-03-03,32856,12.2,,8840,0,150,mg/dL,12.2
503470,500438,500029,3007070,,2019-03-03,32856,40.4,,8840,40,60,mg/dL,40.4
503471,500438,500029,3028437,,2019-03-03,32856,86.6,,8840,0,130,mg/dL,86.6
503472,500438,500029,3013721,,2019-03-03,32856,81.6,,8645,0,40,U/L,81.6
503473,500438,500029,3006923,,2019-03-03,32856,36.2,,8645,0,40,U/L,36.2
503474,500438,500029,3016723,,2019-03-03,32856,0.66,,8840,0.6,1.2,mg/dL,0.66
503475,500438,500029,3049187,,2019-03-03,32856,108,,9550,90,130,mL/min/1.73m2,108.0
503476,500439,500029,3004410,,2019-06-08,32856,6.3,,8554,4,5.6,%,6.3
503477,500439,500029,3004501,,2019-06-08,32856,121,,8840,70,99,mg/dL,121.0
503478,500439,500029,3004249,,2019-06-08,32856,140,,8876,90,130,mmHg,140.0
503479,500439,500029,3012888,,2019-06-08,32856,77,,8876,60,85,mmHg,77.0
503480,500439,500029,3025315,,2019-06-08,32856,73.5,,9529,45,90,kg,73.5
503481,500439,500029,3038553,,2019-06-08,32856,26.4,,9531,18.5,25,kg/m2,26.4
503482,500440,500029,3004410,,2019-09-01,32856,6.6,,8554,4,5.6,%,6.6
503483,500440,500029,3004501,,2019-09-01,32856,128,,8840,70,99,mg/dL,128.0
503484,500440,500029,3004249,,2019-09-01,32856,133,,8876,90,130,mmHg,133.0
503485,500440,500029,3012888,,2019-09-01,32856,94,,8876,60,85,mmHg,94.0
503486,500440,500029,3025315,,2019-09-01,32856,74.8,,9529,45,90,kg,74.8
503487,500440,500029,3038553,,2019-09-01,32856,26.9,,9531,18.5,25,kg/m2,26.9
503488,500441,500029,3004410,,2019-12-06,32856,6.3,,8554,4,5.6,%,6.3
503489,500441,500029,3004501,,2019-12-06,32856,119,,8840,70,99,mg/dL,119.0
503490,500441,500029,3004249,,2019-12-06,32856,130,,8876,90,130,mmHg,130.0
503491,500441,500029,3012888,,2019-12-06,32856,78,,8876,60,85,mmHg,78.0
503492,500441,500029,3025315,,2019-12-06,32856,75.4,,9529,45,90,kg,75.4
503493,500441,500029,3038553,,2019-12-06,32856,27.1,,9531,18.5,25,kg/m2,27.1
503494,500442,500029,3004410,,2020-02-28,32856,5.9,,8554,4,5.6,%,5.9
503495,500442,500029,3004501,,2020-02-28,32856,102,,8840,70,99,mg/dL,102.0
503496,500442,500029,3004249,,2020-02-28,32856,121,,8876,90,130,mmHg,121.0
503497,500442,500029,3012888,,2020-02-28,32856,67,,8876,60,85,mmHg,67.0
503498,500442,500029,3025315,,2020-02-28,32856,76.5,,9529,45,90,kg,76.5
503499,500442,500029,3038553,,2020-02-28,32856,27.5,,9531,18.5,25,kg/m2,27.5
503500,500442,500029,3022192,,2020-02-28,32856,103.5,,8840,0,150,mg/dL,103.5
503501,500442,500029,3007070,,2020-02-28,32856,58.7,,8840,40,60,mg/dL,58.7
503502,500442,500029,3028437,,2020-02-28,32856,137.1,,8840,0,130,mg/dL,137.1
503503,500442,500029,3013721,,2020-02-28,32856,23.7,,8645,0,40,U/L,23.7
503504,500442,500029,3006923,,2020-02-28,32856,19.3,,8645,0,40,U/L,19.3
503505,500442,500029,3016723,,2020-02-28,32856,1.51,,8840,0.6,1.2,mg/dL,1.51
503506,500442,500029,3049187,,2020-02-28,32856,53,,9550,90,130,mL/min/1.73m2,53.0
503507,500443,500029,3004410,,2020-06-05,32856,5.8,,8554,4,5.6,%,5.8
503508,500443,500029,3004501,,2020-06-05,32856,93,,8840,70,99,mg/dL,93.0
503509,500443,500029,3004249,,2020-06-05,32856,135,,8876,90,130,mmHg,135.0
503510,500443,500029,3012888,,2020-06-05,32856,77,,8876,60,85,mmHg,77.0
503511,500443,500029,3025315,,2020-06-05,32856,75.1,,9529,45,90,kg,75.1
503512,500443,500029,3038553,,2020-06-05,32856,27,,9531,18.5,25,kg/m2,27.0
503513,500444,500029,3004410,,2020-09-07,32856,6,,8554,4,5.6,%,6.0
503514,500444,500029,3004501,,2020-09-07,32856,112,,8840,70,99,mg/dL,112.0
503515,500444,500029,3004249,,2020-09-07,32856,123,,8876,90,130,mmHg,123.0
503516,500444,500029,3012888,,2020-09-07,32856,80,,8876,60,85,mmHg,80.0
503517,500444,500029,3025315,,2020-09-07,32856,76.9,,9529,45,90,kg,76.9
503518,500444,500029,3038553,,2020-09-07,32856,27.6,,9531,18.5,25,kg/m2,27.6
503519,500445,500029,3004410,,2020-12-08,32856,5.8,,8554,4,5.6,%,5.8
503520,500445,500029,3004501,,2020-12-08,32856,91,,8840,70,99,mg/dL,91.0
503521,500445,500029,3004249,,2020-12-08,32856,123,,8876,90,130,mmHg,123.0
503522,500445,500029,3012888,,2020-12-08,32856,76,,8876,60,85,mmHg,76.0
503523,500445,500029,3025315,,2020-12-08,32856,77.5,,9529,45,90,kg,77.5
503524,500445,500029,3038553,,2020-12-08,32856,27.9,,9531,18.5,25,kg/m2,27.9
503525,500446,500029,3004410,,2021-03-06,32856,5.8,,8554,4,5.6,%,5.8
503526,500446,500029,3004501,,2021-03-06,32856,103,,8840,70,99,mg/dL,103.0
503527,500446,500029,3004249,,2021-03-06,32856,132,,8876,90,130,mmHg,132.0
503528,500446,500029,3012888,,2021-03-06,32856,81,,8876,60,85,mmHg,81.0
503529,500446,500029,3025315,,2021-03-06,32856,77,,9529,45,90,kg,77.0
503530,500446,500029,3038553,,2021-03-06,32856,27.7,,9531,18.5,25,kg/m2,27.7
503531,500446,500029,3022192,,2021-03-06,32856,214.6,,8840,0,150,mg/dL,214.6
503532,500446,500029,3007070,,2021-03-06,32856,43.3,,8840,40,60,mg/dL,43.3
503533,500446,500029,3028437,,2021-03-06,32856,165.2,,8840,0,130,mg/dL,165.2
503534,500446,500029,3013721,,2021-03-06,32856,47.9,,8645,0,40,U/L,47.9
503535,500446,500029,3006923,,2021-03-06,32856,64.2,,8645,0,40,U/L,64.2
503536,500446,500029,3016723,,2021-03-06,32856,0.85,,8840,0.6,1.2,mg/dL,0.85
503537,500446,500029,3049187,,2021-03-06,32856,99,,9550,90,130,mL/min/1.73m2,99.0
503538,500447,500029,3004410,,2021-05-29,32856,5.7,,8554,4,5.6,%,5.7
503539,500447,500029,3004501,,2021-05-29,32856,96,,8840,70,99,mg/dL,96.0
503540,500447,500029,3004249,,2021-05-29,32856,132,,8876,90,130,mmHg,132.0
503541,500447,500029,3012888,,2021-05-29,32856,76,,8876,60,85,mmHg,76.0
503542,500447,500029,3025315,,2021-05-29,32856,77.9,,9529,45,90,kg,77.9
503543,500447,500029,3038553,,2021-05-29,32856,28,,9531,18.5,25,kg/m2,28.0
503544,500448,500029,3004410,,2021-08-23,32856,5.9,,8554,4,5.6,%,5.9
503545,500448,500029,3004501,,2021-08-23,32856,106,,8840,70,99,mg/dL,106.0
503546,500448,500029,3004249,,2021-08-23,32856,132,,8876,90,130,mmHg,132.0
503547,500448,500029,3012888,,2021-08-23,32856,83,,8876,60,85,mmHg,83.0
503548,500448,500029,3025315,,2021-08-23,32856,78.5,,9529,45,90,kg,78.5
503549,500448,500029,3038553,,2021-08-23,32856,28.2,,9531,18.5,25,kg/m2,28.2
503550,500449,500029,3004410,,2021-11-29,32856,6.1,,8554,4,5.6,%,6.1
503551,500449,500029,3004501,,2021-11-29,32856,103,,8840,70,99,mg/dL,103.0
503552,500449,500029,3004249,,2021-11-29,32856,133,,8876,90,130,mmHg,133.0
503553,500449,500029,3012888,,2021-11-29,32856,69,,8876,60,85,mmHg,69.0
503554,500449,500029,3025315,,2021-11-29,32856,79.5,,9529,45,90,kg,79.5
503555,500449,500029,3038553,,2021-11-29,32856,28.6,,9531,18.5,25,kg/m2,28.6
503556,500450,500029,3004410,,2022-02-27,32856,5.6,,8554,4,5.6,%,5.6
503557,500450,500029,3004501,,2022-02-27,32856,112,,8840,70,99,mg/dL,112.0
503558,500450,500029,3004249,,2022-02-27,32856,120,,8876,90,130,mmHg,120.0
503559,500450,500029,3012888,,2022-02-27,32856,76,,8876,60,85,mmHg,76.0
503560,500450,500029,3025315,,2022-02-27,32856,78.8,,9529,45,90,kg,78.8
503561,500450,500029,3038553,,2022-02-27,32856,28.3,,9531,18.5,25,kg/m2,28.3
503562,500450,500029,3022192,,2022-02-27,32856,161.3,,8840,0,150,mg/dL,161.3
503563,500450,500029,3007070,,2022-02-27,32856,77,,8840,40,60,mg/dL,77.0
503564,500450,500029,3028437,,2022-02-27,32856,118.6,,8840,0,130,mg/dL,118.6
503565,500450,500029,3013721,,2022-02-27,32856,68.2,,8645,0,40,U/L,68.2
503566,500450,500029,3006923,,2022-02-27,32856,42.3,,8645,0,40,U/L,42.3
503567,500450,500029,3016723,,2022-02-27,32856,0.63,,8840,0.6,1.2,mg/dL,0.63
503568,500450,500029,3049187,,2022-02-27,32856,108,,9550,90,130,mL/min/1.73m2,108.0
503569,500451,500029,3004410,,2022-06-05,32856,5.7,,8554,4,5.6,%,5.7
503570,500451,500029,3004501,,2022-06-05,32856,94,,8840,70,99,mg/dL,94.0
503571,500451,500029,3004249,,2022-06-05,32856,122,,8876,90,130,mmHg,122.0
503572,500451,500029,3012888,,2022-06-05,32856,61,,8876,60,85,mmHg,61.0
503573,500451,500029,3025315,,2022-06-05,32856,77,,9529,45,90,kg,77.0
503574,500451,500029,3038553,,2022-06-05,32856,27.7,,9531,18.5,25,kg/m2,27.7
503575,500452,500029,3004410,,2022-08-30,32856,5.9,,8554,4,5.6,%,5.9
503576,500452,500029,3004501,,2022-08-30,32856,70,,8840,70,99,mg/dL,70
503577,500452,500029,3004249,,2022-08-30,32856,127,,8876,90,130,mmHg,127.0
503578,500452,500029,3012888,,2022-08-30,32856,72,,8876,60,85,mmHg,72.0
503579,500452,500029,3025315,,2022-08-30,32856,79,,9529,45,90,kg,79.0
503580,500452,500029,3038553,,2022-08-30,32856,28.4,,9531,18.5,25,kg/m2,28.4
503581,500453,500030,3036277,,2020-10-07,32856,167.5,,8582,150,185,cm,167.5
503582,500453,500030,3004410,,2020-10-07,32856,6.5,,8554,4,5.6,%,6.5
503583,500453,500030,3004501,,2020-10-07,32856,132,,8840,70,99,mg/dL,132.0
503584,500453,500030,3004249,,2020-10-07,32856,148,,8876,90,130,mmHg,148.0
503585,500453,500030,3012888,,2020-10-07,32856,78,,8876,60,85,mmHg,78.0
503586,500453,500030,3025315,,2020-10-07,32856,71,,9529,45,90,kg,71.0
503587,500453,500030,3038553,,2020-10-07,32856,25.3,,9531,18.5,25,kg/m2,25.3
503588,500453,500030,3022192,,2020-10-07,32856,251.1,,8840,0,150,mg/dL,251.1
503589,500453,500030,3007070,,2020-10-07,32856,58.6,,8840,40,60,mg/dL,58.6
503590,500453,500030,3028437,,2020-10-07,32856,110.8,,8840,0,130,mg/dL,110.8
503591,500453,500030,3013721,,2020-10-07,32856,12,,8645,0,40,U/L,12.0
503592,500453,500030,3006923,,2020-10-07,32856,29.7,,8645,0,40,U/L,29.7
503593,500453,500030,3016723,,2020-10-07,32856,0.73,,8840,0.6,1.2,mg/dL,0.73
503594,500453,500030,3049187,,2020-10-07,32856,123,,9550,90,130,mL/min/1.73m2,123.0
503595,500454,500030,3004410,,2021-01-01,32856,5.6,,8554,4,5.6,%,5.6
503596,500454,500030,3004501,,2021-01-01,32856,107,,8840,70,99,mg/dL,107.0
503597,500454,500030,3004249,,2021-01-01,32856,129,,8876,90,130,mmHg,129.0
503598,500454,500030,3012888,,2021-01-01,32856,94,,8876,60,85,mmHg,94.0
503599,500454,500030,3025315,,2021-01-01,32856,73.2,,9529,45,90,kg,73.2
503600,500454,500030,3038553,,2021-01-01,32856,26.1,,9531,18.5,25,kg/m2,26.1
503601,500455,500030,3004410,,2021-03-30,32856,5.5,,8554,4,5.6,%,5.5
503602,500455,500030,3004501,,2021-03-30,32856,79,,8840,70,99,mg/dL,79.0
503603,500455,500030,3004249,,2021-03-30,32856,132,,8876,90,130,mmHg,132.0
503604,500455,500030,3012888,,2021-03-30,32856,94,,8876,60,85,mmHg,94.0
503605,500455,500030,3025315,,2021-03-30,32856,72.6,,9529,45,90,kg,72.6
503606,500455,500030,3038553,,2021-03-30,32856,25.9,,9531,18.5,25,kg/m2,25.9
503607,500456,500030,3004410,,2021-06-25,32856,5,,8554,4,5.6,%,5.0
503608,500456,500030,3004501,,2021-06-25,32856,82,,8840,70,99,mg/dL,82.0
503609,500456,500030,3004249,,2021-06-25,32856,117,,8876,90,130,mmHg,117.0
503610,500456,500030,3012888,,2021-06-25,32856,73,,8876,60,85,mmHg,73.0
503611,500456,500030,3025315,,2021-06-25,32856,71,,9529,45,90,kg,71.0
503612,500456,500030,3038553,,2021-06-25,32856,25.3,,9531,18.5,25,kg/m2,25.3
503613,500457,500030,3004410,,2021-09-27,32856,6.1,,8554,4,5.6,%,6.1
503614,500457,500030,3004501,,2021-09-27,32856,110,,8840,70,99,mg/dL,110.0
503615,500457,500030,3004249,,2021-09-27,32856,113,,8876,90,130,mmHg,113.0
503616,500457,500030,3012888,,2021-09-27,32856,81,,8876,60,85,mmHg,81.0
503617,500457,500030,3025315,,2021-09-27,32856,71,,9529,45,90,kg,71.0
503618,500457,500030,3038553,,2021-09-27,32856,25.3,,9531,18.5,25,kg/m2,25.3
503619,500457,500030,3022192,,2021-09-27,32856,248.5,,8840,0,150,mg/dL,248.5
503620,500457,500030,3007070,,2021-09-27,32856,48.2,,8840,40,60,mg/dL,48.2
503621,500457,500030,3028437,,2021-09-27,32856,87.6,,8840,0,130,mg/dL,87.6
503622,500457,500030,3013721,,2021-09-27,32856,58.5,,8645,0,40,U/L,58.5
503623,500457,500030,3006923,,2021-09-27,32856,64.9,,8645,0,40,U/L,64.9
503624,500457,500030,3016723,,2021-09-27,32856,1.05,,8840,0.6,1.2,mg/dL,1.05
503625,500457,500030,3049187,,2021-09-27,32856,96,,9550,90,130,mL/min/1.73m2,96.0
503626,500458,500030,3004410,,2022-01-02,32856,6.1,,8554,4,5.6,%,6.1
503627,500458,500030,3004501,,2022-01-02,32856,109,,8840,70,99,mg/dL,109.0
503628,500458,500030,3004249,,2022-01-02,32856,138,,8876,90,130,mmHg,138.0
503629,500458,500030,3012888,,2022-01-02,32856,66,,8876,60,85,mmHg,66.0
503630,500458,500030,3025315,,2022-01-02,32856,69.8,,9529,45,90,kg,69.8
503631,500458,500030,3038553,,2022-01-02,32856,24.9,,9531,18.5,25,kg/m2,24.9
503632,500459,500030,3004410,,2022-04-03,32856,6,,8554,4,5.6,%,6.0
503633,500459,500030,3004501,,2022-04-03,32856,80,,8840,70,99,mg/dL,80.0
503634,500459,500030,3004249,,2022-04-03,32856,126,,8876,90,130,mmHg,126.0
503635,500459,500030,3012888,,2022-04-03,32856,83,,8876,60,85,mmHg,83.0
503636,500459,500030,3025315,,2022-04-03,32856,69.8,,9529,45,90,kg,69.8
503637,500459,500030,3038553,,2022-04-03,32856,24.9,,9531,18.5,25,kg/m2,24.9
503638,500460,500030,3004410,,2022-06-27,32856,5.9,,8554,4,5.6,%,5.9
503639,500460,500030,3004501,,2022-06-27,32856,73,,8840,70,99,mg/dL,73.0
503640,500460,500030,3004249,,2022-06-27,32856,135,,8876,90,130,mmHg,135.0
503641,500460,500030,3012888,,2022-06-27,32856,87,,8876,60,85,mmHg,87.0
503642,500460,500030,3025315,,2022-06-27,32856,69.3,,9529,45,90,kg,69.3
503643,500460,500030,3038553,,2022-06-27,32856,24.7,,9531,18.5,25,kg/m2,24.7
503644,500461,500030,3004410,,2022-09-29,32856,6,,8554,4,5.6,%,6.0
503645,500461,500030,3004501,,2022-09-29,32856,118,,8840,70,99,mg/dL,118.0
503646,500461,500030,3004249,,2022-09-29,32856,127,,8876,90,130,mmHg,127.0
503647,500461,500030,3012888,,2022-09-29,32856,76,,8876,60,85,mmHg,76.0
503648,500461,500030,3025315,,2022-09-29,32856,67.4,,9529,45,90,kg,67.4
503649,500461,500030,3038553,,2022-09-29,32856,24,,9531,18.5,25,kg/m2,24.0
503650,500461,500030,3022192,,2022-09-29,32856,212,,8840,0,150,mg/dL,212.0
503651,500461,500030,3007070,,2022-09-29,32856,74.8,,8840,40,60,mg/dL,74.8
503652,500461,500030,3028437,,2022-09-29,32856,112.6,,8840,0,130,mg/dL,112.6
503653,500461,500030,3013721,,2022-09-29,32856,8,,8645,0,40,U/L,8.0
503654,500461,500030,3006923,,2022-09-29,32856,22.9,,8645,0,40,U/L,22.9
503655,500461,500030,3016723,,2022-09-29,32856,0.82,,8840,0.6,1.2,mg/dL,0.82
503656,500461,500030,3049187,,2022-09-29,32856,117,,9550,90,130,mL/min/1.73m2,117.0
503657,500462,500030,3004410,,2023-01-02,32856,5.8,,8554,4,5.6,%,5.8
503658,500462,500030,3004501,,2023-01-02,32856,112,,8840,70,99,mg/dL,112.0
503659,500462,500030,3004249,,2023-01-02,32856,126,,8876,90,130,mmHg,126.0
503660,500462,500030,3012888,,2023-01-02,32856,70,,8876,60,85,mmHg,70.0
503661,500462,500030,3025315,,2023-01-02,32856,67.3,,9529,45,90,kg,67.3
503662,500462,500030,3038553,,2023-01-02,32856,24,,9531,18.5,25,kg/m2,24.0
503663,500463,500030,3004410,,2023-04-10,32856,5.9,,8554,4,5.6,%,5.9
503664,500463,500030,3004501,,2023-04-10,32856,95,,8840,70,99,mg/dL,95.0
503665,500463,500030,3004249,,2023-04-10,32856,138,,8876,90,130,mmHg,138.0
503666,500463,500030,3012888,,2023-04-10,32856,95,,8876,60,85,mmHg,95.0
503667,500463,500030,3025315,,2023-04-10,32856,68.4,,9529,45,90,kg,68.4
503668,500463,500030,3038553,,2023-04-10,32856,24.4,,9531,18.5,25,kg/m2,24.4
503669,500464,500030,3004410,,2023-07-05,32856,5.6,,8554,4,5.6,%,5.6
503670,500464,500030,3004501,,2023-07-05,32856,70,,8840,70,99,mg/dL,70
503671,500464,500030,3004249,,2023-07-05,32856,127,,8876,90,130,mmHg,127.0
503672,500464,500030,3012888,,2023-07-05,32856,81,,8876,60,85,mmHg,81.0
503673,500464,500030,3025315,,2023-07-05,32856,68.6,,9529,45,90,kg,68.6
503674,500464,500030,3038553,,2023-07-05,32856,24.5,,9531,18.5,25,kg/m2,24.5
503675,500465,500030,3004410,,2023-10-08,32856,5.5,,8554,4,5.6,%,5.5
503676,500465,500030,3004501,,2023-10-08,32856,103,,8840,70,99,mg/dL,103.0
503677,500465,500030,3004249,,2023-10-08,32856,128,,8876,90,130,mmHg,128.0
503678,500465,500030,3012888,,2023-10-08,32856,97,,8876,60,85,mmHg,97.0
503679,500465,500030,3025315,,2023-10-08,32856,68.2,,9529,45,90,kg,68.2
503680,500465,500030,3038553,,2023-10-08,32856,24.3,,9531,18.5,25,kg/m2,24.3
503681,500465,500030,3022192,,2023-10-08,32856,161.9,,8840,0,150,mg/dL,161.9
503682,500465,500030,3007070,,2023-10-08,32856,40.9,,8840,40,60,mg/dL,40.9
503683,500465,500030,3028437,,2023-10-08,32856,112.9,,8840,0,130,mg/dL,112.9
503684,500465,500030,3013721,,2023-10-08,32856,37.5,,8645,0,40,U/L,37.5
503685,500465,500030,3006923,,2023-10-08,32856,71.9,,8645,0,40,U/L,71.9
503686,500465,500030,3016723,,2023-10-08,32856,0.82,,8840,0.6,1.2,mg/dL,0.82
503687,500465,500030,3049187,,2023-10-08,32856,117,,9550,90,130,mL/min/1.73m2,117.0
503688,500466,500030,3004410,,2023-12-31,32856,6.2,,8554,4,5.6,%,6.2
503689,500466,500030,3004501,,2023-12-31,32856,126,,8840,70,99,mg/dL,126.0
503690,500466,500030,3004249,,2023-12-31,32856,145,,8876,90,130,mmHg,145.0
503691,500466,500030,3012888,,2023-12-31,32856,88,,8876,60,85,mmHg,88.0
503692,500466,500030,3025315,,2023-12-31,32856,67,,9529,45,90,kg,67.0
503693,500466,500030,3038553,,2023-12-31,32856,23.9,,9531,18.5,25,kg/m2,23.9
503694,500467,500030,3004410,,2024-04-07,32856,6.1,,8554,4,5.6,%,6.1
503695,500467,500030,3004501,,2024-04-07,32856,85,,8840,70,99,mg/dL,85.0
503696,500467,500030,3004249,,2024-04-07,32856,118,,8876,90,130,mmHg,118.0
503697,500467,500030,3012888,,2024-04-07,32856,83,,8876,60,85,mmHg,83.0
503698,500467,500030,3025315,,2024-04-07,32856,65.8,,9529,45,90,kg,65.8
503699,500467,500030,3038553,,2024-04-07,32856,23.5,,9531,18.5,25,kg/m2,23.5
503700,500468,500030,3004410,,2024-07-02,32856,6.3,,8554,4,5.6,%,6.3
503701,500468,500030,3004501,,2024-07-02,32856,112,,8840,70,99,mg/dL,112.0
503702,500468,500030,3004249,,2024-07-02,32856,152,,8876,90,130,mmHg,152.0
503703,500468,500030,3012888,,2024-07-02,32856,87,,8876,60,85,mmHg,87.0
503704,500468,500030,3025315,,2024-07-02,32856,66.6,,9529,45,90,kg,66.6
503705,500468,500030,3038553,,2024-07-02,32856,23.7,,9531,18.5,25,kg/m2,23.7
503706,500469,500031,3036277,,2023-10-16,32856,177.5,,8582,150,185,cm,177.5
503707,500469,500031,3004410,,2023-10-16,32856,7.6,,8554,4,5.6,%,7.6
503708,500469,500031,3004501,,2023-10-16,32856,134,,8840,70,99,mg/dL,134.0
503709,500469,500031,3004249,,2023-10-16,32856,141,,8876,90,130,mmHg,141.0
503710,500469,500031,3012888,,2023-10-16,32856,84,,8876,60,85,mmHg,84.0
503711,500469,500031,3025315,,2023-10-16,32856,81.9,,9529,45,90,kg,81.9
503712,500469,500031,3038553,,2023-10-16,32856,26,,9531,18.5,25,kg/m2,26.0
503713,500469,500031,3022192,,2023-10-16,32856,218.1,,8840,0,150,mg/dL,218.1
503714,500469,500031,3007070,,2023-10-16,32856,58.5,,8840,40,60,mg/dL,58.5
503715,500469,500031,3028437,,2023-10-16,32856,86.6,,8840,0,130,mg/dL,86.6
503716,500469,500031,3013721,,2023-10-16,32856,34.3,,8645,0,40,U/L,34.3
503717,500469,500031,3006923,,2023-10-16,32856,44.7,,8645,0,40,U/L,44.7
503718,500469,500031,3016723,,2023-10-16,32856,0.75,,8840,0.6,1.2,mg/dL,0.75
503719,500469,500031,3049187,,2023-10-16,32856,100,,9550,90,130,mL/min/1.73m2,100.0
503720,500470,500031,3004410,,2024-01-18,32856,7,,8554,4,5.6,%,7.0
503721,500470,500031,3004501,,2024-01-18,32856,134,,8840,70,99,mg/dL,134.0
503722,500470,500031,3004249,,2024-01-18,32856,128,,8876,90,130,mmHg,128.0
503723,500470,500031,3012888,,2024-01-18,32856,92,,8876,60,85,mmHg,92.0
503724,500470,500031,3025315,,2024-01-18,32856,81.8,,9529,45,90,kg,81.8
503725,500470,500031,3038553,,2024-01-18,32856,26,,9531,18.5,25,kg/m2,26.0
503726,500471,500031,3004410,,2024-04-11,32856,6.5,,8554,4,5.6,%,6.5
503727,500471,500031,3004501,,2024-04-11,32856,121,,8840,70,99,mg/dL,121.0
503728,500471,500031,3004249,,2024-04-11,32856,136,,8876,90,130,mmHg,136.0
503729,500471,500031,3012888,,2024-04-11,32856,72,,8876,60,85,mmHg,72.0
503730,500471,500031,3025315,,2024-04-11,32856,80.2,,9529,45,90,kg,80.2
503731,500471,500031,3038553,,2024-04-11,32856,25.5,,9531,18.5,25,kg/m2,25.5
503732,500472,500031,3004410,,2024-07-11,32856,6.7,,8554,4,5.6,%,6.7
503733,500472,500031,3004501,,2024-07-11,32856,104,,8840,70,99,mg/dL,104.0
503734,500472,500031,3004249,,2024-07-11,32856,144,,8876,90,130,mmHg,144.0
503735,500472,500031,3012888,,2024-07-11,32856,81,,8876,60,85,mmHg,81.0
503736,500472,500031,3025315,,2024-07-11,32856,80.1,,9529,45,90,kg,80.1
503737,500472,500031,3038553,,2024-07-11,32856,25.4,,9531,18.5,25,kg/m2,25.4
503738,500473,500031,3004410,,2024-10-04,32856,7.1,,8554,4,5.6,%,7.1
503739,500473,500031,3004501,,2024-10-04,32856,151,,8840,70,99,mg/dL,151.0
503740,500473,500031,3004249,,2024-10-04,32856,139,,8876,90,130,mmHg,139.0
503741,500473,500031,3012888,,2024-10-04,32856,92,,8876,60,85,mmHg,92.0
503742,500473,500031,3025315,,2024-10-04,32856,79.6,,9529,45,90,kg,79.6
503743,500473,500031,3038553,,2024-10-04,32856,25.3,,9531,18.5,25,kg/m2,25.3
503744,500473,500031,3022192,,2024-10-04,32856,155.2,,8840,0,150,mg/dL,155.2
503745,500473,500031,3007070,,2024-10-04,32856,76,,8840,40,60,mg/dL,76.0
503746,500473,500031,3028437,,2024-10-04,32856,91.5,,8840,0,130,mg/dL,91.5
503747,500473,500031,3013721,,2024-10-04,32856,28.4,,8645,0,40,U/L,28.4
503748,500473,500031,3006923,,2024-10-04,32856,54.6,,8645,0,40,U/L,54.6
503749,500473,500031,3016723,,2024-10-04,32856,0.75,,8840,0.6,1.2,mg/dL,0.75
503750,500473,500031,3049187,,2024-10-04,32856,99,,9550,90,130,mL/min/1.73m2,99.0
503751,500474,500031,3004410,,2025-01-08,32856,7.3,,8554,4,5.6,%,7.3
503752,500474,500031,3004501,,2025-01-08,32856,154,,8840,70,99,mg/dL,154.0
503753,500474,500031,3004249,,2025-01-08,32856,145,,8876,90,130,mmHg,145.0
503754,500474,500031,3012888,,2025-01-08,32856,82,,8876,60,85,mmHg,82.0
503755,500474,500031,3025315,,2025-01-08,32856,80,,9529,45,90,kg,80.0
503756,500474,500031,3038553,,2025-01-08,32856,25.4,,9531,18.5,25,kg/m2,25.4
503757,500475,500031,3004410,,2025-04-02,32856,7.6,,8554,4,5.6,%,7.6
503758,500475,500031,3004501,,2025-04-02,32856,157,,8840,70,99,mg/dL,157.0
503759,500475,500031,3004249,,2025-04-02,32856,149,,8876,90,130,mmHg,149.0
503760,500475,500031,3012888,,2025-04-02,32856,89,,8876,60,85,mmHg,89.0
503761,500475,500031,3025315,,2025-04-02,32856,81,,9529,45,90,kg,81.0
503762,500475,500031,3038553,,2025-04-02,32856,25.7,,9531,18.5,25,kg/m2,25.7
503763,500476,500031,3004410,,2025-07-03,32856,6.9,,8554,4,5.6,%,6.9
503764,500476,500031,3004501,,2025-07-03,32856,116,,8840,70,99,mg/dL,116.0
503765,500476,500031,3004249,,2025-07-03,32856,152,,8876,90,130,mmHg,152.0
503766,500476,500031,3012888,,2025-07-03,32856,90,,8876,60,85,mmHg,90.0
503767,500476,500031,3025315,,2025-07-03,32856,81.3,,9529,45,90,kg,81.3
503768,500476,500031,3038553,,2025-07-03,32856,25.8,,9531,18.5,25,kg/m2,25.8
503769,500477,500031,3004410,,2025-10-09,32856,6.6,,8554,4,5.6,%,6.6
503770,500477,500031,3004501,,2025-10-09,32856,141,,8840,70,99,mg/dL,141.0
503771,500477,500031,3004249,,2025-10-09,32856,153,,8876,90,130,mmHg,153.0
503772,500477,500031,3012888,,2025-10-09,32856,90,,8876,60,85,mmHg,90.0
503773,500477,500031,3025315,,2025-10-09,32856,81.1,,9529,45,90,kg,81.1
503774,500477,500031,3038553,,2025-10-09,32856,25.7,,9531,18.5,25,kg/m2,25.7
503775,500477,500031,3022192,,2025-10-09,32856,136.9,,8840,0,150,mg/dL,136.9
503776,500477,500031,3007070,,2025-10-09,32856,61.4,,8840,40,60,mg/dL,61.4
503777,500477,500031,3028437,,2025-10-09,32856,91.9,,8840,0,130,mg/dL,91.9
503778,500477,500031,3013721,,2025-10-09,32856,32.9,,8645,0,40,U/L,32.9
503779,500477,500031,3006923,,2025-10-09,32856,26.9,,8645,0,40,U/L,26.9
503780,500477,500031,3016723,,2025-10-09,32856,0.8,,8840,0.6,1.2,mg/dL,0.8
503781,500477,500031,3049187,,2025-10-09,32856,96,,9550,90,130,mL/min/1.73m2,96.0
503782,500478,500031,3004410,,2026-01-09,32856,6.3,,8554,4,5.6,%,6.3
503783,500478,500031,3004501,,2026-01-09,32856,118,,8840,70,99,mg/dL,118.0
503784,500478,500031,3004249,,2026-01-09,32856,168,,8876,90,130,mmHg,168.0
503785,500478,500031,3012888,,2026-01-09,32856,81,,8876,60,85,mmHg,81.0
503786,500478,500031,3025315,,2026-01-09,32856,82.3,,9529,45,90,kg,82.3
503787,500478,500031,3038553,,2026-01-09,32856,26.1,,9531,18.5,25,kg/m2,26.1
503788,500479,500031,3004410,,2026-04-11,32856,6.6,,8554,4,5.6,%,6.6
503789,500479,500031,3004501,,2026-04-11,32856,133,,8840,70,99,mg/dL,133.0
503790,500479,500031,3004249,,2026-04-11,32856,142,,8876,90,130,mmHg,142.0
503791,500479,500031,3012888,,2026-04-11,32856,88,,8876,60,85,mmHg,88.0
503792,500479,500031,3025315,,2026-04-11,32856,83.5,,9529,45,90,kg,83.5
503793,500479,500031,3038553,,2026-04-11,32856,26.5,,9531,18.5,25,kg/m2,26.5
503794,500480,500031,3004410,,2026-07-13,32856,6.4,,8554,4,5.6,%,6.4
503795,500480,500031,3004501,,2026-07-13,32856,109,,8840,70,99,mg/dL,109.0
503796,500480,500031,3004249,,2026-07-13,32856,136,,8876,90,130,mmHg,136.0
503797,500480,500031,3012888,,2026-07-13,32856,95,,8876,60,85,mmHg,95.0
503798,500480,500031,3025315,,2026-07-13,32856,82.5,,9529,45,90,kg,82.5
503799,500480,500031,3038553,,2026-07-13,32856,26.2,,9531,18.5,25,kg/m2,26.2
503800,500481,500032,3036277,,2018-08-11,32856,154.2,,8582,150,185,cm,154.2
503801,500481,500032,3004410,,2018-08-11,32856,8.4,,8554,4,5.6,%,8.4
503802,500481,500032,3004501,,2018-08-11,32856,197,,8840,70,99,mg/dL,197.0
503803,500481,500032,3004249,,2018-08-11,32856,140,,8876,90,130,mmHg,140.0
503804,500481,500032,3012888,,2018-08-11,32856,78,,8876,60,85,mmHg,78.0
503805,500481,500032,3025315,,2018-08-11,32856,68,,9529,45,90,kg,68.0
503806,500481,500032,3038553,,2018-08-11,32856,28.6,,9531,18.5,25,kg/m2,28.6
503807,500481,500032,3022192,,2018-08-11,32856,109.9,,8840,0,150,mg/dL,109.9
503808,500481,500032,3007070,,2018-08-11,32856,65.1,,8840,40,60,mg/dL,65.1
503809,500481,500032,3028437,,2018-08-11,32856,81.1,,8840,0,130,mg/dL,81.1
503810,500481,500032,3013721,,2018-08-11,32856,47.6,,8645,0,40,U/L,47.6
503811,500481,500032,3006923,,2018-08-11,32856,52,,8645,0,40,U/L,52.0
503812,500481,500032,3016723,,2018-08-11,32856,1.18,,8840,0.6,1.2,mg/dL,1.18
503813,500481,500032,3049187,,2018-08-11,32856,55,,9550,90,130,mL/min/1.73m2,55.0
503814,500482,500032,3004410,,2018-11-14,32856,8,,8554,4,5.6,%,8.0
503815,500482,500032,3004501,,2018-11-14,32856,152,,8840,70,99,mg/dL,152.0
503816,500482,500032,3004249,,2018-11-14,32856,145,,8876,90,130,mmHg,145.0
503817,500482,500032,3012888,,2018-11-14,32856,80,,8876,60,85,mmHg,80.0
503818,500482,500032,3025315,,2018-11-14,32856,67.7,,9529,45,90,kg,67.7
503819,500482,500032,3038553,,2018-11-14,32856,28.5,,9531,18.5,25,kg/m2,28.5
503820,500483,500032,3004410,,2019-02-17,32856,7.3,,8554,4,5.6,%,7.3
503821,500483,500032,3004501,,2019-02-17,32856,158,,8840,70,99,mg/dL,158.0
503822,500483,500032,3004249,,2019-02-17,32856,139,,8876,90,130,mmHg,139.0
503823,500483,500032,3012888,,2019-02-17,32856,76,,8876,60,85,mmHg,76.0
503824,500483,500032,3025315,,2019-02-17,32856,67.9,,9529,45,90,kg,67.9
503825,500483,500032,3038553,,2019-02-17,32856,28.6,,9531,18.5,25,kg/m2,28.6
503826,500484,500032,3004410,,2019-05-20,32856,7.4,,8554,4,5.6,%,7.4
503827,500484,500032,3004501,,2019-05-20,32856,144,,8840,70,99,mg/dL,144.0
503828,500484,500032,3004249,,2019-05-20,32856,153,,8876,90,130,mmHg,153.0
503829,500484,500032,3012888,,2019-05-20,32856,86,,8876,60,85,mmHg,86.0
503830,500484,500032,3025315,,2019-05-20,32856,66.8,,9529,45,90,kg,66.8
503831,500484,500032,3038553,,2019-05-20,32856,28.1,,9531,18.5,25,kg/m2,28.1
503832,500485,500032,3004410,,2019-08-25,32856,7.1,,8554,4,5.6,%,7.1
503833,500485,500032,3004501,,2019-08-25,32856,137,,8840,70,99,mg/dL,137.0
503834,500485,500032,3004249,,2019-08-25,32856,115,,8876,90,130,mmHg,115.0
503835,500485,500032,3012888,,2019-08-25,32856,87,,8876,60,85,mmHg,87.0
503836,500485,500032,3025315,,2019-08-25,32856,66.5,,9529,45,90,kg,66.5
503837,500485,500032,3038553,,2019-08-25,32856,28,,9531,18.5,25,kg/m2,28.0
503838,500485,500032,3022192,,2019-08-25,32856,211.4,,8840,0,150,mg/dL,211.4
503839,500485,500032,3007070,,2019-08-25,32856,40.3,,8840,40,60,mg/dL,40.3
503840,500485,500032,3028437,,2019-08-25,32856,100.5,,8840,0,130,mg/dL,100.5
503841,500485,500032,3013721,,2019-08-25,32856,31.9,,8645,0,40,U/L,31.9
503842,500485,500032,3006923,,2019-08-25,32856,24.4,,8645,0,40,U/L,24.4
503843,500485,500032,3016723,,2019-08-25,32856,0.66,,8840,0.6,1.2,mg/dL,0.66
503844,500485,500032,3049187,,2019-08-25,32856,104,,9550,90,130,mL/min/1.73m2,104.0
503845,500486,500032,3004410,,2019-11-27,32856,7.7,,8554,4,5.6,%,7.7
503846,500486,500032,3004501,,2019-11-27,32856,143,,8840,70,99,mg/dL,143.0
503847,500486,500032,3004249,,2019-11-27,32856,136,,8876,90,130,mmHg,136.0
503848,500486,500032,3012888,,2019-11-27,32856,91,,8876,60,85,mmHg,91.0
503849,500486,500032,3025315,,2019-11-27,32856,66.1,,9529,45,90,kg,66.1
503850,500486,500032,3038553,,2019-11-27,32856,27.8,,9531,18.5,25,kg/m2,27.8
503851,500487,500032,3004410,,2020-03-01,32856,7.5,,8554,4,5.6,%,7.5
503852,500487,500032,3004501,,2020-03-01,32856,151,,8840,70,99,mg/dL,151.0
503853,500487,500032,3004249,,2020-03-01,32856,168,,8876,90,130,mmHg,168.0
503854,500487,500032,3012888,,2020-03-01,32856,85,,8876,60,85,mmHg,85.0
503855,500487,500032,3025315,,2020-03-01,32856,67.6,,9529,45,90,kg,67.6
503856,500487,500032,3038553,,2020-03-01,32856,28.4,,9531,18.5,25,kg/m2,28.4
503857,500488,500032,3004410,,2020-06-06,32856,7.7,,8554,4,5.6,%,7.7
503858,500488,500032,3004501,,2020-06-06,32856,134,,8840,70,99,mg/dL,134.0
503859,500488,500032,3004249,,2020-06-06,32856,145,,8876,90,130,mmHg,145.0
503860,500488,500032,3012888,,2020-06-06,32856,79,,8876,60,85,mmHg,79.0
503861,500488,500032,3025315,,2020-06-06,32856,68.1,,9529,45,90,kg,68.1
503862,500488,500032,3038553,,2020-06-06,32856,28.6,,9531,18.5,25,kg/m2,28.6
503863,500489,500032,3004410,,2020-09-03,32856,7.4,,8554,4,5.6,%,7.4
503864,500489,500032,3004501,,2020-09-03,32856,127,,8840,70,99,mg/dL,127.0
503865,500489,500032,3004249,,2020-09-03,32856,132,,8876,90,130,mmHg,132.0
503866,500489,500032,3012888,,2020-09-03,32856,78,,8876,60,85,mmHg,78.0
503867,500489,500032,3025315,,2020-09-03,32856,67.5,,9529,45,90,kg,67.5
503868,500489,500032,3038553,,2020-09-03,32856,28.4,,9531,18.5,25,kg/m2,28.4
503869,500489,500032,3022192,,2020-09-03,32856,164.8,,8840,0,150,mg/dL,164.8
503870,500489,500032,3007070,,2020-09-03,32856,45,,8840,40,60,mg/dL,45.0
503871,500489,500032,3028437,,2020-09-03,32856,127,,8840,0,130,mg/dL,127.0
503872,500489,500032,3013721,,2020-09-03,32856,52.4,,8645,0,40,U/L,52.4
503873,500489,500032,3006923,,2020-09-03,32856,53.4,,8645,0,40,U/L,53.4
503874,500489,500032,3016723,,2020-09-03,32856,0.97,,8840,0.6,1.2,mg/dL,0.97
503875,500489,500032,3049187,,2020-09-03,32856,69,,9550,90,130,mL/min/1.73m2,69.0
503876,500490,500032,3004410,,2020-12-04,32856,7.6,,8554,4,5.6,%,7.6
503877,500490,500032,3004501,,2020-12-04,32856,119,,8840,70,99,mg/dL,119.0
503878,500490,500032,3004249,,2020-12-04,32856,149,,8876,90,130,mmHg,149.0
503879,500490,500032,3012888,,2020-12-04,32856,90,,8876,60,85,mmHg,90.0
503880,500490,500032,3025315,,2020-12-04,32856,68.3,,9529,45,90,kg,68.3
503881,500490,500032,3038553,,2020-12-04,32856,28.7,,9531,18.5,25,kg/m2,28.7
503882,500491,500032,3004410,,2021-03-05,32856,7.9,,8554,4,5.6,%,7.9
503883,500491,500032,3004501,,2021-03-05,32856,161,,8840,70,99,mg/dL,161.0
503884,500491,500032,3004249,,2021-03-05,32856,127,,8876,90,130,mmHg,127.0
503885,500491,500032,3012888,,2021-03-05,32856,80,,8876,60,85,mmHg,80.0
503886,500491,500032,3025315,,2021-03-05,32856,69.5,,9529,45,90,kg,69.5
503887,500491,500032,3038553,,2021-03-05,32856,29.2,,9531,18.5,25,kg/m2,29.2
503888,500492,500032,3004410,,2021-05-28,32856,8.2,,8554,4,5.6,%,8.2
503889,500492,500032,3004501,,2021-05-28,32856,139,,8840,70,99,mg/dL,139.0
503890,500492,500032,3004249,,2021-05-28,32856,144,,8876,90,130,mmHg,144.0
503891,500492,500032,3012888,,2021-05-28,32856,88,,8876,60,85,mmHg,88.0
503892,500492,500032,3025315,,2021-05-28,32856,68.8,,9529,45,90,kg,68.8
503893,500492,500032,3038553,,2021-05-28,32856,28.9,,9531,18.5,25,kg/m2,28.9
503894,500493,500033,3036277,,2018-04-02,32856,176.3,,8582,150,185,cm,176.3
503895,500493,500033,3004410,,2018-04-02,32856,6.5,,8554,4,5.6,%,6.5
503896,500493,500033,3004501,,2018-04-02,32856,126,,8840,70,99,mg/dL,126
503897,500493,500033,3004249,,2018-04-02,32856,104,,8876,90,130,mmHg,104.0
503898,500493,500033,3012888,,2018-04-02,32856,81,,8876,60,85,mmHg,81.0
503899,500493,500033,3025315,,2018-04-02,32856,70.6,,9529,45,90,kg,70.6
503900,500493,500033,3038553,,2018-04-02,32856,22.7,,9531,18.5,25,kg/m2,22.7
503901,500493,500033,3022192,,2018-04-02,32856,174.9,,8840,0,150,mg/dL,174.9
503902,500493,500033,3007070,,2018-04-02,32856,42.9,,8840,40,60,mg/dL,42.9
503903,500493,500033,3028437,,2018-04-02,32856,120.8,,8840,0,130,mg/dL,120.8
503904,500493,500033,3013721,,2018-04-02,32856,43.1,,8645,0,40,U/L,43.1
503905,500493,500033,3006923,,2018-04-02,32856,73.8,,8645,0,40,U/L,73.8
503906,500493,500033,3016723,,2018-04-02,32856,0.68,,8840,0.6,1.2,mg/dL,0.68
503907,500493,500033,3049187,,2018-04-02,32856,110,,9550,90,130,mL/min/1.73m2,110.0
503908,500494,500033,3004410,,2018-06-25,32856,6.3,,8554,4,5.6,%,6.3
503909,500494,500033,3004501,,2018-06-25,32856,134,,8840,70,99,mg/dL,134.0
503910,500494,500033,3004249,,2018-06-25,32856,116,,8876,90,130,mmHg,116.0
503911,500494,500033,3012888,,2018-06-25,32856,68,,8876,60,85,mmHg,68.0
503912,500494,500033,3025315,,2018-06-25,32856,71.1,,9529,45,90,kg,71.1
503913,500494,500033,3038553,,2018-06-25,32856,22.9,,9531,18.5,25,kg/m2,22.9
503914,500495,500033,3004410,,2018-09-19,32856,5.7,,8554,4,5.6,%,5.7
503915,500495,500033,3004501,,2018-09-19,32856,91,,8840,70,99,mg/dL,91.0
503916,500495,500033,3004249,,2018-09-19,32856,132,,8876,90,130,mmHg,132.0
503917,500495,500033,3012888,,2018-09-19,32856,83,,8876,60,85,mmHg,83.0
503918,500495,500033,3025315,,2018-09-19,32856,71.7,,9529,45,90,kg,71.7
503919,500495,500033,3038553,,2018-09-19,32856,23.1,,9531,18.5,25,kg/m2,23.1
503920,500496,500033,3004410,,2018-12-16,32856,5.3,,8554,4,5.6,%,5.3
503921,500496,500033,3004501,,2018-12-16,32856,74,,8840,70,99,mg/dL,74.0
503922,500496,500033,3004249,,2018-12-16,32856,118,,8876,90,130,mmHg,118.0
503923,500496,500033,3012888,,2018-12-16,32856,67,,8876,60,85,mmHg,67.0
503924,500496,500033,3025315,,2018-12-16,32856,71.8,,9529,45,90,kg,71.8
503925,500496,500033,3038553,,2018-12-16,32856,23.1,,9531,18.5,25,kg/m2,23.1
503926,500497,500033,3004410,,2019-03-16,32856,5.7,,8554,4,5.6,%,5.7
503927,500497,500033,3004501,,2019-03-16,32856,123,,8840,70,99,mg/dL,123.0
503928,500497,500033,3004249,,2019-03-16,32856,141,,8876,90,130,mmHg,141.0
503929,500497,500033,3012888,,2019-03-16,32856,80,,8876,60,85,mmHg,80.0
503930,500497,500033,3025315,,2019-03-16,32856,70.2,,9529,45,90,kg,70.2
503931,500497,500033,3038553,,2019-03-16,32856,22.6,,9531,18.5,25,kg/m2,22.6
503932,500497,500033,3022192,,2019-03-16,32856,175,,8840,0,150,mg/dL,175.0
503933,500497,500033,3007070,,2019-03-16,32856,56.5,,8840,40,60,mg/dL,56.5
503934,500497,500033,3028437,,2019-03-16,32856,99.3,,8840,0,130,mg/dL,99.3
503935,500497,500033,3013721,,2019-03-16,32856,61.7,,8645,0,40,U/L,61.7
503936,500497,500033,3006923,,2019-03-16,32856,31.9,,8645,0,40,U/L,31.9
503937,500497,500033,3016723,,2019-03-16,32856,0.88,,8840,0.6,1.2,mg/dL,0.88
503938,500497,500033,3049187,,2019-03-16,32856,101,,9550,90,130,mL/min/1.73m2,101.0
503939,500498,500033,3004410,,2019-06-16,32856,5.4,,8554,4,5.6,%,5.4
503940,500498,500033,3004501,,2019-06-16,32856,82,,8840,70,99,mg/dL,82.0
503941,500498,500033,3004249,,2019-06-16,32856,148,,8876,90,130,mmHg,148.0
503942,500498,500033,3012888,,2019-06-16,32856,58,,8876,60,85,mmHg,58.0
503943,500498,500033,3025315,,2019-06-16,32856,69.3,,9529,45,90,kg,69.3
503944,500498,500033,3038553,,2019-06-16,32856,22.3,,9531,18.5,25,kg/m2,22.3
503945,500499,500033,3004410,,2019-09-22,32856,5.1,,8554,4,5.6,%,5.1
503946,500499,500033,3004501,,2019-09-22,32856,116,,8840,70,99,mg/dL,116.0
503947,500499,500033,3004249,,2019-09-22,32856,126,,8876,90,130,mmHg,126.0
503948,500499,500033,3012888,,2019-09-22,32856,76,,8876,60,85,mmHg,76.0
503949,500499,500033,3025315,,2019-09-22,32856,69.2,,9529,45,90,kg,69.2
503950,500499,500033,3038553,,2019-09-22,32856,22.3,,9531,18.5,25,kg/m2,22.3
503951,500500,500033,3004410,,2019-12-20,32856,5.1,,8554,4,5.6,%,5.1
503952,500500,500033,3004501,,2019-12-20,32856,70,,8840,70,99,mg/dL,70
503953,500500,500033,3004249,,2019-12-20,32856,137,,8876,90,130,mmHg,137.0
503954,500500,500033,3012888,,2019-12-20,32856,72,,8876,60,85,mmHg,72.0
503955,500500,500033,3025315,,2019-12-20,32856,69.8,,9529,45,90,kg,69.8
503956,500500,500033,3038553,,2019-12-20,32856,22.5,,9531,18.5,25,kg/m2,22.5
503957,500501,500033,3004410,,2020-03-17,32856,5,,8554,4,5.6,%,5.0
503958,500501,500033,3004501,,2020-03-17,32856,110,,8840,70,99,mg/dL,110.0
503959,500501,500033,3004249,,2020-03-17,32856,123,,8876,90,130,mmHg,123.0
503960,500501,500033,3012888,,2020-03-17,32856,76,,8876,60,85,mmHg,76.0
503961,500501,500033,3025315,,2020-03-17,32856,70.2,,9529,45,90,kg,70.2
503962,500501,500033,3038553,,2020-03-17,32856,22.6,,9531,18.5,25,kg/m2,22.6
503963,500501,500033,3022192,,2020-03-17,32856,43.3,,8840,0,150,mg/dL,43.3
503964,500501,500033,3007070,,2020-03-17,32856,70.9,,8840,40,60,mg/dL,70.9
503965,500501,500033,3028437,,2020-03-17,32856,118.8,,8840,0,130,mg/dL,118.8
503966,500501,500033,3013721,,2020-03-17,32856,46.9,,8645,0,40,U/L,46.9
503967,500501,500033,3006923,,2020-03-17,32856,37.3,,8645,0,40,U/L,37.3
503968,500501,500033,3016723,,2020-03-17,32856,0.9,,8840,0.6,1.2,mg/dL,0.9
503969,500501,500033,3049187,,2020-03-17,32856,100,,9550,90,130,mL/min/1.73m2,100.0
503970,500502,500033,3004410,,2020-06-13,32856,5.5,,8554,4,5.6,%,5.5
503971,500502,500033,3004501,,2020-06-13,32856,100,,8840,70,99,mg/dL,100.0
503972,500502,500033,3004249,,2020-06-13,32856,127,,8876,90,130,mmHg,127.0
503973,500502,500033,3012888,,2020-06-13,32856,75,,8876,60,85,mmHg,75.0
503974,500502,500033,3025315,,2020-06-13,32856,70,,9529,45,90,kg,70.0
503975,500502,500033,3038553,,2020-06-13,32856,22.5,,9531,18.5,25,kg/m2,22.5
503976,500503,500033,3004410,,2020-09-19,32856,5.7,,8554,4,5.6,%,5.7
503977,500503,500033,3004501,,2020-09-19,32856,91,,8840,70,99,mg/dL,91.0
503978,500503,500033,3004249,,2020-09-19,32856,131,,8876,90,130,mmHg,131.0
503979,500503,500033,3012888,,2020-09-19,32856,54,,8876,60,85,mmHg,54.0
503980,500503,500033,3025315,,2020-09-19,32856,70.1,,9529,45,90,kg,70.1
503981,500503,500033,3038553,,2020-09-19,32856,22.6,,9531,18.5,25,kg/m2,22.6
503982,500504,500033,3004410,,2020-12-16,32856,6.1,,8554,4,5.6,%,6.1
503983,500504,500033,3004501,,2020-12-16,32856,101,,8840,70,99,mg/dL,101.0
503984,500504,500033,3004249,,2020-12-16,32856,117,,8876,90,130,mmHg,117.0
503985,500504,500033,3012888,,2020-12-16,32856,68,,8876,60,85,mmHg,68.0
503986,500504,500033,3025315,,2020-12-16,32856,71.3,,9529,45,90,kg,71.3
503987,500504,500033,3038553,,2020-12-16,32856,22.9,,9531,18.5,25,kg/m2,22.9
503988,500505,500033,3004410,,2021-03-17,32856,5.8,,8554,4,5.6,%,5.8
503989,500505,500033,3004501,,2021-03-17,32856,112,,8840,70,99,mg/dL,112.0
503990,500505,500033,3004249,,2021-03-17,32856,128,,8876,90,130,mmHg,128.0
503991,500505,500033,3012888,,2021-03-17,32856,82,,8876,60,85,mmHg,82.0
503992,500505,500033,3025315,,2021-03-17,32856,72.9,,9529,45,90,kg,72.9
503993,500505,500033,3038553,,2021-03-17,32856,23.5,,9531,18.5,25,kg/m2,23.5
503994,500505,500033,3022192,,2021-03-17,32856,148.2,,8840,0,150,mg/dL,148.2
503995,500505,500033,3007070,,2021-03-17,32856,30.4,,8840,40,60,mg/dL,30.4
503996,500505,500033,3028437,,2021-03-17,32856,142.5,,8840,0,130,mg/dL,142.5
503997,500505,500033,3013721,,2021-03-17,32856,72.9,,8645,0,40,U/L,72.9
503998,500505,500033,3006923,,2021-03-17,32856,33.9,,8645,0,40,U/L,33.9
503999,500505,500033,3016723,,2021-03-17,32856,0.69,,8840,0.6,1.2,mg/dL,0.69
504000,500505,500033,3049187,,2021-03-17,32856,107,,9550,90,130,mL/min/1.73m2,107.0
504001,500506,500033,3004410,,2021-06-12,32856,5.7,,8554,4,5.6,%,5.7
504002,500506,500033,3004501,,2021-06-12,32856,98,,8840,70,99,mg/dL,98.0
504003,500506,500033,3004249,,2021-06-12,32856,115,,8876,90,130,mmHg,115.0
504004,500506,500033,3012888,,2021-06-12,32856,75,,8876,60,85,mmHg,75.0
504005,500506,500033,3025315,,2021-06-12,32856,73,,9529,45,90,kg,73.0
504006,500506,500033,3038553,,2021-06-12,32856,23.5,,9531,18.5,25,kg/m2,23.5
504007,500507,500033,3004410,,2021-09-10,32856,5.8,,8554,4,5.6,%,5.8
504008,500507,500033,3004501,,2021-09-10,32856,111,,8840,70,99,mg/dL,111.0
504009,500507,500033,3004249,,2021-09-10,32856,105,,8876,90,130,mmHg,105.0
504010,500507,500033,3012888,,2021-09-10,32856,97,,8876,60,85,mmHg,97.0
504011,500507,500033,3025315,,2021-09-10,32856,72.5,,9529,45,90,kg,72.5
504012,500507,500033,3038553,,2021-09-10,32856,23.3,,9531,18.5,25,kg/m2,23.3
504013,500508,500033,3004410,,2021-12-06,32856,6.3,,8554,4,5.6,%,6.3
504014,500508,500033,3004501,,2021-12-06,32856,109,,8840,70,99,mg/dL,109.0
504015,500508,500033,3004249,,2021-12-06,32856,136,,8876,90,130,mmHg,136.0
504016,500508,500033,3012888,,2021-12-06,32856,74,,8876,60,85,mmHg,74.0
504017,500508,500033,3025315,,2021-12-06,32856,73.6,,9529,45,90,kg,73.6
504018,500508,500033,3038553,,2021-12-06,32856,23.7,,9531,18.5,25,kg/m2,23.7
504019,500509,500033,3004410,,2022-03-04,32856,5.8,,8554,4,5.6,%,5.8
504020,500509,500033,3004501,,2022-03-04,32856,72,,8840,70,99,mg/dL,72.0
504021,500509,500033,3004249,,2022-03-04,32856,131,,8876,90,130,mmHg,131.0
504022,500509,500033,3012888,,2022-03-04,32856,77,,8876,60,85,mmHg,77.0
504023,500509,500033,3025315,,2022-03-04,32856,74.3,,9529,45,90,kg,74.3
504024,500509,500033,3038553,,2022-03-04,32856,23.9,,9531,18.5,25,kg/m2,23.9
504025,500509,500033,3022192,,2022-03-04,32856,38.6,,8840,0,150,mg/dL,38.6
504026,500509,500033,3007070,,2022-03-04,32856,49.3,,8840,40,60,mg/dL,49.3
504027,500509,500033,3028437,,2022-03-04,32856,32.9,,8840,0,130,mg/dL,32.9
504028,500509,500033,3013721,,2022-03-04,32856,42.4,,8645,0,40,U/L,42.4
504029,500509,500033,3006923,,2022-03-04,32856,110.3,,8645,0,40,U/L,110.3
504030,500509,500033,3016723,,2022-03-04,32856,0.5,,8840,0.6,1.2,mg/dL,0.5
504031,500509,500033,3049187,,2022-03-04,32856,117,,9550,90,130,mL/min/1.73m2,117.0
504032,500510,500033,3004410,,2022-06-01,32856,6.3,,8554,4,5.6,%,6.3
504033,500510,500033,3004501,,2022-06-01,32856,108,,8840,70,99,mg/dL,108.0
504034,500510,500033,3004249,,2022-06-01,32856,108,,8876,90,130,mmHg,108.0
504035,500510,500033,3012888,,2022-06-01,32856,74,,8876,60,85,mmHg,74.0
504036,500510,500033,3025315,,2022-06-01,32856,73.3,,9529,45,90,kg,73.3
504037,500510,500033,3038553,,2022-06-01,32856,23.6,,9531,18.5,25,kg/m2,23.6
504038,500511,500033,3004410,,2022-09-05,32856,5.6,,8554,4,5.6,%,5.6
504039,500511,500033,3004501,,2022-09-05,32856,83,,8840,70,99,mg/dL,83.0
504040,500511,500033,3004249,,2022-09-05,32856,131,,8876,90,130,mmHg,131.0
504041,500511,500033,3012888,,2022-09-05,32856,71,,8876,60,85,mmHg,71.0
504042,500511,500033,3025315,,2022-09-05,32856,74.6,,9529,45,90,kg,74.6
504043,500511,500033,3038553,,2022-09-05,32856,24,,9531,18.5,25,kg/m2,24.0
504044,500512,500033,3004410,,2022-12-08,32856,5.7,,8554,4,5.6,%,5.7
504045,500512,500033,3004501,,2022-12-08,32856,96,,8840,70,99,mg/dL,96.0
504046,500512,500033,3004249,,2022-12-08,32856,124,,8876,90,130,mmHg,124.0
504047,500512,500033,3012888,,2022-12-08,32856,89,,8876,60,85,mmHg,89.0
504048,500512,500033,3025315,,2022-12-08,32856,75.7,,9529,45,90,kg,75.7
504049,500512,500033,3038553,,2022-12-08,32856,24.4,,9531,18.5,25,kg/m2,24.4
504050,500513,500033,3004410,,2023-03-07,32856,6.2,,8554,4,5.6,%,6.2
504051,500513,500033,3004501,,2023-03-07,32856,111,,8840,70,99,mg/dL,111.0
504052,500513,500033,3004249,,2023-03-07,32856,118,,8876,90,130,mmHg,118.0
504053,500513,500033,3012888,,2023-03-07,32856,81,,8876,60,85,mmHg,81.0
504054,500513,500033,3025315,,2023-03-07,32856,76.8,,9529,45,90,kg,76.8
504055,500513,500033,3038553,,2023-03-07,32856,24.7,,9531,18.5,25,kg/m2,24.7
504056,500513,500033,3022192,,2023-03-07,32856,90,,8840,0,150,mg/dL,90.0
504057,500513,500033,3007070,,2023-03-07,32856,60.3,,8840,40,60,mg/dL,60.3
504058,500513,500033,3028437,,2023-03-07,32856,90.8,,8840,0,130,mg/dL,90.8
504059,500513,500033,3013721,,2023-03-07,32856,19.7,,8645,0,40,U/L,19.7
504060,500513,500033,3006923,,2023-03-07,32856,43.8,,8645,0,40,U/L,43.8
504061,500513,500033,3016723,,2023-03-07,32856,1.21,,8840,0.6,1.2,mg/dL,1.21
504062,500513,500033,3049187,,2023-03-07,32856,69,,9550,90,130,mL/min/1.73m2,69.0
504063,500514,500033,3004410,,2023-06-07,32856,5.8,,8554,4,5.6,%,5.8
504064,500514,500033,3004501,,2023-06-07,32856,115,,8840,70,99,mg/dL,115.0
504065,500514,500033,3004249,,2023-06-07,32856,135,,8876,90,130,mmHg,135.0
504066,500514,500033,3012888,,2023-06-07,32856,74,,8876,60,85,mmHg,74.0
504067,500514,500033,3025315,,2023-06-07,32856,77.7,,9529,45,90,kg,77.7
504068,500514,500033,3038553,,2023-06-07,32856,25,,9531,18.5,25,kg/m2,25.0
504069,500515,500034,3036277,,2020-09-09,32856,162.3,,8582,150,185,cm,162.3
504070,500515,500034,3004410,,2020-09-09,32856,7.9,,8554,4,5.6,%,7.9
504071,500515,500034,3004501,,2020-09-09,32856,160,,8840,70,99,mg/dL,160.0
504072,500515,500034,3004249,,2020-09-09,32856,118,,8876,90,130,mmHg,118.0
504073,500515,500034,3012888,,2020-09-09,32856,91,,8876,60,85,mmHg,91.0
504074,500515,500034,3025315,,2020-09-09,32856,78.5,,9529,45,90,kg,78.5
504075,500515,500034,3038553,,2020-09-09,32856,29.8,,9531,18.5,25,kg/m2,29.8
504076,500515,500034,3022192,,2020-09-09,32856,101.2,,8840,0,150,mg/dL,101.2
504077,500515,500034,3007070,,2020-09-09,32856,58.7,,8840,40,60,mg/dL,58.7
504078,500515,500034,3028437,,2020-09-09,32856,115.4,,8840,0,130,mg/dL,115.4
504079,500515,500034,3013721,,2020-09-09,32856,58.2,,8645,0,40,U/L,58.2
504080,500515,500034,3006923,,2020-09-09,32856,25.8,,8645,0,40,U/L,25.8
504081,500515,500034,3016723,,2020-09-09,32856,1.11,,8840,0.6,1.2,mg/dL,1.11
504082,500515,500034,3049187,,2020-09-09,32856,72,,9550,90,130,mL/min/1.73m2,72.0
504083,500516,500034,3004410,,2020-12-07,32856,7.6,,8554,4,5.6,%,7.6
504084,500516,500034,3004501,,2020-12-07,32856,98,,8840,70,99,mg/dL,98.0
504085,500516,500034,3004249,,2020-12-07,32856,110,,8876,90,130,mmHg,110.0
504086,500516,500034,3012888,,2020-12-07,32856,68,,8876,60,85,mmHg,68.0
504087,500516,500034,3025315,,2020-12-07,32856,78.6,,9529,45,90,kg,78.6
504088,500516,500034,3038553,,2020-12-07,32856,29.8,,9531,18.5,25,kg/m2,29.8
504089,500517,500034,3004410,,2021-03-03,32856,8,,8554,4,5.6,%,8.0
504090,500517,500034,3004501,,2021-03-03,32856,168,,8840,70,99,mg/dL,168.0
504091,500517,500034,3004249,,2021-03-03,32856,104,,8876,90,130,mmHg,104.0
504092,500517,500034,3012888,,2021-03-03,32856,81,,8876,60,85,mmHg,81.0
504093,500517,500034,3025315,,2021-03-03,32856,80,,9529,45,90,kg,80.0
504094,500517,500034,3038553,,2021-03-03,32856,30.4,,9531,18.5,25,kg/m2,30.4
504095,500518,500034,3004410,,2021-05-27,32856,7.3,,8554,4,5.6,%,7.3
504096,500518,500034,3004501,,2021-05-27,32856,155,,8840,70,99,mg/dL,155.0
504097,500518,500034,3004249,,2021-05-27,32856,115,,8876,90,130,mmHg,115.0
504098,500518,500034,3012888,,2021-05-27,32856,66,,8876,60,85,mmHg,66.0
504099,500518,500034,3025315,,2021-05-27,32856,81.5,,9529,45,90,kg,81.5
504100,500518,500034,3038553,,2021-05-27,32856,30.9,,9531,18.5,25,kg/m2,30.9
504101,500519,500034,3004410,,2021-08-27,32856,7.1,,8554,4,5.6,%,7.1
504102,500519,500034,3004501,,2021-08-27,32856,118,,8840,70,99,mg/dL,118.0
504103,500519,500034,3004249,,2021-08-27,32856,117,,8876,90,130,mmHg,117.0
504104,500519,500034,3012888,,2021-08-27,32856,69,,8876,60,85,mmHg,69.0
504105,500519,500034,3025315,,2021-08-27,32856,81.7,,9529,45,90,kg,81.7
504106,500519,500034,3038553,,2021-08-27,32856,31,,9531,18.5,25,kg/m2,31.0
504107,500519,500034,3022192,,2021-08-27,32856,264,,8840,0,150,mg/dL,264.0
504108,500519,500034,3007070,,2021-08-27,32856,49,,8840,40,60,mg/dL,49.0
504109,500519,500034,3028437,,2021-08-27,32856,120.6,,8840,0,130,mg/dL,120.6
504110,500519,500034,3013721,,2021-08-27,32856,42.2,,8645,0,40,U/L,42.2
504111,500519,500034,3006923,,2021-08-27,32856,60.3,,8645,0,40,U/L,60.3
504112,500519,500034,3016723,,2021-08-27,32856,0.71,,8840,0.6,1.2,mg/dL,0.71
504113,500519,500034,3049187,,2021-08-27,32856,99,,9550,90,130,mL/min/1.73m2,99.0
504114,500520,500034,3004410,,2021-11-27,32856,6.9,,8554,4,5.6,%,6.9
504115,500520,500034,3004501,,2021-11-27,32856,128,,8840,70,99,mg/dL,128.0
504116,500520,500034,3004249,,2021-11-27,32856,110,,8876,90,130,mmHg,110.0
504117,500520,500034,3012888,,2021-11-27,32856,89,,8876,60,85,mmHg,89.0
504118,500520,500034,3025315,,2021-11-27,32856,80.4,,9529,45,90,kg,80.4
504119,500520,500034,3038553,,2021-11-27,32856,30.5,,9531,18.5,25,kg/m2,30.5
504120,500521,500034,3004410,,2022-03-01,32856,7.5,,8554,4,5.6,%,7.5
504121,500521,500034,3004501,,2022-03-01,32856,139,,8840,70,99,mg/dL,139.0
504122,500521,500034,3004249,,2022-03-01,32856,138,,8876,90,130,mmHg,138.0
504123,500521,500034,3012888,,2022-03-01,32856,55,,8876,60,85,mmHg,55.0
504124,500521,500034,3025315,,2022-03-01,32856,81.2,,9529,45,90,kg,81.2
504125,500521,500034,3038553,,2022-03-01,32856,30.8,,9531,18.5,25,kg/m2,30.8
504126,500522,500034,3004410,,2022-05-26,32856,7.9,,8554,4,5.6,%,7.9
504127,500522,500034,3004501,,2022-05-26,32856,131,,8840,70,99,mg/dL,131.0
504128,500522,500034,3004249,,2022-05-26,32856,119,,8876,90,130,mmHg,119.0
504129,500522,500034,3012888,,2022-05-26,32856,69,,8876,60,85,mmHg,69.0
504130,500522,500034,3025315,,2022-05-26,32856,82.7,,9529,45,90,kg,82.7
504131,500522,500034,3038553,,2022-05-26,32856,31.4,,9531,18.5,25,kg/m2,31.4
504132,500523,500034,3004410,,2022-08-25,32856,7.3,,8554,4,5.6,%,7.3
504133,500523,500034,3004501,,2022-08-25,32856,137,,8840,70,99,mg/dL,137.0
504134,500523,500034,3004249,,2022-08-25,32856,117,,8876,90,130,mmHg,117.0
504135,500523,500034,3012888,,2022-08-25,32856,81,,8876,60,85,mmHg,81.0
504136,500523,500034,3025315,,2022-08-25,32856,82.5,,9529,45,90,kg,82.5
504137,500523,500034,3038553,,2022-08-25,32856,31.3,,9531,18.5,25,kg/m2,31.3
504138,500523,500034,3022192,,2022-08-25,32856,270.1,,8840,0,150,mg/dL,270.1
504139,500523,500034,3007070,,2022-08-25,32856,52.8,,8840,40,60,mg/dL,52.8
504140,500523,500034,3028437,,2022-08-25,32856,131.2,,8840,0,130,mg/dL,131.2
504141,500523,500034,3013721,,2022-08-25,32856,8,,8645,0,40,U/L,8.0
504142,500523,500034,3006923,,2022-08-25,32856,6,,8645,0,40,U/L,6.0
504143,500523,500034,3016723,,2022-08-25,32856,0.75,,8840,0.6,1.2,mg/dL,0.75
504144,500523,500034,3049187,,2022-08-25,32856,96,,9550,90,130,mL/min/1.73m2,96.0
504145,500524,500034,3004410,,2022-11-22,32856,7.6,,8554,4,5.6,%,7.6
504146,500524,500034,3004501,,2022-11-22,32856,142,,8840,70,99,mg/dL,142.0
504147,500524,500034,3004249,,2022-11-22,32856,127,,8876,90,130,mmHg,127.0
504148,500524,500034,3012888,,2022-11-22,32856,85,,8876,60,85,mmHg,85.0
504149,500524,500034,3025315,,2022-11-22,32856,81.3,,9529,45,90,kg,81.3
504150,500524,500034,3038553,,2022-11-22,32856,30.9,,9531,18.5,25,kg/m2,30.9
504151,500525,500034,3004410,,2023-02-14,32856,7.3,,8554,4,5.6,%,7.3
504152,500525,500034,3004501,,2023-02-14,32856,108,,8840,70,99,mg/dL,108.0
504153,500525,500034,3004249,,2023-02-14,32856,109,,8876,90,130,mmHg,109.0
504154,500525,500034,3012888,,2023-02-14,32856,70,,8876,60,85,mmHg,70.0
504155,500525,500034,3025315,,2023-02-14,32856,80.1,,9529,45,90,kg,80.1
504156,500525,500034,3038553,,2023-02-14,32856,30.4,,9531,18.5,25,kg/m2,30.4
504157,500526,500034,3004410,,2023-05-16,32856,7.4,,8554,4,5.6,%,7.4
504158,500526,500034,3004501,,2023-05-16,32856,130,,8840,70,99,mg/dL,130.0
504159,500526,500034,3004249,,2023-05-16,32856,116,,8876,90,130,mmHg,116.0
504160,500526,500034,3012888,,2023-05-16,32856,70,,8876,60,85,mmHg,70.0
504161,500526,500034,3025315,,2023-05-16,32856,80.7,,9529,45,90,kg,80.7
504162,500526,500034,3038553,,2023-05-16,32856,30.6,,9531,18.5,25,kg/m2,30.6
504163,500527,500034,3004410,,2023-08-10,32856,7.2,,8554,4,5.6,%,7.2
504164,500527,500034,3004501,,2023-08-10,32856,122,,8840,70,99,mg/dL,122.0
504165,500527,500034,3004249,,2023-08-10,32856,144,,8876,90,130,mmHg,144.0
504166,500527,500034,3012888,,2023-08-10,32856,61,,8876,60,85,mmHg,61.0
504167,500527,500034,3025315,,2023-08-10,32856,82,,9529,45,90,kg,82.0
504168,500527,500034,3038553,,2023-08-10,32856,31.1,,9531,18.5,25,kg/m2,31.1
504169,500527,500034,3022192,,2023-08-10,32856,124.1,,8840,0,150,mg/dL,124.1
504170,500527,500034,3007070,,2023-08-10,32856,55.5,,8840,40,60,mg/dL,55.5
504171,500527,500034,3028437,,2023-08-10,32856,62,,8840,0,130,mg/dL,62.0
504172,500527,500034,3013721,,2023-08-10,32856,12.1,,8645,0,40,U/L,12.1
504173,500527,500034,3006923,,2023-08-10,32856,13.4,,8645,0,40,U/L,13.4
504174,500527,500034,3016723,,2023-08-10,32856,0.97,,8840,0.6,1.2,mg/dL,0.97
504175,500527,500034,3049187,,2023-08-10,32856,83,,9550,90,130,mL/min/1.73m2,83.0
504176,500528,500034,3004410,,2023-11-07,32856,7.5,,8554,4,5.6,%,7.5
504177,500528,500034,3004501,,2023-11-07,32856,151,,8840,70,99,mg/dL,151.0
504178,500528,500034,3004249,,2023-11-07,32856,125,,8876,90,130,mmHg,125.0
504179,500528,500034,3012888,,2023-11-07,32856,74,,8876,60,85,mmHg,74.0
504180,500528,500034,3025315,,2023-11-07,32856,82.5,,9529,45,90,kg,82.5
504181,500528,500034,3038553,,2023-11-07,32856,31.3,,9531,18.5,25,kg/m2,31.3
504182,500529,500034,3004410,,2024-02-11,32856,7.7,,8554,4,5.6,%,7.7
504183,500529,500034,3004501,,2024-02-11,32856,137,,8840,70,99,mg/dL,137.0
504184,500529,500034,3004249,,2024-02-11,32856,133,,8876,90,130,mmHg,133.0
504185,500529,500034,3012888,,2024-02-11,32856,79,,8876,60,85,mmHg,79.0
504186,500529,500034,3025315,,2024-02-11,32856,83,,9529,45,90,kg,83.0
504187,500529,500034,3038553,,2024-02-11,32856,31.5,,9531,18.5,25,kg/m2,31.5
504188,500530,500034,3004410,,2024-05-12,32856,8,,8554,4,5.6,%,8.0
504189,500530,500034,3004501,,2024-05-12,32856,175,,8840,70,99,mg/dL,175.0
504190,500530,500034,3004249,,2024-05-12,32856,121,,8876,90,130,mmHg,121.0
504191,500530,500034,3012888,,2024-05-12,32856,96,,8876,60,85,mmHg,96.0
504192,500530,500034,3025315,,2024-05-12,32856,82.9,,9529,45,90,kg,82.9
504193,500530,500034,3038553,,2024-05-12,32856,31.5,,9531,18.5,25,kg/m2,31.5
504194,500531,500034,3004410,,2024-08-10,32856,8.2,,8554,4,5.6,%,8.2
504195,500531,500034,3004501,,2024-08-10,32856,165,,8840,70,99,mg/dL,165.0
504196,500531,500034,3004249,,2024-08-10,32856,110,,8876,90,130,mmHg,110.0
504197,500531,500034,3012888,,2024-08-10,32856,70,,8876,60,85,mmHg,70.0
504198,500531,500034,3025315,,2024-08-10,32856,81.9,,9529,45,90,kg,81.9
504199,500531,500034,3038553,,2024-08-10,32856,31.1,,9531,18.5,25,kg/m2,31.1
504200,500531,500034,3022192,,2024-08-10,32856,288.7,,8840,0,150,mg/dL,288.7
504201,500531,500034,3007070,,2024-08-10,32856,62.5,,8840,40,60,mg/dL,62.5
504202,500531,500034,3028437,,2024-08-10,32856,156,,8840,0,130,mg/dL,156.0
504203,500531,500034,3013721,,2024-08-10,32856,20.6,,8645,0,40,U/L,20.6
504204,500531,500034,3006923,,2024-08-10,32856,42.8,,8645,0,40,U/L,42.8
504205,500531,500034,3016723,,2024-08-10,32856,1.13,,8840,0.6,1.2,mg/dL,1.13
504206,500531,500034,3049187,,2024-08-10,32856,69,,9550,90,130,mL/min/1.73m2,69.0
504207,500532,500034,3004410,,2024-11-07,32856,6.9,,8554,4,5.6,%,6.9
504208,500532,500034,3004501,,2024-11-07,32856,108,,8840,70,99,mg/dL,108.0
504209,500532,500034,3004249,,2024-11-07,32856,124,,8876,90,130,mmHg,124.0
504210,500532,500034,3012888,,2024-11-07,32856,64,,8876,60,85,mmHg,64.0
504211,500532,500034,3025315,,2024-11-07,32856,82.2,,9529,45,90,kg,82.2
504212,500532,500034,3038553,,2024-11-07,32856,31.2,,9531,18.5,25,kg/m2,31.2
504213,500533,500034,3004410,,2025-02-01,32856,7.2,,8554,4,5.6,%,7.2
504214,500533,500034,3004501,,2025-02-01,32856,118,,8840,70,99,mg/dL,118.0
504215,500533,500034,3004249,,2025-02-01,32856,123,,8876,90,130,mmHg,123.0
504216,500533,500034,3012888,,2025-02-01,32856,70,,8876,60,85,mmHg,70.0
504217,500533,500034,3025315,,2025-02-01,32856,80,,9529,45,90,kg,80.0
504218,500533,500034,3038553,,2025-02-01,32856,30.4,,9531,18.5,25,kg/m2,30.4
504219,500534,500035,3036277,,2018-03-27,32856,166.3,,8582,150,185,cm,166.3
504220,500534,500035,3004410,,2018-03-27,32856,6.5,,8554,4,5.6,%,6.5
504221,500534,500035,3004501,,2018-03-27,32856,142,,8840,70,99,mg/dL,142.0
504222,500534,500035,3004249,,2018-03-27,32856,113,,8876,90,130,mmHg,113.0
504223,500534,500035,3012888,,2018-03-27,32856,80,,8876,60,85,mmHg,80.0
504224,500534,500035,3025315,,2018-03-27,32856,70.8,,9529,45,90,kg,70.8
504225,500534,500035,3038553,,2018-03-27,32856,25.6,,9531,18.5,25,kg/m2,25.6
504226,500534,500035,3022192,,2018-03-27,32856,169.3,,8840,0,150,mg/dL,169.3
504227,500534,500035,3007070,,2018-03-27,32856,49.4,,8840,40,60,mg/dL,49.4
504228,500534,500035,3028437,,2018-03-27,32856,146.3,,8840,0,130,mg/dL,146.3
504229,500534,500035,3013721,,2018-03-27,32856,28.2,,8645,0,40,U/L,28.2
504230,500534,500035,3006923,,2018-03-27,32856,85.2,,8645,0,40,U/L,85.2
504231,500534,500035,3016723,,2018-03-27,32856,0.91,,8840,0.6,1.2,mg/dL,0.91
504232,500534,500035,3049187,,2018-03-27,32856,101,,9550,90,130,mL/min/1.73m2,101.0
504233,500535,500035,3004410,,2018-07-02,32856,6,,8554,4,5.6,%,6.0
504234,500535,500035,3004501,,2018-07-02,32856,115,,8840,70,99,mg/dL,115.0
504235,500535,500035,3004249,,2018-07-02,32856,139,,8876,90,130,mmHg,139.0
504236,500535,500035,3012888,,2018-07-02,32856,82,,8876,60,85,mmHg,82.0
504237,500535,500035,3025315,,2018-07-02,32856,69.6,,9529,45,90,kg,69.6
504238,500535,500035,3038553,,2018-07-02,32856,25.2,,9531,18.5,25,kg/m2,25.2
504239,500536,500035,3004410,,2018-10-04,32856,6.2,,8554,4,5.6,%,6.2
504240,500536,500035,3004501,,2018-10-04,32856,104,,8840,70,99,mg/dL,104.0
504241,500536,500035,3004249,,2018-10-04,32856,136,,8876,90,130,mmHg,136.0
504242,500536,500035,3012888,,2018-10-04,32856,62,,8876,60,85,mmHg,62.0
504243,500536,500035,3025315,,2018-10-04,32856,70.6,,9529,45,90,kg,70.6
504244,500536,500035,3038553,,2018-10-04,32856,25.5,,9531,18.5,25,kg/m2,25.5
504245,500537,500035,3004410,,2019-01-08,32856,5.8,,8554,4,5.6,%,5.8
504246,500537,500035,3004501,,2019-01-08,32856,88,,8840,70,99,mg/dL,88.0
504247,500537,500035,3004249,,2019-01-08,32856,122,,8876,90,130,mmHg,122.0
504248,500537,500035,3012888,,2019-01-08,32856,72,,8876,60,85,mmHg,72.0
504249,500537,500035,3025315,,2019-01-08,32856,71.7,,9529,45,90,kg,71.7
504250,500537,500035,3038553,,2019-01-08,32856,25.9,,9531,18.5,25,kg/m2,25.9
504251,500538,500035,3004410,,2019-04-05,32856,5,,8554,4,5.6,%,5.0
504252,500538,500035,3004501,,2019-04-05,32856,70,,8840,70,99,mg/dL,70
504253,500538,500035,3004249,,2019-04-05,32856,129,,8876,90,130,mmHg,129.0
504254,500538,500035,3012888,,2019-04-05,32856,70,,8876,60,85,mmHg,70.0
504255,500538,500035,3025315,,2019-04-05,32856,69.6,,9529,45,90,kg,69.6
504256,500538,500035,3038553,,2019-04-05,32856,25.2,,9531,18.5,25,kg/m2,25.2
504257,500538,500035,3022192,,2019-04-05,32856,143.4,,8840,0,150,mg/dL,143.4
504258,500538,500035,3007070,,2019-04-05,32856,31.8,,8840,40,60,mg/dL,31.8
504259,500538,500035,3028437,,2019-04-05,32856,101.7,,8840,0,130,mg/dL,101.7
504260,500538,500035,3013721,,2019-04-05,32856,30.2,,8645,0,40,U/L,30.2
504261,500538,500035,3006923,,2019-04-05,32856,6,,8645,0,40,U/L,6.0
504262,500538,500035,3016723,,2019-04-05,32856,0.58,,8840,0.6,1.2,mg/dL,0.58
504263,500538,500035,3049187,,2019-04-05,32856,116,,9550,90,130,mL/min/1.73m2,116.0
504264,500539,500035,3004410,,2019-07-08,32856,5.4,,8554,4,5.6,%,5.4
504265,500539,500035,3004501,,2019-07-08,32856,98,,8840,70,99,mg/dL,98.0
504266,500539,500035,3004249,,2019-07-08,32856,119,,8876,90,130,mmHg,119.0
504267,500539,500035,3012888,,2019-07-08,32856,82,,8876,60,85,mmHg,82.0
504268,500539,500035,3025315,,2019-07-08,32856,69.7,,9529,45,90,kg,69.7
504269,500539,500035,3038553,,2019-07-08,32856,25.2,,9531,18.5,25,kg/m2,25.2
504270,500540,500035,3004410,,2019-10-01,32856,5.2,,8554,4,5.6,%,5.2
504271,500540,500035,3004501,,2019-10-01,32856,94,,8840,70,99,mg/dL,94.0
504272,500540,500035,3004249,,2019-10-01,32856,133,,8876,90,130,mmHg,133.0
504273,500540,500035,3012888,,2019-10-01,32856,80,,8876,60,85,mmHg,80.0
504274,500540,500035,3025315,,2019-10-01,32856,70.7,,9529,45,90,kg,70.7
504275,500540,500035,3038553,,2019-10-01,32856,25.6,,9531,18.5,25,kg/m2,25.6
504276,500541,500035,3004410,,2020-01-02,32856,5.4,,8554,4,5.6,%,5.4
504277,500541,500035,3004501,,2020-01-02,32856,70,,8840,70,99,mg/dL,70
504278,500541,500035,3004249,,2020-01-02,32856,135,,8876,90,130,mmHg,135.0
504279,500541,500035,3012888,,2020-01-02,32856,80,,8876,60,85,mmHg,80.0
504280,500541,500035,3025315,,2020-01-02,32856,69.9,,9529,45,90,kg,69.9
504281,500541,500035,3038553,,2020-01-02,32856,25.3,,9531,18.5,25,kg/m2,25.3
504282,500542,500035,3004410,,2020-04-06,32856,5.6,,8554,4,5.6,%,5.6
504283,500542,500035,3004501,,2020-04-06,32856,92,,8840,70,99,mg/dL,92.0
504284,500542,500035,3004249,,2020-04-06,32856,97,,8876,90,130,mmHg,97.0
504285,500542,500035,3012888,,2020-04-06,32856,82,,8876,60,85,mmHg,82.0
504286,500542,500035,3025315,,2020-04-06,32856,68.7,,9529,45,90,kg,68.7
504287,500542,500035,3038553,,2020-04-06,32856,24.8,,9531,18.5,25,kg/m2,24.8
504288,500542,500035,3022192,,2020-04-06,32856,44.2,,8840,0,150,mg/dL,44.2
504289,500542,500035,3007070,,2020-04-06,32856,56.8,,8840,40,60,mg/dL,56.8
504290,500542,500035,3028437,,2020-04-06,32856,89.3,,8840,0,130,mg/dL,89.3
504291,500542,500035,3013721,,2020-04-06,32856,48.8,,8645,0,40,U/L,48.8
504292,500542,500035,3006923,,2020-04-06,32856,22.3,,8645,0,40,U/L,22.3
504293,500542,500035,3016723,,2020-04-06,32856,0.89,,8840,0.6,1.2,mg/dL,0.89
504294,500542,500035,3049187,,2020-04-06,32856,101,,9550,90,130,mL/min/1.73m2,101.0
504295,500543,500035,3004410,,2020-07-04,32856,5.4,,8554,4,5.6,%,5.4
504296,500543,500035,3004501,,2020-07-04,32856,80,,8840,70,99,mg/dL,80.0
504297,500543,500035,3004249,,2020-07-04,32856,118,,8876,90,130,mmHg,118.0
504298,500543,500035,3012888,,2020-07-04,32856,88,,8876,60,85,mmHg,88.0
504299,500543,500035,3025315,,2020-07-04,32856,67.6,,9529,45,90,kg,67.6
504300,500543,500035,3038553,,2020-07-04,32856,24.4,,9531,18.5,25,kg/m2,24.4
504301,500544,500035,3004410,,2020-10-03,32856,6.1,,8554,4,5.6,%,6.1
504302,500544,500035,3004501,,2020-10-03,32856,111,,8840,70,99,mg/dL,111.0
504303,500544,500035,3004249,,2020-10-03,32856,116,,8876,90,130,mmHg,116.0
504304,500544,500035,3012888,,2020-10-03,32856,74,,8876,60,85,mmHg,74.0
504305,500544,500035,3025315,,2020-10-03,32856,67.8,,9529,45,90,kg,67.8
504306,500544,500035,3038553,,2020-10-03,32856,24.5,,9531,18.5,25,kg/m2,24.5
504307,500545,500035,3004410,,2021-01-06,32856,5.4,,8554,4,5.6,%,5.4
504308,500545,500035,3004501,,2021-01-06,32856,92,,8840,70,99,mg/dL,92.0
504309,500545,500035,3004249,,2021-01-06,32856,126,,8876,90,130,mmHg,126.0
504310,500545,500035,3012888,,2021-01-06,32856,58,,8876,60,85,mmHg,58.0
504311,500545,500035,3025315,,2021-01-06,32856,67.3,,9529,45,90,kg,67.3
504312,500545,500035,3038553,,2021-01-06,32856,24.3,,9531,18.5,25,kg/m2,24.3
504313,500546,500035,3004410,,2021-04-05,32856,6,,8554,4,5.6,%,6.0
504314,500546,500035,3004501,,2021-04-05,32856,105,,8840,70,99,mg/dL,105.0
504315,500546,500035,3004249,,2021-04-05,32856,121,,8876,90,130,mmHg,121.0
504316,500546,500035,3012888,,2021-04-05,32856,84,,8876,60,85,mmHg,84.0
504317,500546,500035,3025315,,2021-04-05,32856,66.4,,9529,45,90,kg,66.4
504318,500546,500035,3038553,,2021-04-05,32856,24,,9531,18.5,25,kg/m2,24.0
504319,500546,500035,3022192,,2021-04-05,32856,178.6,,8840,0,150,mg/dL,178.6
504320,500546,500035,3007070,,2021-04-05,32856,41.5,,8840,40,60,mg/dL,41.5
504321,500546,500035,3028437,,2021-04-05,32856,132.7,,8840,0,130,mg/dL,132.7
504322,500546,500035,3013721,,2021-04-05,32856,66.3,,8645,0,40,U/L,66.3
504323,500546,500035,3006923,,2021-04-05,32856,23.1,,8645,0,40,U/L,23.1
504324,500546,500035,3016723,,2021-04-05,32856,0.89,,8840,0.6,1.2,mg/dL,0.89
504325,500546,500035,3049187,,2021-04-05,32856,101,,9550,90,130,mL/min/1.73m2,101.0
504326,500547,500035,3004410,,2021-07-06,32856,6.1,,8554,4,5.6,%,6.1
504327,500547,500035,3004501,,2021-07-06,32856,98,,8840,70,99,mg/dL,98.0
504328,500547,500035,3004249,,2021-07-06,32856,115,,8876,90,130,mmHg,115.0
504329,500547,500035,3012888,,2021-07-06,32856,74,,8876,60,85,mmHg,74.0
504330,500547,500035,3025315,,2021-07-06,32856,67.3,,9529,45,90,kg,67.3
504331,500547,500035,3038553,,2021-07-06,32856,24.3,,9531,18.5,25,kg/m2,24.3
504332,500548,500035,3004410,,2021-10-06,32856,6.3,,8554,4,5.6,%,6.3
504333,500548,500035,3004501,,2021-10-06,32856,114,,8840,70,99,mg/dL,114.0
504334,500548,500035,3004249,,2021-10-06,32856,135,,8876,90,130,mmHg,135.0
504335,500548,500035,3012888,,2021-10-06,32856,92,,8876,60,85,mmHg,92.0
504336,500548,500035,3025315,,2021-10-06,32856,67.3,,9529,45,90,kg,67.3
504337,500548,500035,3038553,,2021-10-06,32856,24.3,,9531,18.5,25,kg/m2,24.3
504338,500549,500036,3036277,,2020-05-05,32856,157.2,,8582,150,185,cm,157.2
504339,500549,500036,3004410,,2020-05-05,32856,9.2,,8554,4,5.6,%,9.2
504340,500549,500036,3004501,,2020-05-05,32856,178,,8840,70,99,mg/dL,178.0
504341,500549,500036,3004249,,2020-05-05,32856,115,,8876,90,130,mmHg,115.0
504342,500549,500036,3012888,,2020-05-05,32856,79,,8876,60,85,mmHg,79.0
504343,500549,500036,3025315,,2020-05-05,32856,48.2,,9529,45,90,kg,48.2
504344,500549,500036,3038553,,2020-05-05,32856,19.5,,9531,18.5,25,kg/m2,19.5
504345,500549,500036,3022192,,2020-05-05,32856,238.5,,8840,0,150,mg/dL,238.5
504346,500549,500036,3007070,,2020-05-05,32856,54.1,,8840,40,60,mg/dL,54.1
504347,500549,500036,3028437,,2020-05-05,32856,92.6,,8840,0,130,mg/dL,92.6
504348,500549,500036,3013721,,2020-05-05,32856,33.4,,8645,0,40,U/L,33.4
504349,500549,500036,3006923,,2020-05-05,32856,95.4,,8645,0,40,U/L,95.4
504350,500549,500036,3016723,,2020-05-05,32856,1.09,,8840,0.6,1.2,mg/dL,1.09
504351,500549,500036,3049187,,2020-05-05,32856,53,,9550,90,130,mL/min/1.73m2,53.0
504352,500550,500036,3004410,,2020-07-29,32856,9.4,,8554,4,5.6,%,9.4
504353,500550,500036,3004501,,2020-07-29,32856,202,,8840,70,99,mg/dL,202.0
504354,500550,500036,3004249,,2020-07-29,32856,131,,8876,90,130,mmHg,131.0
504355,500550,500036,3012888,,2020-07-29,32856,82,,8876,60,85,mmHg,82.0
504356,500550,500036,3025315,,2020-07-29,32856,49.9,,9529,45,90,kg,49.9
504357,500550,500036,3038553,,2020-07-29,32856,20.2,,9531,18.5,25,kg/m2,20.2
504358,500551,500036,3004410,,2020-10-23,32856,9,,8554,4,5.6,%,9.0
504359,500551,500036,3004501,,2020-10-23,32856,164,,8840,70,99,mg/dL,164.0
504360,500551,500036,3004249,,2020-10-23,32856,118,,8876,90,130,mmHg,118.0
504361,500551,500036,3012888,,2020-10-23,32856,78,,8876,60,85,mmHg,78.0
504362,500551,500036,3025315,,2020-10-23,32856,50.1,,9529,45,90,kg,50.1
504363,500551,500036,3038553,,2020-10-23,32856,20.3,,9531,18.5,25,kg/m2,20.3
504364,500552,500036,3004410,,2021-01-22,32856,8.7,,8554,4,5.6,%,8.7
504365,500552,500036,3004501,,2021-01-22,32856,177,,8840,70,99,mg/dL,177.0
504366,500552,500036,3004249,,2021-01-22,32856,128,,8876,90,130,mmHg,128.0
504367,500552,500036,3012888,,2021-01-22,32856,74,,8876,60,85,mmHg,74.0
504368,500552,500036,3025315,,2021-01-22,32856,49.4,,9529,45,90,kg,49.4
504369,500552,500036,3038553,,2021-01-22,32856,20,,9531,18.5,25,kg/m2,20.0
504370,500553,500036,3004410,,2021-04-16,32856,7.3,,8554,4,5.6,%,7.3
504371,500553,500036,3004501,,2021-04-16,32856,142,,8840,70,99,mg/dL,142.0
504372,500553,500036,3004249,,2021-04-16,32856,152,,8876,90,130,mmHg,152.0
504373,500553,500036,3012888,,2021-04-16,32856,73,,8876,60,85,mmHg,73.0
504374,500553,500036,3025315,,2021-04-16,32856,49.5,,9529,45,90,kg,49.5
504375,500553,500036,3038553,,2021-04-16,32856,20,,9531,18.5,25,kg/m2,20.0
504376,500553,500036,3022192,,2021-04-16,32856,228.3,,8840,0,150,mg/dL,228.3
504377,500553,500036,3007070,,2021-04-16,32856,22.7,,8840,40,60,mg/dL,22.7
504378,500553,500036,3028437,,2021-04-16,32856,127.1,,8840,0,130,mg/dL,127.1
504379,500553,500036,3013721,,2021-04-16,32856,38.2,,8645,0,40,U/L,38.2
504380,500553,500036,3006923,,2021-04-16,32856,81.6,,8645,0,40,U/L,81.6
504381,500553,500036,3016723,,2021-04-16,32856,0.82,,8840,0.6,1.2,mg/dL,0.82
504382,500553,500036,3049187,,2021-04-16,32856,75,,9550,90,130,mL/min/1.73m2,75.0
504383,500554,500036,3004410,,2021-07-22,32856,7.1,,8554,4,5.6,%,7.1
504384,500554,500036,3004501,,2021-07-22,32856,120,,8840,70,99,mg/dL,120.0
504385,500554,500036,3004249,,2021-07-22,32856,116,,8876,90,130,mmHg,116.0
504386,500554,500036,3012888,,2021-07-22,32856,76,,8876,60,85,mmHg,76.0
504387,500554,500036,3025315,,2021-07-22,32856,50.3,,9529,45,90,kg,50.3
504388,500554,500036,3038553,,2021-07-22,32856,20.4,,9531,18.5,25,kg/m2,20.4
504389,500555,500036,3004410,,2021-10-24,32856,6.8,,8554,4,5.6,%,6.8
504390,500555,500036,3004501,,2021-10-24,32856,156,,8840,70,99,mg/dL,156.0
504391,500555,500036,3004249,,2021-10-24,32856,110,,8876,90,130,mmHg,110.0
504392,500555,500036,3012888,,2021-10-24,32856,72,,8876,60,85,mmHg,72.0
504393,500555,500036,3025315,,2021-10-24,32856,48.4,,9529,45,90,kg,48.4
504394,500555,500036,3038553,,2021-10-24,32856,19.6,,9531,18.5,25,kg/m2,19.6
504395,500556,500036,3004410,,2022-01-17,32856,6.7,,8554,4,5.6,%,6.7
504396,500556,500036,3004501,,2022-01-17,32856,111,,8840,70,99,mg/dL,111.0
504397,500556,500036,3004249,,2022-01-17,32856,148,,8876,90,130,mmHg,148.0
504398,500556,500036,3012888,,2022-01-17,32856,73,,8876,60,85,mmHg,73.0
504399,500556,500036,3025315,,2022-01-17,32856,48.9,,9529,45,90,kg,48.9
504400,500556,500036,3038553,,2022-01-17,32856,19.8,,9531,18.5,25,kg/m2,19.8
504401,500557,500036,3004410,,2022-04-13,32856,6.9,,8554,4,5.6,%,6.9
504402,500557,500036,3004501,,2022-04-13,32856,137,,8840,70,99,mg/dL,137.0
504403,500557,500036,3004249,,2022-04-13,32856,112,,8876,90,130,mmHg,112.0
504404,500557,500036,3012888,,2022-04-13,32856,75,,8876,60,85,mmHg,75.0
504405,500557,500036,3025315,,2022-04-13,32856,48.6,,9529,45,90,kg,48.6
504406,500557,500036,3038553,,2022-04-13,32856,19.7,,9531,18.5,25,kg/m2,19.7
504407,500557,500036,3022192,,2022-04-13,32856,231.7,,8840,0,150,mg/dL,231.7
504408,500557,500036,3007070,,2022-04-13,32856,49.2,,8840,40,60,mg/dL,49.2
504409,500557,500036,3028437,,2022-04-13,32856,132.3,,8840,0,130,mg/dL,132.3
504410,500557,500036,3013721,,2022-04-13,32856,88.9,,8645,0,40,U/L,88.9
504411,500557,500036,3006923,,2022-04-13,32856,71.1,,8645,0,40,U/L,71.1
504412,500557,500036,3016723,,2022-04-13,32856,0.73,,8840,0.6,1.2,mg/dL,0.73
504413,500557,500036,3049187,,2022-04-13,32856,85,,9550,90,130,mL/min/1.73m2,85.0
504414,500558,500036,3004410,,2022-07-18,32856,6.8,,8554,4,5.6,%,6.8
504415,500558,500036,3004501,,2022-07-18,32856,133,,8840,70,99,mg/dL,133.0
504416,500558,500036,3004249,,2022-07-18,32856,122,,8876,90,130,mmHg,122.0
504417,500558,500036,3012888,,2022-07-18,32856,81,,8876,60,85,mmHg,81.0
504418,500558,500036,3025315,,2022-07-18,32856,46.6,,9529,45,90,kg,46.6
504419,500558,500036,3038553,,2022-07-18,32856,18.9,,9531,18.5,25,kg/m2,18.9
504420,500559,500036,3004410,,2022-10-15,32856,7.1,,8554,4,5.6,%,7.1
504421,500559,500036,3004501,,2022-10-15,32856,152,,8840,70,99,mg/dL,152.0
504422,500559,500036,3004249,,2022-10-15,32856,147,,8876,90,130,mmHg,147.0
504423,500559,500036,3012888,,2022-10-15,32856,68,,8876,60,85,mmHg,68.0
504424,500559,500036,3025315,,2022-10-15,32856,46.3,,9529,45,90,kg,46.3
504425,500559,500036,3038553,,2022-10-15,32856,18.7,,9531,18.5,25,kg/m2,18.7
504426,500560,500036,3004410,,2023-01-21,32856,6.8,,8554,4,5.6,%,6.8
504427,500560,500036,3004501,,2023-01-21,32856,114,,8840,70,99,mg/dL,114.0
504428,500560,500036,3004249,,2023-01-21,32856,130,,8876,90,130,mmHg,130.0
504429,500560,500036,3012888,,2023-01-21,32856,96,,8876,60,85,mmHg,96.0
504430,500560,500036,3025315,,2023-01-21,32856,47.5,,9529,45,90,kg,47.5
504431,500560,500036,3038553,,2023-01-21,32856,19.2,,9531,18.5,25,kg/m2,19.2
504432,500561,500037,3036277,,2023-10-31,32856,166,,8582,150,185,cm,166.0
504433,500561,500037,3004410,,2023-10-31,32856,6.5,,8554,4,5.6,%,6.5
504434,500561,500037,3004501,,2023-10-31,32856,139,,8840,70,99,mg/dL,139.0
504435,500561,500037,3004249,,2023-10-31,32856,141,,8876,90,130,mmHg,141.0
504436,500561,500037,3012888,,2023-10-31,32856,89,,8876,60,85,mmHg,89.0
504437,500561,500037,3025315,,2023-10-31,32856,61.7,,9529,45,90,kg,61.7
504438,500561,500037,3038553,,2023-10-31,32856,22.4,,9531,18.5,25,kg/m2,22.4
504439,500561,500037,3022192,,2023-10-31,32856,248.8,,8840,0,150,mg/dL,248.8
504440,500561,500037,3007070,,2023-10-31,32856,42.5,,8840,40,60,mg/dL,42.5
504441,500561,500037,3028437,,2023-10-31,32856,75.4,,8840,0,130,mg/dL,75.4
504442,500561,500037,3013721,,2023-10-31,32856,20.1,,8645,0,40,U/L,20.1
504443,500561,500037,3006923,,2023-10-31,32856,58.6,,8645,0,40,U/L,58.6
504444,500561,500037,3016723,,2023-10-31,32856,0.95,,8840,0.6,1.2,mg/dL,0.95
504445,500561,500037,3049187,,2023-10-31,32856,94,,9550,90,130,mL/min/1.73m2,94.0
504446,500562,500037,3004410,,2024-01-29,32856,6.3,,8554,4,5.6,%,6.3
504447,500562,500037,3004501,,2024-01-29,32856,117,,8840,70,99,mg/dL,117.0
504448,500562,500037,3004249,,2024-01-29,32856,140,,8876,90,130,mmHg,140.0
504449,500562,500037,3012888,,2024-01-29,32856,91,,8876,60,85,mmHg,91.0
504450,500562,500037,3025315,,2024-01-29,32856,61.7,,9529,45,90,kg,61.7
504451,500562,500037,3038553,,2024-01-29,32856,22.4,,9531,18.5,25,kg/m2,22.4
504452,500563,500037,3004410,,2024-05-04,32856,7,,8554,4,5.6,%,7.0
504453,500563,500037,3004501,,2024-05-04,32856,158,,8840,70,99,mg/dL,158.0
504454,500563,500037,3004249,,2024-05-04,32856,139,,8876,90,130,mmHg,139.0
504455,500563,500037,3012888,,2024-05-04,32856,82,,8876,60,85,mmHg,82.0
504456,500563,500037,3025315,,2024-05-04,32856,62.7,,9529,45,90,kg,62.7
504457,500563,500037,3038553,,2024-05-04,32856,22.8,,9531,18.5,25,kg/m2,22.8
504458,500564,500037,3004410,,2024-08-05,32856,6.2,,8554,4,5.6,%,6.2
504459,500564,500037,3004501,,2024-08-05,32856,121,,8840,70,99,mg/dL,121.0
504460,500564,500037,3004249,,2024-08-05,32856,113,,8876,90,130,mmHg,113.0
504461,500564,500037,3012888,,2024-08-05,32856,85,,8876,60,85,mmHg,85.0
504462,500564,500037,3025315,,2024-08-05,32856,63.8,,9529,45,90,kg,63.8
504463,500564,500037,3038553,,2024-08-05,32856,23.2,,9531,18.5,25,kg/m2,23.2
504464,500565,500037,3004410,,2024-11-03,32856,5.6,,8554,4,5.6,%,5.6
504465,500565,500037,3004501,,2024-11-03,32856,77,,8840,70,99,mg/dL,77.0
504466,500565,500037,3004249,,2024-11-03,32856,129,,8876,90,130,mmHg,129.0
504467,500565,500037,3012888,,2024-11-03,32856,66,,8876,60,85,mmHg,66.0
504468,500565,500037,3025315,,2024-11-03,32856,63.3,,9529,45,90,kg,63.3
504469,500565,500037,3038553,,2024-11-03,32856,23,,9531,18.5,25,kg/m2,23.0
504470,500565,500037,3022192,,2024-11-03,32856,185.2,,8840,0,150,mg/dL,185.2
504471,500565,500037,3007070,,2024-11-03,32856,54.5,,8840,40,60,mg/dL,54.5
504472,500565,500037,3028437,,2024-11-03,32856,63.9,,8840,0,130,mg/dL,63.9
504473,500565,500037,3013721,,2024-11-03,32856,22.6,,8645,0,40,U/L,22.6
504474,500565,500037,3006923,,2024-11-03,32856,34.9,,8645,0,40,U/L,34.9
504475,500565,500037,3016723,,2024-11-03,32856,1.24,,8840,0.6,1.2,mg/dL,1.24
504476,500565,500037,3049187,,2024-11-03,32856,68,,9550,90,130,mL/min/1.73m2,68.0
504477,500566,500037,3004410,,2025-01-30,32856,5.7,,8554,4,5.6,%,5.7
504478,500566,500037,3004501,,2025-01-30,32856,107,,8840,70,99,mg/dL,107.0
504479,500566,500037,3004249,,2025-01-30,32856,127,,8876,90,130,mmHg,127.0
504480,500566,500037,3012888,,2025-01-30,32856,79,,8876,60,85,mmHg,79.0
504481,500566,500037,3025315,,2025-01-30,32856,65,,9529,45,90,kg,65.0
504482,500566,500037,3038553,,2025-01-30,32856,23.6,,9531,18.5,25,kg/m2,23.6
504483,500567,500037,3004410,,2025-04-30,32856,5.7,,8554,4,5.6,%,5.7
504484,500567,500037,3004501,,2025-04-30,32856,91,,8840,70,99,mg/dL,91.0
504485,500567,500037,3004249,,2025-04-30,32856,143,,8876,90,130,mmHg,143.0
504486,500567,500037,3012888,,2025-04-30,32856,85,,8876,60,85,mmHg,85.0
504487,500567,500037,3025315,,2025-04-30,32856,66.9,,9529,45,90,kg,66.9
504488,500567,500037,3038553,,2025-04-30,32856,24.3,,9531,18.5,25,kg/m2,24.3
504489,500568,500037,3004410,,2025-08-02,32856,6.2,,8554,4,5.6,%,6.2
504490,500568,500037,3004501,,2025-08-02,32856,106,,8840,70,99,mg/dL,106.0
504491,500568,500037,3004249,,2025-08-02,32856,147,,8876,90,130,mmHg,147.0
504492,500568,500037,3012888,,2025-08-02,32856,89,,8876,60,85,mmHg,89.0
504493,500568,500037,3025315,,2025-08-02,32856,68,,9529,45,90,kg,68.0
504494,500568,500037,3038553,,2025-08-02,32856,24.7,,9531,18.5,25,kg/m2,24.7
504495,500569,500037,3004410,,2025-11-04,32856,5.5,,8554,4,5.6,%,5.5
504496,500569,500037,3004501,,2025-11-04,32856,79,,8840,70,99,mg/dL,79.0
504497,500569,500037,3004249,,2025-11-04,32856,132,,8876,90,130,mmHg,132.0
504498,500569,500037,3012888,,2025-11-04,32856,82,,8876,60,85,mmHg,82.0
504499,500569,500037,3025315,,2025-11-04,32856,67.2,,9529,45,90,kg,67.2
504500,500569,500037,3038553,,2025-11-04,32856,24.4,,9531,18.5,25,kg/m2,24.4
504501,500569,500037,3022192,,2025-11-04,32856,215.6,,8840,0,150,mg/dL,215.6
504502,500569,500037,3007070,,2025-11-04,32856,28.2,,8840,40,60,mg/dL,28.2
504503,500569,500037,3028437,,2025-11-04,32856,139.2,,8840,0,130,mg/dL,139.2
504504,500569,500037,3013721,,2025-11-04,32856,29.7,,8645,0,40,U/L,29.7
504505,500569,500037,3006923,,2025-11-04,32856,34.1,,8645,0,40,U/L,34.1
504506,500569,500037,3016723,,2025-11-04,32856,0.66,,8840,0.6,1.2,mg/dL,0.66
504507,500569,500037,3049187,,2025-11-04,32856,109,,9550,90,130,mL/min/1.73m2,109.0
504508,500570,500037,3004410,,2026-02-05,32856,5.6,,8554,4,5.6,%,5.6
504509,500570,500037,3004501,,2026-02-05,32856,111,,8840,70,99,mg/dL,111.0
504510,500570,500037,3004249,,2026-02-05,32856,152,,8876,90,130,mmHg,152.0
504511,500570,500037,3012888,,2026-02-05,32856,65,,8876,60,85,mmHg,65.0
504512,500570,500037,3025315,,2026-02-05,32856,67.6,,9529,45,90,kg,67.6
504513,500570,500037,3038553,,2026-02-05,32856,24.5,,9531,18.5,25,kg/m2,24.5
504514,500571,500037,3004410,,2026-04-30,32856,5.8,,8554,4,5.6,%,5.8
504515,500571,500037,3004501,,2026-04-30,32856,112,,8840,70,99,mg/dL,112.0
504516,500571,500037,3004249,,2026-04-30,32856,132,,8876,90,130,mmHg,132.0
504517,500571,500037,3012888,,2026-04-30,32856,77,,8876,60,85,mmHg,77.0
504518,500571,500037,3025315,,2026-04-30,32856,68.9,,9529,45,90,kg,68.9
504519,500571,500037,3038553,,2026-04-30,32856,25,,9531,18.5,25,kg/m2,25.0
504520,500572,500037,3004410,,2026-08-04,32856,5.9,,8554,4,5.6,%,5.9
504521,500572,500037,3004501,,2026-08-04,32856,90,,8840,70,99,mg/dL,90.0
504522,500572,500037,3004249,,2026-08-04,32856,133,,8876,90,130,mmHg,133.0
504523,500572,500037,3012888,,2026-08-04,32856,93,,8876,60,85,mmHg,93.0
504524,500572,500037,3025315,,2026-08-04,32856,69.5,,9529,45,90,kg,69.5
504525,500572,500037,3038553,,2026-08-04,32856,25.2,,9531,18.5,25,kg/m2,25.2
504526,500573,500038,3036277,,2020-04-15,32856,174.6,,8582,150,185,cm,174.6
504527,500573,500038,3004410,,2020-04-15,32856,9.5,,8554,4,5.6,%,9.5
504528,500573,500038,3004501,,2020-04-15,32856,194,,8840,70,99,mg/dL,194.0
504529,500573,500038,3004249,,2020-04-15,32856,121,,8876,90,130,mmHg,121.0
504530,500573,500038,3012888,,2020-04-15,32856,78,,8876,60,85,mmHg,78.0
504531,500573,500038,3025315,,2020-04-15,32856,75.6,,9529,45,90,kg,75.6
504532,500573,500038,3038553,,2020-04-15,32856,24.8,,9531,18.5,25,kg/m2,24.8
504533,500573,500038,3022192,,2020-04-15,32856,353.3,,8840,0,150,mg/dL,353.3
504534,500573,500038,3007070,,2020-04-15,32856,55.2,,8840,40,60,mg/dL,55.2
504535,500573,500038,3028437,,2020-04-15,32856,118.3,,8840,0,130,mg/dL,118.3
504536,500573,500038,3013721,,2020-04-15,32856,88,,8645,0,40,U/L,88.0
504537,500573,500038,3006923,,2020-04-15,32856,33.5,,8645,0,40,U/L,33.5
504538,500573,500038,3016723,,2020-04-15,32856,0.5,,8840,0.6,1.2,mg/dL,0.5
504539,500573,500038,3049187,,2020-04-15,32856,100,,9550,90,130,mL/min/1.73m2,100.0
504540,500574,500038,3004410,,2020-07-13,32856,8.5,,8554,4,5.6,%,8.5
504541,500574,500038,3004501,,2020-07-13,32856,151,,8840,70,99,mg/dL,151.0
504542,500574,500038,3004249,,2020-07-13,32856,116,,8876,90,130,mmHg,116.0
504543,500574,500038,3012888,,2020-07-13,32856,71,,8876,60,85,mmHg,71.0
504544,500574,500038,3025315,,2020-07-13,32856,75.8,,9529,45,90,kg,75.8
504545,500574,500038,3038553,,2020-07-13,32856,24.9,,9531,18.5,25,kg/m2,24.9
504546,500575,500038,3004410,,2020-10-09,32856,7.9,,8554,4,5.6,%,7.9
504547,500575,500038,3004501,,2020-10-09,32856,159,,8840,70,99,mg/dL,159.0
504548,500575,500038,3004249,,2020-10-09,32856,121,,8876,90,130,mmHg,121.0
504549,500575,500038,3012888,,2020-10-09,32856,60,,8876,60,85,mmHg,60.0
504550,500575,500038,3025315,,2020-10-09,32856,74.1,,9529,45,90,kg,74.1
504551,500575,500038,3038553,,2020-10-09,32856,24.3,,9531,18.5,25,kg/m2,24.3
504552,500576,500038,3004410,,2021-01-06,32856,8,,8554,4,5.6,%,8.0
504553,500576,500038,3004501,,2021-01-06,32856,144,,8840,70,99,mg/dL,144.0
504554,500576,500038,3004249,,2021-01-06,32856,125,,8876,90,130,mmHg,125.0
504555,500576,500038,3012888,,2021-01-06,32856,80,,8876,60,85,mmHg,80.0
504556,500576,500038,3025315,,2021-01-06,32856,74.7,,9529,45,90,kg,74.7
504557,500576,500038,3038553,,2021-01-06,32856,24.5,,9531,18.5,25,kg/m2,24.5
504558,500577,500038,3004410,,2021-04-03,32856,8.1,,8554,4,5.6,%,8.1
504559,500577,500038,3004501,,2021-04-03,32856,177,,8840,70,99,mg/dL,177.0
504560,500577,500038,3004249,,2021-04-03,32856,130,,8876,90,130,mmHg,130.0
504561,500577,500038,3012888,,2021-04-03,32856,80,,8876,60,85,mmHg,80.0
504562,500577,500038,3025315,,2021-04-03,32856,75.1,,9529,45,90,kg,75.1
504563,500577,500038,3038553,,2021-04-03,32856,24.6,,9531,18.5,25,kg/m2,24.6
504564,500577,500038,3022192,,2021-04-03,32856,206.1,,8840,0,150,mg/dL,206.1
504565,500577,500038,3007070,,2021-04-03,32856,53.2,,8840,40,60,mg/dL,53.2
504566,500577,500038,3028437,,2021-04-03,32856,171,,8840,0,130,mg/dL,171.0
504567,500577,500038,3013721,,2021-04-03,32856,42.9,,8645,0,40,U/L,42.9
504568,500577,500038,3006923,,2021-04-03,32856,21.6,,8645,0,40,U/L,21.6
504569,500577,500038,3016723,,2021-04-03,32856,0.98,,8840,0.6,1.2,mg/dL,0.98
504570,500577,500038,3049187,,2021-04-03,32856,75,,9550,90,130,mL/min/1.73m2,75.0
504571,500578,500038,3004410,,2021-07-02,32856,7.5,,8554,4,5.6,%,7.5
504572,500578,500038,3004501,,2021-07-02,32856,140,,8840,70,99,mg/dL,140.0
504573,500578,500038,3004249,,2021-07-02,32856,133,,8876,90,130,mmHg,133.0
504574,500578,500038,3012888,,2021-07-02,32856,79,,8876,60,85,mmHg,79.0
504575,500578,500038,3025315,,2021-07-02,32856,74.5,,9529,45,90,kg,74.5
504576,500578,500038,3038553,,2021-07-02,32856,24.4,,9531,18.5,25,kg/m2,24.4
504577,500579,500038,3004410,,2021-09-29,32856,7.4,,8554,4,5.6,%,7.4
504578,500579,500038,3004501,,2021-09-29,32856,139,,8840,70,99,mg/dL,139.0
504579,500579,500038,3004249,,2021-09-29,32856,113,,8876,90,130,mmHg,113.0
504580,500579,500038,3012888,,2021-09-29,32856,75,,8876,60,85,mmHg,75.0
504581,500579,500038,3025315,,2021-09-29,32856,74.9,,9529,45,90,kg,74.9
504582,500579,500038,3038553,,2021-09-29,32856,24.6,,9531,18.5,25,kg/m2,24.6
504583,500580,500038,3004410,,2021-12-22,32856,7.2,,8554,4,5.6,%,7.2
504584,500580,500038,3004501,,2021-12-22,32856,140,,8840,70,99,mg/dL,140.0
504585,500580,500038,3004249,,2021-12-22,32856,111,,8876,90,130,mmHg,111.0
504586,500580,500038,3012888,,2021-12-22,32856,80,,8876,60,85,mmHg,80.0
504587,500580,500038,3025315,,2021-12-22,32856,75.3,,9529,45,90,kg,75.3
504588,500580,500038,3038553,,2021-12-22,32856,24.7,,9531,18.5,25,kg/m2,24.7
504589,500581,500038,3004410,,2022-03-18,32856,7.4,,8554,4,5.6,%,7.4
504590,500581,500038,3004501,,2022-03-18,32856,161,,8840,70,99,mg/dL,161.0
504591,500581,500038,3004249,,2022-03-18,32856,131,,8876,90,130,mmHg,131.0
504592,500581,500038,3012888,,2022-03-18,32856,83,,8876,60,85,mmHg,83.0
504593,500581,500038,3025315,,2022-03-18,32856,75.9,,9529,45,90,kg,75.9
504594,500581,500038,3038553,,2022-03-18,32856,24.9,,9531,18.5,25,kg/m2,24.9
504595,500581,500038,3022192,,2022-03-18,32856,250.1,,8840,0,150,mg/dL,250.1
504596,500581,500038,3007070,,2022-03-18,32856,66.9,,8840,40,60,mg/dL,66.9
504597,500581,500038,3028437,,2022-03-18,32856,148.1,,8840,0,130,mg/dL,148.1
504598,500581,500038,3013721,,2022-03-18,32856,8,,8645,0,40,U/L,8.0
504599,500581,500038,3006923,,2022-03-18,32856,53.5,,8645,0,40,U/L,53.5
504600,500581,500038,3016723,,2022-03-18,32856,1.39,,8840,0.6,1.2,mg/dL,1.39
504601,500581,500038,3049187,,2022-03-18,32856,49,,9550,90,130,mL/min/1.73m2,49.0
504602,500582,500038,3004410,,2022-06-14,32856,7.1,,8554,4,5.6,%,7.1
504603,500582,500038,3004501,,2022-06-14,32856,145,,8840,70,99,mg/dL,145.0
504604,500582,500038,3004249,,2022-06-14,32856,123,,8876,90,130,mmHg,123.0
504605,500582,500038,3012888,,2022-06-14,32856,82,,8876,60,85,mmHg,82.0
504606,500582,500038,3025315,,2022-06-14,32856,74.7,,9529,45,90,kg,74.7
504607,500582,500038,3038553,,2022-06-14,32856,24.5,,9531,18.5,25,kg/m2,24.5
504608,500583,500038,3004410,,2022-09-15,32856,6.7,,8554,4,5.6,%,6.7
504609,500583,500038,3004501,,2022-09-15,32856,129,,8840,70,99,mg/dL,129.0
504610,500583,500038,3004249,,2022-09-15,32856,127,,8876,90,130,mmHg,127.0
504611,500583,500038,3012888,,2022-09-15,32856,77,,8876,60,85,mmHg,77.0
504612,500583,500038,3025315,,2022-09-15,32856,73.8,,9529,45,90,kg,73.8
504613,500583,500038,3038553,,2022-09-15,32856,24.2,,9531,18.5,25,kg/m2,24.2
504614,500584,500038,3004410,,2022-12-14,32856,6.9,,8554,4,5.6,%,6.9
504615,500584,500038,3004501,,2022-12-14,32856,133,,8840,70,99,mg/dL,133.0
504616,500584,500038,3004249,,2022-12-14,32856,128,,8876,90,130,mmHg,128.0
504617,500584,500038,3012888,,2022-12-14,32856,63,,8876,60,85,mmHg,63.0
504618,500584,500038,3025315,,2022-12-14,32856,72.1,,9529,45,90,kg,72.1
504619,500584,500038,3038553,,2022-12-14,32856,23.7,,9531,18.5,25,kg/m2,23.7
504620,500585,500038,3004410,,2023-03-12,32856,6.7,,8554,4,5.6,%,6.7
504621,500585,500038,3004501,,2023-03-12,32856,119,,8840,70,99,mg/dL,119.0
504622,500585,500038,3004249,,2023-03-12,32856,126,,8876,90,130,mmHg,126.0
504623,500585,500038,3012888,,2023-03-12,32856,84,,8876,60,85,mmHg,84.0
504624,500585,500038,3025315,,2023-03-12,32856,71.3,,9529,45,90,kg,71.3
504625,500585,500038,3038553,,2023-03-12,32856,23.4,,9531,18.5,25,kg/m2,23.4
504626,500585,500038,3022192,,2023-03-12,32856,159.6,,8840,0,150,mg/dL,159.6
504627,500585,500038,3007070,,2023-03-12,32856,40.2,,8840,40,60,mg/dL,40.2
504628,500585,500038,3028437,,2023-03-12,32856,159.2,,8840,0,130,mg/dL,159.2
504629,500585,500038,3013721,,2023-03-12,32856,10.1,,8645,0,40,U/L,10.1
504630,500585,500038,3006923,,2023-03-12,32856,6,,8645,0,40,U/L,6.0
504631,500585,500038,3016723,,2023-03-12,32856,0.6,,8840,0.6,1.2,mg/dL,0.6
504632,500585,500038,3049187,,2023-03-12,32856,93,,9550,90,130,mL/min/1.73m2,93.0
504633,500586,500038,3004410,,2023-06-06,32856,6.8,,8554,4,5.6,%,6.8
504634,500586,500038,3004501,,2023-06-06,32856,112,,8840,70,99,mg/dL,112.0
504635,500586,500038,3004249,,2023-06-06,32856,129,,8876,90,130,mmHg,129.0
504636,500586,500038,3012888,,2023-06-06,32856,83,,8876,60,85,mmHg,83.0
504637,500586,500038,3025315,,2023-06-06,32856,69.8,,9529,45,90,kg,69.8
504638,500586,500038,3038553,,2023-06-06,32856,22.9,,9531,18.5,25,kg/m2,22.9
504639,500587,500038,3004410,,2023-09-08,32856,7.3,,8554,4,5.6,%,7.3
504640,500587,500038,3004501,,2023-09-08,32856,128,,8840,70,99,mg/dL,128.0
504641,500587,500038,3004249,,2023-09-08,32856,137,,8876,90,130,mmHg,137.0
504642,500587,500038,3012888,,2023-09-08,32856,87,,8876,60,85,mmHg,87.0
504643,500587,500038,3025315,,2023-09-08,32856,69.5,,9529,45,90,kg,69.5
504644,500587,500038,3038553,,2023-09-08,32856,22.8,,9531,18.5,25,kg/m2,22.8
504645,500588,500038,3004410,,2023-12-01,32856,7.3,,8554,4,5.6,%,7.3
504646,500588,500038,3004501,,2023-12-01,32856,130,,8840,70,99,mg/dL,130.0
504647,500588,500038,3004249,,2023-12-01,32856,133,,8876,90,130,mmHg,133.0
504648,500588,500038,3012888,,2023-12-01,32856,87,,8876,60,85,mmHg,87.0
504649,500588,500038,3025315,,2023-12-01,32856,69.1,,9529,45,90,kg,69.1
504650,500588,500038,3038553,,2023-12-01,32856,22.7,,9531,18.5,25,kg/m2,22.7
504651,500589,500038,3004410,,2024-03-04,32856,7.5,,8554,4,5.6,%,7.5
504652,500589,500038,3004501,,2024-03-04,32856,107,,8840,70,99,mg/dL,107.0
504653,500589,500038,3004249,,2024-03-04,32856,115,,8876,90,130,mmHg,115.0
504654,500589,500038,3012888,,2024-03-04,32856,88,,8876,60,85,mmHg,88.0
504655,500589,500038,3025315,,2024-03-04,32856,70,,9529,45,90,kg,70.0
504656,500589,500038,3038553,,2024-03-04,32856,23,,9531,18.5,25,kg/m2,23.0
504657,500589,500038,3022192,,2024-03-04,32856,293,,8840,0,150,mg/dL,293.0
504658,500589,500038,3007070,,2024-03-04,32856,33.4,,8840,40,60,mg/dL,33.4
504659,500589,500038,3028437,,2024-03-04,32856,84.5,,8840,0,130,mg/dL,84.5
504660,500589,500038,3013721,,2024-03-04,32856,38.6,,8645,0,40,U/L,38.6
504661,500589,500038,3006923,,2024-03-04,32856,64.9,,8645,0,40,U/L,64.9
504662,500589,500038,3016723,,2024-03-04,32856,0.86,,8840,0.6,1.2,mg/dL,0.86
504663,500589,500038,3049187,,2024-03-04,32856,83,,9550,90,130,mL/min/1.73m2,83.0
504664,500590,500038,3004410,,2024-06-03,32856,7.7,,8554,4,5.6,%,7.7
504665,500590,500038,3004501,,2024-06-03,32856,148,,8840,70,99,mg/dL,148.0
504666,500590,500038,3004249,,2024-06-03,32856,123,,8876,90,130,mmHg,123.0
504667,500590,500038,3012888,,2024-06-03,32856,74,,8876,60,85,mmHg,74.0
504668,500590,500038,3025315,,2024-06-03,32856,68.2,,9529,45,90,kg,68.2
504669,500590,500038,3038553,,2024-06-03,32856,22.4,,9531,18.5,25,kg/m2,22.4
504670,500591,500038,3004410,,2024-09-09,32856,7.9,,8554,4,5.6,%,7.9
504671,500591,500038,3004501,,2024-09-09,32856,157,,8840,70,99,mg/dL,157.0
504672,500591,500038,3004249,,2024-09-09,32856,99,,8876,90,130,mmHg,99.0
504673,500591,500038,3012888,,2024-09-09,32856,76,,8876,60,85,mmHg,76.0
504674,500591,500038,3025315,,2024-09-09,32856,66.2,,9529,45,90,kg,66.2
504675,500591,500038,3038553,,2024-09-09,32856,21.7,,9531,18.5,25,kg/m2,21.7
504676,500592,500038,3004410,,2024-12-15,32856,7.5,,8554,4,5.6,%,7.5
504677,500592,500038,3004501,,2024-12-15,32856,149,,8840,70,99,mg/dL,149.0
504678,500592,500038,3004249,,2024-12-15,32856,139,,8876,90,130,mmHg,139.0
504679,500592,500038,3012888,,2024-12-15,32856,83,,8876,60,85,mmHg,83.0
504680,500592,500038,3025315,,2024-12-15,32856,65.2,,9529,45,90,kg,65.2
504681,500592,500038,3038553,,2024-12-15,32856,21.4,,9531,18.5,25,kg/m2,21.4
504682,500593,500038,3004410,,2025-03-09,32856,7.6,,8554,4,5.6,%,7.6
504683,500593,500038,3004501,,2025-03-09,32856,145,,8840,70,99,mg/dL,145.0
504684,500593,500038,3004249,,2025-03-09,32856,132,,8876,90,130,mmHg,132.0
504685,500593,500038,3012888,,2025-03-09,32856,62,,8876,60,85,mmHg,62.0
504686,500593,500038,3025315,,2025-03-09,32856,65.1,,9529,45,90,kg,65.1
504687,500593,500038,3038553,,2025-03-09,32856,21.4,,9531,18.5,25,kg/m2,21.4
504688,500593,500038,3022192,,2025-03-09,32856,188,,8840,0,150,mg/dL,188.0
504689,500593,500038,3007070,,2025-03-09,32856,71.1,,8840,40,60,mg/dL,71.1
504690,500593,500038,3028437,,2025-03-09,32856,55.7,,8840,0,130,mg/dL,55.7
504691,500593,500038,3013721,,2025-03-09,32856,49.4,,8645,0,40,U/L,49.4
504692,500593,500038,3006923,,2025-03-09,32856,34.1,,8645,0,40,U/L,34.1
504693,500593,500038,3016723,,2025-03-09,32856,1.14,,8840,0.6,1.2,mg/dL,1.14
504694,500593,500038,3049187,,2025-03-09,32856,61,,9550,90,130,mL/min/1.73m2,61.0
504695,500594,500038,3004410,,2025-06-15,32856,7.6,,8554,4,5.6,%,7.6
504696,500594,500038,3004501,,2025-06-15,32856,127,,8840,70,99,mg/dL,127.0
504697,500594,500038,3004249,,2025-06-15,32856,145,,8876,90,130,mmHg,145.0
504698,500594,500038,3012888,,2025-06-15,32856,86,,8876,60,85,mmHg,86.0
504699,500594,500038,3025315,,2025-06-15,32856,66,,9529,45,90,kg,66.0
504700,500594,500038,3038553,,2025-06-15,32856,21.6,,9531,18.5,25,kg/m2,21.6
504701,500595,500038,3004410,,2025-09-12,32856,7.7,,8554,4,5.6,%,7.7
504702,500595,500038,3004501,,2025-09-12,32856,126,,8840,70,99,mg/dL,126.0
504703,500595,500038,3004249,,2025-09-12,32856,113,,8876,90,130,mmHg,113.0
504704,500595,500038,3012888,,2025-09-12,32856,71,,8876,60,85,mmHg,71.0
504705,500595,500038,3025315,,2025-09-12,32856,67.1,,9529,45,90,kg,67.1
504706,500595,500038,3038553,,2025-09-12,32856,22,,9531,18.5,25,kg/m2,22.0
504707,500596,500038,3004410,,2025-12-09,32856,7.9,,8554,4,5.6,%,7.9
504708,500596,500038,3004501,,2025-12-09,32856,150,,8840,70,99,mg/dL,150.0
504709,500596,500038,3004249,,2025-12-09,32856,151,,8876,90,130,mmHg,151.0
504710,500596,500038,3012888,,2025-12-09,32856,81,,8876,60,85,mmHg,81.0
504711,500596,500038,3025315,,2025-12-09,32856,68.2,,9529,45,90,kg,68.2
504712,500596,500038,3038553,,2025-12-09,32856,22.4,,9531,18.5,25,kg/m2,22.4
504713,500597,500039,3036277,,2020-07-21,32856,164.4,,8582,150,185,cm,164.4
504714,500597,500039,3004410,,2020-07-21,32856,8.7,,8554,4,5.6,%,8.7
504715,500597,500039,3004501,,2020-07-21,32856,195,,8840,70,99,mg/dL,195.0
504716,500597,500039,3004249,,2020-07-21,32856,135,,8876,90,130,mmHg,135.0
504717,500597,500039,3012888,,2020-07-21,32856,85,,8876,60,85,mmHg,85.0
504718,500597,500039,3025315,,2020-07-21,32856,51.6,,9529,45,90,kg,51.6
504719,500597,500039,3038553,,2020-07-21,32856,19.1,,9531,18.5,25,kg/m2,19.1
504720,500597,500039,3022192,,2020-07-21,32856,10,,8840,0,150,mg/dL,10
504721,500597,500039,3007070,,2020-07-21,32856,57.6,,8840,40,60,mg/dL,57.6
504722,500597,500039,3028437,,2020-07-21,32856,175.3,,8840,0,130,mg/dL,175.3
504723,500597,500039,3013721,,2020-07-21,32856,21.6,,8645,0,40,U/L,21.6
504724,500597,500039,3006923,,2020-07-21,32856,50.7,,8645,0,40,U/L,50.7
504725,500597,500039,3016723,,2020-07-21,32856,0.5,,8840,0.6,1.2,mg/dL,0.5
504726,500597,500039,3049187,,2020-07-21,32856,115,,9550,90,130,mL/min/1.73m2,115.0
504727,500598,500039,3004410,,2020-10-26,32856,8.6,,8554,4,5.6,%,8.6
504728,500598,500039,3004501,,2020-10-26,32856,162,,8840,70,99,mg/dL,162.0
504729,500598,500039,3004249,,2020-10-26,32856,139,,8876,90,130,mmHg,139.0
504730,500598,500039,3012888,,2020-10-26,32856,80,,8876,60,85,mmHg,80.0
504731,500598,500039,3025315,,2020-10-26,32856,52,,9529,45,90,kg,52.0
504732,500598,500039,3038553,,2020-10-26,32856,19.2,,9531,18.5,25,kg/m2,19.2
504733,500599,500039,3004410,,2021-01-30,32856,7.9,,8554,4,5.6,%,7.9
504734,500599,500039,3004501,,2021-01-30,32856,143,,8840,70,99,mg/dL,143.0
504735,500599,500039,3004249,,2021-01-30,32856,131,,8876,90,130,mmHg,131.0
504736,500599,500039,3012888,,2021-01-30,32856,88,,8876,60,85,mmHg,88.0
504737,500599,500039,3025315,,2021-01-30,32856,51.5,,9529,45,90,kg,51.5
504738,500599,500039,3038553,,2021-01-30,32856,19.1,,9531,18.5,25,kg/m2,19.1
504739,500600,500039,3004410,,2021-04-24,32856,8.1,,8554,4,5.6,%,8.1
504740,500600,500039,3004501,,2021-04-24,32856,162,,8840,70,99,mg/dL,162.0
504741,500600,500039,3004249,,2021-04-24,32856,130,,8876,90,130,mmHg,130.0
504742,500600,500039,3012888,,2021-04-24,32856,86,,8876,60,85,mmHg,86.0
504743,500600,500039,3025315,,2021-04-24,32856,52.7,,9529,45,90,kg,52.7
504744,500600,500039,3038553,,2021-04-24,32856,19.5,,9531,18.5,25,kg/m2,19.5
504745,500601,500039,3004410,,2021-07-29,32856,7.8,,8554,4,5.6,%,7.8
504746,500601,500039,3004501,,2021-07-29,32856,164,,8840,70,99,mg/dL,164.0
504747,500601,500039,3004249,,2021-07-29,32856,139,,8876,90,130,mmHg,139.0
504748,500601,500039,3012888,,2021-07-29,32856,89,,8876,60,85,mmHg,89.0
504749,500601,500039,3025315,,2021-07-29,32856,53.8,,9529,45,90,kg,53.8
504750,500601,500039,3038553,,2021-07-29,32856,19.9,,9531,18.5,25,kg/m2,19.9
504751,500601,500039,3022192,,2021-07-29,32856,200.2,,8840,0,150,mg/dL,200.2
504752,500601,500039,3007070,,2021-07-29,32856,27.1,,8840,40,60,mg/dL,27.1
504753,500601,500039,3028437,,2021-07-29,32856,141.4,,8840,0,130,mg/dL,141.4
504754,500601,500039,3013721,,2021-07-29,32856,24.3,,8645,0,40,U/L,24.3
504755,500601,500039,3006923,,2021-07-29,32856,61.6,,8645,0,40,U/L,61.6
504756,500601,500039,3016723,,2021-07-29,32856,0.73,,8840,0.6,1.2,mg/dL,0.73
504757,500601,500039,3049187,,2021-07-29,32856,102,,9550,90,130,mL/min/1.73m2,102.0
504758,500602,500039,3004410,,2021-10-23,32856,7.8,,8554,4,5.6,%,7.8
504759,500602,500039,3004501,,2021-10-23,32856,162,,8840,70,99,mg/dL,162.0
504760,500602,500039,3004249,,2021-10-23,32856,152,,8876,90,130,mmHg,152.0
504761,500602,500039,3012888,,2021-10-23,32856,90,,8876,60,85,mmHg,90.0
504762,500602,500039,3025315,,2021-10-23,32856,52.7,,9529,45,90,kg,52.7
504763,500602,500039,3038553,,2021-10-23,32856,19.5,,9531,18.5,25,kg/m2,19.5
504764,500603,500039,3004410,,2022-01-25,32856,8.3,,8554,4,5.6,%,8.3
504765,500603,500039,3004501,,2022-01-25,32856,194,,8840,70,99,mg/dL,194.0
504766,500603,500039,3004249,,2022-01-25,32856,119,,8876,90,130,mmHg,119.0
504767,500603,500039,3012888,,2022-01-25,32856,84,,8876,60,85,mmHg,84.0
504768,500603,500039,3025315,,2022-01-25,32856,53.8,,9529,45,90,kg,53.8
504769,500603,500039,3038553,,2022-01-25,32856,19.9,,9531,18.5,25,kg/m2,19.9
504770,500604,500039,3004410,,2022-04-25,32856,7.3,,8554,4,5.6,%,7.3
504771,500604,500039,3004501,,2022-04-25,32856,135,,8840,70,99,mg/dL,135.0
504772,500604,500039,3004249,,2022-04-25,32856,142,,8876,90,130,mmHg,142.0
504773,500604,500039,3012888,,2022-04-25,32856,91,,8876,60,85,mmHg,91.0
504774,500604,500039,3025315,,2022-04-25,32856,52.2,,9529,45,90,kg,52.2
504775,500604,500039,3038553,,2022-04-25,32856,19.3,,9531,18.5,25,kg/m2,19.3
504776,500605,500039,3004410,,2022-07-26,32856,7.1,,8554,4,5.6,%,7.1
504777,500605,500039,3004501,,2022-07-26,32856,119,,8840,70,99,mg/dL,119.0
504778,500605,500039,3004249,,2022-07-26,32856,145,,8876,90,130,mmHg,145.0
504779,500605,500039,3012888,,2022-07-26,32856,86,,8876,60,85,mmHg,86.0
504780,500605,500039,3025315,,2022-07-26,32856,53.5,,9529,45,90,kg,53.5
504781,500605,500039,3038553,,2022-07-26,32856,19.8,,9531,18.5,25,kg/m2,19.8
504782,500605,500039,3022192,,2022-07-26,32856,177.6,,8840,0,150,mg/dL,177.6
504783,500605,500039,3007070,,2022-07-26,32856,34.6,,8840,40,60,mg/dL,34.6
504784,500605,500039,3028437,,2022-07-26,32856,114.6,,8840,0,130,mg/dL,114.6
504785,500605,500039,3013721,,2022-07-26,32856,59.1,,8645,0,40,U/L,59.1
504786,500605,500039,3006923,,2022-07-26,32856,13.2,,8645,0,40,U/L,13.2
504787,500605,500039,3016723,,2022-07-26,32856,1.5,,8840,0.6,1.2,mg/dL,1.5
504788,500605,500039,3049187,,2022-07-26,32856,52,,9550,90,130,mL/min/1.73m2,52.0
504789,500606,500039,3004410,,2022-10-24,32856,6.9,,8554,4,5.6,%,6.9
504790,500606,500039,3004501,,2022-10-24,32856,141,,8840,70,99,mg/dL,141.0
504791,500606,500039,3004249,,2022-10-24,32856,149,,8876,90,130,mmHg,149.0
504792,500606,500039,3012888,,2022-10-24,32856,110,,8876,60,85,mmHg,110.0
504793,500606,500039,3025315,,2022-10-24,32856,52.9,,9529,45,90,kg,52.9
504794,500606,500039,3038553,,2022-10-24,32856,19.6,,9531,18.5,25,kg/m2,19.6
504795,500607,500039,3004410,,2023-01-25,32856,6.8,,8554,4,5.6,%,6.8
504796,500607,500039,3004501,,2023-01-25,32856,120,,8840,70,99,mg/dL,120.0
504797,500607,500039,3004249,,2023-01-25,32856,160,,8876,90,130,mmHg,160.0
504798,500607,500039,3012888,,2023-01-25,32856,76,,8876,60,85,mmHg,76.0
504799,500607,500039,3025315,,2023-01-25,32856,53.4,,9529,45,90,kg,53.4
504800,500607,500039,3038553,,2023-01-25,32856,19.8,,9531,18.5,25,kg/m2,19.8
504801,500608,500039,3004410,,2023-04-21,32856,7.5,,8554,4,5.6,%,7.5
504802,500608,500039,3004501,,2023-04-21,32856,136,,8840,70,99,mg/dL,136.0
504803,500608,500039,3004249,,2023-04-21,32856,156,,8876,90,130,mmHg,156.0
504804,500608,500039,3012888,,2023-04-21,32856,79,,8876,60,85,mmHg,79.0
504805,500608,500039,3025315,,2023-04-21,32856,53.1,,9529,45,90,kg,53.1
504806,500608,500039,3038553,,2023-04-21,32856,19.6,,9531,18.5,25,kg/m2,19.6
504807,500609,500039,3004410,,2023-07-17,32856,7.7,,8554,4,5.6,%,7.7
504808,500609,500039,3004501,,2023-07-17,32856,154,,8840,70,99,mg/dL,154.0
504809,500609,500039,3004249,,2023-07-17,32856,131,,8876,90,130,mmHg,131.0
504810,500609,500039,3012888,,2023-07-17,32856,77,,8876,60,85,mmHg,77.0
504811,500609,500039,3025315,,2023-07-17,32856,52.7,,9529,45,90,kg,52.7
504812,500609,500039,3038553,,2023-07-17,32856,19.5,,9531,18.5,25,kg/m2,19.5
504813,500609,500039,3022192,,2023-07-17,32856,144.2,,8840,0,150,mg/dL,144.2
504814,500609,500039,3007070,,2023-07-17,32856,44.3,,8840,40,60,mg/dL,44.3
504815,500609,500039,3028437,,2023-07-17,32856,91.2,,8840,0,130,mg/dL,91.2
504816,500609,500039,3013721,,2023-07-17,32856,55.4,,8645,0,40,U/L,55.4
504817,500609,500039,3006923,,2023-07-17,32856,42.7,,8645,0,40,U/L,42.7
504818,500609,500039,3016723,,2023-07-17,32856,1.05,,8840,0.6,1.2,mg/dL,1.05
504819,500609,500039,3049187,,2023-07-17,32856,79,,9550,90,130,mL/min/1.73m2,79.0
504820,500610,500039,3004410,,2023-10-12,32856,7.6,,8554,4,5.6,%,7.6
504821,500610,500039,3004501,,2023-10-12,32856,157,,8840,70,99,mg/dL,157.0
504822,500610,500039,3004249,,2023-10-12,32856,144,,8876,90,130,mmHg,144.0
504823,500610,500039,3012888,,2023-10-12,32856,76,,8876,60,85,mmHg,76.0
504824,500610,500039,3025315,,2023-10-12,32856,53.2,,9529,45,90,kg,53.2
504825,500610,500039,3038553,,2023-10-12,32856,19.7,,9531,18.5,25,kg/m2,19.7
504826,500611,500039,3004410,,2024-01-10,32856,8.1,,8554,4,5.6,%,8.1
504827,500611,500039,3004501,,2024-01-10,32856,145,,8840,70,99,mg/dL,145.0
504828,500611,500039,3004249,,2024-01-10,32856,123,,8876,90,130,mmHg,123.0
504829,500611,500039,3012888,,2024-01-10,32856,97,,8876,60,85,mmHg,97.0
504830,500611,500039,3025315,,2024-01-10,32856,54.1,,9529,45,90,kg,54.1
504831,500611,500039,3038553,,2024-01-10,32856,20,,9531,18.5,25,kg/m2,20.0
504832,500612,500039,3004410,,2024-04-04,32856,6.5,,8554,4,5.6,%,6.5
504833,500612,500039,3004501,,2024-04-04,32856,140,,8840,70,99,mg/dL,140.0
504834,500612,500039,3004249,,2024-04-04,32856,134,,8876,90,130,mmHg,134.0
504835,500612,500039,3012888,,2024-04-04,32856,72,,8876,60,85,mmHg,72.0
504836,500612,500039,3025315,,2024-04-04,32856,55.1,,9529,45,90,kg,55.1
504837,500612,500039,3038553,,2024-04-04,32856,20.4,,9531,18.5,25,kg/m2,20.4
504838,500613,500039,3004410,,2024-07-04,32856,6.8,,8554,4,5.6,%,6.8
504839,500613,500039,3004501,,2024-07-04,32856,115,,8840,70,99,mg/dL,115.0
504840,500613,500039,3004249,,2024-07-04,32856,148,,8876,90,130,mmHg,148.0
504841,500613,500039,3012888,,2024-07-04,32856,80,,8876,60,85,mmHg,80.0
504842,500613,500039,3025315,,2024-07-04,32856,55.8,,9529,45,90,kg,55.8
504843,500613,500039,3038553,,2024-07-04,32856,20.6,,9531,18.5,25,kg/m2,20.6
504844,500613,500039,3022192,,2024-07-04,32856,171.7,,8840,0,150,mg/dL,171.7
504845,500613,500039,3007070,,2024-07-04,32856,55,,8840,40,60,mg/dL,55.0
504846,500613,500039,3028437,,2024-07-04,32856,95.9,,8840,0,130,mg/dL,95.9
504847,500613,500039,3013721,,2024-07-04,32856,32.6,,8645,0,40,U/L,32.6
504848,500613,500039,3006923,,2024-07-04,32856,50.8,,8645,0,40,U/L,50.8
504849,500613,500039,3016723,,2024-07-04,32856,0.98,,8840,0.6,1.2,mg/dL,0.98
504850,500613,500039,3049187,,2024-07-04,32856,85,,9550,90,130,mL/min/1.73m2,85.0
504851,500614,500039,3004410,,2024-10-05,32856,6.5,,8554,4,5.6,%,6.5
504852,500614,500039,3004501,,2024-10-05,32856,132,,8840,70,99,mg/dL,132.0
504853,500614,500039,3004249,,2024-10-05,32856,128,,8876,90,130,mmHg,128.0
504854,500614,500039,3012888,,2024-10-05,32856,99,,8876,60,85,mmHg,99.0
504855,500614,500039,3025315,,2024-10-05,32856,54.9,,9529,45,90,kg,54.9
504856,500614,500039,3038553,,2024-10-05,32856,20.3,,9531,18.5,25,kg/m2,20.3
504857,500615,500039,3004410,,2025-01-07,32856,7,,8554,4,5.6,%,7.0
504858,500615,500039,3004501,,2025-01-07,32856,113,,8840,70,99,mg/dL,113.0
504859,500615,500039,3004249,,2025-01-07,32856,132,,8876,90,130,mmHg,132.0
504860,500615,500039,3012888,,2025-01-07,32856,78,,8876,60,85,mmHg,78.0
504861,500615,500039,3025315,,2025-01-07,32856,55.3,,9529,45,90,kg,55.3
504862,500615,500039,3038553,,2025-01-07,32856,20.5,,9531,18.5,25,kg/m2,20.5
504863,500616,500039,3004410,,2025-04-15,32856,7.2,,8554,4,5.6,%,7.2
504864,500616,500039,3004501,,2025-04-15,32856,169,,8840,70,99,mg/dL,169.0
504865,500616,500039,3004249,,2025-04-15,32856,157,,8876,90,130,mmHg,157.0
504866,500616,500039,3012888,,2025-04-15,32856,87,,8876,60,85,mmHg,87.0
504867,500616,500039,3025315,,2025-04-15,32856,54.8,,9529,45,90,kg,54.8
504868,500616,500039,3038553,,2025-04-15,32856,20.3,,9531,18.5,25,kg/m2,20.3
504869,500617,500040,3036277,,2021-07-30,32856,173.8,,8582,150,185,cm,173.8
504870,500617,500040,3004410,,2021-07-30,32856,8.7,,8554,4,5.6,%,8.7
504871,500617,500040,3004501,,2021-07-30,32856,171,,8840,70,99,mg/dL,171.0
504872,500617,500040,3004249,,2021-07-30,32856,134,,8876,90,130,mmHg,134.0
504873,500617,500040,3012888,,2021-07-30,32856,77,,8876,60,85,mmHg,77.0
504874,500617,500040,3025315,,2021-07-30,32856,88.8,,9529,45,90,kg,88.8
504875,500617,500040,3038553,,2021-07-30,32856,29.4,,9531,18.5,25,kg/m2,29.4
504876,500617,500040,3022192,,2021-07-30,32856,216.4,,8840,0,150,mg/dL,216.4
504877,500617,500040,3007070,,2021-07-30,32856,23.6,,8840,40,60,mg/dL,23.6
504878,500617,500040,3028437,,2021-07-30,32856,141.1,,8840,0,130,mg/dL,141.1
504879,500617,500040,3013721,,2021-07-30,32856,30.7,,8645,0,40,U/L,30.7
504880,500617,500040,3006923,,2021-07-30,32856,62.4,,8645,0,40,U/L,62.4
504881,500617,500040,3016723,,2021-07-30,32856,0.78,,8840,0.6,1.2,mg/dL,0.78
504882,500617,500040,3049187,,2021-07-30,32856,103,,9550,90,130,mL/min/1.73m2,103.0
504883,500618,500040,3004410,,2021-10-25,32856,8.4,,8554,4,5.6,%,8.4
504884,500618,500040,3004501,,2021-10-25,32856,172,,8840,70,99,mg/dL,172.0
504885,500618,500040,3004249,,2021-10-25,32856,155,,8876,90,130,mmHg,155.0
504886,500618,500040,3012888,,2021-10-25,32856,98,,8876,60,85,mmHg,98.0
504887,500618,500040,3025315,,2021-10-25,32856,88.4,,9529,45,90,kg,88.4
504888,500618,500040,3038553,,2021-10-25,32856,29.3,,9531,18.5,25,kg/m2,29.3
504889,500619,500040,3004410,,2022-01-25,32856,8.2,,8554,4,5.6,%,8.2
504890,500619,500040,3004501,,2022-01-25,32856,187,,8840,70,99,mg/dL,187.0
504891,500619,500040,3004249,,2022-01-25,32856,152,,8876,90,130,mmHg,152.0
504892,500619,500040,3012888,,2022-01-25,32856,76,,8876,60,85,mmHg,76.0
504893,500619,500040,3025315,,2022-01-25,32856,89.2,,9529,45,90,kg,89.2
504894,500619,500040,3038553,,2022-01-25,32856,29.5,,9531,18.5,25,kg/m2,29.5
504895,500620,500040,3004410,,2022-05-03,32856,7.3,,8554,4,5.6,%,7.3
504896,500620,500040,3004501,,2022-05-03,32856,125,,8840,70,99,mg/dL,125.0
504897,500620,500040,3004249,,2022-05-03,32856,145,,8876,90,130,mmHg,145.0
504898,500620,500040,3012888,,2022-05-03,32856,78,,8876,60,85,mmHg,78.0
504899,500620,500040,3025315,,2022-05-03,32856,89.7,,9529,45,90,kg,89.7
504900,500620,500040,3038553,,2022-05-03,32856,29.7,,9531,18.5,25,kg/m2,29.7
504901,500621,500040,3004410,,2022-08-02,32856,6.3,,8554,4,5.6,%,6.3
504902,500621,500040,3004501,,2022-08-02,32856,112,,8840,70,99,mg/dL,112.0
504903,500621,500040,3004249,,2022-08-02,32856,124,,8876,90,130,mmHg,124.0
504904,500621,500040,3012888,,2022-08-02,32856,84,,8876,60,85,mmHg,84.0
504905,500621,500040,3025315,,2022-08-02,32856,90.3,,9529,45,90,kg,90.3
504906,500621,500040,3038553,,2022-08-02,32856,29.9,,9531,18.5,25,kg/m2,29.9
504907,500621,500040,3022192,,2022-08-02,32856,352.7,,8840,0,150,mg/dL,352.7
504908,500621,500040,3007070,,2022-08-02,32856,52.4,,8840,40,60,mg/dL,52.4
504909,500621,500040,3028437,,2022-08-02,32856,137.8,,8840,0,130,mg/dL,137.8
504910,500621,500040,3013721,,2022-08-02,32856,8,,8645,0,40,U/L,8.0
504911,500621,500040,3006923,,2022-08-02,32856,69.3,,8645,0,40,U/L,69.3
504912,500621,500040,3016723,,2022-08-02,32856,0.98,,8840,0.6,1.2,mg/dL,0.98
504913,500621,500040,3049187,,2022-08-02,32856,88,,9550,90,130,mL/min/1.73m2,88.0
504914,500622,500040,3004410,,2022-10-26,32856,6.5,,8554,4,5.6,%,6.5
504915,500622,500040,3004501,,2022-10-26,32856,136,,8840,70,99,mg/dL,136.0
504916,500622,500040,3004249,,2022-10-26,32856,145,,8876,90,130,mmHg,145.0
504917,500622,500040,3012888,,2022-10-26,32856,87,,8876,60,85,mmHg,87.0
504918,500622,500040,3025315,,2022-10-26,32856,90.3,,9529,45,90,kg,90.3
504919,500622,500040,3038553,,2022-10-26,32856,29.9,,9531,18.5,25,kg/m2,29.9
504920,500623,500040,3004410,,2023-01-20,32856,5.9,,8554,4,5.6,%,5.9
504921,500623,500040,3004501,,2023-01-20,32856,108,,8840,70,99,mg/dL,108.0
504922,500623,500040,3004249,,2023-01-20,32856,135,,8876,90,130,mmHg,135.0
504923,500623,500040,3012888,,2023-01-20,32856,82,,8876,60,85,mmHg,82.0
504924,500623,500040,3025315,,2023-01-20,32856,91.1,,9529,45,90,kg,91.1
504925,500623,500040,3038553,,2023-01-20,32856,30.2,,9531,18.5,25,kg/m2,30.2
504926,500624,500040,3004410,,2023-04-25,32856,6.3,,8554,4,5.6,%,6.3
504927,500624,500040,3004501,,2023-04-25,32856,117,,8840,70,99,mg/dL,117.0
504928,500624,500040,3004249,,2023-04-25,32856,132,,8876,90,130,mmHg,132.0
504929,500624,500040,3012888,,2023-04-25,32856,78,,8876,60,85,mmHg,78.0
504930,500624,500040,3025315,,2023-04-25,32856,91.3,,9529,45,90,kg,91.3
504931,500624,500040,3038553,,2023-04-25,32856,30.2,,9531,18.5,25,kg/m2,30.2
504932,500625,500040,3004410,,2023-07-31,32856,5.9,,8554,4,5.6,%,5.9
504933,500625,500040,3004501,,2023-07-31,32856,89,,8840,70,99,mg/dL,89.0
504934,500625,500040,3004249,,2023-07-31,32856,133,,8876,90,130,mmHg,133.0
504935,500625,500040,3012888,,2023-07-31,32856,83,,8876,60,85,mmHg,83.0
504936,500625,500040,3025315,,2023-07-31,32856,90,,9529,45,90,kg,90.0
504937,500625,500040,3038553,,2023-07-31,32856,29.8,,9531,18.5,25,kg/m2,29.8
504938,500625,500040,3022192,,2023-07-31,32856,226.2,,8840,0,150,mg/dL,226.2
504939,500625,500040,3007070,,2023-07-31,32856,37.2,,8840,40,60,mg/dL,37.2
504940,500625,500040,3028437,,2023-07-31,32856,159.5,,8840,0,130,mg/dL,159.5
504941,500625,500040,3013721,,2023-07-31,32856,33.5,,8645,0,40,U/L,33.5
504942,500625,500040,3006923,,2023-07-31,32856,39.7,,8645,0,40,U/L,39.7
504943,500625,500040,3016723,,2023-07-31,32856,0.69,,8840,0.6,1.2,mg/dL,0.69
504944,500625,500040,3049187,,2023-07-31,32856,105,,9550,90,130,mL/min/1.73m2,105.0
504945,500626,500040,3004410,,2023-10-23,32856,6.3,,8554,4,5.6,%,6.3
504946,500626,500040,3004501,,2023-10-23,32856,101,,8840,70,99,mg/dL,101.0
504947,500626,500040,3004249,,2023-10-23,32856,154,,8876,90,130,mmHg,154.0
504948,500626,500040,3012888,,2023-10-23,32856,82,,8876,60,85,mmHg,82.0
504949,500626,500040,3025315,,2023-10-23,32856,90.3,,9529,45,90,kg,90.3
504950,500626,500040,3038553,,2023-10-23,32856,29.9,,9531,18.5,25,kg/m2,29.9
504951,500627,500040,3004410,,2024-01-20,32856,6.5,,8554,4,5.6,%,6.5
504952,500627,500040,3004501,,2024-01-20,32856,117,,8840,70,99,mg/dL,117.0
504953,500627,500040,3004249,,2024-01-20,32856,136,,8876,90,130,mmHg,136.0
504954,500627,500040,3012888,,2024-01-20,32856,73,,8876,60,85,mmHg,73.0
504955,500627,500040,3025315,,2024-01-20,32856,89.6,,9529,45,90,kg,89.6
504956,500627,500040,3038553,,2024-01-20,32856,29.7,,9531,18.5,25,kg/m2,29.7
504957,500628,500040,3004410,,2024-04-17,32856,6.9,,8554,4,5.6,%,6.9
504958,500628,500040,3004501,,2024-04-17,32856,124,,8840,70,99,mg/dL,124.0
504959,500628,500040,3004249,,2024-04-17,32856,113,,8876,90,130,mmHg,113.0
504960,500628,500040,3012888,,2024-04-17,32856,82,,8876,60,85,mmHg,82.0
504961,500628,500040,3025315,,2024-04-17,32856,91,,9529,45,90,kg,91.0
504962,500628,500040,3038553,,2024-04-17,32856,30.1,,9531,18.5,25,kg/m2,30.1
504963,500629,500040,3004410,,2024-07-24,32856,7.2,,8554,4,5.6,%,7.2
504964,500629,500040,3004501,,2024-07-24,32856,141,,8840,70,99,mg/dL,141.0
504965,500629,500040,3004249,,2024-07-24,32856,142,,8876,90,130,mmHg,142.0
504966,500629,500040,3012888,,2024-07-24,32856,94,,8876,60,85,mmHg,94.0
504967,500629,500040,3025315,,2024-07-24,32856,91.3,,9529,45,90,kg,91.3
504968,500629,500040,3038553,,2024-07-24,32856,30.2,,9531,18.5,25,kg/m2,30.2
504969,500629,500040,3022192,,2024-07-24,32856,173.2,,8840,0,150,mg/dL,173.2
504970,500629,500040,3007070,,2024-07-24,32856,40.7,,8840,40,60,mg/dL,40.7
504971,500629,500040,3028437,,2024-07-24,32856,144.4,,8840,0,130,mg/dL,144.4
504972,500629,500040,3013721,,2024-07-24,32856,24.3,,8645,0,40,U/L,24.3
504973,500629,500040,3006923,,2024-07-24,32856,35.3,,8645,0,40,U/L,35.3
504974,500629,500040,3016723,,2024-07-24,32856,0.63,,8840,0.6,1.2,mg/dL,0.63
504975,500629,500040,3049187,,2024-07-24,32856,108,,9550,90,130,mL/min/1.73m2,108.0
504976,500630,500040,3004410,,2024-10-16,32856,6.6,,8554,4,5.6,%,6.6
504977,500630,500040,3004501,,2024-10-16,32856,152,,8840,70,99,mg/dL,152.0
504978,500630,500040,3004249,,2024-10-16,32856,155,,8876,90,130,mmHg,155.0
504979,500630,500040,3012888,,2024-10-16,32856,99,,8876,60,85,mmHg,99.0
504980,500630,500040,3025315,,2024-10-16,32856,93.5,,9529,45,90,kg,93.5
504981,500630,500040,3038553,,2024-10-16,32856,31,,9531,18.5,25,kg/m2,31.0
504982,500631,500040,3004410,,2025-01-22,32856,6.8,,8554,4,5.6,%,6.8
504983,500631,500040,3004501,,2025-01-22,32856,123,,8840,70,99,mg/dL,123.0
504984,500631,500040,3004249,,2025-01-22,32856,134,,8876,90,130,mmHg,134.0
504985,500631,500040,3012888,,2025-01-22,32856,64,,8876,60,85,mmHg,64.0
504986,500631,500040,3025315,,2025-01-22,32856,92.9,,9529,45,90,kg,92.9
504987,500631,500040,3038553,,2025-01-22,32856,30.8,,9531,18.5,25,kg/m2,30.8
504988,500632,500040,3004410,,2025-04-30,32856,6.5,,8554,4,5.6,%,6.5
504989,500632,500040,3004501,,2025-04-30,32856,111,,8840,70,99,mg/dL,111.0
504990,500632,500040,3004249,,2025-04-30,32856,124,,8876,90,130,mmHg,124.0
504991,500632,500040,3012888,,2025-04-30,32856,82,,8876,60,85,mmHg,82.0
504992,500632,500040,3025315,,2025-04-30,32856,92.2,,9529,45,90,kg,92.2
504993,500632,500040,3038553,,2025-04-30,32856,30.5,,9531,18.5,25,kg/m2,30.5
504994,500633,500041,3036277,,2021-03-02,32856,162,,8582,150,185,cm,162.0
504995,500633,500041,3004410,,2021-03-02,32856,6.5,,8554,4,5.6,%,6.5
504996,500633,500041,3004501,,2021-03-02,32856,131,,8840,70,99,mg/dL,131.0
504997,500633,500041,3004249,,2021-03-02,32856,134,,8876,90,130,mmHg,134.0
504998,500633,500041,3012888,,2021-03-02,32856,90,,8876,60,85,mmHg,90.0
504999,500633,500041,3025315,,2021-03-02,32856,80.3,,9529,45,90,kg,80.3
505000,500633,500041,3038553,,2021-03-02,32856,30.6,,9531,18.5,25,kg/m2,30.6
505001,500633,500041,3022192,,2021-03-02,32856,275.8,,8840,0,150,mg/dL,275.8
505002,500633,500041,3007070,,2021-03-02,32856,16,,8840,40,60,mg/dL,16.0
505003,500633,500041,3028437,,2021-03-02,32856,139.6,,8840,0,130,mg/dL,139.6
505004,500633,500041,3013721,,2021-03-02,32856,56,,8645,0,40,U/L,56.0
505005,500633,500041,3006923,,2021-03-02,32856,47.6,,8645,0,40,U/L,47.6
505006,500633,500041,3016723,,2021-03-02,32856,0.56,,8840,0.6,1.2,mg/dL,0.56
505007,500633,500041,3049187,,2021-03-02,32856,103,,9550,90,130,mL/min/1.73m2,103.0
505008,500634,500041,3004410,,2021-06-02,32856,6.1,,8554,4,5.6,%,6.1
505009,500634,500041,3004501,,2021-06-02,32856,96,,8840,70,99,mg/dL,96.0
505010,500634,500041,3004249,,2021-06-02,32856,125,,8876,90,130,mmHg,125.0
505011,500634,500041,3012888,,2021-06-02,32856,92,,8876,60,85,mmHg,92.0
505012,500634,500041,3025315,,2021-06-02,32856,82.3,,9529,45,90,kg,82.3
505013,500634,500041,3038553,,2021-06-02,32856,31.4,,9531,18.5,25,kg/m2,31.4
505014,500635,500041,3004410,,2021-08-30,32856,5.7,,8554,4,5.6,%,5.7
505015,500635,500041,3004501,,2021-08-30,32856,99,,8840,70,99,mg/dL,99.0
505016,500635,500041,3004249,,2021-08-30,32856,152,,8876,90,130,mmHg,152.0
505017,500635,500041,3012888,,2021-08-30,32856,83,,8876,60,85,mmHg,83.0
505018,500635,500041,3025315,,2021-08-30,32856,82.6,,9529,45,90,kg,82.6
505019,500635,500041,3038553,,2021-08-30,32856,31.5,,9531,18.5,25,kg/m2,31.5
505020,500636,500041,3004410,,2021-12-05,32856,5.7,,8554,4,5.6,%,5.7
505021,500636,500041,3004501,,2021-12-05,32856,91,,8840,70,99,mg/dL,91.0
505022,500636,500041,3004249,,2021-12-05,32856,130,,8876,90,130,mmHg,130.0
505023,500636,500041,3012888,,2021-12-05,32856,89,,8876,60,85,mmHg,89.0
505024,500636,500041,3025315,,2021-12-05,32856,83.4,,9529,45,90,kg,83.4
505025,500636,500041,3038553,,2021-12-05,32856,31.8,,9531,18.5,25,kg/m2,31.8
505026,500637,500041,3004410,,2022-03-08,32856,6.1,,8554,4,5.6,%,6.1
505027,500637,500041,3004501,,2022-03-08,32856,114,,8840,70,99,mg/dL,114.0
505028,500637,500041,3004249,,2022-03-08,32856,150,,8876,90,130,mmHg,150.0
505029,500637,500041,3012888,,2022-03-08,32856,98,,8876,60,85,mmHg,98.0
505030,500637,500041,3025315,,2022-03-08,32856,83.3,,9529,45,90,kg,83.3
505031,500637,500041,3038553,,2022-03-08,32856,31.7,,9531,18.5,25,kg/m2,31.7
505032,500637,500041,3022192,,2022-03-08,32856,301,,8840,0,150,mg/dL,301.0
505033,500637,500041,3007070,,2022-03-08,32856,73.3,,8840,40,60,mg/dL,73.3
505034,500637,500041,3028437,,2022-03-08,32856,73,,8840,0,130,mg/dL,73.0
505035,500637,500041,3013721,,2022-03-08,32856,50.5,,8645,0,40,U/L,50.5
505036,500637,500041,3006923,,2022-03-08,32856,63.5,,8645,0,40,U/L,63.5
505037,500637,500041,3016723,,2022-03-08,32856,0.83,,8840,0.6,1.2,mg/dL,0.83
505038,500637,500041,3049187,,2022-03-08,32856,91,,9550,90,130,mL/min/1.73m2,91.0
505039,500638,500041,3004410,,2022-06-12,32856,6,,8554,4,5.6,%,6.0
505040,500638,500041,3004501,,2022-06-12,32856,128,,8840,70,99,mg/dL,128.0
505041,500638,500041,3004249,,2022-06-12,32856,125,,8876,90,130,mmHg,125.0
505042,500638,500041,3012888,,2022-06-12,32856,78,,8876,60,85,mmHg,78.0
505043,500638,500041,3025315,,2022-06-12,32856,84.4,,9529,45,90,kg,84.4
505044,500638,500041,3038553,,2022-06-12,32856,32.2,,9531,18.5,25,kg/m2,32.2
505045,500639,500041,3004410,,2022-09-07,32856,5.9,,8554,4,5.6,%,5.9
505046,500639,500041,3004501,,2022-09-07,32856,75,,8840,70,99,mg/dL,75.0
505047,500639,500041,3004249,,2022-09-07,32856,129,,8876,90,130,mmHg,129.0
505048,500639,500041,3012888,,2022-09-07,32856,79,,8876,60,85,mmHg,79.0
505049,500639,500041,3025315,,2022-09-07,32856,86.3,,9529,45,90,kg,86.3
505050,500639,500041,3038553,,2022-09-07,32856,32.9,,9531,18.5,25,kg/m2,32.9
505051,500640,500041,3004410,,2022-12-08,32856,6.2,,8554,4,5.6,%,6.2
505052,500640,500041,3004501,,2022-12-08,32856,111,,8840,70,99,mg/dL,111.0
505053,500640,500041,3004249,,2022-12-08,32856,142,,8876,90,130,mmHg,142.0
505054,500640,500041,3012888,,2022-12-08,32856,88,,8876,60,85,mmHg,88.0
505055,500640,500041,3025315,,2022-12-08,32856,86.7,,9529,45,90,kg,86.7
505056,500640,500041,3038553,,2022-12-08,32856,33,,9531,18.5,25,kg/m2,33.0
505057,500641,500041,3004410,,2023-03-06,32856,5.7,,8554,4,5.6,%,5.7
505058,500641,500041,3004501,,2023-03-06,32856,81,,8840,70,99,mg/dL,81.0
505059,500641,500041,3004249,,2023-03-06,32856,143,,8876,90,130,mmHg,143.0
505060,500641,500041,3012888,,2023-03-06,32856,94,,8876,60,85,mmHg,94.0
505061,500641,500041,3025315,,2023-03-06,32856,85.4,,9529,45,90,kg,85.4
505062,500641,500041,3038553,,2023-03-06,32856,32.5,,9531,18.5,25,kg/m2,32.5
505063,500641,500041,3022192,,2023-03-06,32856,87.2,,8840,0,150,mg/dL,87.2
505064,500641,500041,3007070,,2023-03-06,32856,55.9,,8840,40,60,mg/dL,55.9
505065,500641,500041,3028437,,2023-03-06,32856,147.8,,8840,0,130,mg/dL,147.8
505066,500641,500041,3013721,,2023-03-06,32856,34.8,,8645,0,40,U/L,34.8
505067,500641,500041,3006923,,2023-03-06,32856,40,,8645,0,40,U/L,40.0
505068,500641,500041,3016723,,2023-03-06,32856,0.56,,8840,0.6,1.2,mg/dL,0.56
505069,500641,500041,3049187,,2023-03-06,32856,102,,9550,90,130,mL/min/1.73m2,102.0
505070,500642,500041,3004410,,2023-05-29,32856,5.8,,8554,4,5.6,%,5.8
505071,500642,500041,3004501,,2023-05-29,32856,86,,8840,70,99,mg/dL,86.0
505072,500642,500041,3004249,,2023-05-29,32856,162,,8876,90,130,mmHg,162.0
505073,500642,500041,3012888,,2023-05-29,32856,74,,8876,60,85,mmHg,74.0
505074,500642,500041,3025315,,2023-05-29,32856,86.2,,9529,45,90,kg,86.2
505075,500642,500041,3038553,,2023-05-29,32856,32.8,,9531,18.5,25,kg/m2,32.8
505076,500643,500041,3004410,,2023-08-31,32856,5.8,,8554,4,5.6,%,5.8
505077,500643,500041,3004501,,2023-08-31,32856,138,,8840,70,99,mg/dL,138.0
505078,500643,500041,3004249,,2023-08-31,32856,114,,8876,90,130,mmHg,114.0
505079,500643,500041,3012888,,2023-08-31,32856,81,,8876,60,85,mmHg,81.0
505080,500643,500041,3025315,,2023-08-31,32856,87,,9529,45,90,kg,87.0
505081,500643,500041,3038553,,2023-08-31,32856,33.2,,9531,18.5,25,kg/m2,33.2
505082,500644,500041,3004410,,2023-11-30,32856,5.6,,8554,4,5.6,%,5.6
505083,500644,500041,3004501,,2023-11-30,32856,70,,8840,70,99,mg/dL,70
505084,500644,500041,3004249,,2023-11-30,32856,129,,8876,90,130,mmHg,129.0
505085,500644,500041,3012888,,2023-11-30,32856,73,,8876,60,85,mmHg,73.0
505086,500644,500041,3025315,,2023-11-30,32856,86.2,,9529,45,90,kg,86.2
505087,500644,500041,3038553,,2023-11-30,32856,32.8,,9531,18.5,25,kg/m2,32.8
505088,500645,500041,3004410,,2024-03-04,32856,5.2,,8554,4,5.6,%,5.2
505089,500645,500041,3004501,,2024-03-04,32856,84,,8840,70,99,mg/dL,84.0
505090,500645,500041,3004249,,2024-03-04,32856,129,,8876,90,130,mmHg,129.0
505091,500645,500041,3012888,,2024-03-04,32856,85,,8876,60,85,mmHg,85.0
505092,500645,500041,3025315,,2024-03-04,32856,88.5,,9529,45,90,kg,88.5
505093,500645,500041,3038553,,2024-03-04,32856,33.7,,9531,18.5,25,kg/m2,33.7
505094,500645,500041,3022192,,2024-03-04,32856,168.2,,8840,0,150,mg/dL,168.2
505095,500645,500041,3007070,,2024-03-04,32856,34.5,,8840,40,60,mg/dL,34.5
505096,500645,500041,3028437,,2024-03-04,32856,139.9,,8840,0,130,mg/dL,139.9
505097,500645,500041,3013721,,2024-03-04,32856,43.7,,8645,0,40,U/L,43.7
505098,500645,500041,3006923,,2024-03-04,32856,74.1,,8645,0,40,U/L,74.1
505099,500645,500041,3016723,,2024-03-04,32856,0.73,,8840,0.6,1.2,mg/dL,0.73
505100,500645,500041,3049187,,2024-03-04,32856,94,,9550,90,130,mL/min/1.73m2,94.0
505101,500647,500042,3036277,,2022-04-12,32856,180.7,,8582,150,185,cm,180.7
505102,500647,500042,3004410,,2022-04-12,32856,7.8,,8554,4,5.6,%,7.8
505103,500647,500042,3004501,,2022-04-12,32856,147,,8840,70,99,mg/dL,147.0
505104,500647,500042,3004249,,2022-04-12,32856,131,,8876,90,130,mmHg,131.0
505105,500647,500042,3012888,,2022-04-12,32856,66,,8876,60,85,mmHg,66.0
505106,500647,500042,3025315,,2022-04-12,32856,76.1,,9529,45,90,kg,76.1
505107,500647,500042,3038553,,2022-04-12,32856,23.3,,9531,18.5,25,kg/m2,23.3
505108,500647,500042,3022192,,2022-04-12,32856,206.4,,8840,0,150,mg/dL,206.4
505109,500647,500042,3007070,,2022-04-12,32856,57.9,,8840,40,60,mg/dL,57.9
505110,500647,500042,3028437,,2022-04-12,32856,141.3,,8840,0,130,mg/dL,141.3
505111,500647,500042,3013721,,2022-04-12,32856,28.1,,8645,0,40,U/L,28.1
505112,500647,500042,3006923,,2022-04-12,32856,63,,8645,0,40,U/L,63.0
505113,500647,500042,3016723,,2022-04-12,32856,0.87,,8840,0.6,1.2,mg/dL,0.87
505114,500647,500042,3049187,,2022-04-12,32856,113,,9550,90,130,mL/min/1.73m2,113.0
505115,500648,500042,3004410,,2022-07-08,32856,7.4,,8554,4,5.6,%,7.4
505116,500648,500042,3004501,,2022-07-08,32856,136,,8840,70,99,mg/dL,136.0
505117,500648,500042,3004249,,2022-07-08,32856,135,,8876,90,130,mmHg,135.0
505118,500648,500042,3012888,,2022-07-08,32856,59,,8876,60,85,mmHg,59.0
505119,500648,500042,3025315,,2022-07-08,32856,77.1,,9529,45,90,kg,77.1
505120,500648,500042,3038553,,2022-07-08,32856,23.6,,9531,18.5,25,kg/m2,23.6
505121,500649,500042,3004410,,2022-10-06,32856,7.5,,8554,4,5.6,%,7.5
505122,500649,500042,3004501,,2022-10-06,32856,118,,8840,70,99,mg/dL,118.0
505123,500649,500042,3004249,,2022-10-06,32856,125,,8876,90,130,mmHg,125.0
505124,500649,500042,3012888,,2022-10-06,32856,83,,8876,60,85,mmHg,83.0
505125,500649,500042,3025315,,2022-10-06,32856,78.3,,9529,45,90,kg,78.3
505126,500649,500042,3038553,,2022-10-06,32856,24,,9531,18.5,25,kg/m2,24.0
505127,500650,500042,3004410,,2023-01-02,32856,7.2,,8554,4,5.6,%,7.2
505128,500650,500042,3004501,,2023-01-02,32856,138,,8840,70,99,mg/dL,138.0
505129,500650,500042,3004249,,2023-01-02,32856,122,,8876,90,130,mmHg,122.0
505130,500650,500042,3012888,,2023-01-02,32856,73,,8876,60,85,mmHg,73.0
505131,500650,500042,3025315,,2023-01-02,32856,78.2,,9529,45,90,kg,78.2
505132,500650,500042,3038553,,2023-01-02,32856,23.9,,9531,18.5,25,kg/m2,23.9
505133,500651,500042,3004410,,2023-04-05,32856,7.1,,8554,4,5.6,%,7.1
505134,500651,500042,3004501,,2023-04-05,32856,129,,8840,70,99,mg/dL,129.0
505135,500651,500042,3004249,,2023-04-05,32856,129,,8876,90,130,mmHg,129.0
505136,500651,500042,3012888,,2023-04-05,32856,69,,8876,60,85,mmHg,69.0
505137,500651,500042,3025315,,2023-04-05,32856,79.1,,9529,45,90,kg,79.1
505138,500651,500042,3038553,,2023-04-05,32856,24.2,,9531,18.5,25,kg/m2,24.2
505139,500651,500042,3022192,,2023-04-05,32856,136.3,,8840,0,150,mg/dL,136.3
505140,500651,500042,3007070,,2023-04-05,32856,36.5,,8840,40,60,mg/dL,36.5
505141,500651,500042,3028437,,2023-04-05,32856,150.8,,8840,0,130,mg/dL,150.8
505142,500651,500042,3013721,,2023-04-05,32856,68.2,,8645,0,40,U/L,68.2
505143,500651,500042,3006923,,2023-04-05,32856,27.7,,8645,0,40,U/L,27.7
505144,500651,500042,3016723,,2023-04-05,32856,0.55,,8840,0.6,1.2,mg/dL,0.55
505145,500651,500042,3049187,,2023-04-05,32856,128,,9550,90,130,mL/min/1.73m2,128.0
505146,500652,500042,3004410,,2023-07-02,32856,7.3,,8554,4,5.6,%,7.3
505147,500652,500042,3004501,,2023-07-02,32856,156,,8840,70,99,mg/dL,156.0
505148,500652,500042,3004249,,2023-07-02,32856,121,,8876,90,130,mmHg,121.0
505149,500652,500042,3012888,,2023-07-02,32856,84,,8876,60,85,mmHg,84.0
505150,500652,500042,3025315,,2023-07-02,32856,78.4,,9529,45,90,kg,78.4
505151,500652,500042,3038553,,2023-07-02,32856,24,,9531,18.5,25,kg/m2,24.0
505152,500653,500042,3004410,,2023-09-24,32856,6.9,,8554,4,5.6,%,6.9
505153,500653,500042,3004501,,2023-09-24,32856,118,,8840,70,99,mg/dL,118.0
505154,500653,500042,3004249,,2023-09-24,32856,102,,8876,90,130,mmHg,102.0
505155,500653,500042,3012888,,2023-09-24,32856,76,,8876,60,85,mmHg,76.0
505156,500653,500042,3025315,,2023-09-24,32856,78.2,,9529,45,90,kg,78.2
505157,500653,500042,3038553,,2023-09-24,32856,23.9,,9531,18.5,25,kg/m2,23.9
505158,500654,500042,3004410,,2023-12-30,32856,7.1,,8554,4,5.6,%,7.1
505159,500654,500042,3004501,,2023-12-30,32856,138,,8840,70,99,mg/dL,138.0
505160,500654,500042,3004249,,2023-12-30,32856,109,,8876,90,130,mmHg,109.0
505161,500654,500042,3012888,,2023-12-30,32856,62,,8876,60,85,mmHg,62.0
505162,500654,500042,3025315,,2023-12-30,32856,77.4,,9529,45,90,kg,77.4
505163,500654,500042,3038553,,2023-12-30,32856,23.7,,9531,18.5,25,kg/m2,23.7
505164,500655,500042,3004410,,2024-04-04,32856,7.8,,8554,4,5.6,%,7.8
505165,500655,500042,3004501,,2024-04-04,32856,172,,8840,70,99,mg/dL,172.0
505166,500655,500042,3004249,,2024-04-04,32856,124,,8876,90,130,mmHg,124.0
505167,500655,500042,3012888,,2024-04-04,32856,70,,8876,60,85,mmHg,70.0
505168,500655,500042,3025315,,2024-04-04,32856,77.8,,9529,45,90,kg,77.8
505169,500655,500042,3038553,,2024-04-04,32856,23.8,,9531,18.5,25,kg/m2,23.8
505170,500655,500042,3022192,,2024-04-04,32856,49.3,,8840,0,150,mg/dL,49.3
505171,500655,500042,3007070,,2024-04-04,32856,42.4,,8840,40,60,mg/dL,42.4
505172,500655,500042,3028437,,2024-04-04,32856,106.1,,8840,0,130,mg/dL,106.1
505173,500655,500042,3013721,,2024-04-04,32856,22.8,,8645,0,40,U/L,22.8
505174,500655,500042,3006923,,2024-04-04,32856,48.5,,8645,0,40,U/L,48.5
505175,500655,500042,3016723,,2024-04-04,32856,0.5,,8840,0.6,1.2,mg/dL,0.5
505176,500655,500042,3049187,,2024-04-04,32856,131,,9550,90,130,mL/min/1.73m2,131.0
505177,500656,500042,3004410,,2024-07-10,32856,7.2,,8554,4,5.6,%,7.2
505178,500656,500042,3004501,,2024-07-10,32856,134,,8840,70,99,mg/dL,134.0
505179,500656,500042,3004249,,2024-07-10,32856,121,,8876,90,130,mmHg,121.0
505180,500656,500042,3012888,,2024-07-10,32856,86,,8876,60,85,mmHg,86.0
505181,500656,500042,3025315,,2024-07-10,32856,78.3,,9529,45,90,kg,78.3
505182,500656,500042,3038553,,2024-07-10,32856,24,,9531,18.5,25,kg/m2,24.0
505183,500657,500042,3004410,,2024-10-03,32856,7.7,,8554,4,5.6,%,7.7
505184,500657,500042,3004501,,2024-10-03,32856,148,,8840,70,99,mg/dL,148.0
505185,500657,500042,3004249,,2024-10-03,32856,130,,8876,90,130,mmHg,130.0
505186,500657,500042,3012888,,2024-10-03,32856,79,,8876,60,85,mmHg,79.0
505187,500657,500042,3025315,,2024-10-03,32856,79.1,,9529,45,90,kg,79.1
505188,500657,500042,3038553,,2024-10-03,32856,24.2,,9531,18.5,25,kg/m2,24.2
505189,500658,500042,3004410,,2025-01-02,32856,7.8,,8554,4,5.6,%,7.8
505190,500658,500042,3004501,,2025-01-02,32856,162,,8840,70,99,mg/dL,162.0
505191,500658,500042,3004249,,2025-01-02,32856,134,,8876,90,130,mmHg,134.0
505192,500658,500042,3012888,,2025-01-02,32856,77,,8876,60,85,mmHg,77.0
505193,500658,500042,3025315,,2025-01-02,32856,78.5,,9529,45,90,kg,78.5
505194,500658,500042,3038553,,2025-01-02,32856,24,,9531,18.5,25,kg/m2,24.0
505195,500659,500042,3004410,,2025-04-09,32856,8,,8554,4,5.6,%,8.0
505196,500659,500042,3004501,,2025-04-09,32856,173,,8840,70,99,mg/dL,173.0
505197,500659,500042,3004249,,2025-04-09,32856,132,,8876,90,130,mmHg,132.0
505198,500659,500042,3012888,,2025-04-09,32856,88,,8876,60,85,mmHg,88.0
505199,500659,500042,3025315,,2025-04-09,32856,79.2,,9529,45,90,kg,79.2
505200,500659,500042,3038553,,2025-04-09,32856,24.3,,9531,18.5,25,kg/m2,24.3
505201,500659,500042,3022192,,2025-04-09,32856,146.5,,8840,0,150,mg/dL,146.5
505202,500659,500042,3007070,,2025-04-09,32856,50.5,,8840,40,60,mg/dL,50.5
505203,500659,500042,3028437,,2025-04-09,32856,133,,8840,0,130,mg/dL,133.0
505204,500659,500042,3013721,,2025-04-09,32856,18.2,,8645,0,40,U/L,18.2
505205,500659,500042,3006923,,2025-04-09,32856,21.1,,8645,0,40,U/L,21.1
505206,500659,500042,3016723,,2025-04-09,32856,2.09,,8840,0.6,1.2,mg/dL,2.09
505207,500659,500042,3049187,,2025-04-09,32856,40,,9550,90,130,mL/min/1.73m2,40.0
505208,500660,500042,3004410,,2025-07-02,32856,8.7,,8554,4,5.6,%,8.7
505209,500660,500042,3004501,,2025-07-02,32856,179,,8840,70,99,mg/dL,179.0
505210,500660,500042,3004249,,2025-07-02,32856,134,,8876,90,130,mmHg,134.0
505211,500660,500042,3012888,,2025-07-02,32856,91,,8876,60,85,mmHg,91.0
505212,500660,500042,3025315,,2025-07-02,32856,79.2,,9529,45,90,kg,79.2
505213,500660,500042,3038553,,2025-07-02,32856,24.3,,9531,18.5,25,kg/m2,24.3
505214,500661,500042,3004410,,2025-09-28,32856,8.5,,8554,4,5.6,%,8.5
505215,500661,500042,3004501,,2025-09-28,32856,163,,8840,70,99,mg/dL,163.0
505216,500661,500042,3004249,,2025-09-28,32856,112,,8876,90,130,mmHg,112.0
505217,500661,500042,3012888,,2025-09-28,32856,80,,8876,60,85,mmHg,80.0
505218,500661,500042,3025315,,2025-09-28,32856,80.3,,9529,45,90,kg,80.3
505219,500661,500042,3038553,,2025-09-28,32856,24.6,,9531,18.5,25,kg/m2,24.6
505220,500662,500042,3004410,,2025-12-29,32856,7.7,,8554,4,5.6,%,7.7
505221,500662,500042,3004501,,2025-12-29,32856,163,,8840,70,99,mg/dL,163.0
505222,500662,500042,3004249,,2025-12-29,32856,133,,8876,90,130,mmHg,133.0
505223,500662,500042,3012888,,2025-12-29,32856,66,,8876,60,85,mmHg,66.0
505224,500662,500042,3025315,,2025-12-29,32856,80.2,,9529,45,90,kg,80.2
505225,500662,500042,3038553,,2025-12-29,32856,24.6,,9531,18.5,25,kg/m2,24.6
505226,500663,500042,3004410,,2026-04-06,32856,7.6,,8554,4,5.6,%,7.6
505227,500663,500042,3004501,,2026-04-06,32856,161,,8840,70,99,mg/dL,161.0
505228,500663,500042,3004249,,2026-04-06,32856,124,,8876,90,130,mmHg,124.0
505229,500663,500042,3012888,,2026-04-06,32856,79,,8876,60,85,mmHg,79.0
505230,500663,500042,3025315,,2026-04-06,32856,80.2,,9529,45,90,kg,80.2
505231,500663,500042,3038553,,2026-04-06,32856,24.6,,9531,18.5,25,kg/m2,24.6
505232,500663,500042,3022192,,2026-04-06,32856,204.3,,8840,0,150,mg/dL,204.3
505233,500663,500042,3007070,,2026-04-06,32856,46,,8840,40,60,mg/dL,46.0
505234,500663,500042,3028437,,2026-04-06,32856,58.9,,8840,0,130,mg/dL,58.9
505235,500663,500042,3013721,,2026-04-06,32856,10.8,,8645,0,40,U/L,10.8
505236,500663,500042,3006923,,2026-04-06,32856,13.6,,8645,0,40,U/L,13.6
505237,500663,500042,3016723,,2026-04-06,32856,2.2,,8840,0.6,1.2,mg/dL,2.2
505238,500663,500042,3049187,,2026-04-06,32856,37,,9550,90,130,mL/min/1.73m2,37.0
505239,500664,500042,3004410,,2026-07-05,32856,7.7,,8554,4,5.6,%,7.7
505240,500664,500042,3004501,,2026-07-05,32856,112,,8840,70,99,mg/dL,112.0
505241,500664,500042,3004249,,2026-07-05,32856,104,,8876,90,130,mmHg,104.0
505242,500664,500042,3012888,,2026-07-05,32856,79,,8876,60,85,mmHg,79.0
505243,500664,500042,3025315,,2026-07-05,32856,79.2,,9529,45,90,kg,79.2
505244,500664,500042,3038553,,2026-07-05,32856,24.3,,9531,18.5,25,kg/m2,24.3
505245,500665,500043,3036277,,2023-09-06,32856,166,,8582,150,185,cm,166.0
505246,500665,500043,3004410,,2023-09-06,32856,8.8,,8554,4,5.6,%,8.8
505247,500665,500043,3004501,,2023-09-06,32856,173,,8840,70,99,mg/dL,173.0
505248,500665,500043,3004249,,2023-09-06,32856,129,,8876,90,130,mmHg,129.0
505249,500665,500043,3012888,,2023-09-06,32856,83,,8876,60,85,mmHg,83.0
505250,500665,500043,3025315,,2023-09-06,32856,67,,9529,45,90,kg,67.0
505251,500665,500043,3038553,,2023-09-06,32856,24.3,,9531,18.5,25,kg/m2,24.3
505252,500665,500043,3022192,,2023-09-06,32856,271.5,,8840,0,150,mg/dL,271.5
505253,500665,500043,3007070,,2023-09-06,32856,60.9,,8840,40,60,mg/dL,60.9
505254,500665,500043,3028437,,2023-09-06,32856,63.8,,8840,0,130,mg/dL,63.8
505255,500665,500043,3013721,,2023-09-06,32856,77.8,,8645,0,40,U/L,77.8
505256,500665,500043,3006923,,2023-09-06,32856,6,,8645,0,40,U/L,6.0
505257,500665,500043,3016723,,2023-09-06,32856,0.59,,8840,0.6,1.2,mg/dL,0.59
505258,500665,500043,3049187,,2023-09-06,32856,112,,9550,90,130,mL/min/1.73m2,112.0
505259,500666,500043,3004410,,2023-12-10,32856,8.2,,8554,4,5.6,%,8.2
505260,500666,500043,3004501,,2023-12-10,32856,167,,8840,70,99,mg/dL,167.0
505261,500666,500043,3004249,,2023-12-10,32856,132,,8876,90,130,mmHg,132.0
505262,500666,500043,3012888,,2023-12-10,32856,81,,8876,60,85,mmHg,81.0
505263,500666,500043,3025315,,2023-12-10,32856,66.7,,9529,45,90,kg,66.7
505264,500666,500043,3038553,,2023-12-10,32856,24.2,,9531,18.5,25,kg/m2,24.2
505265,500667,500043,3004410,,2024-03-08,32856,8.1,,8554,4,5.6,%,8.1
505266,500667,500043,3004501,,2024-03-08,32856,149,,8840,70,99,mg/dL,149.0
505267,500667,500043,3004249,,2024-03-08,32856,106,,8876,90,130,mmHg,106.0
505268,500667,500043,3012888,,2024-03-08,32856,88,,8876,60,85,mmHg,88.0
505269,500667,500043,3025315,,2024-03-08,32856,66.5,,9529,45,90,kg,66.5
505270,500667,500043,3038553,,2024-03-08,32856,24.1,,9531,18.5,25,kg/m2,24.1
505271,500668,500043,3004410,,2024-05-31,32856,7.5,,8554,4,5.6,%,7.5
505272,500668,500043,3004501,,2024-05-31,32856,140,,8840,70,99,mg/dL,140.0
505273,500668,500043,3004249,,2024-05-31,32856,130,,8876,90,130,mmHg,130.0
505274,500668,500043,3012888,,2024-05-31,32856,72,,8876,60,85,mmHg,72.0
505275,500668,500043,3025315,,2024-05-31,32856,66.1,,9529,45,90,kg,66.1
505276,500668,500043,3038553,,2024-05-31,32856,24,,9531,18.5,25,kg/m2,24.0
505277,500669,500043,3004410,,2024-08-24,32856,7,,8554,4,5.6,%,7.0
505278,500669,500043,3004501,,2024-08-24,32856,139,,8840,70,99,mg/dL,139.0
505279,500669,500043,3004249,,2024-08-24,32856,123,,8876,90,130,mmHg,123.0
505280,500669,500043,3012888,,2024-08-24,32856,64,,8876,60,85,mmHg,64.0
505281,500669,500043,3025315,,2024-08-24,32856,65.6,,9529,45,90,kg,65.6
505282,500669,500043,3038553,,2024-08-24,32856,23.8,,9531,18.5,25,kg/m2,23.8
505283,500669,500043,3022192,,2024-08-24,32856,167.1,,8840,0,150,mg/dL,167.1
505284,500669,500043,3007070,,2024-08-24,32856,39.4,,8840,40,60,mg/dL,39.4
505285,500669,500043,3028437,,2024-08-24,32856,120.5,,8840,0,130,mg/dL,120.5
505286,500669,500043,3013721,,2024-08-24,32856,32.7,,8645,0,40,U/L,32.7
505287,500669,500043,3006923,,2024-08-24,32856,72.4,,8645,0,40,U/L,72.4
505288,500669,500043,3016723,,2024-08-24,32856,0.65,,8840,0.6,1.2,mg/dL,0.65
505289,500669,500043,3049187,,2024-08-24,32856,108,,9550,90,130,mL/min/1.73m2,108.0
505290,500670,500043,3004410,,2024-11-20,32856,6.7,,8554,4,5.6,%,6.7
505291,500670,500043,3004501,,2024-11-20,32856,136,,8840,70,99,mg/dL,136.0
505292,500670,500043,3004249,,2024-11-20,32856,125,,8876,90,130,mmHg,125.0
505293,500670,500043,3012888,,2024-11-20,32856,88,,8876,60,85,mmHg,88.0
505294,500670,500043,3025315,,2024-11-20,32856,65.4,,9529,45,90,kg,65.4
505295,500670,500043,3038553,,2024-11-20,32856,23.7,,9531,18.5,25,kg/m2,23.7
505296,500671,500043,3004410,,2025-02-16,32856,6.2,,8554,4,5.6,%,6.2
505297,500671,500043,3004501,,2025-02-16,32856,126,,8840,70,99,mg/dL,126.0
505298,500671,500043,3004249,,2025-02-16,32856,111,,8876,90,130,mmHg,111.0
505299,500671,500043,3012888,,2025-02-16,32856,92,,8876,60,85,mmHg,92.0
505300,500671,500043,3025315,,2025-02-16,32856,64.5,,9529,45,90,kg,64.5
505301,500671,500043,3038553,,2025-02-16,32856,23.4,,9531,18.5,25,kg/m2,23.4
505302,500672,500043,3004410,,2025-05-12,32856,6.8,,8554,4,5.6,%,6.8
505303,500672,500043,3004501,,2025-05-12,32856,124,,8840,70,99,mg/dL,124.0
505304,500672,500043,3004249,,2025-05-12,32856,124,,8876,90,130,mmHg,124.0
505305,500672,500043,3012888,,2025-05-12,32856,86,,8876,60,85,mmHg,86.0
505306,500672,500043,3025315,,2025-05-12,32856,63.7,,9529,45,90,kg,63.7
505307,500672,500043,3038553,,2025-05-12,32856,23.1,,9531,18.5,25,kg/m2,23.1
505308,500673,500043,3004410,,2025-08-09,32856,6.3,,8554,4,5.6,%,6.3
505309,500673,500043,3004501,,2025-08-09,32856,113,,8840,70,99,mg/dL,113.0
505310,500673,500043,3004249,,2025-08-09,32856,131,,8876,90,130,mmHg,131.0
505311,500673,500043,3012888,,2025-08-09,32856,86,,8876,60,85,mmHg,86.0
505312,500673,500043,3025315,,2025-08-09,32856,62,,9529,45,90,kg,62.0
505313,500673,500043,3038553,,2025-08-09,32856,22.5,,9531,18.5,25,kg/m2,22.5
505314,500673,500043,3022192,,2025-08-09,32856,155.5,,8840,0,150,mg/dL,155.5
505315,500673,500043,3007070,,2025-08-09,32856,49.7,,8840,40,60,mg/dL,49.7
505316,500673,500043,3028437,,2025-08-09,32856,122.4,,8840,0,130,mg/dL,122.4
505317,500673,500043,3013721,,2025-08-09,32856,38.1,,8645,0,40,U/L,38.1
505318,500673,500043,3006923,,2025-08-09,32856,31.7,,8645,0,40,U/L,31.7
505319,500673,500043,3016723,,2025-08-09,32856,0.72,,8840,0.6,1.2,mg/dL,0.72
505320,500673,500043,3049187,,2025-08-09,32856,104,,9550,90,130,mL/min/1.73m2,104.0
505321,500674,500043,3004410,,2025-11-02,32856,6.2,,8554,4,5.6,%,6.2
505322,500674,500043,3004501,,2025-11-02,32856,104,,8840,70,99,mg/dL,104.0
505323,500674,500043,3004249,,2025-11-02,32856,128,,8876,90,130,mmHg,128.0
505324,500674,500043,3012888,,2025-11-02,32856,76,,8876,60,85,mmHg,76.0
505325,500674,500043,3025315,,2025-11-02,32856,62.3,,9529,45,90,kg,62.3
505326,500674,500043,3038553,,2025-11-02,32856,22.6,,9531,18.5,25,kg/m2,22.6
505327,500675,500043,3004410,,2026-02-05,32856,6,,8554,4,5.6,%,6.0
505328,500675,500043,3004501,,2026-02-05,32856,98,,8840,70,99,mg/dL,98.0
505329,500675,500043,3004249,,2026-02-05,32856,132,,8876,90,130,mmHg,132.0
505330,500675,500043,3012888,,2026-02-05,32856,78,,8876,60,85,mmHg,78.0
505331,500675,500043,3025315,,2026-02-05,32856,63.3,,9529,45,90,kg,63.3
505332,500675,500043,3038553,,2026-02-05,32856,23,,9531,18.5,25,kg/m2,23.0
505333,500676,500043,3004410,,2026-05-03,32856,6.3,,8554,4,5.6,%,6.3
505334,500676,500043,3004501,,2026-05-03,32856,116,,8840,70,99,mg/dL,116.0
505335,500676,500043,3004249,,2026-05-03,32856,129,,8876,90,130,mmHg,129.0
505336,500676,500043,3012888,,2026-05-03,32856,80,,8876,60,85,mmHg,80.0
505337,500676,500043,3025315,,2026-05-03,32856,63.8,,9529,45,90,kg,63.8
505338,500676,500043,3038553,,2026-05-03,32856,23.2,,9531,18.5,25,kg/m2,23.2
505339,500677,500043,3004410,,2026-07-29,32856,6.8,,8554,4,5.6,%,6.8
505340,500677,500043,3004501,,2026-07-29,32856,116,,8840,70,99,mg/dL,116.0
505341,500677,500043,3004249,,2026-07-29,32856,115,,8876,90,130,mmHg,115.0
505342,500677,500043,3012888,,2026-07-29,32856,75,,8876,60,85,mmHg,75.0
505343,500677,500043,3025315,,2026-07-29,32856,62.9,,9529,45,90,kg,62.9
505344,500677,500043,3038553,,2026-07-29,32856,22.8,,9531,18.5,25,kg/m2,22.8
505345,500677,500043,3022192,,2026-07-29,32856,259.1,,8840,0,150,mg/dL,259.1
505346,500677,500043,3007070,,2026-07-29,32856,39.7,,8840,40,60,mg/dL,39.7
505347,500677,500043,3028437,,2026-07-29,32856,126.9,,8840,0,130,mg/dL,126.9
505348,500677,500043,3013721,,2026-07-29,32856,27.8,,8645,0,40,U/L,27.8
505349,500677,500043,3006923,,2026-07-29,32856,103.8,,8645,0,40,U/L,103.8
505350,500677,500043,3016723,,2026-07-29,32856,1.28,,8840,0.6,1.2,mg/dL,1.28
505351,500677,500043,3049187,,2026-07-29,32856,63,,9550,90,130,mL/min/1.73m2,63.0
505352,500678,500044,3036277,,2020-06-11,32856,157.5,,8582,150,185,cm,157.5
505353,500678,500044,3004410,,2020-06-11,32856,6.5,,8554,4,5.6,%,6.5
505354,500678,500044,3004501,,2020-06-11,32856,126,,8840,70,99,mg/dL,126
505355,500678,500044,3004249,,2020-06-11,32856,131,,8876,90,130,mmHg,131.0
505356,500678,500044,3012888,,2020-06-11,32856,81,,8876,60,85,mmHg,81.0
505357,500678,500044,3025315,,2020-06-11,32856,62.3,,9529,45,90,kg,62.3
505358,500678,500044,3038553,,2020-06-11,32856,25.1,,9531,18.5,25,kg/m2,25.1
505359,500678,500044,3022192,,2020-06-11,32856,281,,8840,0,150,mg/dL,281.0
505360,500678,500044,3007070,,2020-06-11,32856,29,,8840,40,60,mg/dL,29.0
505361,500678,500044,3028437,,2020-06-11,32856,121.9,,8840,0,130,mg/dL,121.9
505362,500678,500044,3013721,,2020-06-11,32856,25.9,,8645,0,40,U/L,25.9
505363,500678,500044,3006923,,2020-06-11,32856,40.4,,8645,0,40,U/L,40.4
505364,500678,500044,3016723,,2020-06-11,32856,0.81,,8840,0.6,1.2,mg/dL,0.81
505365,500678,500044,3049187,,2020-06-11,32856,77,,9550,90,130,mL/min/1.73m2,77.0
505366,500679,500044,3004410,,2020-09-13,32856,6.3,,8554,4,5.6,%,6.3
505367,500679,500044,3004501,,2020-09-13,32856,122,,8840,70,99,mg/dL,122.0
505368,500679,500044,3004249,,2020-09-13,32856,131,,8876,90,130,mmHg,131.0
505369,500679,500044,3012888,,2020-09-13,32856,68,,8876,60,85,mmHg,68.0
505370,500679,500044,3025315,,2020-09-13,32856,62.6,,9529,45,90,kg,62.6
505371,500679,500044,3038553,,2020-09-13,32856,25.2,,9531,18.5,25,kg/m2,25.2
505372,500680,500044,3004410,,2020-12-10,32856,5.7,,8554,4,5.6,%,5.7
505373,500680,500044,3004501,,2020-12-10,32856,78,,8840,70,99,mg/dL,78.0
505374,500680,500044,3004249,,2020-12-10,32856,136,,8876,90,130,mmHg,136.0
505375,500680,500044,3012888,,2020-12-10,32856,84,,8876,60,85,mmHg,84.0
505376,500680,500044,3025315,,2020-12-10,32856,63.6,,9529,45,90,kg,63.6
505377,500680,500044,3038553,,2020-12-10,32856,25.6,,9531,18.5,25,kg/m2,25.6
505378,500681,500044,3004410,,2021-03-08,32856,6.5,,8554,4,5.6,%,6.5
505379,500681,500044,3004501,,2021-03-08,32856,111,,8840,70,99,mg/dL,111.0
505380,500681,500044,3004249,,2021-03-08,32856,134,,8876,90,130,mmHg,134.0
505381,500681,500044,3012888,,2021-03-08,32856,70,,8876,60,85,mmHg,70.0
505382,500681,500044,3025315,,2021-03-08,32856,64,,9529,45,90,kg,64.0
505383,500681,500044,3038553,,2021-03-08,32856,25.8,,9531,18.5,25,kg/m2,25.8
505384,500682,500044,3004410,,2021-06-08,32856,6.6,,8554,4,5.6,%,6.6
505385,500682,500044,3004501,,2021-06-08,32856,129,,8840,70,99,mg/dL,129.0
505386,500682,500044,3004249,,2021-06-08,32856,135,,8876,90,130,mmHg,135.0
505387,500682,500044,3012888,,2021-06-08,32856,91,,8876,60,85,mmHg,91.0
505388,500682,500044,3025315,,2021-06-08,32856,64.6,,9529,45,90,kg,64.6
505389,500682,500044,3038553,,2021-06-08,32856,26,,9531,18.5,25,kg/m2,26.0
505390,500682,500044,3022192,,2021-06-08,32856,134.5,,8840,0,150,mg/dL,134.5
505391,500682,500044,3007070,,2021-06-08,32856,41.1,,8840,40,60,mg/dL,41.1
505392,500682,500044,3028437,,2021-06-08,32856,114.4,,8840,0,130,mg/dL,114.4
505393,500682,500044,3013721,,2021-06-08,32856,43.6,,8645,0,40,U/L,43.6
505394,500682,500044,3006923,,2021-06-08,32856,61.8,,8645,0,40,U/L,61.8
505395,500682,500044,3016723,,2021-06-08,32856,1.18,,8840,0.6,1.2,mg/dL,1.18
505396,500682,500044,3049187,,2021-06-08,32856,48,,9550,90,130,mL/min/1.73m2,48.0
505397,500683,500044,3004410,,2021-09-14,32856,6.6,,8554,4,5.6,%,6.6
505398,500683,500044,3004501,,2021-09-14,32856,137,,8840,70,99,mg/dL,137.0
505399,500683,500044,3004249,,2021-09-14,32856,149,,8876,90,130,mmHg,149.0
505400,500683,500044,3012888,,2021-09-14,32856,67,,8876,60,85,mmHg,67.0
505401,500683,500044,3025315,,2021-09-14,32856,65.3,,9529,45,90,kg,65.3
505402,500683,500044,3038553,,2021-09-14,32856,26.3,,9531,18.5,25,kg/m2,26.3
505403,500684,500044,3004410,,2021-12-16,32856,6,,8554,4,5.6,%,6.0
505404,500684,500044,3004501,,2021-12-16,32856,85,,8840,70,99,mg/dL,85.0
505405,500684,500044,3004249,,2021-12-16,32856,139,,8876,90,130,mmHg,139.0
505406,500684,500044,3012888,,2021-12-16,32856,92,,8876,60,85,mmHg,92.0
505407,500684,500044,3025315,,2021-12-16,32856,65.6,,9529,45,90,kg,65.6
505408,500684,500044,3038553,,2021-12-16,32856,26.4,,9531,18.5,25,kg/m2,26.4
505409,500685,500044,3004410,,2022-03-11,32856,5.8,,8554,4,5.6,%,5.8
505410,500685,500044,3004501,,2022-03-11,32856,96,,8840,70,99,mg/dL,96.0
505411,500685,500044,3004249,,2022-03-11,32856,147,,8876,90,130,mmHg,147.0
505412,500685,500044,3012888,,2022-03-11,32856,85,,8876,60,85,mmHg,85.0
505413,500685,500044,3025315,,2022-03-11,32856,65.5,,9529,45,90,kg,65.5
505414,500685,500044,3038553,,2022-03-11,32856,26.4,,9531,18.5,25,kg/m2,26.4
505415,500686,500044,3004410,,2022-06-07,32856,5.4,,8554,4,5.6,%,5.4
505416,500686,500044,3004501,,2022-06-07,32856,81,,8840,70,99,mg/dL,81.0
505417,500686,500044,3004249,,2022-06-07,32856,141,,8876,90,130,mmHg,141.0
505418,500686,500044,3012888,,2022-06-07,32856,73,,8876,60,85,mmHg,73.0
505419,500686,500044,3025315,,2022-06-07,32856,66,,9529,45,90,kg,66.0
505420,500686,500044,3038553,,2022-06-07,32856,26.6,,9531,18.5,25,kg/m2,26.6
505421,500686,500044,3022192,,2022-06-07,32856,107.2,,8840,0,150,mg/dL,107.2
505422,500686,500044,3007070,,2022-06-07,32856,66.6,,8840,40,60,mg/dL,66.6
505423,500686,500044,3028437,,2022-06-07,32856,66.3,,8840,0,130,mg/dL,66.3
505424,500686,500044,3013721,,2022-06-07,32856,8,,8645,0,40,U/L,8.0
505425,500686,500044,3006923,,2022-06-07,32856,44.2,,8645,0,40,U/L,44.2
505426,500686,500044,3016723,,2022-06-07,32856,0.82,,8840,0.6,1.2,mg/dL,0.82
505427,500686,500044,3049187,,2022-06-07,32856,75,,9550,90,130,mL/min/1.73m2,75.0
505428,500687,500044,3004410,,2022-09-13,32856,5.4,,8554,4,5.6,%,5.4
505429,500687,500044,3004501,,2022-09-13,32856,95,,8840,70,99,mg/dL,95.0
505430,500687,500044,3004249,,2022-09-13,32856,156,,8876,90,130,mmHg,156.0
505431,500687,500044,3012888,,2022-09-13,32856,91,,8876,60,85,mmHg,91.0
505432,500687,500044,3025315,,2022-09-13,32856,67.6,,9529,45,90,kg,67.6
505433,500687,500044,3038553,,2022-09-13,32856,27.3,,9531,18.5,25,kg/m2,27.3
505434,500688,500044,3004410,,2022-12-08,32856,5.8,,8554,4,5.6,%,5.8
505435,500688,500044,3004501,,2022-12-08,32856,95,,8840,70,99,mg/dL,95.0
505436,500688,500044,3004249,,2022-12-08,32856,139,,8876,90,130,mmHg,139.0
505437,500688,500044,3012888,,2022-12-08,32856,78,,8876,60,85,mmHg,78.0
505438,500688,500044,3025315,,2022-12-08,32856,67.5,,9529,45,90,kg,67.5
505439,500688,500044,3038553,,2022-12-08,32856,27.2,,9531,18.5,25,kg/m2,27.2
505440,500689,500044,3004410,,2023-03-13,32856,6.2,,8554,4,5.6,%,6.2
505441,500689,500044,3004501,,2023-03-13,32856,120,,8840,70,99,mg/dL,120.0
505442,500689,500044,3004249,,2023-03-13,32856,138,,8876,90,130,mmHg,138.0
505443,500689,500044,3012888,,2023-03-13,32856,78,,8876,60,85,mmHg,78.0
505444,500689,500044,3025315,,2023-03-13,32856,70.6,,9529,45,90,kg,70.6
505445,500689,500044,3038553,,2023-03-13,32856,28.5,,9531,18.5,25,kg/m2,28.5
505446,500690,500044,3004410,,2023-06-19,32856,6,,8554,4,5.6,%,6.0
505447,500690,500044,3004501,,2023-06-19,32856,100,,8840,70,99,mg/dL,100.0
505448,500690,500044,3004249,,2023-06-19,32856,133,,8876,90,130,mmHg,133.0
505449,500690,500044,3012888,,2023-06-19,32856,67,,8876,60,85,mmHg,67.0
505450,500690,500044,3025315,,2023-06-19,32856,71,,9529,45,90,kg,71.0
505451,500690,500044,3038553,,2023-06-19,32856,28.6,,9531,18.5,25,kg/m2,28.6
505452,500690,500044,3022192,,2023-06-19,32856,104.7,,8840,0,150,mg/dL,104.7
505453,500690,500044,3007070,,2023-06-19,32856,39.9,,8840,40,60,mg/dL,39.9
505454,500690,500044,3028437,,2023-06-19,32856,37.7,,8840,0,130,mg/dL,37.7
505455,500690,500044,3013721,,2023-06-19,32856,68.2,,8645,0,40,U/L,68.2
505456,500690,500044,3006923,,2023-06-19,32856,53.7,,8645,0,40,U/L,53.7
505457,500690,500044,3016723,,2023-06-19,32856,1.09,,8840,0.6,1.2,mg/dL,1.09
505458,500690,500044,3049187,,2023-06-19,32856,53,,9550,90,130,mL/min/1.73m2,53.0
505459,500691,500044,3004410,,2023-09-11,32856,6.3,,8554,4,5.6,%,6.3
505460,500691,500044,3004501,,2023-09-11,32856,115,,8840,70,99,mg/dL,115.0
505461,500691,500044,3004249,,2023-09-11,32856,148,,8876,90,130,mmHg,148.0
505462,500691,500044,3012888,,2023-09-11,32856,85,,8876,60,85,mmHg,85.0
505463,500691,500044,3025315,,2023-09-11,32856,72.3,,9529,45,90,kg,72.3
505464,500691,500044,3038553,,2023-09-11,32856,29.1,,9531,18.5,25,kg/m2,29.1
505465,500692,500044,3004410,,2023-12-07,32856,6.9,,8554,4,5.6,%,6.9
505466,500692,500044,3004501,,2023-12-07,32856,122,,8840,70,99,mg/dL,122.0
505467,500692,500044,3004249,,2023-12-07,32856,131,,8876,90,130,mmHg,131.0
505468,500692,500044,3012888,,2023-12-07,32856,84,,8876,60,85,mmHg,84.0
505469,500692,500044,3025315,,2023-12-07,32856,72.4,,9529,45,90,kg,72.4
505470,500692,500044,3038553,,2023-12-07,32856,29.2,,9531,18.5,25,kg/m2,29.2
505471,500693,500044,3004410,,2024-03-01,32856,6.6,,8554,4,5.6,%,6.6
505472,500693,500044,3004501,,2024-03-01,32856,130,,8840,70,99,mg/dL,130.0
505473,500693,500044,3004249,,2024-03-01,32856,138,,8876,90,130,mmHg,138.0
505474,500693,500044,3012888,,2024-03-01,32856,97,,8876,60,85,mmHg,97.0
505475,500693,500044,3025315,,2024-03-01,32856,72,,9529,45,90,kg,72.0
505476,500693,500044,3038553,,2024-03-01,32856,29,,9531,18.5,25,kg/m2,29.0
505477,500694,500045,3036277,,2021-06-16,32856,180.3,,8582,150,185,cm,180.3
505478,500694,500045,3004410,,2021-06-16,32856,6.6,,8554,4,5.6,%,6.6
505479,500694,500045,3004501,,2021-06-16,32856,126,,8840,70,99,mg/dL,126
505480,500694,500045,3004249,,2021-06-16,32856,120,,8876,90,130,mmHg,120.0
505481,500694,500045,3012888,,2021-06-16,32856,71,,8876,60,85,mmHg,71.0
505482,500694,500045,3025315,,2021-06-16,32856,81.6,,9529,45,90,kg,81.6
505483,500694,500045,3038553,,2021-06-16,32856,25.1,,9531,18.5,25,kg/m2,25.1
505484,500694,500045,3022192,,2021-06-16,32856,214.9,,8840,0,150,mg/dL,214.9
505485,500694,500045,3007070,,2021-06-16,32856,62.1,,8840,40,60,mg/dL,62.1
505486,500694,500045,3028437,,2021-06-16,32856,120,,8840,0,130,mg/dL,120.0
505487,500694,500045,3013721,,2021-06-16,32856,50.6,,8645,0,40,U/L,50.6
505488,500694,500045,3006923,,2021-06-16,32856,60.5,,8645,0,40,U/L,60.5
505489,500694,500045,3016723,,2021-06-16,32856,0.92,,8840,0.6,1.2,mg/dL,0.92
505490,500694,500045,3049187,,2021-06-16,32856,98,,9550,90,130,mL/min/1.73m2,98.0
505491,500695,500045,3004410,,2021-09-13,32856,6,,8554,4,5.6,%,6.0
505492,500695,500045,3004501,,2021-09-13,32856,117,,8840,70,99,mg/dL,117.0
505493,500695,500045,3004249,,2021-09-13,32856,126,,8876,90,130,mmHg,126.0
505494,500695,500045,3012888,,2021-09-13,32856,75,,8876,60,85,mmHg,75.0
505495,500695,500045,3025315,,2021-09-13,32856,81.7,,9529,45,90,kg,81.7
505496,500695,500045,3038553,,2021-09-13,32856,25.1,,9531,18.5,25,kg/m2,25.1
505497,500696,500045,3004410,,2021-12-19,32856,5.3,,8554,4,5.6,%,5.3
505498,500696,500045,3004501,,2021-12-19,32856,74,,8840,70,99,mg/dL,74.0
505499,500696,500045,3004249,,2021-12-19,32856,133,,8876,90,130,mmHg,133.0
505500,500696,500045,3012888,,2021-12-19,32856,80,,8876,60,85,mmHg,80.0
505501,500696,500045,3025315,,2021-12-19,32856,80.7,,9529,45,90,kg,80.7
505502,500696,500045,3038553,,2021-12-19,32856,24.8,,9531,18.5,25,kg/m2,24.8
505503,500697,500045,3004410,,2022-03-13,32856,5.7,,8554,4,5.6,%,5.7
505504,500697,500045,3004501,,2022-03-13,32856,93,,8840,70,99,mg/dL,93.0
505505,500697,500045,3004249,,2022-03-13,32856,123,,8876,90,130,mmHg,123.0
505506,500697,500045,3012888,,2022-03-13,32856,80,,8876,60,85,mmHg,80.0
505507,500697,500045,3025315,,2022-03-13,32856,79.3,,9529,45,90,kg,79.3
505508,500697,500045,3038553,,2022-03-13,32856,24.4,,9531,18.5,25,kg/m2,24.4
505509,500698,500045,3004410,,2022-06-14,32856,5.2,,8554,4,5.6,%,5.2
505510,500698,500045,3004501,,2022-06-14,32856,70,,8840,70,99,mg/dL,70
505511,500698,500045,3004249,,2022-06-14,32856,131,,8876,90,130,mmHg,131.0
505512,500698,500045,3012888,,2022-06-14,32856,85,,8876,60,85,mmHg,85.0
505513,500698,500045,3025315,,2022-06-14,32856,80,,9529,45,90,kg,80.0
505514,500698,500045,3038553,,2022-06-14,32856,24.6,,9531,18.5,25,kg/m2,24.6
505515,500698,500045,3022192,,2022-06-14,32856,146.5,,8840,0,150,mg/dL,146.5
505516,500698,500045,3007070,,2022-06-14,32856,50.4,,8840,40,60,mg/dL,50.4
505517,500698,500045,3028437,,2022-06-14,32856,93.3,,8840,0,130,mg/dL,93.3
505518,500698,500045,3013721,,2022-06-14,32856,43.6,,8645,0,40,U/L,43.6
505519,500698,500045,3006923,,2022-06-14,32856,26.5,,8645,0,40,U/L,26.5
505520,500698,500045,3016723,,2022-06-14,32856,0.64,,8840,0.6,1.2,mg/dL,0.64
505521,500698,500045,3049187,,2022-06-14,32856,111,,9550,90,130,mL/min/1.73m2,111.0
505522,500699,500045,3004410,,2022-09-15,32856,6,,8554,4,5.6,%,6.0
505523,500699,500045,3004501,,2022-09-15,32856,111,,8840,70,99,mg/dL,111.0
505524,500699,500045,3004249,,2022-09-15,32856,101,,8876,90,130,mmHg,101.0
505525,500699,500045,3012888,,2022-09-15,32856,79,,8876,60,85,mmHg,79.0
505526,500699,500045,3025315,,2022-09-15,32856,80.9,,9529,45,90,kg,80.9
505527,500699,500045,3038553,,2022-09-15,32856,24.9,,9531,18.5,25,kg/m2,24.9
505528,500700,500045,3004410,,2022-12-14,32856,6.3,,8554,4,5.6,%,6.3
505529,500700,500045,3004501,,2022-12-14,32856,108,,8840,70,99,mg/dL,108.0
505530,500700,500045,3004249,,2022-12-14,32856,134,,8876,90,130,mmHg,134.0
505531,500700,500045,3012888,,2022-12-14,32856,64,,8876,60,85,mmHg,64.0
505532,500700,500045,3025315,,2022-12-14,32856,80.5,,9529,45,90,kg,80.5
505533,500700,500045,3038553,,2022-12-14,32856,24.8,,9531,18.5,25,kg/m2,24.8
505534,500701,500045,3004410,,2023-03-16,32856,5.6,,8554,4,5.6,%,5.6
505535,500701,500045,3004501,,2023-03-16,32856,99,,8840,70,99,mg/dL,99.0
505536,500701,500045,3004249,,2023-03-16,32856,130,,8876,90,130,mmHg,130.0
505537,500701,500045,3012888,,2023-03-16,32856,79,,8876,60,85,mmHg,79.0
505538,500701,500045,3025315,,2023-03-16,32856,80.7,,9529,45,90,kg,80.7
505539,500701,500045,3038553,,2023-03-16,32856,24.8,,9531,18.5,25,kg/m2,24.8
505540,500702,500045,3004410,,2023-06-15,32856,5.6,,8554,4,5.6,%,5.6
505541,500702,500045,3004501,,2023-06-15,32856,87,,8840,70,99,mg/dL,87.0
505542,500702,500045,3004249,,2023-06-15,32856,142,,8876,90,130,mmHg,142.0
505543,500702,500045,3012888,,2023-06-15,32856,73,,8876,60,85,mmHg,73.0
505544,500702,500045,3025315,,2023-06-15,32856,80.2,,9529,45,90,kg,80.2
505545,500702,500045,3038553,,2023-06-15,32856,24.7,,9531,18.5,25,kg/m2,24.7
505546,500702,500045,3022192,,2023-06-15,32856,233.8,,8840,0,150,mg/dL,233.8
505547,500702,500045,3007070,,2023-06-15,32856,52.4,,8840,40,60,mg/dL,52.4
505548,500702,500045,3028437,,2023-06-15,32856,128.1,,8840,0,130,mg/dL,128.1
505549,500702,500045,3013721,,2023-06-15,32856,55.5,,8645,0,40,U/L,55.5
505550,500702,500045,3006923,,2023-06-15,32856,61.5,,8645,0,40,U/L,61.5
505551,500702,500045,3016723,,2023-06-15,32856,0.54,,8840,0.6,1.2,mg/dL,0.54
505552,500702,500045,3049187,,2023-06-15,32856,116,,9550,90,130,mL/min/1.73m2,116.0
505553,500703,500045,3004410,,2023-09-10,32856,5.9,,8554,4,5.6,%,5.9
505554,500703,500045,3004501,,2023-09-10,32856,105,,8840,70,99,mg/dL,105.0
505555,500703,500045,3004249,,2023-09-10,32856,95,,8876,90,130,mmHg,95.0
505556,500703,500045,3012888,,2023-09-10,32856,75,,8876,60,85,mmHg,75.0
505557,500703,500045,3025315,,2023-09-10,32856,80.2,,9529,45,90,kg,80.2
505558,500703,500045,3038553,,2023-09-10,32856,24.7,,9531,18.5,25,kg/m2,24.7
505559,500704,500045,3004410,,2023-12-03,32856,5.6,,8554,4,5.6,%,5.6
505560,500704,500045,3004501,,2023-12-03,32856,70,,8840,70,99,mg/dL,70
505561,500704,500045,3004249,,2023-12-03,32856,149,,8876,90,130,mmHg,149.0
505562,500704,500045,3012888,,2023-12-03,32856,69,,8876,60,85,mmHg,69.0
505563,500704,500045,3025315,,2023-12-03,32856,80.3,,9529,45,90,kg,80.3
505564,500704,500045,3038553,,2023-12-03,32856,24.7,,9531,18.5,25,kg/m2,24.7
505565,500705,500045,3004410,,2024-03-02,32856,5.7,,8554,4,5.6,%,5.7
505566,500705,500045,3004501,,2024-03-02,32856,117,,8840,70,99,mg/dL,117.0
505567,500705,500045,3004249,,2024-03-02,32856,137,,8876,90,130,mmHg,137.0
505568,500705,500045,3012888,,2024-03-02,32856,53,,8876,60,85,mmHg,53.0
505569,500705,500045,3025315,,2024-03-02,32856,80.8,,9529,45,90,kg,80.8
505570,500705,500045,3038553,,2024-03-02,32856,24.9,,9531,18.5,25,kg/m2,24.9
505571,500706,500045,3004410,,2024-05-31,32856,6.3,,8554,4,5.6,%,6.3
505572,500706,500045,3004501,,2024-05-31,32856,134,,8840,70,99,mg/dL,134.0
505573,500706,500045,3004249,,2024-05-31,32856,130,,8876,90,130,mmHg,130.0
505574,500706,500045,3012888,,2024-05-31,32856,75,,8876,60,85,mmHg,75.0
505575,500706,500045,3025315,,2024-05-31,32856,82,,9529,45,90,kg,82.0
505576,500706,500045,3038553,,2024-05-31,32856,25.2,,9531,18.5,25,kg/m2,25.2
505577,500706,500045,3022192,,2024-05-31,32856,30.1,,8840,0,150,mg/dL,30.1
505578,500706,500045,3007070,,2024-05-31,32856,41.6,,8840,40,60,mg/dL,41.6
505579,500706,500045,3028437,,2024-05-31,32856,79.8,,8840,0,130,mg/dL,79.8
505580,500706,500045,3013721,,2024-05-31,32856,27.5,,8645,0,40,U/L,27.5
505581,500706,500045,3006923,,2024-05-31,32856,63.5,,8645,0,40,U/L,63.5
505582,500706,500045,3016723,,2024-05-31,32856,1.39,,8840,0.6,1.2,mg/dL,1.39
505583,500706,500045,3049187,,2024-05-31,32856,59,,9550,90,130,mL/min/1.73m2,59.0
505584,500707,500045,3004410,,2024-09-03,32856,6.1,,8554,4,5.6,%,6.1
505585,500707,500045,3004501,,2024-09-03,32856,129,,8840,70,99,mg/dL,129.0
505586,500707,500045,3004249,,2024-09-03,32856,129,,8876,90,130,mmHg,129.0
505587,500707,500045,3012888,,2024-09-03,32856,72,,8876,60,85,mmHg,72.0
505588,500707,500045,3025315,,2024-09-03,32856,80.1,,9529,45,90,kg,80.1
505589,500707,500045,3038553,,2024-09-03,32856,24.6,,9531,18.5,25,kg/m2,24.6
505590,500708,500045,3004410,,2024-12-02,32856,6.2,,8554,4,5.6,%,6.2
505591,500708,500045,3004501,,2024-12-02,32856,108,,8840,70,99,mg/dL,108.0
505592,500708,500045,3004249,,2024-12-02,32856,126,,8876,90,130,mmHg,126.0
505593,500708,500045,3012888,,2024-12-02,32856,62,,8876,60,85,mmHg,62.0
505594,500708,500045,3025315,,2024-12-02,32856,80.2,,9529,45,90,kg,80.2
505595,500708,500045,3038553,,2024-12-02,32856,24.7,,9531,18.5,25,kg/m2,24.7
505596,500709,500045,3004410,,2025-03-06,32856,6.6,,8554,4,5.6,%,6.6
505597,500709,500045,3004501,,2025-03-06,32856,95,,8840,70,99,mg/dL,95.0
505598,500709,500045,3004249,,2025-03-06,32856,107,,8876,90,130,mmHg,107.0
505599,500709,500045,3012888,,2025-03-06,32856,81,,8876,60,85,mmHg,81.0
505600,500709,500045,3025315,,2025-03-06,32856,80.3,,9529,45,90,kg,80.3
505601,500709,500045,3038553,,2025-03-06,32856,24.7,,9531,18.5,25,kg/m2,24.7
505602,500710,500045,3004410,,2025-06-11,32856,6.2,,8554,4,5.6,%,6.2
505603,500710,500045,3004501,,2025-06-11,32856,112,,8840,70,99,mg/dL,112.0
505604,500710,500045,3004249,,2025-06-11,32856,117,,8876,90,130,mmHg,117.0
505605,500710,500045,3012888,,2025-06-11,32856,93,,8876,60,85,mmHg,93.0
505606,500710,500045,3025315,,2025-06-11,32856,80.4,,9529,45,90,kg,80.4
505607,500710,500045,3038553,,2025-06-11,32856,24.7,,9531,18.5,25,kg/m2,24.7
505608,500710,500045,3022192,,2025-06-11,32856,114.3,,8840,0,150,mg/dL,114.3
505609,500710,500045,3007070,,2025-06-11,32856,89.5,,8840,40,60,mg/dL,89.5
505610,500710,500045,3028437,,2025-06-11,32856,98.3,,8840,0,130,mg/dL,98.3
505611,500710,500045,3013721,,2025-06-11,32856,14.4,,8645,0,40,U/L,14.4
505612,500710,500045,3006923,,2025-06-11,32856,6,,8645,0,40,U/L,6.0
505613,500710,500045,3016723,,2025-06-11,32856,0.74,,8840,0.6,1.2,mg/dL,0.74
505614,500710,500045,3049187,,2025-06-11,32856,104,,9550,90,130,mL/min/1.73m2,104.0
505615,500711,500045,3004410,,2025-09-14,32856,6.5,,8554,4,5.6,%,6.5
505616,500711,500045,3004501,,2025-09-14,32856,119,,8840,70,99,mg/dL,119.0
505617,500711,500045,3004249,,2025-09-14,32856,131,,8876,90,130,mmHg,131.0
505618,500711,500045,3012888,,2025-09-14,32856,73,,8876,60,85,mmHg,73.0
505619,500711,500045,3025315,,2025-09-14,32856,80.3,,9529,45,90,kg,80.3
505620,500711,500045,3038553,,2025-09-14,32856,24.7,,9531,18.5,25,kg/m2,24.7
505621,500712,500045,3004410,,2025-12-12,32856,6.3,,8554,4,5.6,%,6.3
505622,500712,500045,3004501,,2025-12-12,32856,100,,8840,70,99,mg/dL,100.0
505623,500712,500045,3004249,,2025-12-12,32856,129,,8876,90,130,mmHg,129.0
505624,500712,500045,3012888,,2025-12-12,32856,88,,8876,60,85,mmHg,88.0
505625,500712,500045,3025315,,2025-12-12,32856,80.4,,9529,45,90,kg,80.4
505626,500712,500045,3038553,,2025-12-12,32856,24.7,,9531,18.5,25,kg/m2,24.7
505627,500713,500046,3036277,,2019-07-27,32856,153.7,,8582,150,185,cm,153.7
505628,500713,500046,3004410,,2019-07-27,32856,9.2,,8554,4,5.6,%,9.2
505629,500713,500046,3004501,,2019-07-27,32856,171,,8840,70,99,mg/dL,171.0
505630,500713,500046,3004249,,2019-07-27,32856,108,,8876,90,130,mmHg,108.0
505631,500713,500046,3012888,,2019-07-27,32856,80,,8876,60,85,mmHg,80.0
505632,500713,500046,3025315,,2019-07-27,32856,72.1,,9529,45,90,kg,72.1
505633,500713,500046,3038553,,2019-07-27,32856,30.5,,9531,18.5,25,kg/m2,30.5
505634,500713,500046,3022192,,2019-07-27,32856,206.1,,8840,0,150,mg/dL,206.1
505635,500713,500046,3007070,,2019-07-27,32856,57,,8840,40,60,mg/dL,57.0
505636,500713,500046,3028437,,2019-07-27,32856,95.4,,8840,0,130,mg/dL,95.4
505637,500713,500046,3013721,,2019-07-27,32856,74.2,,8645,0,40,U/L,74.2
505638,500713,500046,3006923,,2019-07-27,32856,6,,8645,0,40,U/L,6.0
505639,500713,500046,3016723,,2019-07-27,32856,0.88,,8840,0.6,1.2,mg/dL,0.88
505640,500713,500046,3049187,,2019-07-27,32856,78,,9550,90,130,mL/min/1.73m2,78.0
505641,500714,500046,3004410,,2019-10-30,32856,9,,8554,4,5.6,%,9.0
505642,500714,500046,3004501,,2019-10-30,32856,185,,8840,70,99,mg/dL,185.0
505643,500714,500046,3004249,,2019-10-30,32856,147,,8876,90,130,mmHg,147.0
505644,500714,500046,3012888,,2019-10-30,32856,79,,8876,60,85,mmHg,79.0
505645,500714,500046,3025315,,2019-10-30,32856,71.3,,9529,45,90,kg,71.3
505646,500714,500046,3038553,,2019-10-30,32856,30.2,,9531,18.5,25,kg/m2,30.2
505647,500715,500046,3004410,,2020-01-27,32856,8.6,,8554,4,5.6,%,8.6
505648,500715,500046,3004501,,2020-01-27,32856,175,,8840,70,99,mg/dL,175.0
505649,500715,500046,3004249,,2020-01-27,32856,125,,8876,90,130,mmHg,125.0
505650,500715,500046,3012888,,2020-01-27,32856,73,,8876,60,85,mmHg,73.0
505651,500715,500046,3025315,,2020-01-27,32856,71.3,,9529,45,90,kg,71.3
505652,500715,500046,3038553,,2020-01-27,32856,30.2,,9531,18.5,25,kg/m2,30.2
505653,500716,500046,3004410,,2020-04-23,32856,7.5,,8554,4,5.6,%,7.5
505654,500716,500046,3004501,,2020-04-23,32856,139,,8840,70,99,mg/dL,139.0
505655,500716,500046,3004249,,2020-04-23,32856,139,,8876,90,130,mmHg,139.0
505656,500716,500046,3012888,,2020-04-23,32856,83,,8876,60,85,mmHg,83.0
505657,500716,500046,3025315,,2020-04-23,32856,72.1,,9529,45,90,kg,72.1
505658,500716,500046,3038553,,2020-04-23,32856,30.5,,9531,18.5,25,kg/m2,30.5
505659,500717,500046,3004410,,2020-07-25,32856,7,,8554,4,5.6,%,7.0
505660,500717,500046,3004501,,2020-07-25,32856,110,,8840,70,99,mg/dL,110.0
505661,500717,500046,3004249,,2020-07-25,32856,135,,8876,90,130,mmHg,135.0
505662,500717,500046,3012888,,2020-07-25,32856,72,,8876,60,85,mmHg,72.0
505663,500717,500046,3025315,,2020-07-25,32856,73.9,,9529,45,90,kg,73.9
505664,500717,500046,3038553,,2020-07-25,32856,31.3,,9531,18.5,25,kg/m2,31.3
505665,500717,500046,3022192,,2020-07-25,32856,152.4,,8840,0,150,mg/dL,152.4
505666,500717,500046,3007070,,2020-07-25,32856,68.2,,8840,40,60,mg/dL,68.2
505667,500717,500046,3028437,,2020-07-25,32856,177.7,,8840,0,130,mg/dL,177.7
505668,500717,500046,3013721,,2020-07-25,32856,47.4,,8645,0,40,U/L,47.4
505669,500717,500046,3006923,,2020-07-25,32856,71.2,,8645,0,40,U/L,71.2
505670,500717,500046,3016723,,2020-07-25,32856,0.87,,8840,0.6,1.2,mg/dL,0.87
505671,500717,500046,3049187,,2020-07-25,32856,79,,9550,90,130,mL/min/1.73m2,79.0
505672,500718,500046,3004410,,2020-10-30,32856,7.5,,8554,4,5.6,%,7.5
505673,500718,500046,3004501,,2020-10-30,32856,137,,8840,70,99,mg/dL,137.0
505674,500718,500046,3004249,,2020-10-30,32856,130,,8876,90,130,mmHg,130.0
505675,500718,500046,3012888,,2020-10-30,32856,78,,8876,60,85,mmHg,78.0
505676,500718,500046,3025315,,2020-10-30,32856,74.6,,9529,45,90,kg,74.6
505677,500718,500046,3038553,,2020-10-30,32856,31.6,,9531,18.5,25,kg/m2,31.6
505678,500719,500046,3004410,,2021-01-28,32856,7.4,,8554,4,5.6,%,7.4
505679,500719,500046,3004501,,2021-01-28,32856,136,,8840,70,99,mg/dL,136.0
505680,500719,500046,3004249,,2021-01-28,32856,151,,8876,90,130,mmHg,151.0
505681,500719,500046,3012888,,2021-01-28,32856,77,,8876,60,85,mmHg,77.0
505682,500719,500046,3025315,,2021-01-28,32856,75.5,,9529,45,90,kg,75.5
505683,500719,500046,3038553,,2021-01-28,32856,32,,9531,18.5,25,kg/m2,32.0
505684,500720,500046,3004410,,2021-05-05,32856,7.5,,8554,4,5.6,%,7.5
505685,500720,500046,3004501,,2021-05-05,32856,122,,8840,70,99,mg/dL,122.0
505686,500720,500046,3004249,,2021-05-05,32856,114,,8876,90,130,mmHg,114.0
505687,500720,500046,3012888,,2021-05-05,32856,89,,8876,60,85,mmHg,89.0
505688,500720,500046,3025315,,2021-05-05,32856,73.3,,9529,45,90,kg,73.3
505689,500720,500046,3038553,,2021-05-05,32856,31,,9531,18.5,25,kg/m2,31.0
505690,500721,500046,3004410,,2021-07-29,32856,7.4,,8554,4,5.6,%,7.4
505691,500721,500046,3004501,,2021-07-29,32856,144,,8840,70,99,mg/dL,144.0
505692,500721,500046,3004249,,2021-07-29,32856,130,,8876,90,130,mmHg,130.0
505693,500721,500046,3012888,,2021-07-29,32856,69,,8876,60,85,mmHg,69.0
505694,500721,500046,3025315,,2021-07-29,32856,72.9,,9529,45,90,kg,72.9
505695,500721,500046,3038553,,2021-07-29,32856,30.9,,9531,18.5,25,kg/m2,30.9
505696,500721,500046,3022192,,2021-07-29,32856,97.1,,8840,0,150,mg/dL,97.1
505697,500721,500046,3007070,,2021-07-29,32856,48.2,,8840,40,60,mg/dL,48.2
505698,500721,500046,3028437,,2021-07-29,32856,67.6,,8840,0,130,mg/dL,67.6
505699,500721,500046,3013721,,2021-07-29,32856,67,,8645,0,40,U/L,67.0
505700,500721,500046,3006923,,2021-07-29,32856,65.2,,8645,0,40,U/L,65.2
505701,500721,500046,3016723,,2021-07-29,32856,0.54,,8840,0.6,1.2,mg/dL,0.54
505702,500721,500046,3049187,,2021-07-29,32856,108,,9550,90,130,mL/min/1.73m2,108.0
505703,500722,500046,3004410,,2021-10-31,32856,8.2,,8554,4,5.6,%,8.2
505704,500722,500046,3004501,,2021-10-31,32856,146,,8840,70,99,mg/dL,146.0
505705,500722,500046,3004249,,2021-10-31,32856,130,,8876,90,130,mmHg,130.0
505706,500722,500046,3012888,,2021-10-31,32856,65,,8876,60,85,mmHg,65.0
505707,500722,500046,3025315,,2021-10-31,32856,72.4,,9529,45,90,kg,72.4
505708,500722,500046,3038553,,2021-10-31,32856,30.6,,9531,18.5,25,kg/m2,30.6
505709,500723,500046,3004410,,2022-01-26,32856,7.5,,8554,4,5.6,%,7.5
505710,500723,500046,3004501,,2022-01-26,32856,114,,8840,70,99,mg/dL,114.0
505711,500723,500046,3004249,,2022-01-26,32856,118,,8876,90,130,mmHg,118.0
505712,500723,500046,3012888,,2022-01-26,32856,75,,8876,60,85,mmHg,75.0
505713,500723,500046,3025315,,2022-01-26,32856,73.2,,9529,45,90,kg,73.2
505714,500723,500046,3038553,,2022-01-26,32856,31,,9531,18.5,25,kg/m2,31.0
505715,500724,500046,3004410,,2022-04-29,32856,8.2,,8554,4,5.6,%,8.2
505716,500724,500046,3004501,,2022-04-29,32856,157,,8840,70,99,mg/dL,157.0
505717,500724,500046,3004249,,2022-04-29,32856,110,,8876,90,130,mmHg,110.0
505718,500724,500046,3012888,,2022-04-29,32856,74,,8876,60,85,mmHg,74.0
505719,500724,500046,3025315,,2022-04-29,32856,75.9,,9529,45,90,kg,75.9
505720,500724,500046,3038553,,2022-04-29,32856,32.1,,9531,18.5,25,kg/m2,32.1
505721,500725,500046,3004410,,2022-07-31,32856,8.2,,8554,4,5.6,%,8.2
505722,500725,500046,3004501,,2022-07-31,32856,144,,8840,70,99,mg/dL,144.0
505723,500725,500046,3004249,,2022-07-31,32856,120,,8876,90,130,mmHg,120.0
505724,500725,500046,3012888,,2022-07-31,32856,64,,8876,60,85,mmHg,64.0
505725,500725,500046,3025315,,2022-07-31,32856,72.8,,9529,45,90,kg,72.8
505726,500725,500046,3038553,,2022-07-31,32856,30.8,,9531,18.5,25,kg/m2,30.8
505727,500725,500046,3022192,,2022-07-31,32856,194.5,,8840,0,150,mg/dL,194.5
505728,500725,500046,3007070,,2022-07-31,32856,53.8,,8840,40,60,mg/dL,53.8
505729,500725,500046,3028437,,2022-07-31,32856,144.8,,8840,0,130,mg/dL,144.8
505730,500725,500046,3013721,,2022-07-31,32856,8,,8645,0,40,U/L,8.0
505731,500725,500046,3006923,,2022-07-31,32856,76.4,,8645,0,40,U/L,76.4
505732,500725,500046,3016723,,2022-07-31,32856,0.53,,8840,0.6,1.2,mg/dL,0.53
505733,500725,500046,3049187,,2022-07-31,32856,108,,9550,90,130,mL/min/1.73m2,108.0
505734,500726,500046,3004410,,2022-10-26,32856,6.8,,8554,4,5.6,%,6.8
505735,500726,500046,3004501,,2022-10-26,32856,107,,8840,70,99,mg/dL,107.0
505736,500726,500046,3004249,,2022-10-26,32856,119,,8876,90,130,mmHg,119.0
505737,500726,500046,3012888,,2022-10-26,32856,67,,8876,60,85,mmHg,67.0
505738,500726,500046,3025315,,2022-10-26,32856,71.4,,9529,45,90,kg,71.4
505739,500726,500046,3038553,,2022-10-26,32856,30.2,,9531,18.5,25,kg/m2,30.2
505740,500727,500046,3004410,,2023-01-31,32856,6.4,,8554,4,5.6,%,6.4
505741,500727,500046,3004501,,2023-01-31,32856,88,,8840,70,99,mg/dL,88.0
505742,500727,500046,3004249,,2023-01-31,32856,134,,8876,90,130,mmHg,134.0
505743,500727,500046,3012888,,2023-01-31,32856,75,,8876,60,85,mmHg,75.0
505744,500727,500046,3025315,,2023-01-31,32856,70.9,,9529,45,90,kg,70.9
505745,500727,500046,3038553,,2023-01-31,32856,30,,9531,18.5,25,kg/m2,30.0
505746,500728,500046,3004410,,2023-04-28,32856,6.5,,8554,4,5.6,%,6.5
505747,500728,500046,3004501,,2023-04-28,32856,130,,8840,70,99,mg/dL,130.0
505748,500728,500046,3004249,,2023-04-28,32856,109,,8876,90,130,mmHg,109.0
505749,500728,500046,3012888,,2023-04-28,32856,85,,8876,60,85,mmHg,85.0
505750,500728,500046,3025315,,2023-04-28,32856,69.4,,9529,45,90,kg,69.4
505751,500728,500046,3038553,,2023-04-28,32856,29.4,,9531,18.5,25,kg/m2,29.4
505752,500729,500046,3004501,,2023-05-09,32856,41,,8840,70,99,mg/dL,41.0
505753,500730,500046,3004410,,2023-08-04,32856,7.1,,8554,4,5.6,%,7.1
505754,500730,500046,3004501,,2023-08-04,32856,129,,8840,70,99,mg/dL,129.0
505755,500730,500046,3004249,,2023-08-04,32856,142,,8876,90,130,mmHg,142.0
505756,500730,500046,3012888,,2023-08-04,32856,80,,8876,60,85,mmHg,80.0
505757,500730,500046,3025315,,2023-08-04,32856,69.9,,9529,45,90,kg,69.9
505758,500730,500046,3038553,,2023-08-04,32856,29.6,,9531,18.5,25,kg/m2,29.6
505759,500730,500046,3022192,,2023-08-04,32856,193.9,,8840,0,150,mg/dL,193.9
505760,500730,500046,3007070,,2023-08-04,32856,28.3,,8840,40,60,mg/dL,28.3
505761,500730,500046,3028437,,2023-08-04,32856,110.6,,8840,0,130,mg/dL,110.6
505762,500730,500046,3013721,,2023-08-04,32856,21.2,,8645,0,40,U/L,21.2
505763,500730,500046,3006923,,2023-08-04,32856,6.2,,8645,0,40,U/L,6.2
505764,500730,500046,3016723,,2023-08-04,32856,0.92,,8840,0.6,1.2,mg/dL,0.92
505765,500730,500046,3049187,,2023-08-04,32856,72,,9550,90,130,mL/min/1.73m2,72.0
505766,500731,500046,3004410,,2023-10-28,32856,6.5,,8554,4,5.6,%,6.5
505767,500731,500046,3004501,,2023-10-28,32856,137,,8840,70,99,mg/dL,137.0
505768,500731,500046,3004249,,2023-10-28,32856,115,,8876,90,130,mmHg,115.0
505769,500731,500046,3012888,,2023-10-28,32856,69,,8876,60,85,mmHg,69.0
505770,500731,500046,3025315,,2023-10-28,32856,69.1,,9529,45,90,kg,69.1
505771,500731,500046,3038553,,2023-10-28,32856,29.3,,9531,18.5,25,kg/m2,29.3
505772,500732,500046,3004410,,2024-01-24,32856,6.3,,8554,4,5.6,%,6.3
505773,500732,500046,3004501,,2024-01-24,32856,100,,8840,70,99,mg/dL,100.0
505774,500732,500046,3004249,,2024-01-24,32856,115,,8876,90,130,mmHg,115.0
505775,500732,500046,3012888,,2024-01-24,32856,71,,8876,60,85,mmHg,71.0
505776,500732,500046,3025315,,2024-01-24,32856,68.9,,9529,45,90,kg,68.9
505777,500732,500046,3038553,,2024-01-24,32856,29.2,,9531,18.5,25,kg/m2,29.2
505778,500733,500046,3004410,,2024-05-01,32856,6.5,,8554,4,5.6,%,6.5
505779,500733,500046,3004501,,2024-05-01,32856,93,,8840,70,99,mg/dL,93.0
505780,500733,500046,3004249,,2024-05-01,32856,129,,8876,90,130,mmHg,129.0
505781,500733,500046,3012888,,2024-05-01,32856,87,,8876,60,85,mmHg,87.0
505782,500733,500046,3025315,,2024-05-01,32856,68.5,,9529,45,90,kg,68.5
505783,500733,500046,3038553,,2024-05-01,32856,29,,9531,18.5,25,kg/m2,29.0
505784,500734,500046,3004410,,2024-08-06,32856,6.2,,8554,4,5.6,%,6.2
505785,500734,500046,3004501,,2024-08-06,32856,125,,8840,70,99,mg/dL,125.0
505786,500734,500046,3004249,,2024-08-06,32856,156,,8876,90,130,mmHg,156.0
505787,500734,500046,3012888,,2024-08-06,32856,75,,8876,60,85,mmHg,75.0
505788,500734,500046,3025315,,2024-08-06,32856,67.7,,9529,45,90,kg,67.7
505789,500734,500046,3038553,,2024-08-06,32856,28.7,,9531,18.5,25,kg/m2,28.7
505790,500734,500046,3022192,,2024-08-06,32856,164.3,,8840,0,150,mg/dL,164.3
505791,500734,500046,3007070,,2024-08-06,32856,44.9,,8840,40,60,mg/dL,44.9
505792,500734,500046,3028437,,2024-08-06,32856,120.2,,8840,0,130,mg/dL,120.2
505793,500734,500046,3013721,,2024-08-06,32856,52.3,,8645,0,40,U/L,52.3
505794,500734,500046,3006923,,2024-08-06,32856,22.8,,8645,0,40,U/L,22.8
505795,500734,500046,3016723,,2024-08-06,32856,0.68,,8840,0.6,1.2,mg/dL,0.68
505796,500734,500046,3049187,,2024-08-06,32856,100,,9550,90,130,mL/min/1.73m2,100.0
505797,500735,500046,3004501,,2024-09-13,32856,58,,8840,70,99,mg/dL,58.0
505798,500736,500046,3004410,,2024-11-07,32856,6.4,,8554,4,5.6,%,6.4
505799,500736,500046,3004501,,2024-11-07,32856,102,,8840,70,99,mg/dL,102.0
505800,500736,500046,3004249,,2024-11-07,32856,132,,8876,90,130,mmHg,132.0
505801,500736,500046,3012888,,2024-11-07,32856,70,,8876,60,85,mmHg,70.0
505802,500736,500046,3025315,,2024-11-07,32856,68.9,,9529,45,90,kg,68.9
505803,500736,500046,3038553,,2024-11-07,32856,29.2,,9531,18.5,25,kg/m2,29.2
505804,500737,500047,3036277,,2018-04-29,32856,171.1,,8582,150,185,cm,171.1
505805,500737,500047,3004410,,2018-04-29,32856,8.5,,8554,4,5.6,%,8.5
505806,500737,500047,3004501,,2018-04-29,32856,157,,8840,70,99,mg/dL,157.0
505807,500737,500047,3004249,,2018-04-29,32856,141,,8876,90,130,mmHg,141.0
505808,500737,500047,3012888,,2018-04-29,32856,86,,8876,60,85,mmHg,86.0
505809,500737,500047,3025315,,2018-04-29,32856,80.8,,9529,45,90,kg,80.8
505810,500737,500047,3038553,,2018-04-29,32856,27.6,,9531,18.5,25,kg/m2,27.6
505811,500737,500047,3022192,,2018-04-29,32856,161.1,,8840,0,150,mg/dL,161.1
505812,500737,500047,3007070,,2018-04-29,32856,42.3,,8840,40,60,mg/dL,42.3
505813,500737,500047,3028437,,2018-04-29,32856,82.5,,8840,0,130,mg/dL,82.5
505814,500737,500047,3013721,,2018-04-29,32856,44.2,,8645,0,40,U/L,44.2
505815,500737,500047,3006923,,2018-04-29,32856,83,,8645,0,40,U/L,83.0
505816,500737,500047,3016723,,2018-04-29,32856,0.54,,8840,0.6,1.2,mg/dL,0.54
505817,500737,500047,3049187,,2018-04-29,32856,123,,9550,90,130,mL/min/1.73m2,123.0
505818,500738,500047,3004410,,2018-07-27,32856,8.1,,8554,4,5.6,%,8.1
505819,500738,500047,3004501,,2018-07-27,32856,166,,8840,70,99,mg/dL,166.0
505820,500738,500047,3004249,,2018-07-27,32856,136,,8876,90,130,mmHg,136.0
505821,500738,500047,3012888,,2018-07-27,32856,82,,8876,60,85,mmHg,82.0
505822,500738,500047,3025315,,2018-07-27,32856,80.6,,9529,45,90,kg,80.6
505823,500738,500047,3038553,,2018-07-27,32856,27.5,,9531,18.5,25,kg/m2,27.5
505824,500739,500047,3004410,,2018-10-28,32856,8.1,,8554,4,5.6,%,8.1
505825,500739,500047,3004501,,2018-10-28,32856,137,,8840,70,99,mg/dL,137.0
505826,500739,500047,3004249,,2018-10-28,32856,137,,8876,90,130,mmHg,137.0
505827,500739,500047,3012888,,2018-10-28,32856,79,,8876,60,85,mmHg,79.0
505828,500739,500047,3025315,,2018-10-28,32856,79.4,,9529,45,90,kg,79.4
505829,500739,500047,3038553,,2018-10-28,32856,27.1,,9531,18.5,25,kg/m2,27.1
505830,500740,500047,3004410,,2019-01-31,32856,7.8,,8554,4,5.6,%,7.8
505831,500740,500047,3004501,,2019-01-31,32856,131,,8840,70,99,mg/dL,131.0
505832,500740,500047,3004249,,2019-01-31,32856,122,,8876,90,130,mmHg,122.0
505833,500740,500047,3012888,,2019-01-31,32856,87,,8876,60,85,mmHg,87.0
505834,500740,500047,3025315,,2019-01-31,32856,79.9,,9529,45,90,kg,79.9
505835,500740,500047,3038553,,2019-01-31,32856,27.3,,9531,18.5,25,kg/m2,27.3
505836,500741,500047,3004501,,2019-03-03,32856,67,,8840,70,99,mg/dL,67.0
505837,500742,500047,3004410,,2019-05-08,32856,8.1,,8554,4,5.6,%,8.1
505838,500742,500047,3004501,,2019-05-08,32856,168,,8840,70,99,mg/dL,168.0
505839,500742,500047,3004249,,2019-05-08,32856,141,,8876,90,130,mmHg,141.0
505840,500742,500047,3012888,,2019-05-08,32856,78,,8876,60,85,mmHg,78.0
505841,500742,500047,3025315,,2019-05-08,32856,78.3,,9529,45,90,kg,78.3
505842,500742,500047,3038553,,2019-05-08,32856,26.7,,9531,18.5,25,kg/m2,26.7
505843,500742,500047,3022192,,2019-05-08,32856,113.8,,8840,0,150,mg/dL,113.8
505844,500742,500047,3007070,,2019-05-08,32856,42.2,,8840,40,60,mg/dL,42.2
505845,500742,500047,3028437,,2019-05-08,32856,98.6,,8840,0,130,mg/dL,98.6
505846,500742,500047,3013721,,2019-05-08,32856,41.2,,8645,0,40,U/L,41.2
505847,500742,500047,3006923,,2019-05-08,32856,98.3,,8645,0,40,U/L,98.3
505848,500742,500047,3016723,,2019-05-08,32856,1.23,,8840,0.6,1.2,mg/dL,1.23
505849,500742,500047,3049187,,2019-05-08,32856,72,,9550,90,130,mL/min/1.73m2,72.0
505850,500743,500047,3004410,,2019-08-08,32856,7.2,,8554,4,5.6,%,7.2
505851,500743,500047,3004501,,2019-08-08,32856,115,,8840,70,99,mg/dL,115.0
505852,500743,500047,3004249,,2019-08-08,32856,118,,8876,90,130,mmHg,118.0
505853,500743,500047,3012888,,2019-08-08,32856,73,,8876,60,85,mmHg,73.0
505854,500743,500047,3025315,,2019-08-08,32856,78.7,,9529,45,90,kg,78.7
505855,500743,500047,3038553,,2019-08-08,32856,26.9,,9531,18.5,25,kg/m2,26.9
505856,500744,500047,3004501,,2019-09-10,32856,61,,8840,70,99,mg/dL,61.0
505857,500745,500047,3004410,,2019-11-02,32856,7.1,,8554,4,5.6,%,7.1
505858,500745,500047,3004501,,2019-11-02,32856,126,,8840,70,99,mg/dL,126.0
505859,500745,500047,3004249,,2019-11-02,32856,152,,8876,90,130,mmHg,152.0
505860,500745,500047,3012888,,2019-11-02,32856,68,,8876,60,85,mmHg,68.0
505861,500745,500047,3025315,,2019-11-02,32856,77.7,,9529,45,90,kg,77.7
505862,500745,500047,3038553,,2019-11-02,32856,26.5,,9531,18.5,25,kg/m2,26.5
505863,500746,500047,3004410,,2020-01-28,32856,6.4,,8554,4,5.6,%,6.4
505864,500746,500047,3004501,,2020-01-28,32856,120,,8840,70,99,mg/dL,120.0
505865,500746,500047,3004249,,2020-01-28,32856,132,,8876,90,130,mmHg,132.0
505866,500746,500047,3012888,,2020-01-28,32856,91,,8876,60,85,mmHg,91.0
505867,500746,500047,3025315,,2020-01-28,32856,78.1,,9529,45,90,kg,78.1
505868,500746,500047,3038553,,2020-01-28,32856,26.7,,9531,18.5,25,kg/m2,26.7
505869,500747,500047,3004410,,2020-04-30,32856,6,,8554,4,5.6,%,6.0
505870,500747,500047,3004501,,2020-04-30,32856,121,,8840,70,99,mg/dL,121.0
505871,500747,500047,3004249,,2020-04-30,32856,133,,8876,90,130,mmHg,133.0
505872,500747,500047,3012888,,2020-04-30,32856,71,,8876,60,85,mmHg,71.0
505873,500747,500047,3025315,,2020-04-30,32856,78.6,,9529,45,90,kg,78.6
505874,500747,500047,3038553,,2020-04-30,32856,26.8,,9531,18.5,25,kg/m2,26.8
505875,500747,500047,3022192,,2020-04-30,32856,217.8,,8840,0,150,mg/dL,217.8
505876,500747,500047,3007070,,2020-04-30,32856,59.4,,8840,40,60,mg/dL,59.4
505877,500747,500047,3028437,,2020-04-30,32856,82.3,,8840,0,130,mg/dL,82.3
505878,500747,500047,3013721,,2020-04-30,32856,72.8,,8645,0,40,U/L,72.8
505879,500747,500047,3006923,,2020-04-30,32856,53.9,,8645,0,40,U/L,53.9
505880,500747,500047,3016723,,2020-04-30,32856,0.66,,8840,0.6,1.2,mg/dL,0.66
505881,500747,500047,3049187,,2020-04-30,32856,114,,9550,90,130,mL/min/1.73m2,114.0
505882,500748,500047,3004410,,2020-08-01,32856,5.4,,8554,4,5.6,%,5.4
505883,500748,500047,3004501,,2020-08-01,32856,82,,8840,70,99,mg/dL,82.0
505884,500748,500047,3004249,,2020-08-01,32856,139,,8876,90,130,mmHg,139.0
505885,500748,500047,3012888,,2020-08-01,32856,84,,8876,60,85,mmHg,84.0
505886,500748,500047,3025315,,2020-08-01,32856,78.9,,9529,45,90,kg,78.9
505887,500748,500047,3038553,,2020-08-01,32856,27,,9531,18.5,25,kg/m2,27.0
505888,500749,500047,3004410,,2020-10-26,32856,6.1,,8554,4,5.6,%,6.1
505889,500749,500047,3004501,,2020-10-26,32856,107,,8840,70,99,mg/dL,107.0
505890,500749,500047,3004249,,2020-10-26,32856,136,,8876,90,130,mmHg,136.0
505891,500749,500047,3012888,,2020-10-26,32856,98,,8876,60,85,mmHg,98.0
505892,500749,500047,3025315,,2020-10-26,32856,78.6,,9529,45,90,kg,78.6
505893,500749,500047,3038553,,2020-10-26,32856,26.8,,9531,18.5,25,kg/m2,26.8
505894,500750,500047,3004410,,2021-01-28,32856,6.4,,8554,4,5.6,%,6.4
505895,500750,500047,3004501,,2021-01-28,32856,121,,8840,70,99,mg/dL,121.0
505896,500750,500047,3004249,,2021-01-28,32856,154,,8876,90,130,mmHg,154.0
505897,500750,500047,3012888,,2021-01-28,32856,82,,8876,60,85,mmHg,82.0
505898,500750,500047,3025315,,2021-01-28,32856,78.2,,9529,45,90,kg,78.2
505899,500750,500047,3038553,,2021-01-28,32856,26.7,,9531,18.5,25,kg/m2,26.7
505900,500751,500047,3004410,,2021-05-06,32856,6.3,,8554,4,5.6,%,6.3
505901,500751,500047,3004501,,2021-05-06,32856,115,,8840,70,99,mg/dL,115.0
505902,500751,500047,3004249,,2021-05-06,32856,144,,8876,90,130,mmHg,144.0
505903,500751,500047,3012888,,2021-05-06,32856,92,,8876,60,85,mmHg,92.0
505904,500751,500047,3025315,,2021-05-06,32856,78.7,,9529,45,90,kg,78.7
505905,500751,500047,3038553,,2021-05-06,32856,26.9,,9531,18.5,25,kg/m2,26.9
505906,500751,500047,3022192,,2021-05-06,32856,212.3,,8840,0,150,mg/dL,212.3
505907,500751,500047,3007070,,2021-05-06,32856,34.7,,8840,40,60,mg/dL,34.7
505908,500751,500047,3028437,,2021-05-06,32856,87.1,,8840,0,130,mg/dL,87.1
505909,500751,500047,3013721,,2021-05-06,32856,50.4,,8645,0,40,U/L,50.4
505910,500751,500047,3006923,,2021-05-06,32856,24.9,,8645,0,40,U/L,24.9
505911,500751,500047,3016723,,2021-05-06,32856,1.35,,8840,0.6,1.2,mg/dL,1.35
505912,500751,500047,3049187,,2021-05-06,32856,64,,9550,90,130,mL/min/1.73m2,64.0
505913,500752,500047,3004410,,2021-08-06,32856,6.2,,8554,4,5.6,%,6.2
505914,500752,500047,3004501,,2021-08-06,32856,88,,8840,70,99,mg/dL,88.0
505915,500752,500047,3004249,,2021-08-06,32856,148,,8876,90,130,mmHg,148.0
505916,500752,500047,3012888,,2021-08-06,32856,83,,8876,60,85,mmHg,83.0
505917,500752,500047,3025315,,2021-08-06,32856,77.7,,9529,45,90,kg,77.7
505918,500752,500047,3038553,,2021-08-06,32856,26.5,,9531,18.5,25,kg/m2,26.5
505919,500753,500047,3004410,,2021-11-11,32856,6.4,,8554,4,5.6,%,6.4
505920,500753,500047,3004501,,2021-11-11,32856,98,,8840,70,99,mg/dL,98.0
505921,500753,500047,3004249,,2021-11-11,32856,142,,8876,90,130,mmHg,142.0
505922,500753,500047,3012888,,2021-11-11,32856,92,,8876,60,85,mmHg,92.0
505923,500753,500047,3025315,,2021-11-11,32856,77.5,,9529,45,90,kg,77.5
505924,500753,500047,3038553,,2021-11-11,32856,26.5,,9531,18.5,25,kg/m2,26.5
505925,500754,500047,3004410,,2022-02-10,32856,6.1,,8554,4,5.6,%,6.1
505926,500754,500047,3004501,,2022-02-10,32856,104,,8840,70,99,mg/dL,104.0
505927,500754,500047,3004249,,2022-02-10,32856,144,,8876,90,130,mmHg,144.0
505928,500754,500047,3012888,,2022-02-10,32856,95,,8876,60,85,mmHg,95.0
505929,500754,500047,3025315,,2022-02-10,32856,76.6,,9529,45,90,kg,76.6
505930,500754,500047,3038553,,2022-02-10,32856,26.2,,9531,18.5,25,kg/m2,26.2
505931,500755,500047,3004410,,2022-05-11,32856,6.1,,8554,4,5.6,%,6.1
505932,500755,500047,3004501,,2022-05-11,32856,101,,8840,70,99,mg/dL,101.0
505933,500755,500047,3004249,,2022-05-11,32856,128,,8876,90,130,mmHg,128.0
505934,500755,500047,3012888,,2022-05-11,32856,76,,8876,60,85,mmHg,76.0
505935,500755,500047,3025315,,2022-05-11,32856,76.3,,9529,45,90,kg,76.3
505936,500755,500047,3038553,,2022-05-11,32856,26.1,,9531,18.5,25,kg/m2,26.1
505937,500755,500047,3022192,,2022-05-11,32856,165.1,,8840,0,150,mg/dL,165.1
505938,500755,500047,3007070,,2022-05-11,32856,66,,8840,40,60,mg/dL,66.0
505939,500755,500047,3028437,,2022-05-11,32856,56.2,,8840,0,130,mg/dL,56.2
505940,500755,500047,3013721,,2022-05-11,32856,26.8,,8645,0,40,U/L,26.8
505941,500755,500047,3006923,,2022-05-11,32856,107.6,,8645,0,40,U/L,107.6
505942,500755,500047,3016723,,2022-05-11,32856,0.76,,8840,0.6,1.2,mg/dL,0.76
505943,500755,500047,3049187,,2022-05-11,32856,108,,9550,90,130,mL/min/1.73m2,108.0
505944,500756,500047,3004410,,2022-08-14,32856,5.8,,8554,4,5.6,%,5.8
505945,500756,500047,3004501,,2022-08-14,32856,112,,8840,70,99,mg/dL,112.0
505946,500756,500047,3004249,,2022-08-14,32856,134,,8876,90,130,mmHg,134.0
505947,500756,500047,3012888,,2022-08-14,32856,82,,8876,60,85,mmHg,82.0
505948,500756,500047,3025315,,2022-08-14,32856,75.5,,9529,45,90,kg,75.5
505949,500756,500047,3038553,,2022-08-14,32856,25.8,,9531,18.5,25,kg/m2,25.8
505950,500757,500047,3004410,,2022-11-20,32856,6,,8554,4,5.6,%,6.0
505951,500757,500047,3004501,,2022-11-20,32856,123,,8840,70,99,mg/dL,123.0
505952,500757,500047,3004249,,2022-11-20,32856,127,,8876,90,130,mmHg,127.0
505953,500757,500047,3012888,,2022-11-20,32856,64,,8876,60,85,mmHg,64.0
505954,500757,500047,3025315,,2022-11-20,32856,75.9,,9529,45,90,kg,75.9
505955,500757,500047,3038553,,2022-11-20,32856,25.9,,9531,18.5,25,kg/m2,25.9
505956,500758,500047,3004410,,2023-02-25,32856,6.7,,8554,4,5.6,%,6.7
505957,500758,500047,3004501,,2023-02-25,32856,146,,8840,70,99,mg/dL,146.0
505958,500758,500047,3004249,,2023-02-25,32856,154,,8876,90,130,mmHg,154.0
505959,500758,500047,3012888,,2023-02-25,32856,86,,8876,60,85,mmHg,86.0
505960,500758,500047,3025315,,2023-02-25,32856,77.1,,9529,45,90,kg,77.1
505961,500758,500047,3038553,,2023-02-25,32856,26.3,,9531,18.5,25,kg/m2,26.3
505962,500759,500047,3004410,,2023-05-24,32856,6.8,,8554,4,5.6,%,6.8
505963,500759,500047,3004501,,2023-05-24,32856,109,,8840,70,99,mg/dL,109.0
505964,500759,500047,3004249,,2023-05-24,32856,140,,8876,90,130,mmHg,140.0
505965,500759,500047,3012888,,2023-05-24,32856,89,,8876,60,85,mmHg,89.0
505966,500759,500047,3025315,,2023-05-24,32856,79.4,,9529,45,90,kg,79.4
505967,500759,500047,3038553,,2023-05-24,32856,27.1,,9531,18.5,25,kg/m2,27.1
505968,500759,500047,3022192,,2023-05-24,32856,168.4,,8840,0,150,mg/dL,168.4
505969,500759,500047,3007070,,2023-05-24,32856,60.5,,8840,40,60,mg/dL,60.5
505970,500759,500047,3028437,,2023-05-24,32856,64,,8840,0,130,mg/dL,64.0
505971,500759,500047,3013721,,2023-05-24,32856,24.1,,8645,0,40,U/L,24.1
505972,500759,500047,3006923,,2023-05-24,32856,59.9,,8645,0,40,U/L,59.9
505973,500759,500047,3016723,,2023-05-24,32856,0.88,,8840,0.6,1.2,mg/dL,0.88
505974,500759,500047,3049187,,2023-05-24,32856,103,,9550,90,130,mL/min/1.73m2,103.0
505975,500760,500048,3036277,,2021-05-05,32856,158.8,,8582,150,185,cm,158.8
505976,500760,500048,3004410,,2021-05-05,32856,6.5,,8554,4,5.6,%,6.5
505977,500760,500048,3004501,,2021-05-05,32856,126,,8840,70,99,mg/dL,126
505978,500760,500048,3004249,,2021-05-05,32856,137,,8876,90,130,mmHg,137.0
505979,500760,500048,3012888,,2021-05-05,32856,72,,8876,60,85,mmHg,72.0
505980,500760,500048,3025315,,2021-05-05,32856,76.7,,9529,45,90,kg,76.7
505981,500760,500048,3038553,,2021-05-05,32856,30.4,,9531,18.5,25,kg/m2,30.4
505982,500760,500048,3022192,,2021-05-05,32856,290.2,,8840,0,150,mg/dL,290.2
505983,500760,500048,3007070,,2021-05-05,32856,73.2,,8840,40,60,mg/dL,73.2
505984,500760,500048,3028437,,2021-05-05,32856,159.5,,8840,0,130,mg/dL,159.5
505985,500760,500048,3013721,,2021-05-05,32856,14.8,,8645,0,40,U/L,14.8
505986,500760,500048,3006923,,2021-05-05,32856,30.4,,8645,0,40,U/L,30.4
505987,500760,500048,3016723,,2021-05-05,32856,0.95,,8840,0.6,1.2,mg/dL,0.95
505988,500760,500048,3049187,,2021-05-05,32856,61,,9550,90,130,mL/min/1.73m2,61.0
505989,500761,500048,3004410,,2021-08-09,32856,5.6,,8554,4,5.6,%,5.6
505990,500761,500048,3004501,,2021-08-09,32856,92,,8840,70,99,mg/dL,92.0
505991,500761,500048,3004249,,2021-08-09,32856,128,,8876,90,130,mmHg,128.0
505992,500761,500048,3012888,,2021-08-09,32856,81,,8876,60,85,mmHg,81.0
505993,500761,500048,3025315,,2021-08-09,32856,78.2,,9529,45,90,kg,78.2
505994,500761,500048,3038553,,2021-08-09,32856,31,,9531,18.5,25,kg/m2,31.0
505995,500762,500048,3004410,,2021-11-14,32856,5.8,,8554,4,5.6,%,5.8
505996,500762,500048,3004501,,2021-11-14,32856,126,,8840,70,99,mg/dL,126.0
505997,500762,500048,3004249,,2021-11-14,32856,132,,8876,90,130,mmHg,132.0
505998,500762,500048,3012888,,2021-11-14,32856,86,,8876,60,85,mmHg,86.0
505999,500762,500048,3025315,,2021-11-14,32856,78.6,,9529,45,90,kg,78.6
506000,500762,500048,3038553,,2021-11-14,32856,31.2,,9531,18.5,25,kg/m2,31.2
506001,500763,500048,3004410,,2022-02-14,32856,6,,8554,4,5.6,%,6.0
506002,500763,500048,3004501,,2022-02-14,32856,107,,8840,70,99,mg/dL,107.0
506003,500763,500048,3004249,,2022-02-14,32856,118,,8876,90,130,mmHg,118.0
506004,500763,500048,3012888,,2022-02-14,32856,80,,8876,60,85,mmHg,80.0
506005,500763,500048,3025315,,2022-02-14,32856,80.4,,9529,45,90,kg,80.4
506006,500763,500048,3038553,,2022-02-14,32856,31.9,,9531,18.5,25,kg/m2,31.9
506007,500764,500048,3004410,,2022-05-11,32856,6,,8554,4,5.6,%,6.0
506008,500764,500048,3004501,,2022-05-11,32856,103,,8840,70,99,mg/dL,103.0
506009,500764,500048,3004249,,2022-05-11,32856,112,,8876,90,130,mmHg,112.0
506010,500764,500048,3012888,,2022-05-11,32856,63,,8876,60,85,mmHg,63.0
506011,500764,500048,3025315,,2022-05-11,32856,81.4,,9529,45,90,kg,81.4
506012,500764,500048,3038553,,2022-05-11,32856,32.3,,9531,18.5,25,kg/m2,32.3
506013,500764,500048,3022192,,2022-05-11,32856,300.6,,8840,0,150,mg/dL,300.6
506014,500764,500048,3007070,,2022-05-11,32856,45.9,,8840,40,60,mg/dL,45.9
506015,500764,500048,3028437,,2022-05-11,32856,89,,8840,0,130,mg/dL,89.0
506016,500764,500048,3013721,,2022-05-11,32856,8,,8645,0,40,U/L,8.0
506017,500764,500048,3006923,,2022-05-11,32856,16.7,,8645,0,40,U/L,16.7
506018,500764,500048,3016723,,2022-05-11,32856,0.95,,8840,0.6,1.2,mg/dL,0.95
506019,500764,500048,3049187,,2022-05-11,32856,61,,9550,90,130,mL/min/1.73m2,61.0
506020,500765,500048,3004410,,2022-08-04,32856,5.5,,8554,4,5.6,%,5.5
506021,500765,500048,3004501,,2022-08-04,32856,70,,8840,70,99,mg/dL,70
506022,500765,500048,3004249,,2022-08-04,32856,102,,8876,90,130,mmHg,102.0
506023,500765,500048,3012888,,2022-08-04,32856,72,,8876,60,85,mmHg,72.0
506024,500765,500048,3025315,,2022-08-04,32856,81.6,,9529,45,90,kg,81.6
506025,500765,500048,3038553,,2022-08-04,32856,32.4,,9531,18.5,25,kg/m2,32.4
506026,500766,500048,3004410,,2022-10-27,32856,5.4,,8554,4,5.6,%,5.4
506027,500766,500048,3004501,,2022-10-27,32856,103,,8840,70,99,mg/dL,103.0
506028,500766,500048,3004249,,2022-10-27,32856,135,,8876,90,130,mmHg,135.0
506029,500766,500048,3012888,,2022-10-27,32856,68,,8876,60,85,mmHg,68.0
506030,500766,500048,3025315,,2022-10-27,32856,81.6,,9529,45,90,kg,81.6
506031,500766,500048,3038553,,2022-10-27,32856,32.4,,9531,18.5,25,kg/m2,32.4
506032,500767,500048,3004410,,2023-01-31,32856,5.6,,8554,4,5.6,%,5.6
506033,500767,500048,3004501,,2023-01-31,32856,91,,8840,70,99,mg/dL,91.0
506034,500767,500048,3004249,,2023-01-31,32856,126,,8876,90,130,mmHg,126.0
506035,500767,500048,3012888,,2023-01-31,32856,79,,8876,60,85,mmHg,79.0
506036,500767,500048,3025315,,2023-01-31,32856,82.7,,9529,45,90,kg,82.7
506037,500767,500048,3038553,,2023-01-31,32856,32.8,,9531,18.5,25,kg/m2,32.8
506038,500768,500048,3004410,,2023-05-03,32856,5.4,,8554,4,5.6,%,5.4
506039,500768,500048,3004501,,2023-05-03,32856,74,,8840,70,99,mg/dL,74.0
506040,500768,500048,3004249,,2023-05-03,32856,149,,8876,90,130,mmHg,149.0
506041,500768,500048,3012888,,2023-05-03,32856,83,,8876,60,85,mmHg,83.0
506042,500768,500048,3025315,,2023-05-03,32856,81.1,,9529,45,90,kg,81.1
506043,500768,500048,3038553,,2023-05-03,32856,32.2,,9531,18.5,25,kg/m2,32.2
506044,500768,500048,3022192,,2023-05-03,32856,101.2,,8840,0,150,mg/dL,101.2
506045,500768,500048,3007070,,2023-05-03,32856,36,,8840,40,60,mg/dL,36.0
506046,500768,500048,3028437,,2023-05-03,32856,145.5,,8840,0,130,mg/dL,145.5
506047,500768,500048,3013721,,2023-05-03,32856,40,,8645,0,40,U/L,40.0
506048,500768,500048,3006923,,2023-05-03,32856,30.9,,8645,0,40,U/L,30.9
506049,500768,500048,3016723,,2023-05-03,32856,0.91,,8840,0.6,1.2,mg/dL,0.91
506050,500768,500048,3049187,,2023-05-03,32856,64,,9550,90,130,mL/min/1.73m2,64.0
506051,500769,500048,3004410,,2023-07-28,32856,5.8,,8554,4,5.6,%,5.8
506052,500769,500048,3004501,,2023-07-28,32856,99,,8840,70,99,mg/dL,99.0
506053,500769,500048,3004249,,2023-07-28,32856,130,,8876,90,130,mmHg,130.0
506054,500769,500048,3012888,,2023-07-28,32856,88,,8876,60,85,mmHg,88.0
506055,500769,500048,3025315,,2023-07-28,32856,80.4,,9529,45,90,kg,80.4
506056,500769,500048,3038553,,2023-07-28,32856,31.9,,9531,18.5,25,kg/m2,31.9
506057,500770,500048,3004410,,2023-10-27,32856,5.1,,8554,4,5.6,%,5.1
506058,500770,500048,3004501,,2023-10-27,32856,70,,8840,70,99,mg/dL,70
506059,500770,500048,3004249,,2023-10-27,32856,116,,8876,90,130,mmHg,116.0
506060,500770,500048,3012888,,2023-10-27,32856,84,,8876,60,85,mmHg,84.0
506061,500770,500048,3025315,,2023-10-27,32856,81.3,,9529,45,90,kg,81.3
506062,500770,500048,3038553,,2023-10-27,32856,32.2,,9531,18.5,25,kg/m2,32.2
506063,500771,500048,3004410,,2024-01-26,32856,5.2,,8554,4,5.6,%,5.2
506064,500771,500048,3004501,,2024-01-26,32856,77,,8840,70,99,mg/dL,77.0
506065,500771,500048,3004249,,2024-01-26,32856,127,,8876,90,130,mmHg,127.0
506066,500771,500048,3012888,,2024-01-26,32856,74,,8876,60,85,mmHg,74.0
506067,500771,500048,3025315,,2024-01-26,32856,80.7,,9529,45,90,kg,80.7
506068,500771,500048,3038553,,2024-01-26,32856,32,,9531,18.5,25,kg/m2,32.0
506069,500772,500048,3004410,,2024-05-02,32856,5.6,,8554,4,5.6,%,5.6
506070,500772,500048,3004501,,2024-05-02,32856,94,,8840,70,99,mg/dL,94.0
506071,500772,500048,3004249,,2024-05-02,32856,129,,8876,90,130,mmHg,129.0
506072,500772,500048,3012888,,2024-05-02,32856,71,,8876,60,85,mmHg,71.0
506073,500772,500048,3025315,,2024-05-02,32856,81.3,,9529,45,90,kg,81.3
506074,500772,500048,3038553,,2024-05-02,32856,32.2,,9531,18.5,25,kg/m2,32.2
506075,500772,500048,3022192,,2024-05-02,32856,133.7,,8840,0,150,mg/dL,133.7
506076,500772,500048,3007070,,2024-05-02,32856,54.3,,8840,40,60,mg/dL,54.3
506077,500772,500048,3028437,,2024-05-02,32856,110,,8840,0,130,mg/dL,110.0
506078,500772,500048,3013721,,2024-05-02,32856,17.1,,8645,0,40,U/L,17.1
506079,500772,500048,3006923,,2024-05-02,32856,6,,8645,0,40,U/L,6.0
506080,500772,500048,3016723,,2024-05-02,32856,1.01,,8840,0.6,1.2,mg/dL,1.01
506081,500772,500048,3049187,,2024-05-02,32856,56,,9550,90,130,mL/min/1.73m2,56.0
506082,500773,500048,3004410,,2024-08-08,32856,5.4,,8554,4,5.6,%,5.4
506083,500773,500048,3004501,,2024-08-08,32856,106,,8840,70,99,mg/dL,106.0
506084,500773,500048,3004249,,2024-08-08,32856,133,,8876,90,130,mmHg,133.0
506085,500773,500048,3012888,,2024-08-08,32856,73,,8876,60,85,mmHg,73.0
506086,500773,500048,3025315,,2024-08-08,32856,82.3,,9529,45,90,kg,82.3
506087,500773,500048,3038553,,2024-08-08,32856,32.6,,9531,18.5,25,kg/m2,32.6
506088,500774,500048,3004410,,2024-11-03,32856,5.6,,8554,4,5.6,%,5.6
506089,500774,500048,3004501,,2024-11-03,32856,73,,8840,70,99,mg/dL,73.0
506090,500774,500048,3004249,,2024-11-03,32856,127,,8876,90,130,mmHg,127.0
506091,500774,500048,3012888,,2024-11-03,32856,70,,8876,60,85,mmHg,70.0
506092,500774,500048,3025315,,2024-11-03,32856,82.6,,9529,45,90,kg,82.6
506093,500774,500048,3038553,,2024-11-03,32856,32.8,,9531,18.5,25,kg/m2,32.8
506094,500775,500048,3004410,,2025-02-09,32856,5.9,,8554,4,5.6,%,5.9
506095,500775,500048,3004501,,2025-02-09,32856,108,,8840,70,99,mg/dL,108.0
506096,500775,500048,3004249,,2025-02-09,32856,129,,8876,90,130,mmHg,129.0
506097,500775,500048,3012888,,2025-02-09,32856,83,,8876,60,85,mmHg,83.0
506098,500775,500048,3025315,,2025-02-09,32856,81.8,,9529,45,90,kg,81.8
506099,500775,500048,3038553,,2025-02-09,32856,32.4,,9531,18.5,25,kg/m2,32.4
506100,500776,500048,3004410,,2025-05-12,32856,6.2,,8554,4,5.6,%,6.2
506101,500776,500048,3004501,,2025-05-12,32856,124,,8840,70,99,mg/dL,124.0
506102,500776,500048,3004249,,2025-05-12,32856,115,,8876,90,130,mmHg,115.0
506103,500776,500048,3012888,,2025-05-12,32856,78,,8876,60,85,mmHg,78.0
506104,500776,500048,3025315,,2025-05-12,32856,80.4,,9529,45,90,kg,80.4
506105,500776,500048,3038553,,2025-05-12,32856,31.9,,9531,18.5,25,kg/m2,31.9
506106,500776,500048,3022192,,2025-05-12,32856,225.6,,8840,0,150,mg/dL,225.6
506107,500776,500048,3007070,,2025-05-12,32856,51.4,,8840,40,60,mg/dL,51.4
506108,500776,500048,3028437,,2025-05-12,32856,130.3,,8840,0,130,mg/dL,130.3
506109,500776,500048,3013721,,2025-05-12,32856,8,,8645,0,40,U/L,8.0
506110,500776,500048,3006923,,2025-05-12,32856,17.9,,8645,0,40,U/L,17.9
506111,500776,500048,3016723,,2025-05-12,32856,1.08,,8840,0.6,1.2,mg/dL,1.08
506112,500776,500048,3049187,,2025-05-12,32856,51,,9550,90,130,mL/min/1.73m2,51.0
506113,500777,500048,3004410,,2025-08-13,32856,6.6,,8554,4,5.6,%,6.6
506114,500777,500048,3004501,,2025-08-13,32856,97,,8840,70,99,mg/dL,97.0
506115,500777,500048,3004249,,2025-08-13,32856,130,,8876,90,130,mmHg,130.0
506116,500777,500048,3012888,,2025-08-13,32856,68,,8876,60,85,mmHg,68.0
506117,500777,500048,3025315,,2025-08-13,32856,80.7,,9529,45,90,kg,80.7
506118,500777,500048,3038553,,2025-08-13,32856,32,,9531,18.5,25,kg/m2,32.0
506119,500778,500048,3004410,,2025-11-15,32856,6.4,,8554,4,5.6,%,6.4
506120,500778,500048,3004501,,2025-11-15,32856,90,,8840,70,99,mg/dL,90.0
506121,500778,500048,3004249,,2025-11-15,32856,150,,8876,90,130,mmHg,150.0
506122,500778,500048,3012888,,2025-11-15,32856,84,,8876,60,85,mmHg,84.0
506123,500778,500048,3025315,,2025-11-15,32856,81.3,,9529,45,90,kg,81.3
506124,500778,500048,3038553,,2025-11-15,32856,32.2,,9531,18.5,25,kg/m2,32.2
506125,500779,500049,3036277,,2018-07-03,32856,177.1,,8582,150,185,cm,177.1
506126,500779,500049,3004410,,2018-07-03,32856,6.5,,8554,4,5.6,%,6.5
506127,500779,500049,3004501,,2018-07-03,32856,133,,8840,70,99,mg/dL,133.0
506128,500779,500049,3004249,,2018-07-03,32856,109,,8876,90,130,mmHg,109.0
506129,500779,500049,3012888,,2018-07-03,32856,80,,8876,60,85,mmHg,80.0
506130,500779,500049,3025315,,2018-07-03,32856,77.5,,9529,45,90,kg,77.5
506131,500779,500049,3038553,,2018-07-03,32856,24.7,,9531,18.5,25,kg/m2,24.7
506132,500779,500049,3022192,,2018-07-03,32856,267.4,,8840,0,150,mg/dL,267.4
506133,500779,500049,3007070,,2018-07-03,32856,51.1,,8840,40,60,mg/dL,51.1
506134,500779,500049,3028437,,2018-07-03,32856,87.2,,8840,0,130,mg/dL,87.2
506135,500779,500049,3013721,,2018-07-03,32856,24.6,,8645,0,40,U/L,24.6
506136,500779,500049,3006923,,2018-07-03,32856,24.8,,8645,0,40,U/L,24.8
506137,500779,500049,3016723,,2018-07-03,32856,0.91,,8840,0.6,1.2,mg/dL,0.91
506138,500779,500049,3049187,,2018-07-03,32856,87,,9550,90,130,mL/min/1.73m2,87.0
506139,500780,500049,3004410,,2018-10-01,32856,6.4,,8554,4,5.6,%,6.4
506140,500780,500049,3004501,,2018-10-01,32856,121,,8840,70,99,mg/dL,121.0
506141,500780,500049,3004249,,2018-10-01,32856,118,,8876,90,130,mmHg,118.0
506142,500780,500049,3012888,,2018-10-01,32856,71,,8876,60,85,mmHg,71.0
506143,500780,500049,3025315,,2018-10-01,32856,77.8,,9529,45,90,kg,77.8
506144,500780,500049,3038553,,2018-10-01,32856,24.8,,9531,18.5,25,kg/m2,24.8
506145,500781,500049,3004410,,2018-12-29,32856,5.6,,8554,4,5.6,%,5.6
506146,500781,500049,3004501,,2018-12-29,32856,84,,8840,70,99,mg/dL,84.0
506147,500781,500049,3004249,,2018-12-29,32856,143,,8876,90,130,mmHg,143.0
506148,500781,500049,3012888,,2018-12-29,32856,71,,8876,60,85,mmHg,71.0
506149,500781,500049,3025315,,2018-12-29,32856,75.6,,9529,45,90,kg,75.6
506150,500781,500049,3038553,,2018-12-29,32856,24.1,,9531,18.5,25,kg/m2,24.1
506151,500782,500049,3004410,,2019-03-30,32856,5.4,,8554,4,5.6,%,5.4
506152,500782,500049,3004501,,2019-03-30,32856,109,,8840,70,99,mg/dL,109.0
506153,500782,500049,3004249,,2019-03-30,32856,117,,8876,90,130,mmHg,117.0
506154,500782,500049,3012888,,2019-03-30,32856,68,,8876,60,85,mmHg,68.0
506155,500782,500049,3025315,,2019-03-30,32856,76.4,,9529,45,90,kg,76.4
506156,500782,500049,3038553,,2019-03-30,32856,24.4,,9531,18.5,25,kg/m2,24.4
506157,500783,500049,3004410,,2019-06-29,32856,5.7,,8554,4,5.6,%,5.7
506158,500783,500049,3004501,,2019-06-29,32856,118,,8840,70,99,mg/dL,118.0
506159,500783,500049,3004249,,2019-06-29,32856,139,,8876,90,130,mmHg,139.0
506160,500783,500049,3012888,,2019-06-29,32856,72,,8876,60,85,mmHg,72.0
506161,500783,500049,3025315,,2019-06-29,32856,75.9,,9529,45,90,kg,75.9
506162,500783,500049,3038553,,2019-06-29,32856,24.2,,9531,18.5,25,kg/m2,24.2
506163,500783,500049,3022192,,2019-06-29,32856,105.3,,8840,0,150,mg/dL,105.3
506164,500783,500049,3007070,,2019-06-29,32856,50.2,,8840,40,60,mg/dL,50.2
506165,500783,500049,3028437,,2019-06-29,32856,189.9,,8840,0,130,mg/dL,189.9
506166,500783,500049,3013721,,2019-06-29,32856,41,,8645,0,40,U/L,41.0
506167,500783,500049,3006923,,2019-06-29,32856,53.5,,8645,0,40,U/L,53.5
506168,500783,500049,3016723,,2019-06-29,32856,0.85,,8840,0.6,1.2,mg/dL,0.85
506169,500783,500049,3049187,,2019-06-29,32856,89,,9550,90,130,mL/min/1.73m2,89.0
506170,500784,500049,3004410,,2019-10-04,32856,5.6,,8554,4,5.6,%,5.6
506171,500784,500049,3004501,,2019-10-04,32856,99,,8840,70,99,mg/dL,99.0
506172,500784,500049,3004249,,2019-10-04,32856,121,,8876,90,130,mmHg,121.0
506173,500784,500049,3012888,,2019-10-04,32856,83,,8876,60,85,mmHg,83.0
506174,500784,500049,3025315,,2019-10-04,32856,75.5,,9529,45,90,kg,75.5
506175,500784,500049,3038553,,2019-10-04,32856,24.1,,9531,18.5,25,kg/m2,24.1
506176,500785,500049,3004410,,2019-12-31,32856,5,,8554,4,5.6,%,5.0
506177,500785,500049,3004501,,2019-12-31,32856,70,,8840,70,99,mg/dL,70
506178,500785,500049,3004249,,2019-12-31,32856,109,,8876,90,130,mmHg,109.0
506179,500785,500049,3012888,,2019-12-31,32856,84,,8876,60,85,mmHg,84.0
506180,500785,500049,3025315,,2019-12-31,32856,76.7,,9529,45,90,kg,76.7
506181,500785,500049,3038553,,2019-12-31,32856,24.5,,9531,18.5,25,kg/m2,24.5
506182,500786,500049,3004410,,2020-03-25,32856,5,,8554,4,5.6,%,5.0
506183,500786,500049,3004501,,2020-03-25,32856,97,,8840,70,99,mg/dL,97.0
506184,500786,500049,3004249,,2020-03-25,32856,118,,8876,90,130,mmHg,118.0
506185,500786,500049,3012888,,2020-03-25,32856,75,,8876,60,85,mmHg,75.0
506186,500786,500049,3025315,,2020-03-25,32856,76.7,,9529,45,90,kg,76.7
506187,500786,500049,3038553,,2020-03-25,32856,24.5,,9531,18.5,25,kg/m2,24.5
506188,500787,500049,3004410,,2020-06-19,32856,5,,8554,4,5.6,%,5.0
506189,500787,500049,3004501,,2020-06-19,32856,77,,8840,70,99,mg/dL,77.0
506190,500787,500049,3004249,,2020-06-19,32856,123,,8876,90,130,mmHg,123.0
506191,500787,500049,3012888,,2020-06-19,32856,77,,8876,60,85,mmHg,77.0
506192,500787,500049,3025315,,2020-06-19,32856,75.9,,9529,45,90,kg,75.9
506193,500787,500049,3038553,,2020-06-19,32856,24.2,,9531,18.5,25,kg/m2,24.2
506194,500787,500049,3022192,,2020-06-19,32856,196.1,,8840,0,150,mg/dL,196.1
506195,500787,500049,3007070,,2020-06-19,32856,46.8,,8840,40,60,mg/dL,46.8
506196,500787,500049,3028437,,2020-06-19,32856,130.7,,8840,0,130,mg/dL,130.7
506197,500787,500049,3013721,,2020-06-19,32856,51.6,,8645,0,40,U/L,51.6
506198,500787,500049,3006923,,2020-06-19,32856,89.4,,8645,0,40,U/L,89.4
506199,500787,500049,3016723,,2020-06-19,32856,0.77,,8840,0.6,1.2,mg/dL,0.77
506200,500787,500049,3049187,,2020-06-19,32856,91,,9550,90,130,mL/min/1.73m2,91.0
506201,500788,500049,3004410,,2020-09-25,32856,6,,8554,4,5.6,%,6.0
506202,500788,500049,3004501,,2020-09-25,32856,101,,8840,70,99,mg/dL,101.0
506203,500788,500049,3004249,,2020-09-25,32856,120,,8876,90,130,mmHg,120.0
506204,500788,500049,3012888,,2020-09-25,32856,76,,8876,60,85,mmHg,76.0
506205,500788,500049,3025315,,2020-09-25,32856,75.7,,9529,45,90,kg,75.7
506206,500788,500049,3038553,,2020-09-25,32856,24.1,,9531,18.5,25,kg/m2,24.1
506207,500789,500049,3004410,,2020-12-27,32856,5.8,,8554,4,5.6,%,5.8
506208,500789,500049,3004501,,2020-12-27,32856,138,,8840,70,99,mg/dL,138.0
506209,500789,500049,3004249,,2020-12-27,32856,116,,8876,90,130,mmHg,116.0
506210,500789,500049,3012888,,2020-12-27,32856,66,,8876,60,85,mmHg,66.0
506211,500789,500049,3025315,,2020-12-27,32856,75.9,,9529,45,90,kg,75.9
506212,500789,500049,3038553,,2020-12-27,32856,24.2,,9531,18.5,25,kg/m2,24.2
506213,500790,500049,3004410,,2021-04-01,32856,5.4,,8554,4,5.6,%,5.4
506214,500790,500049,3004501,,2021-04-01,32856,122,,8840,70,99,mg/dL,122.0
506215,500790,500049,3004249,,2021-04-01,32856,128,,8876,90,130,mmHg,128.0
506216,500790,500049,3012888,,2021-04-01,32856,73,,8876,60,85,mmHg,73.0
506217,500790,500049,3025315,,2021-04-01,32856,77.7,,9529,45,90,kg,77.7
506218,500790,500049,3038553,,2021-04-01,32856,24.8,,9531,18.5,25,kg/m2,24.8
506219,500791,500049,3004410,,2021-06-26,32856,5.8,,8554,4,5.6,%,5.8
506220,500791,500049,3004501,,2021-06-26,32856,140,,8840,70,99,mg/dL,140.0
506221,500791,500049,3004249,,2021-06-26,32856,121,,8876,90,130,mmHg,121.0
506222,500791,500049,3012888,,2021-06-26,32856,85,,8876,60,85,mmHg,85.0
506223,500791,500049,3025315,,2021-06-26,32856,76.6,,9529,45,90,kg,76.6
506224,500791,500049,3038553,,2021-06-26,32856,24.4,,9531,18.5,25,kg/m2,24.4
506225,500791,500049,3022192,,2021-06-26,32856,103,,8840,0,150,mg/dL,103.0
506226,500791,500049,3007070,,2021-06-26,32856,48.8,,8840,40,60,mg/dL,48.8
506227,500791,500049,3028437,,2021-06-26,32856,120.7,,8840,0,130,mg/dL,120.7
506228,500791,500049,3013721,,2021-06-26,32856,8,,8645,0,40,U/L,8.0
506229,500791,500049,3006923,,2021-06-26,32856,22.4,,8645,0,40,U/L,22.4
506230,500791,500049,3016723,,2021-06-26,32856,1.12,,8840,0.6,1.2,mg/dL,1.12
506231,500791,500049,3049187,,2021-06-26,32856,66,,9550,90,130,mL/min/1.73m2,66.0
506232,500792,500049,3004410,,2021-09-21,32856,6,,8554,4,5.6,%,6.0
506233,500792,500049,3004501,,2021-09-21,32856,125,,8840,70,99,mg/dL,125.0
506234,500792,500049,3004249,,2021-09-21,32856,102,,8876,90,130,mmHg,102.0
506235,500792,500049,3012888,,2021-09-21,32856,72,,8876,60,85,mmHg,72.0
506236,500792,500049,3025315,,2021-09-21,32856,77,,9529,45,90,kg,77.0
506237,500792,500049,3038553,,2021-09-21,32856,24.6,,9531,18.5,25,kg/m2,24.6
506238,500793,500049,3004410,,2021-12-17,32856,6.5,,8554,4,5.6,%,6.5
506239,500793,500049,3004501,,2021-12-17,32856,166,,8840,70,99,mg/dL,166.0
506240,500793,500049,3004249,,2021-12-17,32856,119,,8876,90,130,mmHg,119.0
506241,500793,500049,3012888,,2021-12-17,32856,62,,8876,60,85,mmHg,62.0
506242,500793,500049,3025315,,2021-12-17,32856,77.7,,9529,45,90,kg,77.7
506243,500793,500049,3038553,,2021-12-17,32856,24.8,,9531,18.5,25,kg/m2,24.8
506244,500794,500049,3004410,,2022-03-11,32856,6.5,,8554,4,5.6,%,6.5
506245,500794,500049,3004501,,2022-03-11,32856,111,,8840,70,99,mg/dL,111.0
506246,500794,500049,3004249,,2022-03-11,32856,154,,8876,90,130,mmHg,154.0
506247,500794,500049,3012888,,2022-03-11,32856,68,,8876,60,85,mmHg,68.0
506248,500794,500049,3025315,,2022-03-11,32856,78.6,,9529,45,90,kg,78.6
506249,500794,500049,3038553,,2022-03-11,32856,25.1,,9531,18.5,25,kg/m2,25.1
506250,500795,500049,3004410,,2022-06-13,32856,7.1,,8554,4,5.6,%,7.1
506251,500795,500049,3004501,,2022-06-13,32856,124,,8840,70,99,mg/dL,124.0
506252,500795,500049,3004249,,2022-06-13,32856,107,,8876,90,130,mmHg,107.0
506253,500795,500049,3012888,,2022-06-13,32856,76,,8876,60,85,mmHg,76.0
506254,500795,500049,3025315,,2022-06-13,32856,79.4,,9529,45,90,kg,79.4
506255,500795,500049,3038553,,2022-06-13,32856,25.3,,9531,18.5,25,kg/m2,25.3
506256,500795,500049,3022192,,2022-06-13,32856,281,,8840,0,150,mg/dL,281.0
506257,500795,500049,3007070,,2022-06-13,32856,37.9,,8840,40,60,mg/dL,37.9
506258,500795,500049,3028437,,2022-06-13,32856,86.2,,8840,0,130,mg/dL,86.2
506259,500795,500049,3013721,,2022-06-13,32856,34.4,,8645,0,40,U/L,34.4
506260,500795,500049,3006923,,2022-06-13,32856,60.6,,8645,0,40,U/L,60.6
506261,500795,500049,3016723,,2022-06-13,32856,1.1,,8840,0.6,1.2,mg/dL,1.1
506262,500795,500049,3049187,,2022-06-13,32856,67,,9550,90,130,mL/min/1.73m2,67.0
506263,500796,500049,3004410,,2022-09-09,32856,6.5,,8554,4,5.6,%,6.5
506264,500796,500049,3004501,,2022-09-09,32856,102,,8840,70,99,mg/dL,102.0
506265,500796,500049,3004249,,2022-09-09,32856,119,,8876,90,130,mmHg,119.0
506266,500796,500049,3012888,,2022-09-09,32856,66,,8876,60,85,mmHg,66.0
506267,500796,500049,3025315,,2022-09-09,32856,79,,9529,45,90,kg,79.0
506268,500796,500049,3038553,,2022-09-09,32856,25.2,,9531,18.5,25,kg/m2,25.2
506269,500797,500049,3004410,,2022-12-05,32856,7,,8554,4,5.6,%,7.0
506270,500797,500049,3004501,,2022-12-05,32856,130,,8840,70,99,mg/dL,130.0
506271,500797,500049,3004249,,2022-12-05,32856,117,,8876,90,130,mmHg,117.0
506272,500797,500049,3012888,,2022-12-05,32856,78,,8876,60,85,mmHg,78.0
506273,500797,500049,3025315,,2022-12-05,32856,79,,9529,45,90,kg,79.0
506274,500797,500049,3038553,,2022-12-05,32856,25.2,,9531,18.5,25,kg/m2,25.2
506275,500798,500049,3004410,,2023-03-03,32856,6.6,,8554,4,5.6,%,6.6
506276,500798,500049,3004501,,2023-03-03,32856,115,,8840,70,99,mg/dL,115.0
506277,500798,500049,3004249,,2023-03-03,32856,115,,8876,90,130,mmHg,115.0
506278,500798,500049,3012888,,2023-03-03,32856,82,,8876,60,85,mmHg,82.0
506279,500798,500049,3025315,,2023-03-03,32856,79.5,,9529,45,90,kg,79.5
506280,500798,500049,3038553,,2023-03-03,32856,25.3,,9531,18.5,25,kg/m2,25.3
506281,500799,500049,3004410,,2023-06-09,32856,6.9,,8554,4,5.6,%,6.9
506282,500799,500049,3004501,,2023-06-09,32856,122,,8840,70,99,mg/dL,122.0
506283,500799,500049,3004249,,2023-06-09,32856,107,,8876,90,130,mmHg,107.0
506284,500799,500049,3012888,,2023-06-09,32856,71,,8876,60,85,mmHg,71.0
506285,500799,500049,3025315,,2023-06-09,32856,78.9,,9529,45,90,kg,78.9
506286,500799,500049,3038553,,2023-06-09,32856,25.2,,9531,18.5,25,kg/m2,25.2
506287,500799,500049,3022192,,2023-06-09,32856,192.4,,8840,0,150,mg/dL,192.4
506288,500799,500049,3007070,,2023-06-09,32856,12.9,,8840,40,60,mg/dL,12.9
506289,500799,500049,3028437,,2023-06-09,32856,118.1,,8840,0,130,mg/dL,118.1
506290,500799,500049,3013721,,2023-06-09,32856,38.5,,8645,0,40,U/L,38.5
506291,500799,500049,3006923,,2023-06-09,32856,19.5,,8645,0,40,U/L,19.5
506292,500799,500049,3016723,,2023-06-09,32856,0.59,,8840,0.6,1.2,mg/dL,0.59
506293,500799,500049,3049187,,2023-06-09,32856,97,,9550,90,130,mL/min/1.73m2,97.0
506294,500800,500049,3004410,,2023-09-03,32856,6.9,,8554,4,5.6,%,6.9
506295,500800,500049,3004501,,2023-09-03,32856,142,,8840,70,99,mg/dL,142.0
506296,500800,500049,3004249,,2023-09-03,32856,135,,8876,90,130,mmHg,135.0
506297,500800,500049,3012888,,2023-09-03,32856,78,,8876,60,85,mmHg,78.0
506298,500800,500049,3025315,,2023-09-03,32856,79.2,,9529,45,90,kg,79.2
506299,500800,500049,3038553,,2023-09-03,32856,25.3,,9531,18.5,25,kg/m2,25.3
506300,500801,500049,3004410,,2023-11-30,32856,6.8,,8554,4,5.6,%,6.8
506301,500801,500049,3004501,,2023-11-30,32856,135,,8840,70,99,mg/dL,135.0
506302,500801,500049,3004249,,2023-11-30,32856,136,,8876,90,130,mmHg,136.0
506303,500801,500049,3012888,,2023-11-30,32856,72,,8876,60,85,mmHg,72.0
506304,500801,500049,3025315,,2023-11-30,32856,80.8,,9529,45,90,kg,80.8
506305,500801,500049,3038553,,2023-11-30,32856,25.8,,9531,18.5,25,kg/m2,25.8
506306,500802,500050,3036277,,2021-12-03,32856,167.4,,8582,150,185,cm,167.4
506307,500802,500050,3004410,,2021-12-03,32856,6.5,,8554,4,5.6,%,6.5
506308,500802,500050,3004501,,2021-12-03,32856,126,,8840,70,99,mg/dL,126
506309,500802,500050,3004249,,2021-12-03,32856,127,,8876,90,130,mmHg,127.0
506310,500802,500050,3012888,,2021-12-03,32856,80,,8876,60,85,mmHg,80.0
506311,500802,500050,3025315,,2021-12-03,32856,66.4,,9529,45,90,kg,66.4
506312,500802,500050,3038553,,2021-12-03,32856,23.7,,9531,18.5,25,kg/m2,23.7
506313,500802,500050,3022192,,2021-12-03,32856,218.6,,8840,0,150,mg/dL,218.6
506314,500802,500050,3007070,,2021-12-03,32856,60.3,,8840,40,60,mg/dL,60.3
506315,500802,500050,3028437,,2021-12-03,32856,68.5,,8840,0,130,mg/dL,68.5
506316,500802,500050,3013721,,2021-12-03,32856,62.1,,8645,0,40,U/L,62.1
506317,500802,500050,3006923,,2021-12-03,32856,46.8,,8645,0,40,U/L,46.8
506318,500802,500050,3016723,,2021-12-03,32856,0.86,,8840,0.6,1.2,mg/dL,0.86
506319,500802,500050,3049187,,2021-12-03,32856,80,,9550,90,130,mL/min/1.73m2,80.0
506320,500803,500050,3004410,,2022-03-04,32856,6.2,,8554,4,5.6,%,6.2
506321,500803,500050,3004501,,2022-03-04,32856,100,,8840,70,99,mg/dL,100.0
506322,500803,500050,3004249,,2022-03-04,32856,134,,8876,90,130,mmHg,134.0
506323,500803,500050,3012888,,2022-03-04,32856,77,,8876,60,85,mmHg,77.0
506324,500803,500050,3025315,,2022-03-04,32856,66,,9529,45,90,kg,66.0
506325,500803,500050,3038553,,2022-03-04,32856,23.6,,9531,18.5,25,kg/m2,23.6
506326,500804,500050,3004410,,2022-05-28,32856,5.7,,8554,4,5.6,%,5.7
506327,500804,500050,3004501,,2022-05-28,32856,94,,8840,70,99,mg/dL,94.0
506328,500804,500050,3004249,,2022-05-28,32856,120,,8876,90,130,mmHg,120.0
506329,500804,500050,3012888,,2022-05-28,32856,85,,8876,60,85,mmHg,85.0
506330,500804,500050,3025315,,2022-05-28,32856,65.4,,9529,45,90,kg,65.4
506331,500804,500050,3038553,,2022-05-28,32856,23.3,,9531,18.5,25,kg/m2,23.3
506332,500805,500050,3004410,,2022-08-27,32856,6.1,,8554,4,5.6,%,6.1
506333,500805,500050,3004501,,2022-08-27,32856,104,,8840,70,99,mg/dL,104.0
506334,500805,500050,3004249,,2022-08-27,32856,140,,8876,90,130,mmHg,140.0
506335,500805,500050,3012888,,2022-08-27,32856,76,,8876,60,85,mmHg,76.0
506336,500805,500050,3025315,,2022-08-27,32856,64.4,,9529,45,90,kg,64.4
506337,500805,500050,3038553,,2022-08-27,32856,23,,9531,18.5,25,kg/m2,23.0
506338,500806,500050,3004410,,2022-11-23,32856,5.9,,8554,4,5.6,%,5.9
506339,500806,500050,3004501,,2022-11-23,32856,98,,8840,70,99,mg/dL,98.0
506340,500806,500050,3004249,,2022-11-23,32856,145,,8876,90,130,mmHg,145.0
506341,500806,500050,3012888,,2022-11-23,32856,72,,8876,60,85,mmHg,72.0
506342,500806,500050,3025315,,2022-11-23,32856,65.7,,9529,45,90,kg,65.7
506343,500806,500050,3038553,,2022-11-23,32856,23.4,,9531,18.5,25,kg/m2,23.4
506344,500806,500050,3022192,,2022-11-23,32856,93.9,,8840,0,150,mg/dL,93.9
506345,500806,500050,3007070,,2022-11-23,32856,62.2,,8840,40,60,mg/dL,62.2
506346,500806,500050,3028437,,2022-11-23,32856,71.2,,8840,0,130,mg/dL,71.2
506347,500806,500050,3013721,,2022-11-23,32856,26.4,,8645,0,40,U/L,26.4
506348,500806,500050,3006923,,2022-11-23,32856,9.2,,8645,0,40,U/L,9.2
506349,500806,500050,3016723,,2022-11-23,32856,1.08,,8840,0.6,1.2,mg/dL,1.08
506350,500806,500050,3049187,,2022-11-23,32856,60,,9550,90,130,mL/min/1.73m2,60.0
506351,500807,500050,3004410,,2023-03-01,32856,5.5,,8554,4,5.6,%,5.5
506352,500807,500050,3004501,,2023-03-01,32856,125,,8840,70,99,mg/dL,125.0
506353,500807,500050,3004249,,2023-03-01,32856,153,,8876,90,130,mmHg,153.0
506354,500807,500050,3012888,,2023-03-01,32856,94,,8876,60,85,mmHg,94.0
506355,500807,500050,3025315,,2023-03-01,32856,67,,9529,45,90,kg,67.0
506356,500807,500050,3038553,,2023-03-01,32856,23.9,,9531,18.5,25,kg/m2,23.9
506357,500808,500050,3004410,,2023-05-31,32856,5.8,,8554,4,5.6,%,5.8
506358,500808,500050,3004501,,2023-05-31,32856,90,,8840,70,99,mg/dL,90.0
506359,500808,500050,3004249,,2023-05-31,32856,146,,8876,90,130,mmHg,146.0
506360,500808,500050,3012888,,2023-05-31,32856,76,,8876,60,85,mmHg,76.0
506361,500808,500050,3025315,,2023-05-31,32856,68.4,,9529,45,90,kg,68.4
506362,500808,500050,3038553,,2023-05-31,32856,24.4,,9531,18.5,25,kg/m2,24.4
506363,500809,500050,3004410,,2023-08-27,32856,6,,8554,4,5.6,%,6.0
506364,500809,500050,3004501,,2023-08-27,32856,121,,8840,70,99,mg/dL,121.0
506365,500809,500050,3004249,,2023-08-27,32856,145,,8876,90,130,mmHg,145.0
506366,500809,500050,3012888,,2023-08-27,32856,91,,8876,60,85,mmHg,91.0
506367,500809,500050,3025315,,2023-08-27,32856,66.8,,9529,45,90,kg,66.8
506368,500809,500050,3038553,,2023-08-27,32856,23.8,,9531,18.5,25,kg/m2,23.8
506369,500810,500050,3004410,,2023-11-27,32856,6.2,,8554,4,5.6,%,6.2
506370,500810,500050,3004501,,2023-11-27,32856,142,,8840,70,99,mg/dL,142.0
506371,500810,500050,3004249,,2023-11-27,32856,132,,8876,90,130,mmHg,132.0
506372,500810,500050,3012888,,2023-11-27,32856,81,,8876,60,85,mmHg,81.0
506373,500810,500050,3025315,,2023-11-27,32856,67.3,,9529,45,90,kg,67.3
506374,500810,500050,3038553,,2023-11-27,32856,24,,9531,18.5,25,kg/m2,24.0
506375,500810,500050,3022192,,2023-11-27,32856,180.3,,8840,0,150,mg/dL,180.3
506376,500810,500050,3007070,,2023-11-27,32856,44.7,,8840,40,60,mg/dL,44.7
506377,500810,500050,3028437,,2023-11-27,32856,186.9,,8840,0,130,mg/dL,186.9
506378,500810,500050,3013721,,2023-11-27,32856,23.8,,8645,0,40,U/L,23.8
506379,500810,500050,3006923,,2023-11-27,32856,57.6,,8645,0,40,U/L,57.6
506380,500810,500050,3016723,,2023-11-27,32856,0.96,,8840,0.6,1.2,mg/dL,0.96
506381,500810,500050,3049187,,2023-11-27,32856,69,,9550,90,130,mL/min/1.73m2,69.0
506382,500811,500050,3004410,,2024-02-23,32856,5.7,,8554,4,5.6,%,5.7
506383,500811,500050,3004501,,2024-02-23,32856,95,,8840,70,99,mg/dL,95.0
506384,500811,500050,3004249,,2024-02-23,32856,148,,8876,90,130,mmHg,148.0
506385,500811,500050,3012888,,2024-02-23,32856,84,,8876,60,85,mmHg,84.0
506386,500811,500050,3025315,,2024-02-23,32856,64.9,,9529,45,90,kg,64.9
506387,500811,500050,3038553,,2024-02-23,32856,23.2,,9531,18.5,25,kg/m2,23.2
506388,500812,500050,3004410,,2024-05-29,32856,5.5,,8554,4,5.6,%,5.5
506389,500812,500050,3004501,,2024-05-29,32856,70,,8840,70,99,mg/dL,70
506390,500812,500050,3004249,,2024-05-29,32856,129,,8876,90,130,mmHg,129.0
506391,500812,500050,3012888,,2024-05-29,32856,83,,8876,60,85,mmHg,83.0
506392,500812,500050,3025315,,2024-05-29,32856,64.1,,9529,45,90,kg,64.1
506393,500812,500050,3038553,,2024-05-29,32856,22.9,,9531,18.5,25,kg/m2,22.9
506394,500813,500050,3004410,,2024-08-31,32856,5.7,,8554,4,5.6,%,5.7
506395,500813,500050,3004501,,2024-08-31,32856,83,,8840,70,99,mg/dL,83.0
506396,500813,500050,3004249,,2024-08-31,32856,131,,8876,90,130,mmHg,131.0
506397,500813,500050,3012888,,2024-08-31,32856,85,,8876,60,85,mmHg,85.0
506398,500813,500050,3025315,,2024-08-31,32856,64.5,,9529,45,90,kg,64.5
506399,500813,500050,3038553,,2024-08-31,32856,23,,9531,18.5,25,kg/m2,23.0
506400,500814,500050,3004410,,2024-11-30,32856,5.6,,8554,4,5.6,%,5.6
506401,500814,500050,3004501,,2024-11-30,32856,103,,8840,70,99,mg/dL,103.0
506402,500814,500050,3004249,,2024-11-30,32856,141,,8876,90,130,mmHg,141.0
506403,500814,500050,3012888,,2024-11-30,32856,79,,8876,60,85,mmHg,79.0
506404,500814,500050,3025315,,2024-11-30,32856,65.5,,9529,45,90,kg,65.5
506405,500814,500050,3038553,,2024-11-30,32856,23.4,,9531,18.5,25,kg/m2,23.4
506406,500814,500050,3022192,,2024-11-30,32856,257.6,,8840,0,150,mg/dL,257.6
506407,500814,500050,3007070,,2024-11-30,32856,53.5,,8840,40,60,mg/dL,53.5
506408,500814,500050,3028437,,2024-11-30,32856,98.6,,8840,0,130,mg/dL,98.6
506409,500814,500050,3013721,,2024-11-30,32856,33.2,,8645,0,40,U/L,33.2
506410,500814,500050,3006923,,2024-11-30,32856,54.5,,8645,0,40,U/L,54.5
506411,500814,500050,3016723,,2024-11-30,32856,1.38,,8840,0.6,1.2,mg/dL,1.38
506412,500814,500050,3049187,,2024-11-30,32856,44,,9550,90,130,mL/min/1.73m2,44.0
506413,500815,500050,3004410,,2025-03-07,32856,6,,8554,4,5.6,%,6.0
506414,500815,500050,3004501,,2025-03-07,32856,78,,8840,70,99,mg/dL,78.0
506415,500815,500050,3004249,,2025-03-07,32856,139,,8876,90,130,mmHg,139.0
506416,500815,500050,3012888,,2025-03-07,32856,79,,8876,60,85,mmHg,79.0
506417,500815,500050,3025315,,2025-03-07,32856,65.7,,9529,45,90,kg,65.7
506418,500815,500050,3038553,,2025-03-07,32856,23.4,,9531,18.5,25,kg/m2,23.4
506419,500816,500050,3004410,,2025-05-30,32856,5.6,,8554,4,5.6,%,5.6
506420,500816,500050,3004501,,2025-05-30,32856,106,,8840,70,99,mg/dL,106.0
506421,500816,500050,3004249,,2025-05-30,32856,144,,8876,90,130,mmHg,144.0
506422,500816,500050,3012888,,2025-05-30,32856,82,,8876,60,85,mmHg,82.0
506423,500816,500050,3025315,,2025-05-30,32856,65.8,,9529,45,90,kg,65.8
506424,500816,500050,3038553,,2025-05-30,32856,23.5,,9531,18.5,25,kg/m2,23.5
506425,500817,500050,3004410,,2025-08-25,32856,5.7,,8554,4,5.6,%,5.7
506426,500817,500050,3004501,,2025-08-25,32856,105,,8840,70,99,mg/dL,105.0
506427,500817,500050,3004249,,2025-08-25,32856,128,,8876,90,130,mmHg,128.0
506428,500817,500050,3012888,,2025-08-25,32856,94,,8876,60,85,mmHg,94.0
506429,500817,500050,3025315,,2025-08-25,32856,64.6,,9529,45,90,kg,64.6
506430,500817,500050,3038553,,2025-08-25,32856,23.1,,9531,18.5,25,kg/m2,23.1
506431,500818,500050,3004410,,2025-11-20,32856,6,,8554,4,5.6,%,6.0
506432,500818,500050,3004501,,2025-11-20,32856,113,,8840,70,99,mg/dL,113.0
506433,500818,500050,3004249,,2025-11-20,32856,148,,8876,90,130,mmHg,148.0
506434,500818,500050,3012888,,2025-11-20,32856,82,,8876,60,85,mmHg,82.0
506435,500818,500050,3025315,,2025-11-20,32856,66.8,,9529,45,90,kg,66.8
506436,500818,500050,3038553,,2025-11-20,32856,23.8,,9531,18.5,25,kg/m2,23.8
506437,500818,500050,3022192,,2025-11-20,32856,369.4,,8840,0,150,mg/dL,369.4
506438,500818,500050,3007070,,2025-11-20,32856,44.9,,8840,40,60,mg/dL,44.9
506439,500818,500050,3028437,,2025-11-20,32856,92.8,,8840,0,130,mg/dL,92.8
506440,500818,500050,3013721,,2025-11-20,32856,8,,8645,0,40,U/L,8.0
506441,500818,500050,3006923,,2025-11-20,32856,42.4,,8645,0,40,U/L,42.4
506442,500818,500050,3016723,,2025-11-20,32856,1.07,,8840,0.6,1.2,mg/dL,1.07
506443,500818,500050,3049187,,2025-11-20,32856,60,,9550,90,130,mL/min/1.73m2,60.0
506444,500819,500051,3036277,,2022-11-23,32856,172.3,,8582,150,185,cm,172.3
506445,500819,500051,3004410,,2022-11-23,32856,8.4,,8554,4,5.6,%,8.4
506446,500819,500051,3004501,,2022-11-23,32856,165,,8840,70,99,mg/dL,165.0
506447,500819,500051,3004249,,2022-11-23,32856,129,,8876,90,130,mmHg,129.0
506448,500819,500051,3012888,,2022-11-23,32856,94,,8876,60,85,mmHg,94.0
506449,500819,500051,3025315,,2022-11-23,32856,56.4,,9529,45,90,kg,56.4
506450,500819,500051,3038553,,2022-11-23,32856,19,,9531,18.5,25,kg/m2,19.0
506451,500819,500051,3022192,,2022-11-23,32856,269.3,,8840,0,150,mg/dL,269.3
506452,500819,500051,3007070,,2022-11-23,32856,57.2,,8840,40,60,mg/dL,57.2
506453,500819,500051,3028437,,2022-11-23,32856,129.1,,8840,0,130,mg/dL,129.1
506454,500819,500051,3013721,,2022-11-23,32856,32.1,,8645,0,40,U/L,32.1
506455,500819,500051,3006923,,2022-11-23,32856,42.5,,8645,0,40,U/L,42.5
506456,500819,500051,3016723,,2022-11-23,32856,1.05,,8840,0.6,1.2,mg/dL,1.05
506457,500819,500051,3049187,,2022-11-23,32856,80,,9550,90,130,mL/min/1.73m2,80.0
506458,500820,500051,3004410,,2023-02-17,32856,7.7,,8554,4,5.6,%,7.7
506459,500820,500051,3004501,,2023-02-17,32856,141,,8840,70,99,mg/dL,141.0
506460,500820,500051,3004249,,2023-02-17,32856,131,,8876,90,130,mmHg,131.0
506461,500820,500051,3012888,,2023-02-17,32856,89,,8876,60,85,mmHg,89.0
506462,500820,500051,3025315,,2023-02-17,32856,57.5,,9529,45,90,kg,57.5
506463,500820,500051,3038553,,2023-02-17,32856,19.4,,9531,18.5,25,kg/m2,19.4
506464,500821,500051,3004410,,2023-05-19,32856,6.8,,8554,4,5.6,%,6.8
506465,500821,500051,3004501,,2023-05-19,32856,148,,8840,70,99,mg/dL,148.0
506466,500821,500051,3004249,,2023-05-19,32856,148,,8876,90,130,mmHg,148.0
506467,500821,500051,3012888,,2023-05-19,32856,93,,8876,60,85,mmHg,93.0
506468,500821,500051,3025315,,2023-05-19,32856,59.4,,9529,45,90,kg,59.4
506469,500821,500051,3038553,,2023-05-19,32856,20,,9531,18.5,25,kg/m2,20.0
506470,500822,500051,3004410,,2023-08-22,32856,7.4,,8554,4,5.6,%,7.4
506471,500822,500051,3004501,,2023-08-22,32856,152,,8840,70,99,mg/dL,152.0
506472,500822,500051,3004249,,2023-08-22,32856,142,,8876,90,130,mmHg,142.0
506473,500822,500051,3012888,,2023-08-22,32856,82,,8876,60,85,mmHg,82.0
506474,500822,500051,3025315,,2023-08-22,32856,61.3,,9529,45,90,kg,61.3
506475,500822,500051,3038553,,2023-08-22,32856,20.6,,9531,18.5,25,kg/m2,20.6
506476,500823,500051,3004410,,2023-11-14,32856,8.2,,8554,4,5.6,%,8.2
506477,500823,500051,3004501,,2023-11-14,32856,152,,8840,70,99,mg/dL,152.0
506478,500823,500051,3004249,,2023-11-14,32856,165,,8876,90,130,mmHg,165.0
506479,500823,500051,3012888,,2023-11-14,32856,79,,8876,60,85,mmHg,79.0
506480,500823,500051,3025315,,2023-11-14,32856,61.3,,9529,45,90,kg,61.3
506481,500823,500051,3038553,,2023-11-14,32856,20.6,,9531,18.5,25,kg/m2,20.6
506482,500823,500051,3022192,,2023-11-14,32856,197.9,,8840,0,150,mg/dL,197.9
506483,500823,500051,3007070,,2023-11-14,32856,45.1,,8840,40,60,mg/dL,45.1
506484,500823,500051,3028437,,2023-11-14,32856,98.9,,8840,0,130,mg/dL,98.9
506485,500823,500051,3013721,,2023-11-14,32856,43.5,,8645,0,40,U/L,43.5
506486,500823,500051,3006923,,2023-11-14,32856,73.4,,8645,0,40,U/L,73.4
506487,500823,500051,3016723,,2023-11-14,32856,1.08,,8840,0.6,1.2,mg/dL,1.08
506488,500823,500051,3049187,,2023-11-14,32856,77,,9550,90,130,mL/min/1.73m2,77.0
506489,500824,500051,3004410,,2024-02-10,32856,7.6,,8554,4,5.6,%,7.6
506490,500824,500051,3004501,,2024-02-10,32856,143,,8840,70,99,mg/dL,143.0
506491,500824,500051,3004249,,2024-02-10,32856,150,,8876,90,130,mmHg,150.0
506492,500824,500051,3012888,,2024-02-10,32856,79,,8876,60,85,mmHg,79.0
506493,500824,500051,3025315,,2024-02-10,32856,62.2,,9529,45,90,kg,62.2
506494,500824,500051,3038553,,2024-02-10,32856,21,,9531,18.5,25,kg/m2,21.0
506495,500825,500051,3004410,,2024-05-18,32856,7.8,,8554,4,5.6,%,7.8
506496,500825,500051,3004501,,2024-05-18,32856,149,,8840,70,99,mg/dL,149.0
506497,500825,500051,3004249,,2024-05-18,32856,129,,8876,90,130,mmHg,129.0
506498,500825,500051,3012888,,2024-05-18,32856,83,,8876,60,85,mmHg,83.0
506499,500825,500051,3025315,,2024-05-18,32856,63.4,,9529,45,90,kg,63.4
506500,500825,500051,3038553,,2024-05-18,32856,21.4,,9531,18.5,25,kg/m2,21.4
506501,500826,500051,3004410,,2024-08-23,32856,7.8,,8554,4,5.6,%,7.8
506502,500826,500051,3004501,,2024-08-23,32856,151,,8840,70,99,mg/dL,151.0
506503,500826,500051,3004249,,2024-08-23,32856,119,,8876,90,130,mmHg,119.0
506504,500826,500051,3012888,,2024-08-23,32856,82,,8876,60,85,mmHg,82.0
506505,500826,500051,3025315,,2024-08-23,32856,63.3,,9529,45,90,kg,63.3
506506,500826,500051,3038553,,2024-08-23,32856,21.3,,9531,18.5,25,kg/m2,21.3
506507,500827,500051,3004410,,2024-11-25,32856,8,,8554,4,5.6,%,8.0
506508,500827,500051,3004501,,2024-11-25,32856,168,,8840,70,99,mg/dL,168.0
506509,500827,500051,3004249,,2024-11-25,32856,132,,8876,90,130,mmHg,132.0
506510,500827,500051,3012888,,2024-11-25,32856,94,,8876,60,85,mmHg,94.0
506511,500827,500051,3025315,,2024-11-25,32856,64.1,,9529,45,90,kg,64.1
506512,500827,500051,3038553,,2024-11-25,32856,21.6,,9531,18.5,25,kg/m2,21.6
506513,500827,500051,3022192,,2024-11-25,32856,265.4,,8840,0,150,mg/dL,265.4
506514,500827,500051,3007070,,2024-11-25,32856,37.7,,8840,40,60,mg/dL,37.7
506515,500827,500051,3028437,,2024-11-25,32856,132.2,,8840,0,130,mg/dL,132.2
506516,500827,500051,3013721,,2024-11-25,32856,39.6,,8645,0,40,U/L,39.6
506517,500827,500051,3006923,,2024-11-25,32856,6,,8645,0,40,U/L,6.0
506518,500827,500051,3016723,,2024-11-25,32856,1.2,,8840,0.6,1.2,mg/dL,1.2
506519,500827,500051,3049187,,2024-11-25,32856,67,,9550,90,130,mL/min/1.73m2,67.0
506520,500828,500051,3004410,,2025-02-19,32856,7.5,,8554,4,5.6,%,7.5
506521,500828,500051,3004501,,2025-02-19,32856,132,,8840,70,99,mg/dL,132.0
506522,500828,500051,3004249,,2025-02-19,32856,131,,8876,90,130,mmHg,131.0
506523,500828,500051,3012888,,2025-02-19,32856,89,,8876,60,85,mmHg,89.0
506524,500828,500051,3025315,,2025-02-19,32856,62.3,,9529,45,90,kg,62.3
506525,500828,500051,3038553,,2025-02-19,32856,21,,9531,18.5,25,kg/m2,21.0
506526,500829,500051,3004410,,2025-05-20,32856,8,,8554,4,5.6,%,8.0
506527,500829,500051,3004501,,2025-05-20,32856,165,,8840,70,99,mg/dL,165.0
506528,500829,500051,3004249,,2025-05-20,32856,111,,8876,90,130,mmHg,111.0
506529,500829,500051,3012888,,2025-05-20,32856,74,,8876,60,85,mmHg,74.0
506530,500829,500051,3025315,,2025-05-20,32856,61.7,,9529,45,90,kg,61.7
506531,500829,500051,3038553,,2025-05-20,32856,20.8,,9531,18.5,25,kg/m2,20.8
506532,500830,500051,3004410,,2025-08-12,32856,7.9,,8554,4,5.6,%,7.9
506533,500830,500051,3004501,,2025-08-12,32856,148,,8840,70,99,mg/dL,148.0
506534,500830,500051,3004249,,2025-08-12,32856,138,,8876,90,130,mmHg,138.0
506535,500830,500051,3012888,,2025-08-12,32856,81,,8876,60,85,mmHg,81.0
506536,500830,500051,3025315,,2025-08-12,32856,60.7,,9529,45,90,kg,60.7
506537,500830,500051,3038553,,2025-08-12,32856,20.4,,9531,18.5,25,kg/m2,20.4
506538,500831,500051,3004410,,2025-11-05,32856,8.3,,8554,4,5.6,%,8.3
506539,500831,500051,3004501,,2025-11-05,32856,135,,8840,70,99,mg/dL,135.0
506540,500831,500051,3004249,,2025-11-05,32856,122,,8876,90,130,mmHg,122.0
506541,500831,500051,3012888,,2025-11-05,32856,89,,8876,60,85,mmHg,89.0
506542,500831,500051,3025315,,2025-11-05,32856,60.3,,9529,45,90,kg,60.3
506543,500831,500051,3038553,,2025-11-05,32856,20.3,,9531,18.5,25,kg/m2,20.3
506544,500831,500051,3022192,,2025-11-05,32856,160.4,,8840,0,150,mg/dL,160.4
506545,500831,500051,3007070,,2025-11-05,32856,53.6,,8840,40,60,mg/dL,53.6
506546,500831,500051,3028437,,2025-11-05,32856,91.7,,8840,0,130,mg/dL,91.7
506547,500831,500051,3013721,,2025-11-05,32856,8,,8645,0,40,U/L,8.0
506548,500831,500051,3006923,,2025-11-05,32856,60.7,,8645,0,40,U/L,60.7
506549,500831,500051,3016723,,2025-11-05,32856,1.12,,8840,0.6,1.2,mg/dL,1.12
506550,500831,500051,3049187,,2025-11-05,32856,72,,9550,90,130,mL/min/1.73m2,72.0
506551,500832,500051,3004410,,2026-02-08,32856,7.8,,8554,4,5.6,%,7.8
506552,500832,500051,3004501,,2026-02-08,32856,157,,8840,70,99,mg/dL,157.0
506553,500832,500051,3004249,,2026-02-08,32856,156,,8876,90,130,mmHg,156.0
506554,500832,500051,3012888,,2026-02-08,32856,85,,8876,60,85,mmHg,85.0
506555,500832,500051,3025315,,2026-02-08,32856,62.1,,9529,45,90,kg,62.1
506556,500832,500051,3038553,,2026-02-08,32856,20.9,,9531,18.5,25,kg/m2,20.9
506557,500833,500051,3004410,,2026-05-05,32856,7.2,,8554,4,5.6,%,7.2
506558,500833,500051,3004501,,2026-05-05,32856,139,,8840,70,99,mg/dL,139.0
506559,500833,500051,3004249,,2026-05-05,32856,132,,8876,90,130,mmHg,132.0
506560,500833,500051,3012888,,2026-05-05,32856,91,,8876,60,85,mmHg,91.0
506561,500833,500051,3025315,,2026-05-05,32856,61.1,,9529,45,90,kg,61.1
506562,500833,500051,3038553,,2026-05-05,32856,20.6,,9531,18.5,25,kg/m2,20.6
506563,500834,500051,3004410,,2026-07-28,32856,7.1,,8554,4,5.6,%,7.1
506564,500834,500051,3004501,,2026-07-28,32856,146,,8840,70,99,mg/dL,146.0
506565,500834,500051,3004249,,2026-07-28,32856,130,,8876,90,130,mmHg,130.0
506566,500834,500051,3012888,,2026-07-28,32856,85,,8876,60,85,mmHg,85.0
506567,500834,500051,3025315,,2026-07-28,32856,60.4,,9529,45,90,kg,60.4
506568,500834,500051,3038553,,2026-07-28,32856,20.3,,9531,18.5,25,kg/m2,20.3
506569,500835,500052,3036277,,2022-08-04,32856,172.5,,8582,150,185,cm,172.5
506570,500835,500052,3004410,,2022-08-04,32856,6.5,,8554,4,5.6,%,6.5
506571,500835,500052,3004501,,2022-08-04,32856,126,,8840,70,99,mg/dL,126
506572,500835,500052,3004249,,2022-08-04,32856,105,,8876,90,130,mmHg,105.0
506573,500835,500052,3012888,,2022-08-04,32856,89,,8876,60,85,mmHg,89.0
506574,500835,500052,3025315,,2022-08-04,32856,62.2,,9529,45,90,kg,62.2
506575,500835,500052,3038553,,2022-08-04,32856,20.9,,9531,18.5,25,kg/m2,20.9
506576,500835,500052,3022192,,2022-08-04,32856,312,,8840,0,150,mg/dL,312.0
506577,500835,500052,3007070,,2022-08-04,32856,46.6,,8840,40,60,mg/dL,46.6
506578,500835,500052,3028437,,2022-08-04,32856,86.3,,8840,0,130,mg/dL,86.3
506579,500835,500052,3013721,,2022-08-04,32856,41.1,,8645,0,40,U/L,41.1
506580,500835,500052,3006923,,2022-08-04,32856,57.5,,8645,0,40,U/L,57.5
506581,500835,500052,3016723,,2022-08-04,32856,1.13,,8840,0.6,1.2,mg/dL,1.13
506582,500835,500052,3049187,,2022-08-04,32856,87,,9550,90,130,mL/min/1.73m2,87.0
506583,500836,500052,3004410,,2022-11-02,32856,5.9,,8554,4,5.6,%,5.9
506584,500836,500052,3004501,,2022-11-02,32856,89,,8840,70,99,mg/dL,89.0
506585,500836,500052,3004249,,2022-11-02,32856,128,,8876,90,130,mmHg,128.0
506586,500836,500052,3012888,,2022-11-02,32856,73,,8876,60,85,mmHg,73.0
506587,500836,500052,3025315,,2022-11-02,32856,62.2,,9529,45,90,kg,62.2
506588,500836,500052,3038553,,2022-11-02,32856,20.9,,9531,18.5,25,kg/m2,20.9
506589,500837,500052,3004410,,2023-01-31,32856,6,,8554,4,5.6,%,6.0
506590,500837,500052,3004501,,2023-01-31,32856,88,,8840,70,99,mg/dL,88.0
506591,500837,500052,3004249,,2023-01-31,32856,128,,8876,90,130,mmHg,128.0
506592,500837,500052,3012888,,2023-01-31,32856,89,,8876,60,85,mmHg,89.0
506593,500837,500052,3025315,,2023-01-31,32856,62.5,,9529,45,90,kg,62.5
506594,500837,500052,3038553,,2023-01-31,32856,21,,9531,18.5,25,kg/m2,21.0
506595,500838,500052,3004410,,2023-05-06,32856,5.6,,8554,4,5.6,%,5.6
506596,500838,500052,3004501,,2023-05-06,32856,79,,8840,70,99,mg/dL,79.0
506597,500838,500052,3004249,,2023-05-06,32856,126,,8876,90,130,mmHg,126.0
506598,500838,500052,3012888,,2023-05-06,32856,83,,8876,60,85,mmHg,83.0
506599,500838,500052,3025315,,2023-05-06,32856,61.4,,9529,45,90,kg,61.4
506600,500838,500052,3038553,,2023-05-06,32856,20.6,,9531,18.5,25,kg/m2,20.6
506601,500839,500052,3004410,,2023-08-07,32856,5.6,,8554,4,5.6,%,5.6
506602,500839,500052,3004501,,2023-08-07,32856,104,,8840,70,99,mg/dL,104.0
506603,500839,500052,3004249,,2023-08-07,32856,128,,8876,90,130,mmHg,128.0
506604,500839,500052,3012888,,2023-08-07,32856,87,,8876,60,85,mmHg,87.0
506605,500839,500052,3025315,,2023-08-07,32856,61,,9529,45,90,kg,61.0
506606,500839,500052,3038553,,2023-08-07,32856,20.5,,9531,18.5,25,kg/m2,20.5
506607,500839,500052,3022192,,2023-08-07,32856,196,,8840,0,150,mg/dL,196.0
506608,500839,500052,3007070,,2023-08-07,32856,39.1,,8840,40,60,mg/dL,39.1
506609,500839,500052,3028437,,2023-08-07,32856,122,,8840,0,130,mg/dL,122.0
506610,500839,500052,3013721,,2023-08-07,32856,28.6,,8645,0,40,U/L,28.6
506611,500839,500052,3006923,,2023-08-07,32856,64,,8645,0,40,U/L,64.0
506612,500839,500052,3016723,,2023-08-07,32856,0.86,,8840,0.6,1.2,mg/dL,0.86
506613,500839,500052,3049187,,2023-08-07,32856,116,,9550,90,130,mL/min/1.73m2,116.0
506614,500840,500052,3004410,,2023-11-10,32856,5.5,,8554,4,5.6,%,5.5
506615,500840,500052,3004501,,2023-11-10,32856,94,,8840,70,99,mg/dL,94.0
506616,500840,500052,3004249,,2023-11-10,32856,158,,8876,90,130,mmHg,158.0
506617,500840,500052,3012888,,2023-11-10,32856,86,,8876,60,85,mmHg,86.0
506618,500840,500052,3025315,,2023-11-10,32856,61.1,,9529,45,90,kg,61.1
506619,500840,500052,3038553,,2023-11-10,32856,20.5,,9531,18.5,25,kg/m2,20.5
506620,500841,500052,3004410,,2024-02-14,32856,5.4,,8554,4,5.6,%,5.4
506621,500841,500052,3004501,,2024-02-14,32856,111,,8840,70,99,mg/dL,111.0
506622,500841,500052,3004249,,2024-02-14,32856,110,,8876,90,130,mmHg,110.0
506623,500841,500052,3012888,,2024-02-14,32856,93,,8876,60,85,mmHg,93.0
506624,500841,500052,3025315,,2024-02-14,32856,59.7,,9529,45,90,kg,59.7
506625,500841,500052,3038553,,2024-02-14,32856,20.1,,9531,18.5,25,kg/m2,20.1
506626,500842,500052,3004410,,2024-05-20,32856,6.3,,8554,4,5.6,%,6.3
506627,500842,500052,3004501,,2024-05-20,32856,123,,8840,70,99,mg/dL,123.0
506628,500842,500052,3004249,,2024-05-20,32856,129,,8876,90,130,mmHg,129.0
506629,500842,500052,3012888,,2024-05-20,32856,86,,8876,60,85,mmHg,86.0
506630,500842,500052,3025315,,2024-05-20,32856,60.3,,9529,45,90,kg,60.3
506631,500842,500052,3038553,,2024-05-20,32856,20.3,,9531,18.5,25,kg/m2,20.3
506632,500843,500052,3004410,,2024-08-13,32856,5.9,,8554,4,5.6,%,5.9
506633,500843,500052,3004501,,2024-08-13,32856,133,,8840,70,99,mg/dL,133.0
506634,500843,500052,3004249,,2024-08-13,32856,154,,8876,90,130,mmHg,154.0
506635,500843,500052,3012888,,2024-08-13,32856,87,,8876,60,85,mmHg,87.0
506636,500843,500052,3025315,,2024-08-13,32856,59.7,,9529,45,90,kg,59.7
506637,500843,500052,3038553,,2024-08-13,32856,20.1,,9531,18.5,25,kg/m2,20.1
506638,500843,500052,3022192,,2024-08-13,32856,197.1,,8840,0,150,mg/dL,197.1
506639,500843,500052,3007070,,2024-08-13,32856,68.7,,8840,40,60,mg/dL,68.7
506640,500843,500052,3028437,,2024-08-13,32856,118.9,,8840,0,130,mg/dL,118.9
506641,500843,500052,3013721,,2024-08-13,32856,68.8,,8645,0,40,U/L,68.8
506642,500843,500052,3006923,,2024-08-13,32856,12.4,,8645,0,40,U/L,12.4
506643,500843,500052,3016723,,2024-08-13,32856,0.61,,8840,0.6,1.2,mg/dL,0.61
506644,500843,500052,3049187,,2024-08-13,32856,128,,9550,90,130,mL/min/1.73m2,128.0
506645,500844,500052,3004410,,2024-11-14,32856,6.1,,8554,4,5.6,%,6.1
506646,500844,500052,3004501,,2024-11-14,32856,86,,8840,70,99,mg/dL,86.0
506647,500844,500052,3004249,,2024-11-14,32856,131,,8876,90,130,mmHg,131.0
506648,500844,500052,3012888,,2024-11-14,32856,92,,8876,60,85,mmHg,92.0
506649,500844,500052,3025315,,2024-11-14,32856,59.1,,9529,45,90,kg,59.1
506650,500844,500052,3038553,,2024-11-14,32856,19.9,,9531,18.5,25,kg/m2,19.9
506651,500845,500052,3004410,,2025-02-16,32856,6,,8554,4,5.6,%,6.0
506652,500845,500052,3004501,,2025-02-16,32856,108,,8840,70,99,mg/dL,108.0
506653,500845,500052,3004249,,2025-02-16,32856,127,,8876,90,130,mmHg,127.0
506654,500845,500052,3012888,,2025-02-16,32856,98,,8876,60,85,mmHg,98.0
506655,500845,500052,3025315,,2025-02-16,32856,60.1,,9529,45,90,kg,60.1
506656,500845,500052,3038553,,2025-02-16,32856,20.2,,9531,18.5,25,kg/m2,20.2
506657,500846,500052,3004410,,2025-05-19,32856,5.5,,8554,4,5.6,%,5.5
506658,500846,500052,3004501,,2025-05-19,32856,110,,8840,70,99,mg/dL,110.0
506659,500846,500052,3004249,,2025-05-19,32856,138,,8876,90,130,mmHg,138.0
506660,500846,500052,3012888,,2025-05-19,32856,81,,8876,60,85,mmHg,81.0
506661,500846,500052,3025315,,2025-05-19,32856,58.9,,9529,45,90,kg,58.9
506662,500846,500052,3038553,,2025-05-19,32856,19.8,,9531,18.5,25,kg/m2,19.8
506663,500847,500053,3036277,,2023-11-25,32856,176.6,,8582,150,185,cm,176.6
506664,500847,500053,3004410,,2023-11-25,32856,6.5,,8554,4,5.6,%,6.5
506665,500847,500053,3004501,,2023-11-25,32856,126,,8840,70,99,mg/dL,126
506666,500847,500053,3004249,,2023-11-25,32856,135,,8876,90,130,mmHg,135.0
506667,500847,500053,3012888,,2023-11-25,32856,79,,8876,60,85,mmHg,79.0
506668,500847,500053,3025315,,2023-11-25,32856,99.5,,9529,45,90,kg,99.5
506669,500847,500053,3038553,,2023-11-25,32856,31.9,,9531,18.5,25,kg/m2,31.9
506670,500847,500053,3022192,,2023-11-25,32856,152.6,,8840,0,150,mg/dL,152.6
506671,500847,500053,3007070,,2023-11-25,32856,55.4,,8840,40,60,mg/dL,55.4
506672,500847,500053,3028437,,2023-11-25,32856,136.2,,8840,0,130,mg/dL,136.2
506673,500847,500053,3013721,,2023-11-25,32856,56.2,,8645,0,40,U/L,56.2
506674,500847,500053,3006923,,2023-11-25,32856,6,,8645,0,40,U/L,6.0
506675,500847,500053,3016723,,2023-11-25,32856,0.78,,8840,0.6,1.2,mg/dL,0.78
506676,500847,500053,3049187,,2023-11-25,32856,107,,9550,90,130,mL/min/1.73m2,107.0
506677,500848,500053,3004410,,2024-02-26,32856,6.5,,8554,4,5.6,%,6.5
506678,500848,500053,3004501,,2024-02-26,32856,124,,8840,70,99,mg/dL,124.0
506679,500848,500053,3004249,,2024-02-26,32856,127,,8876,90,130,mmHg,127.0
506680,500848,500053,3012888,,2024-02-26,32856,68,,8876,60,85,mmHg,68.0
506681,500848,500053,3025315,,2024-02-26,32856,98.8,,9529,45,90,kg,98.8
506682,500848,500053,3038553,,2024-02-26,32856,31.7,,9531,18.5,25,kg/m2,31.7
506683,500849,500053,3004410,,2024-05-30,32856,6.3,,8554,4,5.6,%,6.3
506684,500849,500053,3004501,,2024-05-30,32856,122,,8840,70,99,mg/dL,122.0
506685,500849,500053,3004249,,2024-05-30,32856,123,,8876,90,130,mmHg,123.0
506686,500849,500053,3012888,,2024-05-30,32856,71,,8876,60,85,mmHg,71.0
506687,500849,500053,3025315,,2024-05-30,32856,99.3,,9529,45,90,kg,99.3
506688,500849,500053,3038553,,2024-05-30,32856,31.8,,9531,18.5,25,kg/m2,31.8
506689,500850,500053,3004410,,2024-09-04,32856,6.7,,8554,4,5.6,%,6.7
506690,500850,500053,3004501,,2024-09-04,32856,135,,8840,70,99,mg/dL,135.0
506691,500850,500053,3004249,,2024-09-04,32856,137,,8876,90,130,mmHg,137.0
506692,500850,500053,3012888,,2024-09-04,32856,66,,8876,60,85,mmHg,66.0
506693,500850,500053,3025315,,2024-09-04,32856,100.4,,9529,45,90,kg,100.4
506694,500850,500053,3038553,,2024-09-04,32856,32.2,,9531,18.5,25,kg/m2,32.2
506695,500851,500053,3004410,,2024-11-30,32856,6.4,,8554,4,5.6,%,6.4
506696,500851,500053,3004501,,2024-11-30,32856,121,,8840,70,99,mg/dL,121.0
506697,500851,500053,3004249,,2024-11-30,32856,104,,8876,90,130,mmHg,104.0
506698,500851,500053,3012888,,2024-11-30,32856,87,,8876,60,85,mmHg,87.0
506699,500851,500053,3025315,,2024-11-30,32856,99.5,,9529,45,90,kg,99.5
506700,500851,500053,3038553,,2024-11-30,32856,31.9,,9531,18.5,25,kg/m2,31.9
506701,500851,500053,3022192,,2024-11-30,32856,255.1,,8840,0,150,mg/dL,255.1
506702,500851,500053,3007070,,2024-11-30,32856,50,,8840,40,60,mg/dL,50.0
506703,500851,500053,3028437,,2024-11-30,32856,120.8,,8840,0,130,mg/dL,120.8
506704,500851,500053,3013721,,2024-11-30,32856,14.3,,8645,0,40,U/L,14.3
506705,500851,500053,3006923,,2024-11-30,32856,52.4,,8645,0,40,U/L,52.4
506706,500851,500053,3016723,,2024-11-30,32856,0.67,,8840,0.6,1.2,mg/dL,0.67
506707,500851,500053,3049187,,2024-11-30,32856,111,,9550,90,130,mL/min/1.73m2,111.0
506708,500852,500053,3004410,,2025-03-03,32856,6,,8554,4,5.6,%,6.0
506709,500852,500053,3004501,,2025-03-03,32856,119,,8840,70,99,mg/dL,119.0
506710,500852,500053,3004249,,2025-03-03,32856,121,,8876,90,130,mmHg,121.0
506711,500852,500053,3012888,,2025-03-03,32856,72,,8876,60,85,mmHg,72.0
506712,500852,500053,3025315,,2025-03-03,32856,99.3,,9529,45,90,kg,99.3
506713,500852,500053,3038553,,2025-03-03,32856,31.8,,9531,18.5,25,kg/m2,31.8
506714,500853,500053,3004410,,2025-06-03,32856,6,,8554,4,5.6,%,6.0
506715,500853,500053,3004501,,2025-06-03,32856,104,,8840,70,99,mg/dL,104.0
506716,500853,500053,3004249,,2025-06-03,32856,135,,8876,90,130,mmHg,135.0
506717,500853,500053,3012888,,2025-06-03,32856,83,,8876,60,85,mmHg,83.0
506718,500853,500053,3025315,,2025-06-03,32856,98.2,,9529,45,90,kg,98.2
506719,500853,500053,3038553,,2025-06-03,32856,31.5,,9531,18.5,25,kg/m2,31.5
506720,500854,500053,3004410,,2025-08-29,32856,6.2,,8554,4,5.6,%,6.2
506721,500854,500053,3004501,,2025-08-29,32856,140,,8840,70,99,mg/dL,140.0
506722,500854,500053,3004249,,2025-08-29,32856,137,,8876,90,130,mmHg,137.0
506723,500854,500053,3012888,,2025-08-29,32856,80,,8876,60,85,mmHg,80.0
506724,500854,500053,3025315,,2025-08-29,32856,98.7,,9529,45,90,kg,98.7
506725,500854,500053,3038553,,2025-08-29,32856,31.6,,9531,18.5,25,kg/m2,31.6
506726,500855,500053,3004410,,2025-11-24,32856,6.3,,8554,4,5.6,%,6.3
506727,500855,500053,3004501,,2025-11-24,32856,104,,8840,70,99,mg/dL,104.0
506728,500855,500053,3004249,,2025-11-24,32856,123,,8876,90,130,mmHg,123.0
506729,500855,500053,3012888,,2025-11-24,32856,81,,8876,60,85,mmHg,81.0
506730,500855,500053,3025315,,2025-11-24,32856,97.1,,9529,45,90,kg,97.1
506731,500855,500053,3038553,,2025-11-24,32856,31.1,,9531,18.5,25,kg/m2,31.1
506732,500855,500053,3022192,,2025-11-24,32856,62.5,,8840,0,150,mg/dL,62.5
506733,500855,500053,3007070,,2025-11-24,32856,50.8,,8840,40,60,mg/dL,50.8
506734,500855,500053,3028437,,2025-11-24,32856,116.9,,8840,0,130,mg/dL,116.9
506735,500855,500053,3013721,,2025-11-24,32856,36,,8645,0,40,U/L,36.0
506736,500855,500053,3006923,,2025-11-24,32856,62.1,,8645,0,40,U/L,62.1
506737,500855,500053,3016723,,2025-11-24,32856,0.68,,8840,0.6,1.2,mg/dL,0.68
506738,500855,500053,3049187,,2025-11-24,32856,110,,9550,90,130,mL/min/1.73m2,110.0
506739,500856,500053,3004410,,2026-02-27,32856,6.1,,8554,4,5.6,%,6.1
506740,500856,500053,3004501,,2026-02-27,32856,127,,8840,70,99,mg/dL,127.0
506741,500856,500053,3004249,,2026-02-27,32856,113,,8876,90,130,mmHg,113.0
506742,500856,500053,3012888,,2026-02-27,32856,71,,8876,60,85,mmHg,71.0
506743,500856,500053,3025315,,2026-02-27,32856,98,,9529,45,90,kg,98.0
506744,500856,500053,3038553,,2026-02-27,32856,31.4,,9531,18.5,25,kg/m2,31.4
506745,500857,500053,3004410,,2026-05-29,32856,6.3,,8554,4,5.6,%,6.3
506746,500857,500053,3004501,,2026-05-29,32856,97,,8840,70,99,mg/dL,97.0
506747,500857,500053,3004249,,2026-05-29,32856,147,,8876,90,130,mmHg,147.0
506748,500857,500053,3012888,,2026-05-29,32856,77,,8876,60,85,mmHg,77.0
506749,500857,500053,3025315,,2026-05-29,32856,98.8,,9529,45,90,kg,98.8
506750,500857,500053,3038553,,2026-05-29,32856,31.7,,9531,18.5,25,kg/m2,31.7
506751,500858,500053,3004410,,2026-08-21,32856,6.4,,8554,4,5.6,%,6.4
506752,500858,500053,3004501,,2026-08-21,32856,134,,8840,70,99,mg/dL,134.0
506753,500858,500053,3004249,,2026-08-21,32856,136,,8876,90,130,mmHg,136.0
506754,500858,500053,3012888,,2026-08-21,32856,63,,8876,60,85,mmHg,63.0
506755,500858,500053,3025315,,2026-08-21,32856,99.9,,9529,45,90,kg,99.9
506756,500858,500053,3038553,,2026-08-21,32856,32,,9531,18.5,25,kg/m2,32.0
506757,500859,500054,3036277,,2020-03-08,32856,168.1,,8582,150,185,cm,168.1
506758,500859,500054,3004410,,2020-03-08,32856,9.1,,8554,4,5.6,%,9.1
506759,500859,500054,3004501,,2020-03-08,32856,176,,8840,70,99,mg/dL,176.0
506760,500859,500054,3004249,,2020-03-08,32856,149,,8876,90,130,mmHg,149.0
506761,500859,500054,3012888,,2020-03-08,32856,90,,8876,60,85,mmHg,90.0
506762,500859,500054,3025315,,2020-03-08,32856,76.3,,9529,45,90,kg,76.3
506763,500859,500054,3038553,,2020-03-08,32856,27,,9531,18.5,25,kg/m2,27.0
506764,500859,500054,3022192,,2020-03-08,32856,70.2,,8840,0,150,mg/dL,70.2
506765,500859,500054,3007070,,2020-03-08,32856,33.3,,8840,40,60,mg/dL,33.3
506766,500859,500054,3028437,,2020-03-08,32856,66.9,,8840,0,130,mg/dL,66.9
506767,500859,500054,3013721,,2020-03-08,32856,50,,8645,0,40,U/L,50.0
506768,500859,500054,3006923,,2020-03-08,32856,24.3,,8645,0,40,U/L,24.3
506769,500859,500054,3016723,,2020-03-08,32856,0.95,,8840,0.6,1.2,mg/dL,0.95
506770,500859,500054,3049187,,2020-03-08,32856,81,,9550,90,130,mL/min/1.73m2,81.0
506771,500860,500054,3004410,,2020-06-11,32856,8.2,,8554,4,5.6,%,8.2
506772,500860,500054,3004501,,2020-06-11,32856,152,,8840,70,99,mg/dL,152.0
506773,500860,500054,3004249,,2020-06-11,32856,119,,8876,90,130,mmHg,119.0
506774,500860,500054,3012888,,2020-06-11,32856,87,,8876,60,85,mmHg,87.0
506775,500860,500054,3025315,,2020-06-11,32856,77.3,,9529,45,90,kg,77.3
506776,500860,500054,3038553,,2020-06-11,32856,27.4,,9531,18.5,25,kg/m2,27.4
506777,500861,500054,3004410,,2020-09-16,32856,8.1,,8554,4,5.6,%,8.1
506778,500861,500054,3004501,,2020-09-16,32856,140,,8840,70,99,mg/dL,140.0
506779,500861,500054,3004249,,2020-09-16,32856,145,,8876,90,130,mmHg,145.0
506780,500861,500054,3012888,,2020-09-16,32856,93,,8876,60,85,mmHg,93.0
506781,500861,500054,3025315,,2020-09-16,32856,79,,9529,45,90,kg,79.0
506782,500861,500054,3038553,,2020-09-16,32856,28,,9531,18.5,25,kg/m2,28.0
506783,500862,500054,3004410,,2020-12-20,32856,7,,8554,4,5.6,%,7.0
506784,500862,500054,3004501,,2020-12-20,32856,130,,8840,70,99,mg/dL,130.0
506785,500862,500054,3004249,,2020-12-20,32856,147,,8876,90,130,mmHg,147.0
506786,500862,500054,3012888,,2020-12-20,32856,90,,8876,60,85,mmHg,90.0
506787,500862,500054,3025315,,2020-12-20,32856,78.9,,9529,45,90,kg,78.9
506788,500862,500054,3038553,,2020-12-20,32856,27.9,,9531,18.5,25,kg/m2,27.9
506789,500863,500054,3004410,,2021-03-24,32856,7,,8554,4,5.6,%,7.0
506790,500863,500054,3004501,,2021-03-24,32856,106,,8840,70,99,mg/dL,106.0
506791,500863,500054,3004249,,2021-03-24,32856,129,,8876,90,130,mmHg,129.0
506792,500863,500054,3012888,,2021-03-24,32856,77,,8876,60,85,mmHg,77.0
506793,500863,500054,3025315,,2021-03-24,32856,79.3,,9529,45,90,kg,79.3
506794,500863,500054,3038553,,2021-03-24,32856,28.1,,9531,18.5,25,kg/m2,28.1
506795,500863,500054,3022192,,2021-03-24,32856,212.4,,8840,0,150,mg/dL,212.4
506796,500863,500054,3007070,,2021-03-24,32856,34.2,,8840,40,60,mg/dL,34.2
506797,500863,500054,3028437,,2021-03-24,32856,167.2,,8840,0,130,mg/dL,167.2
506798,500863,500054,3013721,,2021-03-24,32856,77.3,,8645,0,40,U/L,77.3
506799,500863,500054,3006923,,2021-03-24,32856,101.9,,8645,0,40,U/L,101.9
506800,500863,500054,3016723,,2021-03-24,32856,0.66,,8840,0.6,1.2,mg/dL,0.66
506801,500863,500054,3049187,,2021-03-24,32856,94,,9550,90,130,mL/min/1.73m2,94.0
506802,500864,500054,3004410,,2021-06-16,32856,6.4,,8554,4,5.6,%,6.4
506803,500864,500054,3004501,,2021-06-16,32856,129,,8840,70,99,mg/dL,129.0
506804,500864,500054,3004249,,2021-06-16,32856,141,,8876,90,130,mmHg,141.0
506805,500864,500054,3012888,,2021-06-16,32856,77,,8876,60,85,mmHg,77.0
506806,500864,500054,3025315,,2021-06-16,32856,78.7,,9529,45,90,kg,78.7
506807,500864,500054,3038553,,2021-06-16,32856,27.9,,9531,18.5,25,kg/m2,27.9
506808,500865,500054,3004410,,2021-09-15,32856,6.6,,8554,4,5.6,%,6.6
506809,500865,500054,3004501,,2021-09-15,32856,98,,8840,70,99,mg/dL,98.0
506810,500865,500054,3004249,,2021-09-15,32856,111,,8876,90,130,mmHg,111.0
506811,500865,500054,3012888,,2021-09-15,32856,74,,8876,60,85,mmHg,74.0
506812,500865,500054,3025315,,2021-09-15,32856,78.5,,9529,45,90,kg,78.5
506813,500865,500054,3038553,,2021-09-15,32856,27.8,,9531,18.5,25,kg/m2,27.8
506814,500866,500054,3004410,,2021-12-13,32856,6.5,,8554,4,5.6,%,6.5
506815,500866,500054,3004501,,2021-12-13,32856,121,,8840,70,99,mg/dL,121.0
506816,500866,500054,3004249,,2021-12-13,32856,163,,8876,90,130,mmHg,163.0
506817,500866,500054,3012888,,2021-12-13,32856,89,,8876,60,85,mmHg,89.0
506818,500866,500054,3025315,,2021-12-13,32856,79.3,,9529,45,90,kg,79.3
506819,500866,500054,3038553,,2021-12-13,32856,28.1,,9531,18.5,25,kg/m2,28.1
506820,500867,500054,3004410,,2022-03-17,32856,6.9,,8554,4,5.6,%,6.9
506821,500867,500054,3004501,,2022-03-17,32856,103,,8840,70,99,mg/dL,103.0
506822,500867,500054,3004249,,2022-03-17,32856,142,,8876,90,130,mmHg,142.0
506823,500867,500054,3012888,,2022-03-17,32856,79,,8876,60,85,mmHg,79.0
506824,500867,500054,3025315,,2022-03-17,32856,78.9,,9529,45,90,kg,78.9
506825,500867,500054,3038553,,2022-03-17,32856,27.9,,9531,18.5,25,kg/m2,27.9
506826,500867,500054,3022192,,2022-03-17,32856,10,,8840,0,150,mg/dL,10
506827,500867,500054,3007070,,2022-03-17,32856,28.2,,8840,40,60,mg/dL,28.2
506828,500867,500054,3028437,,2022-03-17,32856,105.1,,8840,0,130,mg/dL,105.1
506829,500867,500054,3013721,,2022-03-17,32856,9.5,,8645,0,40,U/L,9.5
506830,500867,500054,3006923,,2022-03-17,32856,40.2,,8645,0,40,U/L,40.2
506831,500867,500054,3016723,,2022-03-17,32856,0.81,,8840,0.6,1.2,mg/dL,0.81
506832,500867,500054,3049187,,2022-03-17,32856,88,,9550,90,130,mL/min/1.73m2,88.0
506833,500868,500054,3004410,,2022-06-17,32856,6.2,,8554,4,5.6,%,6.2
506834,500868,500054,3004501,,2022-06-17,32856,86,,8840,70,99,mg/dL,86.0
506835,500868,500054,3004249,,2022-06-17,32856,130,,8876,90,130,mmHg,130.0
506836,500868,500054,3012888,,2022-06-17,32856,85,,8876,60,85,mmHg,85.0
506837,500868,500054,3025315,,2022-06-17,32856,80.2,,9529,45,90,kg,80.2
506838,500868,500054,3038553,,2022-06-17,32856,28.4,,9531,18.5,25,kg/m2,28.4
506839,500869,500054,3004410,,2022-09-16,32856,6.2,,8554,4,5.6,%,6.2
506840,500869,500054,3004501,,2022-09-16,32856,113,,8840,70,99,mg/dL,113.0
506841,500869,500054,3004249,,2022-09-16,32856,154,,8876,90,130,mmHg,154.0
506842,500869,500054,3012888,,2022-09-16,32856,95,,8876,60,85,mmHg,95.0
506843,500869,500054,3025315,,2022-09-16,32856,80.7,,9529,45,90,kg,80.7
506844,500869,500054,3038553,,2022-09-16,32856,28.6,,9531,18.5,25,kg/m2,28.6
506845,500870,500054,3004410,,2022-12-17,32856,6.4,,8554,4,5.6,%,6.4
506846,500870,500054,3004501,,2022-12-17,32856,117,,8840,70,99,mg/dL,117.0
506847,500870,500054,3004249,,2022-12-17,32856,161,,8876,90,130,mmHg,161.0
506848,500870,500054,3012888,,2022-12-17,32856,83,,8876,60,85,mmHg,83.0
506849,500870,500054,3025315,,2022-12-17,32856,81,,9529,45,90,kg,81.0
506850,500870,500054,3038553,,2022-12-17,32856,28.7,,9531,18.5,25,kg/m2,28.7
506851,500871,500054,3004410,,2023-03-13,32856,6.4,,8554,4,5.6,%,6.4
506852,500871,500054,3004501,,2023-03-13,32856,126,,8840,70,99,mg/dL,126.0
506853,500871,500054,3004249,,2023-03-13,32856,108,,8876,90,130,mmHg,108.0
506854,500871,500054,3012888,,2023-03-13,32856,73,,8876,60,85,mmHg,73.0
506855,500871,500054,3025315,,2023-03-13,32856,79,,9529,45,90,kg,79.0
506856,500871,500054,3038553,,2023-03-13,32856,28,,9531,18.5,25,kg/m2,28.0
506857,500871,500054,3022192,,2023-03-13,32856,206.1,,8840,0,150,mg/dL,206.1
506858,500871,500054,3007070,,2023-03-13,32856,46.9,,8840,40,60,mg/dL,46.9
506859,500871,500054,3028437,,2023-03-13,32856,125.4,,8840,0,130,mg/dL,125.4
506860,500871,500054,3013721,,2023-03-13,32856,42.6,,8645,0,40,U/L,42.6
506861,500871,500054,3006923,,2023-03-13,32856,72.1,,8645,0,40,U/L,72.1
506862,500871,500054,3016723,,2023-03-13,32856,0.79,,8840,0.6,1.2,mg/dL,0.79
506863,500871,500054,3049187,,2023-03-13,32856,88,,9550,90,130,mL/min/1.73m2,88.0
506864,500872,500055,3036277,,2023-02-03,32856,157.1,,8582,150,185,cm,157.1
506865,500872,500055,3004410,,2023-02-03,32856,8,,8554,4,5.6,%,8.0
506866,500872,500055,3004501,,2023-02-03,32856,165,,8840,70,99,mg/dL,165.0
506867,500872,500055,3004249,,2023-02-03,32856,146,,8876,90,130,mmHg,146.0
506868,500872,500055,3012888,,2023-02-03,32856,90,,8876,60,85,mmHg,90.0
506869,500872,500055,3025315,,2023-02-03,32856,63.9,,9529,45,90,kg,63.9
506870,500872,500055,3038553,,2023-02-03,32856,25.9,,9531,18.5,25,kg/m2,25.9
506871,500872,500055,3022192,,2023-02-03,32856,114.2,,8840,0,150,mg/dL,114.2
506872,500872,500055,3007070,,2023-02-03,32856,51.3,,8840,40,60,mg/dL,51.3
506873,500872,500055,3028437,,2023-02-03,32856,76.5,,8840,0,130,mg/dL,76.5
506874,500872,500055,3013721,,2023-02-03,32856,30.6,,8645,0,40,U/L,30.6
506875,500872,500055,3006923,,2023-02-03,32856,13.9,,8645,0,40,U/L,13.9
506876,500872,500055,3016723,,2023-02-03,32856,1,,8840,0.6,1.2,mg/dL,1.0
506877,500872,500055,3049187,,2023-02-03,32856,67,,9550,90,130,mL/min/1.73m2,67.0
506878,500873,500055,3004410,,2023-05-08,32856,7.8,,8554,4,5.6,%,7.8
506879,500873,500055,3004501,,2023-05-08,32856,156,,8840,70,99,mg/dL,156.0
506880,500873,500055,3004249,,2023-05-08,32856,114,,8876,90,130,mmHg,114.0
506881,500873,500055,3012888,,2023-05-08,32856,75,,8876,60,85,mmHg,75.0
506882,500873,500055,3025315,,2023-05-08,32856,63.6,,9529,45,90,kg,63.6
506883,500873,500055,3038553,,2023-05-08,32856,25.8,,9531,18.5,25,kg/m2,25.8
506884,500874,500055,3004410,,2023-08-14,32856,7.9,,8554,4,5.6,%,7.9
506885,500874,500055,3004501,,2023-08-14,32856,182,,8840,70,99,mg/dL,182.0
506886,500874,500055,3004249,,2023-08-14,32856,129,,8876,90,130,mmHg,129.0
506887,500874,500055,3012888,,2023-08-14,32856,100,,8876,60,85,mmHg,100.0
506888,500874,500055,3025315,,2023-08-14,32856,64.2,,9529,45,90,kg,64.2
506889,500874,500055,3038553,,2023-08-14,32856,26,,9531,18.5,25,kg/m2,26.0
506890,500875,500055,3004410,,2023-11-14,32856,7.7,,8554,4,5.6,%,7.7
506891,500875,500055,3004501,,2023-11-14,32856,162,,8840,70,99,mg/dL,162.0
506892,500875,500055,3004249,,2023-11-14,32856,126,,8876,90,130,mmHg,126.0
506893,500875,500055,3012888,,2023-11-14,32856,88,,8876,60,85,mmHg,88.0
506894,500875,500055,3025315,,2023-11-14,32856,64,,9529,45,90,kg,64.0
506895,500875,500055,3038553,,2023-11-14,32856,25.9,,9531,18.5,25,kg/m2,25.9
506896,500876,500055,3004410,,2024-02-13,32856,7.6,,8554,4,5.6,%,7.6
506897,500876,500055,3004501,,2024-02-13,32856,124,,8840,70,99,mg/dL,124.0
506898,500876,500055,3004249,,2024-02-13,32856,143,,8876,90,130,mmHg,143.0
506899,500876,500055,3012888,,2024-02-13,32856,76,,8876,60,85,mmHg,76.0
506900,500876,500055,3025315,,2024-02-13,32856,62.5,,9529,45,90,kg,62.5
506901,500876,500055,3038553,,2024-02-13,32856,25.3,,9531,18.5,25,kg/m2,25.3
506902,500876,500055,3022192,,2024-02-13,32856,68.6,,8840,0,150,mg/dL,68.6
506903,500876,500055,3007070,,2024-02-13,32856,55.5,,8840,40,60,mg/dL,55.5
506904,500876,500055,3028437,,2024-02-13,32856,116.7,,8840,0,130,mg/dL,116.7
506905,500876,500055,3013721,,2024-02-13,32856,59.3,,8645,0,40,U/L,59.3
506906,500876,500055,3006923,,2024-02-13,32856,69.2,,8645,0,40,U/L,69.2
506907,500876,500055,3016723,,2024-02-13,32856,0.67,,8840,0.6,1.2,mg/dL,0.67
506908,500876,500055,3049187,,2024-02-13,32856,103,,9550,90,130,mL/min/1.73m2,103.0
506909,500877,500055,3004410,,2024-05-14,32856,7.5,,8554,4,5.6,%,7.5
506910,500877,500055,3004501,,2024-05-14,32856,158,,8840,70,99,mg/dL,158.0
506911,500877,500055,3004249,,2024-05-14,32856,153,,8876,90,130,mmHg,153.0
506912,500877,500055,3012888,,2024-05-14,32856,85,,8876,60,85,mmHg,85.0
506913,500877,500055,3025315,,2024-05-14,32856,62.3,,9529,45,90,kg,62.3
506914,500877,500055,3038553,,2024-05-14,32856,25.2,,9531,18.5,25,kg/m2,25.2
506915,500878,500055,3004410,,2024-08-07,32856,7.2,,8554,4,5.6,%,7.2
506916,500878,500055,3004501,,2024-08-07,32856,137,,8840,70,99,mg/dL,137.0
506917,500878,500055,3004249,,2024-08-07,32856,158,,8876,90,130,mmHg,158.0
506918,500878,500055,3012888,,2024-08-07,32856,75,,8876,60,85,mmHg,75.0
506919,500878,500055,3025315,,2024-08-07,32856,64.5,,9529,45,90,kg,64.5
506920,500878,500055,3038553,,2024-08-07,32856,26.1,,9531,18.5,25,kg/m2,26.1
506921,500879,500055,3004410,,2024-11-04,32856,7.7,,8554,4,5.6,%,7.7
506922,500879,500055,3004501,,2024-11-04,32856,158,,8840,70,99,mg/dL,158.0
506923,500879,500055,3004249,,2024-11-04,32856,155,,8876,90,130,mmHg,155.0
506924,500879,500055,3012888,,2024-11-04,32856,103,,8876,60,85,mmHg,103.0
506925,500879,500055,3025315,,2024-11-04,32856,64.4,,9529,45,90,kg,64.4
506926,500879,500055,3038553,,2024-11-04,32856,26.1,,9531,18.5,25,kg/m2,26.1
506927,500880,500055,3004410,,2025-02-06,32856,7.7,,8554,4,5.6,%,7.7
506928,500880,500055,3004501,,2025-02-06,32856,172,,8840,70,99,mg/dL,172.0
506929,500880,500055,3004249,,2025-02-06,32856,142,,8876,90,130,mmHg,142.0
506930,500880,500055,3012888,,2025-02-06,32856,79,,8876,60,85,mmHg,79.0
506931,500880,500055,3025315,,2025-02-06,32856,65.3,,9529,45,90,kg,65.3
506932,500880,500055,3038553,,2025-02-06,32856,26.5,,9531,18.5,25,kg/m2,26.5
506933,500880,500055,3022192,,2025-02-06,32856,10,,8840,0,150,mg/dL,10
506934,500880,500055,3007070,,2025-02-06,32856,70,,8840,40,60,mg/dL,70.0
506935,500880,500055,3028437,,2025-02-06,32856,116.1,,8840,0,130,mg/dL,116.1
506936,500880,500055,3013721,,2025-02-06,32856,20.1,,8645,0,40,U/L,20.1
506937,500880,500055,3006923,,2025-02-06,32856,65.5,,8645,0,40,U/L,65.5
506938,500880,500055,3016723,,2025-02-06,32856,0.5,,8840,0.6,1.2,mg/dL,0.5
506939,500880,500055,3049187,,2025-02-06,32856,110,,9550,90,130,mL/min/1.73m2,110.0
506940,500881,500055,3004410,,2025-05-10,32856,7.4,,8554,4,5.6,%,7.4
506941,500881,500055,3004501,,2025-05-10,32856,126,,8840,70,99,mg/dL,126.0
506942,500881,500055,3004249,,2025-05-10,32856,132,,8876,90,130,mmHg,132.0
506943,500881,500055,3012888,,2025-05-10,32856,60,,8876,60,85,mmHg,60.0
506944,500881,500055,3025315,,2025-05-10,32856,66.1,,9529,45,90,kg,66.1
506945,500881,500055,3038553,,2025-05-10,32856,26.8,,9531,18.5,25,kg/m2,26.8
506946,500882,500055,3004410,,2025-08-02,32856,7.8,,8554,4,5.6,%,7.8
506947,500882,500055,3004501,,2025-08-02,32856,185,,8840,70,99,mg/dL,185.0
506948,500882,500055,3004249,,2025-08-02,32856,123,,8876,90,130,mmHg,123.0
506949,500882,500055,3012888,,2025-08-02,32856,82,,8876,60,85,mmHg,82.0
506950,500882,500055,3025315,,2025-08-02,32856,66.6,,9529,45,90,kg,66.6
506951,500882,500055,3038553,,2025-08-02,32856,27,,9531,18.5,25,kg/m2,27.0
506952,500883,500055,3004410,,2025-11-04,32856,6.9,,8554,4,5.6,%,6.9
506953,500883,500055,3004501,,2025-11-04,32856,89,,8840,70,99,mg/dL,89.0
506954,500883,500055,3004249,,2025-11-04,32856,149,,8876,90,130,mmHg,149.0
506955,500883,500055,3012888,,2025-11-04,32856,79,,8876,60,85,mmHg,79.0
506956,500883,500055,3025315,,2025-11-04,32856,66.7,,9529,45,90,kg,66.7
506957,500883,500055,3038553,,2025-11-04,32856,27,,9531,18.5,25,kg/m2,27.0
506958,500884,500055,3004410,,2026-01-28,32856,6.8,,8554,4,5.6,%,6.8
506959,500884,500055,3004501,,2026-01-28,32856,126,,8840,70,99,mg/dL,126.0
506960,500884,500055,3004249,,2026-01-28,32856,146,,8876,90,130,mmHg,146.0
506961,500884,500055,3012888,,2026-01-28,32856,95,,8876,60,85,mmHg,95.0
506962,500884,500055,3025315,,2026-01-28,32856,65.5,,9529,45,90,kg,65.5
506963,500884,500055,3038553,,2026-01-28,32856,26.5,,9531,18.5,25,kg/m2,26.5
506964,500884,500055,3022192,,2026-01-28,32856,114.1,,8840,0,150,mg/dL,114.1
506965,500884,500055,3007070,,2026-01-28,32856,52.5,,8840,40,60,mg/dL,52.5
506966,500884,500055,3028437,,2026-01-28,32856,117.3,,8840,0,130,mg/dL,117.3
506967,500884,500055,3013721,,2026-01-28,32856,27.6,,8645,0,40,U/L,27.6
506968,500884,500055,3006923,,2026-01-28,32856,23.6,,8645,0,40,U/L,23.6
506969,500884,500055,3016723,,2026-01-28,32856,1.06,,8840,0.6,1.2,mg/dL,1.06
506970,500884,500055,3049187,,2026-01-28,32856,61,,9550,90,130,mL/min/1.73m2,61.0
506971,500885,500055,3004410,,2026-04-28,32856,6.8,,8554,4,5.6,%,6.8
506972,500885,500055,3004501,,2026-04-28,32856,139,,8840,70,99,mg/dL,139.0
506973,500885,500055,3004249,,2026-04-28,32856,120,,8876,90,130,mmHg,120.0
506974,500885,500055,3012888,,2026-04-28,32856,87,,8876,60,85,mmHg,87.0
506975,500885,500055,3025315,,2026-04-28,32856,66.2,,9529,45,90,kg,66.2
506976,500885,500055,3038553,,2026-04-28,32856,26.8,,9531,18.5,25,kg/m2,26.8
506977,500886,500055,3004410,,2026-07-23,32856,7.6,,8554,4,5.6,%,7.6
506978,500886,500055,3004501,,2026-07-23,32856,161,,8840,70,99,mg/dL,161.0
506979,500886,500055,3004249,,2026-07-23,32856,147,,8876,90,130,mmHg,147.0
506980,500886,500055,3012888,,2026-07-23,32856,87,,8876,60,85,mmHg,87.0
506981,500886,500055,3025315,,2026-07-23,32856,67.2,,9529,45,90,kg,67.2
506982,500886,500055,3038553,,2026-07-23,32856,27.2,,9531,18.5,25,kg/m2,27.2
506983,500887,500056,3036277,,2023-05-06,32856,161.1,,8582,150,185,cm,161.1
506984,500887,500056,3004410,,2023-05-06,32856,7.5,,8554,4,5.6,%,7.5
506985,500887,500056,3004501,,2023-05-06,32856,148,,8840,70,99,mg/dL,148.0
506986,500887,500056,3004249,,2023-05-06,32856,113,,8876,90,130,mmHg,113.0
506987,500887,500056,3012888,,2023-05-06,32856,64,,8876,60,85,mmHg,64.0
506988,500887,500056,3025315,,2023-05-06,32856,73.7,,9529,45,90,kg,73.7
506989,500887,500056,3038553,,2023-05-06,32856,28.4,,9531,18.5,25,kg/m2,28.4
506990,500887,500056,3022192,,2023-05-06,32856,170.7,,8840,0,150,mg/dL,170.7
506991,500887,500056,3007070,,2023-05-06,32856,53.2,,8840,40,60,mg/dL,53.2
506992,500887,500056,3028437,,2023-05-06,32856,125.8,,8840,0,130,mg/dL,125.8
506993,500887,500056,3013721,,2023-05-06,32856,39,,8645,0,40,U/L,39.0
506994,500887,500056,3006923,,2023-05-06,32856,51.7,,8645,0,40,U/L,51.7
506995,500887,500056,3016723,,2023-05-06,32856,0.78,,8840,0.6,1.2,mg/dL,0.78
506996,500887,500056,3049187,,2023-05-06,32856,87,,9550,90,130,mL/min/1.73m2,87.0
506997,500888,500056,3004410,,2023-07-30,32856,6.1,,8554,4,5.6,%,6.1
506998,500888,500056,3004501,,2023-07-30,32856,94,,8840,70,99,mg/dL,94.0
506999,500888,500056,3004249,,2023-07-30,32856,112,,8876,90,130,mmHg,112.0
507000,500888,500056,3012888,,2023-07-30,32856,60,,8876,60,85,mmHg,60.0
507001,500888,500056,3025315,,2023-07-30,32856,73.3,,9529,45,90,kg,73.3
507002,500888,500056,3038553,,2023-07-30,32856,28.2,,9531,18.5,25,kg/m2,28.2
507003,500889,500056,3004410,,2023-10-26,32856,6.9,,8554,4,5.6,%,6.9
507004,500889,500056,3004501,,2023-10-26,32856,136,,8840,70,99,mg/dL,136.0
507005,500889,500056,3004249,,2023-10-26,32856,126,,8876,90,130,mmHg,126.0
507006,500889,500056,3012888,,2023-10-26,32856,83,,8876,60,85,mmHg,83.0
507007,500889,500056,3025315,,2023-10-26,32856,73.9,,9529,45,90,kg,73.9
507008,500889,500056,3038553,,2023-10-26,32856,28.5,,9531,18.5,25,kg/m2,28.5
507009,500890,500056,3004410,,2024-01-29,32856,6.8,,8554,4,5.6,%,6.8
507010,500890,500056,3004501,,2024-01-29,32856,153,,8840,70,99,mg/dL,153.0
507011,500890,500056,3004249,,2024-01-29,32856,127,,8876,90,130,mmHg,127.0
507012,500890,500056,3012888,,2024-01-29,32856,71,,8876,60,85,mmHg,71.0
507013,500890,500056,3025315,,2024-01-29,32856,72.4,,9529,45,90,kg,72.4
507014,500890,500056,3038553,,2024-01-29,32856,27.9,,9531,18.5,25,kg/m2,27.9
507015,500891,500056,3004410,,2024-04-29,32856,7.4,,8554,4,5.6,%,7.4
507016,500891,500056,3004501,,2024-04-29,32856,137,,8840,70,99,mg/dL,137.0
507017,500891,500056,3004249,,2024-04-29,32856,138,,8876,90,130,mmHg,138.0
507018,500891,500056,3012888,,2024-04-29,32856,84,,8876,60,85,mmHg,84.0
507019,500891,500056,3025315,,2024-04-29,32856,73,,9529,45,90,kg,73.0
507020,500891,500056,3038553,,2024-04-29,32856,28.1,,9531,18.5,25,kg/m2,28.1
507021,500891,500056,3022192,,2024-04-29,32856,229.4,,8840,0,150,mg/dL,229.4
507022,500891,500056,3007070,,2024-04-29,32856,51.8,,8840,40,60,mg/dL,51.8
507023,500891,500056,3028437,,2024-04-29,32856,114.1,,8840,0,130,mg/dL,114.1
507024,500891,500056,3013721,,2024-04-29,32856,19.1,,8645,0,40,U/L,19.1
507025,500891,500056,3006923,,2024-04-29,32856,77,,8645,0,40,U/L,77.0
507026,500891,500056,3016723,,2024-04-29,32856,0.85,,8840,0.6,1.2,mg/dL,0.85
507027,500891,500056,3049187,,2024-04-29,32856,78,,9550,90,130,mL/min/1.73m2,78.0
507028,500892,500056,3004410,,2024-08-03,32856,6.7,,8554,4,5.6,%,6.7
507029,500892,500056,3004501,,2024-08-03,32856,130,,8840,70,99,mg/dL,130.0
507030,500892,500056,3004249,,2024-08-03,32856,143,,8876,90,130,mmHg,143.0
507031,500892,500056,3012888,,2024-08-03,32856,68,,8876,60,85,mmHg,68.0
507032,500892,500056,3025315,,2024-08-03,32856,73.4,,9529,45,90,kg,73.4
507033,500892,500056,3038553,,2024-08-03,32856,28.3,,9531,18.5,25,kg/m2,28.3
507034,500893,500056,3004410,,2024-10-31,32856,7.5,,8554,4,5.6,%,7.5
507035,500893,500056,3004501,,2024-10-31,32856,159,,8840,70,99,mg/dL,159.0
507036,500893,500056,3004249,,2024-10-31,32856,138,,8876,90,130,mmHg,138.0
507037,500893,500056,3012888,,2024-10-31,32856,77,,8876,60,85,mmHg,77.0
507038,500893,500056,3025315,,2024-10-31,32856,72.9,,9529,45,90,kg,72.9
507039,500893,500056,3038553,,2024-10-31,32856,28.1,,9531,18.5,25,kg/m2,28.1
507040,500894,500056,3004410,,2025-02-06,32856,7.7,,8554,4,5.6,%,7.7
507041,500894,500056,3004501,,2025-02-06,32856,139,,8840,70,99,mg/dL,139.0
507042,500894,500056,3004249,,2025-02-06,32856,117,,8876,90,130,mmHg,117.0
507043,500894,500056,3012888,,2025-02-06,32856,64,,8876,60,85,mmHg,64.0
507044,500894,500056,3025315,,2025-02-06,32856,74.3,,9529,45,90,kg,74.3
507045,500894,500056,3038553,,2025-02-06,32856,28.6,,9531,18.5,25,kg/m2,28.6
507046,500895,500056,3004410,,2025-05-02,32856,6.8,,8554,4,5.6,%,6.8
507047,500895,500056,3004501,,2025-05-02,32856,128,,8840,70,99,mg/dL,128.0
507048,500895,500056,3004249,,2025-05-02,32856,119,,8876,90,130,mmHg,119.0
507049,500895,500056,3012888,,2025-05-02,32856,74,,8876,60,85,mmHg,74.0
507050,500895,500056,3025315,,2025-05-02,32856,73.8,,9529,45,90,kg,73.8
507051,500895,500056,3038553,,2025-05-02,32856,28.4,,9531,18.5,25,kg/m2,28.4
507052,500895,500056,3022192,,2025-05-02,32856,63.8,,8840,0,150,mg/dL,63.8
507053,500895,500056,3007070,,2025-05-02,32856,57.3,,8840,40,60,mg/dL,57.3
507054,500895,500056,3028437,,2025-05-02,32856,110.4,,8840,0,130,mg/dL,110.4
507055,500895,500056,3013721,,2025-05-02,32856,45.1,,8645,0,40,U/L,45.1
507056,500895,500056,3006923,,2025-05-02,32856,20.4,,8645,0,40,U/L,20.4
507057,500895,500056,3016723,,2025-05-02,32856,1.06,,8840,0.6,1.2,mg/dL,1.06
507058,500895,500056,3049187,,2025-05-02,32856,59,,9550,90,130,mL/min/1.73m2,59.0
507059,500896,500056,3004410,,2025-07-30,32856,6.5,,8554,4,5.6,%,6.5
507060,500896,500056,3004501,,2025-07-30,32856,117,,8840,70,99,mg/dL,117.0
507061,500896,500056,3004249,,2025-07-30,32856,127,,8876,90,130,mmHg,127.0
507062,500896,500056,3012888,,2025-07-30,32856,82,,8876,60,85,mmHg,82.0
507063,500896,500056,3025315,,2025-07-30,32856,73.8,,9529,45,90,kg,73.8
507064,500896,500056,3038553,,2025-07-30,32856,28.4,,9531,18.5,25,kg/m2,28.4
507065,500897,500056,3004410,,2025-11-01,32856,6.7,,8554,4,5.6,%,6.7
507066,500897,500056,3004501,,2025-11-01,32856,135,,8840,70,99,mg/dL,135.0
507067,500897,500056,3004249,,2025-11-01,32856,127,,8876,90,130,mmHg,127.0
507068,500897,500056,3012888,,2025-11-01,32856,83,,8876,60,85,mmHg,83.0
507069,500897,500056,3025315,,2025-11-01,32856,74.2,,9529,45,90,kg,74.2
507070,500897,500056,3038553,,2025-11-01,32856,28.6,,9531,18.5,25,kg/m2,28.6
507071,500898,500056,3004410,,2026-01-29,32856,6.7,,8554,4,5.6,%,6.7
507072,500898,500056,3004501,,2026-01-29,32856,102,,8840,70,99,mg/dL,102.0
507073,500898,500056,3004249,,2026-01-29,32856,124,,8876,90,130,mmHg,124.0
507074,500898,500056,3012888,,2026-01-29,32856,83,,8876,60,85,mmHg,83.0
507075,500898,500056,3025315,,2026-01-29,32856,74,,9529,45,90,kg,74.0
507076,500898,500056,3038553,,2026-01-29,32856,28.5,,9531,18.5,25,kg/m2,28.5
507077,500899,500056,3004410,,2026-04-24,32856,6.5,,8554,4,5.6,%,6.5
507078,500899,500056,3004501,,2026-04-24,32856,127,,8840,70,99,mg/dL,127.0
507079,500899,500056,3004249,,2026-04-24,32856,129,,8876,90,130,mmHg,129.0
507080,500899,500056,3012888,,2026-04-24,32856,77,,8876,60,85,mmHg,77.0
507081,500899,500056,3025315,,2026-04-24,32856,73.1,,9529,45,90,kg,73.1
507082,500899,500056,3038553,,2026-04-24,32856,28.2,,9531,18.5,25,kg/m2,28.2
507083,500899,500056,3022192,,2026-04-24,32856,186.6,,8840,0,150,mg/dL,186.6
507084,500899,500056,3007070,,2026-04-24,32856,38.7,,8840,40,60,mg/dL,38.7
507085,500899,500056,3028437,,2026-04-24,32856,73.6,,8840,0,130,mg/dL,73.6
507086,500899,500056,3013721,,2026-04-24,32856,24.7,,8645,0,40,U/L,24.7
507087,500899,500056,3006923,,2026-04-24,32856,82.5,,8645,0,40,U/L,82.5
507088,500899,500056,3016723,,2026-04-24,32856,1.04,,8840,0.6,1.2,mg/dL,1.04
507089,500899,500056,3049187,,2026-04-24,32856,60,,9550,90,130,mL/min/1.73m2,60.0
507090,500900,500056,3004410,,2026-07-30,32856,7.3,,8554,4,5.6,%,7.3
507091,500900,500056,3004501,,2026-07-30,32856,137,,8840,70,99,mg/dL,137.0
507092,500900,500056,3004249,,2026-07-30,32856,119,,8876,90,130,mmHg,119.0
507093,500900,500056,3012888,,2026-07-30,32856,72,,8876,60,85,mmHg,72.0
507094,500900,500056,3025315,,2026-07-30,32856,72.6,,9529,45,90,kg,72.6
507095,500900,500056,3038553,,2026-07-30,32856,28,,9531,18.5,25,kg/m2,28.0
507096,500901,500057,3036277,,2022-05-04,32856,180.3,,8582,150,185,cm,180.3
507097,500901,500057,3004410,,2022-05-04,32856,7.8,,8554,4,5.6,%,7.8
507098,500901,500057,3004501,,2022-05-04,32856,165,,8840,70,99,mg/dL,165.0
507099,500901,500057,3004249,,2022-05-04,32856,128,,8876,90,130,mmHg,128.0
507100,500901,500057,3012888,,2022-05-04,32856,86,,8876,60,85,mmHg,86.0
507101,500901,500057,3025315,,2022-05-04,32856,84.5,,9529,45,90,kg,84.5
507102,500901,500057,3038553,,2022-05-04,32856,26,,9531,18.5,25,kg/m2,26.0
507103,500901,500057,3022192,,2022-05-04,32856,241.7,,8840,0,150,mg/dL,241.7
507104,500901,500057,3007070,,2022-05-04,32856,35.2,,8840,40,60,mg/dL,35.2
507105,500901,500057,3028437,,2022-05-04,32856,163.9,,8840,0,130,mg/dL,163.9
507106,500901,500057,3013721,,2022-05-04,32856,28.4,,8645,0,40,U/L,28.4
507107,500901,500057,3006923,,2022-05-04,32856,81.1,,8645,0,40,U/L,81.1
507108,500901,500057,3016723,,2022-05-04,32856,1.1,,8840,0.6,1.2,mg/dL,1.1
507109,500901,500057,3049187,,2022-05-04,32856,84,,9550,90,130,mL/min/1.73m2,84.0
507110,500902,500057,3004410,,2022-07-27,32856,8.2,,8554,4,5.6,%,8.2
507111,500902,500057,3004501,,2022-07-27,32856,172,,8840,70,99,mg/dL,172.0
507112,500902,500057,3004249,,2022-07-27,32856,139,,8876,90,130,mmHg,139.0
507113,500902,500057,3012888,,2022-07-27,32856,85,,8876,60,85,mmHg,85.0
507114,500902,500057,3025315,,2022-07-27,32856,84.2,,9529,45,90,kg,84.2
507115,500902,500057,3038553,,2022-07-27,32856,25.9,,9531,18.5,25,kg/m2,25.9
507116,500903,500057,3004410,,2022-11-01,32856,7.8,,8554,4,5.6,%,7.8
507117,500903,500057,3004501,,2022-11-01,32856,142,,8840,70,99,mg/dL,142.0
507118,500903,500057,3004249,,2022-11-01,32856,142,,8876,90,130,mmHg,142.0
507119,500903,500057,3012888,,2022-11-01,32856,82,,8876,60,85,mmHg,82.0
507120,500903,500057,3025315,,2022-11-01,32856,83.5,,9529,45,90,kg,83.5
507121,500903,500057,3038553,,2022-11-01,32856,25.7,,9531,18.5,25,kg/m2,25.7
507122,500904,500057,3004410,,2023-02-06,32856,8,,8554,4,5.6,%,8.0
507123,500904,500057,3004501,,2023-02-06,32856,193,,8840,70,99,mg/dL,193.0
507124,500904,500057,3004249,,2023-02-06,32856,145,,8876,90,130,mmHg,145.0
507125,500904,500057,3012888,,2023-02-06,32856,90,,8876,60,85,mmHg,90.0
507126,500904,500057,3025315,,2023-02-06,32856,84.3,,9529,45,90,kg,84.3
507127,500904,500057,3038553,,2023-02-06,32856,25.9,,9531,18.5,25,kg/m2,25.9
507128,500905,500057,3004410,,2023-05-02,32856,7.7,,8554,4,5.6,%,7.7
507129,500905,500057,3004501,,2023-05-02,32856,160,,8840,70,99,mg/dL,160.0
507130,500905,500057,3004249,,2023-05-02,32856,140,,8876,90,130,mmHg,140.0
507131,500905,500057,3012888,,2023-05-02,32856,69,,8876,60,85,mmHg,69.0
507132,500905,500057,3025315,,2023-05-02,32856,85.1,,9529,45,90,kg,85.1
507133,500905,500057,3038553,,2023-05-02,32856,26.2,,9531,18.5,25,kg/m2,26.2
507134,500905,500057,3022192,,2023-05-02,32856,111.4,,8840,0,150,mg/dL,111.4
507135,500905,500057,3007070,,2023-05-02,32856,62.7,,8840,40,60,mg/dL,62.7
507136,500905,500057,3028437,,2023-05-02,32856,121.4,,8840,0,130,mg/dL,121.4
507137,500905,500057,3013721,,2023-05-02,32856,25.8,,8645,0,40,U/L,25.8
507138,500905,500057,3006923,,2023-05-02,32856,95.6,,8645,0,40,U/L,95.6
507139,500905,500057,3016723,,2023-05-02,32856,0.68,,8840,0.6,1.2,mg/dL,0.68
507140,500905,500057,3049187,,2023-05-02,32856,116,,9550,90,130,mL/min/1.73m2,116.0
507141,500906,500057,3004410,,2023-07-27,32856,7.8,,8554,4,5.6,%,7.8
507142,500906,500057,3004501,,2023-07-27,32856,142,,8840,70,99,mg/dL,142.0
507143,500906,500057,3004249,,2023-07-27,32856,138,,8876,90,130,mmHg,138.0
507144,500906,500057,3012888,,2023-07-27,32856,77,,8876,60,85,mmHg,77.0
507145,500906,500057,3025315,,2023-07-27,32856,85.8,,9529,45,90,kg,85.8
507146,500906,500057,3038553,,2023-07-27,32856,26.4,,9531,18.5,25,kg/m2,26.4
507147,500907,500057,3004410,,2023-10-24,32856,8,,8554,4,5.6,%,8.0
507148,500907,500057,3004501,,2023-10-24,32856,151,,8840,70,99,mg/dL,151.0
507149,500907,500057,3004249,,2023-10-24,32856,135,,8876,90,130,mmHg,135.0
507150,500907,500057,3012888,,2023-10-24,32856,78,,8876,60,85,mmHg,78.0
507151,500907,500057,3025315,,2023-10-24,32856,86.3,,9529,45,90,kg,86.3
507152,500907,500057,3038553,,2023-10-24,32856,26.5,,9531,18.5,25,kg/m2,26.5
507153,500908,500057,3004410,,2024-01-20,32856,7.3,,8554,4,5.6,%,7.3
507154,500908,500057,3004501,,2024-01-20,32856,123,,8840,70,99,mg/dL,123.0
507155,500908,500057,3004249,,2024-01-20,32856,125,,8876,90,130,mmHg,125.0
507156,500908,500057,3012888,,2024-01-20,32856,94,,8876,60,85,mmHg,94.0
507157,500908,500057,3025315,,2024-01-20,32856,86.3,,9529,45,90,kg,86.3
507158,500908,500057,3038553,,2024-01-20,32856,26.5,,9531,18.5,25,kg/m2,26.5
507159,500909,500057,3004410,,2024-04-20,32856,7.3,,8554,4,5.6,%,7.3
507160,500909,500057,3004501,,2024-04-20,32856,138,,8840,70,99,mg/dL,138.0
507161,500909,500057,3004249,,2024-04-20,32856,162,,8876,90,130,mmHg,162.0
507162,500909,500057,3012888,,2024-04-20,32856,91,,8876,60,85,mmHg,91.0
507163,500909,500057,3025315,,2024-04-20,32856,87,,9529,45,90,kg,87.0
507164,500909,500057,3038553,,2024-04-20,32856,26.8,,9531,18.5,25,kg/m2,26.8
507165,500909,500057,3022192,,2024-04-20,32856,256.8,,8840,0,150,mg/dL,256.8
507166,500909,500057,3007070,,2024-04-20,32856,58.7,,8840,40,60,mg/dL,58.7
507167,500909,500057,3028437,,2024-04-20,32856,148.7,,8840,0,130,mg/dL,148.7
507168,500909,500057,3013721,,2024-04-20,32856,29.2,,8645,0,40,U/L,29.2
507169,500909,500057,3006923,,2024-04-20,32856,56,,8645,0,40,U/L,56.0
507170,500909,500057,3016723,,2024-04-20,32856,1.14,,8840,0.6,1.2,mg/dL,1.14
507171,500909,500057,3049187,,2024-04-20,32856,80,,9550,90,130,mL/min/1.73m2,80.0
507172,500910,500057,3004410,,2024-07-22,32856,6.9,,8554,4,5.6,%,6.9
507173,500910,500057,3004501,,2024-07-22,32856,134,,8840,70,99,mg/dL,134.0
507174,500910,500057,3004249,,2024-07-22,32856,131,,8876,90,130,mmHg,131.0
507175,500910,500057,3012888,,2024-07-22,32856,85,,8876,60,85,mmHg,85.0
507176,500910,500057,3025315,,2024-07-22,32856,85.7,,9529,45,90,kg,85.7
507177,500910,500057,3038553,,2024-07-22,32856,26.4,,9531,18.5,25,kg/m2,26.4
507178,500911,500057,3004410,,2024-10-16,32856,7.2,,8554,4,5.6,%,7.2
507179,500911,500057,3004501,,2024-10-16,32856,135,,8840,70,99,mg/dL,135.0
507180,500911,500057,3004249,,2024-10-16,32856,130,,8876,90,130,mmHg,130.0
507181,500911,500057,3012888,,2024-10-16,32856,97,,8876,60,85,mmHg,97.0
507182,500911,500057,3025315,,2024-10-16,32856,84.2,,9529,45,90,kg,84.2
507183,500911,500057,3038553,,2024-10-16,32856,25.9,,9531,18.5,25,kg/m2,25.9
507184,500912,500057,3004410,,2025-01-13,32856,7.4,,8554,4,5.6,%,7.4
507185,500912,500057,3004501,,2025-01-13,32856,149,,8840,70,99,mg/dL,149.0
507186,500912,500057,3004249,,2025-01-13,32856,106,,8876,90,130,mmHg,106.0
507187,500912,500057,3012888,,2025-01-13,32856,100,,8876,60,85,mmHg,100.0
507188,500912,500057,3025315,,2025-01-13,32856,85.1,,9529,45,90,kg,85.1
507189,500912,500057,3038553,,2025-01-13,32856,26.2,,9531,18.5,25,kg/m2,26.2
507190,500913,500057,3004410,,2025-04-07,32856,7.2,,8554,4,5.6,%,7.2
507191,500913,500057,3004501,,2025-04-07,32856,131,,8840,70,99,mg/dL,131.0
507192,500913,500057,3004249,,2025-04-07,32856,156,,8876,90,130,mmHg,156.0
507193,500913,500057,3012888,,2025-04-07,32856,85,,8876,60,85,mmHg,85.0
507194,500913,500057,3025315,,2025-04-07,32856,83.3,,9529,45,90,kg,83.3
507195,500913,500057,3038553,,2025-04-07,32856,25.6,,9531,18.5,25,kg/m2,25.6
507196,500913,500057,3022192,,2025-04-07,32856,227.9,,8840,0,150,mg/dL,227.9
507197,500913,500057,3007070,,2025-04-07,32856,55.5,,8840,40,60,mg/dL,55.5
507198,500913,500057,3028437,,2025-04-07,32856,66.8,,8840,0,130,mg/dL,66.8
507199,500913,500057,3013721,,2025-04-07,32856,55.7,,8645,0,40,U/L,55.7
507200,500913,500057,3006923,,2025-04-07,32856,32.4,,8645,0,40,U/L,32.4
507201,500913,500057,3016723,,2025-04-07,32856,1.06,,8840,0.6,1.2,mg/dL,1.06
507202,500913,500057,3049187,,2025-04-07,32856,87,,9550,90,130,mL/min/1.73m2,87.0
507203,500914,500057,3004410,,2025-06-30,32856,7.7,,8554,4,5.6,%,7.7
507204,500914,500057,3004501,,2025-06-30,32856,145,,8840,70,99,mg/dL,145.0
507205,500914,500057,3004249,,2025-06-30,32856,129,,8876,90,130,mmHg,129.0
507206,500914,500057,3012888,,2025-06-30,32856,76,,8876,60,85,mmHg,76.0
507207,500914,500057,3025315,,2025-06-30,32856,83.1,,9529,45,90,kg,83.1
507208,500914,500057,3038553,,2025-06-30,32856,25.6,,9531,18.5,25,kg/m2,25.6
507209,500915,500057,3004410,,2025-09-30,32856,7.2,,8554,4,5.6,%,7.2
507210,500915,500057,3004501,,2025-09-30,32856,150,,8840,70,99,mg/dL,150.0
507211,500915,500057,3004249,,2025-09-30,32856,153,,8876,90,130,mmHg,153.0
507212,500915,500057,3012888,,2025-09-30,32856,80,,8876,60,85,mmHg,80.0
507213,500915,500057,3025315,,2025-09-30,32856,84.9,,9529,45,90,kg,84.9
507214,500915,500057,3038553,,2025-09-30,32856,26.1,,9531,18.5,25,kg/m2,26.1
507215,500916,500057,3004410,,2025-12-28,32856,7.2,,8554,4,5.6,%,7.2
507216,500916,500057,3004501,,2025-12-28,32856,140,,8840,70,99,mg/dL,140.0
507217,500916,500057,3004249,,2025-12-28,32856,154,,8876,90,130,mmHg,154.0
507218,500916,500057,3012888,,2025-12-28,32856,86,,8876,60,85,mmHg,86.0
507219,500916,500057,3025315,,2025-12-28,32856,85,,9529,45,90,kg,85.0
507220,500916,500057,3038553,,2025-12-28,32856,26.1,,9531,18.5,25,kg/m2,26.1
507221,500917,500057,3004410,,2026-03-28,32856,7.3,,8554,4,5.6,%,7.3
507222,500917,500057,3004501,,2026-03-28,32856,152,,8840,70,99,mg/dL,152.0
507223,500917,500057,3004249,,2026-03-28,32856,145,,8876,90,130,mmHg,145.0
507224,500917,500057,3012888,,2026-03-28,32856,78,,8876,60,85,mmHg,78.0
507225,500917,500057,3025315,,2026-03-28,32856,86.4,,9529,45,90,kg,86.4
507226,500917,500057,3038553,,2026-03-28,32856,26.6,,9531,18.5,25,kg/m2,26.6
507227,500917,500057,3022192,,2026-03-28,32856,171.8,,8840,0,150,mg/dL,171.8
507228,500917,500057,3007070,,2026-03-28,32856,46.4,,8840,40,60,mg/dL,46.4
507229,500917,500057,3028437,,2026-03-28,32856,129.2,,8840,0,130,mg/dL,129.2
507230,500917,500057,3013721,,2026-03-28,32856,12.3,,8645,0,40,U/L,12.3
507231,500917,500057,3006923,,2026-03-28,32856,76.8,,8645,0,40,U/L,76.8
507232,500917,500057,3016723,,2026-03-28,32856,0.53,,8840,0.6,1.2,mg/dL,0.53
507233,500917,500057,3049187,,2026-03-28,32856,123,,9550,90,130,mL/min/1.73m2,123.0
507234,500918,500057,3004410,,2026-06-28,32856,7.9,,8554,4,5.6,%,7.9
507235,500918,500057,3004501,,2026-06-28,32856,148,,8840,70,99,mg/dL,148.0
507236,500918,500057,3004249,,2026-06-28,32856,136,,8876,90,130,mmHg,136.0
507237,500918,500057,3012888,,2026-06-28,32856,85,,8876,60,85,mmHg,85.0
507238,500918,500057,3025315,,2026-06-28,32856,86.1,,9529,45,90,kg,86.1
507239,500918,500057,3038553,,2026-06-28,32856,26.5,,9531,18.5,25,kg/m2,26.5
507240,500919,500058,3036277,,2018-12-05,32856,159.8,,8582,150,185,cm,159.8
507241,500919,500058,3004410,,2018-12-05,32856,6.5,,8554,4,5.6,%,6.5
507242,500919,500058,3004501,,2018-12-05,32856,137,,8840,70,99,mg/dL,137.0
507243,500919,500058,3004249,,2018-12-05,32856,124,,8876,90,130,mmHg,124.0
507244,500919,500058,3012888,,2018-12-05,32856,87,,8876,60,85,mmHg,87.0
507245,500919,500058,3025315,,2018-12-05,32856,61.8,,9529,45,90,kg,61.8
507246,500919,500058,3038553,,2018-12-05,32856,24.2,,9531,18.5,25,kg/m2,24.2
507247,500919,500058,3022192,,2018-12-05,32856,215.2,,8840,0,150,mg/dL,215.2
507248,500919,500058,3007070,,2018-12-05,32856,55,,8840,40,60,mg/dL,55.0
507249,500919,500058,3028437,,2018-12-05,32856,139.6,,8840,0,130,mg/dL,139.6
507250,500919,500058,3013721,,2018-12-05,32856,44.9,,8645,0,40,U/L,44.9
507251,500919,500058,3006923,,2018-12-05,32856,63.6,,8645,0,40,U/L,63.6
507252,500919,500058,3016723,,2018-12-05,32856,0.93,,8840,0.6,1.2,mg/dL,0.93
507253,500919,500058,3049187,,2018-12-05,32856,74,,9550,90,130,mL/min/1.73m2,74.0
507254,500920,500058,3004410,,2019-02-28,32856,5.8,,8554,4,5.6,%,5.8
507255,500920,500058,3004501,,2019-02-28,32856,83,,8840,70,99,mg/dL,83.0
507256,500920,500058,3004249,,2019-02-28,32856,112,,8876,90,130,mmHg,112.0
507257,500920,500058,3012888,,2019-02-28,32856,67,,8876,60,85,mmHg,67.0
507258,500920,500058,3025315,,2019-02-28,32856,63.3,,9529,45,90,kg,63.3
507259,500920,500058,3038553,,2019-02-28,32856,24.8,,9531,18.5,25,kg/m2,24.8
507260,500921,500058,3004410,,2019-05-30,32856,6.1,,8554,4,5.6,%,6.1
507261,500921,500058,3004501,,2019-05-30,32856,111,,8840,70,99,mg/dL,111.0
507262,500921,500058,3004249,,2019-05-30,32856,114,,8876,90,130,mmHg,114.0
507263,500921,500058,3012888,,2019-05-30,32856,61,,8876,60,85,mmHg,61.0
507264,500921,500058,3025315,,2019-05-30,32856,62.8,,9529,45,90,kg,62.8
507265,500921,500058,3038553,,2019-05-30,32856,24.6,,9531,18.5,25,kg/m2,24.6
507266,500922,500058,3004410,,2019-08-26,32856,5.8,,8554,4,5.6,%,5.8
507267,500922,500058,3004501,,2019-08-26,32856,90,,8840,70,99,mg/dL,90.0
507268,500922,500058,3004249,,2019-08-26,32856,122,,8876,90,130,mmHg,122.0
507269,500922,500058,3012888,,2019-08-26,32856,83,,8876,60,85,mmHg,83.0
507270,500922,500058,3025315,,2019-08-26,32856,63.2,,9529,45,90,kg,63.2
507271,500922,500058,3038553,,2019-08-26,32856,24.7,,9531,18.5,25,kg/m2,24.7
507272,500923,500058,3004410,,2019-11-21,32856,5.6,,8554,4,5.6,%,5.6
507273,500923,500058,3004501,,2019-11-21,32856,110,,8840,70,99,mg/dL,110.0
507274,500923,500058,3004249,,2019-11-21,32856,128,,8876,90,130,mmHg,128.0
507275,500923,500058,3012888,,2019-11-21,32856,72,,8876,60,85,mmHg,72.0
507276,500923,500058,3025315,,2019-11-21,32856,62.3,,9529,45,90,kg,62.3
507277,500923,500058,3038553,,2019-11-21,32856,24.4,,9531,18.5,25,kg/m2,24.4
507278,500923,500058,3022192,,2019-11-21,32856,55.5,,8840,0,150,mg/dL,55.5
507279,500923,500058,3007070,,2019-11-21,32856,35.4,,8840,40,60,mg/dL,35.4
507280,500923,500058,3028437,,2019-11-21,32856,113.7,,8840,0,130,mg/dL,113.7
507281,500923,500058,3013721,,2019-11-21,32856,29.1,,8645,0,40,U/L,29.1
507282,500923,500058,3006923,,2019-11-21,32856,57,,8645,0,40,U/L,57.0
507283,500923,500058,3016723,,2019-11-21,32856,1.04,,8840,0.6,1.2,mg/dL,1.04
507284,500923,500058,3049187,,2019-11-21,32856,65,,9550,90,130,mL/min/1.73m2,65.0
507285,500924,500058,3004410,,2020-02-23,32856,5.7,,8554,4,5.6,%,5.7
507286,500924,500058,3004501,,2020-02-23,32856,95,,8840,70,99,mg/dL,95.0
507287,500924,500058,3004249,,2020-02-23,32856,102,,8876,90,130,mmHg,102.0
507288,500924,500058,3012888,,2020-02-23,32856,67,,8876,60,85,mmHg,67.0
507289,500924,500058,3025315,,2020-02-23,32856,62.9,,9529,45,90,kg,62.9
507290,500924,500058,3038553,,2020-02-23,32856,24.6,,9531,18.5,25,kg/m2,24.6
507291,500925,500058,3004410,,2020-05-25,32856,5.8,,8554,4,5.6,%,5.8
507292,500925,500058,3004501,,2020-05-25,32856,96,,8840,70,99,mg/dL,96.0
507293,500925,500058,3004249,,2020-05-25,32856,131,,8876,90,130,mmHg,131.0
507294,500925,500058,3012888,,2020-05-25,32856,67,,8876,60,85,mmHg,67.0
507295,500925,500058,3025315,,2020-05-25,32856,62.7,,9529,45,90,kg,62.7
507296,500925,500058,3038553,,2020-05-25,32856,24.6,,9531,18.5,25,kg/m2,24.6
507297,500926,500058,3004410,,2020-08-31,32856,6.3,,8554,4,5.6,%,6.3
507298,500926,500058,3004501,,2020-08-31,32856,104,,8840,70,99,mg/dL,104.0
507299,500926,500058,3004249,,2020-08-31,32856,124,,8876,90,130,mmHg,124.0
507300,500926,500058,3012888,,2020-08-31,32856,68,,8876,60,85,mmHg,68.0
507301,500926,500058,3025315,,2020-08-31,32856,63.2,,9529,45,90,kg,63.2
507302,500926,500058,3038553,,2020-08-31,32856,24.7,,9531,18.5,25,kg/m2,24.7
507303,500927,500058,3004410,,2020-11-29,32856,6.4,,8554,4,5.6,%,6.4
507304,500927,500058,3004501,,2020-11-29,32856,119,,8840,70,99,mg/dL,119.0
507305,500927,500058,3004249,,2020-11-29,32856,127,,8876,90,130,mmHg,127.0
507306,500927,500058,3012888,,2020-11-29,32856,73,,8876,60,85,mmHg,73.0
507307,500927,500058,3025315,,2020-11-29,32856,63.4,,9529,45,90,kg,63.4
507308,500927,500058,3038553,,2020-11-29,32856,24.8,,9531,18.5,25,kg/m2,24.8
507309,500927,500058,3022192,,2020-11-29,32856,110.7,,8840,0,150,mg/dL,110.7
507310,500927,500058,3007070,,2020-11-29,32856,70.9,,8840,40,60,mg/dL,70.9
507311,500927,500058,3028437,,2020-11-29,32856,141,,8840,0,130,mg/dL,141.0
507312,500927,500058,3013721,,2020-11-29,32856,70,,8645,0,40,U/L,70.0
507313,500927,500058,3006923,,2020-11-29,32856,27.6,,8645,0,40,U/L,27.6
507314,500927,500058,3016723,,2020-11-29,32856,0.9,,8840,0.6,1.2,mg/dL,0.9
507315,500927,500058,3049187,,2020-11-29,32856,76,,9550,90,130,mL/min/1.73m2,76.0
507316,500928,500058,3004410,,2021-02-25,32856,5.9,,8554,4,5.6,%,5.9
507317,500928,500058,3004501,,2021-02-25,32856,83,,8840,70,99,mg/dL,83.0
507318,500928,500058,3004249,,2021-02-25,32856,152,,8876,90,130,mmHg,152.0
507319,500928,500058,3012888,,2021-02-25,32856,75,,8876,60,85,mmHg,75.0
507320,500928,500058,3025315,,2021-02-25,32856,63.7,,9529,45,90,kg,63.7
507321,500928,500058,3038553,,2021-02-25,32856,24.9,,9531,18.5,25,kg/m2,24.9
507322,500929,500058,3004410,,2021-05-30,32856,5.4,,8554,4,5.6,%,5.4
507323,500929,500058,3004501,,2021-05-30,32856,70,,8840,70,99,mg/dL,70
507324,500929,500058,3004249,,2021-05-30,32856,137,,8876,90,130,mmHg,137.0
507325,500929,500058,3012888,,2021-05-30,32856,64,,8876,60,85,mmHg,64.0
507326,500929,500058,3025315,,2021-05-30,32856,61.7,,9529,45,90,kg,61.7
507327,500929,500058,3038553,,2021-05-30,32856,24.2,,9531,18.5,25,kg/m2,24.2
507328,500930,500058,3004410,,2021-08-30,32856,5.4,,8554,4,5.6,%,5.4
507329,500930,500058,3004501,,2021-08-30,32856,104,,8840,70,99,mg/dL,104.0
507330,500930,500058,3004249,,2021-08-30,32856,136,,8876,90,130,mmHg,136.0
507331,500930,500058,3012888,,2021-08-30,32856,79,,8876,60,85,mmHg,79.0
507332,500930,500058,3025315,,2021-08-30,32856,59.5,,9529,45,90,kg,59.5
507333,500930,500058,3038553,,2021-08-30,32856,23.3,,9531,18.5,25,kg/m2,23.3
507334,500931,500058,3004410,,2021-11-23,32856,5.5,,8554,4,5.6,%,5.5
507335,500931,500058,3004501,,2021-11-23,32856,93,,8840,70,99,mg/dL,93.0
507336,500931,500058,3004249,,2021-11-23,32856,106,,8876,90,130,mmHg,106.0
507337,500931,500058,3012888,,2021-11-23,32856,94,,8876,60,85,mmHg,94.0
507338,500931,500058,3025315,,2021-11-23,32856,60.5,,9529,45,90,kg,60.5
507339,500931,500058,3038553,,2021-11-23,32856,23.7,,9531,18.5,25,kg/m2,23.7
507340,500931,500058,3022192,,2021-11-23,32856,240,,8840,0,150,mg/dL,240.0
507341,500931,500058,3007070,,2021-11-23,32856,55.2,,8840,40,60,mg/dL,55.2
507342,500931,500058,3028437,,2021-11-23,32856,146.4,,8840,0,130,mg/dL,146.4
507343,500931,500058,3013721,,2021-11-23,32856,55.6,,8645,0,40,U/L,55.6
507344,500931,500058,3006923,,2021-11-23,32856,26.6,,8645,0,40,U/L,26.6
507345,500931,500058,3016723,,2021-11-23,32856,0.64,,8840,0.6,1.2,mg/dL,0.64
507346,500931,500058,3049187,,2021-11-23,32856,105,,9550,90,130,mL/min/1.73m2,105.0
507347,500932,500058,3004410,,2022-03-01,32856,6.3,,8554,4,5.6,%,6.3
507348,500932,500058,3004501,,2022-03-01,32856,137,,8840,70,99,mg/dL,137.0
507349,500932,500058,3004249,,2022-03-01,32856,134,,8876,90,130,mmHg,134.0
507350,500932,500058,3012888,,2022-03-01,32856,77,,8876,60,85,mmHg,77.0
507351,500932,500058,3025315,,2022-03-01,32856,59.8,,9529,45,90,kg,59.8
507352,500932,500058,3038553,,2022-03-01,32856,23.4,,9531,18.5,25,kg/m2,23.4
507353,500933,500058,3004410,,2022-06-02,32856,6.2,,8554,4,5.6,%,6.2
507354,500933,500058,3004501,,2022-06-02,32856,120,,8840,70,99,mg/dL,120.0
507355,500933,500058,3004249,,2022-06-02,32856,138,,8876,90,130,mmHg,138.0
507356,500933,500058,3012888,,2022-06-02,32856,74,,8876,60,85,mmHg,74.0
507357,500933,500058,3025315,,2022-06-02,32856,60.8,,9529,45,90,kg,60.8
507358,500933,500058,3038553,,2022-06-02,32856,23.8,,9531,18.5,25,kg/m2,23.8
507359,500934,500058,3004410,,2022-08-30,32856,6.4,,8554,4,5.6,%,6.4
507360,500934,500058,3004501,,2022-08-30,32856,132,,8840,70,99,mg/dL,132.0
507361,500934,500058,3004249,,2022-08-30,32856,118,,8876,90,130,mmHg,118.0
507362,500934,500058,3012888,,2022-08-30,32856,91,,8876,60,85,mmHg,91.0
507363,500934,500058,3025315,,2022-08-30,32856,60.8,,9529,45,90,kg,60.8
507364,500934,500058,3038553,,2022-08-30,32856,23.8,,9531,18.5,25,kg/m2,23.8
507365,500935,500058,3004410,,2022-11-27,32856,6.4,,8554,4,5.6,%,6.4
507366,500935,500058,3004501,,2022-11-27,32856,115,,8840,70,99,mg/dL,115.0
507367,500935,500058,3004249,,2022-11-27,32856,119,,8876,90,130,mmHg,119.0
507368,500935,500058,3012888,,2022-11-27,32856,70,,8876,60,85,mmHg,70.0
507369,500935,500058,3025315,,2022-11-27,32856,60.8,,9529,45,90,kg,60.8
507370,500935,500058,3038553,,2022-11-27,32856,23.8,,9531,18.5,25,kg/m2,23.8
507371,500935,500058,3022192,,2022-11-27,32856,173.9,,8840,0,150,mg/dL,173.9
507372,500935,500058,3007070,,2022-11-27,32856,47.9,,8840,40,60,mg/dL,47.9
507373,500935,500058,3028437,,2022-11-27,32856,171,,8840,0,130,mg/dL,171.0
507374,500935,500058,3013721,,2022-11-27,32856,46.8,,8645,0,40,U/L,46.8
507375,500935,500058,3006923,,2022-11-27,32856,45.9,,8645,0,40,U/L,45.9
507376,500935,500058,3016723,,2022-11-27,32856,0.64,,8840,0.6,1.2,mg/dL,0.64
507377,500935,500058,3049187,,2022-11-27,32856,104,,9550,90,130,mL/min/1.73m2,104.0
507378,500936,500058,3004410,,2023-03-01,32856,6.2,,8554,4,5.6,%,6.2
507379,500936,500058,3004501,,2023-03-01,32856,93,,8840,70,99,mg/dL,93.0
507380,500936,500058,3004249,,2023-03-01,32856,110,,8876,90,130,mmHg,110.0
507381,500936,500058,3012888,,2023-03-01,32856,79,,8876,60,85,mmHg,79.0
507382,500936,500058,3025315,,2023-03-01,32856,61.3,,9529,45,90,kg,61.3
507383,500936,500058,3038553,,2023-03-01,32856,24,,9531,18.5,25,kg/m2,24.0
507384,500937,500058,3004410,,2023-05-27,32856,5.9,,8554,4,5.6,%,5.9
507385,500937,500058,3004501,,2023-05-27,32856,113,,8840,70,99,mg/dL,113.0
507386,500937,500058,3004249,,2023-05-27,32856,114,,8876,90,130,mmHg,114.0
507387,500937,500058,3012888,,2023-05-27,32856,63,,8876,60,85,mmHg,63.0
507388,500937,500058,3025315,,2023-05-27,32856,60.6,,9529,45,90,kg,60.6
507389,500937,500058,3038553,,2023-05-27,32856,23.7,,9531,18.5,25,kg/m2,23.7
507390,500938,500058,3004410,,2023-08-22,32856,6.3,,8554,4,5.6,%,6.3
507391,500938,500058,3004501,,2023-08-22,32856,123,,8840,70,99,mg/dL,123.0
507392,500938,500058,3004249,,2023-08-22,32856,131,,8876,90,130,mmHg,131.0
507393,500938,500058,3012888,,2023-08-22,32856,70,,8876,60,85,mmHg,70.0
507394,500938,500058,3025315,,2023-08-22,32856,60.8,,9529,45,90,kg,60.8
507395,500938,500058,3038553,,2023-08-22,32856,23.8,,9531,18.5,25,kg/m2,23.8
507396,500939,500058,3004410,,2023-11-27,32856,5.9,,8554,4,5.6,%,5.9
507397,500939,500058,3004501,,2023-11-27,32856,70,,8840,70,99,mg/dL,70
507398,500939,500058,3004249,,2023-11-27,32856,132,,8876,90,130,mmHg,132.0
507399,500939,500058,3012888,,2023-11-27,32856,60,,8876,60,85,mmHg,60.0
507400,500939,500058,3025315,,2023-11-27,32856,60.4,,9529,45,90,kg,60.4
507401,500939,500058,3038553,,2023-11-27,32856,23.7,,9531,18.5,25,kg/m2,23.7
507402,500939,500058,3022192,,2023-11-27,32856,280.8,,8840,0,150,mg/dL,280.8
507403,500939,500058,3007070,,2023-11-27,32856,39.3,,8840,40,60,mg/dL,39.3
507404,500939,500058,3028437,,2023-11-27,32856,41,,8840,0,130,mg/dL,41.0
507405,500939,500058,3013721,,2023-11-27,32856,57.7,,8645,0,40,U/L,57.7
507406,500939,500058,3006923,,2023-11-27,32856,60.3,,8645,0,40,U/L,60.3
507407,500939,500058,3016723,,2023-11-27,32856,0.75,,8840,0.6,1.2,mg/dL,0.75
507408,500939,500058,3049187,,2023-11-27,32856,93,,9550,90,130,mL/min/1.73m2,93.0
507409,500940,500058,3004410,,2024-03-03,32856,6.4,,8554,4,5.6,%,6.4
507410,500940,500058,3004501,,2024-03-03,32856,123,,8840,70,99,mg/dL,123.0
507411,500940,500058,3004249,,2024-03-03,32856,111,,8876,90,130,mmHg,111.0
507412,500940,500058,3012888,,2024-03-03,32856,96,,8876,60,85,mmHg,96.0
507413,500940,500058,3025315,,2024-03-03,32856,59.7,,9529,45,90,kg,59.7
507414,500940,500058,3038553,,2024-03-03,32856,23.4,,9531,18.5,25,kg/m2,23.4
507415,500941,500059,3036277,,2019-08-30,32856,156.1,,8582,150,185,cm,156.1
507416,500941,500059,3004410,,2019-08-30,32856,7.4,,8554,4,5.6,%,7.4
507417,500941,500059,3004501,,2019-08-30,32856,126,,8840,70,99,mg/dL,126
507418,500941,500059,3004249,,2019-08-30,32856,146,,8876,90,130,mmHg,146.0
507419,500941,500059,3012888,,2019-08-30,32856,90,,8876,60,85,mmHg,90.0
507420,500941,500059,3025315,,2019-08-30,32856,64.3,,9529,45,90,kg,64.3
507421,500941,500059,3038553,,2019-08-30,32856,26.4,,9531,18.5,25,kg/m2,26.4
507422,500941,500059,3022192,,2019-08-30,32856,171.6,,8840,0,150,mg/dL,171.6
507423,500941,500059,3007070,,2019-08-30,32856,37.7,,8840,40,60,mg/dL,37.7
507424,500941,500059,3028437,,2019-08-30,32856,122.2,,8840,0,130,mg/dL,122.2
507425,500941,500059,3013721,,2019-08-30,32856,64.5,,8645,0,40,U/L,64.5
507426,500941,500059,3006923,,2019-08-30,32856,77,,8645,0,40,U/L,77.0
507427,500941,500059,3016723,,2019-08-30,32856,1.04,,8840,0.6,1.2,mg/dL,1.04
507428,500941,500059,3049187,,2019-08-30,32856,65,,9550,90,130,mL/min/1.73m2,65.0
507429,500942,500059,3004410,,2019-11-26,32856,7.5,,8554,4,5.6,%,7.5
507430,500942,500059,3004501,,2019-11-26,32856,151,,8840,70,99,mg/dL,151.0
507431,500942,500059,3004249,,2019-11-26,32856,130,,8876,90,130,mmHg,130.0
507432,500942,500059,3012888,,2019-11-26,32856,81,,8876,60,85,mmHg,81.0
507433,500942,500059,3025315,,2019-11-26,32856,62.9,,9529,45,90,kg,62.9
507434,500942,500059,3038553,,2019-11-26,32856,25.8,,9531,18.5,25,kg/m2,25.8
507435,500943,500059,3004410,,2020-02-25,32856,6.5,,8554,4,5.6,%,6.5
507436,500943,500059,3004501,,2020-02-25,32856,107,,8840,70,99,mg/dL,107.0
507437,500943,500059,3004249,,2020-02-25,32856,137,,8876,90,130,mmHg,137.0
507438,500943,500059,3012888,,2020-02-25,32856,70,,8876,60,85,mmHg,70.0
507439,500943,500059,3025315,,2020-02-25,32856,62.8,,9529,45,90,kg,62.8
507440,500943,500059,3038553,,2020-02-25,32856,25.8,,9531,18.5,25,kg/m2,25.8
507441,500944,500059,3004410,,2020-06-02,32856,6.6,,8554,4,5.6,%,6.6
507442,500944,500059,3004501,,2020-06-02,32856,120,,8840,70,99,mg/dL,120.0
507443,500944,500059,3004249,,2020-06-02,32856,140,,8876,90,130,mmHg,140.0
507444,500944,500059,3012888,,2020-06-02,32856,81,,8876,60,85,mmHg,81.0
507445,500944,500059,3025315,,2020-06-02,32856,63.7,,9529,45,90,kg,63.7
507446,500944,500059,3038553,,2020-06-02,32856,26.1,,9531,18.5,25,kg/m2,26.1
507447,500945,500059,3004410,,2020-09-08,32856,6.7,,8554,4,5.6,%,6.7
507448,500945,500059,3004501,,2020-09-08,32856,113,,8840,70,99,mg/dL,113.0
507449,500945,500059,3004249,,2020-09-08,32856,128,,8876,90,130,mmHg,128.0
507450,500945,500059,3012888,,2020-09-08,32856,82,,8876,60,85,mmHg,82.0
507451,500945,500059,3025315,,2020-09-08,32856,62.9,,9529,45,90,kg,62.9
507452,500945,500059,3038553,,2020-09-08,32856,25.8,,9531,18.5,25,kg/m2,25.8
507453,500945,500059,3022192,,2020-09-08,32856,195.7,,8840,0,150,mg/dL,195.7
507454,500945,500059,3007070,,2020-09-08,32856,49.3,,8840,40,60,mg/dL,49.3
507455,500945,500059,3028437,,2020-09-08,32856,158.5,,8840,0,130,mg/dL,158.5
507456,500945,500059,3013721,,2020-09-08,32856,23.3,,8645,0,40,U/L,23.3
507457,500945,500059,3006923,,2020-09-08,32856,69.5,,8645,0,40,U/L,69.5
507458,500945,500059,3016723,,2020-09-08,32856,0.5,,8840,0.6,1.2,mg/dL,0.5
507459,500945,500059,3049187,,2020-09-08,32856,113,,9550,90,130,mL/min/1.73m2,113.0
507460,500946,500059,3004410,,2020-12-03,32856,6,,8554,4,5.6,%,6.0
507461,500946,500059,3004501,,2020-12-03,32856,86,,8840,70,99,mg/dL,86.0
507462,500946,500059,3004249,,2020-12-03,32856,128,,8876,90,130,mmHg,128.0
507463,500946,500059,3012888,,2020-12-03,32856,77,,8876,60,85,mmHg,77.0
507464,500946,500059,3025315,,2020-12-03,32856,62.8,,9529,45,90,kg,62.8
507465,500946,500059,3038553,,2020-12-03,32856,25.8,,9531,18.5,25,kg/m2,25.8
507466,500947,500059,3004410,,2021-03-06,32856,6.2,,8554,4,5.6,%,6.2
507467,500947,500059,3004501,,2021-03-06,32856,107,,8840,70,99,mg/dL,107.0
507468,500947,500059,3004249,,2021-03-06,32856,153,,8876,90,130,mmHg,153.0
507469,500947,500059,3012888,,2021-03-06,32856,85,,8876,60,85,mmHg,85.0
507470,500947,500059,3025315,,2021-03-06,32856,63.7,,9529,45,90,kg,63.7
507471,500947,500059,3038553,,2021-03-06,32856,26.1,,9531,18.5,25,kg/m2,26.1
507472,500948,500059,3004410,,2021-06-08,32856,6.6,,8554,4,5.6,%,6.6
507473,500948,500059,3004501,,2021-06-08,32856,121,,8840,70,99,mg/dL,121.0
507474,500948,500059,3004249,,2021-06-08,32856,129,,8876,90,130,mmHg,129.0
507475,500948,500059,3012888,,2021-06-08,32856,86,,8876,60,85,mmHg,86.0
507476,500948,500059,3025315,,2021-06-08,32856,62.1,,9529,45,90,kg,62.1
507477,500948,500059,3038553,,2021-06-08,32856,25.5,,9531,18.5,25,kg/m2,25.5
507478,500949,500059,3004410,,2021-09-05,32856,6.3,,8554,4,5.6,%,6.3
507479,500949,500059,3004501,,2021-09-05,32856,125,,8840,70,99,mg/dL,125.0
507480,500949,500059,3004249,,2021-09-05,32856,129,,8876,90,130,mmHg,129.0
507481,500949,500059,3012888,,2021-09-05,32856,77,,8876,60,85,mmHg,77.0
507482,500949,500059,3025315,,2021-09-05,32856,61.6,,9529,45,90,kg,61.6
507483,500949,500059,3038553,,2021-09-05,32856,25.3,,9531,18.5,25,kg/m2,25.3
507484,500949,500059,3022192,,2021-09-05,32856,69.5,,8840,0,150,mg/dL,69.5
507485,500949,500059,3007070,,2021-09-05,32856,38.7,,8840,40,60,mg/dL,38.7
507486,500949,500059,3028437,,2021-09-05,32856,102.1,,8840,0,130,mg/dL,102.1
507487,500949,500059,3013721,,2021-09-05,32856,64.1,,8645,0,40,U/L,64.1
507488,500949,500059,3006923,,2021-09-05,32856,42.7,,8645,0,40,U/L,42.7
507489,500949,500059,3016723,,2021-09-05,32856,0.91,,8840,0.6,1.2,mg/dL,0.91
507490,500949,500059,3049187,,2021-09-05,32856,76,,9550,90,130,mL/min/1.73m2,76.0
507491,500950,500059,3004410,,2021-12-03,32856,5.9,,8554,4,5.6,%,5.9
507492,500950,500059,3004501,,2021-12-03,32856,77,,8840,70,99,mg/dL,77.0
507493,500950,500059,3004249,,2021-12-03,32856,141,,8876,90,130,mmHg,141.0
507494,500950,500059,3012888,,2021-12-03,32856,91,,8876,60,85,mmHg,91.0
507495,500950,500059,3025315,,2021-12-03,32856,60.1,,9529,45,90,kg,60.1
507496,500950,500059,3038553,,2021-12-03,32856,24.7,,9531,18.5,25,kg/m2,24.7
507497,500951,500059,3004410,,2022-03-03,32856,6.5,,8554,4,5.6,%,6.5
507498,500951,500059,3004501,,2022-03-03,32856,111,,8840,70,99,mg/dL,111.0
507499,500951,500059,3004249,,2022-03-03,32856,149,,8876,90,130,mmHg,149.0
507500,500951,500059,3012888,,2022-03-03,32856,101,,8876,60,85,mmHg,101.0
507501,500951,500059,3025315,,2022-03-03,32856,60.9,,9529,45,90,kg,60.9
507502,500951,500059,3038553,,2022-03-03,32856,25,,9531,18.5,25,kg/m2,25.0
507503,500952,500059,3004410,,2022-05-26,32856,6.9,,8554,4,5.6,%,6.9
507504,500952,500059,3004501,,2022-05-26,32856,151,,8840,70,99,mg/dL,151.0
507505,500952,500059,3004249,,2022-05-26,32856,138,,8876,90,130,mmHg,138.0
507506,500952,500059,3012888,,2022-05-26,32856,87,,8876,60,85,mmHg,87.0
507507,500952,500059,3025315,,2022-05-26,32856,61.1,,9529,45,90,kg,61.1
507508,500952,500059,3038553,,2022-05-26,32856,25.1,,9531,18.5,25,kg/m2,25.1
507509,500953,500060,3036277,,2019-08-11,32856,155.7,,8582,150,185,cm,155.7
507510,500953,500060,3004410,,2019-08-11,32856,7.9,,8554,4,5.6,%,7.9
507511,500953,500060,3004501,,2019-08-11,32856,145,,8840,70,99,mg/dL,145.0
507512,500953,500060,3004249,,2019-08-11,32856,127,,8876,90,130,mmHg,127.0
507513,500953,500060,3012888,,2019-08-11,32856,81,,8876,60,85,mmHg,81.0
507514,500953,500060,3025315,,2019-08-11,32856,59.2,,9529,45,90,kg,59.2
507515,500953,500060,3038553,,2019-08-11,32856,24.4,,9531,18.5,25,kg/m2,24.4
507516,500953,500060,3022192,,2019-08-11,32856,145.2,,8840,0,150,mg/dL,145.2
507517,500953,500060,3007070,,2019-08-11,32856,39.1,,8840,40,60,mg/dL,39.1
507518,500953,500060,3028437,,2019-08-11,32856,119.1,,8840,0,130,mg/dL,119.1
507519,500953,500060,3013721,,2019-08-11,32856,33.6,,8645,0,40,U/L,33.6
507520,500953,500060,3006923,,2019-08-11,32856,39.3,,8645,0,40,U/L,39.3
507521,500953,500060,3016723,,2019-08-11,32856,1.51,,8840,0.6,1.2,mg/dL,1.51
507522,500953,500060,3049187,,2019-08-11,32856,42,,9550,90,130,mL/min/1.73m2,42.0
507523,500954,500060,3004410,,2019-11-17,32856,7.7,,8554,4,5.6,%,7.7
507524,500954,500060,3004501,,2019-11-17,32856,159,,8840,70,99,mg/dL,159.0
507525,500954,500060,3004249,,2019-11-17,32856,127,,8876,90,130,mmHg,127.0
507526,500954,500060,3012888,,2019-11-17,32856,86,,8876,60,85,mmHg,86.0
507527,500954,500060,3025315,,2019-11-17,32856,59.1,,9529,45,90,kg,59.1
507528,500954,500060,3038553,,2019-11-17,32856,24.4,,9531,18.5,25,kg/m2,24.4
507529,500955,500060,3004410,,2020-02-12,32856,7.2,,8554,4,5.6,%,7.2
507530,500955,500060,3004501,,2020-02-12,32856,101,,8840,70,99,mg/dL,101.0
507531,500955,500060,3004249,,2020-02-12,32856,153,,8876,90,130,mmHg,153.0
507532,500955,500060,3012888,,2020-02-12,32856,97,,8876,60,85,mmHg,97.0
507533,500955,500060,3025315,,2020-02-12,32856,56.8,,9529,45,90,kg,56.8
507534,500955,500060,3038553,,2020-02-12,32856,23.4,,9531,18.5,25,kg/m2,23.4
507535,500956,500060,3004410,,2020-05-06,32856,7.4,,8554,4,5.6,%,7.4
507536,500956,500060,3004501,,2020-05-06,32856,183,,8840,70,99,mg/dL,183.0
507537,500956,500060,3004249,,2020-05-06,32856,149,,8876,90,130,mmHg,149.0
507538,500956,500060,3012888,,2020-05-06,32856,83,,8876,60,85,mmHg,83.0
507539,500956,500060,3025315,,2020-05-06,32856,57.5,,9529,45,90,kg,57.5
507540,500956,500060,3038553,,2020-05-06,32856,23.7,,9531,18.5,25,kg/m2,23.7
507541,500957,500060,3004410,,2020-08-08,32856,7.4,,8554,4,5.6,%,7.4
507542,500957,500060,3004501,,2020-08-08,32856,115,,8840,70,99,mg/dL,115.0
507543,500957,500060,3004249,,2020-08-08,32856,131,,8876,90,130,mmHg,131.0
507544,500957,500060,3012888,,2020-08-08,32856,93,,8876,60,85,mmHg,93.0
507545,500957,500060,3025315,,2020-08-08,32856,59.9,,9529,45,90,kg,59.9
507546,500957,500060,3038553,,2020-08-08,32856,24.7,,9531,18.5,25,kg/m2,24.7
507547,500957,500060,3022192,,2020-08-08,32856,189.7,,8840,0,150,mg/dL,189.7
507548,500957,500060,3007070,,2020-08-08,32856,56.2,,8840,40,60,mg/dL,56.2
507549,500957,500060,3028437,,2020-08-08,32856,92.6,,8840,0,130,mg/dL,92.6
507550,500957,500060,3013721,,2020-08-08,32856,55.3,,8645,0,40,U/L,55.3
507551,500957,500060,3006923,,2020-08-08,32856,37.2,,8645,0,40,U/L,37.2
507552,500957,500060,3016723,,2020-08-08,32856,0.7,,8840,0.6,1.2,mg/dL,0.7
507553,500957,500060,3049187,,2020-08-08,32856,106,,9550,90,130,mL/min/1.73m2,106.0
507554,500958,500060,3004410,,2020-11-10,32856,7.7,,8554,4,5.6,%,7.7
507555,500958,500060,3004501,,2020-11-10,32856,151,,8840,70,99,mg/dL,151.0
507556,500958,500060,3004249,,2020-11-10,32856,126,,8876,90,130,mmHg,126.0
507557,500958,500060,3012888,,2020-11-10,32856,89,,8876,60,85,mmHg,89.0
507558,500958,500060,3025315,,2020-11-10,32856,59.7,,9529,45,90,kg,59.7
507559,500958,500060,3038553,,2020-11-10,32856,24.6,,9531,18.5,25,kg/m2,24.6
507560,500959,500060,3004410,,2021-02-13,32856,7.9,,8554,4,5.6,%,7.9
507561,500959,500060,3004501,,2021-02-13,32856,137,,8840,70,99,mg/dL,137.0
507562,500959,500060,3004249,,2021-02-13,32856,141,,8876,90,130,mmHg,141.0
507563,500959,500060,3012888,,2021-02-13,32856,96,,8876,60,85,mmHg,96.0
507564,500959,500060,3025315,,2021-02-13,32856,60.7,,9529,45,90,kg,60.7
507565,500959,500060,3038553,,2021-02-13,32856,25,,9531,18.5,25,kg/m2,25.0
507566,500960,500060,3004410,,2021-05-13,32856,7.7,,8554,4,5.6,%,7.7
507567,500960,500060,3004501,,2021-05-13,32856,139,,8840,70,99,mg/dL,139.0
507568,500960,500060,3004249,,2021-05-13,32856,121,,8876,90,130,mmHg,121.0
507569,500960,500060,3012888,,2021-05-13,32856,83,,8876,60,85,mmHg,83.0
507570,500960,500060,3025315,,2021-05-13,32856,60.8,,9529,45,90,kg,60.8
507571,500960,500060,3038553,,2021-05-13,32856,25.1,,9531,18.5,25,kg/m2,25.1
507572,500961,500060,3004410,,2021-08-10,32856,6.5,,8554,4,5.6,%,6.5
507573,500961,500060,3004501,,2021-08-10,32856,99,,8840,70,99,mg/dL,99.0
507574,500961,500060,3004249,,2021-08-10,32856,134,,8876,90,130,mmHg,134.0
507575,500961,500060,3012888,,2021-08-10,32856,90,,8876,60,85,mmHg,90.0
507576,500961,500060,3025315,,2021-08-10,32856,62.5,,9529,45,90,kg,62.5
507577,500961,500060,3038553,,2021-08-10,32856,25.8,,9531,18.5,25,kg/m2,25.8
507578,500961,500060,3022192,,2021-08-10,32856,175.1,,8840,0,150,mg/dL,175.1
507579,500961,500060,3007070,,2021-08-10,32856,36.1,,8840,40,60,mg/dL,36.1
507580,500961,500060,3028437,,2021-08-10,32856,115,,8840,0,130,mg/dL,115.0
507581,500961,500060,3013721,,2021-08-10,32856,48.7,,8645,0,40,U/L,48.7
507582,500961,500060,3006923,,2021-08-10,32856,78.9,,8645,0,40,U/L,78.9
507583,500961,500060,3016723,,2021-08-10,32856,0.5,,8840,0.6,1.2,mg/dL,0.5
507584,500961,500060,3049187,,2021-08-10,32856,114,,9550,90,130,mL/min/1.73m2,114.0
507585,500962,500060,3004410,,2021-11-02,32856,6.9,,8554,4,5.6,%,6.9
507586,500962,500060,3004501,,2021-11-02,32856,105,,8840,70,99,mg/dL,105.0
507587,500962,500060,3004249,,2021-11-02,32856,146,,8876,90,130,mmHg,146.0
507588,500962,500060,3012888,,2021-11-02,32856,74,,8876,60,85,mmHg,74.0
507589,500962,500060,3025315,,2021-11-02,32856,63.4,,9529,45,90,kg,63.4
507590,500962,500060,3038553,,2021-11-02,32856,26.2,,9531,18.5,25,kg/m2,26.2
507591,500963,500060,3004410,,2022-01-27,32856,6.9,,8554,4,5.6,%,6.9
507592,500963,500060,3004501,,2022-01-27,32856,121,,8840,70,99,mg/dL,121.0
507593,500963,500060,3004249,,2022-01-27,32856,137,,8876,90,130,mmHg,137.0
507594,500963,500060,3012888,,2022-01-27,32856,96,,8876,60,85,mmHg,96.0
507595,500963,500060,3025315,,2022-01-27,32856,63.1,,9529,45,90,kg,63.1
507596,500963,500060,3038553,,2022-01-27,32856,26,,9531,18.5,25,kg/m2,26.0
507597,500964,500060,3004410,,2022-04-28,32856,7.1,,8554,4,5.6,%,7.1
507598,500964,500060,3004501,,2022-04-28,32856,139,,8840,70,99,mg/dL,139.0
507599,500964,500060,3004249,,2022-04-28,32856,129,,8876,90,130,mmHg,129.0
507600,500964,500060,3012888,,2022-04-28,32856,82,,8876,60,85,mmHg,82.0
507601,500964,500060,3025315,,2022-04-28,32856,62.8,,9529,45,90,kg,62.8
507602,500964,500060,3038553,,2022-04-28,32856,25.9,,9531,18.5,25,kg/m2,25.9
507603,500965,500060,3004410,,2022-07-27,32856,6.8,,8554,4,5.6,%,6.8
507604,500965,500060,3004501,,2022-07-27,32856,97,,8840,70,99,mg/dL,97.0
507605,500965,500060,3004249,,2022-07-27,32856,137,,8876,90,130,mmHg,137.0
507606,500965,500060,3012888,,2022-07-27,32856,76,,8876,60,85,mmHg,76.0
507607,500965,500060,3025315,,2022-07-27,32856,62.4,,9529,45,90,kg,62.4
507608,500965,500060,3038553,,2022-07-27,32856,25.7,,9531,18.5,25,kg/m2,25.7
507609,500965,500060,3022192,,2022-07-27,32856,207.8,,8840,0,150,mg/dL,207.8
507610,500965,500060,3007070,,2022-07-27,32856,49.8,,8840,40,60,mg/dL,49.8
507611,500965,500060,3028437,,2022-07-27,32856,142.2,,8840,0,130,mg/dL,142.2
507612,500965,500060,3013721,,2022-07-27,32856,9.6,,8645,0,40,U/L,9.6
507613,500965,500060,3006923,,2022-07-27,32856,34,,8645,0,40,U/L,34.0
507614,500965,500060,3016723,,2022-07-27,32856,1.21,,8840,0.6,1.2,mg/dL,1.21
507615,500965,500060,3049187,,2022-07-27,32856,54,,9550,90,130,mL/min/1.73m2,54.0
507616,500966,500060,3004410,,2022-11-02,32856,7.3,,8554,4,5.6,%,7.3
507617,500966,500060,3004501,,2022-11-02,32856,161,,8840,70,99,mg/dL,161.0
507618,500966,500060,3004249,,2022-11-02,32856,144,,8876,90,130,mmHg,144.0
507619,500966,500060,3012888,,2022-11-02,32856,86,,8876,60,85,mmHg,86.0
507620,500966,500060,3025315,,2022-11-02,32856,60.5,,9529,45,90,kg,60.5
507621,500966,500060,3038553,,2022-11-02,32856,25,,9531,18.5,25,kg/m2,25.0
507622,500967,500060,3004410,,2023-02-07,32856,7.8,,8554,4,5.6,%,7.8
507623,500967,500060,3004501,,2023-02-07,32856,150,,8840,70,99,mg/dL,150.0
507624,500967,500060,3004249,,2023-02-07,32856,126,,8876,90,130,mmHg,126.0
507625,500967,500060,3012888,,2023-02-07,32856,89,,8876,60,85,mmHg,89.0
507626,500967,500060,3025315,,2023-02-07,32856,60.9,,9529,45,90,kg,60.9
507627,500967,500060,3038553,,2023-02-07,32856,25.1,,9531,18.5,25,kg/m2,25.1
507628,500968,500060,3004410,,2023-05-08,32856,8.2,,8554,4,5.6,%,8.2
507629,500968,500060,3004501,,2023-05-08,32856,155,,8840,70,99,mg/dL,155.0
507630,500968,500060,3004249,,2023-05-08,32856,145,,8876,90,130,mmHg,145.0
507631,500968,500060,3012888,,2023-05-08,32856,84,,8876,60,85,mmHg,84.0
507632,500968,500060,3025315,,2023-05-08,32856,61.3,,9529,45,90,kg,61.3
507633,500968,500060,3038553,,2023-05-08,32856,25.3,,9531,18.5,25,kg/m2,25.3
507634,500969,500061,3036277,,2022-08-03,32856,153.7,,8582,150,185,cm,153.7
507635,500969,500061,3004410,,2022-08-03,32856,9.6,,8554,4,5.6,%,9.6
507636,500969,500061,3004501,,2022-08-03,32856,201,,8840,70,99,mg/dL,201.0
507637,500969,500061,3004249,,2022-08-03,32856,146,,8876,90,130,mmHg,146.0
507638,500969,500061,3012888,,2022-08-03,32856,84,,8876,60,85,mmHg,84.0
507639,500969,500061,3025315,,2022-08-03,32856,70.2,,9529,45,90,kg,70.2
507640,500969,500061,3038553,,2022-08-03,32856,29.7,,9531,18.5,25,kg/m2,29.7
507641,500969,500061,3022192,,2022-08-03,32856,284.9,,8840,0,150,mg/dL,284.9
507642,500969,500061,3007070,,2022-08-03,32856,45.3,,8840,40,60,mg/dL,45.3
507643,500969,500061,3028437,,2022-08-03,32856,131.1,,8840,0,130,mg/dL,131.1
507644,500969,500061,3013721,,2022-08-03,32856,37.3,,8645,0,40,U/L,37.3
507645,500969,500061,3006923,,2022-08-03,32856,39.7,,8645,0,40,U/L,39.7
507646,500969,500061,3016723,,2022-08-03,32856,0.61,,8840,0.6,1.2,mg/dL,0.61
507647,500969,500061,3049187,,2022-08-03,32856,93,,9550,90,130,mL/min/1.73m2,93.0
507648,500970,500061,3004410,,2022-11-03,32856,8.7,,8554,4,5.6,%,8.7
507649,500970,500061,3004501,,2022-11-03,32856,174,,8840,70,99,mg/dL,174.0
507650,500970,500061,3004249,,2022-11-03,32856,142,,8876,90,130,mmHg,142.0
507651,500970,500061,3012888,,2022-11-03,32856,90,,8876,60,85,mmHg,90.0
507652,500970,500061,3025315,,2022-11-03,32856,68.6,,9529,45,90,kg,68.6
507653,500970,500061,3038553,,2022-11-03,32856,29,,9531,18.5,25,kg/m2,29.0
507654,500971,500061,3004410,,2023-02-05,32856,7.9,,8554,4,5.6,%,7.9
507655,500971,500061,3004501,,2023-02-05,32856,187,,8840,70,99,mg/dL,187.0
507656,500971,500061,3004249,,2023-02-05,32856,133,,8876,90,130,mmHg,133.0
507657,500971,500061,3012888,,2023-02-05,32856,81,,8876,60,85,mmHg,81.0
507658,500971,500061,3025315,,2023-02-05,32856,68.2,,9529,45,90,kg,68.2
507659,500971,500061,3038553,,2023-02-05,32856,28.9,,9531,18.5,25,kg/m2,28.9
507660,500972,500061,3004410,,2023-05-13,32856,8.7,,8554,4,5.6,%,8.7
507661,500972,500061,3004501,,2023-05-13,32856,187,,8840,70,99,mg/dL,187.0
507662,500972,500061,3004249,,2023-05-13,32856,145,,8876,90,130,mmHg,145.0
507663,500972,500061,3012888,,2023-05-13,32856,83,,8876,60,85,mmHg,83.0
507664,500972,500061,3025315,,2023-05-13,32856,68.2,,9529,45,90,kg,68.2
507665,500972,500061,3038553,,2023-05-13,32856,28.9,,9531,18.5,25,kg/m2,28.9
507666,500973,500061,3004410,,2023-08-13,32856,8.8,,8554,4,5.6,%,8.8
507667,500973,500061,3004501,,2023-08-13,32856,186,,8840,70,99,mg/dL,186.0
507668,500973,500061,3004249,,2023-08-13,32856,129,,8876,90,130,mmHg,129.0
507669,500973,500061,3012888,,2023-08-13,32856,93,,8876,60,85,mmHg,93.0
507670,500973,500061,3025315,,2023-08-13,32856,68.2,,9529,45,90,kg,68.2
507671,500973,500061,3038553,,2023-08-13,32856,28.9,,9531,18.5,25,kg/m2,28.9
507672,500973,500061,3022192,,2023-08-13,32856,222.8,,8840,0,150,mg/dL,222.8
507673,500973,500061,3007070,,2023-08-13,32856,60.1,,8840,40,60,mg/dL,60.1
507674,500973,500061,3028437,,2023-08-13,32856,174.7,,8840,0,130,mg/dL,174.7
507675,500973,500061,3013721,,2023-08-13,32856,8,,8645,0,40,U/L,8.0
507676,500973,500061,3006923,,2023-08-13,32856,67.2,,8645,0,40,U/L,67.2
507677,500973,500061,3016723,,2023-08-13,32856,0.96,,8840,0.6,1.2,mg/dL,0.96
507678,500973,500061,3049187,,2023-08-13,32856,61,,9550,90,130,mL/min/1.73m2,61.0
507679,500974,500061,3004410,,2023-11-05,32856,8.4,,8554,4,5.6,%,8.4
507680,500974,500061,3004501,,2023-11-05,32856,161,,8840,70,99,mg/dL,161.0
507681,500974,500061,3004249,,2023-11-05,32856,150,,8876,90,130,mmHg,150.0
507682,500974,500061,3012888,,2023-11-05,32856,74,,8876,60,85,mmHg,74.0
507683,500974,500061,3025315,,2023-11-05,32856,67.6,,9529,45,90,kg,67.6
507684,500974,500061,3038553,,2023-11-05,32856,28.6,,9531,18.5,25,kg/m2,28.6
507685,500975,500061,3004410,,2024-02-06,32856,7.4,,8554,4,5.6,%,7.4
507686,500975,500061,3004501,,2024-02-06,32856,130,,8840,70,99,mg/dL,130.0
507687,500975,500061,3004249,,2024-02-06,32856,146,,8876,90,130,mmHg,146.0
507688,500975,500061,3012888,,2024-02-06,32856,99,,8876,60,85,mmHg,99.0
507689,500975,500061,3025315,,2024-02-06,32856,66.7,,9529,45,90,kg,66.7
507690,500975,500061,3038553,,2024-02-06,32856,28.2,,9531,18.5,25,kg/m2,28.2
507691,500976,500061,3004410,,2024-05-10,32856,7.2,,8554,4,5.6,%,7.2
507692,500976,500061,3004501,,2024-05-10,32856,135,,8840,70,99,mg/dL,135.0
507693,500976,500061,3004249,,2024-05-10,32856,125,,8876,90,130,mmHg,125.0
507694,500976,500061,3012888,,2024-05-10,32856,72,,8876,60,85,mmHg,72.0
507695,500976,500061,3025315,,2024-05-10,32856,68.5,,9529,45,90,kg,68.5
507696,500976,500061,3038553,,2024-05-10,32856,29,,9531,18.5,25,kg/m2,29.0
507697,500977,500061,3004410,,2024-08-07,32856,6.8,,8554,4,5.6,%,6.8
507698,500977,500061,3004501,,2024-08-07,32856,92,,8840,70,99,mg/dL,92.0
507699,500977,500061,3004249,,2024-08-07,32856,142,,8876,90,130,mmHg,142.0
507700,500977,500061,3012888,,2024-08-07,32856,94,,8876,60,85,mmHg,94.0
507701,500977,500061,3025315,,2024-08-07,32856,68.5,,9529,45,90,kg,68.5
507702,500977,500061,3038553,,2024-08-07,32856,29,,9531,18.5,25,kg/m2,29.0
507703,500977,500061,3022192,,2024-08-07,32856,174.4,,8840,0,150,mg/dL,174.4
507704,500977,500061,3007070,,2024-08-07,32856,42,,8840,40,60,mg/dL,42.0
507705,500977,500061,3028437,,2024-08-07,32856,175.3,,8840,0,130,mg/dL,175.3
507706,500977,500061,3013721,,2024-08-07,32856,50.3,,8645,0,40,U/L,50.3
507707,500977,500061,3006923,,2024-08-07,32856,22,,8645,0,40,U/L,22.0
507708,500977,500061,3016723,,2024-08-07,32856,1.14,,8840,0.6,1.2,mg/dL,1.14
507709,500977,500061,3049187,,2024-08-07,32856,49,,9550,90,130,mL/min/1.73m2,49.0
507710,500978,500061,3004410,,2024-11-04,32856,6.2,,8554,4,5.6,%,6.2
507711,500978,500061,3004501,,2024-11-04,32856,100,,8840,70,99,mg/dL,100.0
507712,500978,500061,3004249,,2024-11-04,32856,117,,8876,90,130,mmHg,117.0
507713,500978,500061,3012888,,2024-11-04,32856,80,,8876,60,85,mmHg,80.0
507714,500978,500061,3025315,,2024-11-04,32856,68.9,,9529,45,90,kg,68.9
507715,500978,500061,3038553,,2024-11-04,32856,29.2,,9531,18.5,25,kg/m2,29.2
507716,500979,500061,3004410,,2025-02-02,32856,7.1,,8554,4,5.6,%,7.1
507717,500979,500061,3004501,,2025-02-02,32856,91,,8840,70,99,mg/dL,91.0
507718,500979,500061,3004249,,2025-02-02,32856,149,,8876,90,130,mmHg,149.0
507719,500979,500061,3012888,,2025-02-02,32856,80,,8876,60,85,mmHg,80.0
507720,500979,500061,3025315,,2025-02-02,32856,69.4,,9529,45,90,kg,69.4
507721,500979,500061,3038553,,2025-02-02,32856,29.4,,9531,18.5,25,kg/m2,29.4
507722,500980,500061,3004410,,2025-04-29,32856,7.6,,8554,4,5.6,%,7.6
507723,500980,500061,3004501,,2025-04-29,32856,143,,8840,70,99,mg/dL,143.0
507724,500980,500061,3004249,,2025-04-29,32856,133,,8876,90,130,mmHg,133.0
507725,500980,500061,3012888,,2025-04-29,32856,79,,8876,60,85,mmHg,79.0
507726,500980,500061,3025315,,2025-04-29,32856,68.7,,9529,45,90,kg,68.7
507727,500980,500061,3038553,,2025-04-29,32856,29.1,,9531,18.5,25,kg/m2,29.1
507728,500981,500061,3004410,,2025-08-03,32856,7.8,,8554,4,5.6,%,7.8
507729,500981,500061,3004501,,2025-08-03,32856,119,,8840,70,99,mg/dL,119.0
507730,500981,500061,3004249,,2025-08-03,32856,137,,8876,90,130,mmHg,137.0
507731,500981,500061,3012888,,2025-08-03,32856,91,,8876,60,85,mmHg,91.0
507732,500981,500061,3025315,,2025-08-03,32856,67.5,,9529,45,90,kg,67.5
507733,500981,500061,3038553,,2025-08-03,32856,28.6,,9531,18.5,25,kg/m2,28.6
507734,500981,500061,3022192,,2025-08-03,32856,156.3,,8840,0,150,mg/dL,156.3
507735,500981,500061,3007070,,2025-08-03,32856,34.6,,8840,40,60,mg/dL,34.6
507736,500981,500061,3028437,,2025-08-03,32856,89.4,,8840,0,130,mg/dL,89.4
507737,500981,500061,3013721,,2025-08-03,32856,8.8,,8645,0,40,U/L,8.8
507738,500981,500061,3006923,,2025-08-03,32856,45.6,,8645,0,40,U/L,45.6
507739,500981,500061,3016723,,2025-08-03,32856,0.76,,8840,0.6,1.2,mg/dL,0.76
507740,500981,500061,3049187,,2025-08-03,32856,80,,9550,90,130,mL/min/1.73m2,80.0
507741,500982,500061,3004410,,2025-11-06,32856,8.3,,8554,4,5.6,%,8.3
507742,500982,500061,3004501,,2025-11-06,32856,183,,8840,70,99,mg/dL,183.0
507743,500982,500061,3004249,,2025-11-06,32856,130,,8876,90,130,mmHg,130.0
507744,500982,500061,3012888,,2025-11-06,32856,91,,8876,60,85,mmHg,91.0
507745,500982,500061,3025315,,2025-11-06,32856,67.2,,9529,45,90,kg,67.2
507746,500982,500061,3038553,,2025-11-06,32856,28.4,,9531,18.5,25,kg/m2,28.4
507747,500983,500061,3004410,,2026-01-31,32856,7.5,,8554,4,5.6,%,7.5
507748,500983,500061,3004501,,2026-01-31,32856,133,,8840,70,99,mg/dL,133.0
507749,500983,500061,3004249,,2026-01-31,32856,125,,8876,90,130,mmHg,125.0
507750,500983,500061,3012888,,2026-01-31,32856,91,,8876,60,85,mmHg,91.0
507751,500983,500061,3025315,,2026-01-31,32856,66.3,,9529,45,90,kg,66.3
507752,500983,500061,3038553,,2026-01-31,32856,28.1,,9531,18.5,25,kg/m2,28.1
507753,500984,500061,3004410,,2026-04-27,32856,6.9,,8554,4,5.6,%,6.9
507754,500984,500061,3004501,,2026-04-27,32856,121,,8840,70,99,mg/dL,121.0
507755,500984,500061,3004249,,2026-04-27,32856,139,,8876,90,130,mmHg,139.0
507756,500984,500061,3012888,,2026-04-27,32856,86,,8876,60,85,mmHg,86.0
507757,500984,500061,3025315,,2026-04-27,32856,67,,9529,45,90,kg,67.0
507758,500984,500061,3038553,,2026-04-27,32856,28.4,,9531,18.5,25,kg/m2,28.4
507759,500985,500061,3004410,,2026-07-21,32856,7.7,,8554,4,5.6,%,7.7
507760,500985,500061,3004501,,2026-07-21,32856,145,,8840,70,99,mg/dL,145.0
507761,500985,500061,3004249,,2026-07-21,32856,129,,8876,90,130,mmHg,129.0
507762,500985,500061,3012888,,2026-07-21,32856,85,,8876,60,85,mmHg,85.0
507763,500985,500061,3025315,,2026-07-21,32856,66.6,,9529,45,90,kg,66.6
507764,500985,500061,3038553,,2026-07-21,32856,28.2,,9531,18.5,25,kg/m2,28.2
507765,500985,500061,3022192,,2026-07-21,32856,154.7,,8840,0,150,mg/dL,154.7
507766,500985,500061,3007070,,2026-07-21,32856,34.5,,8840,40,60,mg/dL,34.5
507767,500985,500061,3028437,,2026-07-21,32856,162.1,,8840,0,130,mg/dL,162.1
507768,500985,500061,3013721,,2026-07-21,32856,36.8,,8645,0,40,U/L,36.8
507769,500985,500061,3006923,,2026-07-21,32856,30.9,,8645,0,40,U/L,30.9
507770,500985,500061,3016723,,2026-07-21,32856,2.1,,8840,0.6,1.2,mg/dL,2.1
507771,500985,500061,3049187,,2026-07-21,32856,23,,9550,90,130,mL/min/1.73m2,23.0
507772,500986,500062,3036277,,2020-11-18,32856,177,,8582,150,185,cm,177.0
507773,500986,500062,3004410,,2020-11-18,32856,10,,8554,4,5.6,%,10.0
507774,500986,500062,3004501,,2020-11-18,32856,216,,8840,70,99,mg/dL,216.0
507775,500986,500062,3004249,,2020-11-18,32856,150,,8876,90,130,mmHg,150.0
507776,500986,500062,3012888,,2020-11-18,32856,101,,8876,60,85,mmHg,101.0
507777,500986,500062,3025315,,2020-11-18,32856,86.5,,9529,45,90,kg,86.5
507778,500986,500062,3038553,,2020-11-18,32856,27.6,,9531,18.5,25,kg/m2,27.6
507779,500986,500062,3022192,,2020-11-18,32856,36.7,,8840,0,150,mg/dL,36.7
507780,500986,500062,3007070,,2020-11-18,32856,61.1,,8840,40,60,mg/dL,61.1
507781,500986,500062,3028437,,2020-11-18,32856,119,,8840,0,130,mg/dL,119.0
507782,500986,500062,3013721,,2020-11-18,32856,64.8,,8645,0,40,U/L,64.8
507783,500986,500062,3006923,,2020-11-18,32856,74.9,,8645,0,40,U/L,74.9
507784,500986,500062,3016723,,2020-11-18,32856,1.21,,8840,0.6,1.2,mg/dL,1.21
507785,500986,500062,3049187,,2020-11-18,32856,70,,9550,90,130,mL/min/1.73m2,70.0
507786,500987,500062,3004410,,2021-02-20,32856,9,,8554,4,5.6,%,9.0
507787,500987,500062,3004501,,2021-02-20,32856,137,,8840,70,99,mg/dL,137.0
507788,500987,500062,3004249,,2021-02-20,32856,154,,8876,90,130,mmHg,154.0
507789,500987,500062,3012888,,2021-02-20,32856,81,,8876,60,85,mmHg,81.0
507790,500987,500062,3025315,,2021-02-20,32856,85.4,,9529,45,90,kg,85.4
507791,500987,500062,3038553,,2021-02-20,32856,27.3,,9531,18.5,25,kg/m2,27.3
507792,500988,500062,3004410,,2021-05-16,32856,8.7,,8554,4,5.6,%,8.7
507793,500988,500062,3004501,,2021-05-16,32856,159,,8840,70,99,mg/dL,159.0
507794,500988,500062,3004249,,2021-05-16,32856,141,,8876,90,130,mmHg,141.0
507795,500988,500062,3012888,,2021-05-16,32856,70,,8876,60,85,mmHg,70.0
507796,500988,500062,3025315,,2021-05-16,32856,83.4,,9529,45,90,kg,83.4
507797,500988,500062,3038553,,2021-05-16,32856,26.6,,9531,18.5,25,kg/m2,26.6
507798,500989,500062,3004410,,2021-08-21,32856,7.9,,8554,4,5.6,%,7.9
507799,500989,500062,3004501,,2021-08-21,32856,167,,8840,70,99,mg/dL,167.0
507800,500989,500062,3004249,,2021-08-21,32856,156,,8876,90,130,mmHg,156.0
507801,500989,500062,3012888,,2021-08-21,32856,87,,8876,60,85,mmHg,87.0
507802,500989,500062,3025315,,2021-08-21,32856,82.4,,9529,45,90,kg,82.4
507803,500989,500062,3038553,,2021-08-21,32856,26.3,,9531,18.5,25,kg/m2,26.3
507804,500990,500062,3004410,,2021-11-25,32856,6.9,,8554,4,5.6,%,6.9
507805,500990,500062,3004501,,2021-11-25,32856,130,,8840,70,99,mg/dL,130.0
507806,500990,500062,3004249,,2021-11-25,32856,140,,8876,90,130,mmHg,140.0
507807,500990,500062,3012888,,2021-11-25,32856,89,,8876,60,85,mmHg,89.0
507808,500990,500062,3025315,,2021-11-25,32856,81.4,,9529,45,90,kg,81.4
507809,500990,500062,3038553,,2021-11-25,32856,26,,9531,18.5,25,kg/m2,26.0
507810,500990,500062,3022192,,2021-11-25,32856,196.2,,8840,0,150,mg/dL,196.2
507811,500990,500062,3007070,,2021-11-25,32856,45.4,,8840,40,60,mg/dL,45.4
507812,500990,500062,3028437,,2021-11-25,32856,129.1,,8840,0,130,mg/dL,129.1
507813,500990,500062,3013721,,2021-11-25,32856,46,,8645,0,40,U/L,46.0
507814,500990,500062,3006923,,2021-11-25,32856,48.9,,8645,0,40,U/L,48.9
507815,500990,500062,3016723,,2021-11-25,32856,0.83,,8840,0.6,1.2,mg/dL,0.83
507816,500990,500062,3049187,,2021-11-25,32856,101,,9550,90,130,mL/min/1.73m2,101.0
507817,500991,500062,3004410,,2022-02-18,32856,6.6,,8554,4,5.6,%,6.6
507818,500991,500062,3004501,,2022-02-18,32856,120,,8840,70,99,mg/dL,120.0
507819,500991,500062,3004249,,2022-02-18,32856,138,,8876,90,130,mmHg,138.0
507820,500991,500062,3012888,,2022-02-18,32856,85,,8876,60,85,mmHg,85.0
507821,500991,500062,3025315,,2022-02-18,32856,80,,9529,45,90,kg,80.0
507822,500991,500062,3038553,,2022-02-18,32856,25.5,,9531,18.5,25,kg/m2,25.5
507823,500992,500062,3004410,,2022-05-21,32856,6.3,,8554,4,5.6,%,6.3
507824,500992,500062,3004501,,2022-05-21,32856,120,,8840,70,99,mg/dL,120.0
507825,500992,500062,3004249,,2022-05-21,32856,146,,8876,90,130,mmHg,146.0
507826,500992,500062,3012888,,2022-05-21,32856,73,,8876,60,85,mmHg,73.0
507827,500992,500062,3025315,,2022-05-21,32856,78.7,,9529,45,90,kg,78.7
507828,500992,500062,3038553,,2022-05-21,32856,25.1,,9531,18.5,25,kg/m2,25.1
507829,500993,500062,3004410,,2022-08-18,32856,6.7,,8554,4,5.6,%,6.7
507830,500993,500062,3004501,,2022-08-18,32856,116,,8840,70,99,mg/dL,116.0
507831,500993,500062,3004249,,2022-08-18,32856,138,,8876,90,130,mmHg,138.0
507832,500993,500062,3012888,,2022-08-18,32856,81,,8876,60,85,mmHg,81.0
507833,500993,500062,3025315,,2022-08-18,32856,77.4,,9529,45,90,kg,77.4
507834,500993,500062,3038553,,2022-08-18,32856,24.7,,9531,18.5,25,kg/m2,24.7
507835,500994,500062,3004410,,2022-11-21,32856,7,,8554,4,5.6,%,7.0
507836,500994,500062,3004501,,2022-11-21,32856,153,,8840,70,99,mg/dL,153.0
507837,500994,500062,3004249,,2022-11-21,32856,160,,8876,90,130,mmHg,160.0
507838,500994,500062,3012888,,2022-11-21,32856,74,,8876,60,85,mmHg,74.0
507839,500994,500062,3025315,,2022-11-21,32856,75.9,,9529,45,90,kg,75.9
507840,500994,500062,3038553,,2022-11-21,32856,24.2,,9531,18.5,25,kg/m2,24.2
507841,500994,500062,3022192,,2022-11-21,32856,277.7,,8840,0,150,mg/dL,277.7
507842,500994,500062,3007070,,2022-11-21,32856,63.6,,8840,40,60,mg/dL,63.6
507843,500994,500062,3028437,,2022-11-21,32856,91,,8840,0,130,mg/dL,91.0
507844,500994,500062,3013721,,2022-11-21,32856,24.3,,8645,0,40,U/L,24.3
507845,500994,500062,3006923,,2022-11-21,32856,77.5,,8645,0,40,U/L,77.5
507846,500994,500062,3016723,,2022-11-21,32856,2.05,,8840,0.6,1.2,mg/dL,2.05
507847,500994,500062,3049187,,2022-11-21,32856,37,,9550,90,130,mL/min/1.73m2,37.0
507848,500995,500062,3004410,,2023-02-21,32856,7.1,,8554,4,5.6,%,7.1
507849,500995,500062,3004501,,2023-02-21,32856,131,,8840,70,99,mg/dL,131.0
507850,500995,500062,3004249,,2023-02-21,32856,128,,8876,90,130,mmHg,128.0
507851,500995,500062,3012888,,2023-02-21,32856,94,,8876,60,85,mmHg,94.0
507852,500995,500062,3025315,,2023-02-21,32856,75.2,,9529,45,90,kg,75.2
507853,500995,500062,3038553,,2023-02-21,32856,24,,9531,18.5,25,kg/m2,24.0
507854,500996,500062,3004501,,2023-04-18,32856,57,,8840,70,99,mg/dL,57.0
507855,500997,500062,3004410,,2023-05-29,32856,7.2,,8554,4,5.6,%,7.2
507856,500997,500062,3004501,,2023-05-29,32856,148,,8840,70,99,mg/dL,148.0
507857,500997,500062,3004249,,2023-05-29,32856,123,,8876,90,130,mmHg,123.0
507858,500997,500062,3012888,,2023-05-29,32856,82,,8876,60,85,mmHg,82.0
507859,500997,500062,3025315,,2023-05-29,32856,75.3,,9529,45,90,kg,75.3
507860,500997,500062,3038553,,2023-05-29,32856,24,,9531,18.5,25,kg/m2,24.0
507861,500998,500062,3004410,,2023-08-21,32856,6.9,,8554,4,5.6,%,6.9
507862,500998,500062,3004501,,2023-08-21,32856,152,,8840,70,99,mg/dL,152.0
507863,500998,500062,3004249,,2023-08-21,32856,149,,8876,90,130,mmHg,149.0
507864,500998,500062,3012888,,2023-08-21,32856,95,,8876,60,85,mmHg,95.0
507865,500998,500062,3025315,,2023-08-21,32856,75.8,,9529,45,90,kg,75.8
507866,500998,500062,3038553,,2023-08-21,32856,24.2,,9531,18.5,25,kg/m2,24.2
507867,500999,500062,3004410,,2023-11-25,32856,7.5,,8554,4,5.6,%,7.5
507868,500999,500062,3004501,,2023-11-25,32856,149,,8840,70,99,mg/dL,149.0
507869,500999,500062,3004249,,2023-11-25,32856,138,,8876,90,130,mmHg,138.0
507870,500999,500062,3012888,,2023-11-25,32856,89,,8876,60,85,mmHg,89.0
507871,500999,500062,3025315,,2023-11-25,32856,75.1,,9529,45,90,kg,75.1
507872,500999,500062,3038553,,2023-11-25,32856,24,,9531,18.5,25,kg/m2,24.0
507873,500999,500062,3022192,,2023-11-25,32856,209,,8840,0,150,mg/dL,209.0
507874,500999,500062,3007070,,2023-11-25,32856,40.8,,8840,40,60,mg/dL,40.8
507875,500999,500062,3028437,,2023-11-25,32856,109.1,,8840,0,130,mg/dL,109.1
507876,500999,500062,3013721,,2023-11-25,32856,34.2,,8645,0,40,U/L,34.2
507877,500999,500062,3006923,,2023-11-25,32856,39.5,,8645,0,40,U/L,39.5
507878,500999,500062,3016723,,2023-11-25,32856,1.91,,8840,0.6,1.2,mg/dL,1.91
507879,500999,500062,3049187,,2023-11-25,32856,40,,9550,90,130,mL/min/1.73m2,40.0
507880,501000,500062,3004501,,2023-12-05,32856,49,,8840,70,99,mg/dL,49.0
507881,501001,500063,3036277,,2018-09-02,32856,163.3,,8582,150,185,cm,163.3
507882,501001,500063,3004410,,2018-09-02,32856,8.9,,8554,4,5.6,%,8.9
507883,501001,500063,3004501,,2018-09-02,32856,182,,8840,70,99,mg/dL,182.0
507884,501001,500063,3004249,,2018-09-02,32856,139,,8876,90,130,mmHg,139.0
507885,501001,500063,3012888,,2018-09-02,32856,79,,8876,60,85,mmHg,79.0
507886,501001,500063,3025315,,2018-09-02,32856,77.9,,9529,45,90,kg,77.9
507887,501001,500063,3038553,,2018-09-02,32856,29.2,,9531,18.5,25,kg/m2,29.2
507888,501001,500063,3022192,,2018-09-02,32856,197.7,,8840,0,150,mg/dL,197.7
507889,501001,500063,3007070,,2018-09-02,32856,59.3,,8840,40,60,mg/dL,59.3
507890,501001,500063,3028437,,2018-09-02,32856,141.8,,8840,0,130,mg/dL,141.8
507891,501001,500063,3013721,,2018-09-02,32856,43.7,,8645,0,40,U/L,43.7
507892,501001,500063,3006923,,2018-09-02,32856,6,,8645,0,40,U/L,6.0
507893,501001,500063,3016723,,2018-09-02,32856,0.68,,8840,0.6,1.2,mg/dL,0.68
507894,501001,500063,3049187,,2018-09-02,32856,115,,9550,90,130,mL/min/1.73m2,115.0
507895,501002,500063,3004410,,2018-12-01,32856,8.5,,8554,4,5.6,%,8.5
507896,501002,500063,3004501,,2018-12-01,32856,179,,8840,70,99,mg/dL,179.0
507897,501002,500063,3004249,,2018-12-01,32856,152,,8876,90,130,mmHg,152.0
507898,501002,500063,3012888,,2018-12-01,32856,83,,8876,60,85,mmHg,83.0
507899,501002,500063,3025315,,2018-12-01,32856,76.7,,9529,45,90,kg,76.7
507900,501002,500063,3038553,,2018-12-01,32856,28.8,,9531,18.5,25,kg/m2,28.8
507901,501003,500063,3004410,,2019-03-07,32856,7.9,,8554,4,5.6,%,7.9
507902,501003,500063,3004501,,2019-03-07,32856,147,,8840,70,99,mg/dL,147.0
507903,501003,500063,3004249,,2019-03-07,32856,136,,8876,90,130,mmHg,136.0
507904,501003,500063,3012888,,2019-03-07,32856,76,,8876,60,85,mmHg,76.0
507905,501003,500063,3025315,,2019-03-07,32856,78.7,,9529,45,90,kg,78.7
507906,501003,500063,3038553,,2019-03-07,32856,29.5,,9531,18.5,25,kg/m2,29.5
507907,501004,500063,3004410,,2019-06-10,32856,7.7,,8554,4,5.6,%,7.7
507908,501004,500063,3004501,,2019-06-10,32856,140,,8840,70,99,mg/dL,140.0
507909,501004,500063,3004249,,2019-06-10,32856,155,,8876,90,130,mmHg,155.0
507910,501004,500063,3012888,,2019-06-10,32856,72,,8876,60,85,mmHg,72.0
507911,501004,500063,3025315,,2019-06-10,32856,77.5,,9529,45,90,kg,77.5
507912,501004,500063,3038553,,2019-06-10,32856,29.1,,9531,18.5,25,kg/m2,29.1
507913,501005,500063,3004410,,2019-09-06,32856,7.6,,8554,4,5.6,%,7.6
507914,501005,500063,3004501,,2019-09-06,32856,145,,8840,70,99,mg/dL,145.0
507915,501005,500063,3004249,,2019-09-06,32856,140,,8876,90,130,mmHg,140.0
507916,501005,500063,3012888,,2019-09-06,32856,82,,8876,60,85,mmHg,82.0
507917,501005,500063,3025315,,2019-09-06,32856,76.4,,9529,45,90,kg,76.4
507918,501005,500063,3038553,,2019-09-06,32856,28.6,,9531,18.5,25,kg/m2,28.6
507919,501005,500063,3022192,,2019-09-06,32856,336.7,,8840,0,150,mg/dL,336.7
507920,501005,500063,3007070,,2019-09-06,32856,58.2,,8840,40,60,mg/dL,58.2
507921,501005,500063,3028437,,2019-09-06,32856,102,,8840,0,130,mg/dL,102.0
507922,501005,500063,3013721,,2019-09-06,32856,48,,8645,0,40,U/L,48.0
507923,501005,500063,3006923,,2019-09-06,32856,71.8,,8645,0,40,U/L,71.8
507924,501005,500063,3016723,,2019-09-06,32856,0.6,,8840,0.6,1.2,mg/dL,0.6
507925,501005,500063,3049187,,2019-09-06,32856,118,,9550,90,130,mL/min/1.73m2,118.0
507926,501006,500063,3004410,,2019-12-01,32856,7.4,,8554,4,5.6,%,7.4
507927,501006,500063,3004501,,2019-12-01,32856,139,,8840,70,99,mg/dL,139.0
507928,501006,500063,3004249,,2019-12-01,32856,130,,8876,90,130,mmHg,130.0
507929,501006,500063,3012888,,2019-12-01,32856,83,,8876,60,85,mmHg,83.0
507930,501006,500063,3025315,,2019-12-01,32856,74.7,,9529,45,90,kg,74.7
507931,501006,500063,3038553,,2019-12-01,32856,28,,9531,18.5,25,kg/m2,28.0
507932,501007,500063,3004410,,2020-03-01,32856,7.1,,8554,4,5.6,%,7.1
507933,501007,500063,3004501,,2020-03-01,32856,106,,8840,70,99,mg/dL,106.0
507934,501007,500063,3004249,,2020-03-01,32856,156,,8876,90,130,mmHg,156.0
507935,501007,500063,3012888,,2020-03-01,32856,88,,8876,60,85,mmHg,88.0
507936,501007,500063,3025315,,2020-03-01,32856,75.3,,9529,45,90,kg,75.3
507937,501007,500063,3038553,,2020-03-01,32856,28.2,,9531,18.5,25,kg/m2,28.2
507938,501008,500063,3004410,,2020-06-04,32856,6.9,,8554,4,5.6,%,6.9
507939,501008,500063,3004501,,2020-06-04,32856,151,,8840,70,99,mg/dL,151.0
507940,501008,500063,3004249,,2020-06-04,32856,130,,8876,90,130,mmHg,130.0
507941,501008,500063,3012888,,2020-06-04,32856,98,,8876,60,85,mmHg,98.0
507942,501008,500063,3025315,,2020-06-04,32856,78.1,,9529,45,90,kg,78.1
507943,501008,500063,3038553,,2020-06-04,32856,29.3,,9531,18.5,25,kg/m2,29.3
507944,501009,500063,3004410,,2020-08-28,32856,7.1,,8554,4,5.6,%,7.1
507945,501009,500063,3004501,,2020-08-28,32856,137,,8840,70,99,mg/dL,137.0
507946,501009,500063,3004249,,2020-08-28,32856,121,,8876,90,130,mmHg,121.0
507947,501009,500063,3012888,,2020-08-28,32856,89,,8876,60,85,mmHg,89.0
507948,501009,500063,3025315,,2020-08-28,32856,79.3,,9529,45,90,kg,79.3
507949,501009,500063,3038553,,2020-08-28,32856,29.7,,9531,18.5,25,kg/m2,29.7
507950,501009,500063,3022192,,2020-08-28,32856,142,,8840,0,150,mg/dL,142.0
507951,501009,500063,3007070,,2020-08-28,32856,36.1,,8840,40,60,mg/dL,36.1
507952,501009,500063,3028437,,2020-08-28,32856,83.6,,8840,0,130,mg/dL,83.6
507953,501009,500063,3013721,,2020-08-28,32856,8,,8645,0,40,U/L,8.0
507954,501009,500063,3006923,,2020-08-28,32856,60.4,,8645,0,40,U/L,60.4
507955,501009,500063,3016723,,2020-08-28,32856,0.59,,8840,0.6,1.2,mg/dL,0.59
507956,501009,500063,3049187,,2020-08-28,32856,119,,9550,90,130,mL/min/1.73m2,119.0
507957,501010,500063,3004410,,2020-11-20,32856,7.3,,8554,4,5.6,%,7.3
507958,501010,500063,3004501,,2020-11-20,32856,149,,8840,70,99,mg/dL,149.0
507959,501010,500063,3004249,,2020-11-20,32856,154,,8876,90,130,mmHg,154.0
507960,501010,500063,3012888,,2020-11-20,32856,91,,8876,60,85,mmHg,91.0
507961,501010,500063,3025315,,2020-11-20,32856,80.6,,9529,45,90,kg,80.6
507962,501010,500063,3038553,,2020-11-20,32856,30.2,,9531,18.5,25,kg/m2,30.2
507963,501011,500063,3004410,,2021-02-15,32856,7.7,,8554,4,5.6,%,7.7
507964,501011,500063,3004501,,2021-02-15,32856,170,,8840,70,99,mg/dL,170.0
507965,501011,500063,3004249,,2021-02-15,32856,148,,8876,90,130,mmHg,148.0
507966,501011,500063,3012888,,2021-02-15,32856,93,,8876,60,85,mmHg,93.0
507967,501011,500063,3025315,,2021-02-15,32856,79.9,,9529,45,90,kg,79.9
507968,501011,500063,3038553,,2021-02-15,32856,30,,9531,18.5,25,kg/m2,30.0
507969,501012,500063,3004410,,2021-05-16,32856,7.6,,8554,4,5.6,%,7.6
507970,501012,500063,3004501,,2021-05-16,32856,165,,8840,70,99,mg/dL,165.0
507971,501012,500063,3004249,,2021-05-16,32856,132,,8876,90,130,mmHg,132.0
507972,501012,500063,3012888,,2021-05-16,32856,90,,8876,60,85,mmHg,90.0
507973,501012,500063,3025315,,2021-05-16,32856,78.8,,9529,45,90,kg,78.8
507974,501012,500063,3038553,,2021-05-16,32856,29.5,,9531,18.5,25,kg/m2,29.5
507975,501013,500063,3004410,,2021-08-12,32856,7.8,,8554,4,5.6,%,7.8
507976,501013,500063,3004501,,2021-08-12,32856,136,,8840,70,99,mg/dL,136.0
507977,501013,500063,3004249,,2021-08-12,32856,113,,8876,90,130,mmHg,113.0
507978,501013,500063,3012888,,2021-08-12,32856,94,,8876,60,85,mmHg,94.0
507979,501013,500063,3025315,,2021-08-12,32856,78.5,,9529,45,90,kg,78.5
507980,501013,500063,3038553,,2021-08-12,32856,29.4,,9531,18.5,25,kg/m2,29.4
507981,501013,500063,3022192,,2021-08-12,32856,109.6,,8840,0,150,mg/dL,109.6
507982,501013,500063,3007070,,2021-08-12,32856,45.6,,8840,40,60,mg/dL,45.6
507983,501013,500063,3028437,,2021-08-12,32856,35.8,,8840,0,130,mg/dL,35.8
507984,501013,500063,3013721,,2021-08-12,32856,76.6,,8645,0,40,U/L,76.6
507985,501013,500063,3006923,,2021-08-12,32856,14.4,,8645,0,40,U/L,14.4
507986,501013,500063,3016723,,2021-08-12,32856,1.23,,8840,0.6,1.2,mg/dL,1.23
507987,501013,500063,3049187,,2021-08-12,32856,72,,9550,90,130,mL/min/1.73m2,72.0
507988,501014,500063,3004410,,2021-11-13,32856,7.6,,8554,4,5.6,%,7.6
507989,501014,500063,3004501,,2021-11-13,32856,142,,8840,70,99,mg/dL,142.0
507990,501014,500063,3004249,,2021-11-13,32856,134,,8876,90,130,mmHg,134.0
507991,501014,500063,3012888,,2021-11-13,32856,86,,8876,60,85,mmHg,86.0
507992,501014,500063,3025315,,2021-11-13,32856,79.3,,9529,45,90,kg,79.3
507993,501014,500063,3038553,,2021-11-13,32856,29.7,,9531,18.5,25,kg/m2,29.7
507994,501015,500063,3004410,,2022-02-06,32856,7.5,,8554,4,5.6,%,7.5
507995,501015,500063,3004501,,2022-02-06,32856,145,,8840,70,99,mg/dL,145.0
507996,501015,500063,3004249,,2022-02-06,32856,135,,8876,90,130,mmHg,135.0
507997,501015,500063,3012888,,2022-02-06,32856,97,,8876,60,85,mmHg,97.0
507998,501015,500063,3025315,,2022-02-06,32856,78.4,,9529,45,90,kg,78.4
507999,501015,500063,3038553,,2022-02-06,32856,29.4,,9531,18.5,25,kg/m2,29.4
508000,501016,500063,3004410,,2022-05-03,32856,7.6,,8554,4,5.6,%,7.6
508001,501016,500063,3004501,,2022-05-03,32856,140,,8840,70,99,mg/dL,140.0
508002,501016,500063,3004249,,2022-05-03,32856,129,,8876,90,130,mmHg,129.0
508003,501016,500063,3012888,,2022-05-03,32856,92,,8876,60,85,mmHg,92.0
508004,501016,500063,3025315,,2022-05-03,32856,79.8,,9529,45,90,kg,79.8
508005,501016,500063,3038553,,2022-05-03,32856,29.9,,9531,18.5,25,kg/m2,29.9
508006,501017,500063,3004410,,2022-07-31,32856,7.6,,8554,4,5.6,%,7.6
508007,501017,500063,3004501,,2022-07-31,32856,144,,8840,70,99,mg/dL,144.0
508008,501017,500063,3004249,,2022-07-31,32856,145,,8876,90,130,mmHg,145.0
508009,501017,500063,3012888,,2022-07-31,32856,77,,8876,60,85,mmHg,77.0
508010,501017,500063,3025315,,2022-07-31,32856,80.9,,9529,45,90,kg,80.9
508011,501017,500063,3038553,,2022-07-31,32856,30.3,,9531,18.5,25,kg/m2,30.3
508012,501017,500063,3022192,,2022-07-31,32856,200,,8840,0,150,mg/dL,200.0
508013,501017,500063,3007070,,2022-07-31,32856,31.8,,8840,40,60,mg/dL,31.8
508014,501017,500063,3028437,,2022-07-31,32856,127.7,,8840,0,130,mg/dL,127.7
508015,501017,500063,3013721,,2022-07-31,32856,64.4,,8645,0,40,U/L,64.4
508016,501017,500063,3006923,,2022-07-31,32856,56.8,,8645,0,40,U/L,56.8
508017,501017,500063,3016723,,2022-07-31,32856,0.63,,8840,0.6,1.2,mg/dL,0.63
508018,501017,500063,3049187,,2022-07-31,32856,115,,9550,90,130,mL/min/1.73m2,115.0
508019,501018,500063,3004410,,2022-11-05,32856,7.8,,8554,4,5.6,%,7.8
508020,501018,500063,3004501,,2022-11-05,32856,150,,8840,70,99,mg/dL,150.0
508021,501018,500063,3004249,,2022-11-05,32856,143,,8876,90,130,mmHg,143.0
508022,501018,500063,3012888,,2022-11-05,32856,85,,8876,60,85,mmHg,85.0
508023,501018,500063,3025315,,2022-11-05,32856,81.5,,9529,45,90,kg,81.5
508024,501018,500063,3038553,,2022-11-05,32856,30.6,,9531,18.5,25,kg/m2,30.6
508025,501019,500063,3004410,,2023-01-28,32856,7.4,,8554,4,5.6,%,7.4
508026,501019,500063,3004501,,2023-01-28,32856,119,,8840,70,99,mg/dL,119.0
508027,501019,500063,3004249,,2023-01-28,32856,152,,8876,90,130,mmHg,152.0
508028,501019,500063,3012888,,2023-01-28,32856,76,,8876,60,85,mmHg,76.0
508029,501019,500063,3025315,,2023-01-28,32856,81.5,,9529,45,90,kg,81.5
508030,501019,500063,3038553,,2023-01-28,32856,30.6,,9531,18.5,25,kg/m2,30.6
508031,501020,500063,3004410,,2023-05-02,32856,7.8,,8554,4,5.6,%,7.8
508032,501020,500063,3004501,,2023-05-02,32856,184,,8840,70,99,mg/dL,184.0
508033,501020,500063,3004249,,2023-05-02,32856,132,,8876,90,130,mmHg,132.0
508034,501020,500063,3012888,,2023-05-02,32856,68,,8876,60,85,mmHg,68.0
508035,501020,500063,3025315,,2023-05-02,32856,81,,9529,45,90,kg,81.0
508036,501020,500063,3038553,,2023-05-02,32856,30.4,,9531,18.5,25,kg/m2,30.4
508037,501021,500063,3004410,,2023-07-25,32856,7.8,,8554,4,5.6,%,7.8
508038,501021,500063,3004501,,2023-07-25,32856,107,,8840,70,99,mg/dL,107.0
508039,501021,500063,3004249,,2023-07-25,32856,144,,8876,90,130,mmHg,144.0
508040,501021,500063,3012888,,2023-07-25,32856,90,,8876,60,85,mmHg,90.0
508041,501021,500063,3025315,,2023-07-25,32856,80.1,,9529,45,90,kg,80.1
508042,501021,500063,3038553,,2023-07-25,32856,30,,9531,18.5,25,kg/m2,30.0
508043,501021,500063,3022192,,2023-07-25,32856,160.8,,8840,0,150,mg/dL,160.8
508044,501021,500063,3007070,,2023-07-25,32856,68.2,,8840,40,60,mg/dL,68.2
508045,501021,500063,3028437,,2023-07-25,32856,123.8,,8840,0,130,mg/dL,123.8
508046,501021,500063,3013721,,2023-07-25,32856,56.8,,8645,0,40,U/L,56.8
508047,501021,500063,3006923,,2023-07-25,32856,36.7,,8645,0,40,U/L,36.7
508048,501021,500063,3016723,,2023-07-25,32856,0.75,,8840,0.6,1.2,mg/dL,0.75
508049,501021,500063,3049187,,2023-07-25,32856,109,,9550,90,130,mL/min/1.73m2,109.0
508050,501022,500063,3004410,,2023-10-27,32856,7.6,,8554,4,5.6,%,7.6
508051,501022,500063,3004501,,2023-10-27,32856,152,,8840,70,99,mg/dL,152.0
508052,501022,500063,3004249,,2023-10-27,32856,141,,8876,90,130,mmHg,141.0
508053,501022,500063,3012888,,2023-10-27,32856,86,,8876,60,85,mmHg,86.0
508054,501022,500063,3025315,,2023-10-27,32856,79.7,,9529,45,90,kg,79.7
508055,501022,500063,3038553,,2023-10-27,32856,29.9,,9531,18.5,25,kg/m2,29.9
508056,501023,500064,3036277,,2018-11-27,32856,158.8,,8582,150,185,cm,158.8
508057,501023,500064,3004410,,2018-11-27,32856,10,,8554,4,5.6,%,10.0
508058,501023,500064,3004501,,2018-11-27,32856,214,,8840,70,99,mg/dL,214.0
508059,501023,500064,3004249,,2018-11-27,32856,131,,8876,90,130,mmHg,131.0
508060,501023,500064,3012888,,2018-11-27,32856,75,,8876,60,85,mmHg,75.0
508061,501023,500064,3025315,,2018-11-27,32856,76.2,,9529,45,90,kg,76.2
508062,501023,500064,3038553,,2018-11-27,32856,30.2,,9531,18.5,25,kg/m2,30.2
508063,501023,500064,3022192,,2018-11-27,32856,219.8,,8840,0,150,mg/dL,219.8
508064,501023,500064,3007070,,2018-11-27,32856,65.3,,8840,40,60,mg/dL,65.3
508065,501023,500064,3028437,,2018-11-27,32856,112.9,,8840,0,130,mg/dL,112.9
508066,501023,500064,3013721,,2018-11-27,32856,28.2,,8645,0,40,U/L,28.2
508067,501023,500064,3006923,,2018-11-27,32856,22.9,,8645,0,40,U/L,22.9
508068,501023,500064,3016723,,2018-11-27,32856,1.41,,8840,0.6,1.2,mg/dL,1.41
508069,501023,500064,3049187,,2018-11-27,32856,44,,9550,90,130,mL/min/1.73m2,44.0
508070,501024,500064,3004410,,2019-02-19,32856,8.7,,8554,4,5.6,%,8.7
508071,501024,500064,3004501,,2019-02-19,32856,175,,8840,70,99,mg/dL,175.0
508072,501024,500064,3004249,,2019-02-19,32856,120,,8876,90,130,mmHg,120.0
508073,501024,500064,3012888,,2019-02-19,32856,89,,8876,60,85,mmHg,89.0
508074,501024,500064,3025315,,2019-02-19,32856,76.9,,9529,45,90,kg,76.9
508075,501024,500064,3038553,,2019-02-19,32856,30.5,,9531,18.5,25,kg/m2,30.5
508076,501025,500064,3004501,,2019-04-12,32856,46,,8840,70,99,mg/dL,46.0
508077,501026,500064,3004410,,2019-05-22,32856,8.7,,8554,4,5.6,%,8.7
508078,501026,500064,3004501,,2019-05-22,32856,176,,8840,70,99,mg/dL,176.0
508079,501026,500064,3004249,,2019-05-22,32856,130,,8876,90,130,mmHg,130.0
508080,501026,500064,3012888,,2019-05-22,32856,71,,8876,60,85,mmHg,71.0
508081,501026,500064,3025315,,2019-05-22,32856,75.8,,9529,45,90,kg,75.8
508082,501026,500064,3038553,,2019-05-22,32856,30.1,,9531,18.5,25,kg/m2,30.1
508083,501027,500064,3004501,,2019-07-11,32856,58,,8840,70,99,mg/dL,58.0
508084,501028,500064,3004410,,2019-08-17,32856,7.7,,8554,4,5.6,%,7.7
508085,501028,500064,3004501,,2019-08-17,32856,125,,8840,70,99,mg/dL,125.0
508086,501028,500064,3004249,,2019-08-17,32856,116,,8876,90,130,mmHg,116.0
508087,501028,500064,3012888,,2019-08-17,32856,92,,8876,60,85,mmHg,92.0
508088,501028,500064,3025315,,2019-08-17,32856,77.3,,9529,45,90,kg,77.3
508089,501028,500064,3038553,,2019-08-17,32856,30.7,,9531,18.5,25,kg/m2,30.7
508090,501029,500064,3004410,,2019-11-14,32856,8.1,,8554,4,5.6,%,8.1
508091,501029,500064,3004501,,2019-11-14,32856,161,,8840,70,99,mg/dL,161.0
508092,501029,500064,3004249,,2019-11-14,32856,140,,8876,90,130,mmHg,140.0
508093,501029,500064,3012888,,2019-11-14,32856,78,,8876,60,85,mmHg,78.0
508094,501029,500064,3025315,,2019-11-14,32856,77.9,,9529,45,90,kg,77.9
508095,501029,500064,3038553,,2019-11-14,32856,30.9,,9531,18.5,25,kg/m2,30.9
508096,501029,500064,3022192,,2019-11-14,32856,39.8,,8840,0,150,mg/dL,39.8
508097,501029,500064,3007070,,2019-11-14,32856,38.1,,8840,40,60,mg/dL,38.1
508098,501029,500064,3028437,,2019-11-14,32856,99.1,,8840,0,130,mg/dL,99.1
508099,501029,500064,3013721,,2019-11-14,32856,45.6,,8645,0,40,U/L,45.6
508100,501029,500064,3006923,,2019-11-14,32856,74.3,,8645,0,40,U/L,74.3
508101,501029,500064,3016723,,2019-11-14,32856,0.92,,8840,0.6,1.2,mg/dL,0.92
508102,501029,500064,3049187,,2019-11-14,32856,74,,9550,90,130,mL/min/1.73m2,74.0
508103,501030,500064,3004410,,2020-02-10,32856,7.9,,8554,4,5.6,%,7.9
508104,501030,500064,3004501,,2020-02-10,32856,139,,8840,70,99,mg/dL,139.0
508105,501030,500064,3004249,,2020-02-10,32856,123,,8876,90,130,mmHg,123.0
508106,501030,500064,3012888,,2020-02-10,32856,80,,8876,60,85,mmHg,80.0
508107,501030,500064,3025315,,2020-02-10,32856,78.7,,9529,45,90,kg,78.7
508108,501030,500064,3038553,,2020-02-10,32856,31.2,,9531,18.5,25,kg/m2,31.2
508109,501031,500064,3004410,,2020-05-10,32856,7.4,,8554,4,5.6,%,7.4
508110,501031,500064,3004501,,2020-05-10,32856,136,,8840,70,99,mg/dL,136.0
508111,501031,500064,3004249,,2020-05-10,32856,111,,8876,90,130,mmHg,111.0
508112,501031,500064,3012888,,2020-05-10,32856,70,,8876,60,85,mmHg,70.0
508113,501031,500064,3025315,,2020-05-10,32856,78.1,,9529,45,90,kg,78.1
508114,501031,500064,3038553,,2020-05-10,32856,31,,9531,18.5,25,kg/m2,31.0
508115,501032,500064,3004410,,2020-08-04,32856,7.7,,8554,4,5.6,%,7.7
508116,501032,500064,3004501,,2020-08-04,32856,132,,8840,70,99,mg/dL,132.0
508117,501032,500064,3004249,,2020-08-04,32856,118,,8876,90,130,mmHg,118.0
508118,501032,500064,3012888,,2020-08-04,32856,73,,8876,60,85,mmHg,73.0
508119,501032,500064,3025315,,2020-08-04,32856,76.4,,9529,45,90,kg,76.4
508120,501032,500064,3038553,,2020-08-04,32856,30.3,,9531,18.5,25,kg/m2,30.3
508121,501033,500064,3004501,,2020-09-20,32856,61,,8840,70,99,mg/dL,61.0
508122,501034,500064,3004410,,2020-11-05,32856,7.5,,8554,4,5.6,%,7.5
508123,501034,500064,3004501,,2020-11-05,32856,129,,8840,70,99,mg/dL,129.0
508124,501034,500064,3004249,,2020-11-05,32856,130,,8876,90,130,mmHg,130.0
508125,501034,500064,3012888,,2020-11-05,32856,68,,8876,60,85,mmHg,68.0
508126,501034,500064,3025315,,2020-11-05,32856,78.8,,9529,45,90,kg,78.8
508127,501034,500064,3038553,,2020-11-05,32856,31.2,,9531,18.5,25,kg/m2,31.2
508128,501034,500064,3022192,,2020-11-05,32856,83.3,,8840,0,150,mg/dL,83.3
508129,501034,500064,3007070,,2020-11-05,32856,37.3,,8840,40,60,mg/dL,37.3
508130,501034,500064,3028437,,2020-11-05,32856,140.7,,8840,0,130,mg/dL,140.7
508131,501034,500064,3013721,,2020-11-05,32856,27.1,,8645,0,40,U/L,27.1
508132,501034,500064,3006923,,2020-11-05,32856,22.6,,8645,0,40,U/L,22.6
508133,501034,500064,3016723,,2020-11-05,32856,0.81,,8840,0.6,1.2,mg/dL,0.81
508134,501034,500064,3049187,,2020-11-05,32856,85,,9550,90,130,mL/min/1.73m2,85.0
508135,501035,500064,3004410,,2021-02-04,32856,7.9,,8554,4,5.6,%,7.9
508136,501035,500064,3004501,,2021-02-04,32856,121,,8840,70,99,mg/dL,121.0
508137,501035,500064,3004249,,2021-02-04,32856,126,,8876,90,130,mmHg,126.0
508138,501035,500064,3012888,,2021-02-04,32856,70,,8876,60,85,mmHg,70.0
508139,501035,500064,3025315,,2021-02-04,32856,82.3,,9529,45,90,kg,82.3
508140,501035,500064,3038553,,2021-02-04,32856,32.6,,9531,18.5,25,kg/m2,32.6
508141,501036,500064,3004410,,2021-05-10,32856,7.3,,8554,4,5.6,%,7.3
508142,501036,500064,3004501,,2021-05-10,32856,133,,8840,70,99,mg/dL,133.0
508143,501036,500064,3004249,,2021-05-10,32856,140,,8876,90,130,mmHg,140.0
508144,501036,500064,3012888,,2021-05-10,32856,85,,8876,60,85,mmHg,85.0
508145,501036,500064,3025315,,2021-05-10,32856,82.2,,9529,45,90,kg,82.2
508146,501036,500064,3038553,,2021-05-10,32856,32.6,,9531,18.5,25,kg/m2,32.6
508147,501037,500064,3004501,,2021-06-15,32856,53,,8840,70,99,mg/dL,53.0
508148,501038,500064,3004410,,2021-08-06,32856,7.4,,8554,4,5.6,%,7.4
508149,501038,500064,3004501,,2021-08-06,32856,132,,8840,70,99,mg/dL,132.0
508150,501038,500064,3004249,,2021-08-06,32856,123,,8876,90,130,mmHg,123.0
508151,501038,500064,3012888,,2021-08-06,32856,77,,8876,60,85,mmHg,77.0
508152,501038,500064,3025315,,2021-08-06,32856,81.4,,9529,45,90,kg,81.4
508153,501038,500064,3038553,,2021-08-06,32856,32.3,,9531,18.5,25,kg/m2,32.3
508154,501039,500064,3004410,,2021-11-03,32856,8,,8554,4,5.6,%,8.0
508155,501039,500064,3004501,,2021-11-03,32856,184,,8840,70,99,mg/dL,184.0
508156,501039,500064,3004249,,2021-11-03,32856,111,,8876,90,130,mmHg,111.0
508157,501039,500064,3012888,,2021-11-03,32856,71,,8876,60,85,mmHg,71.0
508158,501039,500064,3025315,,2021-11-03,32856,80.6,,9529,45,90,kg,80.6
508159,501039,500064,3038553,,2021-11-03,32856,32,,9531,18.5,25,kg/m2,32.0
508160,501039,500064,3022192,,2021-11-03,32856,104.6,,8840,0,150,mg/dL,104.6
508161,501039,500064,3007070,,2021-11-03,32856,48,,8840,40,60,mg/dL,48.0
508162,501039,500064,3028437,,2021-11-03,32856,113.4,,8840,0,130,mg/dL,113.4
508163,501039,500064,3013721,,2021-11-03,32856,60.4,,8645,0,40,U/L,60.4
508164,501039,500064,3006923,,2021-11-03,32856,71.1,,8645,0,40,U/L,71.1
508165,501039,500064,3016723,,2021-11-03,32856,1.31,,8840,0.6,1.2,mg/dL,1.31
508166,501039,500064,3049187,,2021-11-03,32856,48,,9550,90,130,mL/min/1.73m2,48.0
508167,501040,500064,3004410,,2022-01-29,32856,7.8,,8554,4,5.6,%,7.8
508168,501040,500064,3004501,,2022-01-29,32856,103,,8840,70,99,mg/dL,103.0
508169,501040,500064,3004249,,2022-01-29,32856,111,,8876,90,130,mmHg,111.0
508170,501040,500064,3012888,,2022-01-29,32856,71,,8876,60,85,mmHg,71.0
508171,501040,500064,3025315,,2022-01-29,32856,81.3,,9529,45,90,kg,81.3
508172,501040,500064,3038553,,2022-01-29,32856,32.2,,9531,18.5,25,kg/m2,32.2
508173,501041,500064,3004410,,2022-05-01,32856,7.7,,8554,4,5.6,%,7.7
508174,501041,500064,3004501,,2022-05-01,32856,164,,8840,70,99,mg/dL,164.0
508175,501041,500064,3004249,,2022-05-01,32856,127,,8876,90,130,mmHg,127.0
508176,501041,500064,3012888,,2022-05-01,32856,63,,8876,60,85,mmHg,63.0
508177,501041,500064,3025315,,2022-05-01,32856,81.7,,9529,45,90,kg,81.7
508178,501041,500064,3038553,,2022-05-01,32856,32.4,,9531,18.5,25,kg/m2,32.4
508179,501042,500064,3004410,,2022-07-31,32856,7.6,,8554,4,5.6,%,7.6
508180,501042,500064,3004501,,2022-07-31,32856,127,,8840,70,99,mg/dL,127.0
508181,501042,500064,3004249,,2022-07-31,32856,110,,8876,90,130,mmHg,110.0
508182,501042,500064,3012888,,2022-07-31,32856,75,,8876,60,85,mmHg,75.0
508183,501042,500064,3025315,,2022-07-31,32856,81.7,,9529,45,90,kg,81.7
508184,501042,500064,3038553,,2022-07-31,32856,32.4,,9531,18.5,25,kg/m2,32.4
508185,501043,500064,3004410,,2022-11-02,32856,7.6,,8554,4,5.6,%,7.6
508186,501043,500064,3004501,,2022-11-02,32856,145,,8840,70,99,mg/dL,145.0
508187,501043,500064,3004249,,2022-11-02,32856,128,,8876,90,130,mmHg,128.0
508188,501043,500064,3012888,,2022-11-02,32856,69,,8876,60,85,mmHg,69.0
508189,501043,500064,3025315,,2022-11-02,32856,82.3,,9529,45,90,kg,82.3
508190,501043,500064,3038553,,2022-11-02,32856,32.6,,9531,18.5,25,kg/m2,32.6
508191,501043,500064,3022192,,2022-11-02,32856,309.1,,8840,0,150,mg/dL,309.1
508192,501043,500064,3007070,,2022-11-02,32856,26,,8840,40,60,mg/dL,26.0
508193,501043,500064,3028437,,2022-11-02,32856,140.7,,8840,0,130,mg/dL,140.7
508194,501043,500064,3013721,,2022-11-02,32856,50.7,,8645,0,40,U/L,50.7
508195,501043,500064,3006923,,2022-11-02,32856,64.3,,8645,0,40,U/L,64.3
508196,501043,500064,3016723,,2022-11-02,32856,1.11,,8840,0.6,1.2,mg/dL,1.11
508197,501043,500064,3049187,,2022-11-02,32856,58,,9550,90,130,mL/min/1.73m2,58.0
508198,501044,500064,3004410,,2023-02-07,32856,6.8,,8554,4,5.6,%,6.8
508199,501044,500064,3004501,,2023-02-07,32856,146,,8840,70,99,mg/dL,146.0
508200,501044,500064,3004249,,2023-02-07,32856,120,,8876,90,130,mmHg,120.0
508201,501044,500064,3012888,,2023-02-07,32856,96,,8876,60,85,mmHg,96.0
508202,501044,500064,3025315,,2023-02-07,32856,81.9,,9529,45,90,kg,81.9
508203,501044,500064,3038553,,2023-02-07,32856,32.5,,9531,18.5,25,kg/m2,32.5
508204,501045,500064,3004501,,2023-03-28,32856,54,,8840,70,99,mg/dL,54.0
508205,501046,500064,3004410,,2023-05-05,32856,8,,8554,4,5.6,%,8.0
508206,501046,500064,3004501,,2023-05-05,32856,161,,8840,70,99,mg/dL,161.0
508207,501046,500064,3004249,,2023-05-05,32856,143,,8876,90,130,mmHg,143.0
508208,501046,500064,3012888,,2023-05-05,32856,74,,8876,60,85,mmHg,74.0
508209,501046,500064,3025315,,2023-05-05,32856,82.2,,9529,45,90,kg,82.2
508210,501046,500064,3038553,,2023-05-05,32856,32.6,,9531,18.5,25,kg/m2,32.6
508211,501047,500065,3036277,,2018-04-01,32856,185.8,,8582,150,185,cm,185.8
508212,501047,500065,3004410,,2018-04-01,32856,7.3,,8554,4,5.6,%,7.3
508213,501047,500065,3004501,,2018-04-01,32856,126,,8840,70,99,mg/dL,126
508214,501047,500065,3004249,,2018-04-01,32856,126,,8876,90,130,mmHg,126.0
508215,501047,500065,3012888,,2018-04-01,32856,63,,8876,60,85,mmHg,63.0
508216,501047,500065,3025315,,2018-04-01,32856,72.5,,9529,45,90,kg,72.5
508217,501047,500065,3038553,,2018-04-01,32856,21,,9531,18.5,25,kg/m2,21.0
508218,501047,500065,3022192,,2018-04-01,32856,172.8,,8840,0,150,mg/dL,172.8
508219,501047,500065,3007070,,2018-04-01,32856,33.3,,8840,40,60,mg/dL,33.3
508220,501047,500065,3028437,,2018-04-01,32856,65.3,,8840,0,130,mg/dL,65.3
508221,501047,500065,3013721,,2018-04-01,32856,56.2,,8645,0,40,U/L,56.2
508222,501047,500065,3006923,,2018-04-01,32856,53.2,,8645,0,40,U/L,53.2
508223,501047,500065,3016723,,2018-04-01,32856,1.05,,8840,0.6,1.2,mg/dL,1.05
508224,501047,500065,3049187,,2018-04-01,32856,77,,9550,90,130,mL/min/1.73m2,77.0
508225,501048,500065,3004410,,2018-07-07,32856,7.4,,8554,4,5.6,%,7.4
508226,501048,500065,3004501,,2018-07-07,32856,140,,8840,70,99,mg/dL,140.0
508227,501048,500065,3004249,,2018-07-07,32856,114,,8876,90,130,mmHg,114.0
508228,501048,500065,3012888,,2018-07-07,32856,75,,8876,60,85,mmHg,75.0
508229,501048,500065,3025315,,2018-07-07,32856,72.9,,9529,45,90,kg,72.9
508230,501048,500065,3038553,,2018-07-07,32856,21.1,,9531,18.5,25,kg/m2,21.1
508231,501049,500065,3004410,,2018-10-03,32856,6.4,,8554,4,5.6,%,6.4
508232,501049,500065,3004501,,2018-10-03,32856,99,,8840,70,99,mg/dL,99.0
508233,501049,500065,3004249,,2018-10-03,32856,133,,8876,90,130,mmHg,133.0
508234,501049,500065,3012888,,2018-10-03,32856,72,,8876,60,85,mmHg,72.0
508235,501049,500065,3025315,,2018-10-03,32856,71.4,,9529,45,90,kg,71.4
508236,501049,500065,3038553,,2018-10-03,32856,20.7,,9531,18.5,25,kg/m2,20.7
508237,501050,500065,3004410,,2019-01-01,32856,6.6,,8554,4,5.6,%,6.6
508238,501050,500065,3004501,,2019-01-01,32856,117,,8840,70,99,mg/dL,117.0
508239,501050,500065,3004249,,2019-01-01,32856,114,,8876,90,130,mmHg,114.0
508240,501050,500065,3012888,,2019-01-01,32856,79,,8876,60,85,mmHg,79.0
508241,501050,500065,3025315,,2019-01-01,32856,72,,9529,45,90,kg,72.0
508242,501050,500065,3038553,,2019-01-01,32856,20.9,,9531,18.5,25,kg/m2,20.9
508243,501051,500065,3004410,,2019-03-27,32856,6.9,,8554,4,5.6,%,6.9
508244,501051,500065,3004501,,2019-03-27,32856,123,,8840,70,99,mg/dL,123.0
508245,501051,500065,3004249,,2019-03-27,32856,115,,8876,90,130,mmHg,115.0
508246,501051,500065,3012888,,2019-03-27,32856,64,,8876,60,85,mmHg,64.0
508247,501051,500065,3025315,,2019-03-27,32856,72.6,,9529,45,90,kg,72.6
508248,501051,500065,3038553,,2019-03-27,32856,21,,9531,18.5,25,kg/m2,21.0
508249,501051,500065,3022192,,2019-03-27,32856,69.7,,8840,0,150,mg/dL,69.7
508250,501051,500065,3007070,,2019-03-27,32856,40.7,,8840,40,60,mg/dL,40.7
508251,501051,500065,3028437,,2019-03-27,32856,143.3,,8840,0,130,mg/dL,143.3
508252,501051,500065,3013721,,2019-03-27,32856,20.4,,8645,0,40,U/L,20.4
508253,501051,500065,3006923,,2019-03-27,32856,45,,8645,0,40,U/L,45.0
508254,501051,500065,3016723,,2019-03-27,32856,1.1,,8840,0.6,1.2,mg/dL,1.1
508255,501051,500065,3049187,,2019-03-27,32856,72,,9550,90,130,mL/min/1.73m2,72.0
508256,501052,500065,3004410,,2019-06-29,32856,6.6,,8554,4,5.6,%,6.6
508257,501052,500065,3004501,,2019-06-29,32856,132,,8840,70,99,mg/dL,132.0
508258,501052,500065,3004249,,2019-06-29,32856,125,,8876,90,130,mmHg,125.0
508259,501052,500065,3012888,,2019-06-29,32856,92,,8876,60,85,mmHg,92.0
508260,501052,500065,3025315,,2019-06-29,32856,71.9,,9529,45,90,kg,71.9
508261,501052,500065,3038553,,2019-06-29,32856,20.8,,9531,18.5,25,kg/m2,20.8
508262,501053,500065,3004410,,2019-09-23,32856,6.3,,8554,4,5.6,%,6.3
508263,501053,500065,3004501,,2019-09-23,32856,133,,8840,70,99,mg/dL,133.0
508264,501053,500065,3004249,,2019-09-23,32856,117,,8876,90,130,mmHg,117.0
508265,501053,500065,3012888,,2019-09-23,32856,89,,8876,60,85,mmHg,89.0
508266,501053,500065,3025315,,2019-09-23,32856,70.4,,9529,45,90,kg,70.4
508267,501053,500065,3038553,,2019-09-23,32856,20.4,,9531,18.5,25,kg/m2,20.4
508268,501054,500065,3004410,,2019-12-29,32856,6.6,,8554,4,5.6,%,6.6
508269,501054,500065,3004501,,2019-12-29,32856,118,,8840,70,99,mg/dL,118.0
508270,501054,500065,3004249,,2019-12-29,32856,113,,8876,90,130,mmHg,113.0
508271,501054,500065,3012888,,2019-12-29,32856,65,,8876,60,85,mmHg,65.0
508272,501054,500065,3025315,,2019-12-29,32856,70.8,,9529,45,90,kg,70.8
508273,501054,500065,3038553,,2019-12-29,32856,20.5,,9531,18.5,25,kg/m2,20.5
508274,501055,500065,3004410,,2020-04-05,32856,6.3,,8554,4,5.6,%,6.3
508275,501055,500065,3004501,,2020-04-05,32856,93,,8840,70,99,mg/dL,93.0
508276,501055,500065,3004249,,2020-04-05,32856,120,,8876,90,130,mmHg,120.0
508277,501055,500065,3012888,,2020-04-05,32856,71,,8876,60,85,mmHg,71.0
508278,501055,500065,3025315,,2020-04-05,32856,70.8,,9529,45,90,kg,70.8
508279,501055,500065,3038553,,2020-04-05,32856,20.5,,9531,18.5,25,kg/m2,20.5
508280,501055,500065,3022192,,2020-04-05,32856,223.5,,8840,0,150,mg/dL,223.5
508281,501055,500065,3007070,,2020-04-05,32856,47.2,,8840,40,60,mg/dL,47.2
508282,501055,500065,3028437,,2020-04-05,32856,114.8,,8840,0,130,mg/dL,114.8
508283,501055,500065,3013721,,2020-04-05,32856,67.7,,8645,0,40,U/L,67.7
508284,501055,500065,3006923,,2020-04-05,32856,30.1,,8645,0,40,U/L,30.1
508285,501055,500065,3016723,,2020-04-05,32856,0.72,,8840,0.6,1.2,mg/dL,0.72
508286,501055,500065,3049187,,2020-04-05,32856,98,,9550,90,130,mL/min/1.73m2,98.0
508287,501056,500065,3004410,,2020-07-07,32856,6.2,,8554,4,5.6,%,6.2
508288,501056,500065,3004501,,2020-07-07,32856,93,,8840,70,99,mg/dL,93.0
508289,501056,500065,3004249,,2020-07-07,32856,125,,8876,90,130,mmHg,125.0
508290,501056,500065,3012888,,2020-07-07,32856,78,,8876,60,85,mmHg,78.0
508291,501056,500065,3025315,,2020-07-07,32856,71.7,,9529,45,90,kg,71.7
508292,501056,500065,3038553,,2020-07-07,32856,20.8,,9531,18.5,25,kg/m2,20.8
508293,501057,500065,3004410,,2020-09-30,32856,6.1,,8554,4,5.6,%,6.1
508294,501057,500065,3004501,,2020-09-30,32856,116,,8840,70,99,mg/dL,116.0
508295,501057,500065,3004249,,2020-09-30,32856,115,,8876,90,130,mmHg,115.0
508296,501057,500065,3012888,,2020-09-30,32856,69,,8876,60,85,mmHg,69.0
508297,501057,500065,3025315,,2020-09-30,32856,71.7,,9529,45,90,kg,71.7
508298,501057,500065,3038553,,2020-09-30,32856,20.8,,9531,18.5,25,kg/m2,20.8
508299,501058,500065,3004410,,2020-12-29,32856,6.7,,8554,4,5.6,%,6.7
508300,501058,500065,3004501,,2020-12-29,32856,140,,8840,70,99,mg/dL,140.0
508301,501058,500065,3004249,,2020-12-29,32856,120,,8876,90,130,mmHg,120.0
508302,501058,500065,3012888,,2020-12-29,32856,72,,8876,60,85,mmHg,72.0
508303,501058,500065,3025315,,2020-12-29,32856,73.3,,9529,45,90,kg,73.3
508304,501058,500065,3038553,,2020-12-29,32856,21.2,,9531,18.5,25,kg/m2,21.2
508305,501059,500065,3004410,,2021-03-30,32856,7.1,,8554,4,5.6,%,7.1
508306,501059,500065,3004501,,2021-03-30,32856,133,,8840,70,99,mg/dL,133.0
508307,501059,500065,3004249,,2021-03-30,32856,115,,8876,90,130,mmHg,115.0
508308,501059,500065,3012888,,2021-03-30,32856,71,,8876,60,85,mmHg,71.0
508309,501059,500065,3025315,,2021-03-30,32856,73.7,,9529,45,90,kg,73.7
508310,501059,500065,3038553,,2021-03-30,32856,21.3,,9531,18.5,25,kg/m2,21.3
508311,501059,500065,3022192,,2021-03-30,32856,36.7,,8840,0,150,mg/dL,36.7
508312,501059,500065,3007070,,2021-03-30,32856,37.8,,8840,40,60,mg/dL,37.8
508313,501059,500065,3028437,,2021-03-30,32856,89.6,,8840,0,130,mg/dL,89.6
508314,501059,500065,3013721,,2021-03-30,32856,42.9,,8645,0,40,U/L,42.9
508315,501059,500065,3006923,,2021-03-30,32856,24.8,,8645,0,40,U/L,24.8
508316,501059,500065,3016723,,2021-03-30,32856,0.66,,8840,0.6,1.2,mg/dL,0.66
508317,501059,500065,3049187,,2021-03-30,32856,100,,9550,90,130,mL/min/1.73m2,100.0
508318,501060,500065,3004410,,2021-06-22,32856,7.2,,8554,4,5.6,%,7.2
508319,501060,500065,3004501,,2021-06-22,32856,134,,8840,70,99,mg/dL,134.0
508320,501060,500065,3004249,,2021-06-22,32856,119,,8876,90,130,mmHg,119.0
508321,501060,500065,3012888,,2021-06-22,32856,75,,8876,60,85,mmHg,75.0
508322,501060,500065,3025315,,2021-06-22,32856,74.2,,9529,45,90,kg,74.2
508323,501060,500065,3038553,,2021-06-22,32856,21.5,,9531,18.5,25,kg/m2,21.5
508324,501061,500065,3004410,,2021-09-20,32856,6.9,,8554,4,5.6,%,6.9
508325,501061,500065,3004501,,2021-09-20,32856,128,,8840,70,99,mg/dL,128.0
508326,501061,500065,3004249,,2021-09-20,32856,115,,8876,90,130,mmHg,115.0
508327,501061,500065,3012888,,2021-09-20,32856,79,,8876,60,85,mmHg,79.0
508328,501061,500065,3025315,,2021-09-20,32856,75.2,,9529,45,90,kg,75.2
508329,501061,500065,3038553,,2021-09-20,32856,21.8,,9531,18.5,25,kg/m2,21.8
508330,501062,500065,3004410,,2021-12-15,32856,6.6,,8554,4,5.6,%,6.6
508331,501062,500065,3004501,,2021-12-15,32856,109,,8840,70,99,mg/dL,109.0
508332,501062,500065,3004249,,2021-12-15,32856,110,,8876,90,130,mmHg,110.0
508333,501062,500065,3012888,,2021-12-15,32856,80,,8876,60,85,mmHg,80.0
508334,501062,500065,3025315,,2021-12-15,32856,76,,9529,45,90,kg,76.0
508335,501062,500065,3038553,,2021-12-15,32856,22,,9531,18.5,25,kg/m2,22.0
508336,501063,500065,3004410,,2022-03-11,32856,6.1,,8554,4,5.6,%,6.1
508337,501063,500065,3004501,,2022-03-11,32856,109,,8840,70,99,mg/dL,109.0
508338,501063,500065,3004249,,2022-03-11,32856,113,,8876,90,130,mmHg,113.0
508339,501063,500065,3012888,,2022-03-11,32856,78,,8876,60,85,mmHg,78.0
508340,501063,500065,3025315,,2022-03-11,32856,75.2,,9529,45,90,kg,75.2
508341,501063,500065,3038553,,2022-03-11,32856,21.8,,9531,18.5,25,kg/m2,21.8
508342,501063,500065,3022192,,2022-03-11,32856,196.5,,8840,0,150,mg/dL,196.5
508343,501063,500065,3007070,,2022-03-11,32856,64.6,,8840,40,60,mg/dL,64.6
508344,501063,500065,3028437,,2022-03-11,32856,86.2,,8840,0,130,mg/dL,86.2
508345,501063,500065,3013721,,2022-03-11,32856,11.7,,8645,0,40,U/L,11.7
508346,501063,500065,3006923,,2022-03-11,32856,55.1,,8645,0,40,U/L,55.1
508347,501063,500065,3016723,,2022-03-11,32856,1.27,,8840,0.6,1.2,mg/dL,1.27
508348,501063,500065,3049187,,2022-03-11,32856,60,,9550,90,130,mL/min/1.73m2,60.0
508349,501064,500065,3004410,,2022-06-10,32856,6.4,,8554,4,5.6,%,6.4
508350,501064,500065,3004501,,2022-06-10,32856,98,,8840,70,99,mg/dL,98.0
508351,501064,500065,3004249,,2022-06-10,32856,132,,8876,90,130,mmHg,132.0
508352,501064,500065,3012888,,2022-06-10,32856,77,,8876,60,85,mmHg,77.0
508353,501064,500065,3025315,,2022-06-10,32856,74.4,,9529,45,90,kg,74.4
508354,501064,500065,3038553,,2022-06-10,32856,21.6,,9531,18.5,25,kg/m2,21.6
508355,501065,500066,3036277,,2018-06-05,32856,183.1,,8582,150,185,cm,183.1
508356,501065,500066,3004410,,2018-06-05,32856,9.8,,8554,4,5.6,%,9.8
508357,501065,500066,3004501,,2018-06-05,32856,190,,8840,70,99,mg/dL,190.0
508358,501065,500066,3004249,,2018-06-05,32856,133,,8876,90,130,mmHg,133.0
508359,501065,500066,3012888,,2018-06-05,32856,65,,8876,60,85,mmHg,65.0
508360,501065,500066,3025315,,2018-06-05,32856,86.2,,9529,45,90,kg,86.2
508361,501065,500066,3038553,,2018-06-05,32856,25.7,,9531,18.5,25,kg/m2,25.7
508362,501065,500066,3022192,,2018-06-05,32856,135.2,,8840,0,150,mg/dL,135.2
508363,501065,500066,3007070,,2018-06-05,32856,71.5,,8840,40,60,mg/dL,71.5
508364,501065,500066,3028437,,2018-06-05,32856,99.8,,8840,0,130,mg/dL,99.8
508365,501065,500066,3013721,,2018-06-05,32856,50.2,,8645,0,40,U/L,50.2
508366,501065,500066,3006923,,2018-06-05,32856,64.4,,8645,0,40,U/L,64.4
508367,501065,500066,3016723,,2018-06-05,32856,0.83,,8840,0.6,1.2,mg/dL,0.83
508368,501065,500066,3049187,,2018-06-05,32856,118,,9550,90,130,mL/min/1.73m2,118.0
508369,501066,500066,3004410,,2018-09-07,32856,9.2,,8554,4,5.6,%,9.2
508370,501066,500066,3004501,,2018-09-07,32856,179,,8840,70,99,mg/dL,179.0
508371,501066,500066,3004249,,2018-09-07,32856,129,,8876,90,130,mmHg,129.0
508372,501066,500066,3012888,,2018-09-07,32856,81,,8876,60,85,mmHg,81.0
508373,501066,500066,3025315,,2018-09-07,32856,86.5,,9529,45,90,kg,86.5
508374,501066,500066,3038553,,2018-09-07,32856,25.8,,9531,18.5,25,kg/m2,25.8
508375,501067,500066,3004410,,2018-12-04,32856,8.4,,8554,4,5.6,%,8.4
508376,501067,500066,3004501,,2018-12-04,32856,166,,8840,70,99,mg/dL,166.0
508377,501067,500066,3004249,,2018-12-04,32856,123,,8876,90,130,mmHg,123.0
508378,501067,500066,3012888,,2018-12-04,32856,83,,8876,60,85,mmHg,83.0
508379,501067,500066,3025315,,2018-12-04,32856,86.3,,9529,45,90,kg,86.3
508380,501067,500066,3038553,,2018-12-04,32856,25.7,,9531,18.5,25,kg/m2,25.7
508381,501068,500066,3004410,,2019-03-04,32856,7.5,,8554,4,5.6,%,7.5
508382,501068,500066,3004501,,2019-03-04,32856,123,,8840,70,99,mg/dL,123.0
508383,501068,500066,3004249,,2019-03-04,32856,137,,8876,90,130,mmHg,137.0
508384,501068,500066,3012888,,2019-03-04,32856,87,,8876,60,85,mmHg,87.0
508385,501068,500066,3025315,,2019-03-04,32856,86.4,,9529,45,90,kg,86.4
508386,501068,500066,3038553,,2019-03-04,32856,25.8,,9531,18.5,25,kg/m2,25.8
508387,501069,500066,3004410,,2019-06-09,32856,7.6,,8554,4,5.6,%,7.6
508388,501069,500066,3004501,,2019-06-09,32856,140,,8840,70,99,mg/dL,140.0
508389,501069,500066,3004249,,2019-06-09,32856,111,,8876,90,130,mmHg,111.0
508390,501069,500066,3012888,,2019-06-09,32856,72,,8876,60,85,mmHg,72.0
508391,501069,500066,3025315,,2019-06-09,32856,85.1,,9529,45,90,kg,85.1
508392,501069,500066,3038553,,2019-06-09,32856,25.4,,9531,18.5,25,kg/m2,25.4
508393,501069,500066,3022192,,2019-06-09,32856,146.1,,8840,0,150,mg/dL,146.1
508394,501069,500066,3007070,,2019-06-09,32856,39.9,,8840,40,60,mg/dL,39.9
508395,501069,500066,3028437,,2019-06-09,32856,135.8,,8840,0,130,mg/dL,135.8
508396,501069,500066,3013721,,2019-06-09,32856,39.2,,8645,0,40,U/L,39.2
508397,501069,500066,3006923,,2019-06-09,32856,6,,8645,0,40,U/L,6.0
508398,501069,500066,3016723,,2019-06-09,32856,0.84,,8840,0.6,1.2,mg/dL,0.84
508399,501069,500066,3049187,,2019-06-09,32856,117,,9550,90,130,mL/min/1.73m2,117.0
508400,501070,500066,3004410,,2019-09-12,32856,8.3,,8554,4,5.6,%,8.3
508401,501070,500066,3004501,,2019-09-12,32856,174,,8840,70,99,mg/dL,174.0
508402,501070,500066,3004249,,2019-09-12,32856,137,,8876,90,130,mmHg,137.0
508403,501070,500066,3012888,,2019-09-12,32856,84,,8876,60,85,mmHg,84.0
508404,501070,500066,3025315,,2019-09-12,32856,85,,9529,45,90,kg,85.0
508405,501070,500066,3038553,,2019-09-12,32856,25.4,,9531,18.5,25,kg/m2,25.4
508406,501071,500066,3004410,,2019-12-13,32856,7.9,,8554,4,5.6,%,7.9
508407,501071,500066,3004501,,2019-12-13,32856,144,,8840,70,99,mg/dL,144.0
508408,501071,500066,3004249,,2019-12-13,32856,108,,8876,90,130,mmHg,108.0
508409,501071,500066,3012888,,2019-12-13,32856,72,,8876,60,85,mmHg,72.0
508410,501071,500066,3025315,,2019-12-13,32856,84.6,,9529,45,90,kg,84.6
508411,501071,500066,3038553,,2019-12-13,32856,25.2,,9531,18.5,25,kg/m2,25.2
508412,501072,500066,3004410,,2020-03-06,32856,8.2,,8554,4,5.6,%,8.2
508413,501072,500066,3004501,,2020-03-06,32856,136,,8840,70,99,mg/dL,136.0
508414,501072,500066,3004249,,2020-03-06,32856,119,,8876,90,130,mmHg,119.0
508415,501072,500066,3012888,,2020-03-06,32856,76,,8876,60,85,mmHg,76.0
508416,501072,500066,3025315,,2020-03-06,32856,84.4,,9529,45,90,kg,84.4
508417,501072,500066,3038553,,2020-03-06,32856,25.2,,9531,18.5,25,kg/m2,25.2
508418,501073,500066,3004410,,2020-06-03,32856,9.5,,8554,4,5.6,%,9.5
508419,501073,500066,3004501,,2020-06-03,32856,210,,8840,70,99,mg/dL,210.0
508420,501073,500066,3004249,,2020-06-03,32856,147,,8876,90,130,mmHg,147.0
508421,501073,500066,3012888,,2020-06-03,32856,79,,8876,60,85,mmHg,79.0
508422,501073,500066,3025315,,2020-06-03,32856,84.3,,9529,45,90,kg,84.3
508423,501073,500066,3038553,,2020-06-03,32856,25.1,,9531,18.5,25,kg/m2,25.1
508424,501073,500066,3022192,,2020-06-03,32856,116,,8840,0,150,mg/dL,116.0
508425,501073,500066,3007070,,2020-06-03,32856,43.7,,8840,40,60,mg/dL,43.7
508426,501073,500066,3028437,,2020-06-03,32856,117.1,,8840,0,130,mg/dL,117.1
508427,501073,500066,3013721,,2020-06-03,32856,38.4,,8645,0,40,U/L,38.4
508428,501073,500066,3006923,,2020-06-03,32856,25.1,,8645,0,40,U/L,25.1
508429,501073,500066,3016723,,2020-06-03,32856,0.8,,8840,0.6,1.2,mg/dL,0.8
508430,501073,500066,3049187,,2020-06-03,32856,118,,9550,90,130,mL/min/1.73m2,118.0
508431,501074,500066,3004410,,2020-08-26,32856,8.4,,8554,4,5.6,%,8.4
508432,501074,500066,3004501,,2020-08-26,32856,154,,8840,70,99,mg/dL,154.0
508433,501074,500066,3004249,,2020-08-26,32856,124,,8876,90,130,mmHg,124.0
508434,501074,500066,3012888,,2020-08-26,32856,79,,8876,60,85,mmHg,79.0
508435,501074,500066,3025315,,2020-08-26,32856,82.7,,9529,45,90,kg,82.7
508436,501074,500066,3038553,,2020-08-26,32856,24.7,,9531,18.5,25,kg/m2,24.7
508437,501075,500066,3004410,,2020-11-27,32856,7.7,,8554,4,5.6,%,7.7
508438,501075,500066,3004501,,2020-11-27,32856,157,,8840,70,99,mg/dL,157.0
508439,501075,500066,3004249,,2020-11-27,32856,128,,8876,90,130,mmHg,128.0
508440,501075,500066,3012888,,2020-11-27,32856,74,,8876,60,85,mmHg,74.0
508441,501075,500066,3025315,,2020-11-27,32856,80.9,,9529,45,90,kg,80.9
508442,501075,500066,3038553,,2020-11-27,32856,24.1,,9531,18.5,25,kg/m2,24.1
508443,501076,500066,3004410,,2021-02-24,32856,7,,8554,4,5.6,%,7.0
508444,501076,500066,3004501,,2021-02-24,32856,118,,8840,70,99,mg/dL,118.0
508445,501076,500066,3004249,,2021-02-24,32856,140,,8876,90,130,mmHg,140.0
508446,501076,500066,3012888,,2021-02-24,32856,79,,8876,60,85,mmHg,79.0
508447,501076,500066,3025315,,2021-02-24,32856,81,,9529,45,90,kg,81.0
508448,501076,500066,3038553,,2021-02-24,32856,24.2,,9531,18.5,25,kg/m2,24.2
508449,501077,500066,3004410,,2021-05-20,32856,7,,8554,4,5.6,%,7.0
508450,501077,500066,3004501,,2021-05-20,32856,137,,8840,70,99,mg/dL,137.0
508451,501077,500066,3004249,,2021-05-20,32856,124,,8876,90,130,mmHg,124.0
508452,501077,500066,3012888,,2021-05-20,32856,80,,8876,60,85,mmHg,80.0
508453,501077,500066,3025315,,2021-05-20,32856,80,,9529,45,90,kg,80.0
508454,501077,500066,3038553,,2021-05-20,32856,23.9,,9531,18.5,25,kg/m2,23.9
508455,501077,500066,3022192,,2021-05-20,32856,221.4,,8840,0,150,mg/dL,221.4
508456,501077,500066,3007070,,2021-05-20,32856,47.8,,8840,40,60,mg/dL,47.8
508457,501077,500066,3028437,,2021-05-20,32856,76.5,,8840,0,130,mg/dL,76.5
508458,501077,500066,3013721,,2021-05-20,32856,49.5,,8645,0,40,U/L,49.5
508459,501077,500066,3006923,,2021-05-20,32856,45.5,,8645,0,40,U/L,45.5
508460,501077,500066,3016723,,2021-05-20,32856,1.59,,8840,0.6,1.2,mg/dL,1.59
508461,501077,500066,3049187,,2021-05-20,32856,57,,9550,90,130,mL/min/1.73m2,57.0
508462,501078,500066,3004410,,2021-08-12,32856,6.8,,8554,4,5.6,%,6.8
508463,501078,500066,3004501,,2021-08-12,32856,101,,8840,70,99,mg/dL,101.0
508464,501078,500066,3004249,,2021-08-12,32856,112,,8876,90,130,mmHg,112.0
508465,501078,500066,3012888,,2021-08-12,32856,65,,8876,60,85,mmHg,65.0
508466,501078,500066,3025315,,2021-08-12,32856,78.7,,9529,45,90,kg,78.7
508467,501078,500066,3038553,,2021-08-12,32856,23.5,,9531,18.5,25,kg/m2,23.5
508468,501079,500066,3004410,,2021-11-08,32856,6.2,,8554,4,5.6,%,6.2
508469,501079,500066,3004501,,2021-11-08,32856,115,,8840,70,99,mg/dL,115.0
508470,501079,500066,3004249,,2021-11-08,32856,106,,8876,90,130,mmHg,106.0
508471,501079,500066,3012888,,2021-11-08,32856,57,,8876,60,85,mmHg,57.0
508472,501079,500066,3025315,,2021-11-08,32856,78.7,,9529,45,90,kg,78.7
508473,501079,500066,3038553,,2021-11-08,32856,23.5,,9531,18.5,25,kg/m2,23.5
508474,501080,500066,3004410,,2022-02-08,32856,6.1,,8554,4,5.6,%,6.1
508475,501080,500066,3004501,,2022-02-08,32856,91,,8840,70,99,mg/dL,91.0
508476,501080,500066,3004249,,2022-02-08,32856,118,,8876,90,130,mmHg,118.0
508477,501080,500066,3012888,,2022-02-08,32856,77,,8876,60,85,mmHg,77.0
508478,501080,500066,3025315,,2022-02-08,32856,80.6,,9529,45,90,kg,80.6
508479,501080,500066,3038553,,2022-02-08,32856,24,,9531,18.5,25,kg/m2,24.0
508480,501081,500066,3004410,,2022-05-04,32856,6.7,,8554,4,5.6,%,6.7
508481,501081,500066,3004501,,2022-05-04,32856,153,,8840,70,99,mg/dL,153.0
508482,501081,500066,3004249,,2022-05-04,32856,122,,8876,90,130,mmHg,122.0
508483,501081,500066,3012888,,2022-05-04,32856,81,,8876,60,85,mmHg,81.0
508484,501081,500066,3025315,,2022-05-04,32856,79.4,,9529,45,90,kg,79.4
508485,501081,500066,3038553,,2022-05-04,32856,23.7,,9531,18.5,25,kg/m2,23.7
508486,501081,500066,3022192,,2022-05-04,32856,185.9,,8840,0,150,mg/dL,185.9
508487,501081,500066,3007070,,2022-05-04,32856,34.6,,8840,40,60,mg/dL,34.6
508488,501081,500066,3028437,,2022-05-04,32856,131.8,,8840,0,130,mg/dL,131.8
508489,501081,500066,3013721,,2022-05-04,32856,27.8,,8645,0,40,U/L,27.8
508490,501081,500066,3006923,,2022-05-04,32856,69.6,,8645,0,40,U/L,69.6
508491,501081,500066,3016723,,2022-05-04,32856,0.93,,8840,0.6,1.2,mg/dL,0.93
508492,501081,500066,3049187,,2022-05-04,32856,108,,9550,90,130,mL/min/1.73m2,108.0
508493,501082,500066,3004410,,2022-08-07,32856,6.4,,8554,4,5.6,%,6.4
508494,501082,500066,3004501,,2022-08-07,32856,107,,8840,70,99,mg/dL,107.0
508495,501082,500066,3004249,,2022-08-07,32856,133,,8876,90,130,mmHg,133.0
508496,501082,500066,3012888,,2022-08-07,32856,87,,8876,60,85,mmHg,87.0
508497,501082,500066,3025315,,2022-08-07,32856,79.8,,9529,45,90,kg,79.8
508498,501082,500066,3038553,,2022-08-07,32856,23.8,,9531,18.5,25,kg/m2,23.8
508499,501083,500066,3004410,,2022-11-08,32856,6.8,,8554,4,5.6,%,6.8
508500,501083,500066,3004501,,2022-11-08,32856,145,,8840,70,99,mg/dL,145.0
508501,501083,500066,3004249,,2022-11-08,32856,142,,8876,90,130,mmHg,142.0
508502,501083,500066,3012888,,2022-11-08,32856,86,,8876,60,85,mmHg,86.0
508503,501083,500066,3025315,,2022-11-08,32856,79,,9529,45,90,kg,79.0
508504,501083,500066,3038553,,2022-11-08,32856,23.6,,9531,18.5,25,kg/m2,23.6
508505,501084,500066,3004410,,2023-02-14,32856,6.7,,8554,4,5.6,%,6.7
508506,501084,500066,3004501,,2023-02-14,32856,106,,8840,70,99,mg/dL,106.0
508507,501084,500066,3004249,,2023-02-14,32856,122,,8876,90,130,mmHg,122.0
508508,501084,500066,3012888,,2023-02-14,32856,76,,8876,60,85,mmHg,76.0
508509,501084,500066,3025315,,2023-02-14,32856,77.9,,9529,45,90,kg,77.9
508510,501084,500066,3038553,,2023-02-14,32856,23.2,,9531,18.5,25,kg/m2,23.2
508511,501085,500066,3004410,,2023-05-21,32856,7.1,,8554,4,5.6,%,7.1
508512,501085,500066,3004501,,2023-05-21,32856,126,,8840,70,99,mg/dL,126.0
508513,501085,500066,3004249,,2023-05-21,32856,122,,8876,90,130,mmHg,122.0
508514,501085,500066,3012888,,2023-05-21,32856,83,,8876,60,85,mmHg,83.0
508515,501085,500066,3025315,,2023-05-21,32856,79.5,,9529,45,90,kg,79.5
508516,501085,500066,3038553,,2023-05-21,32856,23.7,,9531,18.5,25,kg/m2,23.7
508517,501085,500066,3022192,,2023-05-21,32856,165.1,,8840,0,150,mg/dL,165.1
508518,501085,500066,3007070,,2023-05-21,32856,81.4,,8840,40,60,mg/dL,81.4
508519,501085,500066,3028437,,2023-05-21,32856,103.1,,8840,0,130,mg/dL,103.1
508520,501085,500066,3013721,,2023-05-21,32856,20.2,,8645,0,40,U/L,20.2
508521,501085,500066,3006923,,2023-05-21,32856,6,,8645,0,40,U/L,6.0
508522,501085,500066,3016723,,2023-05-21,32856,0.74,,8840,0.6,1.2,mg/dL,0.74
508523,501085,500066,3049187,,2023-05-21,32856,118,,9550,90,130,mL/min/1.73m2,118.0
508524,501086,500066,3004410,,2023-08-19,32856,6.9,,8554,4,5.6,%,6.9
508525,501086,500066,3004501,,2023-08-19,32856,131,,8840,70,99,mg/dL,131.0
508526,501086,500066,3004249,,2023-08-19,32856,124,,8876,90,130,mmHg,124.0
508527,501086,500066,3012888,,2023-08-19,32856,74,,8876,60,85,mmHg,74.0
508528,501086,500066,3025315,,2023-08-19,32856,78.5,,9529,45,90,kg,78.5
508529,501086,500066,3038553,,2023-08-19,32856,23.4,,9531,18.5,25,kg/m2,23.4
508530,501087,500066,3004410,,2023-11-23,32856,7.3,,8554,4,5.6,%,7.3
508531,501087,500066,3004501,,2023-11-23,32856,129,,8840,70,99,mg/dL,129.0
508532,501087,500066,3004249,,2023-11-23,32856,153,,8876,90,130,mmHg,153.0
508533,501087,500066,3012888,,2023-11-23,32856,79,,8876,60,85,mmHg,79.0
508534,501087,500066,3025315,,2023-11-23,32856,79.1,,9529,45,90,kg,79.1
508535,501087,500066,3038553,,2023-11-23,32856,23.6,,9531,18.5,25,kg/m2,23.6
508536,501088,500066,3004410,,2024-02-17,32856,6.9,,8554,4,5.6,%,6.9
508537,501088,500066,3004501,,2024-02-17,32856,139,,8840,70,99,mg/dL,139.0
508538,501088,500066,3004249,,2024-02-17,32856,150,,8876,90,130,mmHg,150.0
508539,501088,500066,3012888,,2024-02-17,32856,66,,8876,60,85,mmHg,66.0
508540,501088,500066,3025315,,2024-02-17,32856,77.1,,9529,45,90,kg,77.1
508541,501088,500066,3038553,,2024-02-17,32856,23,,9531,18.5,25,kg/m2,23.0
508542,501089,500067,3036277,,2023-06-01,32856,176.1,,8582,150,185,cm,176.1
508543,501089,500067,3004410,,2023-06-01,32856,6.5,,8554,4,5.6,%,6.5
508544,501089,500067,3004501,,2023-06-01,32856,126,,8840,70,99,mg/dL,126
508545,501089,500067,3004249,,2023-06-01,32856,135,,8876,90,130,mmHg,135.0
508546,501089,500067,3012888,,2023-06-01,32856,87,,8876,60,85,mmHg,87.0
508547,501089,500067,3025315,,2023-06-01,32856,84.7,,9529,45,90,kg,84.7
508548,501089,500067,3038553,,2023-06-01,32856,27.3,,9531,18.5,25,kg/m2,27.3
508549,501089,500067,3022192,,2023-06-01,32856,245,,8840,0,150,mg/dL,245.0
508550,501089,500067,3007070,,2023-06-01,32856,45,,8840,40,60,mg/dL,45.0
508551,501089,500067,3028437,,2023-06-01,32856,115.8,,8840,0,130,mg/dL,115.8
508552,501089,500067,3013721,,2023-06-01,32856,46.4,,8645,0,40,U/L,46.4
508553,501089,500067,3006923,,2023-06-01,32856,6,,8645,0,40,U/L,6.0
508554,501089,500067,3016723,,2023-06-01,32856,1.35,,8840,0.6,1.2,mg/dL,1.35
508555,501089,500067,3049187,,2023-06-01,32856,64,,9550,90,130,mL/min/1.73m2,64.0
508556,501090,500067,3004410,,2023-09-04,32856,6.2,,8554,4,5.6,%,6.2
508557,501090,500067,3004501,,2023-09-04,32856,118,,8840,70,99,mg/dL,118.0
508558,501090,500067,3004249,,2023-09-04,32856,155,,8876,90,130,mmHg,155.0
508559,501090,500067,3012888,,2023-09-04,32856,81,,8876,60,85,mmHg,81.0
508560,501090,500067,3025315,,2023-09-04,32856,83.4,,9529,45,90,kg,83.4
508561,501090,500067,3038553,,2023-09-04,32856,26.9,,9531,18.5,25,kg/m2,26.9
508562,501091,500067,3004410,,2023-12-09,32856,6.6,,8554,4,5.6,%,6.6
508563,501091,500067,3004501,,2023-12-09,32856,114,,8840,70,99,mg/dL,114.0
508564,501091,500067,3004249,,2023-12-09,32856,138,,8876,90,130,mmHg,138.0
508565,501091,500067,3012888,,2023-12-09,32856,94,,8876,60,85,mmHg,94.0
508566,501091,500067,3025315,,2023-12-09,32856,84.5,,9529,45,90,kg,84.5
508567,501091,500067,3038553,,2023-12-09,32856,27.2,,9531,18.5,25,kg/m2,27.2
508568,501092,500067,3004410,,2024-03-15,32856,5.5,,8554,4,5.6,%,5.5
508569,501092,500067,3004501,,2024-03-15,32856,70,,8840,70,99,mg/dL,70
508570,501092,500067,3004249,,2024-03-15,32856,129,,8876,90,130,mmHg,129.0
508571,501092,500067,3012888,,2024-03-15,32856,80,,8876,60,85,mmHg,80.0
508572,501092,500067,3025315,,2024-03-15,32856,85.1,,9529,45,90,kg,85.1
508573,501092,500067,3038553,,2024-03-15,32856,27.4,,9531,18.5,25,kg/m2,27.4
508574,501093,500067,3004410,,2024-06-10,32856,5.5,,8554,4,5.6,%,5.5
508575,501093,500067,3004501,,2024-06-10,32856,116,,8840,70,99,mg/dL,116.0
508576,501093,500067,3004249,,2024-06-10,32856,116,,8876,90,130,mmHg,116.0
508577,501093,500067,3012888,,2024-06-10,32856,79,,8876,60,85,mmHg,79.0
508578,501093,500067,3025315,,2024-06-10,32856,84.9,,9529,45,90,kg,84.9
508579,501093,500067,3038553,,2024-06-10,32856,27.4,,9531,18.5,25,kg/m2,27.4
508580,501093,500067,3022192,,2024-06-10,32856,271.9,,8840,0,150,mg/dL,271.9
508581,501093,500067,3007070,,2024-06-10,32856,62.4,,8840,40,60,mg/dL,62.4
508582,501093,500067,3028437,,2024-06-10,32856,156.6,,8840,0,130,mg/dL,156.6
508583,501093,500067,3013721,,2024-06-10,32856,54.4,,8645,0,40,U/L,54.4
508584,501093,500067,3006923,,2024-06-10,32856,6,,8645,0,40,U/L,6.0
508585,501093,500067,3016723,,2024-06-10,32856,1.14,,8840,0.6,1.2,mg/dL,1.14
508586,501093,500067,3049187,,2024-06-10,32856,77,,9550,90,130,mL/min/1.73m2,77.0
508587,501094,500067,3004410,,2024-09-05,32856,5.9,,8554,4,5.6,%,5.9
508588,501094,500067,3004501,,2024-09-05,32856,105,,8840,70,99,mg/dL,105.0
508589,501094,500067,3004249,,2024-09-05,32856,141,,8876,90,130,mmHg,141.0
508590,501094,500067,3012888,,2024-09-05,32856,87,,8876,60,85,mmHg,87.0
508591,501094,500067,3025315,,2024-09-05,32856,84.5,,9529,45,90,kg,84.5
508592,501094,500067,3038553,,2024-09-05,32856,27.2,,9531,18.5,25,kg/m2,27.2
508593,501095,500067,3004410,,2024-12-04,32856,5.3,,8554,4,5.6,%,5.3
508594,501095,500067,3004501,,2024-12-04,32856,70,,8840,70,99,mg/dL,70
508595,501095,500067,3004249,,2024-12-04,32856,106,,8876,90,130,mmHg,106.0
508596,501095,500067,3012888,,2024-12-04,32856,64,,8876,60,85,mmHg,64.0
508597,501095,500067,3025315,,2024-12-04,32856,83.5,,9529,45,90,kg,83.5
508598,501095,500067,3038553,,2024-12-04,32856,26.9,,9531,18.5,25,kg/m2,26.9
508599,501096,500067,3004410,,2025-03-04,32856,5.1,,8554,4,5.6,%,5.1
508600,501096,500067,3004501,,2025-03-04,32856,81,,8840,70,99,mg/dL,81.0
508601,501096,500067,3004249,,2025-03-04,32856,136,,8876,90,130,mmHg,136.0
508602,501096,500067,3012888,,2025-03-04,32856,88,,8876,60,85,mmHg,88.0
508603,501096,500067,3025315,,2025-03-04,32856,82.6,,9529,45,90,kg,82.6
508604,501096,500067,3038553,,2025-03-04,32856,26.6,,9531,18.5,25,kg/m2,26.6
508605,501097,500067,3004410,,2025-05-27,32856,5,,8554,4,5.6,%,5.0
508606,501097,500067,3004501,,2025-05-27,32856,100,,8840,70,99,mg/dL,100.0
508607,501097,500067,3004249,,2025-05-27,32856,126,,8876,90,130,mmHg,126.0
508608,501097,500067,3012888,,2025-05-27,32856,97,,8876,60,85,mmHg,97.0
508609,501097,500067,3025315,,2025-05-27,32856,82.7,,9529,45,90,kg,82.7
508610,501097,500067,3038553,,2025-05-27,32856,26.7,,9531,18.5,25,kg/m2,26.7
508611,501097,500067,3022192,,2025-05-27,32856,160.1,,8840,0,150,mg/dL,160.1
508612,501097,500067,3007070,,2025-05-27,32856,55.4,,8840,40,60,mg/dL,55.4
508613,501097,500067,3028437,,2025-05-27,32856,125.7,,8840,0,130,mg/dL,125.7
508614,501097,500067,3013721,,2025-05-27,32856,12.6,,8645,0,40,U/L,12.6
508615,501097,500067,3006923,,2025-05-27,32856,68.9,,8645,0,40,U/L,68.9
508616,501097,500067,3016723,,2025-05-27,32856,1.08,,8840,0.6,1.2,mg/dL,1.08
508617,501097,500067,3049187,,2025-05-27,32856,82,,9550,90,130,mL/min/1.73m2,82.0
508618,501098,500067,3004410,,2025-08-31,32856,5.5,,8554,4,5.6,%,5.5
508619,501098,500067,3004501,,2025-08-31,32856,104,,8840,70,99,mg/dL,104.0
508620,501098,500067,3004249,,2025-08-31,32856,112,,8876,90,130,mmHg,112.0
508621,501098,500067,3012888,,2025-08-31,32856,87,,8876,60,85,mmHg,87.0
508622,501098,500067,3025315,,2025-08-31,32856,83.4,,9529,45,90,kg,83.4
508623,501098,500067,3038553,,2025-08-31,32856,26.9,,9531,18.5,25,kg/m2,26.9
508624,501099,500067,3004410,,2025-12-02,32856,5.2,,8554,4,5.6,%,5.2
508625,501099,500067,3004501,,2025-12-02,32856,120,,8840,70,99,mg/dL,120.0
508626,501099,500067,3004249,,2025-12-02,32856,129,,8876,90,130,mmHg,129.0
508627,501099,500067,3012888,,2025-12-02,32856,93,,8876,60,85,mmHg,93.0
508628,501099,500067,3025315,,2025-12-02,32856,83.4,,9529,45,90,kg,83.4
508629,501099,500067,3038553,,2025-12-02,32856,26.9,,9531,18.5,25,kg/m2,26.9
508630,501100,500067,3004410,,2026-02-26,32856,6,,8554,4,5.6,%,6.0
508631,501100,500067,3004501,,2026-02-26,32856,70,,8840,70,99,mg/dL,70
508632,501100,500067,3004249,,2026-02-26,32856,144,,8876,90,130,mmHg,144.0
508633,501100,500067,3012888,,2026-02-26,32856,65,,8876,60,85,mmHg,65.0
508634,501100,500067,3025315,,2026-02-26,32856,83.7,,9529,45,90,kg,83.7
508635,501100,500067,3038553,,2026-02-26,32856,27,,9531,18.5,25,kg/m2,27.0
508636,501101,500067,3004410,,2026-06-03,32856,5.2,,8554,4,5.6,%,5.2
508637,501101,500067,3004501,,2026-06-03,32856,81,,8840,70,99,mg/dL,81.0
508638,501101,500067,3004249,,2026-06-03,32856,142,,8876,90,130,mmHg,142.0
508639,501101,500067,3012888,,2026-06-03,32856,97,,8876,60,85,mmHg,97.0
508640,501101,500067,3025315,,2026-06-03,32856,83.6,,9529,45,90,kg,83.6
508641,501101,500067,3038553,,2026-06-03,32856,27,,9531,18.5,25,kg/m2,27.0
508642,501101,500067,3022192,,2026-06-03,32856,137.6,,8840,0,150,mg/dL,137.6
508643,501101,500067,3007070,,2026-06-03,32856,60.6,,8840,40,60,mg/dL,60.6
508644,501101,500067,3028437,,2026-06-03,32856,146.3,,8840,0,130,mg/dL,146.3
508645,501101,500067,3013721,,2026-06-03,32856,59,,8645,0,40,U/L,59.0
508646,501101,500067,3006923,,2026-06-03,32856,15.1,,8645,0,40,U/L,15.1
508647,501101,500067,3016723,,2026-06-03,32856,1.2,,8840,0.6,1.2,mg/dL,1.2
508648,501101,500067,3049187,,2026-06-03,32856,72,,9550,90,130,mL/min/1.73m2,72.0
508649,501102,500067,3004410,,2026-08-31,32856,5.6,,8554,4,5.6,%,5.6
508650,501102,500067,3004501,,2026-08-31,32856,90,,8840,70,99,mg/dL,90.0
508651,501102,500067,3004249,,2026-08-31,32856,123,,8876,90,130,mmHg,123.0
508652,501102,500067,3012888,,2026-08-31,32856,79,,8876,60,85,mmHg,79.0
508653,501102,500067,3025315,,2026-08-31,32856,83.2,,9529,45,90,kg,83.2
508654,501102,500067,3038553,,2026-08-31,32856,26.8,,9531,18.5,25,kg/m2,26.8
508655,501103,500068,3036277,,2018-01-31,32856,155.1,,8582,150,185,cm,155.1
508656,501103,500068,3004410,,2018-01-31,32856,10.7,,8554,4,5.6,%,10.7
508657,501103,500068,3004501,,2018-01-31,32856,227,,8840,70,99,mg/dL,227.0
508658,501103,500068,3004249,,2018-01-31,32856,129,,8876,90,130,mmHg,129.0
508659,501103,500068,3012888,,2018-01-31,32856,106,,8876,60,85,mmHg,106.0
508660,501103,500068,3025315,,2018-01-31,32856,43.8,,9529,45,90,kg,43.8
508661,501103,500068,3038553,,2018-01-31,32856,18.2,,9531,18.5,25,kg/m2,18.2
508662,501103,500068,3022192,,2018-01-31,32856,175.7,,8840,0,150,mg/dL,175.7
508663,501103,500068,3007070,,2018-01-31,32856,45,,8840,40,60,mg/dL,45.0
508664,501103,500068,3028437,,2018-01-31,32856,116.8,,8840,0,130,mg/dL,116.8
508665,501103,500068,3013721,,2018-01-31,32856,33.2,,8645,0,40,U/L,33.2
508666,501103,500068,3006923,,2018-01-31,32856,32.3,,8645,0,40,U/L,32.3
508667,501103,500068,3016723,,2018-01-31,32856,0.78,,8840,0.6,1.2,mg/dL,0.78
508668,501103,500068,3049187,,2018-01-31,32856,93,,9550,90,130,mL/min/1.73m2,93.0
508669,501104,500068,3004410,,2018-04-28,32856,9.7,,8554,4,5.6,%,9.7
508670,501104,500068,3004501,,2018-04-28,32856,176,,8840,70,99,mg/dL,176.0
508671,501104,500068,3004249,,2018-04-28,32856,149,,8876,90,130,mmHg,149.0
508672,501104,500068,3012888,,2018-04-28,32856,84,,8876,60,85,mmHg,84.0
508673,501104,500068,3025315,,2018-04-28,32856,43.8,,9529,45,90,kg,43.8
508674,501104,500068,3038553,,2018-04-28,32856,18.2,,9531,18.5,25,kg/m2,18.2
508675,501105,500068,3004410,,2018-07-24,32856,9.1,,8554,4,5.6,%,9.1
508676,501105,500068,3004501,,2018-07-24,32856,189,,8840,70,99,mg/dL,189.0
508677,501105,500068,3004249,,2018-07-24,32856,143,,8876,90,130,mmHg,143.0
508678,501105,500068,3012888,,2018-07-24,32856,78,,8876,60,85,mmHg,78.0
508679,501105,500068,3025315,,2018-07-24,32856,43.1,,9529,45,90,kg,43.1
508680,501105,500068,3038553,,2018-07-24,32856,17.9,,9531,18.5,25,kg/m2,17.9
508681,501106,500068,3004410,,2018-10-20,32856,7.8,,8554,4,5.6,%,7.8
508682,501106,500068,3004501,,2018-10-20,32856,145,,8840,70,99,mg/dL,145.0
508683,501106,500068,3004249,,2018-10-20,32856,134,,8876,90,130,mmHg,134.0
508684,501106,500068,3012888,,2018-10-20,32856,92,,8876,60,85,mmHg,92.0
508685,501106,500068,3025315,,2018-10-20,32856,42.4,,9529,45,90,kg,42.4
508686,501106,500068,3038553,,2018-10-20,32856,17.6,,9531,18.5,25,kg/m2,17.6
508687,501107,500068,3004410,,2019-01-26,32856,7.4,,8554,4,5.6,%,7.4
508688,501107,500068,3004501,,2019-01-26,32856,140,,8840,70,99,mg/dL,140.0
508689,501107,500068,3004249,,2019-01-26,32856,128,,8876,90,130,mmHg,128.0
508690,501107,500068,3012888,,2019-01-26,32856,96,,8876,60,85,mmHg,96.0
508691,501107,500068,3025315,,2019-01-26,32856,41.8,,9529,45,90,kg,41.8
508692,501107,500068,3038553,,2019-01-26,32856,17.4,,9531,18.5,25,kg/m2,17.4
508693,501107,500068,3022192,,2019-01-26,32856,264,,8840,0,150,mg/dL,264.0
508694,501107,500068,3007070,,2019-01-26,32856,46.2,,8840,40,60,mg/dL,46.2
508695,501107,500068,3028437,,2019-01-26,32856,110.3,,8840,0,130,mg/dL,110.3
508696,501107,500068,3013721,,2019-01-26,32856,21.3,,8645,0,40,U/L,21.3
508697,501107,500068,3006923,,2019-01-26,32856,12.6,,8645,0,40,U/L,12.6
508698,501107,500068,3016723,,2019-01-26,32856,1.08,,8840,0.6,1.2,mg/dL,1.08
508699,501107,500068,3049187,,2019-01-26,32856,63,,9550,90,130,mL/min/1.73m2,63.0
508700,501108,500068,3004501,,2019-03-05,32856,34,,8840,70,99,mg/dL,34.0
508701,501109,500068,3004410,,2019-04-27,32856,7.5,,8554,4,5.6,%,7.5
508702,501109,500068,3004501,,2019-04-27,32856,157,,8840,70,99,mg/dL,157.0
508703,501109,500068,3004249,,2019-04-27,32856,139,,8876,90,130,mmHg,139.0
508704,501109,500068,3012888,,2019-04-27,32856,101,,8876,60,85,mmHg,101.0
508705,501109,500068,3025315,,2019-04-27,32856,43.6,,9529,45,90,kg,43.6
508706,501109,500068,3038553,,2019-04-27,32856,18.1,,9531,18.5,25,kg/m2,18.1
508707,501110,500068,3004410,,2019-08-03,32856,7.4,,8554,4,5.6,%,7.4
508708,501110,500068,3004501,,2019-08-03,32856,123,,8840,70,99,mg/dL,123.0
508709,501110,500068,3004249,,2019-08-03,32856,121,,8876,90,130,mmHg,121.0
508710,501110,500068,3012888,,2019-08-03,32856,79,,8876,60,85,mmHg,79.0
508711,501110,500068,3025315,,2019-08-03,32856,43,,9529,45,90,kg,43.0
508712,501110,500068,3038553,,2019-08-03,32856,17.9,,9531,18.5,25,kg/m2,17.9
508713,501111,500068,3004410,,2019-11-02,32856,7.5,,8554,4,5.6,%,7.5
508714,501111,500068,3004501,,2019-11-02,32856,168,,8840,70,99,mg/dL,168.0
508715,501111,500068,3004249,,2019-11-02,32856,145,,8876,90,130,mmHg,145.0
508716,501111,500068,3012888,,2019-11-02,32856,84,,8876,60,85,mmHg,84.0
508717,501111,500068,3025315,,2019-11-02,32856,42.8,,9529,45,90,kg,42.8
508718,501111,500068,3038553,,2019-11-02,32856,17.8,,9531,18.5,25,kg/m2,17.8
508719,501112,500068,3004410,,2020-02-05,32856,7.7,,8554,4,5.6,%,7.7
508720,501112,500068,3004501,,2020-02-05,32856,178,,8840,70,99,mg/dL,178.0
508721,501112,500068,3004249,,2020-02-05,32856,151,,8876,90,130,mmHg,151.0
508722,501112,500068,3012888,,2020-02-05,32856,76,,8876,60,85,mmHg,76.0
508723,501112,500068,3025315,,2020-02-05,32856,44.1,,9529,45,90,kg,44.1
508724,501112,500068,3038553,,2020-02-05,32856,18.3,,9531,18.5,25,kg/m2,18.3
508725,501112,500068,3022192,,2020-02-05,32856,111.3,,8840,0,150,mg/dL,111.3
508726,501112,500068,3007070,,2020-02-05,32856,50.1,,8840,40,60,mg/dL,50.1
508727,501112,500068,3028437,,2020-02-05,32856,98.5,,8840,0,130,mg/dL,98.5
508728,501112,500068,3013721,,2020-02-05,32856,8.1,,8645,0,40,U/L,8.1
508729,501112,500068,3006923,,2020-02-05,32856,6,,8645,0,40,U/L,6.0
508730,501112,500068,3016723,,2020-02-05,32856,1.04,,8840,0.6,1.2,mg/dL,1.04
508731,501112,500068,3049187,,2020-02-05,32856,65,,9550,90,130,mL/min/1.73m2,65.0
508732,501113,500068,3004410,,2020-05-03,32856,6.6,,8554,4,5.6,%,6.6
508733,501113,500068,3004501,,2020-05-03,32856,152,,8840,70,99,mg/dL,152.0
508734,501113,500068,3004249,,2020-05-03,32856,133,,8876,90,130,mmHg,133.0
508735,501113,500068,3012888,,2020-05-03,32856,89,,8876,60,85,mmHg,89.0
508736,501113,500068,3025315,,2020-05-03,32856,42.1,,9529,45,90,kg,42.1
508737,501113,500068,3038553,,2020-05-03,32856,17.5,,9531,18.5,25,kg/m2,17.5
508738,501114,500068,3004410,,2020-08-08,32856,7.3,,8554,4,5.6,%,7.3
508739,501114,500068,3004501,,2020-08-08,32856,134,,8840,70,99,mg/dL,134.0
508740,501114,500068,3004249,,2020-08-08,32856,126,,8876,90,130,mmHg,126.0
508741,501114,500068,3012888,,2020-08-08,32856,95,,8876,60,85,mmHg,95.0
508742,501114,500068,3025315,,2020-08-08,32856,43.2,,9529,45,90,kg,43.2
508743,501114,500068,3038553,,2020-08-08,32856,18,,9531,18.5,25,kg/m2,18.0
508744,501115,500068,3004410,,2020-11-02,32856,7.9,,8554,4,5.6,%,7.9
508745,501115,500068,3004501,,2020-11-02,32856,155,,8840,70,99,mg/dL,155.0
508746,501115,500068,3004249,,2020-11-02,32856,140,,8876,90,130,mmHg,140.0
508747,501115,500068,3012888,,2020-11-02,32856,75,,8876,60,85,mmHg,75.0
508748,501115,500068,3025315,,2020-11-02,32856,43.8,,9529,45,90,kg,43.8
508749,501115,500068,3038553,,2020-11-02,32856,18.2,,9531,18.5,25,kg/m2,18.2
508750,501116,500068,3004410,,2021-01-26,32856,7.8,,8554,4,5.6,%,7.8
508751,501116,500068,3004501,,2021-01-26,32856,163,,8840,70,99,mg/dL,163.0
508752,501116,500068,3004249,,2021-01-26,32856,141,,8876,90,130,mmHg,141.0
508753,501116,500068,3012888,,2021-01-26,32856,91,,8876,60,85,mmHg,91.0
508754,501116,500068,3025315,,2021-01-26,32856,43.6,,9529,45,90,kg,43.6
508755,501116,500068,3038553,,2021-01-26,32856,18.1,,9531,18.5,25,kg/m2,18.1
508756,501116,500068,3022192,,2021-01-26,32856,228.7,,8840,0,150,mg/dL,228.7
508757,501116,500068,3007070,,2021-01-26,32856,51.5,,8840,40,60,mg/dL,51.5
508758,501116,500068,3028437,,2021-01-26,32856,97.5,,8840,0,130,mg/dL,97.5
508759,501116,500068,3013721,,2021-01-26,32856,11.7,,8645,0,40,U/L,11.7
508760,501116,500068,3006923,,2021-01-26,32856,39.7,,8645,0,40,U/L,39.7
508761,501116,500068,3016723,,2021-01-26,32856,0.93,,8840,0.6,1.2,mg/dL,0.93
508762,501116,500068,3049187,,2021-01-26,32856,74,,9550,90,130,mL/min/1.73m2,74.0
508763,501117,500068,3004410,,2021-05-03,32856,7.7,,8554,4,5.6,%,7.7
508764,501117,500068,3004501,,2021-05-03,32856,141,,8840,70,99,mg/dL,141.0
508765,501117,500068,3004249,,2021-05-03,32856,142,,8876,90,130,mmHg,142.0
508766,501117,500068,3012888,,2021-05-03,32856,80,,8876,60,85,mmHg,80.0
508767,501117,500068,3025315,,2021-05-03,32856,44,,9529,45,90,kg,44.0
508768,501117,500068,3038553,,2021-05-03,32856,18.3,,9531,18.5,25,kg/m2,18.3
508769,501118,500068,3004501,,2021-05-13,32856,58,,8840,70,99,mg/dL,58.0
508770,501119,500068,3004410,,2021-08-01,32856,7.1,,8554,4,5.6,%,7.1
508771,501119,500068,3004501,,2021-08-01,32856,141,,8840,70,99,mg/dL,141.0
508772,501119,500068,3004249,,2021-08-01,32856,141,,8876,90,130,mmHg,141.0
508773,501119,500068,3012888,,2021-08-01,32856,73,,8876,60,85,mmHg,73.0
508774,501119,500068,3025315,,2021-08-01,32856,42.4,,9529,45,90,kg,42.4
508775,501119,500068,3038553,,2021-08-01,32856,17.6,,9531,18.5,25,kg/m2,17.6
508776,501120,500068,3004410,,2021-10-28,32856,7.1,,8554,4,5.6,%,7.1
508777,501120,500068,3004501,,2021-10-28,32856,122,,8840,70,99,mg/dL,122.0
508778,501120,500068,3004249,,2021-10-28,32856,142,,8876,90,130,mmHg,142.0
508779,501120,500068,3012888,,2021-10-28,32856,86,,8876,60,85,mmHg,86.0
508780,501120,500068,3025315,,2021-10-28,32856,41.9,,9529,45,90,kg,41.9
508781,501120,500068,3038553,,2021-10-28,32856,17.4,,9531,18.5,25,kg/m2,17.4
508782,501121,500068,3004410,,2022-01-20,32856,7.6,,8554,4,5.6,%,7.6
508783,501121,500068,3004501,,2022-01-20,32856,140,,8840,70,99,mg/dL,140.0
508784,501121,500068,3004249,,2022-01-20,32856,126,,8876,90,130,mmHg,126.0
508785,501121,500068,3012888,,2022-01-20,32856,70,,8876,60,85,mmHg,70.0
508786,501121,500068,3025315,,2022-01-20,32856,41.2,,9529,45,90,kg,41.2
508787,501121,500068,3038553,,2022-01-20,32856,17.1,,9531,18.5,25,kg/m2,17.1
508788,501121,500068,3022192,,2022-01-20,32856,179.8,,8840,0,150,mg/dL,179.8
508789,501121,500068,3007070,,2022-01-20,32856,42.2,,8840,40,60,mg/dL,42.2
508790,501121,500068,3028437,,2022-01-20,32856,113.1,,8840,0,130,mg/dL,113.1
508791,501121,500068,3013721,,2022-01-20,32856,24.2,,8645,0,40,U/L,24.2
508792,501121,500068,3006923,,2022-01-20,32856,79.9,,8645,0,40,U/L,79.9
508793,501121,500068,3016723,,2022-01-20,32856,0.51,,8840,0.6,1.2,mg/dL,0.51
508794,501121,500068,3049187,,2022-01-20,32856,112,,9550,90,130,mL/min/1.73m2,112.0
508795,501122,500068,3004410,,2022-04-25,32856,7.4,,8554,4,5.6,%,7.4
508796,501122,500068,3004501,,2022-04-25,32856,140,,8840,70,99,mg/dL,140.0
508797,501122,500068,3004249,,2022-04-25,32856,113,,8876,90,130,mmHg,113.0
508798,501122,500068,3012888,,2022-04-25,32856,79,,8876,60,85,mmHg,79.0
508799,501122,500068,3025315,,2022-04-25,32856,40.5,,9529,45,90,kg,40.5
508800,501122,500068,3038553,,2022-04-25,32856,16.8,,9531,18.5,25,kg/m2,16.8
508801,501123,500068,3004410,,2022-07-27,32856,7.5,,8554,4,5.6,%,7.5
508802,501123,500068,3004501,,2022-07-27,32856,143,,8840,70,99,mg/dL,143.0
508803,501123,500068,3004249,,2022-07-27,32856,148,,8876,90,130,mmHg,148.0
508804,501123,500068,3012888,,2022-07-27,32856,89,,8876,60,85,mmHg,89.0
508805,501123,500068,3025315,,2022-07-27,32856,38.3,,9529,45,90,kg,38.3
508806,501123,500068,3038553,,2022-07-27,32856,15.9,,9531,18.5,25,kg/m2,15.9
508807,501124,500068,3004410,,2022-10-28,32856,8,,8554,4,5.6,%,8.0
508808,501124,500068,3004501,,2022-10-28,32856,151,,8840,70,99,mg/dL,151.0
508809,501124,500068,3004249,,2022-10-28,32856,129,,8876,90,130,mmHg,129.0
508810,501124,500068,3012888,,2022-10-28,32856,87,,8876,60,85,mmHg,87.0
508811,501124,500068,3025315,,2022-10-28,32856,38.6,,9529,45,90,kg,38.6
508812,501124,500068,3038553,,2022-10-28,32856,16,,9531,18.5,25,kg/m2,16.0
508813,501125,500068,3004410,,2023-01-30,32856,7.5,,8554,4,5.6,%,7.5
508814,501125,500068,3004501,,2023-01-30,32856,127,,8840,70,99,mg/dL,127.0
508815,501125,500068,3004249,,2023-01-30,32856,135,,8876,90,130,mmHg,135.0
508816,501125,500068,3012888,,2023-01-30,32856,74,,8876,60,85,mmHg,74.0
508817,501125,500068,3025315,,2023-01-30,32856,38.3,,9529,45,90,kg,38.3
508818,501125,500068,3038553,,2023-01-30,32856,15.9,,9531,18.5,25,kg/m2,15.9
508819,501125,500068,3022192,,2023-01-30,32856,225.4,,8840,0,150,mg/dL,225.4
508820,501125,500068,3007070,,2023-01-30,32856,48.9,,8840,40,60,mg/dL,48.9
508821,501125,500068,3028437,,2023-01-30,32856,122.4,,8840,0,130,mg/dL,122.4
508822,501125,500068,3013721,,2023-01-30,32856,50.4,,8645,0,40,U/L,50.4
508823,501125,500068,3006923,,2023-01-30,32856,76.7,,8645,0,40,U/L,76.7
508824,501125,500068,3016723,,2023-01-30,32856,0.59,,8840,0.6,1.2,mg/dL,0.59
508825,501125,500068,3049187,,2023-01-30,32856,107,,9550,90,130,mL/min/1.73m2,107.0
508826,501126,500069,3036277,,2022-05-16,32856,158.8,,8582,150,185,cm,158.8
508827,501126,500069,3004410,,2022-05-16,32856,6.8,,8554,4,5.6,%,6.8
508828,501126,500069,3004501,,2022-05-16,32856,137,,8840,70,99,mg/dL,137.0
508829,501126,500069,3004249,,2022-05-16,32856,144,,8876,90,130,mmHg,144.0
508830,501126,500069,3012888,,2022-05-16,32856,80,,8876,60,85,mmHg,80.0
508831,501126,500069,3025315,,2022-05-16,32856,75.7,,9529,45,90,kg,75.7
508832,501126,500069,3038553,,2022-05-16,32856,30,,9531,18.5,25,kg/m2,30.0
508833,501126,500069,3022192,,2022-05-16,32856,187.1,,8840,0,150,mg/dL,187.1
508834,501126,500069,3007070,,2022-05-16,32856,47.5,,8840,40,60,mg/dL,47.5
508835,501126,500069,3028437,,2022-05-16,32856,123.4,,8840,0,130,mg/dL,123.4
508836,501126,500069,3013721,,2022-05-16,32856,40.8,,8645,0,40,U/L,40.8
508837,501126,500069,3006923,,2022-05-16,32856,42.1,,8645,0,40,U/L,42.1
508838,501126,500069,3016723,,2022-05-16,32856,0.5,,8840,0.6,1.2,mg/dL,0.5
508839,501126,500069,3049187,,2022-05-16,32856,111,,9550,90,130,mL/min/1.73m2,111.0
508840,501127,500069,3004410,,2022-08-22,32856,6.5,,8554,4,5.6,%,6.5
508841,501127,500069,3004501,,2022-08-22,32856,120,,8840,70,99,mg/dL,120.0
508842,501127,500069,3004249,,2022-08-22,32856,149,,8876,90,130,mmHg,149.0
508843,501127,500069,3012888,,2022-08-22,32856,79,,8876,60,85,mmHg,79.0
508844,501127,500069,3025315,,2022-08-22,32856,76.4,,9529,45,90,kg,76.4
508845,501127,500069,3038553,,2022-08-22,32856,30.3,,9531,18.5,25,kg/m2,30.3
508846,501128,500069,3004410,,2022-11-17,32856,6.3,,8554,4,5.6,%,6.3
508847,501128,500069,3004501,,2022-11-17,32856,130,,8840,70,99,mg/dL,130.0
508848,501128,500069,3004249,,2022-11-17,32856,148,,8876,90,130,mmHg,148.0
508849,501128,500069,3012888,,2022-11-17,32856,84,,8876,60,85,mmHg,84.0
508850,501128,500069,3025315,,2022-11-17,32856,76.5,,9529,45,90,kg,76.5
508851,501128,500069,3038553,,2022-11-17,32856,30.3,,9531,18.5,25,kg/m2,30.3
508852,501129,500069,3004410,,2023-02-16,32856,6.3,,8554,4,5.6,%,6.3
508853,501129,500069,3004501,,2023-02-16,32856,83,,8840,70,99,mg/dL,83.0
508854,501129,500069,3004249,,2023-02-16,32856,133,,8876,90,130,mmHg,133.0
508855,501129,500069,3012888,,2023-02-16,32856,83,,8876,60,85,mmHg,83.0
508856,501129,500069,3025315,,2023-02-16,32856,75.3,,9529,45,90,kg,75.3
508857,501129,500069,3038553,,2023-02-16,32856,29.9,,9531,18.5,25,kg/m2,29.9
508858,501130,500069,3004410,,2023-05-14,32856,5.9,,8554,4,5.6,%,5.9
508859,501130,500069,3004501,,2023-05-14,32856,93,,8840,70,99,mg/dL,93.0
508860,501130,500069,3004249,,2023-05-14,32856,130,,8876,90,130,mmHg,130.0
508861,501130,500069,3012888,,2023-05-14,32856,95,,8876,60,85,mmHg,95.0
508862,501130,500069,3025315,,2023-05-14,32856,75.3,,9529,45,90,kg,75.3
508863,501130,500069,3038553,,2023-05-14,32856,29.9,,9531,18.5,25,kg/m2,29.9
508864,501130,500069,3022192,,2023-05-14,32856,88.6,,8840,0,150,mg/dL,88.6
508865,501130,500069,3007070,,2023-05-14,32856,32.8,,8840,40,60,mg/dL,32.8
508866,501130,500069,3028437,,2023-05-14,32856,139.4,,8840,0,130,mg/dL,139.4
508867,501130,500069,3013721,,2023-05-14,32856,41.5,,8645,0,40,U/L,41.5
508868,501130,500069,3006923,,2023-05-14,32856,17,,8645,0,40,U/L,17.0
508869,501130,500069,3016723,,2023-05-14,32856,0.5,,8840,0.6,1.2,mg/dL,0.5
508870,501130,500069,3049187,,2023-05-14,32856,111,,9550,90,130,mL/min/1.73m2,111.0
508871,501131,500069,3004410,,2023-08-14,32856,5.9,,8554,4,5.6,%,5.9
508872,501131,500069,3004501,,2023-08-14,32856,124,,8840,70,99,mg/dL,124.0
508873,501131,500069,3004249,,2023-08-14,32856,129,,8876,90,130,mmHg,129.0
508874,501131,500069,3012888,,2023-08-14,32856,82,,8876,60,85,mmHg,82.0
508875,501131,500069,3025315,,2023-08-14,32856,77,,9529,45,90,kg,77.0
508876,501131,500069,3038553,,2023-08-14,32856,30.5,,9531,18.5,25,kg/m2,30.5
508877,501132,500069,3004410,,2023-11-10,32856,5.7,,8554,4,5.6,%,5.7
508878,501132,500069,3004501,,2023-11-10,32856,79,,8840,70,99,mg/dL,79.0
508879,501132,500069,3004249,,2023-11-10,32856,137,,8876,90,130,mmHg,137.0
508880,501132,500069,3012888,,2023-11-10,32856,88,,8876,60,85,mmHg,88.0
508881,501132,500069,3025315,,2023-11-10,32856,76.7,,9529,45,90,kg,76.7
508882,501132,500069,3038553,,2023-11-10,32856,30.4,,9531,18.5,25,kg/m2,30.4
508883,501133,500069,3004410,,2024-02-05,32856,6,,8554,4,5.6,%,6.0
508884,501133,500069,3004501,,2024-02-05,32856,103,,8840,70,99,mg/dL,103.0
508885,501133,500069,3004249,,2024-02-05,32856,148,,8876,90,130,mmHg,148.0
508886,501133,500069,3012888,,2024-02-05,32856,81,,8876,60,85,mmHg,81.0
508887,501133,500069,3025315,,2024-02-05,32856,76.4,,9529,45,90,kg,76.4
508888,501133,500069,3038553,,2024-02-05,32856,30.3,,9531,18.5,25,kg/m2,30.3
508889,501134,500069,3004410,,2024-05-02,32856,7.1,,8554,4,5.6,%,7.1
508890,501134,500069,3004501,,2024-05-02,32856,121,,8840,70,99,mg/dL,121.0
508891,501134,500069,3004249,,2024-05-02,32856,154,,8876,90,130,mmHg,154.0
508892,501134,500069,3012888,,2024-05-02,32856,89,,8876,60,85,mmHg,89.0
508893,501134,500069,3025315,,2024-05-02,32856,77.3,,9529,45,90,kg,77.3
508894,501134,500069,3038553,,2024-05-02,32856,30.7,,9531,18.5,25,kg/m2,30.7
508895,501134,500069,3022192,,2024-05-02,32856,104.8,,8840,0,150,mg/dL,104.8
508896,501134,500069,3007070,,2024-05-02,32856,62.3,,8840,40,60,mg/dL,62.3
508897,501134,500069,3028437,,2024-05-02,32856,93.7,,8840,0,130,mg/dL,93.7
508898,501134,500069,3013721,,2024-05-02,32856,33.3,,8645,0,40,U/L,33.3
508899,501134,500069,3006923,,2024-05-02,32856,8.3,,8645,0,40,U/L,8.3
508900,501134,500069,3016723,,2024-05-02,32856,0.56,,8840,0.6,1.2,mg/dL,0.56
508901,501134,500069,3049187,,2024-05-02,32856,107,,9550,90,130,mL/min/1.73m2,107.0
508902,501135,500069,3004410,,2024-07-29,32856,6.6,,8554,4,5.6,%,6.6
508903,501135,500069,3004501,,2024-07-29,32856,109,,8840,70,99,mg/dL,109.0
508904,501135,500069,3004249,,2024-07-29,32856,142,,8876,90,130,mmHg,142.0
508905,501135,500069,3012888,,2024-07-29,32856,80,,8876,60,85,mmHg,80.0
508906,501135,500069,3025315,,2024-07-29,32856,78.1,,9529,45,90,kg,78.1
508907,501135,500069,3038553,,2024-07-29,32856,31,,9531,18.5,25,kg/m2,31.0
508908,501136,500069,3004410,,2024-10-23,32856,6.1,,8554,4,5.6,%,6.1
508909,501136,500069,3004501,,2024-10-23,32856,84,,8840,70,99,mg/dL,84.0
508910,501136,500069,3004249,,2024-10-23,32856,148,,8876,90,130,mmHg,148.0
508911,501136,500069,3012888,,2024-10-23,32856,77,,8876,60,85,mmHg,77.0
508912,501136,500069,3025315,,2024-10-23,32856,77.5,,9529,45,90,kg,77.5
508913,501136,500069,3038553,,2024-10-23,32856,30.7,,9531,18.5,25,kg/m2,30.7
508914,501137,500069,3004410,,2025-01-28,32856,6.3,,8554,4,5.6,%,6.3
508915,501137,500069,3004501,,2025-01-28,32856,138,,8840,70,99,mg/dL,138.0
508916,501137,500069,3004249,,2025-01-28,32856,130,,8876,90,130,mmHg,130.0
508917,501137,500069,3012888,,2025-01-28,32856,71,,8876,60,85,mmHg,71.0
508918,501137,500069,3025315,,2025-01-28,32856,77.7,,9529,45,90,kg,77.7
508919,501137,500069,3038553,,2025-01-28,32856,30.8,,9531,18.5,25,kg/m2,30.8
508920,501138,500069,3004410,,2025-04-23,32856,5.9,,8554,4,5.6,%,5.9
508921,501138,500069,3004501,,2025-04-23,32856,106,,8840,70,99,mg/dL,106.0
508922,501138,500069,3004249,,2025-04-23,32856,165,,8876,90,130,mmHg,165.0
508923,501138,500069,3012888,,2025-04-23,32856,95,,8876,60,85,mmHg,95.0
508924,501138,500069,3025315,,2025-04-23,32856,77.9,,9529,45,90,kg,77.9
508925,501138,500069,3038553,,2025-04-23,32856,30.9,,9531,18.5,25,kg/m2,30.9
508926,501138,500069,3022192,,2025-04-23,32856,70.3,,8840,0,150,mg/dL,70.3
508927,501138,500069,3007070,,2025-04-23,32856,61.4,,8840,40,60,mg/dL,61.4
508928,501138,500069,3028437,,2025-04-23,32856,128.5,,8840,0,130,mg/dL,128.5
508929,501138,500069,3013721,,2025-04-23,32856,52.7,,8645,0,40,U/L,52.7
508930,501138,500069,3006923,,2025-04-23,32856,14.1,,8645,0,40,U/L,14.1
508931,501138,500069,3016723,,2025-04-23,32856,0.92,,8840,0.6,1.2,mg/dL,0.92
508932,501138,500069,3049187,,2025-04-23,32856,73,,9550,90,130,mL/min/1.73m2,73.0
508933,501139,500069,3004410,,2025-07-17,32856,6.3,,8554,4,5.6,%,6.3
508934,501139,500069,3004501,,2025-07-17,32856,124,,8840,70,99,mg/dL,124.0
508935,501139,500069,3004249,,2025-07-17,32856,129,,8876,90,130,mmHg,129.0
508936,501139,500069,3012888,,2025-07-17,32856,93,,8876,60,85,mmHg,93.0
508937,501139,500069,3025315,,2025-07-17,32856,77.4,,9529,45,90,kg,77.4
508938,501139,500069,3038553,,2025-07-17,32856,30.7,,9531,18.5,25,kg/m2,30.7
508939,501140,500069,3004410,,2025-10-10,32856,6.6,,8554,4,5.6,%,6.6
508940,501140,500069,3004501,,2025-10-10,32856,119,,8840,70,99,mg/dL,119.0
508941,501140,500069,3004249,,2025-10-10,32856,160,,8876,90,130,mmHg,160.0
508942,501140,500069,3012888,,2025-10-10,32856,90,,8876,60,85,mmHg,90.0
508943,501140,500069,3025315,,2025-10-10,32856,78.2,,9529,45,90,kg,78.2
508944,501140,500069,3038553,,2025-10-10,32856,31,,9531,18.5,25,kg/m2,31.0
508945,501141,500069,3004410,,2026-01-09,32856,7.5,,8554,4,5.6,%,7.5
508946,501141,500069,3004501,,2026-01-09,32856,165,,8840,70,99,mg/dL,165.0
508947,501141,500069,3004249,,2026-01-09,32856,118,,8876,90,130,mmHg,118.0
508948,501141,500069,3012888,,2026-01-09,32856,97,,8876,60,85,mmHg,97.0
508949,501141,500069,3025315,,2026-01-09,32856,76.8,,9529,45,90,kg,76.8
508950,501141,500069,3038553,,2026-01-09,32856,30.5,,9531,18.5,25,kg/m2,30.5
508951,501142,500069,3004410,,2026-04-17,32856,6,,8554,4,5.6,%,6.0
508952,501142,500069,3004501,,2026-04-17,32856,106,,8840,70,99,mg/dL,106.0
508953,501142,500069,3004249,,2026-04-17,32856,142,,8876,90,130,mmHg,142.0
508954,501142,500069,3012888,,2026-04-17,32856,70,,8876,60,85,mmHg,70.0
508955,501142,500069,3025315,,2026-04-17,32856,77.3,,9529,45,90,kg,77.3
508956,501142,500069,3038553,,2026-04-17,32856,30.7,,9531,18.5,25,kg/m2,30.7
508957,501142,500069,3022192,,2026-04-17,32856,101.1,,8840,0,150,mg/dL,101.1
508958,501142,500069,3007070,,2026-04-17,32856,54.3,,8840,40,60,mg/dL,54.3
508959,501142,500069,3028437,,2026-04-17,32856,125.1,,8840,0,130,mg/dL,125.1
508960,501142,500069,3013721,,2026-04-17,32856,24,,8645,0,40,U/L,24.0
508961,501142,500069,3006923,,2026-04-17,32856,17.6,,8645,0,40,U/L,17.6
508962,501142,500069,3016723,,2026-04-17,32856,0.67,,8840,0.6,1.2,mg/dL,0.67
508963,501142,500069,3049187,,2026-04-17,32856,101,,9550,90,130,mL/min/1.73m2,101.0
508964,501143,500069,3004410,,2026-07-17,32856,5.9,,8554,4,5.6,%,5.9
508965,501143,500069,3004501,,2026-07-17,32856,83,,8840,70,99,mg/dL,83.0
508966,501143,500069,3004249,,2026-07-17,32856,130,,8876,90,130,mmHg,130.0
508967,501143,500069,3012888,,2026-07-17,32856,90,,8876,60,85,mmHg,90.0
508968,501143,500069,3025315,,2026-07-17,32856,76.7,,9529,45,90,kg,76.7
508969,501143,500069,3038553,,2026-07-17,32856,30.4,,9531,18.5,25,kg/m2,30.4
508970,501144,500070,3036277,,2021-04-14,32856,175.8,,8582,150,185,cm,175.8
508971,501144,500070,3004410,,2021-04-14,32856,6.5,,8554,4,5.6,%,6.5
508972,501144,500070,3004501,,2021-04-14,32856,126,,8840,70,99,mg/dL,126
508973,501144,500070,3004249,,2021-04-14,32856,131,,8876,90,130,mmHg,131.0
508974,501144,500070,3012888,,2021-04-14,32856,79,,8876,60,85,mmHg,79.0
508975,501144,500070,3025315,,2021-04-14,32856,64.6,,9529,45,90,kg,64.6
508976,501144,500070,3038553,,2021-04-14,32856,20.9,,9531,18.5,25,kg/m2,20.9
508977,501144,500070,3022192,,2021-04-14,32856,162,,8840,0,150,mg/dL,162.0
508978,501144,500070,3007070,,2021-04-14,32856,50.8,,8840,40,60,mg/dL,50.8
508979,501144,500070,3028437,,2021-04-14,32856,129.4,,8840,0,130,mg/dL,129.4
508980,501144,500070,3013721,,2021-04-14,32856,65.7,,8645,0,40,U/L,65.7
508981,501144,500070,3006923,,2021-04-14,32856,60.1,,8645,0,40,U/L,60.1
508982,501144,500070,3016723,,2021-04-14,32856,1.25,,8840,0.6,1.2,mg/dL,1.25
508983,501144,500070,3049187,,2021-04-14,32856,77,,9550,90,130,mL/min/1.73m2,77.0
508984,501145,500070,3004410,,2021-07-16,32856,6.8,,8554,4,5.6,%,6.8
508985,501145,500070,3004501,,2021-07-16,32856,133,,8840,70,99,mg/dL,133.0
508986,501145,500070,3004249,,2021-07-16,32856,147,,8876,90,130,mmHg,147.0
508987,501145,500070,3012888,,2021-07-16,32856,94,,8876,60,85,mmHg,94.0
508988,501145,500070,3025315,,2021-07-16,32856,63.2,,9529,45,90,kg,63.2
508989,501145,500070,3038553,,2021-07-16,32856,20.4,,9531,18.5,25,kg/m2,20.4
508990,501146,500070,3004410,,2021-10-11,32856,6.5,,8554,4,5.6,%,6.5
508991,501146,500070,3004501,,2021-10-11,32856,131,,8840,70,99,mg/dL,131.0
508992,501146,500070,3004249,,2021-10-11,32856,100,,8876,90,130,mmHg,100.0
508993,501146,500070,3012888,,2021-10-11,32856,103,,8876,60,85,mmHg,103.0
508994,501146,500070,3025315,,2021-10-11,32856,63.2,,9529,45,90,kg,63.2
508995,501146,500070,3038553,,2021-10-11,32856,20.4,,9531,18.5,25,kg/m2,20.4
508996,501147,500070,3004410,,2022-01-04,32856,5.8,,8554,4,5.6,%,5.8
508997,501147,500070,3004501,,2022-01-04,32856,91,,8840,70,99,mg/dL,91.0
508998,501147,500070,3004249,,2022-01-04,32856,131,,8876,90,130,mmHg,131.0
508999,501147,500070,3012888,,2022-01-04,32856,87,,8876,60,85,mmHg,87.0
509000,501147,500070,3025315,,2022-01-04,32856,62.3,,9529,45,90,kg,62.3
509001,501147,500070,3038553,,2022-01-04,32856,20.2,,9531,18.5,25,kg/m2,20.2
509002,501148,500070,3004410,,2022-04-06,32856,5.4,,8554,4,5.6,%,5.4
509003,501148,500070,3004501,,2022-04-06,32856,70,,8840,70,99,mg/dL,70
509004,501148,500070,3004249,,2022-04-06,32856,152,,8876,90,130,mmHg,152.0
509005,501148,500070,3012888,,2022-04-06,32856,63,,8876,60,85,mmHg,63.0
509006,501148,500070,3025315,,2022-04-06,32856,61.5,,9529,45,90,kg,61.5
509007,501148,500070,3038553,,2022-04-06,32856,19.9,,9531,18.5,25,kg/m2,19.9
509008,501148,500070,3022192,,2022-04-06,32856,151.4,,8840,0,150,mg/dL,151.4
509009,501148,500070,3007070,,2022-04-06,32856,60,,8840,40,60,mg/dL,60.0
509010,501148,500070,3028437,,2022-04-06,32856,38.2,,8840,0,130,mg/dL,38.2
509011,501148,500070,3013721,,2022-04-06,32856,61,,8645,0,40,U/L,61.0
509012,501148,500070,3006923,,2022-04-06,32856,54,,8645,0,40,U/L,54.0
509013,501148,500070,3016723,,2022-04-06,32856,0.62,,8840,0.6,1.2,mg/dL,0.62
509014,501148,500070,3049187,,2022-04-06,32856,127,,9550,90,130,mL/min/1.73m2,127.0
509015,501149,500070,3004410,,2022-07-11,32856,5.7,,8554,4,5.6,%,5.7
509016,501149,500070,3004501,,2022-07-11,32856,85,,8840,70,99,mg/dL,85.0
509017,501149,500070,3004249,,2022-07-11,32856,138,,8876,90,130,mmHg,138.0
509018,501149,500070,3012888,,2022-07-11,32856,87,,8876,60,85,mmHg,87.0
509019,501149,500070,3025315,,2022-07-11,32856,61.5,,9529,45,90,kg,61.5
509020,501149,500070,3038553,,2022-07-11,32856,19.9,,9531,18.5,25,kg/m2,19.9
509021,501150,500070,3004410,,2022-10-08,32856,6.1,,8554,4,5.6,%,6.1
509022,501150,500070,3004501,,2022-10-08,32856,94,,8840,70,99,mg/dL,94.0
509023,501150,500070,3004249,,2022-10-08,32856,142,,8876,90,130,mmHg,142.0
509024,501150,500070,3012888,,2022-10-08,32856,93,,8876,60,85,mmHg,93.0
509025,501150,500070,3025315,,2022-10-08,32856,63.6,,9529,45,90,kg,63.6
509026,501150,500070,3038553,,2022-10-08,32856,20.6,,9531,18.5,25,kg/m2,20.6
509027,501151,500070,3004410,,2023-01-14,32856,6.4,,8554,4,5.6,%,6.4
509028,501151,500070,3004501,,2023-01-14,32856,108,,8840,70,99,mg/dL,108.0
509029,501151,500070,3004249,,2023-01-14,32856,131,,8876,90,130,mmHg,131.0
509030,501151,500070,3012888,,2023-01-14,32856,85,,8876,60,85,mmHg,85.0
509031,501151,500070,3025315,,2023-01-14,32856,63.2,,9529,45,90,kg,63.2
509032,501151,500070,3038553,,2023-01-14,32856,20.4,,9531,18.5,25,kg/m2,20.4
509033,501152,500070,3004410,,2023-04-12,32856,6.1,,8554,4,5.6,%,6.1
509034,501152,500070,3004501,,2023-04-12,32856,102,,8840,70,99,mg/dL,102.0
509035,501152,500070,3004249,,2023-04-12,32856,142,,8876,90,130,mmHg,142.0
509036,501152,500070,3012888,,2023-04-12,32856,85,,8876,60,85,mmHg,85.0
509037,501152,500070,3025315,,2023-04-12,32856,61.8,,9529,45,90,kg,61.8
509038,501152,500070,3038553,,2023-04-12,32856,20,,9531,18.5,25,kg/m2,20.0
509039,501152,500070,3022192,,2023-04-12,32856,128.3,,8840,0,150,mg/dL,128.3
509040,501152,500070,3007070,,2023-04-12,32856,56.4,,8840,40,60,mg/dL,56.4
509041,501152,500070,3028437,,2023-04-12,32856,85.8,,8840,0,130,mg/dL,85.8
509042,501152,500070,3013721,,2023-04-12,32856,67.1,,8645,0,40,U/L,67.1
509043,501152,500070,3006923,,2023-04-12,32856,79.3,,8645,0,40,U/L,79.3
509044,501152,500070,3016723,,2023-04-12,32856,1.25,,8840,0.6,1.2,mg/dL,1.25
509045,501152,500070,3049187,,2023-04-12,32856,76,,9550,90,130,mL/min/1.73m2,76.0
509046,501153,500070,3004410,,2023-07-11,32856,5.9,,8554,4,5.6,%,5.9
509047,501153,500070,3004501,,2023-07-11,32856,118,,8840,70,99,mg/dL,118.0
509048,501153,500070,3004249,,2023-07-11,32856,134,,8876,90,130,mmHg,134.0
509049,501153,500070,3012888,,2023-07-11,32856,78,,8876,60,85,mmHg,78.0
509050,501153,500070,3025315,,2023-07-11,32856,63,,9529,45,90,kg,63.0
509051,501153,500070,3038553,,2023-07-11,32856,20.4,,9531,18.5,25,kg/m2,20.4
509052,501154,500070,3004410,,2023-10-13,32856,6.1,,8554,4,5.6,%,6.1
509053,501154,500070,3004501,,2023-10-13,32856,118,,8840,70,99,mg/dL,118.0
509054,501154,500070,3004249,,2023-10-13,32856,144,,8876,90,130,mmHg,144.0
509055,501154,500070,3012888,,2023-10-13,32856,79,,8876,60,85,mmHg,79.0
509056,501154,500070,3025315,,2023-10-13,32856,61.1,,9529,45,90,kg,61.1
509057,501154,500070,3038553,,2023-10-13,32856,19.8,,9531,18.5,25,kg/m2,19.8
509058,501155,500070,3004410,,2024-01-17,32856,5.7,,8554,4,5.6,%,5.7
509059,501155,500070,3004501,,2024-01-17,32856,118,,8840,70,99,mg/dL,118.0
509060,501155,500070,3004249,,2024-01-17,32856,127,,8876,90,130,mmHg,127.0
509061,501155,500070,3012888,,2024-01-17,32856,95,,8876,60,85,mmHg,95.0
509062,501155,500070,3025315,,2024-01-17,32856,60.4,,9529,45,90,kg,60.4
509063,501155,500070,3038553,,2024-01-17,32856,19.5,,9531,18.5,25,kg/m2,19.5
509064,501156,500070,3004410,,2024-04-22,32856,6,,8554,4,5.6,%,6.0
509065,501156,500070,3004501,,2024-04-22,32856,93,,8840,70,99,mg/dL,93.0
509066,501156,500070,3004249,,2024-04-22,32856,159,,8876,90,130,mmHg,159.0
509067,501156,500070,3012888,,2024-04-22,32856,79,,8876,60,85,mmHg,79.0
509068,501156,500070,3025315,,2024-04-22,32856,60.7,,9529,45,90,kg,60.7
509069,501156,500070,3038553,,2024-04-22,32856,19.6,,9531,18.5,25,kg/m2,19.6
509070,501156,500070,3022192,,2024-04-22,32856,238.5,,8840,0,150,mg/dL,238.5
509071,501156,500070,3007070,,2024-04-22,32856,50.8,,8840,40,60,mg/dL,50.8
509072,501156,500070,3028437,,2024-04-22,32856,103.8,,8840,0,130,mg/dL,103.8
509073,501156,500070,3013721,,2024-04-22,32856,56.5,,8645,0,40,U/L,56.5
509074,501156,500070,3006923,,2024-04-22,32856,61.8,,8645,0,40,U/L,61.8
509075,501156,500070,3016723,,2024-04-22,32856,1.15,,8840,0.6,1.2,mg/dL,1.15
509076,501156,500070,3049187,,2024-04-22,32856,84,,9550,90,130,mL/min/1.73m2,84.0
509077,501157,500070,3004410,,2024-07-17,32856,6.2,,8554,4,5.6,%,6.2
509078,501157,500070,3004501,,2024-07-17,32856,118,,8840,70,99,mg/dL,118.0
509079,501157,500070,3004249,,2024-07-17,32856,146,,8876,90,130,mmHg,146.0
509080,501157,500070,3012888,,2024-07-17,32856,72,,8876,60,85,mmHg,72.0
509081,501157,500070,3025315,,2024-07-17,32856,60.1,,9529,45,90,kg,60.1
509082,501157,500070,3038553,,2024-07-17,32856,19.4,,9531,18.5,25,kg/m2,19.4
509083,501158,500070,3004410,,2024-10-12,32856,6,,8554,4,5.6,%,6.0
509084,501158,500070,3004501,,2024-10-12,32856,130,,8840,70,99,mg/dL,130.0
509085,501158,500070,3004249,,2024-10-12,32856,140,,8876,90,130,mmHg,140.0
509086,501158,500070,3012888,,2024-10-12,32856,86,,8876,60,85,mmHg,86.0
509087,501158,500070,3025315,,2024-10-12,32856,59.3,,9529,45,90,kg,59.3
509088,501158,500070,3038553,,2024-10-12,32856,19.2,,9531,18.5,25,kg/m2,19.2
509089,501159,500070,3004410,,2025-01-04,32856,6,,8554,4,5.6,%,6.0
509090,501159,500070,3004501,,2025-01-04,32856,80,,8840,70,99,mg/dL,80.0
509091,501159,500070,3004249,,2025-01-04,32856,123,,8876,90,130,mmHg,123.0
509092,501159,500070,3012888,,2025-01-04,32856,77,,8876,60,85,mmHg,77.0
509093,501159,500070,3025315,,2025-01-04,32856,59.2,,9529,45,90,kg,59.2
509094,501159,500070,3038553,,2025-01-04,32856,19.2,,9531,18.5,25,kg/m2,19.2
509095,501160,500070,3004410,,2025-04-03,32856,5.8,,8554,4,5.6,%,5.8
509096,501160,500070,3004501,,2025-04-03,32856,101,,8840,70,99,mg/dL,101.0
509097,501160,500070,3004249,,2025-04-03,32856,148,,8876,90,130,mmHg,148.0
509098,501160,500070,3012888,,2025-04-03,32856,84,,8876,60,85,mmHg,84.0
509099,501160,500070,3025315,,2025-04-03,32856,60.4,,9529,45,90,kg,60.4
509100,501160,500070,3038553,,2025-04-03,32856,19.5,,9531,18.5,25,kg/m2,19.5
509101,501160,500070,3022192,,2025-04-03,32856,54.2,,8840,0,150,mg/dL,54.2
509102,501160,500070,3007070,,2025-04-03,32856,49.9,,8840,40,60,mg/dL,49.9
509103,501160,500070,3028437,,2025-04-03,32856,104.7,,8840,0,130,mg/dL,104.7
509104,501160,500070,3013721,,2025-04-03,32856,45.8,,8645,0,40,U/L,45.8
509105,501160,500070,3006923,,2025-04-03,32856,33.4,,8645,0,40,U/L,33.4
509106,501160,500070,3016723,,2025-04-03,32856,0.82,,8840,0.6,1.2,mg/dL,0.82
509107,501160,500070,3049187,,2025-04-03,32856,115,,9550,90,130,mL/min/1.73m2,115.0
509108,501161,500070,3004410,,2025-07-03,32856,6.3,,8554,4,5.6,%,6.3
509109,501161,500070,3004501,,2025-07-03,32856,122,,8840,70,99,mg/dL,122.0
509110,501161,500070,3004249,,2025-07-03,32856,140,,8876,90,130,mmHg,140.0
509111,501161,500070,3012888,,2025-07-03,32856,78,,8876,60,85,mmHg,78.0
509112,501161,500070,3025315,,2025-07-03,32856,60.3,,9529,45,90,kg,60.3
509113,501161,500070,3038553,,2025-07-03,32856,19.5,,9531,18.5,25,kg/m2,19.5
509114,501162,500070,3004410,,2025-09-26,32856,6.1,,8554,4,5.6,%,6.1
509115,501162,500070,3004501,,2025-09-26,32856,125,,8840,70,99,mg/dL,125.0
509116,501162,500070,3004249,,2025-09-26,32856,136,,8876,90,130,mmHg,136.0
509117,501162,500070,3012888,,2025-09-26,32856,93,,8876,60,85,mmHg,93.0
509118,501162,500070,3025315,,2025-09-26,32856,59.2,,9529,45,90,kg,59.2
509119,501162,500070,3038553,,2025-09-26,32856,19.2,,9531,18.5,25,kg/m2,19.2
509120,501163,500070,3004410,,2026-01-02,32856,6.5,,8554,4,5.6,%,6.5
509121,501163,500070,3004501,,2026-01-02,32856,128,,8840,70,99,mg/dL,128.0
509122,501163,500070,3004249,,2026-01-02,32856,125,,8876,90,130,mmHg,125.0
509123,501163,500070,3012888,,2026-01-02,32856,78,,8876,60,85,mmHg,78.0
509124,501163,500070,3025315,,2026-01-02,32856,58.5,,9529,45,90,kg,58.5
509125,501163,500070,3038553,,2026-01-02,32856,18.9,,9531,18.5,25,kg/m2,18.9
509126,501164,500070,3004410,,2026-03-31,32856,7.2,,8554,4,5.6,%,7.2
509127,501164,500070,3004501,,2026-03-31,32856,132,,8840,70,99,mg/dL,132.0
509128,501164,500070,3004249,,2026-03-31,32856,118,,8876,90,130,mmHg,118.0
509129,501164,500070,3012888,,2026-03-31,32856,83,,8876,60,85,mmHg,83.0
509130,501164,500070,3025315,,2026-03-31,32856,59.3,,9529,45,90,kg,59.3
509131,501164,500070,3038553,,2026-03-31,32856,19.2,,9531,18.5,25,kg/m2,19.2
509132,501164,500070,3022192,,2026-03-31,32856,167.1,,8840,0,150,mg/dL,167.1
509133,501164,500070,3007070,,2026-03-31,32856,48.7,,8840,40,60,mg/dL,48.7
509134,501164,500070,3028437,,2026-03-31,32856,141.9,,8840,0,130,mg/dL,141.9
509135,501164,500070,3013721,,2026-03-31,32856,40.7,,8645,0,40,U/L,40.7
509136,501164,500070,3006923,,2026-03-31,32856,49.3,,8645,0,40,U/L,49.3
509137,501164,500070,3016723,,2026-03-31,32856,1.29,,8840,0.6,1.2,mg/dL,1.29
509138,501164,500070,3049187,,2026-03-31,32856,72,,9550,90,130,mL/min/1.73m2,72.0
509139,501165,500070,3004410,,2026-06-24,32856,6.2,,8554,4,5.6,%,6.2
509140,501165,500070,3004501,,2026-06-24,32856,97,,8840,70,99,mg/dL,97.0
509141,501165,500070,3004249,,2026-06-24,32856,141,,8876,90,130,mmHg,141.0
509142,501165,500070,3012888,,2026-06-24,32856,91,,8876,60,85,mmHg,91.0
509143,501165,500070,3025315,,2026-06-24,32856,61.6,,9529,45,90,kg,61.6
509144,501165,500070,3038553,,2026-06-24,32856,19.9,,9531,18.5,25,kg/m2,19.9
509145,501166,500071,3036277,,2023-09-04,32856,161.3,,8582,150,185,cm,161.3
509146,501166,500071,3004410,,2023-09-04,32856,6.5,,8554,4,5.6,%,6.5
509147,501166,500071,3004501,,2023-09-04,32856,126,,8840,70,99,mg/dL,126
509148,501166,500071,3004249,,2023-09-04,32856,143,,8876,90,130,mmHg,143.0
509149,501166,500071,3012888,,2023-09-04,32856,91,,8876,60,85,mmHg,91.0
509150,501166,500071,3025315,,2023-09-04,32856,55.2,,9529,45,90,kg,55.2
509151,501166,500071,3038553,,2023-09-04,32856,21.2,,9531,18.5,25,kg/m2,21.2
509152,501166,500071,3022192,,2023-09-04,32856,129.1,,8840,0,150,mg/dL,129.1
509153,501166,500071,3007070,,2023-09-04,32856,42.4,,8840,40,60,mg/dL,42.4
509154,501166,500071,3028437,,2023-09-04,32856,104,,8840,0,130,mg/dL,104.0
509155,501166,500071,3013721,,2023-09-04,32856,51.2,,8645,0,40,U/L,51.2
509156,501166,500071,3006923,,2023-09-04,32856,59.4,,8645,0,40,U/L,59.4
509157,501166,500071,3016723,,2023-09-04,32856,0.89,,8840,0.6,1.2,mg/dL,0.89
509158,501166,500071,3049187,,2023-09-04,32856,77,,9550,90,130,mL/min/1.73m2,77.0
509159,501167,500071,3004410,,2023-12-08,32856,6.3,,8554,4,5.6,%,6.3
509160,501167,500071,3004501,,2023-12-08,32856,106,,8840,70,99,mg/dL,106.0
509161,501167,500071,3004249,,2023-12-08,32856,141,,8876,90,130,mmHg,141.0
509162,501167,500071,3012888,,2023-12-08,32856,89,,8876,60,85,mmHg,89.0
509163,501167,500071,3025315,,2023-12-08,32856,56.8,,9529,45,90,kg,56.8
509164,501167,500071,3038553,,2023-12-08,32856,21.8,,9531,18.5,25,kg/m2,21.8
509165,501168,500071,3004410,,2024-03-15,32856,6.4,,8554,4,5.6,%,6.4
509166,501168,500071,3004501,,2024-03-15,32856,149,,8840,70,99,mg/dL,149.0
509167,501168,500071,3004249,,2024-03-15,32856,173,,8876,90,130,mmHg,173.0
509168,501168,500071,3012888,,2024-03-15,32856,90,,8876,60,85,mmHg,90.0
509169,501168,500071,3025315,,2024-03-15,32856,57.2,,9529,45,90,kg,57.2
509170,501168,500071,3038553,,2024-03-15,32856,22,,9531,18.5,25,kg/m2,22.0
509171,501169,500071,3004410,,2024-06-16,32856,5.8,,8554,4,5.6,%,5.8
509172,501169,500071,3004501,,2024-06-16,32856,99,,8840,70,99,mg/dL,99.0
509173,501169,500071,3004249,,2024-06-16,32856,130,,8876,90,130,mmHg,130.0
509174,501169,500071,3012888,,2024-06-16,32856,87,,8876,60,85,mmHg,87.0
509175,501169,500071,3025315,,2024-06-16,32856,57.8,,9529,45,90,kg,57.8
509176,501169,500071,3038553,,2024-06-16,32856,22.2,,9531,18.5,25,kg/m2,22.2
509177,501170,500071,3004410,,2024-09-14,32856,5.9,,8554,4,5.6,%,5.9
509178,501170,500071,3004501,,2024-09-14,32856,98,,8840,70,99,mg/dL,98.0
509179,501170,500071,3004249,,2024-09-14,32856,132,,8876,90,130,mmHg,132.0
509180,501170,500071,3012888,,2024-09-14,32856,79,,8876,60,85,mmHg,79.0
509181,501170,500071,3025315,,2024-09-14,32856,57.9,,9529,45,90,kg,57.9
509182,501170,500071,3038553,,2024-09-14,32856,22.3,,9531,18.5,25,kg/m2,22.3
509183,501170,500071,3022192,,2024-09-14,32856,287.6,,8840,0,150,mg/dL,287.6
509184,501170,500071,3007070,,2024-09-14,32856,22.6,,8840,40,60,mg/dL,22.6
509185,501170,500071,3028437,,2024-09-14,32856,132.5,,8840,0,130,mg/dL,132.5
509186,501170,500071,3013721,,2024-09-14,32856,47,,8645,0,40,U/L,47.0
509187,501170,500071,3006923,,2024-09-14,32856,80.8,,8645,0,40,U/L,80.8
509188,501170,500071,3016723,,2024-09-14,32856,0.86,,8840,0.6,1.2,mg/dL,0.86
509189,501170,500071,3049187,,2024-09-14,32856,79,,9550,90,130,mL/min/1.73m2,79.0
509190,501171,500071,3004410,,2024-12-12,32856,5.7,,8554,4,5.6,%,5.7
509191,501171,500071,3004501,,2024-12-12,32856,115,,8840,70,99,mg/dL,115.0
509192,501171,500071,3004249,,2024-12-12,32856,131,,8876,90,130,mmHg,131.0
509193,501171,500071,3012888,,2024-12-12,32856,76,,8876,60,85,mmHg,76.0
509194,501171,500071,3025315,,2024-12-12,32856,58.1,,9529,45,90,kg,58.1
509195,501171,500071,3038553,,2024-12-12,32856,22.3,,9531,18.5,25,kg/m2,22.3
509196,501172,500071,3004410,,2025-03-10,32856,5.1,,8554,4,5.6,%,5.1
509197,501172,500071,3004501,,2025-03-10,32856,76,,8840,70,99,mg/dL,76.0
509198,501172,500071,3004249,,2025-03-10,32856,129,,8876,90,130,mmHg,129.0
509199,501172,500071,3012888,,2025-03-10,32856,74,,8876,60,85,mmHg,74.0
509200,501172,500071,3025315,,2025-03-10,32856,58.6,,9529,45,90,kg,58.6
509201,501172,500071,3038553,,2025-03-10,32856,22.5,,9531,18.5,25,kg/m2,22.5
509202,501173,500071,3004410,,2025-06-08,32856,5.2,,8554,4,5.6,%,5.2
509203,501173,500071,3004501,,2025-06-08,32856,83,,8840,70,99,mg/dL,83.0
509204,501173,500071,3004249,,2025-06-08,32856,136,,8876,90,130,mmHg,136.0
509205,501173,500071,3012888,,2025-06-08,32856,91,,8876,60,85,mmHg,91.0
509206,501173,500071,3025315,,2025-06-08,32856,59.6,,9529,45,90,kg,59.6
509207,501173,500071,3038553,,2025-06-08,32856,22.9,,9531,18.5,25,kg/m2,22.9
509208,501174,500071,3004410,,2025-09-11,32856,5.4,,8554,4,5.6,%,5.4
509209,501174,500071,3004501,,2025-09-11,32856,92,,8840,70,99,mg/dL,92.0
509210,501174,500071,3004249,,2025-09-11,32856,135,,8876,90,130,mmHg,135.0
509211,501174,500071,3012888,,2025-09-11,32856,83,,8876,60,85,mmHg,83.0
509212,501174,500071,3025315,,2025-09-11,32856,59.6,,9529,45,90,kg,59.6
509213,501174,500071,3038553,,2025-09-11,32856,22.9,,9531,18.5,25,kg/m2,22.9
509214,501174,500071,3022192,,2025-09-11,32856,210.3,,8840,0,150,mg/dL,210.3
509215,501174,500071,3007070,,2025-09-11,32856,60.3,,8840,40,60,mg/dL,60.3
509216,501174,500071,3028437,,2025-09-11,32856,138.4,,8840,0,130,mg/dL,138.4
509217,501174,500071,3013721,,2025-09-11,32856,23.5,,8645,0,40,U/L,23.5
509218,501174,500071,3006923,,2025-09-11,32856,53.9,,8645,0,40,U/L,53.9
509219,501174,500071,3016723,,2025-09-11,32856,0.55,,8840,0.6,1.2,mg/dL,0.55
509220,501174,500071,3049187,,2025-09-11,32856,107,,9550,90,130,mL/min/1.73m2,107.0
509221,501175,500071,3004410,,2025-12-14,32856,5.7,,8554,4,5.6,%,5.7
509222,501175,500071,3004501,,2025-12-14,32856,86,,8840,70,99,mg/dL,86.0
509223,501175,500071,3004249,,2025-12-14,32856,123,,8876,90,130,mmHg,123.0
509224,501175,500071,3012888,,2025-12-14,32856,67,,8876,60,85,mmHg,67.0
509225,501175,500071,3025315,,2025-12-14,32856,59.8,,9529,45,90,kg,59.8
509226,501175,500071,3038553,,2025-12-14,32856,23,,9531,18.5,25,kg/m2,23.0
509227,501176,500071,3004410,,2026-03-11,32856,5.9,,8554,4,5.6,%,5.9
509228,501176,500071,3004501,,2026-03-11,32856,87,,8840,70,99,mg/dL,87.0
509229,501176,500071,3004249,,2026-03-11,32856,123,,8876,90,130,mmHg,123.0
509230,501176,500071,3012888,,2026-03-11,32856,94,,8876,60,85,mmHg,94.0
509231,501176,500071,3025315,,2026-03-11,32856,59.6,,9529,45,90,kg,59.6
509232,501176,500071,3038553,,2026-03-11,32856,22.9,,9531,18.5,25,kg/m2,22.9
509233,501177,500071,3004410,,2026-06-11,32856,6,,8554,4,5.6,%,6.0
509234,501177,500071,3004501,,2026-06-11,32856,93,,8840,70,99,mg/dL,93.0
509235,501177,500071,3004249,,2026-06-11,32856,152,,8876,90,130,mmHg,152.0
509236,501177,500071,3012888,,2026-06-11,32856,83,,8876,60,85,mmHg,83.0
509237,501177,500071,3025315,,2026-06-11,32856,57.8,,9529,45,90,kg,57.8
509238,501177,500071,3038553,,2026-06-11,32856,22.2,,9531,18.5,25,kg/m2,22.2
509239,501178,500072,3036277,,2023-05-26,32856,156,,8582,150,185,cm,156.0
509240,501178,500072,3004410,,2023-05-26,32856,8.2,,8554,4,5.6,%,8.2
509241,501178,500072,3004501,,2023-05-26,32856,150,,8840,70,99,mg/dL,150.0
509242,501178,500072,3004249,,2023-05-26,32856,131,,8876,90,130,mmHg,131.0
509243,501178,500072,3012888,,2023-05-26,32856,68,,8876,60,85,mmHg,68.0
509244,501178,500072,3025315,,2023-05-26,32856,57.7,,9529,45,90,kg,57.7
509245,501178,500072,3038553,,2023-05-26,32856,23.7,,9531,18.5,25,kg/m2,23.7
509246,501178,500072,3022192,,2023-05-26,32856,94.9,,8840,0,150,mg/dL,94.9
509247,501178,500072,3007070,,2023-05-26,32856,49.5,,8840,40,60,mg/dL,49.5
509248,501178,500072,3028437,,2023-05-26,32856,147.1,,8840,0,130,mg/dL,147.1
509249,501178,500072,3013721,,2023-05-26,32856,13.4,,8645,0,40,U/L,13.4
509250,501178,500072,3006923,,2023-05-26,32856,56.5,,8645,0,40,U/L,56.5
509251,501178,500072,3016723,,2023-05-26,32856,0.77,,8840,0.6,1.2,mg/dL,0.77
509252,501178,500072,3049187,,2023-05-26,32856,89,,9550,90,130,mL/min/1.73m2,89.0
509253,501179,500072,3004410,,2023-08-23,32856,7.6,,8554,4,5.6,%,7.6
509254,501179,500072,3004501,,2023-08-23,32856,136,,8840,70,99,mg/dL,136.0
509255,501179,500072,3004249,,2023-08-23,32856,135,,8876,90,130,mmHg,135.0
509256,501179,500072,3012888,,2023-08-23,32856,56,,8876,60,85,mmHg,56.0
509257,501179,500072,3025315,,2023-08-23,32856,57.4,,9529,45,90,kg,57.4
509258,501179,500072,3038553,,2023-08-23,32856,23.6,,9531,18.5,25,kg/m2,23.6
509259,501180,500072,3004410,,2023-11-29,32856,7.9,,8554,4,5.6,%,7.9
509260,501180,500072,3004501,,2023-11-29,32856,151,,8840,70,99,mg/dL,151.0
509261,501180,500072,3004249,,2023-11-29,32856,115,,8876,90,130,mmHg,115.0
509262,501180,500072,3012888,,2023-11-29,32856,82,,8876,60,85,mmHg,82.0
509263,501180,500072,3025315,,2023-11-29,32856,56.7,,9529,45,90,kg,56.7
509264,501180,500072,3038553,,2023-11-29,32856,23.3,,9531,18.5,25,kg/m2,23.3
509265,501181,500072,3004410,,2024-02-28,32856,7.2,,8554,4,5.6,%,7.2
509266,501181,500072,3004501,,2024-02-28,32856,135,,8840,70,99,mg/dL,135.0
509267,501181,500072,3004249,,2024-02-28,32856,107,,8876,90,130,mmHg,107.0
509268,501181,500072,3012888,,2024-02-28,32856,84,,8876,60,85,mmHg,84.0
509269,501181,500072,3025315,,2024-02-28,32856,58.1,,9529,45,90,kg,58.1
509270,501181,500072,3038553,,2024-02-28,32856,23.9,,9531,18.5,25,kg/m2,23.9
509271,501182,500072,3004410,,2024-05-22,32856,7.8,,8554,4,5.6,%,7.8
509272,501182,500072,3004501,,2024-05-22,32856,162,,8840,70,99,mg/dL,162.0
509273,501182,500072,3004249,,2024-05-22,32856,148,,8876,90,130,mmHg,148.0
509274,501182,500072,3012888,,2024-05-22,32856,70,,8876,60,85,mmHg,70.0
509275,501182,500072,3025315,,2024-05-22,32856,58.6,,9529,45,90,kg,58.6
509276,501182,500072,3038553,,2024-05-22,32856,24.1,,9531,18.5,25,kg/m2,24.1
509277,501182,500072,3022192,,2024-05-22,32856,149.7,,8840,0,150,mg/dL,149.7
509278,501182,500072,3007070,,2024-05-22,32856,23.5,,8840,40,60,mg/dL,23.5
509279,501182,500072,3028437,,2024-05-22,32856,104,,8840,0,130,mg/dL,104.0
509280,501182,500072,3013721,,2024-05-22,32856,30,,8645,0,40,U/L,30.0
509281,501182,500072,3006923,,2024-05-22,32856,62.6,,8645,0,40,U/L,62.6
509282,501182,500072,3016723,,2024-05-22,32856,0.75,,8840,0.6,1.2,mg/dL,0.75
509283,501182,500072,3049187,,2024-05-22,32856,91,,9550,90,130,mL/min/1.73m2,91.0
509284,501183,500072,3004410,,2024-08-15,32856,7.4,,8554,4,5.6,%,7.4
509285,501183,500072,3004501,,2024-08-15,32856,141,,8840,70,99,mg/dL,141.0
509286,501183,500072,3004249,,2024-08-15,32856,116,,8876,90,130,mmHg,116.0
509287,501183,500072,3012888,,2024-08-15,32856,72,,8876,60,85,mmHg,72.0
509288,501183,500072,3025315,,2024-08-15,32856,58.5,,9529,45,90,kg,58.5
509289,501183,500072,3038553,,2024-08-15,32856,24,,9531,18.5,25,kg/m2,24.0
509290,501184,500072,3004410,,2024-11-21,32856,7.7,,8554,4,5.6,%,7.7
509291,501184,500072,3004501,,2024-11-21,32856,136,,8840,70,99,mg/dL,136.0
509292,501184,500072,3004249,,2024-11-21,32856,139,,8876,90,130,mmHg,139.0
509293,501184,500072,3012888,,2024-11-21,32856,65,,8876,60,85,mmHg,65.0
509294,501184,500072,3025315,,2024-11-21,32856,59,,9529,45,90,kg,59.0
509295,501184,500072,3038553,,2024-11-21,32856,24.2,,9531,18.5,25,kg/m2,24.2
509296,501185,500072,3004410,,2025-02-15,32856,7.7,,8554,4,5.6,%,7.7
509297,501185,500072,3004501,,2025-02-15,32856,141,,8840,70,99,mg/dL,141.0
509298,501185,500072,3004249,,2025-02-15,32856,123,,8876,90,130,mmHg,123.0
509299,501185,500072,3012888,,2025-02-15,32856,87,,8876,60,85,mmHg,87.0
509300,501185,500072,3025315,,2025-02-15,32856,59.9,,9529,45,90,kg,59.9
509301,501185,500072,3038553,,2025-02-15,32856,24.6,,9531,18.5,25,kg/m2,24.6
509302,501186,500072,3004410,,2025-05-15,32856,7.6,,8554,4,5.6,%,7.6
509303,501186,500072,3004501,,2025-05-15,32856,146,,8840,70,99,mg/dL,146.0
509304,501186,500072,3004249,,2025-05-15,32856,128,,8876,90,130,mmHg,128.0
509305,501186,500072,3012888,,2025-05-15,32856,81,,8876,60,85,mmHg,81.0
509306,501186,500072,3025315,,2025-05-15,32856,58.6,,9529,45,90,kg,58.6
509307,501186,500072,3038553,,2025-05-15,32856,24.1,,9531,18.5,25,kg/m2,24.1
509308,501186,500072,3022192,,2025-05-15,32856,114.5,,8840,0,150,mg/dL,114.5
509309,501186,500072,3007070,,2025-05-15,32856,57.8,,8840,40,60,mg/dL,57.8
509310,501186,500072,3028437,,2025-05-15,32856,119.3,,8840,0,130,mg/dL,119.3
509311,501186,500072,3013721,,2025-05-15,32856,58,,8645,0,40,U/L,58.0
509312,501186,500072,3006923,,2025-05-15,32856,38.2,,8645,0,40,U/L,38.2
509313,501186,500072,3016723,,2025-05-15,32856,0.71,,8840,0.6,1.2,mg/dL,0.71
509314,501186,500072,3049187,,2025-05-15,32856,97,,9550,90,130,mL/min/1.73m2,97.0
509315,501187,500072,3004410,,2025-08-07,32856,7.3,,8554,4,5.6,%,7.3
509316,501187,500072,3004501,,2025-08-07,32856,141,,8840,70,99,mg/dL,141.0
509317,501187,500072,3004249,,2025-08-07,32856,108,,8876,90,130,mmHg,108.0
509318,501187,500072,3012888,,2025-08-07,32856,76,,8876,60,85,mmHg,76.0
509319,501187,500072,3025315,,2025-08-07,32856,58.2,,9529,45,90,kg,58.2
509320,501187,500072,3038553,,2025-08-07,32856,23.9,,9531,18.5,25,kg/m2,23.9
509321,501188,500072,3004410,,2025-11-03,32856,6.7,,8554,4,5.6,%,6.7
509322,501188,500072,3004501,,2025-11-03,32856,128,,8840,70,99,mg/dL,128.0
509323,501188,500072,3004249,,2025-11-03,32856,115,,8876,90,130,mmHg,115.0
509324,501188,500072,3012888,,2025-11-03,32856,69,,8876,60,85,mmHg,69.0
509325,501188,500072,3025315,,2025-11-03,32856,57.1,,9529,45,90,kg,57.1
509326,501188,500072,3038553,,2025-11-03,32856,23.5,,9531,18.5,25,kg/m2,23.5
509327,501189,500072,3004410,,2026-02-09,32856,7,,8554,4,5.6,%,7.0
509328,501189,500072,3004501,,2026-02-09,32856,154,,8840,70,99,mg/dL,154.0
509329,501189,500072,3004249,,2026-02-09,32856,122,,8876,90,130,mmHg,122.0
509330,501189,500072,3012888,,2026-02-09,32856,87,,8876,60,85,mmHg,87.0
509331,501189,500072,3025315,,2026-02-09,32856,57.4,,9529,45,90,kg,57.4
509332,501189,500072,3038553,,2026-02-09,32856,23.6,,9531,18.5,25,kg/m2,23.6
509333,501190,500072,3004410,,2026-05-10,32856,7.9,,8554,4,5.6,%,7.9
509334,501190,500072,3004501,,2026-05-10,32856,184,,8840,70,99,mg/dL,184.0
509335,501190,500072,3004249,,2026-05-10,32856,115,,8876,90,130,mmHg,115.0
509336,501190,500072,3012888,,2026-05-10,32856,75,,8876,60,85,mmHg,75.0
509337,501190,500072,3025315,,2026-05-10,32856,58.6,,9529,45,90,kg,58.6
509338,501190,500072,3038553,,2026-05-10,32856,24.1,,9531,18.5,25,kg/m2,24.1
509339,501190,500072,3022192,,2026-05-10,32856,117.9,,8840,0,150,mg/dL,117.9
509340,501190,500072,3007070,,2026-05-10,32856,44.6,,8840,40,60,mg/dL,44.6
509341,501190,500072,3028437,,2026-05-10,32856,103.9,,8840,0,130,mg/dL,103.9
509342,501190,500072,3013721,,2026-05-10,32856,101.8,,8645,0,40,U/L,101.8
509343,501190,500072,3006923,,2026-05-10,32856,22.9,,8645,0,40,U/L,22.9
509344,501190,500072,3016723,,2026-05-10,32856,1.19,,8840,0.6,1.2,mg/dL,1.19
509345,501190,500072,3049187,,2026-05-10,32856,52,,9550,90,130,mL/min/1.73m2,52.0
509346,501191,500072,3004410,,2026-08-08,32856,7.6,,8554,4,5.6,%,7.6
509347,501191,500072,3004501,,2026-08-08,32856,156,,8840,70,99,mg/dL,156.0
509348,501191,500072,3004249,,2026-08-08,32856,134,,8876,90,130,mmHg,134.0
509349,501191,500072,3012888,,2026-08-08,32856,70,,8876,60,85,mmHg,70.0
509350,501191,500072,3025315,,2026-08-08,32856,57.9,,9529,45,90,kg,57.9
509351,501191,500072,3038553,,2026-08-08,32856,23.8,,9531,18.5,25,kg/m2,23.8
509352,501192,500073,3036277,,2020-08-12,32856,158.9,,8582,150,185,cm,158.9
509353,501192,500073,3004410,,2020-08-12,32856,6.5,,8554,4,5.6,%,6.5
509354,501192,500073,3004501,,2020-08-12,32856,126,,8840,70,99,mg/dL,126
509355,501192,500073,3004249,,2020-08-12,32856,132,,8876,90,130,mmHg,132.0
509356,501192,500073,3012888,,2020-08-12,32856,89,,8876,60,85,mmHg,89.0
509357,501192,500073,3025315,,2020-08-12,32856,66.4,,9529,45,90,kg,66.4
509358,501192,500073,3038553,,2020-08-12,32856,26.3,,9531,18.5,25,kg/m2,26.3
509359,501192,500073,3022192,,2020-08-12,32856,104.3,,8840,0,150,mg/dL,104.3
509360,501192,500073,3007070,,2020-08-12,32856,23.1,,8840,40,60,mg/dL,23.1
509361,501192,500073,3028437,,2020-08-12,32856,131.4,,8840,0,130,mg/dL,131.4
509362,501192,500073,3013721,,2020-08-12,32856,24,,8645,0,40,U/L,24.0
509363,501192,500073,3006923,,2020-08-12,32856,6,,8645,0,40,U/L,6.0
509364,501192,500073,3016723,,2020-08-12,32856,0.63,,8840,0.6,1.2,mg/dL,0.63
509365,501192,500073,3049187,,2020-08-12,32856,112,,9550,90,130,mL/min/1.73m2,112.0
509366,501193,500073,3004410,,2020-11-07,32856,6.3,,8554,4,5.6,%,6.3
509367,501193,500073,3004501,,2020-11-07,32856,123,,8840,70,99,mg/dL,123.0
509368,501193,500073,3004249,,2020-11-07,32856,129,,8876,90,130,mmHg,129.0
509369,501193,500073,3012888,,2020-11-07,32856,72,,8876,60,85,mmHg,72.0
509370,501193,500073,3025315,,2020-11-07,32856,65,,9529,45,90,kg,65.0
509371,501193,500073,3038553,,2020-11-07,32856,25.7,,9531,18.5,25,kg/m2,25.7
509372,501194,500073,3004410,,2021-02-12,32856,6,,8554,4,5.6,%,6.0
509373,501194,500073,3004501,,2021-02-12,32856,88,,8840,70,99,mg/dL,88.0
509374,501194,500073,3004249,,2021-02-12,32856,137,,8876,90,130,mmHg,137.0
509375,501194,500073,3012888,,2021-02-12,32856,105,,8876,60,85,mmHg,105.0
509376,501194,500073,3025315,,2021-02-12,32856,64.7,,9529,45,90,kg,64.7
509377,501194,500073,3038553,,2021-02-12,32856,25.6,,9531,18.5,25,kg/m2,25.6
509378,501195,500073,3004410,,2021-05-10,32856,6.2,,8554,4,5.6,%,6.2
509379,501195,500073,3004501,,2021-05-10,32856,129,,8840,70,99,mg/dL,129.0
509380,501195,500073,3004249,,2021-05-10,32856,119,,8876,90,130,mmHg,119.0
509381,501195,500073,3012888,,2021-05-10,32856,73,,8876,60,85,mmHg,73.0
509382,501195,500073,3025315,,2021-05-10,32856,64.4,,9529,45,90,kg,64.4
509383,501195,500073,3038553,,2021-05-10,32856,25.5,,9531,18.5,25,kg/m2,25.5
509384,501196,500073,3004410,,2021-08-06,32856,6,,8554,4,5.6,%,6.0
509385,501196,500073,3004501,,2021-08-06,32856,93,,8840,70,99,mg/dL,93.0
509386,501196,500073,3004249,,2021-08-06,32856,120,,8876,90,130,mmHg,120.0
509387,501196,500073,3012888,,2021-08-06,32856,69,,8876,60,85,mmHg,69.0
509388,501196,500073,3025315,,2021-08-06,32856,65.2,,9529,45,90,kg,65.2
509389,501196,500073,3038553,,2021-08-06,32856,25.8,,9531,18.5,25,kg/m2,25.8
509390,501196,500073,3022192,,2021-08-06,32856,98.6,,8840,0,150,mg/dL,98.6
509391,501196,500073,3007070,,2021-08-06,32856,34.4,,8840,40,60,mg/dL,34.4
509392,501196,500073,3028437,,2021-08-06,32856,85.4,,8840,0,130,mg/dL,85.4
509393,501196,500073,3013721,,2021-08-06,32856,28.7,,8645,0,40,U/L,28.7
509394,501196,500073,3006923,,2021-08-06,32856,57.7,,8645,0,40,U/L,57.7
509395,501196,500073,3016723,,2021-08-06,32856,1.34,,8840,0.6,1.2,mg/dL,1.34
509396,501196,500073,3049187,,2021-08-06,32856,62,,9550,90,130,mL/min/1.73m2,62.0
509397,501197,500073,3004410,,2021-11-01,32856,6.1,,8554,4,5.6,%,6.1
509398,501197,500073,3004501,,2021-11-01,32856,118,,8840,70,99,mg/dL,118.0
509399,501197,500073,3004249,,2021-11-01,32856,130,,8876,90,130,mmHg,130.0
509400,501197,500073,3012888,,2021-11-01,32856,90,,8876,60,85,mmHg,90.0
509401,501197,500073,3025315,,2021-11-01,32856,63.3,,9529,45,90,kg,63.3
509402,501197,500073,3038553,,2021-11-01,32856,25.1,,9531,18.5,25,kg/m2,25.1
509403,501198,500073,3004410,,2022-02-05,32856,5.8,,8554,4,5.6,%,5.8
509404,501198,500073,3004501,,2022-02-05,32856,103,,8840,70,99,mg/dL,103.0
509405,501198,500073,3004249,,2022-02-05,32856,117,,8876,90,130,mmHg,117.0
509406,501198,500073,3012888,,2022-02-05,32856,86,,8876,60,85,mmHg,86.0
509407,501198,500073,3025315,,2022-02-05,32856,63,,9529,45,90,kg,63.0
509408,501198,500073,3038553,,2022-02-05,32856,25,,9531,18.5,25,kg/m2,25.0
509409,501199,500073,3004410,,2022-05-09,32856,5.3,,8554,4,5.6,%,5.3
509410,501199,500073,3004501,,2022-05-09,32856,87,,8840,70,99,mg/dL,87.0
509411,501199,500073,3004249,,2022-05-09,32856,121,,8876,90,130,mmHg,121.0
509412,501199,500073,3012888,,2022-05-09,32856,84,,8876,60,85,mmHg,84.0
509413,501199,500073,3025315,,2022-05-09,32856,60.8,,9529,45,90,kg,60.8
509414,501199,500073,3038553,,2022-05-09,32856,24.1,,9531,18.5,25,kg/m2,24.1
509415,501200,500073,3004410,,2022-08-10,32856,5.5,,8554,4,5.6,%,5.5
509416,501200,500073,3004501,,2022-08-10,32856,82,,8840,70,99,mg/dL,82.0
509417,501200,500073,3004249,,2022-08-10,32856,134,,8876,90,130,mmHg,134.0
509418,501200,500073,3012888,,2022-08-10,32856,73,,8876,60,85,mmHg,73.0
509419,501200,500073,3025315,,2022-08-10,32856,60.3,,9529,45,90,kg,60.3
509420,501200,500073,3038553,,2022-08-10,32856,23.9,,9531,18.5,25,kg/m2,23.9
509421,501200,500073,3022192,,2022-08-10,32856,129.1,,8840,0,150,mg/dL,129.1
509422,501200,500073,3007070,,2022-08-10,32856,44.7,,8840,40,60,mg/dL,44.7
509423,501200,500073,3028437,,2022-08-10,32856,109.4,,8840,0,130,mg/dL,109.4
509424,501200,500073,3013721,,2022-08-10,32856,22.1,,8645,0,40,U/L,22.1
509425,501200,500073,3006923,,2022-08-10,32856,63.9,,8645,0,40,U/L,63.9
509426,501200,500073,3016723,,2022-08-10,32856,1.08,,8840,0.6,1.2,mg/dL,1.08
509427,501200,500073,3049187,,2022-08-10,32856,80,,9550,90,130,mL/min/1.73m2,80.0
509428,501201,500073,3004410,,2022-11-09,32856,5.3,,8554,4,5.6,%,5.3
509429,501201,500073,3004501,,2022-11-09,32856,70,,8840,70,99,mg/dL,70
509430,501201,500073,3004249,,2022-11-09,32856,98,,8876,90,130,mmHg,98.0
509431,501201,500073,3012888,,2022-11-09,32856,81,,8876,60,85,mmHg,81.0
509432,501201,500073,3025315,,2022-11-09,32856,59.4,,9529,45,90,kg,59.4
509433,501201,500073,3038553,,2022-11-09,32856,23.5,,9531,18.5,25,kg/m2,23.5
509434,501202,500073,3004410,,2023-02-06,32856,5.6,,8554,4,5.6,%,5.6
509435,501202,500073,3004501,,2023-02-06,32856,97,,8840,70,99,mg/dL,97.0
509436,501202,500073,3004249,,2023-02-06,32856,131,,8876,90,130,mmHg,131.0
509437,501202,500073,3012888,,2023-02-06,32856,85,,8876,60,85,mmHg,85.0
509438,501202,500073,3025315,,2023-02-06,32856,58.9,,9529,45,90,kg,58.9
509439,501202,500073,3038553,,2023-02-06,32856,23.3,,9531,18.5,25,kg/m2,23.3
509440,501203,500073,3004410,,2023-05-05,32856,5.4,,8554,4,5.6,%,5.4
509441,501203,500073,3004501,,2023-05-05,32856,142,,8840,70,99,mg/dL,142.0
509442,501203,500073,3004249,,2023-05-05,32856,114,,8876,90,130,mmHg,114.0
509443,501203,500073,3012888,,2023-05-05,32856,62,,8876,60,85,mmHg,62.0
509444,501203,500073,3025315,,2023-05-05,32856,59.3,,9529,45,90,kg,59.3
509445,501203,500073,3038553,,2023-05-05,32856,23.5,,9531,18.5,25,kg/m2,23.5
509446,501204,500073,3004410,,2023-08-08,32856,5.8,,8554,4,5.6,%,5.8
509447,501204,500073,3004501,,2023-08-08,32856,100,,8840,70,99,mg/dL,100.0
509448,501204,500073,3004249,,2023-08-08,32856,118,,8876,90,130,mmHg,118.0
509449,501204,500073,3012888,,2023-08-08,32856,81,,8876,60,85,mmHg,81.0
509450,501204,500073,3025315,,2023-08-08,32856,61.6,,9529,45,90,kg,61.6
509451,501204,500073,3038553,,2023-08-08,32856,24.4,,9531,18.5,25,kg/m2,24.4
509452,501204,500073,3022192,,2023-08-08,32856,205.8,,8840,0,150,mg/dL,205.8
509453,501204,500073,3007070,,2023-08-08,32856,53.5,,8840,40,60,mg/dL,53.5
509454,501204,500073,3028437,,2023-08-08,32856,117.8,,8840,0,130,mg/dL,117.8
509455,501204,500073,3013721,,2023-08-08,32856,84.6,,8645,0,40,U/L,84.6
509456,501204,500073,3006923,,2023-08-08,32856,62.9,,8645,0,40,U/L,62.9
509457,501204,500073,3016723,,2023-08-08,32856,1.11,,8840,0.6,1.2,mg/dL,1.11
509458,501204,500073,3049187,,2023-08-08,32856,76,,9550,90,130,mL/min/1.73m2,76.0
509459,501205,500073,3004410,,2023-11-07,32856,5.7,,8554,4,5.6,%,5.7
509460,501205,500073,3004501,,2023-11-07,32856,94,,8840,70,99,mg/dL,94.0
509461,501205,500073,3004249,,2023-11-07,32856,98,,8876,90,130,mmHg,98.0
509462,501205,500073,3012888,,2023-11-07,32856,83,,8876,60,85,mmHg,83.0
509463,501205,500073,3025315,,2023-11-07,32856,61,,9529,45,90,kg,61.0
509464,501205,500073,3038553,,2023-11-07,32856,24.2,,9531,18.5,25,kg/m2,24.2
509465,501206,500073,3004410,,2024-02-01,32856,6,,8554,4,5.6,%,6.0
509466,501206,500073,3004501,,2024-02-01,32856,120,,8840,70,99,mg/dL,120.0
509467,501206,500073,3004249,,2024-02-01,32856,134,,8876,90,130,mmHg,134.0
509468,501206,500073,3012888,,2024-02-01,32856,77,,8876,60,85,mmHg,77.0
509469,501206,500073,3025315,,2024-02-01,32856,62.1,,9529,45,90,kg,62.1
509470,501206,500073,3038553,,2024-02-01,32856,24.6,,9531,18.5,25,kg/m2,24.6
509471,501207,500073,3004410,,2024-05-07,32856,5.8,,8554,4,5.6,%,5.8
509472,501207,500073,3004501,,2024-05-07,32856,96,,8840,70,99,mg/dL,96.0
509473,501207,500073,3004249,,2024-05-07,32856,119,,8876,90,130,mmHg,119.0
509474,501207,500073,3012888,,2024-05-07,32856,71,,8876,60,85,mmHg,71.0
509475,501207,500073,3025315,,2024-05-07,32856,62.8,,9529,45,90,kg,62.8
509476,501207,500073,3038553,,2024-05-07,32856,24.9,,9531,18.5,25,kg/m2,24.9
509477,501208,500073,3004410,,2024-07-31,32856,6.2,,8554,4,5.6,%,6.2
509478,501208,500073,3004501,,2024-07-31,32856,110,,8840,70,99,mg/dL,110.0
509479,501208,500073,3004249,,2024-07-31,32856,135,,8876,90,130,mmHg,135.0
509480,501208,500073,3012888,,2024-07-31,32856,74,,8876,60,85,mmHg,74.0
509481,501208,500073,3025315,,2024-07-31,32856,64,,9529,45,90,kg,64.0
509482,501208,500073,3038553,,2024-07-31,32856,25.3,,9531,18.5,25,kg/m2,25.3
509483,501208,500073,3022192,,2024-07-31,32856,382.3,,8840,0,150,mg/dL,382.3
509484,501208,500073,3007070,,2024-07-31,32856,42.7,,8840,40,60,mg/dL,42.7
509485,501208,500073,3028437,,2024-07-31,32856,117.7,,8840,0,130,mg/dL,117.7
509486,501208,500073,3013721,,2024-07-31,32856,23.1,,8645,0,40,U/L,23.1
509487,501208,500073,3006923,,2024-07-31,32856,67.5,,8645,0,40,U/L,67.5
509488,501208,500073,3016723,,2024-07-31,32856,1.08,,8840,0.6,1.2,mg/dL,1.08
509489,501208,500073,3049187,,2024-07-31,32856,79,,9550,90,130,mL/min/1.73m2,79.0
509490,501209,500073,3004410,,2024-10-24,32856,6.5,,8554,4,5.6,%,6.5
509491,501209,500073,3004501,,2024-10-24,32856,114,,8840,70,99,mg/dL,114.0
509492,501209,500073,3004249,,2024-10-24,32856,130,,8876,90,130,mmHg,130.0
509493,501209,500073,3012888,,2024-10-24,32856,68,,8876,60,85,mmHg,68.0
509494,501209,500073,3025315,,2024-10-24,32856,61.8,,9529,45,90,kg,61.8
509495,501209,500073,3038553,,2024-10-24,32856,24.5,,9531,18.5,25,kg/m2,24.5
509496,501210,500073,3004410,,2025-01-16,32856,6.5,,8554,4,5.6,%,6.5
509497,501210,500073,3004501,,2025-01-16,32856,113,,8840,70,99,mg/dL,113.0
509498,501210,500073,3004249,,2025-01-16,32856,139,,8876,90,130,mmHg,139.0
509499,501210,500073,3012888,,2025-01-16,32856,77,,8876,60,85,mmHg,77.0
509500,501210,500073,3025315,,2025-01-16,32856,60.6,,9529,45,90,kg,60.6
509501,501210,500073,3038553,,2025-01-16,32856,24,,9531,18.5,25,kg/m2,24.0
509502,501211,500073,3004410,,2025-04-20,32856,6.3,,8554,4,5.6,%,6.3
509503,501211,500073,3004501,,2025-04-20,32856,101,,8840,70,99,mg/dL,101.0
509504,501211,500073,3004249,,2025-04-20,32856,114,,8876,90,130,mmHg,114.0
509505,501211,500073,3012888,,2025-04-20,32856,67,,8876,60,85,mmHg,67.0
509506,501211,500073,3025315,,2025-04-20,32856,60.7,,9529,45,90,kg,60.7
509507,501211,500073,3038553,,2025-04-20,32856,24,,9531,18.5,25,kg/m2,24.0
509508,501212,500073,3004410,,2025-07-18,32856,6.8,,8554,4,5.6,%,6.8
509509,501212,500073,3004501,,2025-07-18,32856,110,,8840,70,99,mg/dL,110.0
509510,501212,500073,3004249,,2025-07-18,32856,133,,8876,90,130,mmHg,133.0
509511,501212,500073,3012888,,2025-07-18,32856,77,,8876,60,85,mmHg,77.0
509512,501212,500073,3025315,,2025-07-18,32856,60.6,,9529,45,90,kg,60.6
509513,501212,500073,3038553,,2025-07-18,32856,24,,9531,18.5,25,kg/m2,24.0
509514,501212,500073,3022192,,2025-07-18,32856,172.5,,8840,0,150,mg/dL,172.5
509515,501212,500073,3007070,,2025-07-18,32856,37.4,,8840,40,60,mg/dL,37.4
509516,501212,500073,3028437,,2025-07-18,32856,87.3,,8840,0,130,mg/dL,87.3
509517,501212,500073,3013721,,2025-07-18,32856,30.7,,8645,0,40,U/L,30.7
509518,501212,500073,3006923,,2025-07-18,32856,54.8,,8645,0,40,U/L,54.8
509519,501212,500073,3016723,,2025-07-18,32856,0.93,,8840,0.6,1.2,mg/dL,0.93
509520,501212,500073,3049187,,2025-07-18,32856,94,,9550,90,130,mL/min/1.73m2,94.0
509521,501213,500074,3036277,,2023-01-05,32856,156,,8582,150,185,cm,156.0
509522,501213,500074,3004410,,2023-01-05,32856,7.6,,8554,4,5.6,%,7.6
509523,501213,500074,3004501,,2023-01-05,32856,150,,8840,70,99,mg/dL,150.0
509524,501213,500074,3004249,,2023-01-05,32856,136,,8876,90,130,mmHg,136.0
509525,501213,500074,3012888,,2023-01-05,32856,78,,8876,60,85,mmHg,78.0
509526,501213,500074,3025315,,2023-01-05,32856,56.9,,9529,45,90,kg,56.9
509527,501213,500074,3038553,,2023-01-05,32856,23.4,,9531,18.5,25,kg/m2,23.4
509528,501213,500074,3022192,,2023-01-05,32856,271.1,,8840,0,150,mg/dL,271.1
509529,501213,500074,3007070,,2023-01-05,32856,63,,8840,40,60,mg/dL,63.0
509530,501213,500074,3028437,,2023-01-05,32856,140.9,,8840,0,130,mg/dL,140.9
509531,501213,500074,3013721,,2023-01-05,32856,41.3,,8645,0,40,U/L,41.3
509532,501213,500074,3006923,,2023-01-05,32856,41.2,,8645,0,40,U/L,41.2
509533,501213,500074,3016723,,2023-01-05,32856,0.5,,8840,0.6,1.2,mg/dL,0.5
509534,501213,500074,3049187,,2023-01-05,32856,105,,9550,90,130,mL/min/1.73m2,105.0
509535,501214,500074,3004410,,2023-04-06,32856,6.9,,8554,4,5.6,%,6.9
509536,501214,500074,3004501,,2023-04-06,32856,140,,8840,70,99,mg/dL,140.0
509537,501214,500074,3004249,,2023-04-06,32856,126,,8876,90,130,mmHg,126.0
509538,501214,500074,3012888,,2023-04-06,32856,59,,8876,60,85,mmHg,59.0
509539,501214,500074,3025315,,2023-04-06,32856,58.2,,9529,45,90,kg,58.2
509540,501214,500074,3038553,,2023-04-06,32856,23.9,,9531,18.5,25,kg/m2,23.9
509541,501215,500074,3004410,,2023-07-06,32856,6.7,,8554,4,5.6,%,6.7
509542,501215,500074,3004501,,2023-07-06,32856,128,,8840,70,99,mg/dL,128.0
509543,501215,500074,3004249,,2023-07-06,32856,129,,8876,90,130,mmHg,129.0
509544,501215,500074,3012888,,2023-07-06,32856,74,,8876,60,85,mmHg,74.0
509545,501215,500074,3025315,,2023-07-06,32856,60.5,,9529,45,90,kg,60.5
509546,501215,500074,3038553,,2023-07-06,32856,24.9,,9531,18.5,25,kg/m2,24.9
509547,501216,500074,3004410,,2023-10-12,32856,7,,8554,4,5.6,%,7.0
509548,501216,500074,3004501,,2023-10-12,32856,124,,8840,70,99,mg/dL,124.0
509549,501216,500074,3004249,,2023-10-12,32856,122,,8876,90,130,mmHg,122.0
509550,501216,500074,3012888,,2023-10-12,32856,60,,8876,60,85,mmHg,60.0
509551,501216,500074,3025315,,2023-10-12,32856,60.1,,9529,45,90,kg,60.1
509552,501216,500074,3038553,,2023-10-12,32856,24.7,,9531,18.5,25,kg/m2,24.7
509553,501217,500074,3004410,,2024-01-08,32856,6.5,,8554,4,5.6,%,6.5
509554,501217,500074,3004501,,2024-01-08,32856,123,,8840,70,99,mg/dL,123.0
509555,501217,500074,3004249,,2024-01-08,32856,123,,8876,90,130,mmHg,123.0
509556,501217,500074,3012888,,2024-01-08,32856,61,,8876,60,85,mmHg,61.0
509557,501217,500074,3025315,,2024-01-08,32856,58.9,,9529,45,90,kg,58.9
509558,501217,500074,3038553,,2024-01-08,32856,24.2,,9531,18.5,25,kg/m2,24.2
509559,501217,500074,3022192,,2024-01-08,32856,187.4,,8840,0,150,mg/dL,187.4
509560,501217,500074,3007070,,2024-01-08,32856,70.1,,8840,40,60,mg/dL,70.1
509561,501217,500074,3028437,,2024-01-08,32856,100.5,,8840,0,130,mg/dL,100.5
509562,501217,500074,3013721,,2024-01-08,32856,49.4,,8645,0,40,U/L,49.4
509563,501217,500074,3006923,,2024-01-08,32856,30,,8645,0,40,U/L,30.0
509564,501217,500074,3016723,,2024-01-08,32856,0.98,,8840,0.6,1.2,mg/dL,0.98
509565,501217,500074,3049187,,2024-01-08,32856,64,,9550,90,130,mL/min/1.73m2,64.0
509566,501218,500074,3004410,,2024-04-08,32856,7.1,,8554,4,5.6,%,7.1
509567,501218,500074,3004501,,2024-04-08,32856,131,,8840,70,99,mg/dL,131.0
509568,501218,500074,3004249,,2024-04-08,32856,123,,8876,90,130,mmHg,123.0
509569,501218,500074,3012888,,2024-04-08,32856,68,,8876,60,85,mmHg,68.0
509570,501218,500074,3025315,,2024-04-08,32856,58.8,,9529,45,90,kg,58.8
509571,501218,500074,3038553,,2024-04-08,32856,24.2,,9531,18.5,25,kg/m2,24.2
509572,501219,500074,3004410,,2024-07-01,32856,6.1,,8554,4,5.6,%,6.1
509573,501219,500074,3004501,,2024-07-01,32856,90,,8840,70,99,mg/dL,90.0
509574,501219,500074,3004249,,2024-07-01,32856,126,,8876,90,130,mmHg,126.0
509575,501219,500074,3012888,,2024-07-01,32856,60,,8876,60,85,mmHg,60.0
509576,501219,500074,3025315,,2024-07-01,32856,59.3,,9529,45,90,kg,59.3
509577,501219,500074,3038553,,2024-07-01,32856,24.4,,9531,18.5,25,kg/m2,24.4
509578,501220,500074,3004410,,2024-09-28,32856,6.4,,8554,4,5.6,%,6.4
509579,501220,500074,3004501,,2024-09-28,32856,114,,8840,70,99,mg/dL,114.0
509580,501220,500074,3004249,,2024-09-28,32856,133,,8876,90,130,mmHg,133.0
509581,501220,500074,3012888,,2024-09-28,32856,78,,8876,60,85,mmHg,78.0
509582,501220,500074,3025315,,2024-09-28,32856,59.3,,9529,45,90,kg,59.3
509583,501220,500074,3038553,,2024-09-28,32856,24.4,,9531,18.5,25,kg/m2,24.4
509584,501221,500074,3004410,,2024-12-29,32856,5.8,,8554,4,5.6,%,5.8
509585,501221,500074,3004501,,2024-12-29,32856,107,,8840,70,99,mg/dL,107.0
509586,501221,500074,3004249,,2024-12-29,32856,118,,8876,90,130,mmHg,118.0
509587,501221,500074,3012888,,2024-12-29,32856,81,,8876,60,85,mmHg,81.0
509588,501221,500074,3025315,,2024-12-29,32856,58.5,,9529,45,90,kg,58.5
509589,501221,500074,3038553,,2024-12-29,32856,24,,9531,18.5,25,kg/m2,24.0
509590,501221,500074,3022192,,2024-12-29,32856,36.2,,8840,0,150,mg/dL,36.2
509591,501221,500074,3007070,,2024-12-29,32856,36.2,,8840,40,60,mg/dL,36.2
509592,501221,500074,3028437,,2024-12-29,32856,108.7,,8840,0,130,mg/dL,108.7
509593,501221,500074,3013721,,2024-12-29,32856,30.9,,8645,0,40,U/L,30.9
509594,501221,500074,3006923,,2024-12-29,32856,58.2,,8645,0,40,U/L,58.2
509595,501221,500074,3016723,,2024-12-29,32856,0.88,,8840,0.6,1.2,mg/dL,0.88
509596,501221,500074,3049187,,2024-12-29,32856,72,,9550,90,130,mL/min/1.73m2,72.0
509597,501222,500074,3004410,,2025-03-25,32856,6.6,,8554,4,5.6,%,6.6
509598,501222,500074,3004501,,2025-03-25,32856,127,,8840,70,99,mg/dL,127.0
509599,501222,500074,3004249,,2025-03-25,32856,108,,8876,90,130,mmHg,108.0
509600,501222,500074,3012888,,2025-03-25,32856,84,,8876,60,85,mmHg,84.0
509601,501222,500074,3025315,,2025-03-25,32856,57.9,,9529,45,90,kg,57.9
509602,501222,500074,3038553,,2025-03-25,32856,23.8,,9531,18.5,25,kg/m2,23.8
509603,501223,500074,3004410,,2025-07-01,32856,7.4,,8554,4,5.6,%,7.4
509604,501223,500074,3004501,,2025-07-01,32856,137,,8840,70,99,mg/dL,137.0
509605,501223,500074,3004249,,2025-07-01,32856,122,,8876,90,130,mmHg,122.0
509606,501223,500074,3012888,,2025-07-01,32856,83,,8876,60,85,mmHg,83.0
509607,501223,500074,3025315,,2025-07-01,32856,58.7,,9529,45,90,kg,58.7
509608,501223,500074,3038553,,2025-07-01,32856,24.1,,9531,18.5,25,kg/m2,24.1
509609,501224,500074,3004410,,2025-09-30,32856,7.1,,8554,4,5.6,%,7.1
509610,501224,500074,3004501,,2025-09-30,32856,162,,8840,70,99,mg/dL,162.0
509611,501224,500074,3004249,,2025-09-30,32856,105,,8876,90,130,mmHg,105.0
509612,501224,500074,3012888,,2025-09-30,32856,76,,8876,60,85,mmHg,76.0
509613,501224,500074,3025315,,2025-09-30,32856,59.1,,9529,45,90,kg,59.1
509614,501224,500074,3038553,,2025-09-30,32856,24.3,,9531,18.5,25,kg/m2,24.3
509615,501225,500074,3004410,,2026-01-01,32856,7.5,,8554,4,5.6,%,7.5
509616,501225,500074,3004501,,2026-01-01,32856,137,,8840,70,99,mg/dL,137.0
509617,501225,500074,3004249,,2026-01-01,32856,115,,8876,90,130,mmHg,115.0
509618,501225,500074,3012888,,2026-01-01,32856,69,,8876,60,85,mmHg,69.0
509619,501225,500074,3025315,,2026-01-01,32856,58.7,,9529,45,90,kg,58.7
509620,501225,500074,3038553,,2026-01-01,32856,24.1,,9531,18.5,25,kg/m2,24.1
509621,501225,500074,3022192,,2026-01-01,32856,233.1,,8840,0,150,mg/dL,233.1
509622,501225,500074,3007070,,2026-01-01,32856,50.5,,8840,40,60,mg/dL,50.5
509623,501225,500074,3028437,,2026-01-01,32856,55.7,,8840,0,130,mg/dL,55.7
509624,501225,500074,3013721,,2026-01-01,32856,34.8,,8645,0,40,U/L,34.8
509625,501225,500074,3006923,,2026-01-01,32856,40.2,,8645,0,40,U/L,40.2
509626,501225,500074,3016723,,2026-01-01,32856,1.21,,8840,0.6,1.2,mg/dL,1.21
509627,501225,500074,3049187,,2026-01-01,32856,49,,9550,90,130,mL/min/1.73m2,49.0
509628,501226,500074,3004410,,2026-03-26,32856,7.5,,8554,4,5.6,%,7.5
509629,501226,500074,3004501,,2026-03-26,32856,132,,8840,70,99,mg/dL,132.0
509630,501226,500074,3004249,,2026-03-26,32856,124,,8876,90,130,mmHg,124.0
509631,501226,500074,3012888,,2026-03-26,32856,72,,8876,60,85,mmHg,72.0
509632,501226,500074,3025315,,2026-03-26,32856,58.6,,9529,45,90,kg,58.6
509633,501226,500074,3038553,,2026-03-26,32856,24.1,,9531,18.5,25,kg/m2,24.1
509634,501227,500074,3004410,,2026-06-30,32856,7.3,,8554,4,5.6,%,7.3
509635,501227,500074,3004501,,2026-06-30,32856,152,,8840,70,99,mg/dL,152.0
509636,501227,500074,3004249,,2026-06-30,32856,139,,8876,90,130,mmHg,139.0
509637,501227,500074,3012888,,2026-06-30,32856,63,,8876,60,85,mmHg,63.0
509638,501227,500074,3025315,,2026-06-30,32856,58.1,,9529,45,90,kg,58.1
509639,501227,500074,3038553,,2026-06-30,32856,23.9,,9531,18.5,25,kg/m2,23.9
509640,501228,500075,3036277,,2018-02-01,32856,152.4,,8582,150,185,cm,152.4
509641,501228,500075,3004410,,2018-02-01,32856,7.4,,8554,4,5.6,%,7.4
509642,501228,500075,3004501,,2018-02-01,32856,136,,8840,70,99,mg/dL,136.0
509643,501228,500075,3004249,,2018-02-01,32856,148,,8876,90,130,mmHg,148.0
509644,501228,500075,3012888,,2018-02-01,32856,82,,8876,60,85,mmHg,82.0
509645,501228,500075,3025315,,2018-02-01,32856,79.4,,9529,45,90,kg,79.4
509646,501228,500075,3038553,,2018-02-01,32856,34.2,,9531,18.5,25,kg/m2,34.2
509647,501228,500075,3022192,,2018-02-01,32856,135.9,,8840,0,150,mg/dL,135.9
509648,501228,500075,3007070,,2018-02-01,32856,26.3,,8840,40,60,mg/dL,26.3
509649,501228,500075,3028437,,2018-02-01,32856,127.1,,8840,0,130,mg/dL,127.1
509650,501228,500075,3013721,,2018-02-01,32856,30.3,,8645,0,40,U/L,30.3
509651,501228,500075,3006923,,2018-02-01,32856,47,,8645,0,40,U/L,47.0
509652,501228,500075,3016723,,2018-02-01,32856,1.15,,8840,0.6,1.2,mg/dL,1.15
509653,501228,500075,3049187,,2018-02-01,32856,49,,9550,90,130,mL/min/1.73m2,49.0
509654,501229,500075,3004410,,2018-05-08,32856,7.2,,8554,4,5.6,%,7.2
509655,501229,500075,3004501,,2018-05-08,32856,133,,8840,70,99,mg/dL,133.0
509656,501229,500075,3004249,,2018-05-08,32856,122,,8876,90,130,mmHg,122.0
509657,501229,500075,3012888,,2018-05-08,32856,69,,8876,60,85,mmHg,69.0
509658,501229,500075,3025315,,2018-05-08,32856,78.8,,9529,45,90,kg,78.8
509659,501229,500075,3038553,,2018-05-08,32856,33.9,,9531,18.5,25,kg/m2,33.9
509660,501230,500075,3004410,,2018-08-03,32856,7,,8554,4,5.6,%,7.0
509661,501230,500075,3004501,,2018-08-03,32856,139,,8840,70,99,mg/dL,139.0
509662,501230,500075,3004249,,2018-08-03,32856,142,,8876,90,130,mmHg,142.0
509663,501230,500075,3012888,,2018-08-03,32856,75,,8876,60,85,mmHg,75.0
509664,501230,500075,3025315,,2018-08-03,32856,79.2,,9529,45,90,kg,79.2
509665,501230,500075,3038553,,2018-08-03,32856,34.1,,9531,18.5,25,kg/m2,34.1
509666,501231,500075,3004410,,2018-11-02,32856,7.2,,8554,4,5.6,%,7.2
509667,501231,500075,3004501,,2018-11-02,32856,125,,8840,70,99,mg/dL,125.0
509668,501231,500075,3004249,,2018-11-02,32856,152,,8876,90,130,mmHg,152.0
509669,501231,500075,3012888,,2018-11-02,32856,82,,8876,60,85,mmHg,82.0
509670,501231,500075,3025315,,2018-11-02,32856,81,,9529,45,90,kg,81.0
509671,501231,500075,3038553,,2018-11-02,32856,34.9,,9531,18.5,25,kg/m2,34.9
509672,501232,500075,3004410,,2019-02-06,32856,6.4,,8554,4,5.6,%,6.4
509673,501232,500075,3004501,,2019-02-06,32856,127,,8840,70,99,mg/dL,127.0
509674,501232,500075,3004249,,2019-02-06,32856,156,,8876,90,130,mmHg,156.0
509675,501232,500075,3012888,,2019-02-06,32856,93,,8876,60,85,mmHg,93.0
509676,501232,500075,3025315,,2019-02-06,32856,81.5,,9529,45,90,kg,81.5
509677,501232,500075,3038553,,2019-02-06,32856,35.1,,9531,18.5,25,kg/m2,35.1
509678,501232,500075,3022192,,2019-02-06,32856,39.7,,8840,0,150,mg/dL,39.7
509679,501232,500075,3007070,,2019-02-06,32856,34,,8840,40,60,mg/dL,34.0
509680,501232,500075,3028437,,2019-02-06,32856,94.7,,8840,0,130,mg/dL,94.7
509681,501232,500075,3013721,,2019-02-06,32856,8,,8645,0,40,U/L,8.0
509682,501232,500075,3006923,,2019-02-06,32856,60,,8645,0,40,U/L,60.0
509683,501232,500075,3016723,,2019-02-06,32856,0.66,,8840,0.6,1.2,mg/dL,0.66
509684,501232,500075,3049187,,2019-02-06,32856,90,,9550,90,130,mL/min/1.73m2,90.0
509685,501233,500075,3004410,,2019-05-14,32856,6.1,,8554,4,5.6,%,6.1
509686,501233,500075,3004501,,2019-05-14,32856,111,,8840,70,99,mg/dL,111.0
509687,501233,500075,3004249,,2019-05-14,32856,159,,8876,90,130,mmHg,159.0
509688,501233,500075,3012888,,2019-05-14,32856,89,,8876,60,85,mmHg,89.0
509689,501233,500075,3025315,,2019-05-14,32856,83.3,,9529,45,90,kg,83.3
509690,501233,500075,3038553,,2019-05-14,32856,35.9,,9531,18.5,25,kg/m2,35.9
509691,501234,500075,3004410,,2019-08-07,32856,6.4,,8554,4,5.6,%,6.4
509692,501234,500075,3004501,,2019-08-07,32856,113,,8840,70,99,mg/dL,113.0
509693,501234,500075,3004249,,2019-08-07,32856,141,,8876,90,130,mmHg,141.0
509694,501234,500075,3012888,,2019-08-07,32856,98,,8876,60,85,mmHg,98.0
509695,501234,500075,3025315,,2019-08-07,32856,83.7,,9529,45,90,kg,83.7
509696,501234,500075,3038553,,2019-08-07,32856,36,,9531,18.5,25,kg/m2,36.0
509697,501235,500075,3004410,,2019-11-06,32856,6.3,,8554,4,5.6,%,6.3
509698,501235,500075,3004501,,2019-11-06,32856,136,,8840,70,99,mg/dL,136.0
509699,501235,500075,3004249,,2019-11-06,32856,128,,8876,90,130,mmHg,128.0
509700,501235,500075,3012888,,2019-11-06,32856,82,,8876,60,85,mmHg,82.0
509701,501235,500075,3025315,,2019-11-06,32856,83.6,,9529,45,90,kg,83.6
509702,501235,500075,3038553,,2019-11-06,32856,36,,9531,18.5,25,kg/m2,36.0
509703,501236,500075,3004410,,2020-02-02,32856,6.5,,8554,4,5.6,%,6.5
509704,501236,500075,3004501,,2020-02-02,32856,131,,8840,70,99,mg/dL,131.0
509705,501236,500075,3004249,,2020-02-02,32856,144,,8876,90,130,mmHg,144.0
509706,501236,500075,3012888,,2020-02-02,32856,81,,8876,60,85,mmHg,81.0
509707,501236,500075,3025315,,2020-02-02,32856,84.8,,9529,45,90,kg,84.8
509708,501236,500075,3038553,,2020-02-02,32856,36.5,,9531,18.5,25,kg/m2,36.5
509709,501236,500075,3022192,,2020-02-02,32856,278.2,,8840,0,150,mg/dL,278.2
509710,501236,500075,3007070,,2020-02-02,32856,30.7,,8840,40,60,mg/dL,30.7
509711,501236,500075,3028437,,2020-02-02,32856,157.2,,8840,0,130,mg/dL,157.2
509712,501236,500075,3013721,,2020-02-02,32856,29.7,,8645,0,40,U/L,29.7
509713,501236,500075,3006923,,2020-02-02,32856,10.4,,8645,0,40,U/L,10.4
509714,501236,500075,3016723,,2020-02-02,32856,1.22,,8840,0.6,1.2,mg/dL,1.22
509715,501236,500075,3049187,,2020-02-02,32856,45,,9550,90,130,mL/min/1.73m2,45.0
509716,501237,500075,3004410,,2020-05-07,32856,7.1,,8554,4,5.6,%,7.1
509717,501237,500075,3004501,,2020-05-07,32856,116,,8840,70,99,mg/dL,116.0
509718,501237,500075,3004249,,2020-05-07,32856,128,,8876,90,130,mmHg,128.0
509719,501237,500075,3012888,,2020-05-07,32856,79,,8876,60,85,mmHg,79.0
509720,501237,500075,3025315,,2020-05-07,32856,85.2,,9529,45,90,kg,85.2
509721,501237,500075,3038553,,2020-05-07,32856,36.7,,9531,18.5,25,kg/m2,36.7
509722,501238,500075,3004410,,2020-08-07,32856,7,,8554,4,5.6,%,7.0
509723,501238,500075,3004501,,2020-08-07,32856,142,,8840,70,99,mg/dL,142.0
509724,501238,500075,3004249,,2020-08-07,32856,134,,8876,90,130,mmHg,134.0
509725,501238,500075,3012888,,2020-08-07,32856,86,,8876,60,85,mmHg,86.0
509726,501238,500075,3025315,,2020-08-07,32856,85.1,,9529,45,90,kg,85.1
509727,501238,500075,3038553,,2020-08-07,32856,36.6,,9531,18.5,25,kg/m2,36.6
509728,501239,500075,3004410,,2020-11-08,32856,6.7,,8554,4,5.6,%,6.7
509729,501239,500075,3004501,,2020-11-08,32856,104,,8840,70,99,mg/dL,104.0
509730,501239,500075,3004249,,2020-11-08,32856,139,,8876,90,130,mmHg,139.0
509731,501239,500075,3012888,,2020-11-08,32856,90,,8876,60,85,mmHg,90.0
509732,501239,500075,3025315,,2020-11-08,32856,85.3,,9529,45,90,kg,85.3
509733,501239,500075,3038553,,2020-11-08,32856,36.7,,9531,18.5,25,kg/m2,36.7
509734,501240,500075,3004410,,2021-02-01,32856,7.1,,8554,4,5.6,%,7.1
509735,501240,500075,3004501,,2021-02-01,32856,114,,8840,70,99,mg/dL,114.0
509736,501240,500075,3004249,,2021-02-01,32856,141,,8876,90,130,mmHg,141.0
509737,501240,500075,3012888,,2021-02-01,32856,94,,8876,60,85,mmHg,94.0
509738,501240,500075,3025315,,2021-02-01,32856,84.5,,9529,45,90,kg,84.5
509739,501240,500075,3038553,,2021-02-01,32856,36.4,,9531,18.5,25,kg/m2,36.4
509740,501240,500075,3022192,,2021-02-01,32856,183.2,,8840,0,150,mg/dL,183.2
509741,501240,500075,3007070,,2021-02-01,32856,34.3,,8840,40,60,mg/dL,34.3
509742,501240,500075,3028437,,2021-02-01,32856,115.2,,8840,0,130,mg/dL,115.2
509743,501240,500075,3013721,,2021-02-01,32856,37.1,,8645,0,40,U/L,37.1
509744,501240,500075,3006923,,2021-02-01,32856,6,,8645,0,40,U/L,6.0
509745,501240,500075,3016723,,2021-02-01,32856,0.98,,8840,0.6,1.2,mg/dL,0.98
509746,501240,500075,3049187,,2021-02-01,32856,58,,9550,90,130,mL/min/1.73m2,58.0
509747,501241,500075,3004410,,2021-05-10,32856,6.8,,8554,4,5.6,%,6.8
509748,501241,500075,3004501,,2021-05-10,32856,109,,8840,70,99,mg/dL,109.0
509749,501241,500075,3004249,,2021-05-10,32856,124,,8876,90,130,mmHg,124.0
509750,501241,500075,3012888,,2021-05-10,32856,77,,8876,60,85,mmHg,77.0
509751,501241,500075,3025315,,2021-05-10,32856,84,,9529,45,90,kg,84.0
509752,501241,500075,3038553,,2021-05-10,32856,36.2,,9531,18.5,25,kg/m2,36.2
509753,501242,500075,3004410,,2021-08-09,32856,6.2,,8554,4,5.6,%,6.2
509754,501242,500075,3004501,,2021-08-09,32856,96,,8840,70,99,mg/dL,96.0
509755,501242,500075,3004249,,2021-08-09,32856,136,,8876,90,130,mmHg,136.0
509756,501242,500075,3012888,,2021-08-09,32856,85,,8876,60,85,mmHg,85.0
509757,501242,500075,3025315,,2021-08-09,32856,82.8,,9529,45,90,kg,82.8
509758,501242,500075,3038553,,2021-08-09,32856,35.7,,9531,18.5,25,kg/m2,35.7
509759,501243,500076,3036277,,2021-03-01,32856,165.1,,8582,150,185,cm,165.1
509760,501243,500076,3004410,,2021-03-01,32856,7.9,,8554,4,5.6,%,7.9
509761,501243,500076,3004501,,2021-03-01,32856,135,,8840,70,99,mg/dL,135.0
509762,501243,500076,3004249,,2021-03-01,32856,143,,8876,90,130,mmHg,143.0
509763,501243,500076,3012888,,2021-03-01,32856,82,,8876,60,85,mmHg,82.0
509764,501243,500076,3025315,,2021-03-01,32856,57,,9529,45,90,kg,57.0
509765,501243,500076,3038553,,2021-03-01,32856,20.9,,9531,18.5,25,kg/m2,20.9
509766,501243,500076,3022192,,2021-03-01,32856,231.4,,8840,0,150,mg/dL,231.4
509767,501243,500076,3007070,,2021-03-01,32856,26.6,,8840,40,60,mg/dL,26.6
509768,501243,500076,3028437,,2021-03-01,32856,106.5,,8840,0,130,mg/dL,106.5
509769,501243,500076,3013721,,2021-03-01,32856,9.6,,8645,0,40,U/L,9.6
509770,501243,500076,3006923,,2021-03-01,32856,6,,8645,0,40,U/L,6.0
509771,501243,500076,3016723,,2021-03-01,32856,0.84,,8840,0.6,1.2,mg/dL,0.84
509772,501243,500076,3049187,,2021-03-01,32856,95,,9550,90,130,mL/min/1.73m2,95.0
509773,501244,500076,3004410,,2021-06-03,32856,7.2,,8554,4,5.6,%,7.2
509774,501244,500076,3004501,,2021-06-03,32856,145,,8840,70,99,mg/dL,145.0
509775,501244,500076,3004249,,2021-06-03,32856,136,,8876,90,130,mmHg,136.0
509776,501244,500076,3012888,,2021-06-03,32856,88,,8876,60,85,mmHg,88.0
509777,501244,500076,3025315,,2021-06-03,32856,56.3,,9529,45,90,kg,56.3
509778,501244,500076,3038553,,2021-06-03,32856,20.7,,9531,18.5,25,kg/m2,20.7
509779,501245,500076,3004410,,2021-09-04,32856,7.3,,8554,4,5.6,%,7.3
509780,501245,500076,3004501,,2021-09-04,32856,150,,8840,70,99,mg/dL,150.0
509781,501245,500076,3004249,,2021-09-04,32856,155,,8876,90,130,mmHg,155.0
509782,501245,500076,3012888,,2021-09-04,32856,91,,8876,60,85,mmHg,91.0
509783,501245,500076,3025315,,2021-09-04,32856,57.1,,9529,45,90,kg,57.1
509784,501245,500076,3038553,,2021-09-04,32856,20.9,,9531,18.5,25,kg/m2,20.9
509785,501246,500076,3004410,,2021-11-28,32856,7.2,,8554,4,5.6,%,7.2
509786,501246,500076,3004501,,2021-11-28,32856,147,,8840,70,99,mg/dL,147.0
509787,501246,500076,3004249,,2021-11-28,32856,135,,8876,90,130,mmHg,135.0
509788,501246,500076,3012888,,2021-11-28,32856,80,,8876,60,85,mmHg,80.0
509789,501246,500076,3025315,,2021-11-28,32856,56.5,,9529,45,90,kg,56.5
509790,501246,500076,3038553,,2021-11-28,32856,20.7,,9531,18.5,25,kg/m2,20.7
509791,501247,500076,3004410,,2022-03-03,32856,7.2,,8554,4,5.6,%,7.2
509792,501247,500076,3004501,,2022-03-03,32856,132,,8840,70,99,mg/dL,132.0
509793,501247,500076,3004249,,2022-03-03,32856,123,,8876,90,130,mmHg,123.0
509794,501247,500076,3012888,,2022-03-03,32856,75,,8876,60,85,mmHg,75.0
509795,501247,500076,3025315,,2022-03-03,32856,59,,9529,45,90,kg,59.0
509796,501247,500076,3038553,,2022-03-03,32856,21.6,,9531,18.5,25,kg/m2,21.6
509797,501247,500076,3022192,,2022-03-03,32856,208.1,,8840,0,150,mg/dL,208.1
509798,501247,500076,3007070,,2022-03-03,32856,72.4,,8840,40,60,mg/dL,72.4
509799,501247,500076,3028437,,2022-03-03,32856,117.7,,8840,0,130,mg/dL,117.7
509800,501247,500076,3013721,,2022-03-03,32856,33,,8645,0,40,U/L,33.0
509801,501247,500076,3006923,,2022-03-03,32856,94.6,,8645,0,40,U/L,94.6
509802,501247,500076,3016723,,2022-03-03,32856,0.55,,8840,0.6,1.2,mg/dL,0.55
509803,501247,500076,3049187,,2022-03-03,32856,107,,9550,90,130,mL/min/1.73m2,107.0
509804,501248,500076,3004410,,2022-06-01,32856,6.8,,8554,4,5.6,%,6.8
509805,501248,500076,3004501,,2022-06-01,32856,121,,8840,70,99,mg/dL,121.0
509806,501248,500076,3004249,,2022-06-01,32856,131,,8876,90,130,mmHg,131.0
509807,501248,500076,3012888,,2022-06-01,32856,71,,8876,60,85,mmHg,71.0
509808,501248,500076,3025315,,2022-06-01,32856,57.8,,9529,45,90,kg,57.8
509809,501248,500076,3038553,,2022-06-01,32856,21.2,,9531,18.5,25,kg/m2,21.2
509810,501249,500076,3004410,,2022-08-25,32856,7.4,,8554,4,5.6,%,7.4
509811,501249,500076,3004501,,2022-08-25,32856,143,,8840,70,99,mg/dL,143.0
509812,501249,500076,3004249,,2022-08-25,32856,149,,8876,90,130,mmHg,149.0
509813,501249,500076,3012888,,2022-08-25,32856,99,,8876,60,85,mmHg,99.0
509814,501249,500076,3025315,,2022-08-25,32856,59.3,,9529,45,90,kg,59.3
509815,501249,500076,3038553,,2022-08-25,32856,21.8,,9531,18.5,25,kg/m2,21.8
509816,501250,500076,3004410,,2022-11-30,32856,7.7,,8554,4,5.6,%,7.7
509817,501250,500076,3004501,,2022-11-30,32856,144,,8840,70,99,mg/dL,144.0
509818,501250,500076,3004249,,2022-11-30,32856,136,,8876,90,130,mmHg,136.0
509819,501250,500076,3012888,,2022-11-30,32856,84,,8876,60,85,mmHg,84.0
509820,501250,500076,3025315,,2022-11-30,32856,59.2,,9529,45,90,kg,59.2
509821,501250,500076,3038553,,2022-11-30,32856,21.7,,9531,18.5,25,kg/m2,21.7
509822,501251,500076,3004410,,2023-02-26,32856,8,,8554,4,5.6,%,8.0
509823,501251,500076,3004501,,2023-02-26,32856,148,,8840,70,99,mg/dL,148.0
509824,501251,500076,3004249,,2023-02-26,32856,141,,8876,90,130,mmHg,141.0
509825,501251,500076,3012888,,2023-02-26,32856,87,,8876,60,85,mmHg,87.0
509826,501251,500076,3025315,,2023-02-26,32856,59.9,,9529,45,90,kg,59.9
509827,501251,500076,3038553,,2023-02-26,32856,22,,9531,18.5,25,kg/m2,22.0
509828,501251,500076,3022192,,2023-02-26,32856,264.5,,8840,0,150,mg/dL,264.5
509829,501251,500076,3007070,,2023-02-26,32856,89.2,,8840,40,60,mg/dL,89.2
509830,501251,500076,3028437,,2023-02-26,32856,44.4,,8840,0,130,mg/dL,44.4
509831,501251,500076,3013721,,2023-02-26,32856,23,,8645,0,40,U/L,23.0
509832,501251,500076,3006923,,2023-02-26,32856,44.2,,8645,0,40,U/L,44.2
509833,501251,500076,3016723,,2023-02-26,32856,0.5,,8840,0.6,1.2,mg/dL,0.5
509834,501251,500076,3049187,,2023-02-26,32856,110,,9550,90,130,mL/min/1.73m2,110.0
509835,501252,500076,3004410,,2023-06-01,32856,7.8,,8554,4,5.6,%,7.8
509836,501252,500076,3004501,,2023-06-01,32856,154,,8840,70,99,mg/dL,154.0
509837,501252,500076,3004249,,2023-06-01,32856,119,,8876,90,130,mmHg,119.0
509838,501252,500076,3012888,,2023-06-01,32856,93,,8876,60,85,mmHg,93.0
509839,501252,500076,3025315,,2023-06-01,32856,58.7,,9529,45,90,kg,58.7
509840,501252,500076,3038553,,2023-06-01,32856,21.5,,9531,18.5,25,kg/m2,21.5
509841,501253,500076,3004410,,2023-09-02,32856,7.5,,8554,4,5.6,%,7.5
509842,501253,500076,3004501,,2023-09-02,32856,159,,8840,70,99,mg/dL,159.0
509843,501253,500076,3004249,,2023-09-02,32856,129,,8876,90,130,mmHg,129.0
509844,501253,500076,3012888,,2023-09-02,32856,75,,8876,60,85,mmHg,75.0
509845,501253,500076,3025315,,2023-09-02,32856,58.7,,9529,45,90,kg,58.7
509846,501253,500076,3038553,,2023-09-02,32856,21.5,,9531,18.5,25,kg/m2,21.5
509847,501254,500076,3004410,,2023-12-02,32856,6.7,,8554,4,5.6,%,6.7
509848,501254,500076,3004501,,2023-12-02,32856,133,,8840,70,99,mg/dL,133.0
509849,501254,500076,3004249,,2023-12-02,32856,118,,8876,90,130,mmHg,118.0
509850,501254,500076,3012888,,2023-12-02,32856,78,,8876,60,85,mmHg,78.0
509851,501254,500076,3025315,,2023-12-02,32856,57.5,,9529,45,90,kg,57.5
509852,501254,500076,3038553,,2023-12-02,32856,21.1,,9531,18.5,25,kg/m2,21.1
509853,501255,500076,3004410,,2024-03-03,32856,6.7,,8554,4,5.6,%,6.7
509854,501255,500076,3004501,,2024-03-03,32856,130,,8840,70,99,mg/dL,130.0
509855,501255,500076,3004249,,2024-03-03,32856,153,,8876,90,130,mmHg,153.0
509856,501255,500076,3012888,,2024-03-03,32856,79,,8876,60,85,mmHg,79.0
509857,501255,500076,3025315,,2024-03-03,32856,59.2,,9529,45,90,kg,59.2
509858,501255,500076,3038553,,2024-03-03,32856,21.7,,9531,18.5,25,kg/m2,21.7
509859,501255,500076,3022192,,2024-03-03,32856,168.2,,8840,0,150,mg/dL,168.2
509860,501255,500076,3007070,,2024-03-03,32856,46,,8840,40,60,mg/dL,46.0
509861,501255,500076,3028437,,2024-03-03,32856,76.8,,8840,0,130,mg/dL,76.8
509862,501255,500076,3013721,,2024-03-03,32856,12.5,,8645,0,40,U/L,12.5
509863,501255,500076,3006923,,2024-03-03,32856,71.4,,8645,0,40,U/L,71.4
509864,501255,500076,3016723,,2024-03-03,32856,1.18,,8840,0.6,1.2,mg/dL,1.18
509865,501255,500076,3049187,,2024-03-03,32856,66,,9550,90,130,mL/min/1.73m2,66.0
509866,501256,500076,3004410,,2024-06-01,32856,7,,8554,4,5.6,%,7.0
509867,501256,500076,3004501,,2024-06-01,32856,83,,8840,70,99,mg/dL,83.0
509868,501256,500076,3004249,,2024-06-01,32856,136,,8876,90,130,mmHg,136.0
509869,501256,500076,3012888,,2024-06-01,32856,68,,8876,60,85,mmHg,68.0
509870,501256,500076,3025315,,2024-06-01,32856,59.4,,9529,45,90,kg,59.4
509871,501256,500076,3038553,,2024-06-01,32856,21.8,,9531,18.5,25,kg/m2,21.8
509872,501257,500076,3004410,,2024-09-03,32856,7,,8554,4,5.6,%,7.0
509873,501257,500076,3004501,,2024-09-03,32856,111,,8840,70,99,mg/dL,111.0
509874,501257,500076,3004249,,2024-09-03,32856,147,,8876,90,130,mmHg,147.0
509875,501257,500076,3012888,,2024-09-03,32856,82,,8876,60,85,mmHg,82.0
509876,501257,500076,3025315,,2024-09-03,32856,59.2,,9529,45,90,kg,59.2
509877,501257,500076,3038553,,2024-09-03,32856,21.7,,9531,18.5,25,kg/m2,21.7
509878,501258,500076,3004410,,2024-12-01,32856,7.1,,8554,4,5.6,%,7.1
509879,501258,500076,3004501,,2024-12-01,32856,130,,8840,70,99,mg/dL,130.0
509880,501258,500076,3004249,,2024-12-01,32856,133,,8876,90,130,mmHg,133.0
509881,501258,500076,3012888,,2024-12-01,32856,77,,8876,60,85,mmHg,77.0
509882,501258,500076,3025315,,2024-12-01,32856,60.7,,9529,45,90,kg,60.7
509883,501258,500076,3038553,,2024-12-01,32856,22.3,,9531,18.5,25,kg/m2,22.3
509884,501259,500076,3004410,,2025-03-08,32856,6.9,,8554,4,5.6,%,6.9
509885,501259,500076,3004501,,2025-03-08,32856,124,,8840,70,99,mg/dL,124.0
509886,501259,500076,3004249,,2025-03-08,32856,130,,8876,90,130,mmHg,130.0
509887,501259,500076,3012888,,2025-03-08,32856,94,,8876,60,85,mmHg,94.0
509888,501259,500076,3025315,,2025-03-08,32856,60.5,,9529,45,90,kg,60.5
509889,501259,500076,3038553,,2025-03-08,32856,22.2,,9531,18.5,25,kg/m2,22.2
509890,501259,500076,3022192,,2025-03-08,32856,376.1,,8840,0,150,mg/dL,376.1
509891,501259,500076,3007070,,2025-03-08,32856,30.4,,8840,40,60,mg/dL,30.4
509892,501259,500076,3028437,,2025-03-08,32856,112.7,,8840,0,130,mg/dL,112.7
509893,501259,500076,3013721,,2025-03-08,32856,8,,8645,0,40,U/L,8.0
509894,501259,500076,3006923,,2025-03-08,32856,61.8,,8645,0,40,U/L,61.8
509895,501259,500076,3016723,,2025-03-08,32856,0.7,,8840,0.6,1.2,mg/dL,0.7
509896,501259,500076,3049187,,2025-03-08,32856,98,,9550,90,130,mL/min/1.73m2,98.0
509897,501260,500077,3036277,,2020-06-07,32856,179.1,,8582,150,185,cm,179.1
509898,501260,500077,3004410,,2020-06-07,32856,7.4,,8554,4,5.6,%,7.4
509899,501260,500077,3004501,,2020-06-07,32856,148,,8840,70,99,mg/dL,148.0
509900,501260,500077,3004249,,2020-06-07,32856,142,,8876,90,130,mmHg,142.0
509901,501260,500077,3012888,,2020-06-07,32856,78,,8876,60,85,mmHg,78.0
509902,501260,500077,3025315,,2020-06-07,32856,76.3,,9529,45,90,kg,76.3
509903,501260,500077,3038553,,2020-06-07,32856,23.8,,9531,18.5,25,kg/m2,23.8
509904,501260,500077,3022192,,2020-06-07,32856,140.1,,8840,0,150,mg/dL,140.1
509905,501260,500077,3007070,,2020-06-07,32856,45.9,,8840,40,60,mg/dL,45.9
509906,501260,500077,3028437,,2020-06-07,32856,182.6,,8840,0,130,mg/dL,182.6
509907,501260,500077,3013721,,2020-06-07,32856,32.3,,8645,0,40,U/L,32.3
509908,501260,500077,3006923,,2020-06-07,32856,38.7,,8645,0,40,U/L,38.7
509909,501260,500077,3016723,,2020-06-07,32856,0.72,,8840,0.6,1.2,mg/dL,0.72
509910,501260,500077,3049187,,2020-06-07,32856,112,,9550,90,130,mL/min/1.73m2,112.0
509911,501261,500077,3004410,,2020-09-10,32856,6.8,,8554,4,5.6,%,6.8
509912,501261,500077,3004501,,2020-09-10,32856,106,,8840,70,99,mg/dL,106.0
509913,501261,500077,3004249,,2020-09-10,32856,138,,8876,90,130,mmHg,138.0
509914,501261,500077,3012888,,2020-09-10,32856,83,,8876,60,85,mmHg,83.0
509915,501261,500077,3025315,,2020-09-10,32856,76.7,,9529,45,90,kg,76.7
509916,501261,500077,3038553,,2020-09-10,32856,23.9,,9531,18.5,25,kg/m2,23.9
509917,501262,500077,3004410,,2020-12-13,32856,7.1,,8554,4,5.6,%,7.1
509918,501262,500077,3004501,,2020-12-13,32856,147,,8840,70,99,mg/dL,147.0
509919,501262,500077,3004249,,2020-12-13,32856,135,,8876,90,130,mmHg,135.0
509920,501262,500077,3012888,,2020-12-13,32856,85,,8876,60,85,mmHg,85.0
509921,501262,500077,3025315,,2020-12-13,32856,76.9,,9529,45,90,kg,76.9
509922,501262,500077,3038553,,2020-12-13,32856,24,,9531,18.5,25,kg/m2,24.0
509923,501263,500077,3004410,,2021-03-10,32856,6.6,,8554,4,5.6,%,6.6
509924,501263,500077,3004501,,2021-03-10,32856,81,,8840,70,99,mg/dL,81.0
509925,501263,500077,3004249,,2021-03-10,32856,147,,8876,90,130,mmHg,147.0
509926,501263,500077,3012888,,2021-03-10,32856,88,,8876,60,85,mmHg,88.0
509927,501263,500077,3025315,,2021-03-10,32856,75.4,,9529,45,90,kg,75.4
509928,501263,500077,3038553,,2021-03-10,32856,23.5,,9531,18.5,25,kg/m2,23.5
509929,501264,500077,3004410,,2021-06-09,32856,6.7,,8554,4,5.6,%,6.7
509930,501264,500077,3004501,,2021-06-09,32856,113,,8840,70,99,mg/dL,113.0
509931,501264,500077,3004249,,2021-06-09,32856,127,,8876,90,130,mmHg,127.0
509932,501264,500077,3012888,,2021-06-09,32856,87,,8876,60,85,mmHg,87.0
509933,501264,500077,3025315,,2021-06-09,32856,76.3,,9529,45,90,kg,76.3
509934,501264,500077,3038553,,2021-06-09,32856,23.8,,9531,18.5,25,kg/m2,23.8
509935,501264,500077,3022192,,2021-06-09,32856,72.4,,8840,0,150,mg/dL,72.4
509936,501264,500077,3007070,,2021-06-09,32856,65.1,,8840,40,60,mg/dL,65.1
509937,501264,500077,3028437,,2021-06-09,32856,43.6,,8840,0,130,mg/dL,43.6
509938,501264,500077,3013721,,2021-06-09,32856,67.3,,8645,0,40,U/L,67.3
509939,501264,500077,3006923,,2021-06-09,32856,48.7,,8645,0,40,U/L,48.7
509940,501264,500077,3016723,,2021-06-09,32856,1.22,,8840,0.6,1.2,mg/dL,1.22
509941,501264,500077,3049187,,2021-06-09,32856,72,,9550,90,130,mL/min/1.73m2,72.0
509942,501265,500077,3004410,,2021-09-15,32856,6.3,,8554,4,5.6,%,6.3
509943,501265,500077,3004501,,2021-09-15,32856,89,,8840,70,99,mg/dL,89.0
509944,501265,500077,3004249,,2021-09-15,32856,117,,8876,90,130,mmHg,117.0
509945,501265,500077,3012888,,2021-09-15,32856,61,,8876,60,85,mmHg,61.0
509946,501265,500077,3025315,,2021-09-15,32856,75.9,,9529,45,90,kg,75.9
509947,501265,500077,3038553,,2021-09-15,32856,23.7,,9531,18.5,25,kg/m2,23.7
509948,501266,500077,3004410,,2021-12-17,32856,6.6,,8554,4,5.6,%,6.6
509949,501266,500077,3004501,,2021-12-17,32856,112,,8840,70,99,mg/dL,112.0
509950,501266,500077,3004249,,2021-12-17,32856,157,,8876,90,130,mmHg,157.0
509951,501266,500077,3012888,,2021-12-17,32856,85,,8876,60,85,mmHg,85.0
509952,501266,500077,3025315,,2021-12-17,32856,75.2,,9529,45,90,kg,75.2
509953,501266,500077,3038553,,2021-12-17,32856,23.4,,9531,18.5,25,kg/m2,23.4
509954,501267,500077,3004410,,2022-03-20,32856,6.7,,8554,4,5.6,%,6.7
509955,501267,500077,3004501,,2022-03-20,32856,119,,8840,70,99,mg/dL,119.0
509956,501267,500077,3004249,,2022-03-20,32856,125,,8876,90,130,mmHg,125.0
509957,501267,500077,3012888,,2022-03-20,32856,83,,8876,60,85,mmHg,83.0
509958,501267,500077,3025315,,2022-03-20,32856,76.5,,9529,45,90,kg,76.5
509959,501267,500077,3038553,,2022-03-20,32856,23.8,,9531,18.5,25,kg/m2,23.8
509960,501268,500077,3004410,,2022-06-15,32856,6.9,,8554,4,5.6,%,6.9
509961,501268,500077,3004501,,2022-06-15,32856,107,,8840,70,99,mg/dL,107.0
509962,501268,500077,3004249,,2022-06-15,32856,140,,8876,90,130,mmHg,140.0
509963,501268,500077,3012888,,2022-06-15,32856,102,,8876,60,85,mmHg,102.0
509964,501268,500077,3025315,,2022-06-15,32856,78,,9529,45,90,kg,78.0
509965,501268,500077,3038553,,2022-06-15,32856,24.3,,9531,18.5,25,kg/m2,24.3
509966,501268,500077,3022192,,2022-06-15,32856,58.6,,8840,0,150,mg/dL,58.6
509967,501268,500077,3007070,,2022-06-15,32856,36,,8840,40,60,mg/dL,36.0
509968,501268,500077,3028437,,2022-06-15,32856,101.5,,8840,0,130,mg/dL,101.5
509969,501268,500077,3013721,,2022-06-15,32856,24.7,,8645,0,40,U/L,24.7
509970,501268,500077,3006923,,2022-06-15,32856,61.8,,8645,0,40,U/L,61.8
509971,501268,500077,3016723,,2022-06-15,32856,1.19,,8840,0.6,1.2,mg/dL,1.19
509972,501268,500077,3049187,,2022-06-15,32856,74,,9550,90,130,mL/min/1.73m2,74.0
509973,501269,500077,3004410,,2022-09-21,32856,7.2,,8554,4,5.6,%,7.2
509974,501269,500077,3004501,,2022-09-21,32856,153,,8840,70,99,mg/dL,153.0
509975,501269,500077,3004249,,2022-09-21,32856,134,,8876,90,130,mmHg,134.0
509976,501269,500077,3012888,,2022-09-21,32856,72,,8876,60,85,mmHg,72.0
509977,501269,500077,3025315,,2022-09-21,32856,78.8,,9529,45,90,kg,78.8
509978,501269,500077,3038553,,2022-09-21,32856,24.6,,9531,18.5,25,kg/m2,24.6
509979,501270,500077,3004410,,2022-12-19,32856,6.7,,8554,4,5.6,%,6.7
509980,501270,500077,3004501,,2022-12-19,32856,118,,8840,70,99,mg/dL,118.0
509981,501270,500077,3004249,,2022-12-19,32856,155,,8876,90,130,mmHg,155.0
509982,501270,500077,3012888,,2022-12-19,32856,65,,8876,60,85,mmHg,65.0
509983,501270,500077,3025315,,2022-12-19,32856,78.2,,9529,45,90,kg,78.2
509984,501270,500077,3038553,,2022-12-19,32856,24.4,,9531,18.5,25,kg/m2,24.4
509985,501271,500077,3004410,,2023-03-26,32856,6.7,,8554,4,5.6,%,6.7
509986,501271,500077,3004501,,2023-03-26,32856,115,,8840,70,99,mg/dL,115.0
509987,501271,500077,3004249,,2023-03-26,32856,142,,8876,90,130,mmHg,142.0
509988,501271,500077,3012888,,2023-03-26,32856,92,,8876,60,85,mmHg,92.0
509989,501271,500077,3025315,,2023-03-26,32856,77.9,,9529,45,90,kg,77.9
509990,501271,500077,3038553,,2023-03-26,32856,24.3,,9531,18.5,25,kg/m2,24.3
509991,501272,500077,3004410,,2023-06-26,32856,6.6,,8554,4,5.6,%,6.6
509992,501272,500077,3004501,,2023-06-26,32856,120,,8840,70,99,mg/dL,120.0
509993,501272,500077,3004249,,2023-06-26,32856,147,,8876,90,130,mmHg,147.0
509994,501272,500077,3012888,,2023-06-26,32856,72,,8876,60,85,mmHg,72.0
509995,501272,500077,3025315,,2023-06-26,32856,76.9,,9529,45,90,kg,76.9
509996,501272,500077,3038553,,2023-06-26,32856,24,,9531,18.5,25,kg/m2,24.0
509997,501272,500077,3022192,,2023-06-26,32856,127.5,,8840,0,150,mg/dL,127.5
509998,501272,500077,3007070,,2023-06-26,32856,53.1,,8840,40,60,mg/dL,53.1
509999,501272,500077,3028437,,2023-06-26,32856,108.4,,8840,0,130,mg/dL,108.4
510000,501272,500077,3013721,,2023-06-26,32856,35.1,,8645,0,40,U/L,35.1
510001,501272,500077,3006923,,2023-06-26,32856,84.7,,8645,0,40,U/L,84.7
510002,501272,500077,3016723,,2023-06-26,32856,0.56,,8840,0.6,1.2,mg/dL,0.56
510003,501272,500077,3049187,,2023-06-26,32856,119,,9550,90,130,mL/min/1.73m2,119.0
510004,501273,500077,3004410,,2023-09-27,32856,6.5,,8554,4,5.6,%,6.5
510005,501273,500077,3004501,,2023-09-27,32856,116,,8840,70,99,mg/dL,116.0
510006,501273,500077,3004249,,2023-09-27,32856,132,,8876,90,130,mmHg,132.0
510007,501273,500077,3012888,,2023-09-27,32856,91,,8876,60,85,mmHg,91.0
510008,501273,500077,3025315,,2023-09-27,32856,78,,9529,45,90,kg,78.0
510009,501273,500077,3038553,,2023-09-27,32856,24.3,,9531,18.5,25,kg/m2,24.3
510010,501274,500077,3004410,,2023-12-22,32856,6.3,,8554,4,5.6,%,6.3
510011,501274,500077,3004501,,2023-12-22,32856,110,,8840,70,99,mg/dL,110.0
510012,501274,500077,3004249,,2023-12-22,32856,153,,8876,90,130,mmHg,153.0
510013,501274,500077,3012888,,2023-12-22,32856,87,,8876,60,85,mmHg,87.0
510014,501274,500077,3025315,,2023-12-22,32856,78.4,,9529,45,90,kg,78.4
510015,501274,500077,3038553,,2023-12-22,32856,24.4,,9531,18.5,25,kg/m2,24.4
510016,501275,500077,3004410,,2024-03-22,32856,7.1,,8554,4,5.6,%,7.1
510017,501275,500077,3004501,,2024-03-22,32856,136,,8840,70,99,mg/dL,136.0
510018,501275,500077,3004249,,2024-03-22,32856,157,,8876,90,130,mmHg,157.0
510019,501275,500077,3012888,,2024-03-22,32856,88,,8876,60,85,mmHg,88.0
510020,501275,500077,3025315,,2024-03-22,32856,78.1,,9529,45,90,kg,78.1
510021,501275,500077,3038553,,2024-03-22,32856,24.3,,9531,18.5,25,kg/m2,24.3
510022,501276,500078,3036277,,2023-01-15,32856,179.3,,8582,150,185,cm,179.3
510023,501276,500078,3004410,,2023-01-15,32856,9.7,,8554,4,5.6,%,9.7
510024,501276,500078,3004501,,2023-01-15,32856,201,,8840,70,99,mg/dL,201.0
510025,501276,500078,3004249,,2023-01-15,32856,148,,8876,90,130,mmHg,148.0
510026,501276,500078,3012888,,2023-01-15,32856,77,,8876,60,85,mmHg,77.0
510027,501276,500078,3025315,,2023-01-15,32856,88.7,,9529,45,90,kg,88.7
510028,501276,500078,3038553,,2023-01-15,32856,27.6,,9531,18.5,25,kg/m2,27.6
510029,501276,500078,3022192,,2023-01-15,32856,170.1,,8840,0,150,mg/dL,170.1
510030,501276,500078,3007070,,2023-01-15,32856,35.2,,8840,40,60,mg/dL,35.2
510031,501276,500078,3028437,,2023-01-15,32856,86.5,,8840,0,130,mg/dL,86.5
510032,501276,500078,3013721,,2023-01-15,32856,8,,8645,0,40,U/L,8.0
510033,501276,500078,3006923,,2023-01-15,32856,6,,8645,0,40,U/L,6.0
510034,501276,500078,3016723,,2023-01-15,32856,0.64,,8840,0.6,1.2,mg/dL,0.64
510035,501276,500078,3049187,,2023-01-15,32856,106,,9550,90,130,mL/min/1.73m2,106.0
510036,501277,500078,3004410,,2023-04-15,32856,8.5,,8554,4,5.6,%,8.5
510037,501277,500078,3004501,,2023-04-15,32856,159,,8840,70,99,mg/dL,159.0
510038,501277,500078,3004249,,2023-04-15,32856,138,,8876,90,130,mmHg,138.0
510039,501277,500078,3012888,,2023-04-15,32856,79,,8876,60,85,mmHg,79.0
510040,501277,500078,3025315,,2023-04-15,32856,89.9,,9529,45,90,kg,89.9
510041,501277,500078,3038553,,2023-04-15,32856,28,,9531,18.5,25,kg/m2,28.0
510042,501278,500078,3004410,,2023-07-22,32856,8.4,,8554,4,5.6,%,8.4
510043,501278,500078,3004501,,2023-07-22,32856,177,,8840,70,99,mg/dL,177.0
510044,501278,500078,3004249,,2023-07-22,32856,140,,8876,90,130,mmHg,140.0
510045,501278,500078,3012888,,2023-07-22,32856,91,,8876,60,85,mmHg,91.0
510046,501278,500078,3025315,,2023-07-22,32856,89.9,,9529,45,90,kg,89.9
510047,501278,500078,3038553,,2023-07-22,32856,28,,9531,18.5,25,kg/m2,28.0
510048,501279,500078,3004410,,2023-10-24,32856,7.8,,8554,4,5.6,%,7.8
510049,501279,500078,3004501,,2023-10-24,32856,150,,8840,70,99,mg/dL,150.0
510050,501279,500078,3004249,,2023-10-24,32856,127,,8876,90,130,mmHg,127.0
510051,501279,500078,3012888,,2023-10-24,32856,97,,8876,60,85,mmHg,97.0
510052,501279,500078,3025315,,2023-10-24,32856,90.3,,9529,45,90,kg,90.3
510053,501279,500078,3038553,,2023-10-24,32856,28.1,,9531,18.5,25,kg/m2,28.1
510054,501280,500078,3004410,,2024-01-17,32856,6.8,,8554,4,5.6,%,6.8
510055,501280,500078,3004501,,2024-01-17,32856,140,,8840,70,99,mg/dL,140.0
510056,501280,500078,3004249,,2024-01-17,32856,114,,8876,90,130,mmHg,114.0
510057,501280,500078,3012888,,2024-01-17,32856,84,,8876,60,85,mmHg,84.0
510058,501280,500078,3025315,,2024-01-17,32856,88.9,,9529,45,90,kg,88.9
510059,501280,500078,3038553,,2024-01-17,32856,27.7,,9531,18.5,25,kg/m2,27.7
510060,501280,500078,3022192,,2024-01-17,32856,15.2,,8840,0,150,mg/dL,15.2
510061,501280,500078,3007070,,2024-01-17,32856,43.5,,8840,40,60,mg/dL,43.5
510062,501280,500078,3028437,,2024-01-17,32856,136.3,,8840,0,130,mg/dL,136.3
510063,501280,500078,3013721,,2024-01-17,32856,31.2,,8645,0,40,U/L,31.2
510064,501280,500078,3006923,,2024-01-17,32856,34.1,,8645,0,40,U/L,34.1
510065,501280,500078,3016723,,2024-01-17,32856,0.62,,8840,0.6,1.2,mg/dL,0.62
510066,501280,500078,3049187,,2024-01-17,32856,106,,9550,90,130,mL/min/1.73m2,106.0
510067,501281,500078,3004410,,2024-04-22,32856,6.5,,8554,4,5.6,%,6.5
510068,501281,500078,3004501,,2024-04-22,32856,132,,8840,70,99,mg/dL,132.0
510069,501281,500078,3004249,,2024-04-22,32856,133,,8876,90,130,mmHg,133.0
510070,501281,500078,3012888,,2024-04-22,32856,80,,8876,60,85,mmHg,80.0
510071,501281,500078,3025315,,2024-04-22,32856,89.6,,9529,45,90,kg,89.6
510072,501281,500078,3038553,,2024-04-22,32856,27.9,,9531,18.5,25,kg/m2,27.9
510073,501282,500078,3004410,,2024-07-24,32856,6.5,,8554,4,5.6,%,6.5
510074,501282,500078,3004501,,2024-07-24,32856,119,,8840,70,99,mg/dL,119.0
510075,501282,500078,3004249,,2024-07-24,32856,121,,8876,90,130,mmHg,121.0
510076,501282,500078,3012888,,2024-07-24,32856,88,,8876,60,85,mmHg,88.0
510077,501282,500078,3025315,,2024-07-24,32856,89.4,,9529,45,90,kg,89.4
510078,501282,500078,3038553,,2024-07-24,32856,27.8,,9531,18.5,25,kg/m2,27.8
510079,501283,500078,3004410,,2024-10-17,32856,6.6,,8554,4,5.6,%,6.6
510080,501283,500078,3004501,,2024-10-17,32856,131,,8840,70,99,mg/dL,131.0
510081,501283,500078,3004249,,2024-10-17,32856,140,,8876,90,130,mmHg,140.0
510082,501283,500078,3012888,,2024-10-17,32856,73,,8876,60,85,mmHg,73.0
510083,501283,500078,3025315,,2024-10-17,32856,88.4,,9529,45,90,kg,88.4
510084,501283,500078,3038553,,2024-10-17,32856,27.5,,9531,18.5,25,kg/m2,27.5
510085,501284,500078,3004410,,2025-01-11,32856,6.8,,8554,4,5.6,%,6.8
510086,501284,500078,3004501,,2025-01-11,32856,140,,8840,70,99,mg/dL,140.0
510087,501284,500078,3004249,,2025-01-11,32856,157,,8876,90,130,mmHg,157.0
510088,501284,500078,3012888,,2025-01-11,32856,89,,8876,60,85,mmHg,89.0
510089,501284,500078,3025315,,2025-01-11,32856,88.7,,9529,45,90,kg,88.7
510090,501284,500078,3038553,,2025-01-11,32856,27.6,,9531,18.5,25,kg/m2,27.6
510091,501284,500078,3022192,,2025-01-11,32856,201.5,,8840,0,150,mg/dL,201.5
510092,501284,500078,3007070,,2025-01-11,32856,38.1,,8840,40,60,mg/dL,38.1
510093,501284,500078,3028437,,2025-01-11,32856,61.9,,8840,0,130,mg/dL,61.9
510094,501284,500078,3013721,,2025-01-11,32856,37.5,,8645,0,40,U/L,37.5
510095,501284,500078,3006923,,2025-01-11,32856,28.2,,8645,0,40,U/L,28.2
510096,501284,500078,3016723,,2025-01-11,32856,0.89,,8840,0.6,1.2,mg/dL,0.89
510097,501284,500078,3049187,,2025-01-11,32856,95,,9550,90,130,mL/min/1.73m2,95.0
510098,501285,500078,3004410,,2025-04-15,32856,7,,8554,4,5.6,%,7.0
510099,501285,500078,3004501,,2025-04-15,32856,131,,8840,70,99,mg/dL,131.0
510100,501285,500078,3004249,,2025-04-15,32856,140,,8876,90,130,mmHg,140.0
510101,501285,500078,3012888,,2025-04-15,32856,80,,8876,60,85,mmHg,80.0
510102,501285,500078,3025315,,2025-04-15,32856,87.8,,9529,45,90,kg,87.8
510103,501285,500078,3038553,,2025-04-15,32856,27.3,,9531,18.5,25,kg/m2,27.3
510104,501286,500078,3004410,,2025-07-14,32856,7.4,,8554,4,5.6,%,7.4
510105,501286,500078,3004501,,2025-07-14,32856,159,,8840,70,99,mg/dL,159.0
510106,501286,500078,3004249,,2025-07-14,32856,151,,8876,90,130,mmHg,151.0
510107,501286,500078,3012888,,2025-07-14,32856,87,,8876,60,85,mmHg,87.0
510108,501286,500078,3025315,,2025-07-14,32856,88.1,,9529,45,90,kg,88.1
510109,501286,500078,3038553,,2025-07-14,32856,27.4,,9531,18.5,25,kg/m2,27.4
510110,501287,500078,3004410,,2025-10-15,32856,7.7,,8554,4,5.6,%,7.7
510111,501287,500078,3004501,,2025-10-15,32856,140,,8840,70,99,mg/dL,140.0
510112,501287,500078,3004249,,2025-10-15,32856,154,,8876,90,130,mmHg,154.0
510113,501287,500078,3012888,,2025-10-15,32856,82,,8876,60,85,mmHg,82.0
510114,501287,500078,3025315,,2025-10-15,32856,86.9,,9529,45,90,kg,86.9
510115,501287,500078,3038553,,2025-10-15,32856,27,,9531,18.5,25,kg/m2,27.0
510116,501288,500078,3004410,,2026-01-09,32856,7.4,,8554,4,5.6,%,7.4
510117,501288,500078,3004501,,2026-01-09,32856,141,,8840,70,99,mg/dL,141.0
510118,501288,500078,3004249,,2026-01-09,32856,137,,8876,90,130,mmHg,137.0
510119,501288,500078,3012888,,2026-01-09,32856,81,,8876,60,85,mmHg,81.0
510120,501288,500078,3025315,,2026-01-09,32856,86,,9529,45,90,kg,86.0
510121,501288,500078,3038553,,2026-01-09,32856,26.8,,9531,18.5,25,kg/m2,26.8
510122,501288,500078,3022192,,2026-01-09,32856,105.6,,8840,0,150,mg/dL,105.6
510123,501288,500078,3007070,,2026-01-09,32856,49.4,,8840,40,60,mg/dL,49.4
510124,501288,500078,3028437,,2026-01-09,32856,113.3,,8840,0,130,mg/dL,113.3
510125,501288,500078,3013721,,2026-01-09,32856,8,,8645,0,40,U/L,8.0
510126,501288,500078,3006923,,2026-01-09,32856,76.4,,8645,0,40,U/L,76.4
510127,501288,500078,3016723,,2026-01-09,32856,0.95,,8840,0.6,1.2,mg/dL,0.95
510128,501288,500078,3049187,,2026-01-09,32856,88,,9550,90,130,mL/min/1.73m2,88.0
510129,501289,500078,3004410,,2026-04-14,32856,7.2,,8554,4,5.6,%,7.2
510130,501289,500078,3004501,,2026-04-14,32856,136,,8840,70,99,mg/dL,136.0
510131,501289,500078,3004249,,2026-04-14,32856,145,,8876,90,130,mmHg,145.0
510132,501289,500078,3012888,,2026-04-14,32856,86,,8876,60,85,mmHg,86.0
510133,501289,500078,3025315,,2026-04-14,32856,84.1,,9529,45,90,kg,84.1
510134,501289,500078,3038553,,2026-04-14,32856,26.2,,9531,18.5,25,kg/m2,26.2
510135,501290,500078,3004410,,2026-07-17,32856,7.5,,8554,4,5.6,%,7.5
510136,501290,500078,3004501,,2026-07-17,32856,144,,8840,70,99,mg/dL,144.0
510137,501290,500078,3004249,,2026-07-17,32856,132,,8876,90,130,mmHg,132.0
510138,501290,500078,3012888,,2026-07-17,32856,86,,8876,60,85,mmHg,86.0
510139,501290,500078,3025315,,2026-07-17,32856,84,,9529,45,90,kg,84.0
510140,501290,500078,3038553,,2026-07-17,32856,26.1,,9531,18.5,25,kg/m2,26.1
510141,501291,500079,3036277,,2023-12-17,32856,175.7,,8582,150,185,cm,175.7
510142,501291,500079,3004410,,2023-12-17,32856,6.5,,8554,4,5.6,%,6.5
510143,501291,500079,3004501,,2023-12-17,32856,126,,8840,70,99,mg/dL,126
510144,501291,500079,3004249,,2023-12-17,32856,152,,8876,90,130,mmHg,152.0
510145,501291,500079,3012888,,2023-12-17,32856,78,,8876,60,85,mmHg,78.0
510146,501291,500079,3025315,,2023-12-17,32856,68.5,,9529,45,90,kg,68.5
510147,501291,500079,3038553,,2023-12-17,32856,22.2,,9531,18.5,25,kg/m2,22.2
510148,501291,500079,3022192,,2023-12-17,32856,221.8,,8840,0,150,mg/dL,221.8
510149,501291,500079,3007070,,2023-12-17,32856,44.1,,8840,40,60,mg/dL,44.1
510150,501291,500079,3028437,,2023-12-17,32856,160.6,,8840,0,130,mg/dL,160.6
510151,501291,500079,3013721,,2023-12-17,32856,30.1,,8645,0,40,U/L,30.1
510152,501291,500079,3006923,,2023-12-17,32856,18.9,,8645,0,40,U/L,18.9
510153,501291,500079,3016723,,2023-12-17,32856,1.21,,8840,0.6,1.2,mg/dL,1.21
510154,501291,500079,3049187,,2023-12-17,32856,72,,9550,90,130,mL/min/1.73m2,72.0
510155,501292,500079,3004410,,2024-03-14,32856,5.9,,8554,4,5.6,%,5.9
510156,501292,500079,3004501,,2024-03-14,32856,95,,8840,70,99,mg/dL,95.0
510157,501292,500079,3004249,,2024-03-14,32856,150,,8876,90,130,mmHg,150.0
510158,501292,500079,3012888,,2024-03-14,32856,80,,8876,60,85,mmHg,80.0
510159,501292,500079,3025315,,2024-03-14,32856,67.4,,9529,45,90,kg,67.4
510160,501292,500079,3038553,,2024-03-14,32856,21.8,,9531,18.5,25,kg/m2,21.8
510161,501293,500079,3004410,,2024-06-15,32856,5.9,,8554,4,5.6,%,5.9
510162,501293,500079,3004501,,2024-06-15,32856,90,,8840,70,99,mg/dL,90.0
510163,501293,500079,3004249,,2024-06-15,32856,142,,8876,90,130,mmHg,142.0
510164,501293,500079,3012888,,2024-06-15,32856,91,,8876,60,85,mmHg,91.0
510165,501293,500079,3025315,,2024-06-15,32856,67,,9529,45,90,kg,67.0
510166,501293,500079,3038553,,2024-06-15,32856,21.7,,9531,18.5,25,kg/m2,21.7
510167,501294,500079,3004410,,2024-09-10,32856,5.8,,8554,4,5.6,%,5.8
510168,501294,500079,3004501,,2024-09-10,32856,105,,8840,70,99,mg/dL,105.0
510169,501294,500079,3004249,,2024-09-10,32856,141,,8876,90,130,mmHg,141.0
510170,501294,500079,3012888,,2024-09-10,32856,86,,8876,60,85,mmHg,86.0
510171,501294,500079,3025315,,2024-09-10,32856,66.1,,9529,45,90,kg,66.1
510172,501294,500079,3038553,,2024-09-10,32856,21.4,,9531,18.5,25,kg/m2,21.4
510173,501295,500079,3004410,,2024-12-07,32856,6.2,,8554,4,5.6,%,6.2
510174,501295,500079,3004501,,2024-12-07,32856,127,,8840,70,99,mg/dL,127.0
510175,501295,500079,3004249,,2024-12-07,32856,124,,8876,90,130,mmHg,124.0
510176,501295,500079,3012888,,2024-12-07,32856,89,,8876,60,85,mmHg,89.0
510177,501295,500079,3025315,,2024-12-07,32856,67.4,,9529,45,90,kg,67.4
510178,501295,500079,3038553,,2024-12-07,32856,21.8,,9531,18.5,25,kg/m2,21.8
510179,501295,500079,3022192,,2024-12-07,32856,217.2,,8840,0,150,mg/dL,217.2
510180,501295,500079,3007070,,2024-12-07,32856,34.2,,8840,40,60,mg/dL,34.2
510181,501295,500079,3028437,,2024-12-07,32856,131.3,,8840,0,130,mg/dL,131.3
510182,501295,500079,3013721,,2024-12-07,32856,33.3,,8645,0,40,U/L,33.3
510183,501295,500079,3006923,,2024-12-07,32856,39.9,,8645,0,40,U/L,39.9
510184,501295,500079,3016723,,2024-12-07,32856,0.87,,8840,0.6,1.2,mg/dL,0.87
510185,501295,500079,3049187,,2024-12-07,32856,103,,9550,90,130,mL/min/1.73m2,103.0
510186,501296,500079,3004410,,2025-03-08,32856,6.2,,8554,4,5.6,%,6.2
510187,501296,500079,3004501,,2025-03-08,32856,118,,8840,70,99,mg/dL,118.0
510188,501296,500079,3004249,,2025-03-08,32856,133,,8876,90,130,mmHg,133.0
510189,501296,500079,3012888,,2025-03-08,32856,90,,8876,60,85,mmHg,90.0
510190,501296,500079,3025315,,2025-03-08,32856,66.8,,9529,45,90,kg,66.8
510191,501296,500079,3038553,,2025-03-08,32856,21.6,,9531,18.5,25,kg/m2,21.6
510192,501297,500079,3004410,,2025-06-10,32856,6.8,,8554,4,5.6,%,6.8
510193,501297,500079,3004501,,2025-06-10,32856,117,,8840,70,99,mg/dL,117.0
510194,501297,500079,3004249,,2025-06-10,32856,144,,8876,90,130,mmHg,144.0
510195,501297,500079,3012888,,2025-06-10,32856,76,,8876,60,85,mmHg,76.0
510196,501297,500079,3025315,,2025-06-10,32856,68.5,,9529,45,90,kg,68.5
510197,501297,500079,3038553,,2025-06-10,32856,22.2,,9531,18.5,25,kg/m2,22.2
510198,501298,500079,3004410,,2025-09-06,32856,6.6,,8554,4,5.6,%,6.6
510199,501298,500079,3004501,,2025-09-06,32856,118,,8840,70,99,mg/dL,118.0
510200,501298,500079,3004249,,2025-09-06,32856,137,,8876,90,130,mmHg,137.0
510201,501298,500079,3012888,,2025-09-06,32856,75,,8876,60,85,mmHg,75.0
510202,501298,500079,3025315,,2025-09-06,32856,68.9,,9529,45,90,kg,68.9
510203,501298,500079,3038553,,2025-09-06,32856,22.3,,9531,18.5,25,kg/m2,22.3
510204,501299,500079,3004410,,2025-12-04,32856,6.4,,8554,4,5.6,%,6.4
510205,501299,500079,3004501,,2025-12-04,32856,88,,8840,70,99,mg/dL,88.0
510206,501299,500079,3004249,,2025-12-04,32856,142,,8876,90,130,mmHg,142.0
510207,501299,500079,3012888,,2025-12-04,32856,85,,8876,60,85,mmHg,85.0
510208,501299,500079,3025315,,2025-12-04,32856,69.4,,9529,45,90,kg,69.4
510209,501299,500079,3038553,,2025-12-04,32856,22.5,,9531,18.5,25,kg/m2,22.5
510210,501299,500079,3022192,,2025-12-04,32856,149.1,,8840,0,150,mg/dL,149.1
510211,501299,500079,3007070,,2025-12-04,32856,37.7,,8840,40,60,mg/dL,37.7
510212,501299,500079,3028437,,2025-12-04,32856,91.6,,8840,0,130,mg/dL,91.6
510213,501299,500079,3013721,,2025-12-04,32856,42.9,,8645,0,40,U/L,42.9
510214,501299,500079,3006923,,2025-12-04,32856,59.7,,8645,0,40,U/L,59.7
510215,501299,500079,3016723,,2025-12-04,32856,1.02,,8840,0.6,1.2,mg/dL,1.02
510216,501299,500079,3049187,,2025-12-04,32856,87,,9550,90,130,mL/min/1.73m2,87.0
510217,501300,500079,3004410,,2026-03-05,32856,6.1,,8554,4,5.6,%,6.1
510218,501300,500079,3004501,,2026-03-05,32856,142,,8840,70,99,mg/dL,142.0
510219,501300,500079,3004249,,2026-03-05,32856,133,,8876,90,130,mmHg,133.0
510220,501300,500079,3012888,,2026-03-05,32856,91,,8876,60,85,mmHg,91.0
510221,501300,500079,3025315,,2026-03-05,32856,69,,9529,45,90,kg,69.0
510222,501300,500079,3038553,,2026-03-05,32856,22.4,,9531,18.5,25,kg/m2,22.4
510223,501301,500079,3004410,,2026-06-03,32856,5.8,,8554,4,5.6,%,5.8
510224,501301,500079,3004501,,2026-06-03,32856,108,,8840,70,99,mg/dL,108.0
510225,501301,500079,3004249,,2026-06-03,32856,148,,8876,90,130,mmHg,148.0
510226,501301,500079,3012888,,2026-06-03,32856,85,,8876,60,85,mmHg,85.0
510227,501301,500079,3025315,,2026-06-03,32856,67.6,,9529,45,90,kg,67.6
510228,501301,500079,3038553,,2026-06-03,32856,21.9,,9531,18.5,25,kg/m2,21.9
510229,501302,500079,3004410,,2026-08-31,32856,6.5,,8554,4,5.6,%,6.5
510230,501302,500079,3004501,,2026-08-31,32856,90,,8840,70,99,mg/dL,90.0
510231,501302,500079,3004249,,2026-08-31,32856,132,,8876,90,130,mmHg,132.0
510232,501302,500079,3012888,,2026-08-31,32856,76,,8876,60,85,mmHg,76.0
510233,501302,500079,3025315,,2026-08-31,32856,67.8,,9529,45,90,kg,67.8
510234,501302,500079,3038553,,2026-08-31,32856,22,,9531,18.5,25,kg/m2,22.0
510235,501303,500080,3036277,,2023-12-20,32856,175.5,,8582,150,185,cm,175.5
510236,501303,500080,3004410,,2023-12-20,32856,6.8,,8554,4,5.6,%,6.8
510237,501303,500080,3004501,,2023-12-20,32856,126,,8840,70,99,mg/dL,126
510238,501303,500080,3004249,,2023-12-20,32856,125,,8876,90,130,mmHg,125.0
510239,501303,500080,3012888,,2023-12-20,32856,73,,8876,60,85,mmHg,73.0
510240,501303,500080,3025315,,2023-12-20,32856,83.8,,9529,45,90,kg,83.8
510241,501303,500080,3038553,,2023-12-20,32856,27.2,,9531,18.5,25,kg/m2,27.2
510242,501303,500080,3022192,,2023-12-20,32856,159.5,,8840,0,150,mg/dL,159.5
510243,501303,500080,3007070,,2023-12-20,32856,50.7,,8840,40,60,mg/dL,50.7
510244,501303,500080,3028437,,2023-12-20,32856,108.4,,8840,0,130,mg/dL,108.4
510245,501303,500080,3013721,,2023-12-20,32856,8,,8645,0,40,U/L,8.0
510246,501303,500080,3006923,,2023-12-20,32856,6,,8645,0,40,U/L,6.0
510247,501303,500080,3016723,,2023-12-20,32856,1.06,,8840,0.6,1.2,mg/dL,1.06
510248,501303,500080,3049187,,2023-12-20,32856,75,,9550,90,130,mL/min/1.73m2,75.0
510249,501304,500080,3004410,,2024-03-17,32856,6.6,,8554,4,5.6,%,6.6
510250,501304,500080,3004501,,2024-03-17,32856,120,,8840,70,99,mg/dL,120.0
510251,501304,500080,3004249,,2024-03-17,32856,143,,8876,90,130,mmHg,143.0
510252,501304,500080,3012888,,2024-03-17,32856,69,,8876,60,85,mmHg,69.0
510253,501304,500080,3025315,,2024-03-17,32856,85.1,,9529,45,90,kg,85.1
510254,501304,500080,3038553,,2024-03-17,32856,27.6,,9531,18.5,25,kg/m2,27.6
510255,501305,500080,3004410,,2024-06-17,32856,6.6,,8554,4,5.6,%,6.6
510256,501305,500080,3004501,,2024-06-17,32856,119,,8840,70,99,mg/dL,119.0
510257,501305,500080,3004249,,2024-06-17,32856,133,,8876,90,130,mmHg,133.0
510258,501305,500080,3012888,,2024-06-17,32856,89,,8876,60,85,mmHg,89.0
510259,501305,500080,3025315,,2024-06-17,32856,86.1,,9529,45,90,kg,86.1
510260,501305,500080,3038553,,2024-06-17,32856,28,,9531,18.5,25,kg/m2,28.0
510261,501306,500080,3004410,,2024-09-22,32856,6.3,,8554,4,5.6,%,6.3
510262,501306,500080,3004501,,2024-09-22,32856,125,,8840,70,99,mg/dL,125.0
510263,501306,500080,3004249,,2024-09-22,32856,147,,8876,90,130,mmHg,147.0
510264,501306,500080,3012888,,2024-09-22,32856,87,,8876,60,85,mmHg,87.0
510265,501306,500080,3025315,,2024-09-22,32856,87.1,,9529,45,90,kg,87.1
510266,501306,500080,3038553,,2024-09-22,32856,28.3,,9531,18.5,25,kg/m2,28.3
510267,501307,500080,3004410,,2024-12-22,32856,6.1,,8554,4,5.6,%,6.1
510268,501307,500080,3004501,,2024-12-22,32856,100,,8840,70,99,mg/dL,100.0
510269,501307,500080,3004249,,2024-12-22,32856,133,,8876,90,130,mmHg,133.0
510270,501307,500080,3012888,,2024-12-22,32856,79,,8876,60,85,mmHg,79.0
510271,501307,500080,3025315,,2024-12-22,32856,87.8,,9529,45,90,kg,87.8
510272,501307,500080,3038553,,2024-12-22,32856,28.5,,9531,18.5,25,kg/m2,28.5
510273,501307,500080,3022192,,2024-12-22,32856,217.3,,8840,0,150,mg/dL,217.3
510274,501307,500080,3007070,,2024-12-22,32856,63.2,,8840,40,60,mg/dL,63.2
510275,501307,500080,3028437,,2024-12-22,32856,117.8,,8840,0,130,mg/dL,117.8
510276,501307,500080,3013721,,2024-12-22,32856,35.9,,8645,0,40,U/L,35.9
510277,501307,500080,3006923,,2024-12-22,32856,69,,8645,0,40,U/L,69.0
510278,501307,500080,3016723,,2024-12-22,32856,0.59,,8840,0.6,1.2,mg/dL,0.59
510279,501307,500080,3049187,,2024-12-22,32856,104,,9550,90,130,mL/min/1.73m2,104.0
510280,501308,500080,3004410,,2025-03-16,32856,6.2,,8554,4,5.6,%,6.2
510281,501308,500080,3004501,,2025-03-16,32856,120,,8840,70,99,mg/dL,120.0
510282,501308,500080,3004249,,2025-03-16,32856,138,,8876,90,130,mmHg,138.0
510283,501308,500080,3012888,,2025-03-16,32856,96,,8876,60,85,mmHg,96.0
510284,501308,500080,3025315,,2025-03-16,32856,87.4,,9529,45,90,kg,87.4
510285,501308,500080,3038553,,2025-03-16,32856,28.4,,9531,18.5,25,kg/m2,28.4
510286,501309,500080,3004410,,2025-06-18,32856,6,,8554,4,5.6,%,6.0
510287,501309,500080,3004501,,2025-06-18,32856,107,,8840,70,99,mg/dL,107.0
510288,501309,500080,3004249,,2025-06-18,32856,148,,8876,90,130,mmHg,148.0
510289,501309,500080,3012888,,2025-06-18,32856,87,,8876,60,85,mmHg,87.0
510290,501309,500080,3025315,,2025-06-18,32856,87.4,,9529,45,90,kg,87.4
510291,501309,500080,3038553,,2025-06-18,32856,28.4,,9531,18.5,25,kg/m2,28.4
510292,501310,500080,3004410,,2025-09-19,32856,6.2,,8554,4,5.6,%,6.2
510293,501310,500080,3004501,,2025-09-19,32856,123,,8840,70,99,mg/dL,123.0
510294,501310,500080,3004249,,2025-09-19,32856,127,,8876,90,130,mmHg,127.0
510295,501310,500080,3012888,,2025-09-19,32856,83,,8876,60,85,mmHg,83.0
510296,501310,500080,3025315,,2025-09-19,32856,89.9,,9529,45,90,kg,89.9
510297,501310,500080,3038553,,2025-09-19,32856,29.2,,9531,18.5,25,kg/m2,29.2
510298,501311,500080,3004410,,2025-12-13,32856,6,,8554,4,5.6,%,6.0
510299,501311,500080,3004501,,2025-12-13,32856,97,,8840,70,99,mg/dL,97.0
510300,501311,500080,3004249,,2025-12-13,32856,110,,8876,90,130,mmHg,110.0
510301,501311,500080,3012888,,2025-12-13,32856,80,,8876,60,85,mmHg,80.0
510302,501311,500080,3025315,,2025-12-13,32856,90,,9529,45,90,kg,90.0
510303,501311,500080,3038553,,2025-12-13,32856,29.2,,9531,18.5,25,kg/m2,29.2
510304,501311,500080,3022192,,2025-12-13,32856,146,,8840,0,150,mg/dL,146.0
510305,501311,500080,3007070,,2025-12-13,32856,39.3,,8840,40,60,mg/dL,39.3
510306,501311,500080,3028437,,2025-12-13,32856,88.9,,8840,0,130,mg/dL,88.9
510307,501311,500080,3013721,,2025-12-13,32856,48.9,,8645,0,40,U/L,48.9
510308,501311,500080,3006923,,2025-12-13,32856,96.4,,8645,0,40,U/L,96.4
510309,501311,500080,3016723,,2025-12-13,32856,0.61,,8840,0.6,1.2,mg/dL,0.61
510310,501311,500080,3049187,,2025-12-13,32856,102,,9550,90,130,mL/min/1.73m2,102.0
510311,501312,500080,3004410,,2026-03-11,32856,5.9,,8554,4,5.6,%,5.9
510312,501312,500080,3004501,,2026-03-11,32856,124,,8840,70,99,mg/dL,124.0
510313,501312,500080,3004249,,2026-03-11,32856,145,,8876,90,130,mmHg,145.0
510314,501312,500080,3012888,,2026-03-11,32856,80,,8876,60,85,mmHg,80.0
510315,501312,500080,3025315,,2026-03-11,32856,91.5,,9529,45,90,kg,91.5
510316,501312,500080,3038553,,2026-03-11,32856,29.7,,9531,18.5,25,kg/m2,29.7
510317,501313,500080,3004410,,2026-06-05,32856,5.5,,8554,4,5.6,%,5.5
510318,501313,500080,3004501,,2026-06-05,32856,100,,8840,70,99,mg/dL,100.0
510319,501313,500080,3004249,,2026-06-05,32856,123,,8876,90,130,mmHg,123.0
510320,501313,500080,3012888,,2026-06-05,32856,75,,8876,60,85,mmHg,75.0
510321,501313,500080,3025315,,2026-06-05,32856,93.6,,9529,45,90,kg,93.6
510322,501313,500080,3038553,,2026-06-05,32856,30.4,,9531,18.5,25,kg/m2,30.4
510323,501314,500081,3036277,,2021-07-02,32856,162.1,,8582,150,185,cm,162.1
510324,501314,500081,3004410,,2021-07-02,32856,7,,8554,4,5.6,%,7.0
510325,501314,500081,3004501,,2021-07-02,32856,146,,8840,70,99,mg/dL,146.0
510326,501314,500081,3004249,,2021-07-02,32856,123,,8876,90,130,mmHg,123.0
510327,501314,500081,3012888,,2021-07-02,32856,94,,8876,60,85,mmHg,94.0
510328,501314,500081,3025315,,2021-07-02,32856,64.4,,9529,45,90,kg,64.4
510329,501314,500081,3038553,,2021-07-02,32856,24.5,,9531,18.5,25,kg/m2,24.5
510330,501314,500081,3022192,,2021-07-02,32856,162.9,,8840,0,150,mg/dL,162.9
510331,501314,500081,3007070,,2021-07-02,32856,38.8,,8840,40,60,mg/dL,38.8
510332,501314,500081,3028437,,2021-07-02,32856,121.3,,8840,0,130,mg/dL,121.3
510333,501314,500081,3013721,,2021-07-02,32856,11,,8645,0,40,U/L,11.0
510334,501314,500081,3006923,,2021-07-02,32856,46.7,,8645,0,40,U/L,46.7
510335,501314,500081,3016723,,2021-07-02,32856,0.59,,8840,0.6,1.2,mg/dL,0.59
510336,501314,500081,3049187,,2021-07-02,32856,132,,9550,90,130,mL/min/1.73m2,132.0
510337,501315,500081,3004410,,2021-09-29,32856,6.1,,8554,4,5.6,%,6.1
510338,501315,500081,3004501,,2021-09-29,32856,72,,8840,70,99,mg/dL,72.0
510339,501315,500081,3004249,,2021-09-29,32856,126,,8876,90,130,mmHg,126.0
510340,501315,500081,3012888,,2021-09-29,32856,70,,8876,60,85,mmHg,70.0
510341,501315,500081,3025315,,2021-09-29,32856,65.9,,9529,45,90,kg,65.9
510342,501315,500081,3038553,,2021-09-29,32856,25.1,,9531,18.5,25,kg/m2,25.1
510343,501316,500081,3004410,,2022-01-03,32856,5.7,,8554,4,5.6,%,5.7
510344,501316,500081,3004501,,2022-01-03,32856,104,,8840,70,99,mg/dL,104.0
510345,501316,500081,3004249,,2022-01-03,32856,140,,8876,90,130,mmHg,140.0
510346,501316,500081,3012888,,2022-01-03,32856,96,,8876,60,85,mmHg,96.0
510347,501316,500081,3025315,,2022-01-03,32856,64.6,,9529,45,90,kg,64.6
510348,501316,500081,3038553,,2022-01-03,32856,24.6,,9531,18.5,25,kg/m2,24.6
510349,501317,500081,3004410,,2022-04-01,32856,5.5,,8554,4,5.6,%,5.5
510350,501317,500081,3004501,,2022-04-01,32856,89,,8840,70,99,mg/dL,89.0
510351,501317,500081,3004249,,2022-04-01,32856,158,,8876,90,130,mmHg,158.0
510352,501317,500081,3012888,,2022-04-01,32856,88,,8876,60,85,mmHg,88.0
510353,501317,500081,3025315,,2022-04-01,32856,65.1,,9529,45,90,kg,65.1
510354,501317,500081,3038553,,2022-04-01,32856,24.8,,9531,18.5,25,kg/m2,24.8
510355,501318,500081,3004410,,2022-07-03,32856,6.2,,8554,4,5.6,%,6.2
510356,501318,500081,3004501,,2022-07-03,32856,103,,8840,70,99,mg/dL,103.0
510357,501318,500081,3004249,,2022-07-03,32856,134,,8876,90,130,mmHg,134.0
510358,501318,500081,3012888,,2022-07-03,32856,78,,8876,60,85,mmHg,78.0
510359,501318,500081,3025315,,2022-07-03,32856,64.7,,9529,45,90,kg,64.7
510360,501318,500081,3038553,,2022-07-03,32856,24.6,,9531,18.5,25,kg/m2,24.6
510361,501318,500081,3022192,,2022-07-03,32856,254.8,,8840,0,150,mg/dL,254.8
510362,501318,500081,3007070,,2022-07-03,32856,56.6,,8840,40,60,mg/dL,56.6
510363,501318,500081,3028437,,2022-07-03,32856,59.1,,8840,0,130,mg/dL,59.1
510364,501318,500081,3013721,,2022-07-03,32856,39,,8645,0,40,U/L,39.0
510365,501318,500081,3006923,,2022-07-03,32856,57.2,,8645,0,40,U/L,57.2
510366,501318,500081,3016723,,2022-07-03,32856,0.62,,8840,0.6,1.2,mg/dL,0.62
510367,501318,500081,3049187,,2022-07-03,32856,129,,9550,90,130,mL/min/1.73m2,129.0
510368,501319,500081,3004410,,2022-10-01,32856,6,,8554,4,5.6,%,6.0
510369,501319,500081,3004501,,2022-10-01,32856,116,,8840,70,99,mg/dL,116.0
510370,501319,500081,3004249,,2022-10-01,32856,148,,8876,90,130,mmHg,148.0
510371,501319,500081,3012888,,2022-10-01,32856,95,,8876,60,85,mmHg,95.0
510372,501319,500081,3025315,,2022-10-01,32856,64.2,,9529,45,90,kg,64.2
510373,501319,500081,3038553,,2022-10-01,32856,24.4,,9531,18.5,25,kg/m2,24.4
510374,501320,500081,3004410,,2022-12-26,32856,6.8,,8554,4,5.6,%,6.8
510375,501320,500081,3004501,,2022-12-26,32856,118,,8840,70,99,mg/dL,118.0
510376,501320,500081,3004249,,2022-12-26,32856,116,,8876,90,130,mmHg,116.0
510377,501320,500081,3012888,,2022-12-26,32856,85,,8876,60,85,mmHg,85.0
510378,501320,500081,3025315,,2022-12-26,32856,63.4,,9529,45,90,kg,63.4
510379,501320,500081,3038553,,2022-12-26,32856,24.1,,9531,18.5,25,kg/m2,24.1
510380,501321,500081,3004410,,2023-03-31,32856,6.9,,8554,4,5.6,%,6.9
510381,501321,500081,3004501,,2023-03-31,32856,121,,8840,70,99,mg/dL,121.0
510382,501321,500081,3004249,,2023-03-31,32856,131,,8876,90,130,mmHg,131.0
510383,501321,500081,3012888,,2023-03-31,32856,97,,8876,60,85,mmHg,97.0
510384,501321,500081,3025315,,2023-03-31,32856,63.4,,9529,45,90,kg,63.4
510385,501321,500081,3038553,,2023-03-31,32856,24.1,,9531,18.5,25,kg/m2,24.1
510386,501322,500081,3004410,,2023-07-04,32856,6.7,,8554,4,5.6,%,6.7
510387,501322,500081,3004501,,2023-07-04,32856,117,,8840,70,99,mg/dL,117.0
510388,501322,500081,3004249,,2023-07-04,32856,136,,8876,90,130,mmHg,136.0
510389,501322,500081,3012888,,2023-07-04,32856,87,,8876,60,85,mmHg,87.0
510390,501322,500081,3025315,,2023-07-04,32856,62.8,,9529,45,90,kg,62.8
510391,501322,500081,3038553,,2023-07-04,32856,23.9,,9531,18.5,25,kg/m2,23.9
510392,501322,500081,3022192,,2023-07-04,32856,245.7,,8840,0,150,mg/dL,245.7
510393,501322,500081,3007070,,2023-07-04,32856,66.6,,8840,40,60,mg/dL,66.6
510394,501322,500081,3028437,,2023-07-04,32856,135.1,,8840,0,130,mg/dL,135.1
510395,501322,500081,3013721,,2023-07-04,32856,58.1,,8645,0,40,U/L,58.1
510396,501322,500081,3006923,,2023-07-04,32856,96.2,,8645,0,40,U/L,96.2
510397,501322,500081,3016723,,2023-07-04,32856,0.52,,8840,0.6,1.2,mg/dL,0.52
510398,501322,500081,3049187,,2023-07-04,32856,136,,9550,90,130,mL/min/1.73m2,136.0
510399,501323,500081,3004410,,2023-10-01,32856,6.9,,8554,4,5.6,%,6.9
510400,501323,500081,3004501,,2023-10-01,32856,123,,8840,70,99,mg/dL,123.0
510401,501323,500081,3004249,,2023-10-01,32856,149,,8876,90,130,mmHg,149.0
510402,501323,500081,3012888,,2023-10-01,32856,91,,8876,60,85,mmHg,91.0
510403,501323,500081,3025315,,2023-10-01,32856,62.2,,9529,45,90,kg,62.2
510404,501323,500081,3038553,,2023-10-01,32856,23.7,,9531,18.5,25,kg/m2,23.7
510405,501324,500081,3004410,,2023-12-27,32856,6,,8554,4,5.6,%,6.0
510406,501324,500081,3004501,,2023-12-27,32856,104,,8840,70,99,mg/dL,104.0
510407,501324,500081,3004249,,2023-12-27,32856,169,,8876,90,130,mmHg,169.0
510408,501324,500081,3012888,,2023-12-27,32856,94,,8876,60,85,mmHg,94.0
510409,501324,500081,3025315,,2023-12-27,32856,63,,9529,45,90,kg,63.0
510410,501324,500081,3038553,,2023-12-27,32856,24,,9531,18.5,25,kg/m2,24.0
510411,501325,500081,3004410,,2024-03-23,32856,6.4,,8554,4,5.6,%,6.4
510412,501325,500081,3004501,,2024-03-23,32856,103,,8840,70,99,mg/dL,103.0
510413,501325,500081,3004249,,2024-03-23,32856,117,,8876,90,130,mmHg,117.0
510414,501325,500081,3012888,,2024-03-23,32856,80,,8876,60,85,mmHg,80.0
510415,501325,500081,3025315,,2024-03-23,32856,64.5,,9529,45,90,kg,64.5
510416,501325,500081,3038553,,2024-03-23,32856,24.5,,9531,18.5,25,kg/m2,24.5
510417,501326,500081,3004410,,2024-06-15,32856,5.8,,8554,4,5.6,%,5.8
510418,501326,500081,3004501,,2024-06-15,32856,98,,8840,70,99,mg/dL,98.0
510419,501326,500081,3004249,,2024-06-15,32856,145,,8876,90,130,mmHg,145.0
510420,501326,500081,3012888,,2024-06-15,32856,103,,8876,60,85,mmHg,103.0
510421,501326,500081,3025315,,2024-06-15,32856,63.1,,9529,45,90,kg,63.1
510422,501326,500081,3038553,,2024-06-15,32856,24,,9531,18.5,25,kg/m2,24.0
510423,501326,500081,3022192,,2024-06-15,32856,226.9,,8840,0,150,mg/dL,226.9
510424,501326,500081,3007070,,2024-06-15,32856,41.5,,8840,40,60,mg/dL,41.5
510425,501326,500081,3028437,,2024-06-15,32856,142.9,,8840,0,130,mg/dL,142.9
510426,501326,500081,3013721,,2024-06-15,32856,62.8,,8645,0,40,U/L,62.8
510427,501326,500081,3006923,,2024-06-15,32856,49.7,,8645,0,40,U/L,49.7
510428,501326,500081,3016723,,2024-06-15,32856,0.98,,8840,0.6,1.2,mg/dL,0.98
510429,501326,500081,3049187,,2024-06-15,32856,103,,9550,90,130,mL/min/1.73m2,103.0
510430,501327,500081,3004410,,2024-09-10,32856,6.6,,8554,4,5.6,%,6.6
510431,501327,500081,3004501,,2024-09-10,32856,118,,8840,70,99,mg/dL,118.0
510432,501327,500081,3004249,,2024-09-10,32856,129,,8876,90,130,mmHg,129.0
510433,501327,500081,3012888,,2024-09-10,32856,88,,8876,60,85,mmHg,88.0
510434,501327,500081,3025315,,2024-09-10,32856,64.6,,9529,45,90,kg,64.6
510435,501327,500081,3038553,,2024-09-10,32856,24.6,,9531,18.5,25,kg/m2,24.6
510436,501328,500081,3004410,,2024-12-10,32856,6.3,,8554,4,5.6,%,6.3
510437,501328,500081,3004501,,2024-12-10,32856,116,,8840,70,99,mg/dL,116.0
510438,501328,500081,3004249,,2024-12-10,32856,128,,8876,90,130,mmHg,128.0
510439,501328,500081,3012888,,2024-12-10,32856,82,,8876,60,85,mmHg,82.0
510440,501328,500081,3025315,,2024-12-10,32856,65.1,,9529,45,90,kg,65.1
510441,501328,500081,3038553,,2024-12-10,32856,24.8,,9531,18.5,25,kg/m2,24.8
510442,501329,500081,3004410,,2025-03-08,32856,6.4,,8554,4,5.6,%,6.4
510443,501329,500081,3004501,,2025-03-08,32856,106,,8840,70,99,mg/dL,106.0
510444,501329,500081,3004249,,2025-03-08,32856,128,,8876,90,130,mmHg,128.0
510445,501329,500081,3012888,,2025-03-08,32856,90,,8876,60,85,mmHg,90.0
510446,501329,500081,3025315,,2025-03-08,32856,65.2,,9529,45,90,kg,65.2
510447,501329,500081,3038553,,2025-03-08,32856,24.8,,9531,18.5,25,kg/m2,24.8
510448,501330,500081,3004410,,2025-06-12,32856,6,,8554,4,5.6,%,6.0
510449,501330,500081,3004501,,2025-06-12,32856,132,,8840,70,99,mg/dL,132.0
510450,501330,500081,3004249,,2025-06-12,32856,135,,8876,90,130,mmHg,135.0
510451,501330,500081,3012888,,2025-06-12,32856,103,,8876,60,85,mmHg,103.0
510452,501330,500081,3025315,,2025-06-12,32856,66.1,,9529,45,90,kg,66.1
510453,501330,500081,3038553,,2025-06-12,32856,25.2,,9531,18.5,25,kg/m2,25.2
510454,501330,500081,3022192,,2025-06-12,32856,142.3,,8840,0,150,mg/dL,142.3
510455,501330,500081,3007070,,2025-06-12,32856,55.9,,8840,40,60,mg/dL,55.9
510456,501330,500081,3028437,,2025-06-12,32856,141.7,,8840,0,130,mg/dL,141.7
510457,501330,500081,3013721,,2025-06-12,32856,70,,8645,0,40,U/L,70.0
510458,501330,500081,3006923,,2025-06-12,32856,30.8,,8645,0,40,U/L,30.8
510459,501330,500081,3016723,,2025-06-12,32856,0.96,,8840,0.6,1.2,mg/dL,0.96
510460,501330,500081,3049187,,2025-06-12,32856,105,,9550,90,130,mL/min/1.73m2,105.0
510461,501331,500082,3036277,,2018-09-01,32856,168,,8582,150,185,cm,168.0
510462,501331,500082,3004410,,2018-09-01,32856,11.5,,8554,4,5.6,%,11.5
510463,501331,500082,3004501,,2018-09-01,32856,242,,8840,70,99,mg/dL,242.0
510464,501331,500082,3004249,,2018-09-01,32856,105,,8876,90,130,mmHg,105.0
510465,501331,500082,3012888,,2018-09-01,32856,79,,8876,60,85,mmHg,79.0
510466,501331,500082,3025315,,2018-09-01,32856,52.8,,9529,45,90,kg,52.8
510467,501331,500082,3038553,,2018-09-01,32856,18.7,,9531,18.5,25,kg/m2,18.7
510468,501331,500082,3022192,,2018-09-01,32856,188.7,,8840,0,150,mg/dL,188.7
510469,501331,500082,3007070,,2018-09-01,32856,43.8,,8840,40,60,mg/dL,43.8
510470,501331,500082,3028437,,2018-09-01,32856,91.6,,8840,0,130,mg/dL,91.6
510471,501331,500082,3013721,,2018-09-01,32856,33.3,,8645,0,40,U/L,33.3
510472,501331,500082,3006923,,2018-09-01,32856,41.6,,8645,0,40,U/L,41.6
510473,501331,500082,3016723,,2018-09-01,32856,0.81,,8840,0.6,1.2,mg/dL,0.81
510474,501331,500082,3049187,,2018-09-01,32856,110,,9550,90,130,mL/min/1.73m2,110.0
510475,501332,500082,3004410,,2018-12-06,32856,10.9,,8554,4,5.6,%,10.9
510476,501332,500082,3004501,,2018-12-06,32856,227,,8840,70,99,mg/dL,227.0
510477,501332,500082,3004249,,2018-12-06,32856,140,,8876,90,130,mmHg,140.0
510478,501332,500082,3012888,,2018-12-06,32856,78,,8876,60,85,mmHg,78.0
510479,501332,500082,3025315,,2018-12-06,32856,51,,9529,45,90,kg,51.0
510480,501332,500082,3038553,,2018-12-06,32856,18.1,,9531,18.5,25,kg/m2,18.1
510481,501333,500082,3004410,,2019-03-02,32856,10.1,,8554,4,5.6,%,10.1
510482,501333,500082,3004501,,2019-03-02,32856,209,,8840,70,99,mg/dL,209.0
510483,501333,500082,3004249,,2019-03-02,32856,129,,8876,90,130,mmHg,129.0
510484,501333,500082,3012888,,2019-03-02,32856,77,,8876,60,85,mmHg,77.0
510485,501333,500082,3025315,,2019-03-02,32856,50.5,,9529,45,90,kg,50.5
510486,501333,500082,3038553,,2019-03-02,32856,17.9,,9531,18.5,25,kg/m2,17.9
510487,501334,500082,3004501,,2019-03-15,32856,60,,8840,70,99,mg/dL,60.0
510488,501335,500082,3004410,,2019-06-07,32856,10.3,,8554,4,5.6,%,10.3
510489,501335,500082,3004501,,2019-06-07,32856,205,,8840,70,99,mg/dL,205.0
510490,501335,500082,3004249,,2019-06-07,32856,125,,8876,90,130,mmHg,125.0
510491,501335,500082,3012888,,2019-06-07,32856,78,,8876,60,85,mmHg,78.0
510492,501335,500082,3025315,,2019-06-07,32856,51.2,,9529,45,90,kg,51.2
510493,501335,500082,3038553,,2019-06-07,32856,18.1,,9531,18.5,25,kg/m2,18.1
510494,501336,500082,3004410,,2019-09-08,32856,10,,8554,4,5.6,%,10.0
510495,501336,500082,3004501,,2019-09-08,32856,188,,8840,70,99,mg/dL,188.0
510496,501336,500082,3004249,,2019-09-08,32856,100,,8876,90,130,mmHg,100.0
510497,501336,500082,3012888,,2019-09-08,32856,92,,8876,60,85,mmHg,92.0
510498,501336,500082,3025315,,2019-09-08,32856,49.8,,9529,45,90,kg,49.8
510499,501336,500082,3038553,,2019-09-08,32856,17.6,,9531,18.5,25,kg/m2,17.6
510500,501336,500082,3022192,,2019-09-08,32856,129.4,,8840,0,150,mg/dL,129.4
510501,501336,500082,3007070,,2019-09-08,32856,53,,8840,40,60,mg/dL,53.0
510502,501336,500082,3028437,,2019-09-08,32856,116.2,,8840,0,130,mg/dL,116.2
510503,501336,500082,3013721,,2019-09-08,32856,69.1,,8645,0,40,U/L,69.1
510504,501336,500082,3006923,,2019-09-08,32856,21.5,,8645,0,40,U/L,21.5
510505,501336,500082,3016723,,2019-09-08,32856,0.61,,8840,0.6,1.2,mg/dL,0.61
510506,501336,500082,3049187,,2019-09-08,32856,119,,9550,90,130,mL/min/1.73m2,119.0
510507,501337,500082,3004410,,2019-12-03,32856,9,,8554,4,5.6,%,9.0
510508,501337,500082,3004501,,2019-12-03,32856,162,,8840,70,99,mg/dL,162.0
510509,501337,500082,3004249,,2019-12-03,32856,104,,8876,90,130,mmHg,104.0
510510,501337,500082,3012888,,2019-12-03,32856,72,,8876,60,85,mmHg,72.0
510511,501337,500082,3025315,,2019-12-03,32856,49.2,,9529,45,90,kg,49.2
510512,501337,500082,3038553,,2019-12-03,32856,17.4,,9531,18.5,25,kg/m2,17.4
510513,501338,500082,3004410,,2020-03-09,32856,8.2,,8554,4,5.6,%,8.2
510514,501338,500082,3004501,,2020-03-09,32856,146,,8840,70,99,mg/dL,146.0
510515,501338,500082,3004249,,2020-03-09,32856,128,,8876,90,130,mmHg,128.0
510516,501338,500082,3012888,,2020-03-09,32856,77,,8876,60,85,mmHg,77.0
510517,501338,500082,3025315,,2020-03-09,32856,47.7,,9529,45,90,kg,47.7
510518,501338,500082,3038553,,2020-03-09,32856,16.9,,9531,18.5,25,kg/m2,16.9
510519,501339,500082,3004410,,2020-06-06,32856,8.1,,8554,4,5.6,%,8.1
510520,501339,500082,3004501,,2020-06-06,32856,180,,8840,70,99,mg/dL,180.0
510521,501339,500082,3004249,,2020-06-06,32856,130,,8876,90,130,mmHg,130.0
510522,501339,500082,3012888,,2020-06-06,32856,94,,8876,60,85,mmHg,94.0
510523,501339,500082,3025315,,2020-06-06,32856,48.1,,9529,45,90,kg,48.1
510524,501339,500082,3038553,,2020-06-06,32856,17,,9531,18.5,25,kg/m2,17.0
510525,501340,500082,3004410,,2020-09-10,32856,7.5,,8554,4,5.6,%,7.5
510526,501340,500082,3004501,,2020-09-10,32856,131,,8840,70,99,mg/dL,131.0
510527,501340,500082,3004249,,2020-09-10,32856,128,,8876,90,130,mmHg,128.0
510528,501340,500082,3012888,,2020-09-10,32856,67,,8876,60,85,mmHg,67.0
510529,501340,500082,3025315,,2020-09-10,32856,48.9,,9529,45,90,kg,48.9
510530,501340,500082,3038553,,2020-09-10,32856,17.3,,9531,18.5,25,kg/m2,17.3
510531,501340,500082,3022192,,2020-09-10,32856,274.9,,8840,0,150,mg/dL,274.9
510532,501340,500082,3007070,,2020-09-10,32856,47.3,,8840,40,60,mg/dL,47.3
510533,501340,500082,3028437,,2020-09-10,32856,107.7,,8840,0,130,mg/dL,107.7
510534,501340,500082,3013721,,2020-09-10,32856,39.5,,8645,0,40,U/L,39.5
510535,501340,500082,3006923,,2020-09-10,32856,54,,8645,0,40,U/L,54.0
510536,501340,500082,3016723,,2020-09-10,32856,1.2,,8840,0.6,1.2,mg/dL,1.2
510537,501340,500082,3049187,,2020-09-10,32856,75,,9550,90,130,mL/min/1.73m2,75.0
510538,501341,500082,3004410,,2020-12-16,32856,7.4,,8554,4,5.6,%,7.4
510539,501341,500082,3004501,,2020-12-16,32856,162,,8840,70,99,mg/dL,162.0
510540,501341,500082,3004249,,2020-12-16,32856,127,,8876,90,130,mmHg,127.0
510541,501341,500082,3012888,,2020-12-16,32856,74,,8876,60,85,mmHg,74.0
510542,501341,500082,3025315,,2020-12-16,32856,46.8,,9529,45,90,kg,46.8
510543,501341,500082,3038553,,2020-12-16,32856,16.6,,9531,18.5,25,kg/m2,16.6
510544,501342,500082,3004410,,2021-03-11,32856,7.6,,8554,4,5.6,%,7.6
510545,501342,500082,3004501,,2021-03-11,32856,153,,8840,70,99,mg/dL,153.0
510546,501342,500082,3004249,,2021-03-11,32856,124,,8876,90,130,mmHg,124.0
510547,501342,500082,3012888,,2021-03-11,32856,84,,8876,60,85,mmHg,84.0
510548,501342,500082,3025315,,2021-03-11,32856,46.7,,9529,45,90,kg,46.7
510549,501342,500082,3038553,,2021-03-11,32856,16.5,,9531,18.5,25,kg/m2,16.5
510550,501343,500082,3004410,,2021-06-09,32856,7.6,,8554,4,5.6,%,7.6
510551,501343,500082,3004501,,2021-06-09,32856,118,,8840,70,99,mg/dL,118.0
510552,501343,500082,3004249,,2021-06-09,32856,125,,8876,90,130,mmHg,125.0
510553,501343,500082,3012888,,2021-06-09,32856,83,,8876,60,85,mmHg,83.0
510554,501343,500082,3025315,,2021-06-09,32856,48.1,,9529,45,90,kg,48.1
510555,501343,500082,3038553,,2021-06-09,32856,17,,9531,18.5,25,kg/m2,17.0
510556,501344,500082,3004410,,2021-09-08,32856,8.3,,8554,4,5.6,%,8.3
510557,501344,500082,3004501,,2021-09-08,32856,128,,8840,70,99,mg/dL,128.0
510558,501344,500082,3004249,,2021-09-08,32856,111,,8876,90,130,mmHg,111.0
510559,501344,500082,3012888,,2021-09-08,32856,88,,8876,60,85,mmHg,88.0
510560,501344,500082,3025315,,2021-09-08,32856,46.3,,9529,45,90,kg,46.3
510561,501344,500082,3038553,,2021-09-08,32856,16.4,,9531,18.5,25,kg/m2,16.4
510562,501344,500082,3022192,,2021-09-08,32856,244.8,,8840,0,150,mg/dL,244.8
510563,501344,500082,3007070,,2021-09-08,32856,38.9,,8840,40,60,mg/dL,38.9
510564,501344,500082,3028437,,2021-09-08,32856,111.7,,8840,0,130,mg/dL,111.7
510565,501344,500082,3013721,,2021-09-08,32856,67.4,,8645,0,40,U/L,67.4
510566,501344,500082,3006923,,2021-09-08,32856,45.2,,8645,0,40,U/L,45.2
510567,501344,500082,3016723,,2021-09-08,32856,0.7,,8840,0.6,1.2,mg/dL,0.7
510568,501344,500082,3049187,,2021-09-08,32856,113,,9550,90,130,mL/min/1.73m2,113.0
510569,501345,500082,3004410,,2021-12-15,32856,8.5,,8554,4,5.6,%,8.5
510570,501345,500082,3004501,,2021-12-15,32856,136,,8840,70,99,mg/dL,136.0
510571,501345,500082,3004249,,2021-12-15,32856,128,,8876,90,130,mmHg,128.0
510572,501345,500082,3012888,,2021-12-15,32856,67,,8876,60,85,mmHg,67.0
510573,501345,500082,3025315,,2021-12-15,32856,45.5,,9529,45,90,kg,45.5
510574,501345,500082,3038553,,2021-12-15,32856,16.1,,9531,18.5,25,kg/m2,16.1
510575,501346,500082,3004410,,2022-03-10,32856,9.1,,8554,4,5.6,%,9.1
510576,501346,500082,3004501,,2022-03-10,32856,178,,8840,70,99,mg/dL,178.0
510577,501346,500082,3004249,,2022-03-10,32856,119,,8876,90,130,mmHg,119.0
510578,501346,500082,3012888,,2022-03-10,32856,78,,8876,60,85,mmHg,78.0
510579,501346,500082,3025315,,2022-03-10,32856,45.5,,9529,45,90,kg,45.5
510580,501346,500082,3038553,,2022-03-10,32856,16.1,,9531,18.5,25,kg/m2,16.1
510581,501347,500082,3004410,,2022-06-06,32856,8.7,,8554,4,5.6,%,8.7
510582,501347,500082,3004501,,2022-06-06,32856,152,,8840,70,99,mg/dL,152.0
510583,501347,500082,3004249,,2022-06-06,32856,115,,8876,90,130,mmHg,115.0
510584,501347,500082,3012888,,2022-06-06,32856,82,,8876,60,85,mmHg,82.0
510585,501347,500082,3025315,,2022-06-06,32856,44.6,,9529,45,90,kg,44.6
510586,501347,500082,3038553,,2022-06-06,32856,15.8,,9531,18.5,25,kg/m2,15.8
510587,501348,500082,3004410,,2022-09-12,32856,8,,8554,4,5.6,%,8.0
510588,501348,500082,3004501,,2022-09-12,32856,148,,8840,70,99,mg/dL,148.0
510589,501348,500082,3004249,,2022-09-12,32856,116,,8876,90,130,mmHg,116.0
510590,501348,500082,3012888,,2022-09-12,32856,72,,8876,60,85,mmHg,72.0
510591,501348,500082,3025315,,2022-09-12,32856,44.7,,9529,45,90,kg,44.7
510592,501348,500082,3038553,,2022-09-12,32856,15.8,,9531,18.5,25,kg/m2,15.8
510593,501348,500082,3022192,,2022-09-12,32856,288.8,,8840,0,150,mg/dL,288.8
510594,501348,500082,3007070,,2022-09-12,32856,35.5,,8840,40,60,mg/dL,35.5
510595,501348,500082,3028437,,2022-09-12,32856,131,,8840,0,130,mg/dL,131.0
510596,501348,500082,3013721,,2022-09-12,32856,16,,8645,0,40,U/L,16.0
510597,501348,500082,3006923,,2022-09-12,32856,34.4,,8645,0,40,U/L,34.4
510598,501348,500082,3016723,,2022-09-12,32856,0.94,,8840,0.6,1.2,mg/dL,0.94
510599,501348,500082,3049187,,2022-09-12,32856,99,,9550,90,130,mL/min/1.73m2,99.0
510600,501349,500082,3004410,,2022-12-11,32856,8.2,,8554,4,5.6,%,8.2
510601,501349,500082,3004501,,2022-12-11,32856,180,,8840,70,99,mg/dL,180.0
510602,501349,500082,3004249,,2022-12-11,32856,133,,8876,90,130,mmHg,133.0
510603,501349,500082,3012888,,2022-12-11,32856,75,,8876,60,85,mmHg,75.0
510604,501349,500082,3025315,,2022-12-11,32856,45.7,,9529,45,90,kg,45.7
510605,501349,500082,3038553,,2022-12-11,32856,16.2,,9531,18.5,25,kg/m2,16.2
510606,501350,500082,3004410,,2023-03-19,32856,8.5,,8554,4,5.6,%,8.5
510607,501350,500082,3004501,,2023-03-19,32856,156,,8840,70,99,mg/dL,156.0
510608,501350,500082,3004249,,2023-03-19,32856,133,,8876,90,130,mmHg,133.0
510609,501350,500082,3012888,,2023-03-19,32856,77,,8876,60,85,mmHg,77.0
510610,501350,500082,3025315,,2023-03-19,32856,47,,9529,45,90,kg,47.0
510611,501350,500082,3038553,,2023-03-19,32856,16.7,,9531,18.5,25,kg/m2,16.7
510612,501351,500082,3004410,,2023-06-23,32856,8.6,,8554,4,5.6,%,8.6
510613,501351,500082,3004501,,2023-06-23,32856,175,,8840,70,99,mg/dL,175.0
510614,501351,500082,3004249,,2023-06-23,32856,138,,8876,90,130,mmHg,138.0
510615,501351,500082,3012888,,2023-06-23,32856,77,,8876,60,85,mmHg,77.0
510616,501351,500082,3025315,,2023-06-23,32856,45.3,,9529,45,90,kg,45.3
510617,501351,500082,3038553,,2023-06-23,32856,16.1,,9531,18.5,25,kg/m2,16.1
510618,501352,500082,3004410,,2023-09-18,32856,9,,8554,4,5.6,%,9.0
510619,501352,500082,3004501,,2023-09-18,32856,181,,8840,70,99,mg/dL,181.0
510620,501352,500082,3004249,,2023-09-18,32856,140,,8876,90,130,mmHg,140.0
510621,501352,500082,3012888,,2023-09-18,32856,70,,8876,60,85,mmHg,70.0
510622,501352,500082,3025315,,2023-09-18,32856,45.9,,9529,45,90,kg,45.9
510623,501352,500082,3038553,,2023-09-18,32856,16.3,,9531,18.5,25,kg/m2,16.3
510624,501352,500082,3022192,,2023-09-18,32856,142.9,,8840,0,150,mg/dL,142.9
510625,501352,500082,3007070,,2023-09-18,32856,67.7,,8840,40,60,mg/dL,67.7
510626,501352,500082,3028437,,2023-09-18,32856,139.2,,8840,0,130,mg/dL,139.2
510627,501352,500082,3013721,,2023-09-18,32856,28.1,,8645,0,40,U/L,28.1
510628,501352,500082,3006923,,2023-09-18,32856,55.3,,8645,0,40,U/L,55.3
510629,501352,500082,3016723,,2023-09-18,32856,1.19,,8840,0.6,1.2,mg/dL,1.19
510630,501352,500082,3049187,,2023-09-18,32856,74,,9550,90,130,mL/min/1.73m2,74.0
510631,501353,500082,3004410,,2023-12-14,32856,8.8,,8554,4,5.6,%,8.8
510632,501353,500082,3004501,,2023-12-14,32856,168,,8840,70,99,mg/dL,168.0
510633,501353,500082,3004249,,2023-12-14,32856,152,,8876,90,130,mmHg,152.0
510634,501353,500082,3012888,,2023-12-14,32856,80,,8876,60,85,mmHg,80.0
510635,501353,500082,3025315,,2023-12-14,32856,45.7,,9529,45,90,kg,45.7
510636,501353,500082,3038553,,2023-12-14,32856,16.2,,9531,18.5,25,kg/m2,16.2
510637,501354,500082,3004410,,2024-03-11,32856,8.5,,8554,4,5.6,%,8.5
510638,501354,500082,3004501,,2024-03-11,32856,165,,8840,70,99,mg/dL,165.0
510639,501354,500082,3004249,,2024-03-11,32856,138,,8876,90,130,mmHg,138.0
510640,501354,500082,3012888,,2024-03-11,32856,74,,8876,60,85,mmHg,74.0
510641,501354,500082,3025315,,2024-03-11,32856,45,,9529,45,90,kg,45.0
510642,501354,500082,3038553,,2024-03-11,32856,15.9,,9531,18.5,25,kg/m2,15.9
510643,501355,500083,3036277,,2019-04-05,32856,161.8,,8582,150,185,cm,161.8
510644,501355,500083,3004410,,2019-04-05,32856,7.6,,8554,4,5.6,%,7.6
510645,501355,500083,3004501,,2019-04-05,32856,149,,8840,70,99,mg/dL,149.0
510646,501355,500083,3004249,,2019-04-05,32856,131,,8876,90,130,mmHg,131.0
510647,501355,500083,3012888,,2019-04-05,32856,69,,8876,60,85,mmHg,69.0
510648,501355,500083,3025315,,2019-04-05,32856,71.2,,9529,45,90,kg,71.2
510649,501355,500083,3038553,,2019-04-05,32856,27.2,,9531,18.5,25,kg/m2,27.2
510650,501355,500083,3022192,,2019-04-05,32856,196.2,,8840,0,150,mg/dL,196.2
510651,501355,500083,3007070,,2019-04-05,32856,48.4,,8840,40,60,mg/dL,48.4
510652,501355,500083,3028437,,2019-04-05,32856,126.2,,8840,0,130,mg/dL,126.2
510653,501355,500083,3013721,,2019-04-05,32856,65.3,,8645,0,40,U/L,65.3
510654,501355,500083,3006923,,2019-04-05,32856,84.7,,8645,0,40,U/L,84.7
510655,501355,500083,3016723,,2019-04-05,32856,1.06,,8840,0.6,1.2,mg/dL,1.06
510656,501355,500083,3049187,,2019-04-05,32856,65,,9550,90,130,mL/min/1.73m2,65.0
510657,501356,500083,3004410,,2019-07-02,32856,7,,8554,4,5.6,%,7.0
510658,501356,500083,3004501,,2019-07-02,32856,159,,8840,70,99,mg/dL,159.0
510659,501356,500083,3004249,,2019-07-02,32856,129,,8876,90,130,mmHg,129.0
510660,501356,500083,3012888,,2019-07-02,32856,62,,8876,60,85,mmHg,62.0
510661,501356,500083,3025315,,2019-07-02,32856,71.4,,9529,45,90,kg,71.4
510662,501356,500083,3038553,,2019-07-02,32856,27.3,,9531,18.5,25,kg/m2,27.3
510663,501357,500083,3004410,,2019-10-02,32856,7.3,,8554,4,5.6,%,7.3
510664,501357,500083,3004501,,2019-10-02,32856,132,,8840,70,99,mg/dL,132.0
510665,501357,500083,3004249,,2019-10-02,32856,134,,8876,90,130,mmHg,134.0
510666,501357,500083,3012888,,2019-10-02,32856,72,,8876,60,85,mmHg,72.0
510667,501357,500083,3025315,,2019-10-02,32856,71,,9529,45,90,kg,71.0
510668,501357,500083,3038553,,2019-10-02,32856,27.1,,9531,18.5,25,kg/m2,27.1
510669,501358,500083,3004410,,2019-12-25,32856,7.7,,8554,4,5.6,%,7.7
510670,501358,500083,3004501,,2019-12-25,32856,127,,8840,70,99,mg/dL,127.0
510671,501358,500083,3004249,,2019-12-25,32856,132,,8876,90,130,mmHg,132.0
510672,501358,500083,3012888,,2019-12-25,32856,80,,8876,60,85,mmHg,80.0
510673,501358,500083,3025315,,2019-12-25,32856,69.2,,9529,45,90,kg,69.2
510674,501358,500083,3038553,,2019-12-25,32856,26.4,,9531,18.5,25,kg/m2,26.4
510675,501359,500083,3004410,,2020-03-27,32856,6.9,,8554,4,5.6,%,6.9
510676,501359,500083,3004501,,2020-03-27,32856,112,,8840,70,99,mg/dL,112.0
510677,501359,500083,3004249,,2020-03-27,32856,129,,8876,90,130,mmHg,129.0
510678,501359,500083,3012888,,2020-03-27,32856,70,,8876,60,85,mmHg,70.0
510679,501359,500083,3025315,,2020-03-27,32856,68.9,,9529,45,90,kg,68.9
510680,501359,500083,3038553,,2020-03-27,32856,26.3,,9531,18.5,25,kg/m2,26.3
510681,501359,500083,3022192,,2020-03-27,32856,211,,8840,0,150,mg/dL,211.0
510682,501359,500083,3007070,,2020-03-27,32856,34.1,,8840,40,60,mg/dL,34.1
510683,501359,500083,3028437,,2020-03-27,32856,84.6,,8840,0,130,mg/dL,84.6
510684,501359,500083,3013721,,2020-03-27,32856,70.4,,8645,0,40,U/L,70.4
510685,501359,500083,3006923,,2020-03-27,32856,100.2,,8645,0,40,U/L,100.2
510686,501359,500083,3016723,,2020-03-27,32856,1.2,,8840,0.6,1.2,mg/dL,1.2
510687,501359,500083,3049187,,2020-03-27,32856,56,,9550,90,130,mL/min/1.73m2,56.0
510688,501360,500083,3004410,,2020-07-03,32856,6.6,,8554,4,5.6,%,6.6
510689,501360,500083,3004501,,2020-07-03,32856,94,,8840,70,99,mg/dL,94.0
510690,501360,500083,3004249,,2020-07-03,32856,110,,8876,90,130,mmHg,110.0
510691,501360,500083,3012888,,2020-07-03,32856,74,,8876,60,85,mmHg,74.0
510692,501360,500083,3025315,,2020-07-03,32856,71.4,,9529,45,90,kg,71.4
510693,501360,500083,3038553,,2020-07-03,32856,27.3,,9531,18.5,25,kg/m2,27.3
510694,501361,500083,3004410,,2020-09-27,32856,6.4,,8554,4,5.6,%,6.4
510695,501361,500083,3004501,,2020-09-27,32856,89,,8840,70,99,mg/dL,89.0
510696,501361,500083,3004249,,2020-09-27,32856,125,,8876,90,130,mmHg,125.0
510697,501361,500083,3012888,,2020-09-27,32856,79,,8876,60,85,mmHg,79.0
510698,501361,500083,3025315,,2020-09-27,32856,72.9,,9529,45,90,kg,72.9
510699,501361,500083,3038553,,2020-09-27,32856,27.8,,9531,18.5,25,kg/m2,27.8
510700,501362,500083,3004410,,2021-01-01,32856,6.2,,8554,4,5.6,%,6.2
510701,501362,500083,3004501,,2021-01-01,32856,131,,8840,70,99,mg/dL,131.0
510702,501362,500083,3004249,,2021-01-01,32856,140,,8876,90,130,mmHg,140.0
510703,501362,500083,3012888,,2021-01-01,32856,63,,8876,60,85,mmHg,63.0
510704,501362,500083,3025315,,2021-01-01,32856,74.5,,9529,45,90,kg,74.5
510705,501362,500083,3038553,,2021-01-01,32856,28.5,,9531,18.5,25,kg/m2,28.5
510706,501363,500083,3004410,,2021-04-08,32856,6.6,,8554,4,5.6,%,6.6
510707,501363,500083,3004501,,2021-04-08,32856,124,,8840,70,99,mg/dL,124.0
510708,501363,500083,3004249,,2021-04-08,32856,120,,8876,90,130,mmHg,120.0
510709,501363,500083,3012888,,2021-04-08,32856,71,,8876,60,85,mmHg,71.0
510710,501363,500083,3025315,,2021-04-08,32856,75.5,,9529,45,90,kg,75.5
510711,501363,500083,3038553,,2021-04-08,32856,28.8,,9531,18.5,25,kg/m2,28.8
510712,501363,500083,3022192,,2021-04-08,32856,248.5,,8840,0,150,mg/dL,248.5
510713,501363,500083,3007070,,2021-04-08,32856,42.2,,8840,40,60,mg/dL,42.2
510714,501363,500083,3028437,,2021-04-08,32856,110.9,,8840,0,130,mg/dL,110.9
510715,501363,500083,3013721,,2021-04-08,32856,32.5,,8645,0,40,U/L,32.5
510716,501363,500083,3006923,,2021-04-08,32856,82.4,,8645,0,40,U/L,82.4
510717,501363,500083,3016723,,2021-04-08,32856,0.76,,8840,0.6,1.2,mg/dL,0.76
510718,501363,500083,3049187,,2021-04-08,32856,96,,9550,90,130,mL/min/1.73m2,96.0
510719,501364,500083,3004410,,2021-07-14,32856,7.2,,8554,4,5.6,%,7.2
510720,501364,500083,3004501,,2021-07-14,32856,167,,8840,70,99,mg/dL,167.0
510721,501364,500083,3004249,,2021-07-14,32856,123,,8876,90,130,mmHg,123.0
510722,501364,500083,3012888,,2021-07-14,32856,67,,8876,60,85,mmHg,67.0
510723,501364,500083,3025315,,2021-07-14,32856,75.9,,9529,45,90,kg,75.9
510724,501364,500083,3038553,,2021-07-14,32856,29,,9531,18.5,25,kg/m2,29.0
510725,501365,500083,3004410,,2021-10-19,32856,7.6,,8554,4,5.6,%,7.6
510726,501365,500083,3004501,,2021-10-19,32856,117,,8840,70,99,mg/dL,117.0
510727,501365,500083,3004249,,2021-10-19,32856,138,,8876,90,130,mmHg,138.0
510728,501365,500083,3012888,,2021-10-19,32856,85,,8876,60,85,mmHg,85.0
510729,501365,500083,3025315,,2021-10-19,32856,75.3,,9529,45,90,kg,75.3
510730,501365,500083,3038553,,2021-10-19,32856,28.8,,9531,18.5,25,kg/m2,28.8
510731,501366,500083,3004410,,2022-01-13,32856,7.8,,8554,4,5.6,%,7.8
510732,501366,500083,3004501,,2022-01-13,32856,149,,8840,70,99,mg/dL,149.0
510733,501366,500083,3004249,,2022-01-13,32856,107,,8876,90,130,mmHg,107.0
510734,501366,500083,3012888,,2022-01-13,32856,80,,8876,60,85,mmHg,80.0
510735,501366,500083,3025315,,2022-01-13,32856,76.7,,9529,45,90,kg,76.7
510736,501366,500083,3038553,,2022-01-13,32856,29.3,,9531,18.5,25,kg/m2,29.3
510737,501367,500083,3004410,,2022-04-19,32856,7.5,,8554,4,5.6,%,7.5
510738,501367,500083,3004501,,2022-04-19,32856,144,,8840,70,99,mg/dL,144.0
510739,501367,500083,3004249,,2022-04-19,32856,133,,8876,90,130,mmHg,133.0
510740,501367,500083,3012888,,2022-04-19,32856,78,,8876,60,85,mmHg,78.0
510741,501367,500083,3025315,,2022-04-19,32856,77.2,,9529,45,90,kg,77.2
510742,501367,500083,3038553,,2022-04-19,32856,29.5,,9531,18.5,25,kg/m2,29.5
510743,501367,500083,3022192,,2022-04-19,32856,128.4,,8840,0,150,mg/dL,128.4
510744,501367,500083,3007070,,2022-04-19,32856,67.5,,8840,40,60,mg/dL,67.5
510745,501367,500083,3028437,,2022-04-19,32856,103.4,,8840,0,130,mg/dL,103.4
510746,501367,500083,3013721,,2022-04-19,32856,55.9,,8645,0,40,U/L,55.9
510747,501367,500083,3006923,,2022-04-19,32856,43.2,,8645,0,40,U/L,43.2
510748,501367,500083,3016723,,2022-04-19,32856,0.9,,8840,0.6,1.2,mg/dL,0.9
510749,501367,500083,3049187,,2022-04-19,32856,78,,9550,90,130,mL/min/1.73m2,78.0
510750,501368,500083,3004410,,2022-07-19,32856,7.3,,8554,4,5.6,%,7.3
510751,501368,500083,3004501,,2022-07-19,32856,132,,8840,70,99,mg/dL,132.0
510752,501368,500083,3004249,,2022-07-19,32856,128,,8876,90,130,mmHg,128.0
510753,501368,500083,3012888,,2022-07-19,32856,81,,8876,60,85,mmHg,81.0
510754,501368,500083,3025315,,2022-07-19,32856,77,,9529,45,90,kg,77.0
510755,501368,500083,3038553,,2022-07-19,32856,29.4,,9531,18.5,25,kg/m2,29.4
510756,501369,500084,3036277,,2019-11-22,32856,164.2,,8582,150,185,cm,164.2
510757,501369,500084,3004410,,2019-11-22,32856,6.5,,8554,4,5.6,%,6.5
510758,501369,500084,3004501,,2019-11-22,32856,126,,8840,70,99,mg/dL,126
510759,501369,500084,3004249,,2019-11-22,32856,112,,8876,90,130,mmHg,112.0
510760,501369,500084,3012888,,2019-11-22,32856,72,,8876,60,85,mmHg,72.0
510761,501369,500084,3025315,,2019-11-22,32856,76,,9529,45,90,kg,76.0
510762,501369,500084,3038553,,2019-11-22,32856,28.2,,9531,18.5,25,kg/m2,28.2
510763,501369,500084,3022192,,2019-11-22,32856,79.4,,8840,0,150,mg/dL,79.4
510764,501369,500084,3007070,,2019-11-22,32856,63.8,,8840,40,60,mg/dL,63.8
510765,501369,500084,3028437,,2019-11-22,32856,104,,8840,0,130,mg/dL,104.0
510766,501369,500084,3013721,,2019-11-22,32856,65.8,,8645,0,40,U/L,65.8
510767,501369,500084,3006923,,2019-11-22,32856,35.8,,8645,0,40,U/L,35.8
510768,501369,500084,3016723,,2019-11-22,32856,0.91,,8840,0.6,1.2,mg/dL,0.91
510769,501369,500084,3049187,,2019-11-22,32856,70,,9550,90,130,mL/min/1.73m2,70.0
510770,501370,500084,3004410,,2020-02-27,32856,5.7,,8554,4,5.6,%,5.7
510771,501370,500084,3004501,,2020-02-27,32856,84,,8840,70,99,mg/dL,84.0
510772,501370,500084,3004249,,2020-02-27,32856,139,,8876,90,130,mmHg,139.0
510773,501370,500084,3012888,,2020-02-27,32856,63,,8876,60,85,mmHg,63.0
510774,501370,500084,3025315,,2020-02-27,32856,76.6,,9529,45,90,kg,76.6
510775,501370,500084,3038553,,2020-02-27,32856,28.4,,9531,18.5,25,kg/m2,28.4
510776,501371,500084,3004410,,2020-05-31,32856,5.4,,8554,4,5.6,%,5.4
510777,501371,500084,3004501,,2020-05-31,32856,105,,8840,70,99,mg/dL,105.0
510778,501371,500084,3004249,,2020-05-31,32856,133,,8876,90,130,mmHg,133.0
510779,501371,500084,3012888,,2020-05-31,32856,79,,8876,60,85,mmHg,79.0
510780,501371,500084,3025315,,2020-05-31,32856,75.9,,9529,45,90,kg,75.9
510781,501371,500084,3038553,,2020-05-31,32856,28.2,,9531,18.5,25,kg/m2,28.2
510782,501372,500084,3004410,,2020-08-31,32856,5.5,,8554,4,5.6,%,5.5
510783,501372,500084,3004501,,2020-08-31,32856,85,,8840,70,99,mg/dL,85.0
510784,501372,500084,3004249,,2020-08-31,32856,130,,8876,90,130,mmHg,130.0
510785,501372,500084,3012888,,2020-08-31,32856,88,,8876,60,85,mmHg,88.0
510786,501372,500084,3025315,,2020-08-31,32856,77.1,,9529,45,90,kg,77.1
510787,501372,500084,3038553,,2020-08-31,32856,28.6,,9531,18.5,25,kg/m2,28.6
510788,501373,500084,3004410,,2020-12-05,32856,5.4,,8554,4,5.6,%,5.4
510789,501373,500084,3004501,,2020-12-05,32856,85,,8840,70,99,mg/dL,85.0
510790,501373,500084,3004249,,2020-12-05,32856,119,,8876,90,130,mmHg,119.0
510791,501373,500084,3012888,,2020-12-05,32856,84,,8876,60,85,mmHg,84.0
510792,501373,500084,3025315,,2020-12-05,32856,77.8,,9529,45,90,kg,77.8
510793,501373,500084,3038553,,2020-12-05,32856,28.9,,9531,18.5,25,kg/m2,28.9
510794,501373,500084,3022192,,2020-12-05,32856,147.6,,8840,0,150,mg/dL,147.6
510795,501373,500084,3007070,,2020-12-05,32856,27.7,,8840,40,60,mg/dL,27.7
510796,501373,500084,3028437,,2020-12-05,32856,104,,8840,0,130,mg/dL,104.0
510797,501373,500084,3013721,,2020-12-05,32856,67.5,,8645,0,40,U/L,67.5
510798,501373,500084,3006923,,2020-12-05,32856,28.7,,8645,0,40,U/L,28.7
510799,501373,500084,3016723,,2020-12-05,32856,1.04,,8840,0.6,1.2,mg/dL,1.04
510800,501373,500084,3049187,,2020-12-05,32856,59,,9550,90,130,mL/min/1.73m2,59.0
510801,501374,500084,3004410,,2021-03-04,32856,5.7,,8554,4,5.6,%,5.7
510802,501374,500084,3004501,,2021-03-04,32856,95,,8840,70,99,mg/dL,95.0
510803,501374,500084,3004249,,2021-03-04,32856,104,,8876,90,130,mmHg,104.0
510804,501374,500084,3012888,,2021-03-04,32856,87,,8876,60,85,mmHg,87.0
510805,501374,500084,3025315,,2021-03-04,32856,76.4,,9529,45,90,kg,76.4
510806,501374,500084,3038553,,2021-03-04,32856,28.3,,9531,18.5,25,kg/m2,28.3
510807,501375,500084,3004410,,2021-06-08,32856,5.8,,8554,4,5.6,%,5.8
510808,501375,500084,3004501,,2021-06-08,32856,92,,8840,70,99,mg/dL,92.0
510809,501375,500084,3004249,,2021-06-08,32856,128,,8876,90,130,mmHg,128.0
510810,501375,500084,3012888,,2021-06-08,32856,76,,8876,60,85,mmHg,76.0
510811,501375,500084,3025315,,2021-06-08,32856,76.4,,9529,45,90,kg,76.4
510812,501375,500084,3038553,,2021-06-08,32856,28.3,,9531,18.5,25,kg/m2,28.3
510813,501376,500084,3004410,,2021-09-06,32856,6.2,,8554,4,5.6,%,6.2
510814,501376,500084,3004501,,2021-09-06,32856,76,,8840,70,99,mg/dL,76.0
510815,501376,500084,3004249,,2021-09-06,32856,119,,8876,90,130,mmHg,119.0
510816,501376,500084,3012888,,2021-09-06,32856,71,,8876,60,85,mmHg,71.0
510817,501376,500084,3025315,,2021-09-06,32856,76.9,,9529,45,90,kg,76.9
510818,501376,500084,3038553,,2021-09-06,32856,28.5,,9531,18.5,25,kg/m2,28.5
510819,501377,500084,3004410,,2021-12-07,32856,6.1,,8554,4,5.6,%,6.1
510820,501377,500084,3004501,,2021-12-07,32856,100,,8840,70,99,mg/dL,100.0
510821,501377,500084,3004249,,2021-12-07,32856,138,,8876,90,130,mmHg,138.0
510822,501377,500084,3012888,,2021-12-07,32856,79,,8876,60,85,mmHg,79.0
510823,501377,500084,3025315,,2021-12-07,32856,77.5,,9529,45,90,kg,77.5
510824,501377,500084,3038553,,2021-12-07,32856,28.7,,9531,18.5,25,kg/m2,28.7
510825,501377,500084,3022192,,2021-12-07,32856,154.5,,8840,0,150,mg/dL,154.5
510826,501377,500084,3007070,,2021-12-07,32856,55.4,,8840,40,60,mg/dL,55.4
510827,501377,500084,3028437,,2021-12-07,32856,107.2,,8840,0,130,mg/dL,107.2
510828,501377,500084,3013721,,2021-12-07,32856,57.4,,8645,0,40,U/L,57.4
510829,501377,500084,3006923,,2021-12-07,32856,27.9,,8645,0,40,U/L,27.9
510830,501377,500084,3016723,,2021-12-07,32856,0.94,,8840,0.6,1.2,mg/dL,0.94
510831,501377,500084,3049187,,2021-12-07,32856,67,,9550,90,130,mL/min/1.73m2,67.0
510832,501378,500084,3004410,,2022-03-02,32856,5.6,,8554,4,5.6,%,5.6
510833,501378,500084,3004501,,2022-03-02,32856,83,,8840,70,99,mg/dL,83.0
510834,501378,500084,3004249,,2022-03-02,32856,125,,8876,90,130,mmHg,125.0
510835,501378,500084,3012888,,2022-03-02,32856,83,,8876,60,85,mmHg,83.0
510836,501378,500084,3025315,,2022-03-02,32856,78.2,,9529,45,90,kg,78.2
510837,501378,500084,3038553,,2022-03-02,32856,29,,9531,18.5,25,kg/m2,29.0
510838,501379,500084,3004410,,2022-06-08,32856,5.9,,8554,4,5.6,%,5.9
510839,501379,500084,3004501,,2022-06-08,32856,113,,8840,70,99,mg/dL,113.0
510840,501379,500084,3004249,,2022-06-08,32856,113,,8876,90,130,mmHg,113.0
510841,501379,500084,3012888,,2022-06-08,32856,79,,8876,60,85,mmHg,79.0
510842,501379,500084,3025315,,2022-06-08,32856,78.2,,9529,45,90,kg,78.2
510843,501379,500084,3038553,,2022-06-08,32856,29,,9531,18.5,25,kg/m2,29.0
510844,501380,500084,3004410,,2022-09-12,32856,5.7,,8554,4,5.6,%,5.7
510845,501380,500084,3004501,,2022-09-12,32856,92,,8840,70,99,mg/dL,92.0
510846,501380,500084,3004249,,2022-09-12,32856,112,,8876,90,130,mmHg,112.0
510847,501380,500084,3012888,,2022-09-12,32856,79,,8876,60,85,mmHg,79.0
510848,501380,500084,3025315,,2022-09-12,32856,78.5,,9529,45,90,kg,78.5
510849,501380,500084,3038553,,2022-09-12,32856,29.1,,9531,18.5,25,kg/m2,29.1
510850,501381,500084,3004410,,2022-12-12,32856,6,,8554,4,5.6,%,6.0
510851,501381,500084,3004501,,2022-12-12,32856,106,,8840,70,99,mg/dL,106.0
510852,501381,500084,3004249,,2022-12-12,32856,109,,8876,90,130,mmHg,109.0
510853,501381,500084,3012888,,2022-12-12,32856,88,,8876,60,85,mmHg,88.0
510854,501381,500084,3025315,,2022-12-12,32856,78.3,,9529,45,90,kg,78.3
510855,501381,500084,3038553,,2022-12-12,32856,29,,9531,18.5,25,kg/m2,29.0
510856,501381,500084,3022192,,2022-12-12,32856,94,,8840,0,150,mg/dL,94.0
510857,501381,500084,3007070,,2022-12-12,32856,51.8,,8840,40,60,mg/dL,51.8
510858,501381,500084,3028437,,2022-12-12,32856,56.8,,8840,0,130,mg/dL,56.8
510859,501381,500084,3013721,,2022-12-12,32856,40.5,,8645,0,40,U/L,40.5
510860,501381,500084,3006923,,2022-12-12,32856,70.3,,8645,0,40,U/L,70.3
510861,501381,500084,3016723,,2022-12-12,32856,1.07,,8840,0.6,1.2,mg/dL,1.07
510862,501381,500084,3049187,,2022-12-12,32856,57,,9550,90,130,mL/min/1.73m2,57.0
510863,501382,500084,3004410,,2023-03-19,32856,6.3,,8554,4,5.6,%,6.3
510864,501382,500084,3004501,,2023-03-19,32856,112,,8840,70,99,mg/dL,112.0
510865,501382,500084,3004249,,2023-03-19,32856,116,,8876,90,130,mmHg,116.0
510866,501382,500084,3012888,,2023-03-19,32856,79,,8876,60,85,mmHg,79.0
510867,501382,500084,3025315,,2023-03-19,32856,78.1,,9529,45,90,kg,78.1
510868,501382,500084,3038553,,2023-03-19,32856,29,,9531,18.5,25,kg/m2,29.0
510869,501383,500085,3036277,,2018-05-26,32856,160.2,,8582,150,185,cm,160.2
510870,501383,500085,3004410,,2018-05-26,32856,6.8,,8554,4,5.6,%,6.8
510871,501383,500085,3004501,,2018-05-26,32856,143,,8840,70,99,mg/dL,143.0
510872,501383,500085,3004249,,2018-05-26,32856,139,,8876,90,130,mmHg,139.0
510873,501383,500085,3012888,,2018-05-26,32856,79,,8876,60,85,mmHg,79.0
510874,501383,500085,3025315,,2018-05-26,32856,74.2,,9529,45,90,kg,74.2
510875,501383,500085,3038553,,2018-05-26,32856,28.9,,9531,18.5,25,kg/m2,28.9
510876,501383,500085,3022192,,2018-05-26,32856,184.1,,8840,0,150,mg/dL,184.1
510877,501383,500085,3007070,,2018-05-26,32856,53.8,,8840,40,60,mg/dL,53.8
510878,501383,500085,3028437,,2018-05-26,32856,206.9,,8840,0,130,mg/dL,206.9
510879,501383,500085,3013721,,2018-05-26,32856,40,,8645,0,40,U/L,40.0
510880,501383,500085,3006923,,2018-05-26,32856,25.4,,8645,0,40,U/L,25.4
510881,501383,500085,3016723,,2018-05-26,32856,1.2,,8840,0.6,1.2,mg/dL,1.2
510882,501383,500085,3049187,,2018-05-26,32856,50,,9550,90,130,mL/min/1.73m2,50.0
510883,501384,500085,3004410,,2018-08-30,32856,6.1,,8554,4,5.6,%,6.1
510884,501384,500085,3004501,,2018-08-30,32856,81,,8840,70,99,mg/dL,81.0
510885,501384,500085,3004249,,2018-08-30,32856,143,,8876,90,130,mmHg,143.0
510886,501384,500085,3012888,,2018-08-30,32856,90,,8876,60,85,mmHg,90.0
510887,501384,500085,3025315,,2018-08-30,32856,72.8,,9529,45,90,kg,72.8
510888,501384,500085,3038553,,2018-08-30,32856,28.4,,9531,18.5,25,kg/m2,28.4
510889,501385,500085,3004410,,2018-11-29,32856,6.5,,8554,4,5.6,%,6.5
510890,501385,500085,3004501,,2018-11-29,32856,125,,8840,70,99,mg/dL,125.0
510891,501385,500085,3004249,,2018-11-29,32856,154,,8876,90,130,mmHg,154.0
510892,501385,500085,3012888,,2018-11-29,32856,72,,8876,60,85,mmHg,72.0
510893,501385,500085,3025315,,2018-11-29,32856,71.8,,9529,45,90,kg,71.8
510894,501385,500085,3038553,,2018-11-29,32856,28,,9531,18.5,25,kg/m2,28.0
510895,501386,500085,3004410,,2019-02-23,32856,5.9,,8554,4,5.6,%,5.9
510896,501386,500085,3004501,,2019-02-23,32856,130,,8840,70,99,mg/dL,130.0
510897,501386,500085,3004249,,2019-02-23,32856,119,,8876,90,130,mmHg,119.0
510898,501386,500085,3012888,,2019-02-23,32856,79,,8876,60,85,mmHg,79.0
510899,501386,500085,3025315,,2019-02-23,32856,72.2,,9529,45,90,kg,72.2
510900,501386,500085,3038553,,2019-02-23,32856,28.1,,9531,18.5,25,kg/m2,28.1
510901,501387,500085,3004410,,2019-05-27,32856,5.8,,8554,4,5.6,%,5.8
510902,501387,500085,3004501,,2019-05-27,32856,109,,8840,70,99,mg/dL,109.0
510903,501387,500085,3004249,,2019-05-27,32856,116,,8876,90,130,mmHg,116.0
510904,501387,500085,3012888,,2019-05-27,32856,78,,8876,60,85,mmHg,78.0
510905,501387,500085,3025315,,2019-05-27,32856,72.2,,9529,45,90,kg,72.2
510906,501387,500085,3038553,,2019-05-27,32856,28.1,,9531,18.5,25,kg/m2,28.1
510907,501387,500085,3022192,,2019-05-27,32856,251.7,,8840,0,150,mg/dL,251.7
510908,501387,500085,3007070,,2019-05-27,32856,67.2,,8840,40,60,mg/dL,67.2
510909,501387,500085,3028437,,2019-05-27,32856,146.2,,8840,0,130,mg/dL,146.2
510910,501387,500085,3013721,,2019-05-27,32856,20.5,,8645,0,40,U/L,20.5
510911,501387,500085,3006923,,2019-05-27,32856,46.2,,8645,0,40,U/L,46.2
510912,501387,500085,3016723,,2019-05-27,32856,1.37,,8840,0.6,1.2,mg/dL,1.37
510913,501387,500085,3049187,,2019-05-27,32856,42,,9550,90,130,mL/min/1.73m2,42.0
510914,501388,500085,3004410,,2019-09-01,32856,6.6,,8554,4,5.6,%,6.6
510915,501388,500085,3004501,,2019-09-01,32856,119,,8840,70,99,mg/dL,119.0
510916,501388,500085,3004249,,2019-09-01,32856,155,,8876,90,130,mmHg,155.0
510917,501388,500085,3012888,,2019-09-01,32856,82,,8876,60,85,mmHg,82.0
510918,501388,500085,3025315,,2019-09-01,32856,71.7,,9529,45,90,kg,71.7
510919,501388,500085,3038553,,2019-09-01,32856,27.9,,9531,18.5,25,kg/m2,27.9
510920,501389,500085,3004410,,2019-11-25,32856,5.7,,8554,4,5.6,%,5.7
510921,501389,500085,3004501,,2019-11-25,32856,98,,8840,70,99,mg/dL,98.0
510922,501389,500085,3004249,,2019-11-25,32856,142,,8876,90,130,mmHg,142.0
510923,501389,500085,3012888,,2019-11-25,32856,66,,8876,60,85,mmHg,66.0
510924,501389,500085,3025315,,2019-11-25,32856,71.2,,9529,45,90,kg,71.2
510925,501389,500085,3038553,,2019-11-25,32856,27.7,,9531,18.5,25,kg/m2,27.7
510926,501390,500085,3004410,,2020-03-01,32856,5.6,,8554,4,5.6,%,5.6
510927,501390,500085,3004501,,2020-03-01,32856,70,,8840,70,99,mg/dL,70
510928,501390,500085,3004249,,2020-03-01,32856,127,,8876,90,130,mmHg,127.0
510929,501390,500085,3012888,,2020-03-01,32856,86,,8876,60,85,mmHg,86.0
510930,501390,500085,3025315,,2020-03-01,32856,70.6,,9529,45,90,kg,70.6
510931,501390,500085,3038553,,2020-03-01,32856,27.5,,9531,18.5,25,kg/m2,27.5
510932,501391,500085,3004410,,2020-06-07,32856,5.5,,8554,4,5.6,%,5.5
510933,501391,500085,3004501,,2020-06-07,32856,107,,8840,70,99,mg/dL,107.0
510934,501391,500085,3004249,,2020-06-07,32856,132,,8876,90,130,mmHg,132.0
510935,501391,500085,3012888,,2020-06-07,32856,95,,8876,60,85,mmHg,95.0
510936,501391,500085,3025315,,2020-06-07,32856,70.7,,9529,45,90,kg,70.7
510937,501391,500085,3038553,,2020-06-07,32856,27.5,,9531,18.5,25,kg/m2,27.5
510938,501391,500085,3022192,,2020-06-07,32856,233.4,,8840,0,150,mg/dL,233.4
510939,501391,500085,3007070,,2020-06-07,32856,50.3,,8840,40,60,mg/dL,50.3
510940,501391,500085,3028437,,2020-06-07,32856,118.5,,8840,0,130,mg/dL,118.5
510941,501391,500085,3013721,,2020-06-07,32856,45.7,,8645,0,40,U/L,45.7
510942,501391,500085,3006923,,2020-06-07,32856,67.2,,8645,0,40,U/L,67.2
510943,501391,500085,3016723,,2020-06-07,32856,0.87,,8840,0.6,1.2,mg/dL,0.87
510944,501391,500085,3049187,,2020-06-07,32856,72,,9550,90,130,mL/min/1.73m2,72.0
510945,501392,500085,3004410,,2020-08-30,32856,6.2,,8554,4,5.6,%,6.2
510946,501392,500085,3004501,,2020-08-30,32856,119,,8840,70,99,mg/dL,119.0
510947,501392,500085,3004249,,2020-08-30,32856,150,,8876,90,130,mmHg,150.0
510948,501392,500085,3012888,,2020-08-30,32856,85,,8876,60,85,mmHg,85.0
510949,501392,500085,3025315,,2020-08-30,32856,71.4,,9529,45,90,kg,71.4
510950,501392,500085,3038553,,2020-08-30,32856,27.8,,9531,18.5,25,kg/m2,27.8
510951,501393,500085,3004410,,2020-12-02,32856,6,,8554,4,5.6,%,6.0
510952,501393,500085,3004501,,2020-12-02,32856,96,,8840,70,99,mg/dL,96.0
510953,501393,500085,3004249,,2020-12-02,32856,141,,8876,90,130,mmHg,141.0
510954,501393,500085,3012888,,2020-12-02,32856,84,,8876,60,85,mmHg,84.0
510955,501393,500085,3025315,,2020-12-02,32856,70.4,,9529,45,90,kg,70.4
510956,501393,500085,3038553,,2020-12-02,32856,27.4,,9531,18.5,25,kg/m2,27.4
510957,501394,500085,3004410,,2021-03-07,32856,5.7,,8554,4,5.6,%,5.7
510958,501394,500085,3004501,,2021-03-07,32856,95,,8840,70,99,mg/dL,95.0
510959,501394,500085,3004249,,2021-03-07,32856,145,,8876,90,130,mmHg,145.0
510960,501394,500085,3012888,,2021-03-07,32856,83,,8876,60,85,mmHg,83.0
510961,501394,500085,3025315,,2021-03-07,32856,70,,9529,45,90,kg,70.0
510962,501394,500085,3038553,,2021-03-07,32856,27.3,,9531,18.5,25,kg/m2,27.3
510963,501395,500085,3004410,,2021-06-10,32856,5.3,,8554,4,5.6,%,5.3
510964,501395,500085,3004501,,2021-06-10,32856,80,,8840,70,99,mg/dL,80.0
510965,501395,500085,3004249,,2021-06-10,32856,140,,8876,90,130,mmHg,140.0
510966,501395,500085,3012888,,2021-06-10,32856,74,,8876,60,85,mmHg,74.0
510967,501395,500085,3025315,,2021-06-10,32856,71,,9529,45,90,kg,71.0
510968,501395,500085,3038553,,2021-06-10,32856,27.7,,9531,18.5,25,kg/m2,27.7
510969,501395,500085,3022192,,2021-06-10,32856,202.5,,8840,0,150,mg/dL,202.5
510970,501395,500085,3007070,,2021-06-10,32856,62.7,,8840,40,60,mg/dL,62.7
510971,501395,500085,3028437,,2021-06-10,32856,171.1,,8840,0,130,mg/dL,171.1
510972,501395,500085,3013721,,2021-06-10,32856,67.3,,8645,0,40,U/L,67.3
510973,501395,500085,3006923,,2021-06-10,32856,21.4,,8645,0,40,U/L,21.4
510974,501395,500085,3016723,,2021-06-10,32856,0.62,,8840,0.6,1.2,mg/dL,0.62
510975,501395,500085,3049187,,2021-06-10,32856,96,,9550,90,130,mL/min/1.73m2,96.0
510976,501396,500085,3004410,,2021-09-10,32856,5.9,,8554,4,5.6,%,5.9
510977,501396,500085,3004501,,2021-09-10,32856,113,,8840,70,99,mg/dL,113.0
510978,501396,500085,3004249,,2021-09-10,32856,138,,8876,90,130,mmHg,138.0
510979,501396,500085,3012888,,2021-09-10,32856,79,,8876,60,85,mmHg,79.0
510980,501396,500085,3025315,,2021-09-10,32856,70.8,,9529,45,90,kg,70.8
510981,501396,500085,3038553,,2021-09-10,32856,27.6,,9531,18.5,25,kg/m2,27.6
510982,501397,500085,3004410,,2021-12-12,32856,5.6,,8554,4,5.6,%,5.6
510983,501397,500085,3004501,,2021-12-12,32856,82,,8840,70,99,mg/dL,82.0
510984,501397,500085,3004249,,2021-12-12,32856,140,,8876,90,130,mmHg,140.0
510985,501397,500085,3012888,,2021-12-12,32856,73,,8876,60,85,mmHg,73.0
510986,501397,500085,3025315,,2021-12-12,32856,71.8,,9529,45,90,kg,71.8
510987,501397,500085,3038553,,2021-12-12,32856,28,,9531,18.5,25,kg/m2,28.0
510988,501398,500085,3004410,,2022-03-16,32856,5.6,,8554,4,5.6,%,5.6
510989,501398,500085,3004501,,2022-03-16,32856,110,,8840,70,99,mg/dL,110.0
510990,501398,500085,3004249,,2022-03-16,32856,152,,8876,90,130,mmHg,152.0
510991,501398,500085,3012888,,2022-03-16,32856,73,,8876,60,85,mmHg,73.0
510992,501398,500085,3025315,,2022-03-16,32856,71.7,,9529,45,90,kg,71.7
510993,501398,500085,3038553,,2022-03-16,32856,27.9,,9531,18.5,25,kg/m2,27.9
510994,501399,500085,3004410,,2022-06-18,32856,6.1,,8554,4,5.6,%,6.1
510995,501399,500085,3004501,,2022-06-18,32856,93,,8840,70,99,mg/dL,93.0
510996,501399,500085,3004249,,2022-06-18,32856,113,,8876,90,130,mmHg,113.0
510997,501399,500085,3012888,,2022-06-18,32856,89,,8876,60,85,mmHg,89.0
510998,501399,500085,3025315,,2022-06-18,32856,72.8,,9529,45,90,kg,72.8
510999,501399,500085,3038553,,2022-06-18,32856,28.4,,9531,18.5,25,kg/m2,28.4
511000,501399,500085,3022192,,2022-06-18,32856,185.4,,8840,0,150,mg/dL,185.4
511001,501399,500085,3007070,,2022-06-18,32856,29.6,,8840,40,60,mg/dL,29.6
511002,501399,500085,3028437,,2022-06-18,32856,160.3,,8840,0,130,mg/dL,160.3
511003,501399,500085,3013721,,2022-06-18,32856,43.4,,8645,0,40,U/L,43.4
511004,501399,500085,3006923,,2022-06-18,32856,78.1,,8645,0,40,U/L,78.1
511005,501399,500085,3016723,,2022-06-18,32856,0.78,,8840,0.6,1.2,mg/dL,0.78
511006,501399,500085,3049187,,2022-06-18,32856,81,,9550,90,130,mL/min/1.73m2,81.0
511007,501400,500086,3036277,,2018-09-08,32856,150.1,,8582,150,185,cm,150.1
511008,501400,500086,3004410,,2018-09-08,32856,6.5,,8554,4,5.6,%,6.5
511009,501400,500086,3004501,,2018-09-08,32856,126,,8840,70,99,mg/dL,126
511010,501400,500086,3004249,,2018-09-08,32856,142,,8876,90,130,mmHg,142.0
511011,501400,500086,3012888,,2018-09-08,32856,79,,8876,60,85,mmHg,79.0
511012,501400,500086,3025315,,2018-09-08,32856,60.4,,9529,45,90,kg,60.4
511013,501400,500086,3038553,,2018-09-08,32856,26.8,,9531,18.5,25,kg/m2,26.8
511014,501400,500086,3022192,,2018-09-08,32856,255.3,,8840,0,150,mg/dL,255.3
511015,501400,500086,3007070,,2018-09-08,32856,28.3,,8840,40,60,mg/dL,28.3
511016,501400,500086,3028437,,2018-09-08,32856,95.2,,8840,0,130,mg/dL,95.2
511017,501400,500086,3013721,,2018-09-08,32856,24.4,,8645,0,40,U/L,24.4
511018,501400,500086,3006923,,2018-09-08,32856,60.7,,8645,0,40,U/L,60.7
511019,501400,500086,3016723,,2018-09-08,32856,1.37,,8840,0.6,1.2,mg/dL,1.37
511020,501400,500086,3049187,,2018-09-08,32856,43,,9550,90,130,mL/min/1.73m2,43.0
511021,501401,500086,3004410,,2018-12-04,32856,5.4,,8554,4,5.6,%,5.4
511022,501401,500086,3004501,,2018-12-04,32856,78,,8840,70,99,mg/dL,78.0
511023,501401,500086,3004249,,2018-12-04,32856,136,,8876,90,130,mmHg,136.0
511024,501401,500086,3012888,,2018-12-04,32856,83,,8876,60,85,mmHg,83.0
511025,501401,500086,3025315,,2018-12-04,32856,60.4,,9529,45,90,kg,60.4
511026,501401,500086,3038553,,2018-12-04,32856,26.8,,9531,18.5,25,kg/m2,26.8
511027,501402,500086,3004410,,2019-03-08,32856,5.4,,8554,4,5.6,%,5.4
511028,501402,500086,3004501,,2019-03-08,32856,108,,8840,70,99,mg/dL,108.0
511029,501402,500086,3004249,,2019-03-08,32856,143,,8876,90,130,mmHg,143.0
511030,501402,500086,3012888,,2019-03-08,32856,84,,8876,60,85,mmHg,84.0
511031,501402,500086,3025315,,2019-03-08,32856,59.8,,9529,45,90,kg,59.8
511032,501402,500086,3038553,,2019-03-08,32856,26.5,,9531,18.5,25,kg/m2,26.5
511033,501403,500086,3004410,,2019-06-11,32856,5.6,,8554,4,5.6,%,5.6
511034,501403,500086,3004501,,2019-06-11,32856,96,,8840,70,99,mg/dL,96.0
511035,501403,500086,3004249,,2019-06-11,32856,133,,8876,90,130,mmHg,133.0
511036,501403,500086,3012888,,2019-06-11,32856,95,,8876,60,85,mmHg,95.0
511037,501403,500086,3025315,,2019-06-11,32856,60,,9529,45,90,kg,60.0
511038,501403,500086,3038553,,2019-06-11,32856,26.6,,9531,18.5,25,kg/m2,26.6
511039,501404,500086,3004410,,2019-09-06,32856,5.7,,8554,4,5.6,%,5.7
511040,501404,500086,3004501,,2019-09-06,32856,120,,8840,70,99,mg/dL,120.0
511041,501404,500086,3004249,,2019-09-06,32856,145,,8876,90,130,mmHg,145.0
511042,501404,500086,3012888,,2019-09-06,32856,77,,8876,60,85,mmHg,77.0
511043,501404,500086,3025315,,2019-09-06,32856,60.4,,9529,45,90,kg,60.4
511044,501404,500086,3038553,,2019-09-06,32856,26.8,,9531,18.5,25,kg/m2,26.8
511045,501404,500086,3022192,,2019-09-06,32856,71.9,,8840,0,150,mg/dL,71.9
511046,501404,500086,3007070,,2019-09-06,32856,51.5,,8840,40,60,mg/dL,51.5
511047,501404,500086,3028437,,2019-09-06,32856,92.7,,8840,0,130,mg/dL,92.7
511048,501404,500086,3013721,,2019-09-06,32856,65.2,,8645,0,40,U/L,65.2
511049,501404,500086,3006923,,2019-09-06,32856,60.5,,8645,0,40,U/L,60.5
511050,501404,500086,3016723,,2019-09-06,32856,0.71,,8840,0.6,1.2,mg/dL,0.71
511051,501404,500086,3049187,,2019-09-06,32856,95,,9550,90,130,mL/min/1.73m2,95.0
511052,501405,500086,3004410,,2019-12-05,32856,5.5,,8554,4,5.6,%,5.5
511053,501405,500086,3004501,,2019-12-05,32856,93,,8840,70,99,mg/dL,93.0
511054,501405,500086,3004249,,2019-12-05,32856,140,,8876,90,130,mmHg,140.0
511055,501405,500086,3012888,,2019-12-05,32856,75,,8876,60,85,mmHg,75.0
511056,501405,500086,3025315,,2019-12-05,32856,60.2,,9529,45,90,kg,60.2
511057,501405,500086,3038553,,2019-12-05,32856,26.7,,9531,18.5,25,kg/m2,26.7
511058,501406,500086,3004410,,2020-03-07,32856,5.4,,8554,4,5.6,%,5.4
511059,501406,500086,3004501,,2020-03-07,32856,91,,8840,70,99,mg/dL,91.0
511060,501406,500086,3004249,,2020-03-07,32856,139,,8876,90,130,mmHg,139.0
511061,501406,500086,3012888,,2020-03-07,32856,86,,8876,60,85,mmHg,86.0
511062,501406,500086,3025315,,2020-03-07,32856,58.9,,9529,45,90,kg,58.9
511063,501406,500086,3038553,,2020-03-07,32856,26.1,,9531,18.5,25,kg/m2,26.1
511064,501407,500086,3004410,,2020-06-07,32856,5.4,,8554,4,5.6,%,5.4
511065,501407,500086,3004501,,2020-06-07,32856,96,,8840,70,99,mg/dL,96.0
511066,501407,500086,3004249,,2020-06-07,32856,132,,8876,90,130,mmHg,132.0
511067,501407,500086,3012888,,2020-06-07,32856,94,,8876,60,85,mmHg,94.0
511068,501407,500086,3025315,,2020-06-07,32856,60,,9529,45,90,kg,60.0
511069,501407,500086,3038553,,2020-06-07,32856,26.6,,9531,18.5,25,kg/m2,26.6
511070,501408,500086,3004410,,2020-09-04,32856,6.6,,8554,4,5.6,%,6.6
511071,501408,500086,3004501,,2020-09-04,32856,121,,8840,70,99,mg/dL,121.0
511072,501408,500086,3004249,,2020-09-04,32856,137,,8876,90,130,mmHg,137.0
511073,501408,500086,3012888,,2020-09-04,32856,93,,8876,60,85,mmHg,93.0
511074,501408,500086,3025315,,2020-09-04,32856,61.7,,9529,45,90,kg,61.7
511075,501408,500086,3038553,,2020-09-04,32856,27.4,,9531,18.5,25,kg/m2,27.4
511076,501408,500086,3022192,,2020-09-04,32856,216.8,,8840,0,150,mg/dL,216.8
511077,501408,500086,3007070,,2020-09-04,32856,48.1,,8840,40,60,mg/dL,48.1
511078,501408,500086,3028437,,2020-09-04,32856,91.1,,8840,0,130,mg/dL,91.1
511079,501408,500086,3013721,,2020-09-04,32856,58,,8645,0,40,U/L,58.0
511080,501408,500086,3006923,,2020-09-04,32856,20.3,,8645,0,40,U/L,20.3
511081,501408,500086,3016723,,2020-09-04,32856,0.94,,8840,0.6,1.2,mg/dL,0.94
511082,501408,500086,3049187,,2020-09-04,32856,67,,9550,90,130,mL/min/1.73m2,67.0
511083,501409,500086,3004410,,2020-11-30,32856,6.3,,8554,4,5.6,%,6.3
511084,501409,500086,3004501,,2020-11-30,32856,141,,8840,70,99,mg/dL,141.0
511085,501409,500086,3004249,,2020-11-30,32856,165,,8876,90,130,mmHg,165.0
511086,501409,500086,3012888,,2020-11-30,32856,85,,8876,60,85,mmHg,85.0
511087,501409,500086,3025315,,2020-11-30,32856,63.1,,9529,45,90,kg,63.1
511088,501409,500086,3038553,,2020-11-30,32856,28,,9531,18.5,25,kg/m2,28.0
511089,501410,500086,3004410,,2021-03-06,32856,7.1,,8554,4,5.6,%,7.1
511090,501410,500086,3004501,,2021-03-06,32856,144,,8840,70,99,mg/dL,144.0
511091,501410,500086,3004249,,2021-03-06,32856,137,,8876,90,130,mmHg,137.0
511092,501410,500086,3012888,,2021-03-06,32856,80,,8876,60,85,mmHg,80.0
511093,501410,500086,3025315,,2021-03-06,32856,63.3,,9529,45,90,kg,63.3
511094,501410,500086,3038553,,2021-03-06,32856,28.1,,9531,18.5,25,kg/m2,28.1
511095,501411,500086,3004410,,2021-06-02,32856,7.1,,8554,4,5.6,%,7.1
511096,501411,500086,3004501,,2021-06-02,32856,141,,8840,70,99,mg/dL,141.0
511097,501411,500086,3004249,,2021-06-02,32856,160,,8876,90,130,mmHg,160.0
511098,501411,500086,3012888,,2021-06-02,32856,78,,8876,60,85,mmHg,78.0
511099,501411,500086,3025315,,2021-06-02,32856,63.4,,9529,45,90,kg,63.4
511100,501411,500086,3038553,,2021-06-02,32856,28.1,,9531,18.5,25,kg/m2,28.1
511101,501412,500086,3004410,,2021-08-29,32856,7,,8554,4,5.6,%,7.0
511102,501412,500086,3004501,,2021-08-29,32856,143,,8840,70,99,mg/dL,143.0
511103,501412,500086,3004249,,2021-08-29,32856,139,,8876,90,130,mmHg,139.0
511104,501412,500086,3012888,,2021-08-29,32856,82,,8876,60,85,mmHg,82.0
511105,501412,500086,3025315,,2021-08-29,32856,62.5,,9529,45,90,kg,62.5
511106,501412,500086,3038553,,2021-08-29,32856,27.7,,9531,18.5,25,kg/m2,27.7
511107,501412,500086,3022192,,2021-08-29,32856,263.9,,8840,0,150,mg/dL,263.9
511108,501412,500086,3007070,,2021-08-29,32856,58.6,,8840,40,60,mg/dL,58.6
511109,501412,500086,3028437,,2021-08-29,32856,102.8,,8840,0,130,mg/dL,102.8
511110,501412,500086,3013721,,2021-08-29,32856,27,,8645,0,40,U/L,27.0
511111,501412,500086,3006923,,2021-08-29,32856,20.8,,8645,0,40,U/L,20.8
511112,501412,500086,3016723,,2021-08-29,32856,1.71,,8840,0.6,1.2,mg/dL,1.71
511113,501412,500086,3049187,,2021-08-29,32856,33,,9550,90,130,mL/min/1.73m2,33.0
511114,501413,500086,3004410,,2021-11-24,32856,6.9,,8554,4,5.6,%,6.9
511115,501413,500086,3004501,,2021-11-24,32856,141,,8840,70,99,mg/dL,141.0
511116,501413,500086,3004249,,2021-11-24,32856,138,,8876,90,130,mmHg,138.0
511117,501413,500086,3012888,,2021-11-24,32856,70,,8876,60,85,mmHg,70.0
511118,501413,500086,3025315,,2021-11-24,32856,62.8,,9529,45,90,kg,62.8
511119,501413,500086,3038553,,2021-11-24,32856,27.9,,9531,18.5,25,kg/m2,27.9
511120,501414,500087,3036277,,2023-11-20,32856,163,,8582,150,185,cm,163.0
511121,501414,500087,3004410,,2023-11-20,32856,7.4,,8554,4,5.6,%,7.4
511122,501414,500087,3004501,,2023-11-20,32856,130,,8840,70,99,mg/dL,130.0
511123,501414,500087,3004249,,2023-11-20,32856,127,,8876,90,130,mmHg,127.0
511124,501414,500087,3012888,,2023-11-20,32856,101,,8876,60,85,mmHg,101.0
511125,501414,500087,3025315,,2023-11-20,32856,79.7,,9529,45,90,kg,79.7
511126,501414,500087,3038553,,2023-11-20,32856,30,,9531,18.5,25,kg/m2,30.0
511127,501414,500087,3022192,,2023-11-20,32856,148.1,,8840,0,150,mg/dL,148.1
511128,501414,500087,3007070,,2023-11-20,32856,48.8,,8840,40,60,mg/dL,48.8
511129,501414,500087,3028437,,2023-11-20,32856,108.8,,8840,0,130,mg/dL,108.8
511130,501414,500087,3013721,,2023-11-20,32856,37,,8645,0,40,U/L,37.0
511131,501414,500087,3006923,,2023-11-20,32856,13.1,,8645,0,40,U/L,13.1
511132,501414,500087,3016723,,2023-11-20,32856,1.55,,8840,0.6,1.2,mg/dL,1.55
511133,501414,500087,3049187,,2023-11-20,32856,40,,9550,90,130,mL/min/1.73m2,40.0
511134,501415,500087,3004410,,2024-02-26,32856,6.6,,8554,4,5.6,%,6.6
511135,501415,500087,3004501,,2024-02-26,32856,129,,8840,70,99,mg/dL,129.0
511136,501415,500087,3004249,,2024-02-26,32856,140,,8876,90,130,mmHg,140.0
511137,501415,500087,3012888,,2024-02-26,32856,94,,8876,60,85,mmHg,94.0
511138,501415,500087,3025315,,2024-02-26,32856,81,,9529,45,90,kg,81.0
511139,501415,500087,3038553,,2024-02-26,32856,30.5,,9531,18.5,25,kg/m2,30.5
511140,501416,500087,3004410,,2024-05-28,32856,7.2,,8554,4,5.6,%,7.2
511141,501416,500087,3004501,,2024-05-28,32856,148,,8840,70,99,mg/dL,148.0
511142,501416,500087,3004249,,2024-05-28,32856,133,,8876,90,130,mmHg,133.0
511143,501416,500087,3012888,,2024-05-28,32856,89,,8876,60,85,mmHg,89.0
511144,501416,500087,3025315,,2024-05-28,32856,80.4,,9529,45,90,kg,80.4
511145,501416,500087,3038553,,2024-05-28,32856,30.3,,9531,18.5,25,kg/m2,30.3
511146,501417,500087,3004410,,2024-08-30,32856,6.8,,8554,4,5.6,%,6.8
511147,501417,500087,3004501,,2024-08-30,32856,119,,8840,70,99,mg/dL,119.0
511148,501417,500087,3004249,,2024-08-30,32856,153,,8876,90,130,mmHg,153.0
511149,501417,500087,3012888,,2024-08-30,32856,71,,8876,60,85,mmHg,71.0
511150,501417,500087,3025315,,2024-08-30,32856,80.7,,9529,45,90,kg,80.7
511151,501417,500087,3038553,,2024-08-30,32856,30.4,,9531,18.5,25,kg/m2,30.4
511152,501418,500087,3004410,,2024-11-29,32856,6.3,,8554,4,5.6,%,6.3
511153,501418,500087,3004501,,2024-11-29,32856,112,,8840,70,99,mg/dL,112.0
511154,501418,500087,3004249,,2024-11-29,32856,132,,8876,90,130,mmHg,132.0
511155,501418,500087,3012888,,2024-11-29,32856,94,,8876,60,85,mmHg,94.0
511156,501418,500087,3025315,,2024-11-29,32856,80.9,,9529,45,90,kg,80.9
511157,501418,500087,3038553,,2024-11-29,32856,30.4,,9531,18.5,25,kg/m2,30.4
511158,501418,500087,3022192,,2024-11-29,32856,219.2,,8840,0,150,mg/dL,219.2
511159,501418,500087,3007070,,2024-11-29,32856,33.8,,8840,40,60,mg/dL,33.8
511160,501418,500087,3028437,,2024-11-29,32856,99.2,,8840,0,130,mg/dL,99.2
511161,501418,500087,3013721,,2024-11-29,32856,87.6,,8645,0,40,U/L,87.6
511162,501418,500087,3006923,,2024-11-29,32856,84,,8645,0,40,U/L,84.0
511163,501418,500087,3016723,,2024-11-29,32856,0.66,,8840,0.6,1.2,mg/dL,0.66
511164,501418,500087,3049187,,2024-11-29,32856,104,,9550,90,130,mL/min/1.73m2,104.0
511165,501419,500087,3004410,,2025-03-07,32856,6.7,,8554,4,5.6,%,6.7
511166,501419,500087,3004501,,2025-03-07,32856,126,,8840,70,99,mg/dL,126.0
511167,501419,500087,3004249,,2025-03-07,32856,130,,8876,90,130,mmHg,130.0
511168,501419,500087,3012888,,2025-03-07,32856,76,,8876,60,85,mmHg,76.0
511169,501419,500087,3025315,,2025-03-07,32856,81.8,,9529,45,90,kg,81.8
511170,501419,500087,3038553,,2025-03-07,32856,30.8,,9531,18.5,25,kg/m2,30.8
511171,501420,500087,3004410,,2025-06-07,32856,6.6,,8554,4,5.6,%,6.6
511172,501420,500087,3004501,,2025-06-07,32856,113,,8840,70,99,mg/dL,113.0
511173,501420,500087,3004249,,2025-06-07,32856,140,,8876,90,130,mmHg,140.0
511174,501420,500087,3012888,,2025-06-07,32856,93,,8876,60,85,mmHg,93.0
511175,501420,500087,3025315,,2025-06-07,32856,84,,9529,45,90,kg,84.0
511176,501420,500087,3038553,,2025-06-07,32856,31.6,,9531,18.5,25,kg/m2,31.6
511177,501421,500087,3004410,,2025-09-12,32856,7.1,,8554,4,5.6,%,7.1
511178,501421,500087,3004501,,2025-09-12,32856,124,,8840,70,99,mg/dL,124.0
511179,501421,500087,3004249,,2025-09-12,32856,140,,8876,90,130,mmHg,140.0
511180,501421,500087,3012888,,2025-09-12,32856,90,,8876,60,85,mmHg,90.0
511181,501421,500087,3025315,,2025-09-12,32856,84.5,,9529,45,90,kg,84.5
511182,501421,500087,3038553,,2025-09-12,32856,31.8,,9531,18.5,25,kg/m2,31.8
511183,501422,500087,3004410,,2025-12-17,32856,7.8,,8554,4,5.6,%,7.8
511184,501422,500087,3004501,,2025-12-17,32856,165,,8840,70,99,mg/dL,165.0
511185,501422,500087,3004249,,2025-12-17,32856,155,,8876,90,130,mmHg,155.0
511186,501422,500087,3012888,,2025-12-17,32856,83,,8876,60,85,mmHg,83.0
511187,501422,500087,3025315,,2025-12-17,32856,84.2,,9529,45,90,kg,84.2
511188,501422,500087,3038553,,2025-12-17,32856,31.7,,9531,18.5,25,kg/m2,31.7
511189,501422,500087,3022192,,2025-12-17,32856,243.5,,8840,0,150,mg/dL,243.5
511190,501422,500087,3007070,,2025-12-17,32856,49,,8840,40,60,mg/dL,49.0
511191,501422,500087,3028437,,2025-12-17,32856,109.7,,8840,0,130,mg/dL,109.7
511192,501422,500087,3013721,,2025-12-17,32856,44.7,,8645,0,40,U/L,44.7
511193,501422,500087,3006923,,2025-12-17,32856,13.3,,8645,0,40,U/L,13.3
511194,501422,500087,3016723,,2025-12-17,32856,1.12,,8840,0.6,1.2,mg/dL,1.12
511195,501422,500087,3049187,,2025-12-17,32856,58,,9550,90,130,mL/min/1.73m2,58.0
511196,501423,500087,3004410,,2026-03-25,32856,7.4,,8554,4,5.6,%,7.4
511197,501423,500087,3004501,,2026-03-25,32856,152,,8840,70,99,mg/dL,152.0
511198,501423,500087,3004249,,2026-03-25,32856,149,,8876,90,130,mmHg,149.0
511199,501423,500087,3012888,,2026-03-25,32856,75,,8876,60,85,mmHg,75.0
511200,501423,500087,3025315,,2026-03-25,32856,83.4,,9529,45,90,kg,83.4
511201,501423,500087,3038553,,2026-03-25,32856,31.4,,9531,18.5,25,kg/m2,31.4
511202,501424,500087,3004410,,2026-06-30,32856,7.3,,8554,4,5.6,%,7.3
511203,501424,500087,3004501,,2026-06-30,32856,144,,8840,70,99,mg/dL,144.0
511204,501424,500087,3004249,,2026-06-30,32856,136,,8876,90,130,mmHg,136.0
511205,501424,500087,3012888,,2026-06-30,32856,85,,8876,60,85,mmHg,85.0
511206,501424,500087,3025315,,2026-06-30,32856,85.3,,9529,45,90,kg,85.3
511207,501424,500087,3038553,,2026-06-30,32856,32.1,,9531,18.5,25,kg/m2,32.1
511208,501425,500088,3036277,,2020-07-20,32856,171.7,,8582,150,185,cm,171.7
511209,501425,500088,3004410,,2020-07-20,32856,8.1,,8554,4,5.6,%,8.1
511210,501425,500088,3004501,,2020-07-20,32856,171,,8840,70,99,mg/dL,171.0
511211,501425,500088,3004249,,2020-07-20,32856,144,,8876,90,130,mmHg,144.0
511212,501425,500088,3012888,,2020-07-20,32856,75,,8876,60,85,mmHg,75.0
511213,501425,500088,3025315,,2020-07-20,32856,90.5,,9529,45,90,kg,90.5
511214,501425,500088,3038553,,2020-07-20,32856,30.7,,9531,18.5,25,kg/m2,30.7
511215,501425,500088,3022192,,2020-07-20,32856,352.1,,8840,0,150,mg/dL,352.1
511216,501425,500088,3007070,,2020-07-20,32856,48.9,,8840,40,60,mg/dL,48.9
511217,501425,500088,3028437,,2020-07-20,32856,154.5,,8840,0,130,mg/dL,154.5
511218,501425,500088,3013721,,2020-07-20,32856,51.4,,8645,0,40,U/L,51.4
511219,501425,500088,3006923,,2020-07-20,32856,25,,8645,0,40,U/L,25.0
511220,501425,500088,3016723,,2020-07-20,32856,1.34,,8840,0.6,1.2,mg/dL,1.34
511221,501425,500088,3049187,,2020-07-20,32856,56,,9550,90,130,mL/min/1.73m2,56.0
511222,501426,500088,3004410,,2020-10-12,32856,7.2,,8554,4,5.6,%,7.2
511223,501426,500088,3004501,,2020-10-12,32856,113,,8840,70,99,mg/dL,113.0
511224,501426,500088,3004249,,2020-10-12,32856,135,,8876,90,130,mmHg,135.0
511225,501426,500088,3012888,,2020-10-12,32856,72,,8876,60,85,mmHg,72.0
511226,501426,500088,3025315,,2020-10-12,32856,90.8,,9529,45,90,kg,90.8
511227,501426,500088,3038553,,2020-10-12,32856,30.8,,9531,18.5,25,kg/m2,30.8
511228,501427,500088,3004410,,2021-01-10,32856,7.6,,8554,4,5.6,%,7.6
511229,501427,500088,3004501,,2021-01-10,32856,132,,8840,70,99,mg/dL,132.0
511230,501427,500088,3004249,,2021-01-10,32856,117,,8876,90,130,mmHg,117.0
511231,501427,500088,3012888,,2021-01-10,32856,93,,8876,60,85,mmHg,93.0
511232,501427,500088,3025315,,2021-01-10,32856,89.7,,9529,45,90,kg,89.7
511233,501427,500088,3038553,,2021-01-10,32856,30.4,,9531,18.5,25,kg/m2,30.4
511234,501428,500088,3004410,,2021-04-04,32856,7.5,,8554,4,5.6,%,7.5
511235,501428,500088,3004501,,2021-04-04,32856,136,,8840,70,99,mg/dL,136.0
511236,501428,500088,3004249,,2021-04-04,32856,105,,8876,90,130,mmHg,105.0
511237,501428,500088,3012888,,2021-04-04,32856,72,,8876,60,85,mmHg,72.0
511238,501428,500088,3025315,,2021-04-04,32856,91.6,,9529,45,90,kg,91.6
511239,501428,500088,3038553,,2021-04-04,32856,31.1,,9531,18.5,25,kg/m2,31.1
511240,501429,500088,3004410,,2021-06-29,32856,7.2,,8554,4,5.6,%,7.2
511241,501429,500088,3004501,,2021-06-29,32856,94,,8840,70,99,mg/dL,94.0
511242,501429,500088,3004249,,2021-06-29,32856,121,,8876,90,130,mmHg,121.0
511243,501429,500088,3012888,,2021-06-29,32856,91,,8876,60,85,mmHg,91.0
511244,501429,500088,3025315,,2021-06-29,32856,92.5,,9529,45,90,kg,92.5
511245,501429,500088,3038553,,2021-06-29,32856,31.4,,9531,18.5,25,kg/m2,31.4
511246,501429,500088,3022192,,2021-06-29,32856,237.8,,8840,0,150,mg/dL,237.8
511247,501429,500088,3007070,,2021-06-29,32856,58.3,,8840,40,60,mg/dL,58.3
511248,501429,500088,3028437,,2021-06-29,32856,108.9,,8840,0,130,mg/dL,108.9
511249,501429,500088,3013721,,2021-06-29,32856,32.9,,8645,0,40,U/L,32.9
511250,501429,500088,3006923,,2021-06-29,32856,13.6,,8645,0,40,U/L,13.6
511251,501429,500088,3016723,,2021-06-29,32856,0.97,,8840,0.6,1.2,mg/dL,0.97
511252,501429,500088,3049187,,2021-06-29,32856,82,,9550,90,130,mL/min/1.73m2,82.0
511253,501430,500088,3004410,,2021-09-24,32856,7.4,,8554,4,5.6,%,7.4
511254,501430,500088,3004501,,2021-09-24,32856,141,,8840,70,99,mg/dL,141.0
511255,501430,500088,3004249,,2021-09-24,32856,121,,8876,90,130,mmHg,121.0
511256,501430,500088,3012888,,2021-09-24,32856,84,,8876,60,85,mmHg,84.0
511257,501430,500088,3025315,,2021-09-24,32856,93.5,,9529,45,90,kg,93.5
511258,501430,500088,3038553,,2021-09-24,32856,31.7,,9531,18.5,25,kg/m2,31.7
511259,501431,500088,3004410,,2021-12-26,32856,7.4,,8554,4,5.6,%,7.4
511260,501431,500088,3004501,,2021-12-26,32856,126,,8840,70,99,mg/dL,126.0
511261,501431,500088,3004249,,2021-12-26,32856,131,,8876,90,130,mmHg,131.0
511262,501431,500088,3012888,,2021-12-26,32856,76,,8876,60,85,mmHg,76.0
511263,501431,500088,3025315,,2021-12-26,32856,94.4,,9529,45,90,kg,94.4
511264,501431,500088,3038553,,2021-12-26,32856,32,,9531,18.5,25,kg/m2,32.0
511265,501432,500088,3004410,,2022-03-26,32856,7.4,,8554,4,5.6,%,7.4
511266,501432,500088,3004501,,2022-03-26,32856,133,,8840,70,99,mg/dL,133.0
511267,501432,500088,3004249,,2022-03-26,32856,115,,8876,90,130,mmHg,115.0
511268,501432,500088,3012888,,2022-03-26,32856,72,,8876,60,85,mmHg,72.0
511269,501432,500088,3025315,,2022-03-26,32856,94.7,,9529,45,90,kg,94.7
511270,501432,500088,3038553,,2022-03-26,32856,32.1,,9531,18.5,25,kg/m2,32.1
511271,501433,500088,3004410,,2022-06-28,32856,7,,8554,4,5.6,%,7.0
511272,501433,500088,3004501,,2022-06-28,32856,128,,8840,70,99,mg/dL,128.0
511273,501433,500088,3004249,,2022-06-28,32856,154,,8876,90,130,mmHg,154.0
511274,501433,500088,3012888,,2022-06-28,32856,67,,8876,60,85,mmHg,67.0
511275,501433,500088,3025315,,2022-06-28,32856,94.1,,9529,45,90,kg,94.1
511276,501433,500088,3038553,,2022-06-28,32856,31.9,,9531,18.5,25,kg/m2,31.9
511277,501433,500088,3022192,,2022-06-28,32856,87.5,,8840,0,150,mg/dL,87.5
511278,501433,500088,3007070,,2022-06-28,32856,52.9,,8840,40,60,mg/dL,52.9
511279,501433,500088,3028437,,2022-06-28,32856,100.6,,8840,0,130,mg/dL,100.6
511280,501433,500088,3013721,,2022-06-28,32856,47.4,,8645,0,40,U/L,47.4
511281,501433,500088,3006923,,2022-06-28,32856,20.1,,8645,0,40,U/L,20.1
511282,501433,500088,3016723,,2022-06-28,32856,1.09,,8840,0.6,1.2,mg/dL,1.09
511283,501433,500088,3049187,,2022-06-28,32856,71,,9550,90,130,mL/min/1.73m2,71.0
511284,501434,500088,3004410,,2022-10-02,32856,7.6,,8554,4,5.6,%,7.6
511285,501434,500088,3004501,,2022-10-02,32856,138,,8840,70,99,mg/dL,138.0
511286,501434,500088,3004249,,2022-10-02,32856,127,,8876,90,130,mmHg,127.0
511287,501434,500088,3012888,,2022-10-02,32856,80,,8876,60,85,mmHg,80.0
511288,501434,500088,3025315,,2022-10-02,32856,93,,9529,45,90,kg,93.0
511289,501434,500088,3038553,,2022-10-02,32856,31.5,,9531,18.5,25,kg/m2,31.5
511290,501435,500088,3004410,,2022-12-27,32856,7.6,,8554,4,5.6,%,7.6
511291,501435,500088,3004501,,2022-12-27,32856,149,,8840,70,99,mg/dL,149.0
511292,501435,500088,3004249,,2022-12-27,32856,116,,8876,90,130,mmHg,116.0
511293,501435,500088,3012888,,2022-12-27,32856,82,,8876,60,85,mmHg,82.0
511294,501435,500088,3025315,,2022-12-27,32856,92.6,,9529,45,90,kg,92.6
511295,501435,500088,3038553,,2022-12-27,32856,31.4,,9531,18.5,25,kg/m2,31.4
511296,501436,500088,3004410,,2023-03-22,32856,7.5,,8554,4,5.6,%,7.5
511297,501436,500088,3004501,,2023-03-22,32856,146,,8840,70,99,mg/dL,146.0
511298,501436,500088,3004249,,2023-03-22,32856,124,,8876,90,130,mmHg,124.0
511299,501436,500088,3012888,,2023-03-22,32856,82,,8876,60,85,mmHg,82.0
511300,501436,500088,3025315,,2023-03-22,32856,91.7,,9529,45,90,kg,91.7
511301,501436,500088,3038553,,2023-03-22,32856,31.1,,9531,18.5,25,kg/m2,31.1
511302,501437,500088,3004410,,2023-06-22,32856,7.5,,8554,4,5.6,%,7.5
511303,501437,500088,3004501,,2023-06-22,32856,133,,8840,70,99,mg/dL,133.0
511304,501437,500088,3004249,,2023-06-22,32856,118,,8876,90,130,mmHg,118.0
511305,501437,500088,3012888,,2023-06-22,32856,74,,8876,60,85,mmHg,74.0
511306,501437,500088,3025315,,2023-06-22,32856,92.2,,9529,45,90,kg,92.2
511307,501437,500088,3038553,,2023-06-22,32856,31.3,,9531,18.5,25,kg/m2,31.3
511308,501437,500088,3022192,,2023-06-22,32856,126.1,,8840,0,150,mg/dL,126.1
511309,501437,500088,3007070,,2023-06-22,32856,64.3,,8840,40,60,mg/dL,64.3
511310,501437,500088,3028437,,2023-06-22,32856,152,,8840,0,130,mg/dL,152.0
511311,501437,500088,3013721,,2023-06-22,32856,30.2,,8645,0,40,U/L,30.2
511312,501437,500088,3006923,,2023-06-22,32856,30.3,,8645,0,40,U/L,30.3
511313,501437,500088,3016723,,2023-06-22,32856,1.12,,8840,0.6,1.2,mg/dL,1.12
511314,501437,500088,3049187,,2023-06-22,32856,68,,9550,90,130,mL/min/1.73m2,68.0
511315,501438,500088,3004410,,2023-09-26,32856,7.6,,8554,4,5.6,%,7.6
511316,501438,500088,3004501,,2023-09-26,32856,146,,8840,70,99,mg/dL,146.0
511317,501438,500088,3004249,,2023-09-26,32856,132,,8876,90,130,mmHg,132.0
511318,501438,500088,3012888,,2023-09-26,32856,61,,8876,60,85,mmHg,61.0
511319,501438,500088,3025315,,2023-09-26,32856,92.4,,9529,45,90,kg,92.4
511320,501438,500088,3038553,,2023-09-26,32856,31.3,,9531,18.5,25,kg/m2,31.3
511321,501439,500088,3004410,,2023-12-19,32856,7.8,,8554,4,5.6,%,7.8
511322,501439,500088,3004501,,2023-12-19,32856,175,,8840,70,99,mg/dL,175.0
511323,501439,500088,3004249,,2023-12-19,32856,153,,8876,90,130,mmHg,153.0
511324,501439,500088,3012888,,2023-12-19,32856,86,,8876,60,85,mmHg,86.0
511325,501439,500088,3025315,,2023-12-19,32856,91.9,,9529,45,90,kg,91.9
511326,501439,500088,3038553,,2023-12-19,32856,31.2,,9531,18.5,25,kg/m2,31.2
511327,501440,500089,3036277,,2020-04-19,32856,148.4,,8582,150,185,cm,148.4
511328,501440,500089,3004410,,2020-04-19,32856,6.5,,8554,4,5.6,%,6.5
511329,501440,500089,3004501,,2020-04-19,32856,126,,8840,70,99,mg/dL,126
511330,501440,500089,3004249,,2020-04-19,32856,123,,8876,90,130,mmHg,123.0
511331,501440,500089,3012888,,2020-04-19,32856,79,,8876,60,85,mmHg,79.0
511332,501440,500089,3025315,,2020-04-19,32856,42.3,,9529,45,90,kg,42.3
511333,501440,500089,3038553,,2020-04-19,32856,19.2,,9531,18.5,25,kg/m2,19.2
511334,501440,500089,3022192,,2020-04-19,32856,272.8,,8840,0,150,mg/dL,272.8
511335,501440,500089,3007070,,2020-04-19,32856,61.3,,8840,40,60,mg/dL,61.3
511336,501440,500089,3028437,,2020-04-19,32856,125.9,,8840,0,130,mg/dL,125.9
511337,501440,500089,3013721,,2020-04-19,32856,25.9,,8645,0,40,U/L,25.9
511338,501440,500089,3006923,,2020-04-19,32856,6.6,,8645,0,40,U/L,6.6
511339,501440,500089,3016723,,2020-04-19,32856,0.73,,8840,0.6,1.2,mg/dL,0.73
511340,501440,500089,3049187,,2020-04-19,32856,102,,9550,90,130,mL/min/1.73m2,102.0
511341,501441,500089,3004410,,2020-07-25,32856,6.1,,8554,4,5.6,%,6.1
511342,501441,500089,3004501,,2020-07-25,32856,106,,8840,70,99,mg/dL,106.0
511343,501441,500089,3004249,,2020-07-25,32856,129,,8876,90,130,mmHg,129.0
511344,501441,500089,3012888,,2020-07-25,32856,89,,8876,60,85,mmHg,89.0
511345,501441,500089,3025315,,2020-07-25,32856,43.7,,9529,45,90,kg,43.7
511346,501441,500089,3038553,,2020-07-25,32856,19.8,,9531,18.5,25,kg/m2,19.8
511347,501442,500089,3004410,,2020-10-26,32856,5.3,,8554,4,5.6,%,5.3
511348,501442,500089,3004501,,2020-10-26,32856,70,,8840,70,99,mg/dL,70
511349,501442,500089,3004249,,2020-10-26,32856,116,,8876,90,130,mmHg,116.0
511350,501442,500089,3012888,,2020-10-26,32856,92,,8876,60,85,mmHg,92.0
511351,501442,500089,3025315,,2020-10-26,32856,45.2,,9529,45,90,kg,45.2
511352,501442,500089,3038553,,2020-10-26,32856,20.5,,9531,18.5,25,kg/m2,20.5
511353,501443,500089,3004410,,2021-01-23,32856,5.7,,8554,4,5.6,%,5.7
511354,501443,500089,3004501,,2021-01-23,32856,125,,8840,70,99,mg/dL,125.0
511355,501443,500089,3004249,,2021-01-23,32856,124,,8876,90,130,mmHg,124.0
511356,501443,500089,3012888,,2021-01-23,32856,86,,8876,60,85,mmHg,86.0
511357,501443,500089,3025315,,2021-01-23,32856,44.7,,9529,45,90,kg,44.7
511358,501443,500089,3038553,,2021-01-23,32856,20.3,,9531,18.5,25,kg/m2,20.3
511359,501444,500089,3004410,,2021-04-23,32856,5.5,,8554,4,5.6,%,5.5
511360,501444,500089,3004501,,2021-04-23,32856,102,,8840,70,99,mg/dL,102.0
511361,501444,500089,3004249,,2021-04-23,32856,132,,8876,90,130,mmHg,132.0
511362,501444,500089,3012888,,2021-04-23,32856,80,,8876,60,85,mmHg,80.0
511363,501444,500089,3025315,,2021-04-23,32856,44.1,,9529,45,90,kg,44.1
511364,501444,500089,3038553,,2021-04-23,32856,20,,9531,18.5,25,kg/m2,20.0
511365,501444,500089,3022192,,2021-04-23,32856,186.7,,8840,0,150,mg/dL,186.7
511366,501444,500089,3007070,,2021-04-23,32856,35.8,,8840,40,60,mg/dL,35.8
511367,501444,500089,3028437,,2021-04-23,32856,149.7,,8840,0,130,mg/dL,149.7
511368,501444,500089,3013721,,2021-04-23,32856,23.7,,8645,0,40,U/L,23.7
511369,501444,500089,3006923,,2021-04-23,32856,6,,8645,0,40,U/L,6.0
511370,501444,500089,3016723,,2021-04-23,32856,0.81,,8840,0.6,1.2,mg/dL,0.81
511371,501444,500089,3049187,,2021-04-23,32856,89,,9550,90,130,mL/min/1.73m2,89.0
511372,501445,500089,3004410,,2021-07-22,32856,5.3,,8554,4,5.6,%,5.3
511373,501445,500089,3004501,,2021-07-22,32856,89,,8840,70,99,mg/dL,89.0
511374,501445,500089,3004249,,2021-07-22,32856,126,,8876,90,130,mmHg,126.0
511375,501445,500089,3012888,,2021-07-22,32856,87,,8876,60,85,mmHg,87.0
511376,501445,500089,3025315,,2021-07-22,32856,45.2,,9529,45,90,kg,45.2
511377,501445,500089,3038553,,2021-07-22,32856,20.5,,9531,18.5,25,kg/m2,20.5
511378,501446,500089,3004410,,2021-10-16,32856,5,,8554,4,5.6,%,5.0
511379,501446,500089,3004501,,2021-10-16,32856,76,,8840,70,99,mg/dL,76.0
511380,501446,500089,3004249,,2021-10-16,32856,132,,8876,90,130,mmHg,132.0
511381,501446,500089,3012888,,2021-10-16,32856,84,,8876,60,85,mmHg,84.0
511382,501446,500089,3025315,,2021-10-16,32856,46.3,,9529,45,90,kg,46.3
511383,501446,500089,3038553,,2021-10-16,32856,21,,9531,18.5,25,kg/m2,21.0
511384,501447,500089,3004410,,2022-01-09,32856,5.2,,8554,4,5.6,%,5.2
511385,501447,500089,3004501,,2022-01-09,32856,70,,8840,70,99,mg/dL,70
511386,501447,500089,3004249,,2022-01-09,32856,143,,8876,90,130,mmHg,143.0
511387,501447,500089,3012888,,2022-01-09,32856,73,,8876,60,85,mmHg,73.0
511388,501447,500089,3025315,,2022-01-09,32856,47.4,,9529,45,90,kg,47.4
511389,501447,500089,3038553,,2022-01-09,32856,21.5,,9531,18.5,25,kg/m2,21.5
511390,501448,500089,3004410,,2022-04-06,32856,5.8,,8554,4,5.6,%,5.8
511391,501448,500089,3004501,,2022-04-06,32856,101,,8840,70,99,mg/dL,101.0
511392,501448,500089,3004249,,2022-04-06,32856,128,,8876,90,130,mmHg,128.0
511393,501448,500089,3012888,,2022-04-06,32856,88,,8876,60,85,mmHg,88.0
511394,501448,500089,3025315,,2022-04-06,32856,47.5,,9529,45,90,kg,47.5
511395,501448,500089,3038553,,2022-04-06,32856,21.6,,9531,18.5,25,kg/m2,21.6
511396,501448,500089,3022192,,2022-04-06,32856,216.9,,8840,0,150,mg/dL,216.9
511397,501448,500089,3007070,,2022-04-06,32856,36.7,,8840,40,60,mg/dL,36.7
511398,501448,500089,3028437,,2022-04-06,32856,127.6,,8840,0,130,mg/dL,127.6
511399,501448,500089,3013721,,2022-04-06,32856,21.2,,8645,0,40,U/L,21.2
511400,501448,500089,3006923,,2022-04-06,32856,63.7,,8645,0,40,U/L,63.7
511401,501448,500089,3016723,,2022-04-06,32856,0.84,,8840,0.6,1.2,mg/dL,0.84
511402,501448,500089,3049187,,2022-04-06,32856,85,,9550,90,130,mL/min/1.73m2,85.0
511403,501449,500089,3004410,,2022-07-07,32856,6,,8554,4,5.6,%,6.0
511404,501449,500089,3004501,,2022-07-07,32856,110,,8840,70,99,mg/dL,110.0
511405,501449,500089,3004249,,2022-07-07,32856,122,,8876,90,130,mmHg,122.0
511406,501449,500089,3012888,,2022-07-07,32856,84,,8876,60,85,mmHg,84.0
511407,501449,500089,3025315,,2022-07-07,32856,46.2,,9529,45,90,kg,46.2
511408,501449,500089,3038553,,2022-07-07,32856,21,,9531,18.5,25,kg/m2,21.0
511409,501450,500089,3004410,,2022-10-05,32856,6.2,,8554,4,5.6,%,6.2
511410,501450,500089,3004501,,2022-10-05,32856,114,,8840,70,99,mg/dL,114.0
511411,501450,500089,3004249,,2022-10-05,32856,137,,8876,90,130,mmHg,137.0
511412,501450,500089,3012888,,2022-10-05,32856,100,,8876,60,85,mmHg,100.0
511413,501450,500089,3025315,,2022-10-05,32856,46,,9529,45,90,kg,46.0
511414,501450,500089,3038553,,2022-10-05,32856,20.9,,9531,18.5,25,kg/m2,20.9
511415,501451,500089,3004410,,2023-01-11,32856,5.5,,8554,4,5.6,%,5.5
511416,501451,500089,3004501,,2023-01-11,32856,103,,8840,70,99,mg/dL,103.0
511417,501451,500089,3004249,,2023-01-11,32856,143,,8876,90,130,mmHg,143.0
511418,501451,500089,3012888,,2023-01-11,32856,94,,8876,60,85,mmHg,94.0
511419,501451,500089,3025315,,2023-01-11,32856,47.2,,9529,45,90,kg,47.2
511420,501451,500089,3038553,,2023-01-11,32856,21.4,,9531,18.5,25,kg/m2,21.4
511421,501452,500089,3004410,,2023-04-15,32856,6.1,,8554,4,5.6,%,6.1
511422,501452,500089,3004501,,2023-04-15,32856,116,,8840,70,99,mg/dL,116.0
511423,501452,500089,3004249,,2023-04-15,32856,158,,8876,90,130,mmHg,158.0
511424,501452,500089,3012888,,2023-04-15,32856,81,,8876,60,85,mmHg,81.0
511425,501452,500089,3025315,,2023-04-15,32856,49,,9529,45,90,kg,49.0
511426,501452,500089,3038553,,2023-04-15,32856,22.2,,9531,18.5,25,kg/m2,22.2
511427,501452,500089,3022192,,2023-04-15,32856,134.8,,8840,0,150,mg/dL,134.8
511428,501452,500089,3007070,,2023-04-15,32856,26.9,,8840,40,60,mg/dL,26.9
511429,501452,500089,3028437,,2023-04-15,32856,119.9,,8840,0,130,mg/dL,119.9
511430,501452,500089,3013721,,2023-04-15,32856,64.1,,8645,0,40,U/L,64.1
511431,501452,500089,3006923,,2023-04-15,32856,41.4,,8645,0,40,U/L,41.4
511432,501452,500089,3016723,,2023-04-15,32856,1.49,,8840,0.6,1.2,mg/dL,1.49
511433,501452,500089,3049187,,2023-04-15,32856,43,,9550,90,130,mL/min/1.73m2,43.0
511434,501453,500089,3004410,,2023-07-08,32856,6,,8554,4,5.6,%,6.0
511435,501453,500089,3004501,,2023-07-08,32856,120,,8840,70,99,mg/dL,120.0
511436,501453,500089,3004249,,2023-07-08,32856,147,,8876,90,130,mmHg,147.0
511437,501453,500089,3012888,,2023-07-08,32856,78,,8876,60,85,mmHg,78.0
511438,501453,500089,3025315,,2023-07-08,32856,49.9,,9529,45,90,kg,49.9
511439,501453,500089,3038553,,2023-07-08,32856,22.7,,9531,18.5,25,kg/m2,22.7
511440,501454,500089,3004410,,2023-10-13,32856,6.4,,8554,4,5.6,%,6.4
511441,501454,500089,3004501,,2023-10-13,32856,113,,8840,70,99,mg/dL,113.0
511442,501454,500089,3004249,,2023-10-13,32856,110,,8876,90,130,mmHg,110.0
511443,501454,500089,3012888,,2023-10-13,32856,73,,8876,60,85,mmHg,73.0
511444,501454,500089,3025315,,2023-10-13,32856,49.6,,9529,45,90,kg,49.6
511445,501454,500089,3038553,,2023-10-13,32856,22.5,,9531,18.5,25,kg/m2,22.5
511446,501455,500089,3004410,,2024-01-10,32856,6.3,,8554,4,5.6,%,6.3
511447,501455,500089,3004501,,2024-01-10,32856,110,,8840,70,99,mg/dL,110.0
511448,501455,500089,3004249,,2024-01-10,32856,126,,8876,90,130,mmHg,126.0
511449,501455,500089,3012888,,2024-01-10,32856,94,,8876,60,85,mmHg,94.0
511450,501455,500089,3025315,,2024-01-10,32856,48.2,,9529,45,90,kg,48.2
511451,501455,500089,3038553,,2024-01-10,32856,21.9,,9531,18.5,25,kg/m2,21.9
511452,501456,500089,3004410,,2024-04-08,32856,5.5,,8554,4,5.6,%,5.5
511453,501456,500089,3004501,,2024-04-08,32856,107,,8840,70,99,mg/dL,107.0
511454,501456,500089,3004249,,2024-04-08,32856,149,,8876,90,130,mmHg,149.0
511455,501456,500089,3012888,,2024-04-08,32856,81,,8876,60,85,mmHg,81.0
511456,501456,500089,3025315,,2024-04-08,32856,48.5,,9529,45,90,kg,48.5
511457,501456,500089,3038553,,2024-04-08,32856,22,,9531,18.5,25,kg/m2,22.0
511458,501456,500089,3022192,,2024-04-08,32856,53.1,,8840,0,150,mg/dL,53.1
511459,501456,500089,3007070,,2024-04-08,32856,47.7,,8840,40,60,mg/dL,47.7
511460,501456,500089,3028437,,2024-04-08,32856,73.7,,8840,0,130,mg/dL,73.7
511461,501456,500089,3013721,,2024-04-08,32856,61.5,,8645,0,40,U/L,61.5
511462,501456,500089,3006923,,2024-04-08,32856,92.9,,8645,0,40,U/L,92.9
511463,501456,500089,3016723,,2024-04-08,32856,1.3,,8840,0.6,1.2,mg/dL,1.3
511464,501456,500089,3049187,,2024-04-08,32856,50,,9550,90,130,mL/min/1.73m2,50.0
511465,501457,500089,3004410,,2024-07-01,32856,6.3,,8554,4,5.6,%,6.3
511466,501457,500089,3004501,,2024-07-01,32856,112,,8840,70,99,mg/dL,112.0
511467,501457,500089,3004249,,2024-07-01,32856,139,,8876,90,130,mmHg,139.0
511468,501457,500089,3012888,,2024-07-01,32856,94,,8876,60,85,mmHg,94.0
511469,501457,500089,3025315,,2024-07-01,32856,47.2,,9529,45,90,kg,47.2
511470,501457,500089,3038553,,2024-07-01,32856,21.4,,9531,18.5,25,kg/m2,21.4
511471,501458,500090,3036277,,2020-11-17,32856,166.9,,8582,150,185,cm,166.9
511472,501458,500090,3004410,,2020-11-17,32856,6.5,,8554,4,5.6,%,6.5
511473,501458,500090,3004501,,2020-11-17,32856,126,,8840,70,99,mg/dL,126
511474,501458,500090,3004249,,2020-11-17,32856,103,,8876,90,130,mmHg,103.0
511475,501458,500090,3012888,,2020-11-17,32856,76,,8876,60,85,mmHg,76.0
511476,501458,500090,3025315,,2020-11-17,32856,62.1,,9529,45,90,kg,62.1
511477,501458,500090,3038553,,2020-11-17,32856,22.3,,9531,18.5,25,kg/m2,22.3
511478,501458,500090,3022192,,2020-11-17,32856,96.8,,8840,0,150,mg/dL,96.8
511479,501458,500090,3007070,,2020-11-17,32856,58.7,,8840,40,60,mg/dL,58.7
511480,501458,500090,3028437,,2020-11-17,32856,85,,8840,0,130,mg/dL,85.0
511481,501458,500090,3013721,,2020-11-17,32856,22.9,,8645,0,40,U/L,22.9
511482,501458,500090,3006923,,2020-11-17,32856,42.5,,8645,0,40,U/L,42.5
511483,501458,500090,3016723,,2020-11-17,32856,1.06,,8840,0.6,1.2,mg/dL,1.06
511484,501458,500090,3049187,,2020-11-17,32856,74,,9550,90,130,mL/min/1.73m2,74.0
511485,501459,500090,3004410,,2021-02-21,32856,5.5,,8554,4,5.6,%,5.5
511486,501459,500090,3004501,,2021-02-21,32856,96,,8840,70,99,mg/dL,96.0
511487,501459,500090,3004249,,2021-02-21,32856,114,,8876,90,130,mmHg,114.0
511488,501459,500090,3012888,,2021-02-21,32856,76,,8876,60,85,mmHg,76.0
511489,501459,500090,3025315,,2021-02-21,32856,62.9,,9529,45,90,kg,62.9
511490,501459,500090,3038553,,2021-02-21,32856,22.6,,9531,18.5,25,kg/m2,22.6
511491,501460,500090,3004410,,2021-05-18,32856,6.1,,8554,4,5.6,%,6.1
511492,501460,500090,3004501,,2021-05-18,32856,105,,8840,70,99,mg/dL,105.0
511493,501460,500090,3004249,,2021-05-18,32856,127,,8876,90,130,mmHg,127.0
511494,501460,500090,3012888,,2021-05-18,32856,75,,8876,60,85,mmHg,75.0
511495,501460,500090,3025315,,2021-05-18,32856,64.2,,9529,45,90,kg,64.2
511496,501460,500090,3038553,,2021-05-18,32856,23,,9531,18.5,25,kg/m2,23.0
511497,501461,500090,3004410,,2021-08-20,32856,5.7,,8554,4,5.6,%,5.7
511498,501461,500090,3004501,,2021-08-20,32856,95,,8840,70,99,mg/dL,95.0
511499,501461,500090,3004249,,2021-08-20,32856,127,,8876,90,130,mmHg,127.0
511500,501461,500090,3012888,,2021-08-20,32856,86,,8876,60,85,mmHg,86.0
511501,501461,500090,3025315,,2021-08-20,32856,63.7,,9529,45,90,kg,63.7
511502,501461,500090,3038553,,2021-08-20,32856,22.9,,9531,18.5,25,kg/m2,22.9
511503,501462,500090,3004410,,2021-11-25,32856,5.8,,8554,4,5.6,%,5.8
511504,501462,500090,3004501,,2021-11-25,32856,98,,8840,70,99,mg/dL,98.0
511505,501462,500090,3004249,,2021-11-25,32856,112,,8876,90,130,mmHg,112.0
511506,501462,500090,3012888,,2021-11-25,32856,65,,8876,60,85,mmHg,65.0
511507,501462,500090,3025315,,2021-11-25,32856,62.1,,9529,45,90,kg,62.1
511508,501462,500090,3038553,,2021-11-25,32856,22.3,,9531,18.5,25,kg/m2,22.3
511509,501462,500090,3022192,,2021-11-25,32856,273.9,,8840,0,150,mg/dL,273.9
511510,501462,500090,3007070,,2021-11-25,32856,72.4,,8840,40,60,mg/dL,72.4
511511,501462,500090,3028437,,2021-11-25,32856,115.4,,8840,0,130,mg/dL,115.4
511512,501462,500090,3013721,,2021-11-25,32856,52.1,,8645,0,40,U/L,52.1
511513,501462,500090,3006923,,2021-11-25,32856,55.8,,8645,0,40,U/L,55.8
511514,501462,500090,3016723,,2021-11-25,32856,0.94,,8840,0.6,1.2,mg/dL,0.94
511515,501462,500090,3049187,,2021-11-25,32856,85,,9550,90,130,mL/min/1.73m2,85.0
511516,501463,500090,3004410,,2022-03-02,32856,6,,8554,4,5.6,%,6.0
511517,501463,500090,3004501,,2022-03-02,32856,99,,8840,70,99,mg/dL,99.0
511518,501463,500090,3004249,,2022-03-02,32856,110,,8876,90,130,mmHg,110.0
511519,501463,500090,3012888,,2022-03-02,32856,81,,8876,60,85,mmHg,81.0
511520,501463,500090,3025315,,2022-03-02,32856,62.2,,9529,45,90,kg,62.2
511521,501463,500090,3038553,,2022-03-02,32856,22.3,,9531,18.5,25,kg/m2,22.3
511522,501464,500090,3004410,,2022-05-26,32856,6.4,,8554,4,5.6,%,6.4
511523,501464,500090,3004501,,2022-05-26,32856,145,,8840,70,99,mg/dL,145.0
511524,501464,500090,3004249,,2022-05-26,32856,110,,8876,90,130,mmHg,110.0
511525,501464,500090,3012888,,2022-05-26,32856,92,,8876,60,85,mmHg,92.0
511526,501464,500090,3025315,,2022-05-26,32856,62.1,,9529,45,90,kg,62.1
511527,501464,500090,3038553,,2022-05-26,32856,22.3,,9531,18.5,25,kg/m2,22.3
511528,501465,500090,3004410,,2022-08-28,32856,6.2,,8554,4,5.6,%,6.2
511529,501465,500090,3004501,,2022-08-28,32856,89,,8840,70,99,mg/dL,89.0
511530,501465,500090,3004249,,2022-08-28,32856,145,,8876,90,130,mmHg,145.0
511531,501465,500090,3012888,,2022-08-28,32856,86,,8876,60,85,mmHg,86.0
511532,501465,500090,3025315,,2022-08-28,32856,64,,9529,45,90,kg,64.0
511533,501465,500090,3038553,,2022-08-28,32856,23,,9531,18.5,25,kg/m2,23.0
511534,501466,500090,3004410,,2022-11-24,32856,6.3,,8554,4,5.6,%,6.3
511535,501466,500090,3004501,,2022-11-24,32856,111,,8840,70,99,mg/dL,111.0
511536,501466,500090,3004249,,2022-11-24,32856,134,,8876,90,130,mmHg,134.0
511537,501466,500090,3012888,,2022-11-24,32856,73,,8876,60,85,mmHg,73.0
511538,501466,500090,3025315,,2022-11-24,32856,63.3,,9529,45,90,kg,63.3
511539,501466,500090,3038553,,2022-11-24,32856,22.7,,9531,18.5,25,kg/m2,22.7
511540,501466,500090,3022192,,2022-11-24,32856,258,,8840,0,150,mg/dL,258.0
511541,501466,500090,3007070,,2022-11-24,32856,38.5,,8840,40,60,mg/dL,38.5
511542,501466,500090,3028437,,2022-11-24,32856,148.7,,8840,0,130,mg/dL,148.7
511543,501466,500090,3013721,,2022-11-24,32856,10.4,,8645,0,40,U/L,10.4
511544,501466,500090,3006923,,2022-11-24,32856,20.7,,8645,0,40,U/L,20.7
511545,501466,500090,3016723,,2022-11-24,32856,0.93,,8840,0.6,1.2,mg/dL,0.93
511546,501466,500090,3049187,,2022-11-24,32856,86,,9550,90,130,mL/min/1.73m2,86.0
511547,501467,500090,3004410,,2023-03-01,32856,5.3,,8554,4,5.6,%,5.3
511548,501467,500090,3004501,,2023-03-01,32856,92,,8840,70,99,mg/dL,92.0
511549,501467,500090,3004249,,2023-03-01,32856,119,,8876,90,130,mmHg,119.0
511550,501467,500090,3012888,,2023-03-01,32856,77,,8876,60,85,mmHg,77.0
511551,501467,500090,3025315,,2023-03-01,32856,62.3,,9529,45,90,kg,62.3
511552,501467,500090,3038553,,2023-03-01,32856,22.4,,9531,18.5,25,kg/m2,22.4
511553,501468,500090,3004410,,2023-05-29,32856,5.9,,8554,4,5.6,%,5.9
511554,501468,500090,3004501,,2023-05-29,32856,100,,8840,70,99,mg/dL,100.0
511555,501468,500090,3004249,,2023-05-29,32856,121,,8876,90,130,mmHg,121.0
511556,501468,500090,3012888,,2023-05-29,32856,79,,8876,60,85,mmHg,79.0
511557,501468,500090,3025315,,2023-05-29,32856,62.4,,9529,45,90,kg,62.4
511558,501468,500090,3038553,,2023-05-29,32856,22.4,,9531,18.5,25,kg/m2,22.4
511559,501469,500090,3004410,,2023-08-30,32856,5.9,,8554,4,5.6,%,5.9
511560,501469,500090,3004501,,2023-08-30,32856,109,,8840,70,99,mg/dL,109.0
511561,501469,500090,3004249,,2023-08-30,32856,133,,8876,90,130,mmHg,133.0
511562,501469,500090,3012888,,2023-08-30,32856,67,,8876,60,85,mmHg,67.0
511563,501469,500090,3025315,,2023-08-30,32856,63,,9529,45,90,kg,63.0
511564,501469,500090,3038553,,2023-08-30,32856,22.6,,9531,18.5,25,kg/m2,22.6
511565,501470,500090,3004410,,2023-11-27,32856,5.8,,8554,4,5.6,%,5.8
511566,501470,500090,3004501,,2023-11-27,32856,102,,8840,70,99,mg/dL,102.0
511567,501470,500090,3004249,,2023-11-27,32856,119,,8876,90,130,mmHg,119.0
511568,501470,500090,3012888,,2023-11-27,32856,79,,8876,60,85,mmHg,79.0
511569,501470,500090,3025315,,2023-11-27,32856,63.2,,9529,45,90,kg,63.2
511570,501470,500090,3038553,,2023-11-27,32856,22.7,,9531,18.5,25,kg/m2,22.7
511571,501470,500090,3022192,,2023-11-27,32856,183.5,,8840,0,150,mg/dL,183.5
511572,501470,500090,3007070,,2023-11-27,32856,53.9,,8840,40,60,mg/dL,53.9
511573,501470,500090,3028437,,2023-11-27,32856,117.8,,8840,0,130,mg/dL,117.8
511574,501470,500090,3013721,,2023-11-27,32856,38.5,,8645,0,40,U/L,38.5
511575,501470,500090,3006923,,2023-11-27,32856,59.4,,8645,0,40,U/L,59.4
511576,501470,500090,3016723,,2023-11-27,32856,0.95,,8840,0.6,1.2,mg/dL,0.95
511577,501470,500090,3049187,,2023-11-27,32856,83,,9550,90,130,mL/min/1.73m2,83.0
511578,501471,500090,3004410,,2024-02-23,32856,6.2,,8554,4,5.6,%,6.2
511579,501471,500090,3004501,,2024-02-23,32856,106,,8840,70,99,mg/dL,106.0
511580,501471,500090,3004249,,2024-02-23,32856,120,,8876,90,130,mmHg,120.0
511581,501471,500090,3012888,,2024-02-23,32856,74,,8876,60,85,mmHg,74.0
511582,501471,500090,3025315,,2024-02-23,32856,63.4,,9529,45,90,kg,63.4
511583,501471,500090,3038553,,2024-02-23,32856,22.8,,9531,18.5,25,kg/m2,22.8
511584,501472,500090,3004410,,2024-05-25,32856,5.4,,8554,4,5.6,%,5.4
511585,501472,500090,3004501,,2024-05-25,32856,82,,8840,70,99,mg/dL,82.0
511586,501472,500090,3004249,,2024-05-25,32856,122,,8876,90,130,mmHg,122.0
511587,501472,500090,3012888,,2024-05-25,32856,71,,8876,60,85,mmHg,71.0
511588,501472,500090,3025315,,2024-05-25,32856,63.9,,9529,45,90,kg,63.9
511589,501472,500090,3038553,,2024-05-25,32856,22.9,,9531,18.5,25,kg/m2,22.9
511590,501473,500090,3004410,,2024-08-27,32856,5.7,,8554,4,5.6,%,5.7
511591,501473,500090,3004501,,2024-08-27,32856,119,,8840,70,99,mg/dL,119.0
511592,501473,500090,3004249,,2024-08-27,32856,120,,8876,90,130,mmHg,120.0
511593,501473,500090,3012888,,2024-08-27,32856,86,,8876,60,85,mmHg,86.0
511594,501473,500090,3025315,,2024-08-27,32856,64.9,,9529,45,90,kg,64.9
511595,501473,500090,3038553,,2024-08-27,32856,23.3,,9531,18.5,25,kg/m2,23.3
511596,501474,500091,3036277,,2018-07-15,32856,172.7,,8582,150,185,cm,172.7
511597,501474,500091,3004410,,2018-07-15,32856,7.4,,8554,4,5.6,%,7.4
511598,501474,500091,3004501,,2018-07-15,32856,126,,8840,70,99,mg/dL,126
511599,501474,500091,3004249,,2018-07-15,32856,126,,8876,90,130,mmHg,126.0
511600,501474,500091,3012888,,2018-07-15,32856,73,,8876,60,85,mmHg,73.0
511601,501474,500091,3025315,,2018-07-15,32856,65.3,,9529,45,90,kg,65.3
511602,501474,500091,3038553,,2018-07-15,32856,21.9,,9531,18.5,25,kg/m2,21.9
511603,501474,500091,3022192,,2018-07-15,32856,245.6,,8840,0,150,mg/dL,245.6
511604,501474,500091,3007070,,2018-07-15,32856,60.5,,8840,40,60,mg/dL,60.5
511605,501474,500091,3028437,,2018-07-15,32856,99.7,,8840,0,130,mg/dL,99.7
511606,501474,500091,3013721,,2018-07-15,32856,34.3,,8645,0,40,U/L,34.3
511607,501474,500091,3006923,,2018-07-15,32856,73.7,,8645,0,40,U/L,73.7
511608,501474,500091,3016723,,2018-07-15,32856,0.88,,8840,0.6,1.2,mg/dL,0.88
511609,501474,500091,3049187,,2018-07-15,32856,112,,9550,90,130,mL/min/1.73m2,112.0
511610,501475,500091,3004410,,2018-10-08,32856,6.5,,8554,4,5.6,%,6.5
511611,501475,500091,3004501,,2018-10-08,32856,138,,8840,70,99,mg/dL,138.0
511612,501475,500091,3004249,,2018-10-08,32856,123,,8876,90,130,mmHg,123.0
511613,501475,500091,3012888,,2018-10-08,32856,60,,8876,60,85,mmHg,60.0
511614,501475,500091,3025315,,2018-10-08,32856,65.1,,9529,45,90,kg,65.1
511615,501475,500091,3038553,,2018-10-08,32856,21.8,,9531,18.5,25,kg/m2,21.8
511616,501476,500091,3004410,,2019-01-13,32856,6.5,,8554,4,5.6,%,6.5
511617,501476,500091,3004501,,2019-01-13,32856,135,,8840,70,99,mg/dL,135.0
511618,501476,500091,3004249,,2019-01-13,32856,127,,8876,90,130,mmHg,127.0
511619,501476,500091,3012888,,2019-01-13,32856,71,,8876,60,85,mmHg,71.0
511620,501476,500091,3025315,,2019-01-13,32856,64,,9529,45,90,kg,64.0
511621,501476,500091,3038553,,2019-01-13,32856,21.5,,9531,18.5,25,kg/m2,21.5
511622,501477,500091,3004410,,2019-04-17,32856,6.7,,8554,4,5.6,%,6.7
511623,501477,500091,3004501,,2019-04-17,32856,137,,8840,70,99,mg/dL,137.0
511624,501477,500091,3004249,,2019-04-17,32856,133,,8876,90,130,mmHg,133.0
511625,501477,500091,3012888,,2019-04-17,32856,75,,8876,60,85,mmHg,75.0
511626,501477,500091,3025315,,2019-04-17,32856,64,,9529,45,90,kg,64.0
511627,501477,500091,3038553,,2019-04-17,32856,21.5,,9531,18.5,25,kg/m2,21.5
511628,501478,500091,3004410,,2019-07-21,32856,7,,8554,4,5.6,%,7.0
511629,501478,500091,3004501,,2019-07-21,32856,166,,8840,70,99,mg/dL,166.0
511630,501478,500091,3004249,,2019-07-21,32856,142,,8876,90,130,mmHg,142.0
511631,501478,500091,3012888,,2019-07-21,32856,87,,8876,60,85,mmHg,87.0
511632,501478,500091,3025315,,2019-07-21,32856,62.9,,9529,45,90,kg,62.9
511633,501478,500091,3038553,,2019-07-21,32856,21.1,,9531,18.5,25,kg/m2,21.1
511634,501478,500091,3022192,,2019-07-21,32856,167.6,,8840,0,150,mg/dL,167.6
511635,501478,500091,3007070,,2019-07-21,32856,36.4,,8840,40,60,mg/dL,36.4
511636,501478,500091,3028437,,2019-07-21,32856,178.5,,8840,0,130,mg/dL,178.5
511637,501478,500091,3013721,,2019-07-21,32856,45.5,,8645,0,40,U/L,45.5
511638,501478,500091,3006923,,2019-07-21,32856,41.6,,8645,0,40,U/L,41.6
511639,501478,500091,3016723,,2019-07-21,32856,0.76,,8840,0.6,1.2,mg/dL,0.76
511640,501478,500091,3049187,,2019-07-21,32856,117,,9550,90,130,mL/min/1.73m2,117.0
511641,501479,500091,3004410,,2019-10-26,32856,6.2,,8554,4,5.6,%,6.2
511642,501479,500091,3004501,,2019-10-26,32856,118,,8840,70,99,mg/dL,118.0
511643,501479,500091,3004249,,2019-10-26,32856,112,,8876,90,130,mmHg,112.0
511644,501479,500091,3012888,,2019-10-26,32856,67,,8876,60,85,mmHg,67.0
511645,501479,500091,3025315,,2019-10-26,32856,65,,9529,45,90,kg,65.0
511646,501479,500091,3038553,,2019-10-26,32856,21.8,,9531,18.5,25,kg/m2,21.8
511647,501480,500091,3004410,,2020-01-22,32856,6.6,,8554,4,5.6,%,6.6
511648,501480,500091,3004501,,2020-01-22,32856,129,,8840,70,99,mg/dL,129.0
511649,501480,500091,3004249,,2020-01-22,32856,122,,8876,90,130,mmHg,122.0
511650,501480,500091,3012888,,2020-01-22,32856,84,,8876,60,85,mmHg,84.0
511651,501480,500091,3025315,,2020-01-22,32856,64.6,,9529,45,90,kg,64.6
511652,501480,500091,3038553,,2020-01-22,32856,21.7,,9531,18.5,25,kg/m2,21.7
511653,501481,500091,3004410,,2020-04-21,32856,6.7,,8554,4,5.6,%,6.7
511654,501481,500091,3004501,,2020-04-21,32856,123,,8840,70,99,mg/dL,123.0
511655,501481,500091,3004249,,2020-04-21,32856,139,,8876,90,130,mmHg,139.0
511656,501481,500091,3012888,,2020-04-21,32856,80,,8876,60,85,mmHg,80.0
511657,501481,500091,3025315,,2020-04-21,32856,63.1,,9529,45,90,kg,63.1
511658,501481,500091,3038553,,2020-04-21,32856,21.2,,9531,18.5,25,kg/m2,21.2
511659,501482,500091,3004410,,2020-07-17,32856,6.2,,8554,4,5.6,%,6.2
511660,501482,500091,3004501,,2020-07-17,32856,134,,8840,70,99,mg/dL,134.0
511661,501482,500091,3004249,,2020-07-17,32856,152,,8876,90,130,mmHg,152.0
511662,501482,500091,3012888,,2020-07-17,32856,78,,8876,60,85,mmHg,78.0
511663,501482,500091,3025315,,2020-07-17,32856,62.2,,9529,45,90,kg,62.2
511664,501482,500091,3038553,,2020-07-17,32856,20.9,,9531,18.5,25,kg/m2,20.9
511665,501482,500091,3022192,,2020-07-17,32856,178,,8840,0,150,mg/dL,178.0
511666,501482,500091,3007070,,2020-07-17,32856,51.6,,8840,40,60,mg/dL,51.6
511667,501482,500091,3028437,,2020-07-17,32856,181.5,,8840,0,130,mg/dL,181.5
511668,501482,500091,3013721,,2020-07-17,32856,27.9,,8645,0,40,U/L,27.9
511669,501482,500091,3006923,,2020-07-17,32856,41.1,,8645,0,40,U/L,41.1
511670,501482,500091,3016723,,2020-07-17,32856,0.8,,8840,0.6,1.2,mg/dL,0.8
511671,501482,500091,3049187,,2020-07-17,32856,114,,9550,90,130,mL/min/1.73m2,114.0
511672,501483,500091,3004410,,2020-10-18,32856,7.1,,8554,4,5.6,%,7.1
511673,501483,500091,3004501,,2020-10-18,32856,124,,8840,70,99,mg/dL,124.0
511674,501483,500091,3004249,,2020-10-18,32856,108,,8876,90,130,mmHg,108.0
511675,501483,500091,3012888,,2020-10-18,32856,82,,8876,60,85,mmHg,82.0
511676,501483,500091,3025315,,2020-10-18,32856,62.9,,9529,45,90,kg,62.9
511677,501483,500091,3038553,,2020-10-18,32856,21.1,,9531,18.5,25,kg/m2,21.1
511678,501484,500091,3004410,,2021-01-15,32856,6.9,,8554,4,5.6,%,6.9
511679,501484,500091,3004501,,2021-01-15,32856,109,,8840,70,99,mg/dL,109.0
511680,501484,500091,3004249,,2021-01-15,32856,123,,8876,90,130,mmHg,123.0
511681,501484,500091,3012888,,2021-01-15,32856,70,,8876,60,85,mmHg,70.0
511682,501484,500091,3025315,,2021-01-15,32856,62.4,,9529,45,90,kg,62.4
511683,501484,500091,3038553,,2021-01-15,32856,20.9,,9531,18.5,25,kg/m2,20.9
511684,501485,500091,3004410,,2021-04-23,32856,6.7,,8554,4,5.6,%,6.7
511685,501485,500091,3004501,,2021-04-23,32856,95,,8840,70,99,mg/dL,95.0
511686,501485,500091,3004249,,2021-04-23,32856,118,,8876,90,130,mmHg,118.0
511687,501485,500091,3012888,,2021-04-23,32856,77,,8876,60,85,mmHg,77.0
511688,501485,500091,3025315,,2021-04-23,32856,63.2,,9529,45,90,kg,63.2
511689,501485,500091,3038553,,2021-04-23,32856,21.2,,9531,18.5,25,kg/m2,21.2
511690,501486,500091,3004410,,2021-07-21,32856,7.8,,8554,4,5.6,%,7.8
511691,501486,500091,3004501,,2021-07-21,32856,150,,8840,70,99,mg/dL,150.0
511692,501486,500091,3004249,,2021-07-21,32856,144,,8876,90,130,mmHg,144.0
511693,501486,500091,3012888,,2021-07-21,32856,96,,8876,60,85,mmHg,96.0
511694,501486,500091,3025315,,2021-07-21,32856,64.4,,9529,45,90,kg,64.4
511695,501486,500091,3038553,,2021-07-21,32856,21.6,,9531,18.5,25,kg/m2,21.6
511696,501486,500091,3022192,,2021-07-21,32856,160.1,,8840,0,150,mg/dL,160.1
511697,501486,500091,3007070,,2021-07-21,32856,42.6,,8840,40,60,mg/dL,42.6
511698,501486,500091,3028437,,2021-07-21,32856,74.4,,8840,0,130,mg/dL,74.4
511699,501486,500091,3013721,,2021-07-21,32856,65.1,,8645,0,40,U/L,65.1
511700,501486,500091,3006923,,2021-07-21,32856,101,,8645,0,40,U/L,101.0
511701,501486,500091,3016723,,2021-07-21,32856,0.6,,8840,0.6,1.2,mg/dL,0.6
511702,501486,500091,3049187,,2021-07-21,32856,124,,9550,90,130,mL/min/1.73m2,124.0
511703,501487,500091,3004410,,2021-10-27,32856,7.3,,8554,4,5.6,%,7.3
511704,501487,500091,3004501,,2021-10-27,32856,134,,8840,70,99,mg/dL,134.0
511705,501487,500091,3004249,,2021-10-27,32856,121,,8876,90,130,mmHg,121.0
511706,501487,500091,3012888,,2021-10-27,32856,72,,8876,60,85,mmHg,72.0
511707,501487,500091,3025315,,2021-10-27,32856,64.8,,9529,45,90,kg,64.8
511708,501487,500091,3038553,,2021-10-27,32856,21.7,,9531,18.5,25,kg/m2,21.7
511709,501488,500091,3004410,,2022-01-20,32856,7.4,,8554,4,5.6,%,7.4
511710,501488,500091,3004501,,2022-01-20,32856,158,,8840,70,99,mg/dL,158.0
511711,501488,500091,3004249,,2022-01-20,32856,114,,8876,90,130,mmHg,114.0
511712,501488,500091,3012888,,2022-01-20,32856,85,,8876,60,85,mmHg,85.0
511713,501488,500091,3025315,,2022-01-20,32856,65.5,,9529,45,90,kg,65.5
511714,501488,500091,3038553,,2022-01-20,32856,22,,9531,18.5,25,kg/m2,22.0
511715,501489,500092,3036277,,2020-11-30,32856,161,,8582,150,185,cm,161.0
511716,501489,500092,3004410,,2020-11-30,32856,7.8,,8554,4,5.6,%,7.8
511717,501489,500092,3004501,,2020-11-30,32856,149,,8840,70,99,mg/dL,149.0
511718,501489,500092,3004249,,2020-11-30,32856,135,,8876,90,130,mmHg,135.0
511719,501489,500092,3012888,,2020-11-30,32856,85,,8876,60,85,mmHg,85.0
511720,501489,500092,3025315,,2020-11-30,32856,81.7,,9529,45,90,kg,81.7
511721,501489,500092,3038553,,2020-11-30,32856,31.5,,9531,18.5,25,kg/m2,31.5
511722,501489,500092,3022192,,2020-11-30,32856,353.5,,8840,0,150,mg/dL,353.5
511723,501489,500092,3007070,,2020-11-30,32856,27,,8840,40,60,mg/dL,27.0
511724,501489,500092,3028437,,2020-11-30,32856,161.9,,8840,0,130,mg/dL,161.9
511725,501489,500092,3013721,,2020-11-30,32856,40.8,,8645,0,40,U/L,40.8
511726,501489,500092,3006923,,2020-11-30,32856,65.2,,8645,0,40,U/L,65.2
511727,501489,500092,3016723,,2020-11-30,32856,1.06,,8840,0.6,1.2,mg/dL,1.06
511728,501489,500092,3049187,,2020-11-30,32856,54,,9550,90,130,mL/min/1.73m2,54.0
511729,501490,500092,3004410,,2021-02-23,32856,7.6,,8554,4,5.6,%,7.6
511730,501490,500092,3004501,,2021-02-23,32856,129,,8840,70,99,mg/dL,129.0
511731,501490,500092,3004249,,2021-02-23,32856,134,,8876,90,130,mmHg,134.0
511732,501490,500092,3012888,,2021-02-23,32856,82,,8876,60,85,mmHg,82.0
511733,501490,500092,3025315,,2021-02-23,32856,81.4,,9529,45,90,kg,81.4
511734,501490,500092,3038553,,2021-02-23,32856,31.4,,9531,18.5,25,kg/m2,31.4
511735,501491,500092,3004410,,2021-05-29,32856,7.4,,8554,4,5.6,%,7.4
511736,501491,500092,3004501,,2021-05-29,32856,139,,8840,70,99,mg/dL,139.0
511737,501491,500092,3004249,,2021-05-29,32856,138,,8876,90,130,mmHg,138.0
511738,501491,500092,3012888,,2021-05-29,32856,79,,8876,60,85,mmHg,79.0
511739,501491,500092,3025315,,2021-05-29,32856,80.6,,9529,45,90,kg,80.6
511740,501491,500092,3038553,,2021-05-29,32856,31.1,,9531,18.5,25,kg/m2,31.1
511741,501492,500092,3004410,,2021-08-21,32856,7.2,,8554,4,5.6,%,7.2
511742,501492,500092,3004501,,2021-08-21,32856,152,,8840,70,99,mg/dL,152.0
511743,501492,500092,3004249,,2021-08-21,32856,133,,8876,90,130,mmHg,133.0
511744,501492,500092,3012888,,2021-08-21,32856,88,,8876,60,85,mmHg,88.0
511745,501492,500092,3025315,,2021-08-21,32856,80.7,,9529,45,90,kg,80.7
511746,501492,500092,3038553,,2021-08-21,32856,31.1,,9531,18.5,25,kg/m2,31.1
511747,501493,500092,3004410,,2021-11-13,32856,7,,8554,4,5.6,%,7.0
511748,501493,500092,3004501,,2021-11-13,32856,124,,8840,70,99,mg/dL,124.0
511749,501493,500092,3004249,,2021-11-13,32856,120,,8876,90,130,mmHg,120.0
511750,501493,500092,3012888,,2021-11-13,32856,85,,8876,60,85,mmHg,85.0
511751,501493,500092,3025315,,2021-11-13,32856,78.4,,9529,45,90,kg,78.4
511752,501493,500092,3038553,,2021-11-13,32856,30.2,,9531,18.5,25,kg/m2,30.2
511753,501493,500092,3022192,,2021-11-13,32856,247.1,,8840,0,150,mg/dL,247.1
511754,501493,500092,3007070,,2021-11-13,32856,30.7,,8840,40,60,mg/dL,30.7
511755,501493,500092,3028437,,2021-11-13,32856,147.5,,8840,0,130,mg/dL,147.5
511756,501493,500092,3013721,,2021-11-13,32856,35,,8645,0,40,U/L,35.0
511757,501493,500092,3006923,,2021-11-13,32856,85.9,,8645,0,40,U/L,85.9
511758,501493,500092,3016723,,2021-11-13,32856,0.89,,8840,0.6,1.2,mg/dL,0.89
511759,501493,500092,3049187,,2021-11-13,32856,66,,9550,90,130,mL/min/1.73m2,66.0
511760,501494,500092,3004410,,2022-02-12,32856,7.2,,8554,4,5.6,%,7.2
511761,501494,500092,3004501,,2022-02-12,32856,141,,8840,70,99,mg/dL,141.0
511762,501494,500092,3004249,,2022-02-12,32856,130,,8876,90,130,mmHg,130.0
511763,501494,500092,3012888,,2022-02-12,32856,94,,8876,60,85,mmHg,94.0
511764,501494,500092,3025315,,2022-02-12,32856,79.9,,9529,45,90,kg,79.9
511765,501494,500092,3038553,,2022-02-12,32856,30.8,,9531,18.5,25,kg/m2,30.8
511766,501495,500092,3004410,,2022-05-09,32856,7.6,,8554,4,5.6,%,7.6
511767,501495,500092,3004501,,2022-05-09,32856,121,,8840,70,99,mg/dL,121.0
511768,501495,500092,3004249,,2022-05-09,32856,148,,8876,90,130,mmHg,148.0
511769,501495,500092,3012888,,2022-05-09,32856,96,,8876,60,85,mmHg,96.0
511770,501495,500092,3025315,,2022-05-09,32856,81,,9529,45,90,kg,81.0
511771,501495,500092,3038553,,2022-05-09,32856,31.2,,9531,18.5,25,kg/m2,31.2
511772,501496,500092,3004410,,2022-08-12,32856,7.4,,8554,4,5.6,%,7.4
511773,501496,500092,3004501,,2022-08-12,32856,135,,8840,70,99,mg/dL,135.0
511774,501496,500092,3004249,,2022-08-12,32856,135,,8876,90,130,mmHg,135.0
511775,501496,500092,3012888,,2022-08-12,32856,80,,8876,60,85,mmHg,80.0
511776,501496,500092,3025315,,2022-08-12,32856,81.9,,9529,45,90,kg,81.9
511777,501496,500092,3038553,,2022-08-12,32856,31.6,,9531,18.5,25,kg/m2,31.6
511778,501497,500092,3004410,,2022-11-17,32856,7,,8554,4,5.6,%,7.0
511779,501497,500092,3004501,,2022-11-17,32856,138,,8840,70,99,mg/dL,138.0
511780,501497,500092,3004249,,2022-11-17,32856,134,,8876,90,130,mmHg,134.0
511781,501497,500092,3012888,,2022-11-17,32856,89,,8876,60,85,mmHg,89.0
511782,501497,500092,3025315,,2022-11-17,32856,81.3,,9529,45,90,kg,81.3
511783,501497,500092,3038553,,2022-11-17,32856,31.4,,9531,18.5,25,kg/m2,31.4
511784,501497,500092,3022192,,2022-11-17,32856,194.5,,8840,0,150,mg/dL,194.5
511785,501497,500092,3007070,,2022-11-17,32856,48.3,,8840,40,60,mg/dL,48.3
511786,501497,500092,3028437,,2022-11-17,32856,147.8,,8840,0,130,mg/dL,147.8
511787,501497,500092,3013721,,2022-11-17,32856,23,,8645,0,40,U/L,23.0
511788,501497,500092,3006923,,2022-11-17,32856,53.6,,8645,0,40,U/L,53.6
511789,501497,500092,3016723,,2022-11-17,32856,0.61,,8840,0.6,1.2,mg/dL,0.61
511790,501497,500092,3049187,,2022-11-17,32856,90,,9550,90,130,mL/min/1.73m2,90.0
511791,501498,500092,3004410,,2023-02-23,32856,6.8,,8554,4,5.6,%,6.8
511792,501498,500092,3004501,,2023-02-23,32856,128,,8840,70,99,mg/dL,128.0
511793,501498,500092,3004249,,2023-02-23,32856,125,,8876,90,130,mmHg,125.0
511794,501498,500092,3012888,,2023-02-23,32856,81,,8876,60,85,mmHg,81.0
511795,501498,500092,3025315,,2023-02-23,32856,81.9,,9529,45,90,kg,81.9
511796,501498,500092,3038553,,2023-02-23,32856,31.6,,9531,18.5,25,kg/m2,31.6
511797,501499,500092,3004410,,2023-05-22,32856,6.5,,8554,4,5.6,%,6.5
511798,501499,500092,3004501,,2023-05-22,32856,121,,8840,70,99,mg/dL,121.0
511799,501499,500092,3004249,,2023-05-22,32856,142,,8876,90,130,mmHg,142.0
511800,501499,500092,3012888,,2023-05-22,32856,88,,8876,60,85,mmHg,88.0
511801,501499,500092,3025315,,2023-05-22,32856,81.5,,9529,45,90,kg,81.5
511802,501499,500092,3038553,,2023-05-22,32856,31.4,,9531,18.5,25,kg/m2,31.4
511803,501500,500092,3004410,,2023-08-19,32856,7.1,,8554,4,5.6,%,7.1
511804,501500,500092,3004501,,2023-08-19,32856,131,,8840,70,99,mg/dL,131.0
511805,501500,500092,3004249,,2023-08-19,32856,139,,8876,90,130,mmHg,139.0
511806,501500,500092,3012888,,2023-08-19,32856,87,,8876,60,85,mmHg,87.0
511807,501500,500092,3025315,,2023-08-19,32856,81.9,,9529,45,90,kg,81.9
511808,501500,500092,3038553,,2023-08-19,32856,31.6,,9531,18.5,25,kg/m2,31.6
511809,501501,500092,3004410,,2023-11-14,32856,7.3,,8554,4,5.6,%,7.3
511810,501501,500092,3004501,,2023-11-14,32856,140,,8840,70,99,mg/dL,140.0
511811,501501,500092,3004249,,2023-11-14,32856,119,,8876,90,130,mmHg,119.0
511812,501501,500092,3012888,,2023-11-14,32856,73,,8876,60,85,mmHg,73.0
511813,501501,500092,3025315,,2023-11-14,32856,84.3,,9529,45,90,kg,84.3
511814,501501,500092,3038553,,2023-11-14,32856,32.5,,9531,18.5,25,kg/m2,32.5
511815,501501,500092,3022192,,2023-11-14,32856,196,,8840,0,150,mg/dL,196.0
511816,501501,500092,3007070,,2023-11-14,32856,61.5,,8840,40,60,mg/dL,61.5
511817,501501,500092,3028437,,2023-11-14,32856,118.7,,8840,0,130,mg/dL,118.7
511818,501501,500092,3013721,,2023-11-14,32856,56.4,,8645,0,40,U/L,56.4
511819,501501,500092,3006923,,2023-11-14,32856,45.2,,8645,0,40,U/L,45.2
511820,501501,500092,3016723,,2023-11-14,32856,0.65,,8840,0.6,1.2,mg/dL,0.65
511821,501501,500092,3049187,,2023-11-14,32856,88,,9550,90,130,mL/min/1.73m2,88.0
511822,501502,500092,3004410,,2024-02-07,32856,7.1,,8554,4,5.6,%,7.1
511823,501502,500092,3004501,,2024-02-07,32856,135,,8840,70,99,mg/dL,135.0
511824,501502,500092,3004249,,2024-02-07,32856,121,,8876,90,130,mmHg,121.0
511825,501502,500092,3012888,,2024-02-07,32856,82,,8876,60,85,mmHg,82.0
511826,501502,500092,3025315,,2024-02-07,32856,84.4,,9529,45,90,kg,84.4
511827,501502,500092,3038553,,2024-02-07,32856,32.6,,9531,18.5,25,kg/m2,32.6
511828,501503,500092,3004410,,2024-05-13,32856,7,,8554,4,5.6,%,7.0
511829,501503,500092,3004501,,2024-05-13,32856,146,,8840,70,99,mg/dL,146.0
511830,501503,500092,3004249,,2024-05-13,32856,138,,8876,90,130,mmHg,138.0
511831,501503,500092,3012888,,2024-05-13,32856,83,,8876,60,85,mmHg,83.0
511832,501503,500092,3025315,,2024-05-13,32856,86.2,,9529,45,90,kg,86.2
511833,501503,500092,3038553,,2024-05-13,32856,33.3,,9531,18.5,25,kg/m2,33.3
511834,501504,500092,3004410,,2024-08-05,32856,7,,8554,4,5.6,%,7.0
511835,501504,500092,3004501,,2024-08-05,32856,143,,8840,70,99,mg/dL,143.0
511836,501504,500092,3004249,,2024-08-05,32856,141,,8876,90,130,mmHg,141.0
511837,501504,500092,3012888,,2024-08-05,32856,69,,8876,60,85,mmHg,69.0
511838,501504,500092,3025315,,2024-08-05,32856,86,,9529,45,90,kg,86.0
511839,501504,500092,3038553,,2024-08-05,32856,33.2,,9531,18.5,25,kg/m2,33.2
511840,501505,500093,3036277,,2022-11-19,32856,158.3,,8582,150,185,cm,158.3
511841,501505,500093,3004410,,2022-11-19,32856,7.9,,8554,4,5.6,%,7.9
511842,501505,500093,3004501,,2022-11-19,32856,165,,8840,70,99,mg/dL,165.0
511843,501505,500093,3004249,,2022-11-19,32856,147,,8876,90,130,mmHg,147.0
511844,501505,500093,3012888,,2022-11-19,32856,93,,8876,60,85,mmHg,93.0
511845,501505,500093,3025315,,2022-11-19,32856,62.6,,9529,45,90,kg,62.6
511846,501505,500093,3038553,,2022-11-19,32856,25,,9531,18.5,25,kg/m2,25.0
511847,501505,500093,3022192,,2022-11-19,32856,147.6,,8840,0,150,mg/dL,147.6
511848,501505,500093,3007070,,2022-11-19,32856,62.8,,8840,40,60,mg/dL,62.8
511849,501505,500093,3028437,,2022-11-19,32856,142.8,,8840,0,130,mg/dL,142.8
511850,501505,500093,3013721,,2022-11-19,32856,28.2,,8645,0,40,U/L,28.2
511851,501505,500093,3006923,,2022-11-19,32856,40,,8645,0,40,U/L,40.0
511852,501505,500093,3016723,,2022-11-19,32856,0.61,,8840,0.6,1.2,mg/dL,0.61
511853,501505,500093,3049187,,2022-11-19,32856,104,,9550,90,130,mL/min/1.73m2,104.0
511854,501506,500093,3004410,,2023-02-11,32856,7.5,,8554,4,5.6,%,7.5
511855,501506,500093,3004501,,2023-02-11,32856,144,,8840,70,99,mg/dL,144.0
511856,501506,500093,3004249,,2023-02-11,32856,164,,8876,90,130,mmHg,164.0
511857,501506,500093,3012888,,2023-02-11,32856,95,,8876,60,85,mmHg,95.0
511858,501506,500093,3025315,,2023-02-11,32856,65.1,,9529,45,90,kg,65.1
511859,501506,500093,3038553,,2023-02-11,32856,26,,9531,18.5,25,kg/m2,26.0
511860,501507,500093,3004410,,2023-05-16,32856,7.6,,8554,4,5.6,%,7.6
511861,501507,500093,3004501,,2023-05-16,32856,137,,8840,70,99,mg/dL,137.0
511862,501507,500093,3004249,,2023-05-16,32856,136,,8876,90,130,mmHg,136.0
511863,501507,500093,3012888,,2023-05-16,32856,83,,8876,60,85,mmHg,83.0
511864,501507,500093,3025315,,2023-05-16,32856,66.9,,9529,45,90,kg,66.9
511865,501507,500093,3038553,,2023-05-16,32856,26.7,,9531,18.5,25,kg/m2,26.7
511866,501508,500093,3004410,,2023-08-18,32856,8.1,,8554,4,5.6,%,8.1
511867,501508,500093,3004501,,2023-08-18,32856,118,,8840,70,99,mg/dL,118.0
511868,501508,500093,3004249,,2023-08-18,32856,135,,8876,90,130,mmHg,135.0
511869,501508,500093,3012888,,2023-08-18,32856,87,,8876,60,85,mmHg,87.0
511870,501508,500093,3025315,,2023-08-18,32856,66.6,,9529,45,90,kg,66.6
511871,501508,500093,3038553,,2023-08-18,32856,26.6,,9531,18.5,25,kg/m2,26.6
511872,501509,500093,3004410,,2023-11-23,32856,7.4,,8554,4,5.6,%,7.4
511873,501509,500093,3004501,,2023-11-23,32856,156,,8840,70,99,mg/dL,156.0
511874,501509,500093,3004249,,2023-11-23,32856,133,,8876,90,130,mmHg,133.0
511875,501509,500093,3012888,,2023-11-23,32856,67,,8876,60,85,mmHg,67.0
511876,501509,500093,3025315,,2023-11-23,32856,64.9,,9529,45,90,kg,64.9
511877,501509,500093,3038553,,2023-11-23,32856,25.9,,9531,18.5,25,kg/m2,25.9
511878,501509,500093,3022192,,2023-11-23,32856,214.8,,8840,0,150,mg/dL,214.8
511879,501509,500093,3007070,,2023-11-23,32856,45.6,,8840,40,60,mg/dL,45.6
511880,501509,500093,3028437,,2023-11-23,32856,117.2,,8840,0,130,mg/dL,117.2
511881,501509,500093,3013721,,2023-11-23,32856,8,,8645,0,40,U/L,8.0
511882,501509,500093,3006923,,2023-11-23,32856,51.3,,8645,0,40,U/L,51.3
511883,501509,500093,3016723,,2023-11-23,32856,0.9,,8840,0.6,1.2,mg/dL,0.9
511884,501509,500093,3049187,,2023-11-23,32856,74,,9550,90,130,mL/min/1.73m2,74.0
511885,501510,500093,3004410,,2024-02-23,32856,7.7,,8554,4,5.6,%,7.7
511886,501510,500093,3004501,,2024-02-23,32856,121,,8840,70,99,mg/dL,121.0
511887,501510,500093,3004249,,2024-02-23,32856,137,,8876,90,130,mmHg,137.0
511888,501510,500093,3012888,,2024-02-23,32856,86,,8876,60,85,mmHg,86.0
511889,501510,500093,3025315,,2024-02-23,32856,64.6,,9529,45,90,kg,64.6
511890,501510,500093,3038553,,2024-02-23,32856,25.8,,9531,18.5,25,kg/m2,25.8
511891,501511,500093,3004410,,2024-05-19,32856,7.7,,8554,4,5.6,%,7.7
511892,501511,500093,3004501,,2024-05-19,32856,166,,8840,70,99,mg/dL,166.0
511893,501511,500093,3004249,,2024-05-19,32856,150,,8876,90,130,mmHg,150.0
511894,501511,500093,3012888,,2024-05-19,32856,84,,8876,60,85,mmHg,84.0
511895,501511,500093,3025315,,2024-05-19,32856,64.2,,9529,45,90,kg,64.2
511896,501511,500093,3038553,,2024-05-19,32856,25.6,,9531,18.5,25,kg/m2,25.6
511897,501512,500093,3004410,,2024-08-13,32856,7.8,,8554,4,5.6,%,7.8
511898,501512,500093,3004501,,2024-08-13,32856,145,,8840,70,99,mg/dL,145.0
511899,501512,500093,3004249,,2024-08-13,32856,134,,8876,90,130,mmHg,134.0
511900,501512,500093,3012888,,2024-08-13,32856,66,,8876,60,85,mmHg,66.0
511901,501512,500093,3025315,,2024-08-13,32856,63.7,,9529,45,90,kg,63.7
511902,501512,500093,3038553,,2024-08-13,32856,25.4,,9531,18.5,25,kg/m2,25.4
511903,501513,500093,3004410,,2024-11-05,32856,7.4,,8554,4,5.6,%,7.4
511904,501513,500093,3004501,,2024-11-05,32856,155,,8840,70,99,mg/dL,155.0
511905,501513,500093,3004249,,2024-11-05,32856,131,,8876,90,130,mmHg,131.0
511906,501513,500093,3012888,,2024-11-05,32856,78,,8876,60,85,mmHg,78.0
511907,501513,500093,3025315,,2024-11-05,32856,64.2,,9529,45,90,kg,64.2
511908,501513,500093,3038553,,2024-11-05,32856,25.6,,9531,18.5,25,kg/m2,25.6
511909,501513,500093,3022192,,2024-11-05,32856,170.4,,8840,0,150,mg/dL,170.4
511910,501513,500093,3007070,,2024-11-05,32856,35.9,,8840,40,60,mg/dL,35.9
511911,501513,500093,3028437,,2024-11-05,32856,91.3,,8840,0,130,mg/dL,91.3
511912,501513,500093,3013721,,2024-11-05,32856,38,,8645,0,40,U/L,38.0
511913,501513,500093,3006923,,2024-11-05,32856,54.8,,8645,0,40,U/L,54.8
511914,501513,500093,3016723,,2024-11-05,32856,0.81,,8840,0.6,1.2,mg/dL,0.81
511915,501513,500093,3049187,,2024-11-05,32856,84,,9550,90,130,mL/min/1.73m2,84.0
511916,501514,500093,3004410,,2025-02-11,32856,7.9,,8554,4,5.6,%,7.9
511917,501514,500093,3004501,,2025-02-11,32856,140,,8840,70,99,mg/dL,140.0
511918,501514,500093,3004249,,2025-02-11,32856,141,,8876,90,130,mmHg,141.0
511919,501514,500093,3012888,,2025-02-11,32856,83,,8876,60,85,mmHg,83.0
511920,501514,500093,3025315,,2025-02-11,32856,63.7,,9529,45,90,kg,63.7
511921,501514,500093,3038553,,2025-02-11,32856,25.4,,9531,18.5,25,kg/m2,25.4
511922,501515,500093,3004410,,2025-05-12,32856,8.1,,8554,4,5.6,%,8.1
511923,501515,500093,3004501,,2025-05-12,32856,169,,8840,70,99,mg/dL,169.0
511924,501515,500093,3004249,,2025-05-12,32856,152,,8876,90,130,mmHg,152.0
511925,501515,500093,3012888,,2025-05-12,32856,77,,8876,60,85,mmHg,77.0
511926,501515,500093,3025315,,2025-05-12,32856,61.8,,9529,45,90,kg,61.8
511927,501515,500093,3038553,,2025-05-12,32856,24.7,,9531,18.5,25,kg/m2,24.7
511928,501516,500093,3004410,,2025-08-17,32856,7.1,,8554,4,5.6,%,7.1
511929,501516,500093,3004501,,2025-08-17,32856,143,,8840,70,99,mg/dL,143.0
511930,501516,500093,3004249,,2025-08-17,32856,134,,8876,90,130,mmHg,134.0
511931,501516,500093,3012888,,2025-08-17,32856,83,,8876,60,85,mmHg,83.0
511932,501516,500093,3025315,,2025-08-17,32856,62.2,,9529,45,90,kg,62.2
511933,501516,500093,3038553,,2025-08-17,32856,24.8,,9531,18.5,25,kg/m2,24.8
511934,501517,500093,3004410,,2025-11-17,32856,7.6,,8554,4,5.6,%,7.6
511935,501517,500093,3004501,,2025-11-17,32856,165,,8840,70,99,mg/dL,165.0
511936,501517,500093,3004249,,2025-11-17,32856,129,,8876,90,130,mmHg,129.0
511937,501517,500093,3012888,,2025-11-17,32856,84,,8876,60,85,mmHg,84.0
511938,501517,500093,3025315,,2025-11-17,32856,62.2,,9529,45,90,kg,62.2
511939,501517,500093,3038553,,2025-11-17,32856,24.8,,9531,18.5,25,kg/m2,24.8
511940,501517,500093,3022192,,2025-11-17,32856,230.2,,8840,0,150,mg/dL,230.2
511941,501517,500093,3007070,,2025-11-17,32856,38,,8840,40,60,mg/dL,38.0
511942,501517,500093,3028437,,2025-11-17,32856,94.4,,8840,0,130,mg/dL,94.4
511943,501517,500093,3013721,,2025-11-17,32856,26.7,,8645,0,40,U/L,26.7
511944,501517,500093,3006923,,2025-11-17,32856,44.4,,8645,0,40,U/L,44.4
511945,501517,500093,3016723,,2025-11-17,32856,1.25,,8840,0.6,1.2,mg/dL,1.25
511946,501517,500093,3049187,,2025-11-17,32856,49,,9550,90,130,mL/min/1.73m2,49.0
511947,501518,500093,3004410,,2026-02-17,32856,6.4,,8554,4,5.6,%,6.4
511948,501518,500093,3004501,,2026-02-17,32856,106,,8840,70,99,mg/dL,106.0
511949,501518,500093,3004249,,2026-02-17,32856,124,,8876,90,130,mmHg,124.0
511950,501518,500093,3012888,,2026-02-17,32856,93,,8876,60,85,mmHg,93.0
511951,501518,500093,3025315,,2026-02-17,32856,61.3,,9529,45,90,kg,61.3
511952,501518,500093,3038553,,2026-02-17,32856,24.5,,9531,18.5,25,kg/m2,24.5
511953,501519,500093,3004410,,2026-05-18,32856,6.5,,8554,4,5.6,%,6.5
511954,501519,500093,3004501,,2026-05-18,32856,140,,8840,70,99,mg/dL,140.0
511955,501519,500093,3004249,,2026-05-18,32856,125,,8876,90,130,mmHg,125.0
511956,501519,500093,3012888,,2026-05-18,32856,78,,8876,60,85,mmHg,78.0
511957,501519,500093,3025315,,2026-05-18,32856,61.2,,9529,45,90,kg,61.2
511958,501519,500093,3038553,,2026-05-18,32856,24.4,,9531,18.5,25,kg/m2,24.4
511959,501520,500093,3004410,,2026-08-12,32856,5.9,,8554,4,5.6,%,5.9
511960,501520,500093,3004501,,2026-08-12,32856,132,,8840,70,99,mg/dL,132.0
511961,501520,500093,3004249,,2026-08-12,32856,142,,8876,90,130,mmHg,142.0
511962,501520,500093,3012888,,2026-08-12,32856,88,,8876,60,85,mmHg,88.0
511963,501520,500093,3025315,,2026-08-12,32856,61.7,,9529,45,90,kg,61.7
511964,501520,500093,3038553,,2026-08-12,32856,24.6,,9531,18.5,25,kg/m2,24.6
511965,501521,500094,3036277,,2020-03-03,32856,178.1,,8582,150,185,cm,178.1
511966,501521,500094,3004410,,2020-03-03,32856,8.5,,8554,4,5.6,%,8.5
511967,501521,500094,3004501,,2020-03-03,32856,158,,8840,70,99,mg/dL,158.0
511968,501521,500094,3004249,,2020-03-03,32856,147,,8876,90,130,mmHg,147.0
511969,501521,500094,3012888,,2020-03-03,32856,88,,8876,60,85,mmHg,88.0
511970,501521,500094,3025315,,2020-03-03,32856,74.9,,9529,45,90,kg,74.9
511971,501521,500094,3038553,,2020-03-03,32856,23.6,,9531,18.5,25,kg/m2,23.6
511972,501521,500094,3022192,,2020-03-03,32856,185.1,,8840,0,150,mg/dL,185.1
511973,501521,500094,3007070,,2020-03-03,32856,65,,8840,40,60,mg/dL,65.0
511974,501521,500094,3028437,,2020-03-03,32856,85.1,,8840,0,130,mg/dL,85.1
511975,501521,500094,3013721,,2020-03-03,32856,52.9,,8645,0,40,U/L,52.9
511976,501521,500094,3006923,,2020-03-03,32856,40.3,,8645,0,40,U/L,40.3
511977,501521,500094,3016723,,2020-03-03,32856,0.73,,8840,0.6,1.2,mg/dL,0.73
511978,501521,500094,3049187,,2020-03-03,32856,103,,9550,90,130,mL/min/1.73m2,103.0
511979,501522,500094,3004410,,2020-05-27,32856,7.8,,8554,4,5.6,%,7.8
511980,501522,500094,3004501,,2020-05-27,32856,186,,8840,70,99,mg/dL,186.0
511981,501522,500094,3004249,,2020-05-27,32856,157,,8876,90,130,mmHg,157.0
511982,501522,500094,3012888,,2020-05-27,32856,79,,8876,60,85,mmHg,79.0
511983,501522,500094,3025315,,2020-05-27,32856,76.1,,9529,45,90,kg,76.1
511984,501522,500094,3038553,,2020-05-27,32856,24,,9531,18.5,25,kg/m2,24.0
511985,501523,500094,3004410,,2020-08-23,32856,7.9,,8554,4,5.6,%,7.9
511986,501523,500094,3004501,,2020-08-23,32856,164,,8840,70,99,mg/dL,164.0
511987,501523,500094,3004249,,2020-08-23,32856,114,,8876,90,130,mmHg,114.0
511988,501523,500094,3012888,,2020-08-23,32856,79,,8876,60,85,mmHg,79.0
511989,501523,500094,3025315,,2020-08-23,32856,76.6,,9529,45,90,kg,76.6
511990,501523,500094,3038553,,2020-08-23,32856,24.1,,9531,18.5,25,kg/m2,24.1
511991,501524,500094,3004410,,2020-11-25,32856,7.6,,8554,4,5.6,%,7.6
511992,501524,500094,3004501,,2020-11-25,32856,146,,8840,70,99,mg/dL,146.0
511993,501524,500094,3004249,,2020-11-25,32856,137,,8876,90,130,mmHg,137.0
511994,501524,500094,3012888,,2020-11-25,32856,74,,8876,60,85,mmHg,74.0
511995,501524,500094,3025315,,2020-11-25,32856,77.5,,9529,45,90,kg,77.5
511996,501524,500094,3038553,,2020-11-25,32856,24.4,,9531,18.5,25,kg/m2,24.4
511997,501525,500094,3004410,,2021-03-03,32856,7.9,,8554,4,5.6,%,7.9
511998,501525,500094,3004501,,2021-03-03,32856,133,,8840,70,99,mg/dL,133.0
511999,501525,500094,3004249,,2021-03-03,32856,123,,8876,90,130,mmHg,123.0
512000,501525,500094,3012888,,2021-03-03,32856,72,,8876,60,85,mmHg,72.0
512001,501525,500094,3025315,,2021-03-03,32856,76.9,,9529,45,90,kg,76.9
512002,501525,500094,3038553,,2021-03-03,32856,24.2,,9531,18.5,25,kg/m2,24.2
512003,501525,500094,3022192,,2021-03-03,32856,242.5,,8840,0,150,mg/dL,242.5
512004,501525,500094,3007070,,2021-03-03,32856,52.4,,8840,40,60,mg/dL,52.4
512005,501525,500094,3028437,,2021-03-03,32856,110.2,,8840,0,130,mg/dL,110.2
512006,501525,500094,3013721,,2021-03-03,32856,25.1,,8645,0,40,U/L,25.1
512007,501525,500094,3006923,,2021-03-03,32856,46,,8645,0,40,U/L,46.0
512008,501525,500094,3016723,,2021-03-03,32856,0.64,,8840,0.6,1.2,mg/dL,0.64
512009,501525,500094,3049187,,2021-03-03,32856,106,,9550,90,130,mL/min/1.73m2,106.0
512010,501526,500094,3004410,,2021-06-08,32856,7.7,,8554,4,5.6,%,7.7
512011,501526,500094,3004501,,2021-06-08,32856,145,,8840,70,99,mg/dL,145.0
512012,501526,500094,3004249,,2021-06-08,32856,154,,8876,90,130,mmHg,154.0
512013,501526,500094,3012888,,2021-06-08,32856,94,,8876,60,85,mmHg,94.0
512014,501526,500094,3025315,,2021-06-08,32856,77.8,,9529,45,90,kg,77.8
512015,501526,500094,3038553,,2021-06-08,32856,24.5,,9531,18.5,25,kg/m2,24.5
512016,501527,500094,3004410,,2021-09-14,32856,7.1,,8554,4,5.6,%,7.1
512017,501527,500094,3004501,,2021-09-14,32856,119,,8840,70,99,mg/dL,119.0
512018,501527,500094,3004249,,2021-09-14,32856,158,,8876,90,130,mmHg,158.0
512019,501527,500094,3012888,,2021-09-14,32856,91,,8876,60,85,mmHg,91.0
512020,501527,500094,3025315,,2021-09-14,32856,77.7,,9529,45,90,kg,77.7
512021,501527,500094,3038553,,2021-09-14,32856,24.5,,9531,18.5,25,kg/m2,24.5
512022,501528,500094,3004410,,2021-12-20,32856,7.2,,8554,4,5.6,%,7.2
512023,501528,500094,3004501,,2021-12-20,32856,129,,8840,70,99,mg/dL,129.0
512024,501528,500094,3004249,,2021-12-20,32856,148,,8876,90,130,mmHg,148.0
512025,501528,500094,3012888,,2021-12-20,32856,83,,8876,60,85,mmHg,83.0
512026,501528,500094,3025315,,2021-12-20,32856,78.8,,9529,45,90,kg,78.8
512027,501528,500094,3038553,,2021-12-20,32856,24.8,,9531,18.5,25,kg/m2,24.8
512028,501529,500094,3004410,,2022-03-16,32856,7.6,,8554,4,5.6,%,7.6
512029,501529,500094,3004501,,2022-03-16,32856,149,,8840,70,99,mg/dL,149.0
512030,501529,500094,3004249,,2022-03-16,32856,146,,8876,90,130,mmHg,146.0
512031,501529,500094,3012888,,2022-03-16,32856,97,,8876,60,85,mmHg,97.0
512032,501529,500094,3025315,,2022-03-16,32856,79.1,,9529,45,90,kg,79.1
512033,501529,500094,3038553,,2022-03-16,32856,24.9,,9531,18.5,25,kg/m2,24.9
512034,501529,500094,3022192,,2022-03-16,32856,227.4,,8840,0,150,mg/dL,227.4
512035,501529,500094,3007070,,2022-03-16,32856,43,,8840,40,60,mg/dL,43.0
512036,501529,500094,3028437,,2022-03-16,32856,101.2,,8840,0,130,mg/dL,101.2
512037,501529,500094,3013721,,2022-03-16,32856,59.1,,8645,0,40,U/L,59.1
512038,501529,500094,3006923,,2022-03-16,32856,101.7,,8645,0,40,U/L,101.7
512039,501529,500094,3016723,,2022-03-16,32856,1,,8840,0.6,1.2,mg/dL,1.0
512040,501529,500094,3049187,,2022-03-16,32856,84,,9550,90,130,mL/min/1.73m2,84.0
512041,501530,500094,3004410,,2022-06-19,32856,8.5,,8554,4,5.6,%,8.5
512042,501530,500094,3004501,,2022-06-19,32856,148,,8840,70,99,mg/dL,148.0
512043,501530,500094,3004249,,2022-06-19,32856,157,,8876,90,130,mmHg,157.0
512044,501530,500094,3012888,,2022-06-19,32856,96,,8876,60,85,mmHg,96.0
512045,501530,500094,3025315,,2022-06-19,32856,79.2,,9529,45,90,kg,79.2
512046,501530,500094,3038553,,2022-06-19,32856,25,,9531,18.5,25,kg/m2,25.0
512047,501531,500094,3004410,,2022-09-16,32856,7.9,,8554,4,5.6,%,7.9
512048,501531,500094,3004501,,2022-09-16,32856,134,,8840,70,99,mg/dL,134.0
512049,501531,500094,3004249,,2022-09-16,32856,148,,8876,90,130,mmHg,148.0
512050,501531,500094,3012888,,2022-09-16,32856,95,,8876,60,85,mmHg,95.0
512051,501531,500094,3025315,,2022-09-16,32856,78.6,,9529,45,90,kg,78.6
512052,501531,500094,3038553,,2022-09-16,32856,24.8,,9531,18.5,25,kg/m2,24.8
512053,501532,500094,3004501,,2022-10-11,32856,68,,8840,70,99,mg/dL,68.0
512054,501533,500094,3004410,,2022-12-18,32856,7.2,,8554,4,5.6,%,7.2
512055,501533,500094,3004501,,2022-12-18,32856,123,,8840,70,99,mg/dL,123.0
512056,501533,500094,3004249,,2022-12-18,32856,119,,8876,90,130,mmHg,119.0
512057,501533,500094,3012888,,2022-12-18,32856,78,,8876,60,85,mmHg,78.0
512058,501533,500094,3025315,,2022-12-18,32856,79.4,,9529,45,90,kg,79.4
512059,501533,500094,3038553,,2022-12-18,32856,25,,9531,18.5,25,kg/m2,25.0
512060,501534,500094,3004410,,2023-03-24,32856,7.1,,8554,4,5.6,%,7.1
512061,501534,500094,3004501,,2023-03-24,32856,147,,8840,70,99,mg/dL,147.0
512062,501534,500094,3004249,,2023-03-24,32856,119,,8876,90,130,mmHg,119.0
512063,501534,500094,3012888,,2023-03-24,32856,81,,8876,60,85,mmHg,81.0
512064,501534,500094,3025315,,2023-03-24,32856,78.4,,9529,45,90,kg,78.4
512065,501534,500094,3038553,,2023-03-24,32856,24.7,,9531,18.5,25,kg/m2,24.7
512066,501534,500094,3022192,,2023-03-24,32856,80.9,,8840,0,150,mg/dL,80.9
512067,501534,500094,3007070,,2023-03-24,32856,68.9,,8840,40,60,mg/dL,68.9
512068,501534,500094,3028437,,2023-03-24,32856,117.7,,8840,0,130,mg/dL,117.7
512069,501534,500094,3013721,,2023-03-24,32856,41.2,,8645,0,40,U/L,41.2
512070,501534,500094,3006923,,2023-03-24,32856,69.7,,8645,0,40,U/L,69.7
512071,501534,500094,3016723,,2023-03-24,32856,0.99,,8840,0.6,1.2,mg/dL,0.99
512072,501534,500094,3049187,,2023-03-24,32856,85,,9550,90,130,mL/min/1.73m2,85.0
512073,501535,500094,3004410,,2023-06-25,32856,7.3,,8554,4,5.6,%,7.3
512074,501535,500094,3004501,,2023-06-25,32856,143,,8840,70,99,mg/dL,143.0
512075,501535,500094,3004249,,2023-06-25,32856,144,,8876,90,130,mmHg,144.0
512076,501535,500094,3012888,,2023-06-25,32856,78,,8876,60,85,mmHg,78.0
512077,501535,500094,3025315,,2023-06-25,32856,76.7,,9529,45,90,kg,76.7
512078,501535,500094,3038553,,2023-06-25,32856,24.2,,9531,18.5,25,kg/m2,24.2
512079,501536,500095,3036277,,2019-02-21,32856,172,,8582,150,185,cm,172.0
512080,501536,500095,3004410,,2019-02-21,32856,7.3,,8554,4,5.6,%,7.3
512081,501536,500095,3004501,,2019-02-21,32856,126,,8840,70,99,mg/dL,126
512082,501536,500095,3004249,,2019-02-21,32856,116,,8876,90,130,mmHg,116.0
512083,501536,500095,3012888,,2019-02-21,32856,73,,8876,60,85,mmHg,73.0
512084,501536,500095,3025315,,2019-02-21,32856,65.4,,9529,45,90,kg,65.4
512085,501536,500095,3038553,,2019-02-21,32856,22.1,,9531,18.5,25,kg/m2,22.1
512086,501536,500095,3022192,,2019-02-21,32856,160.4,,8840,0,150,mg/dL,160.4
512087,501536,500095,3007070,,2019-02-21,32856,26.6,,8840,40,60,mg/dL,26.6
512088,501536,500095,3028437,,2019-02-21,32856,126.6,,8840,0,130,mg/dL,126.6
512089,501536,500095,3013721,,2019-02-21,32856,38.8,,8645,0,40,U/L,38.8
512090,501536,500095,3006923,,2019-02-21,32856,64.3,,8645,0,40,U/L,64.3
512091,501536,500095,3016723,,2019-02-21,32856,0.63,,8840,0.6,1.2,mg/dL,0.63
512092,501536,500095,3049187,,2019-02-21,32856,117,,9550,90,130,mL/min/1.73m2,117.0
512093,501537,500095,3004410,,2019-05-30,32856,7,,8554,4,5.6,%,7.0
512094,501537,500095,3004501,,2019-05-30,32856,143,,8840,70,99,mg/dL,143.0
512095,501537,500095,3004249,,2019-05-30,32856,127,,8876,90,130,mmHg,127.0
512096,501537,500095,3012888,,2019-05-30,32856,76,,8876,60,85,mmHg,76.0
512097,501537,500095,3025315,,2019-05-30,32856,66,,9529,45,90,kg,66.0
512098,501537,500095,3038553,,2019-05-30,32856,22.3,,9531,18.5,25,kg/m2,22.3
512099,501538,500095,3004410,,2019-08-27,32856,6.7,,8554,4,5.6,%,6.7
512100,501538,500095,3004501,,2019-08-27,32856,131,,8840,70,99,mg/dL,131.0
512101,501538,500095,3004249,,2019-08-27,32856,119,,8876,90,130,mmHg,119.0
512102,501538,500095,3012888,,2019-08-27,32856,86,,8876,60,85,mmHg,86.0
512103,501538,500095,3025315,,2019-08-27,32856,66.6,,9529,45,90,kg,66.6
512104,501538,500095,3038553,,2019-08-27,32856,22.5,,9531,18.5,25,kg/m2,22.5
512105,501539,500095,3004410,,2019-11-28,32856,6.6,,8554,4,5.6,%,6.6
512106,501539,500095,3004501,,2019-11-28,32856,110,,8840,70,99,mg/dL,110.0
512107,501539,500095,3004249,,2019-11-28,32856,127,,8876,90,130,mmHg,127.0
512108,501539,500095,3012888,,2019-11-28,32856,84,,8876,60,85,mmHg,84.0
512109,501539,500095,3025315,,2019-11-28,32856,64.5,,9529,45,90,kg,64.5
512110,501539,500095,3038553,,2019-11-28,32856,21.8,,9531,18.5,25,kg/m2,21.8
512111,501540,500095,3004410,,2020-03-01,32856,5.7,,8554,4,5.6,%,5.7
512112,501540,500095,3004501,,2020-03-01,32856,117,,8840,70,99,mg/dL,117.0
512113,501540,500095,3004249,,2020-03-01,32856,126,,8876,90,130,mmHg,126.0
512114,501540,500095,3012888,,2020-03-01,32856,80,,8876,60,85,mmHg,80.0
512115,501540,500095,3025315,,2020-03-01,32856,63.8,,9529,45,90,kg,63.8
512116,501540,500095,3038553,,2020-03-01,32856,21.6,,9531,18.5,25,kg/m2,21.6
512117,501540,500095,3022192,,2020-03-01,32856,206.7,,8840,0,150,mg/dL,206.7
512118,501540,500095,3007070,,2020-03-01,32856,59.4,,8840,40,60,mg/dL,59.4
512119,501540,500095,3028437,,2020-03-01,32856,106.1,,8840,0,130,mg/dL,106.1
512120,501540,500095,3013721,,2020-03-01,32856,55.3,,8645,0,40,U/L,55.3
512121,501540,500095,3006923,,2020-03-01,32856,53.1,,8645,0,40,U/L,53.1
512122,501540,500095,3016723,,2020-03-01,32856,0.62,,8840,0.6,1.2,mg/dL,0.62
512123,501540,500095,3049187,,2020-03-01,32856,116,,9550,90,130,mL/min/1.73m2,116.0
512124,501541,500095,3004410,,2020-05-25,32856,6.1,,8554,4,5.6,%,6.1
512125,501541,500095,3004501,,2020-05-25,32856,106,,8840,70,99,mg/dL,106.0
512126,501541,500095,3004249,,2020-05-25,32856,131,,8876,90,130,mmHg,131.0
512127,501541,500095,3012888,,2020-05-25,32856,73,,8876,60,85,mmHg,73.0
512128,501541,500095,3025315,,2020-05-25,32856,64.1,,9529,45,90,kg,64.1
512129,501541,500095,3038553,,2020-05-25,32856,21.7,,9531,18.5,25,kg/m2,21.7
512130,501542,500095,3004410,,2020-08-22,32856,6.7,,8554,4,5.6,%,6.7
512131,501542,500095,3004501,,2020-08-22,32856,139,,8840,70,99,mg/dL,139.0
512132,501542,500095,3004249,,2020-08-22,32856,137,,8876,90,130,mmHg,137.0
512133,501542,500095,3012888,,2020-08-22,32856,76,,8876,60,85,mmHg,76.0
512134,501542,500095,3025315,,2020-08-22,32856,64.4,,9529,45,90,kg,64.4
512135,501542,500095,3038553,,2020-08-22,32856,21.8,,9531,18.5,25,kg/m2,21.8
512136,501543,500095,3004410,,2020-11-16,32856,6.3,,8554,4,5.6,%,6.3
512137,501543,500095,3004501,,2020-11-16,32856,121,,8840,70,99,mg/dL,121.0
512138,501543,500095,3004249,,2020-11-16,32856,130,,8876,90,130,mmHg,130.0
512139,501543,500095,3012888,,2020-11-16,32856,94,,8876,60,85,mmHg,94.0
512140,501543,500095,3025315,,2020-11-16,32856,64.4,,9529,45,90,kg,64.4
512141,501543,500095,3038553,,2020-11-16,32856,21.8,,9531,18.5,25,kg/m2,21.8
512142,501544,500095,3004410,,2021-02-22,32856,6,,8554,4,5.6,%,6.0
512143,501544,500095,3004501,,2021-02-22,32856,122,,8840,70,99,mg/dL,122.0
512144,501544,500095,3004249,,2021-02-22,32856,137,,8876,90,130,mmHg,137.0
512145,501544,500095,3012888,,2021-02-22,32856,81,,8876,60,85,mmHg,81.0
512146,501544,500095,3025315,,2021-02-22,32856,65.2,,9529,45,90,kg,65.2
512147,501544,500095,3038553,,2021-02-22,32856,22,,9531,18.5,25,kg/m2,22.0
512148,501544,500095,3022192,,2021-02-22,32856,169.7,,8840,0,150,mg/dL,169.7
512149,501544,500095,3007070,,2021-02-22,32856,39.6,,8840,40,60,mg/dL,39.6
512150,501544,500095,3028437,,2021-02-22,32856,128.9,,8840,0,130,mg/dL,128.9
512151,501544,500095,3013721,,2021-02-22,32856,8,,8645,0,40,U/L,8.0
512152,501544,500095,3006923,,2021-02-22,32856,8.9,,8645,0,40,U/L,8.9
512153,501544,500095,3016723,,2021-02-22,32856,0.74,,8840,0.6,1.2,mg/dL,0.74
512154,501544,500095,3049187,,2021-02-22,32856,110,,9550,90,130,mL/min/1.73m2,110.0
512155,501545,500095,3004410,,2021-05-31,32856,7.1,,8554,4,5.6,%,7.1
512156,501545,500095,3004501,,2021-05-31,32856,161,,8840,70,99,mg/dL,161.0
512157,501545,500095,3004249,,2021-05-31,32856,97,,8876,90,130,mmHg,97.0
512158,501545,500095,3012888,,2021-05-31,32856,92,,8876,60,85,mmHg,92.0
512159,501545,500095,3025315,,2021-05-31,32856,64.7,,9529,45,90,kg,64.7
512160,501545,500095,3038553,,2021-05-31,32856,21.9,,9531,18.5,25,kg/m2,21.9
512161,501546,500095,3004410,,2021-09-05,32856,7.4,,8554,4,5.6,%,7.4
512162,501546,500095,3004501,,2021-09-05,32856,133,,8840,70,99,mg/dL,133.0
512163,501546,500095,3004249,,2021-09-05,32856,110,,8876,90,130,mmHg,110.0
512164,501546,500095,3012888,,2021-09-05,32856,80,,8876,60,85,mmHg,80.0
512165,501546,500095,3025315,,2021-09-05,32856,65.8,,9529,45,90,kg,65.8
512166,501546,500095,3038553,,2021-09-05,32856,22.2,,9531,18.5,25,kg/m2,22.2
512167,501547,500095,3004410,,2021-12-04,32856,7.2,,8554,4,5.6,%,7.2
512168,501547,500095,3004501,,2021-12-04,32856,149,,8840,70,99,mg/dL,149.0
512169,501547,500095,3004249,,2021-12-04,32856,137,,8876,90,130,mmHg,137.0
512170,501547,500095,3012888,,2021-12-04,32856,75,,8876,60,85,mmHg,75.0
512171,501547,500095,3025315,,2021-12-04,32856,66.1,,9529,45,90,kg,66.1
512172,501547,500095,3038553,,2021-12-04,32856,22.3,,9531,18.5,25,kg/m2,22.3
512173,501548,500095,3004410,,2022-03-04,32856,6.4,,8554,4,5.6,%,6.4
512174,501548,500095,3004501,,2022-03-04,32856,112,,8840,70,99,mg/dL,112.0
512175,501548,500095,3004249,,2022-03-04,32856,138,,8876,90,130,mmHg,138.0
512176,501548,500095,3012888,,2022-03-04,32856,71,,8876,60,85,mmHg,71.0
512177,501548,500095,3025315,,2022-03-04,32856,66,,9529,45,90,kg,66.0
512178,501548,500095,3038553,,2022-03-04,32856,22.3,,9531,18.5,25,kg/m2,22.3
512179,501548,500095,3022192,,2022-03-04,32856,266.3,,8840,0,150,mg/dL,266.3
512180,501548,500095,3007070,,2022-03-04,32856,36.2,,8840,40,60,mg/dL,36.2
512181,501548,500095,3028437,,2022-03-04,32856,132.3,,8840,0,130,mg/dL,132.3
512182,501548,500095,3013721,,2022-03-04,32856,37.1,,8645,0,40,U/L,37.1
512183,501548,500095,3006923,,2022-03-04,32856,63.7,,8645,0,40,U/L,63.7
512184,501548,500095,3016723,,2022-03-04,32856,0.55,,8840,0.6,1.2,mg/dL,0.55
512185,501548,500095,3049187,,2022-03-04,32856,119,,9550,90,130,mL/min/1.73m2,119.0
512186,501549,500095,3004410,,2022-05-28,32856,7,,8554,4,5.6,%,7.0
512187,501549,500095,3004501,,2022-05-28,32856,132,,8840,70,99,mg/dL,132.0
512188,501549,500095,3004249,,2022-05-28,32856,109,,8876,90,130,mmHg,109.0
512189,501549,500095,3012888,,2022-05-28,32856,74,,8876,60,85,mmHg,74.0
512190,501549,500095,3025315,,2022-05-28,32856,67.3,,9529,45,90,kg,67.3
512191,501549,500095,3038553,,2022-05-28,32856,22.7,,9531,18.5,25,kg/m2,22.7
512192,501550,500095,3004410,,2022-08-26,32856,7.7,,8554,4,5.6,%,7.7
512193,501550,500095,3004501,,2022-08-26,32856,161,,8840,70,99,mg/dL,161.0
512194,501550,500095,3004249,,2022-08-26,32856,133,,8876,90,130,mmHg,133.0
512195,501550,500095,3012888,,2022-08-26,32856,72,,8876,60,85,mmHg,72.0
512196,501550,500095,3025315,,2022-08-26,32856,68.8,,9529,45,90,kg,68.8
512197,501550,500095,3038553,,2022-08-26,32856,23.3,,9531,18.5,25,kg/m2,23.3
512198,501551,500095,3004410,,2022-12-02,32856,7.8,,8554,4,5.6,%,7.8
512199,501551,500095,3004501,,2022-12-02,32856,163,,8840,70,99,mg/dL,163.0
512200,501551,500095,3004249,,2022-12-02,32856,127,,8876,90,130,mmHg,127.0
512201,501551,500095,3012888,,2022-12-02,32856,80,,8876,60,85,mmHg,80.0
512202,501551,500095,3025315,,2022-12-02,32856,69.6,,9529,45,90,kg,69.6
512203,501551,500095,3038553,,2022-12-02,32856,23.5,,9531,18.5,25,kg/m2,23.5
512204,501552,500095,3004410,,2023-03-04,32856,7.7,,8554,4,5.6,%,7.7
512205,501552,500095,3004501,,2023-03-04,32856,138,,8840,70,99,mg/dL,138.0
512206,501552,500095,3004249,,2023-03-04,32856,118,,8876,90,130,mmHg,118.0
512207,501552,500095,3012888,,2023-03-04,32856,75,,8876,60,85,mmHg,75.0
512208,501552,500095,3025315,,2023-03-04,32856,69.6,,9529,45,90,kg,69.6
512209,501552,500095,3038553,,2023-03-04,32856,23.5,,9531,18.5,25,kg/m2,23.5
512210,501552,500095,3022192,,2023-03-04,32856,279.5,,8840,0,150,mg/dL,279.5
512211,501552,500095,3007070,,2023-03-04,32856,49.7,,8840,40,60,mg/dL,49.7
512212,501552,500095,3028437,,2023-03-04,32856,142.7,,8840,0,130,mg/dL,142.7
512213,501552,500095,3013721,,2023-03-04,32856,44.2,,8645,0,40,U/L,44.2
512214,501552,500095,3006923,,2023-03-04,32856,47.2,,8645,0,40,U/L,47.2
512215,501552,500095,3016723,,2023-03-04,32856,2,,8840,0.6,1.2,mg/dL,2.0
512216,501552,500095,3049187,,2023-03-04,32856,39,,9550,90,130,mL/min/1.73m2,39.0
512217,501554,500096,3036277,,2023-04-07,32856,152,,8582,150,185,cm,152.0
512218,501554,500096,3004410,,2023-04-07,32856,7.2,,8554,4,5.6,%,7.2
512219,501554,500096,3004501,,2023-04-07,32856,132,,8840,70,99,mg/dL,132.0
512220,501554,500096,3004249,,2023-04-07,32856,156,,8876,90,130,mmHg,156.0
512221,501554,500096,3012888,,2023-04-07,32856,81,,8876,60,85,mmHg,81.0
512222,501554,500096,3025315,,2023-04-07,32856,53.6,,9529,45,90,kg,53.6
512223,501554,500096,3038553,,2023-04-07,32856,23.2,,9531,18.5,25,kg/m2,23.2
512224,501554,500096,3022192,,2023-04-07,32856,166.5,,8840,0,150,mg/dL,166.5
512225,501554,500096,3007070,,2023-04-07,32856,30.4,,8840,40,60,mg/dL,30.4
512226,501554,500096,3028437,,2023-04-07,32856,91.5,,8840,0,130,mg/dL,91.5
512227,501554,500096,3013721,,2023-04-07,32856,37.5,,8645,0,40,U/L,37.5
512228,501554,500096,3006923,,2023-04-07,32856,57.2,,8645,0,40,U/L,57.2
512229,501554,500096,3016723,,2023-04-07,32856,0.5,,8840,0.6,1.2,mg/dL,0.5
512230,501554,500096,3049187,,2023-04-07,32856,115,,9550,90,130,mL/min/1.73m2,115.0
512231,501555,500096,3004410,,2023-07-11,32856,6.4,,8554,4,5.6,%,6.4
512232,501555,500096,3004501,,2023-07-11,32856,126,,8840,70,99,mg/dL,126.0
512233,501555,500096,3004249,,2023-07-11,32856,139,,8876,90,130,mmHg,139.0
512234,501555,500096,3012888,,2023-07-11,32856,83,,8876,60,85,mmHg,83.0
512235,501555,500096,3025315,,2023-07-11,32856,52.8,,9529,45,90,kg,52.8
512236,501555,500096,3038553,,2023-07-11,32856,22.9,,9531,18.5,25,kg/m2,22.9
512237,501556,500096,3004410,,2023-10-16,32856,6.3,,8554,4,5.6,%,6.3
512238,501556,500096,3004501,,2023-10-16,32856,103,,8840,70,99,mg/dL,103.0
512239,501556,500096,3004249,,2023-10-16,32856,148,,8876,90,130,mmHg,148.0
512240,501556,500096,3012888,,2023-10-16,32856,100,,8876,60,85,mmHg,100.0
512241,501556,500096,3025315,,2023-10-16,32856,52.8,,9529,45,90,kg,52.8
512242,501556,500096,3038553,,2023-10-16,32856,22.9,,9531,18.5,25,kg/m2,22.9
512243,501557,500096,3004410,,2024-01-17,32856,6.2,,8554,4,5.6,%,6.2
512244,501557,500096,3004501,,2024-01-17,32856,121,,8840,70,99,mg/dL,121.0
512245,501557,500096,3004249,,2024-01-17,32856,129,,8876,90,130,mmHg,129.0
512246,501557,500096,3012888,,2024-01-17,32856,71,,8876,60,85,mmHg,71.0
512247,501557,500096,3025315,,2024-01-17,32856,52.3,,9529,45,90,kg,52.3
512248,501557,500096,3038553,,2024-01-17,32856,22.6,,9531,18.5,25,kg/m2,22.6
512249,501558,500096,3004410,,2024-04-14,32856,5.7,,8554,4,5.6,%,5.7
512250,501558,500096,3004501,,2024-04-14,32856,95,,8840,70,99,mg/dL,95.0
512251,501558,500096,3004249,,2024-04-14,32856,143,,8876,90,130,mmHg,143.0
512252,501558,500096,3012888,,2024-04-14,32856,85,,8876,60,85,mmHg,85.0
512253,501558,500096,3025315,,2024-04-14,32856,53.1,,9529,45,90,kg,53.1
512254,501558,500096,3038553,,2024-04-14,32856,23,,9531,18.5,25,kg/m2,23.0
512255,501558,500096,3022192,,2024-04-14,32856,236.4,,8840,0,150,mg/dL,236.4
512256,501558,500096,3007070,,2024-04-14,32856,48.5,,8840,40,60,mg/dL,48.5
512257,501558,500096,3028437,,2024-04-14,32856,77.4,,8840,0,130,mg/dL,77.4
512258,501558,500096,3013721,,2024-04-14,32856,59.4,,8645,0,40,U/L,59.4
512259,501558,500096,3006923,,2024-04-14,32856,41.3,,8645,0,40,U/L,41.3
512260,501558,500096,3016723,,2024-04-14,32856,1.36,,8840,0.6,1.2,mg/dL,1.36
512261,501558,500096,3049187,,2024-04-14,32856,47,,9550,90,130,mL/min/1.73m2,47.0
512262,501559,500096,3004410,,2024-07-13,32856,6.4,,8554,4,5.6,%,6.4
512263,501559,500096,3004501,,2024-07-13,32856,133,,8840,70,99,mg/dL,133.0
512264,501559,500096,3004249,,2024-07-13,32856,123,,8876,90,130,mmHg,123.0
512265,501559,500096,3012888,,2024-07-13,32856,90,,8876,60,85,mmHg,90.0
512266,501559,500096,3025315,,2024-07-13,32856,53.2,,9529,45,90,kg,53.2
512267,501559,500096,3038553,,2024-07-13,32856,23,,9531,18.5,25,kg/m2,23.0
512268,501560,500096,3004410,,2024-10-16,32856,6.6,,8554,4,5.6,%,6.6
512269,501560,500096,3004501,,2024-10-16,32856,105,,8840,70,99,mg/dL,105.0
512270,501560,500096,3004249,,2024-10-16,32856,143,,8876,90,130,mmHg,143.0
512271,501560,500096,3012888,,2024-10-16,32856,81,,8876,60,85,mmHg,81.0
512272,501560,500096,3025315,,2024-10-16,32856,55.3,,9529,45,90,kg,55.3
512273,501560,500096,3038553,,2024-10-16,32856,23.9,,9531,18.5,25,kg/m2,23.9
512274,501561,500096,3004410,,2025-01-13,32856,6.5,,8554,4,5.6,%,6.5
512275,501561,500096,3004501,,2025-01-13,32856,115,,8840,70,99,mg/dL,115.0
512276,501561,500096,3004249,,2025-01-13,32856,129,,8876,90,130,mmHg,129.0
512277,501561,500096,3012888,,2025-01-13,32856,88,,8876,60,85,mmHg,88.0
512278,501561,500096,3025315,,2025-01-13,32856,54.8,,9529,45,90,kg,54.8
512279,501561,500096,3038553,,2025-01-13,32856,23.7,,9531,18.5,25,kg/m2,23.7
512280,501562,500096,3004410,,2025-04-19,32856,6.1,,8554,4,5.6,%,6.1
512281,501562,500096,3004501,,2025-04-19,32856,121,,8840,70,99,mg/dL,121.0
512282,501562,500096,3004249,,2025-04-19,32856,133,,8876,90,130,mmHg,133.0
512283,501562,500096,3012888,,2025-04-19,32856,72,,8876,60,85,mmHg,72.0
512284,501562,500096,3025315,,2025-04-19,32856,53.8,,9529,45,90,kg,53.8
512285,501562,500096,3038553,,2025-04-19,32856,23.3,,9531,18.5,25,kg/m2,23.3
512286,501562,500096,3022192,,2025-04-19,32856,157.3,,8840,0,150,mg/dL,157.3
512287,501562,500096,3007070,,2025-04-19,32856,64.8,,8840,40,60,mg/dL,64.8
512288,501562,500096,3028437,,2025-04-19,32856,118.9,,8840,0,130,mg/dL,118.9
512289,501562,500096,3013721,,2025-04-19,32856,16.3,,8645,0,40,U/L,16.3
512290,501562,500096,3006923,,2025-04-19,32856,12.6,,8645,0,40,U/L,12.6
512291,501562,500096,3016723,,2025-04-19,32856,0.68,,8840,0.6,1.2,mg/dL,0.68
512292,501562,500096,3049187,,2025-04-19,32856,105,,9550,90,130,mL/min/1.73m2,105.0
512293,501563,500096,3004410,,2025-07-14,32856,6.2,,8554,4,5.6,%,6.2
512294,501563,500096,3004501,,2025-07-14,32856,119,,8840,70,99,mg/dL,119.0
512295,501563,500096,3004249,,2025-07-14,32856,122,,8876,90,130,mmHg,122.0
512296,501563,500096,3012888,,2025-07-14,32856,85,,8876,60,85,mmHg,85.0
512297,501563,500096,3025315,,2025-07-14,32856,54.2,,9529,45,90,kg,54.2
512298,501563,500096,3038553,,2025-07-14,32856,23.5,,9531,18.5,25,kg/m2,23.5
512299,501564,500096,3004410,,2025-10-13,32856,7.3,,8554,4,5.6,%,7.3
512300,501564,500096,3004501,,2025-10-13,32856,125,,8840,70,99,mg/dL,125.0
512301,501564,500096,3004249,,2025-10-13,32856,134,,8876,90,130,mmHg,134.0
512302,501564,500096,3012888,,2025-10-13,32856,84,,8876,60,85,mmHg,84.0
512303,501564,500096,3025315,,2025-10-13,32856,55.2,,9529,45,90,kg,55.2
512304,501564,500096,3038553,,2025-10-13,32856,23.9,,9531,18.5,25,kg/m2,23.9
512305,501565,500096,3004410,,2026-01-07,32856,6.8,,8554,4,5.6,%,6.8
512306,501565,500096,3004501,,2026-01-07,32856,110,,8840,70,99,mg/dL,110.0
512307,501565,500096,3004249,,2026-01-07,32856,140,,8876,90,130,mmHg,140.0
512308,501565,500096,3012888,,2026-01-07,32856,83,,8876,60,85,mmHg,83.0
512309,501565,500096,3025315,,2026-01-07,32856,55.7,,9529,45,90,kg,55.7
512310,501565,500096,3038553,,2026-01-07,32856,24.1,,9531,18.5,25,kg/m2,24.1
512311,501566,500096,3004410,,2026-04-07,32856,6.3,,8554,4,5.6,%,6.3
512312,501566,500096,3004501,,2026-04-07,32856,127,,8840,70,99,mg/dL,127.0
512313,501566,500096,3004249,,2026-04-07,32856,125,,8876,90,130,mmHg,125.0
512314,501566,500096,3012888,,2026-04-07,32856,89,,8876,60,85,mmHg,89.0
512315,501566,500096,3025315,,2026-04-07,32856,54.9,,9529,45,90,kg,54.9
512316,501566,500096,3038553,,2026-04-07,32856,23.8,,9531,18.5,25,kg/m2,23.8
512317,501566,500096,3022192,,2026-04-07,32856,164.6,,8840,0,150,mg/dL,164.6
512318,501566,500096,3007070,,2026-04-07,32856,42.7,,8840,40,60,mg/dL,42.7
512319,501566,500096,3028437,,2026-04-07,32856,110.6,,8840,0,130,mg/dL,110.6
512320,501566,500096,3013721,,2026-04-07,32856,21.8,,8645,0,40,U/L,21.8
512321,501566,500096,3006923,,2026-04-07,32856,7.1,,8645,0,40,U/L,7.1
512322,501566,500096,3016723,,2026-04-07,32856,1.03,,8840,0.6,1.2,mg/dL,1.03
512323,501566,500096,3049187,,2026-04-07,32856,65,,9550,90,130,mL/min/1.73m2,65.0
512324,501567,500096,3004410,,2026-07-10,32856,6.6,,8554,4,5.6,%,6.6
512325,501567,500096,3004501,,2026-07-10,32856,106,,8840,70,99,mg/dL,106.0
512326,501567,500096,3004249,,2026-07-10,32856,136,,8876,90,130,mmHg,136.0
512327,501567,500096,3012888,,2026-07-10,32856,85,,8876,60,85,mmHg,85.0
512328,501567,500096,3025315,,2026-07-10,32856,53.4,,9529,45,90,kg,53.4
512329,501567,500096,3038553,,2026-07-10,32856,23.1,,9531,18.5,25,kg/m2,23.1
512330,501568,500097,3036277,,2021-10-09,32856,159.3,,8582,150,185,cm,159.3
512331,501568,500097,3004410,,2021-10-09,32856,7.8,,8554,4,5.6,%,7.8
512332,501568,500097,3004501,,2021-10-09,32856,142,,8840,70,99,mg/dL,142.0
512333,501568,500097,3004249,,2021-10-09,32856,127,,8876,90,130,mmHg,127.0
512334,501568,500097,3012888,,2021-10-09,32856,84,,8876,60,85,mmHg,84.0
512335,501568,500097,3025315,,2021-10-09,32856,61.9,,9529,45,90,kg,61.9
512336,501568,500097,3038553,,2021-10-09,32856,24.4,,9531,18.5,25,kg/m2,24.4
512337,501568,500097,3022192,,2021-10-09,32856,200.2,,8840,0,150,mg/dL,200.2
512338,501568,500097,3007070,,2021-10-09,32856,30.2,,8840,40,60,mg/dL,30.2
512339,501568,500097,3028437,,2021-10-09,32856,131.1,,8840,0,130,mg/dL,131.1
512340,501568,500097,3013721,,2021-10-09,32856,26.3,,8645,0,40,U/L,26.3
512341,501568,500097,3006923,,2021-10-09,32856,85.6,,8645,0,40,U/L,85.6
512342,501568,500097,3016723,,2021-10-09,32856,0.69,,8840,0.6,1.2,mg/dL,0.69
512343,501568,500097,3049187,,2021-10-09,32856,115,,9550,90,130,mL/min/1.73m2,115.0
512344,501569,500097,3004410,,2022-01-10,32856,7.7,,8554,4,5.6,%,7.7
512345,501569,500097,3004501,,2022-01-10,32856,141,,8840,70,99,mg/dL,141.0
512346,501569,500097,3004249,,2022-01-10,32856,125,,8876,90,130,mmHg,125.0
512347,501569,500097,3012888,,2022-01-10,32856,68,,8876,60,85,mmHg,68.0
512348,501569,500097,3025315,,2022-01-10,32856,62.4,,9529,45,90,kg,62.4
512349,501569,500097,3038553,,2022-01-10,32856,24.6,,9531,18.5,25,kg/m2,24.6
512350,501570,500097,3004410,,2022-04-16,32856,7.3,,8554,4,5.6,%,7.3
512351,501570,500097,3004501,,2022-04-16,32856,130,,8840,70,99,mg/dL,130.0
512352,501570,500097,3004249,,2022-04-16,32856,141,,8876,90,130,mmHg,141.0
512353,501570,500097,3012888,,2022-04-16,32856,90,,8876,60,85,mmHg,90.0
512354,501570,500097,3025315,,2022-04-16,32856,62.1,,9529,45,90,kg,62.1
512355,501570,500097,3038553,,2022-04-16,32856,24.5,,9531,18.5,25,kg/m2,24.5
512356,501571,500097,3004410,,2022-07-11,32856,7.6,,8554,4,5.6,%,7.6
512357,501571,500097,3004501,,2022-07-11,32856,185,,8840,70,99,mg/dL,185.0
512358,501571,500097,3004249,,2022-07-11,32856,131,,8876,90,130,mmHg,131.0
512359,501571,500097,3012888,,2022-07-11,32856,75,,8876,60,85,mmHg,75.0
512360,501571,500097,3025315,,2022-07-11,32856,62.4,,9529,45,90,kg,62.4
512361,501571,500097,3038553,,2022-07-11,32856,24.6,,9531,18.5,25,kg/m2,24.6
512362,501572,500097,3004410,,2022-10-15,32856,6.3,,8554,4,5.6,%,6.3
512363,501572,500097,3004501,,2022-10-15,32856,101,,8840,70,99,mg/dL,101.0
512364,501572,500097,3004249,,2022-10-15,32856,136,,8876,90,130,mmHg,136.0
512365,501572,500097,3012888,,2022-10-15,32856,80,,8876,60,85,mmHg,80.0
512366,501572,500097,3025315,,2022-10-15,32856,62.4,,9529,45,90,kg,62.4
512367,501572,500097,3038553,,2022-10-15,32856,24.6,,9531,18.5,25,kg/m2,24.6
512368,501572,500097,3022192,,2022-10-15,32856,52.1,,8840,0,150,mg/dL,52.1
512369,501572,500097,3007070,,2022-10-15,32856,30.7,,8840,40,60,mg/dL,30.7
512370,501572,500097,3028437,,2022-10-15,32856,157.9,,8840,0,130,mg/dL,157.9
512371,501572,500097,3013721,,2022-10-15,32856,8,,8645,0,40,U/L,8.0
512372,501572,500097,3006923,,2022-10-15,32856,6,,8645,0,40,U/L,6.0
512373,501572,500097,3016723,,2022-10-15,32856,0.56,,8840,0.6,1.2,mg/dL,0.56
512374,501572,500097,3049187,,2022-10-15,32856,119,,9550,90,130,mL/min/1.73m2,119.0
512375,501573,500097,3004410,,2023-01-15,32856,7,,8554,4,5.6,%,7.0
512376,501573,500097,3004501,,2023-01-15,32856,91,,8840,70,99,mg/dL,91.0
512377,501573,500097,3004249,,2023-01-15,32856,126,,8876,90,130,mmHg,126.0
512378,501573,500097,3012888,,2023-01-15,32856,73,,8876,60,85,mmHg,73.0
512379,501573,500097,3025315,,2023-01-15,32856,60.9,,9529,45,90,kg,60.9
512380,501573,500097,3038553,,2023-01-15,32856,24,,9531,18.5,25,kg/m2,24.0
512381,501574,500097,3004410,,2023-04-17,32856,7.5,,8554,4,5.6,%,7.5
512382,501574,500097,3004501,,2023-04-17,32856,171,,8840,70,99,mg/dL,171.0
512383,501574,500097,3004249,,2023-04-17,32856,129,,8876,90,130,mmHg,129.0
512384,501574,500097,3012888,,2023-04-17,32856,68,,8876,60,85,mmHg,68.0
512385,501574,500097,3025315,,2023-04-17,32856,58.6,,9529,45,90,kg,58.6
512386,501574,500097,3038553,,2023-04-17,32856,23.1,,9531,18.5,25,kg/m2,23.1
512387,501575,500097,3004410,,2023-07-23,32856,7.3,,8554,4,5.6,%,7.3
512388,501575,500097,3004501,,2023-07-23,32856,142,,8840,70,99,mg/dL,142.0
512389,501575,500097,3004249,,2023-07-23,32856,114,,8876,90,130,mmHg,114.0
512390,501575,500097,3012888,,2023-07-23,32856,73,,8876,60,85,mmHg,73.0
512391,501575,500097,3025315,,2023-07-23,32856,59,,9529,45,90,kg,59.0
512392,501575,500097,3038553,,2023-07-23,32856,23.2,,9531,18.5,25,kg/m2,23.2
512393,501576,500097,3004410,,2023-10-20,32856,7.3,,8554,4,5.6,%,7.3
512394,501576,500097,3004501,,2023-10-20,32856,146,,8840,70,99,mg/dL,146.0
512395,501576,500097,3004249,,2023-10-20,32856,116,,8876,90,130,mmHg,116.0
512396,501576,500097,3012888,,2023-10-20,32856,82,,8876,60,85,mmHg,82.0
512397,501576,500097,3025315,,2023-10-20,32856,58.1,,9529,45,90,kg,58.1
512398,501576,500097,3038553,,2023-10-20,32856,22.9,,9531,18.5,25,kg/m2,22.9
512399,501576,500097,3022192,,2023-10-20,32856,174.4,,8840,0,150,mg/dL,174.4
512400,501576,500097,3007070,,2023-10-20,32856,26.3,,8840,40,60,mg/dL,26.3
512401,501576,500097,3028437,,2023-10-20,32856,105.8,,8840,0,130,mg/dL,105.8
512402,501576,500097,3013721,,2023-10-20,32856,64.2,,8645,0,40,U/L,64.2
512403,501576,500097,3006923,,2023-10-20,32856,30.8,,8645,0,40,U/L,30.8
512404,501576,500097,3016723,,2023-10-20,32856,0.54,,8840,0.6,1.2,mg/dL,0.54
512405,501576,500097,3049187,,2023-10-20,32856,119,,9550,90,130,mL/min/1.73m2,119.0
512406,501577,500097,3004410,,2024-01-22,32856,7.1,,8554,4,5.6,%,7.1
512407,501577,500097,3004501,,2024-01-22,32856,109,,8840,70,99,mg/dL,109.0
512408,501577,500097,3004249,,2024-01-22,32856,140,,8876,90,130,mmHg,140.0
512409,501577,500097,3012888,,2024-01-22,32856,81,,8876,60,85,mmHg,81.0
512410,501577,500097,3025315,,2024-01-22,32856,57.7,,9529,45,90,kg,57.7
512411,501577,500097,3038553,,2024-01-22,32856,22.7,,9531,18.5,25,kg/m2,22.7
512412,501578,500097,3004410,,2024-04-23,32856,7.1,,8554,4,5.6,%,7.1
512413,501578,500097,3004501,,2024-04-23,32856,111,,8840,70,99,mg/dL,111.0
512414,501578,500097,3004249,,2024-04-23,32856,121,,8876,90,130,mmHg,121.0
512415,501578,500097,3012888,,2024-04-23,32856,84,,8876,60,85,mmHg,84.0
512416,501578,500097,3025315,,2024-04-23,32856,57,,9529,45,90,kg,57.0
512417,501578,500097,3038553,,2024-04-23,32856,22.5,,9531,18.5,25,kg/m2,22.5
512418,501579,500097,3004410,,2024-07-18,32856,7.3,,8554,4,5.6,%,7.3
512419,501579,500097,3004501,,2024-07-18,32856,119,,8840,70,99,mg/dL,119.0
512420,501579,500097,3004249,,2024-07-18,32856,104,,8876,90,130,mmHg,104.0
512421,501579,500097,3012888,,2024-07-18,32856,73,,8876,60,85,mmHg,73.0
512422,501579,500097,3025315,,2024-07-18,32856,56.3,,9529,45,90,kg,56.3
512423,501579,500097,3038553,,2024-07-18,32856,22.2,,9531,18.5,25,kg/m2,22.2
512424,501580,500097,3004410,,2024-10-14,32856,7.5,,8554,4,5.6,%,7.5
512425,501580,500097,3004501,,2024-10-14,32856,129,,8840,70,99,mg/dL,129.0
512426,501580,500097,3004249,,2024-10-14,32856,129,,8876,90,130,mmHg,129.0
512427,501580,500097,3012888,,2024-10-14,32856,68,,8876,60,85,mmHg,68.0
512428,501580,500097,3025315,,2024-10-14,32856,54.2,,9529,45,90,kg,54.2
512429,501580,500097,3038553,,2024-10-14,32856,21.4,,9531,18.5,25,kg/m2,21.4
512430,501580,500097,3022192,,2024-10-14,32856,133.8,,8840,0,150,mg/dL,133.8
512431,501580,500097,3007070,,2024-10-14,32856,51.3,,8840,40,60,mg/dL,51.3
512432,501580,500097,3028437,,2024-10-14,32856,154.8,,8840,0,130,mg/dL,154.8
512433,501580,500097,3013721,,2024-10-14,32856,8,,8645,0,40,U/L,8.0
512434,501580,500097,3006923,,2024-10-14,32856,97.4,,8645,0,40,U/L,97.4
512435,501580,500097,3016723,,2024-10-14,32856,0.8,,8840,0.6,1.2,mg/dL,0.8
512436,501580,500097,3049187,,2024-10-14,32856,95,,9550,90,130,mL/min/1.73m2,95.0
512437,501581,500097,3004410,,2025-01-18,32856,6.9,,8554,4,5.6,%,6.9
512438,501581,500097,3004501,,2025-01-18,32856,119,,8840,70,99,mg/dL,119.0
512439,501581,500097,3004249,,2025-01-18,32856,131,,8876,90,130,mmHg,131.0
512440,501581,500097,3012888,,2025-01-18,32856,74,,8876,60,85,mmHg,74.0
512441,501581,500097,3025315,,2025-01-18,32856,53.6,,9529,45,90,kg,53.6
512442,501581,500097,3038553,,2025-01-18,32856,21.1,,9531,18.5,25,kg/m2,21.1
512443,501582,500097,3004410,,2025-04-21,32856,6.9,,8554,4,5.6,%,6.9
512444,501582,500097,3004501,,2025-04-21,32856,106,,8840,70,99,mg/dL,106.0
512445,501582,500097,3004249,,2025-04-21,32856,142,,8876,90,130,mmHg,142.0
512446,501582,500097,3012888,,2025-04-21,32856,66,,8876,60,85,mmHg,66.0
512447,501582,500097,3025315,,2025-04-21,32856,52.7,,9529,45,90,kg,52.7
512448,501582,500097,3038553,,2025-04-21,32856,20.8,,9531,18.5,25,kg/m2,20.8
512449,501583,500097,3004410,,2025-07-25,32856,6.7,,8554,4,5.6,%,6.7
512450,501583,500097,3004501,,2025-07-25,32856,122,,8840,70,99,mg/dL,122.0
512451,501583,500097,3004249,,2025-07-25,32856,136,,8876,90,130,mmHg,136.0
512452,501583,500097,3012888,,2025-07-25,32856,83,,8876,60,85,mmHg,83.0
512453,501583,500097,3025315,,2025-07-25,32856,53.2,,9529,45,90,kg,53.2
512454,501583,500097,3038553,,2025-07-25,32856,21,,9531,18.5,25,kg/m2,21.0
512455,501584,500097,3004410,,2025-10-25,32856,6.7,,8554,4,5.6,%,6.7
512456,501584,500097,3004501,,2025-10-25,32856,123,,8840,70,99,mg/dL,123.0
512457,501584,500097,3004249,,2025-10-25,32856,120,,8876,90,130,mmHg,120.0
512458,501584,500097,3012888,,2025-10-25,32856,74,,8876,60,85,mmHg,74.0
512459,501584,500097,3025315,,2025-10-25,32856,52.7,,9529,45,90,kg,52.7
512460,501584,500097,3038553,,2025-10-25,32856,20.8,,9531,18.5,25,kg/m2,20.8
512461,501584,500097,3022192,,2025-10-25,32856,170.1,,8840,0,150,mg/dL,170.1
512462,501584,500097,3007070,,2025-10-25,32856,50.4,,8840,40,60,mg/dL,50.4
512463,501584,500097,3028437,,2025-10-25,32856,46.2,,8840,0,130,mg/dL,46.2
512464,501584,500097,3013721,,2025-10-25,32856,36.8,,8645,0,40,U/L,36.8
512465,501584,500097,3006923,,2025-10-25,32856,31.5,,8645,0,40,U/L,31.5
512466,501584,500097,3016723,,2025-10-25,32856,0.93,,8840,0.6,1.2,mg/dL,0.93
512467,501584,500097,3049187,,2025-10-25,32856,79,,9550,90,130,mL/min/1.73m2,79.0
512468,501585,500097,3004410,,2026-01-23,32856,7,,8554,4,5.6,%,7.0
512469,501585,500097,3004501,,2026-01-23,32856,127,,8840,70,99,mg/dL,127.0
512470,501585,500097,3004249,,2026-01-23,32856,131,,8876,90,130,mmHg,131.0
512471,501585,500097,3012888,,2026-01-23,32856,74,,8876,60,85,mmHg,74.0
512472,501585,500097,3025315,,2026-01-23,32856,50.4,,9529,45,90,kg,50.4
512473,501585,500097,3038553,,2026-01-23,32856,19.9,,9531,18.5,25,kg/m2,19.9
512474,501586,500098,3036277,,2023-08-30,32856,175,,8582,150,185,cm,175.0
512475,501586,500098,3004410,,2023-08-30,32856,7.4,,8554,4,5.6,%,7.4
512476,501586,500098,3004501,,2023-08-30,32856,126,,8840,70,99,mg/dL,126
512477,501586,500098,3004249,,2023-08-30,32856,127,,8876,90,130,mmHg,127.0
512478,501586,500098,3012888,,2023-08-30,32856,77,,8876,60,85,mmHg,77.0
512479,501586,500098,3025315,,2023-08-30,32856,79,,9529,45,90,kg,79.0
512480,501586,500098,3038553,,2023-08-30,32856,25.8,,9531,18.5,25,kg/m2,25.8
512481,501586,500098,3022192,,2023-08-30,32856,148.2,,8840,0,150,mg/dL,148.2
512482,501586,500098,3007070,,2023-08-30,32856,53.5,,8840,40,60,mg/dL,53.5
512483,501586,500098,3028437,,2023-08-30,32856,101.8,,8840,0,130,mg/dL,101.8
512484,501586,500098,3013721,,2023-08-30,32856,41.8,,8645,0,40,U/L,41.8
512485,501586,500098,3006923,,2023-08-30,32856,31.9,,8645,0,40,U/L,31.9
512486,501586,500098,3016723,,2023-08-30,32856,1.1,,8840,0.6,1.2,mg/dL,1.1
512487,501586,500098,3049187,,2023-08-30,32856,76,,9550,90,130,mL/min/1.73m2,76.0
512488,501587,500098,3004410,,2023-11-25,32856,7.3,,8554,4,5.6,%,7.3
512489,501587,500098,3004501,,2023-11-25,32856,147,,8840,70,99,mg/dL,147.0
512490,501587,500098,3004249,,2023-11-25,32856,125,,8876,90,130,mmHg,125.0
512491,501587,500098,3012888,,2023-11-25,32856,69,,8876,60,85,mmHg,69.0
512492,501587,500098,3025315,,2023-11-25,32856,79.2,,9529,45,90,kg,79.2
512493,501587,500098,3038553,,2023-11-25,32856,25.9,,9531,18.5,25,kg/m2,25.9
512494,501588,500098,3004410,,2024-02-22,32856,7.2,,8554,4,5.6,%,7.2
512495,501588,500098,3004501,,2024-02-22,32856,143,,8840,70,99,mg/dL,143.0
512496,501588,500098,3004249,,2024-02-22,32856,146,,8876,90,130,mmHg,146.0
512497,501588,500098,3012888,,2024-02-22,32856,70,,8876,60,85,mmHg,70.0
512498,501588,500098,3025315,,2024-02-22,32856,79,,9529,45,90,kg,79.0
512499,501588,500098,3038553,,2024-02-22,32856,25.8,,9531,18.5,25,kg/m2,25.8
512500,501589,500098,3004410,,2024-05-28,32856,6.7,,8554,4,5.6,%,6.7
512501,501589,500098,3004501,,2024-05-28,32856,106,,8840,70,99,mg/dL,106.0
512502,501589,500098,3004249,,2024-05-28,32856,116,,8876,90,130,mmHg,116.0
512503,501589,500098,3012888,,2024-05-28,32856,66,,8876,60,85,mmHg,66.0
512504,501589,500098,3025315,,2024-05-28,32856,79.7,,9529,45,90,kg,79.7
512505,501589,500098,3038553,,2024-05-28,32856,26,,9531,18.5,25,kg/m2,26.0
512506,501590,500098,3004410,,2024-08-27,32856,7,,8554,4,5.6,%,7.0
512507,501590,500098,3004501,,2024-08-27,32856,138,,8840,70,99,mg/dL,138.0
512508,501590,500098,3004249,,2024-08-27,32856,112,,8876,90,130,mmHg,112.0
512509,501590,500098,3012888,,2024-08-27,32856,95,,8876,60,85,mmHg,95.0
512510,501590,500098,3025315,,2024-08-27,32856,78.9,,9529,45,90,kg,78.9
512511,501590,500098,3038553,,2024-08-27,32856,25.8,,9531,18.5,25,kg/m2,25.8
512512,501590,500098,3022192,,2024-08-27,32856,350.5,,8840,0,150,mg/dL,350.5
512513,501590,500098,3007070,,2024-08-27,32856,62.3,,8840,40,60,mg/dL,62.3
512514,501590,500098,3028437,,2024-08-27,32856,87.5,,8840,0,130,mg/dL,87.5
512515,501590,500098,3013721,,2024-08-27,32856,22.9,,8645,0,40,U/L,22.9
512516,501590,500098,3006923,,2024-08-27,32856,63.1,,8645,0,40,U/L,63.1
512517,501590,500098,3016723,,2024-08-27,32856,0.97,,8840,0.6,1.2,mg/dL,0.97
512518,501590,500098,3049187,,2024-08-27,32856,88,,9550,90,130,mL/min/1.73m2,88.0
512519,501591,500098,3004410,,2024-11-21,32856,7.1,,8554,4,5.6,%,7.1
512520,501591,500098,3004501,,2024-11-21,32856,124,,8840,70,99,mg/dL,124.0
512521,501591,500098,3004249,,2024-11-21,32856,114,,8876,90,130,mmHg,114.0
512522,501591,500098,3012888,,2024-11-21,32856,87,,8876,60,85,mmHg,87.0
512523,501591,500098,3025315,,2024-11-21,32856,78.1,,9529,45,90,kg,78.1
512524,501591,500098,3038553,,2024-11-21,32856,25.5,,9531,18.5,25,kg/m2,25.5
512525,501592,500098,3004410,,2025-02-25,32856,6.8,,8554,4,5.6,%,6.8
512526,501592,500098,3004501,,2025-02-25,32856,140,,8840,70,99,mg/dL,140.0
512527,501592,500098,3004249,,2025-02-25,32856,119,,8876,90,130,mmHg,119.0
512528,501592,500098,3012888,,2025-02-25,32856,81,,8876,60,85,mmHg,81.0
512529,501592,500098,3025315,,2025-02-25,32856,78.5,,9529,45,90,kg,78.5
512530,501592,500098,3038553,,2025-02-25,32856,25.6,,9531,18.5,25,kg/m2,25.6
512531,501593,500098,3004410,,2025-05-26,32856,6.4,,8554,4,5.6,%,6.4
512532,501593,500098,3004501,,2025-05-26,32856,112,,8840,70,99,mg/dL,112.0
512533,501593,500098,3004249,,2025-05-26,32856,127,,8876,90,130,mmHg,127.0
512534,501593,500098,3012888,,2025-05-26,32856,74,,8876,60,85,mmHg,74.0
512535,501593,500098,3025315,,2025-05-26,32856,78.2,,9529,45,90,kg,78.2
512536,501593,500098,3038553,,2025-05-26,32856,25.5,,9531,18.5,25,kg/m2,25.5
512537,501594,500098,3004410,,2025-08-26,32856,6.2,,8554,4,5.6,%,6.2
512538,501594,500098,3004501,,2025-08-26,32856,82,,8840,70,99,mg/dL,82.0
512539,501594,500098,3004249,,2025-08-26,32856,115,,8876,90,130,mmHg,115.0
512540,501594,500098,3012888,,2025-08-26,32856,77,,8876,60,85,mmHg,77.0
512541,501594,500098,3025315,,2025-08-26,32856,79,,9529,45,90,kg,79.0
512542,501594,500098,3038553,,2025-08-26,32856,25.8,,9531,18.5,25,kg/m2,25.8
512543,501594,500098,3022192,,2025-08-26,32856,193.1,,8840,0,150,mg/dL,193.1
512544,501594,500098,3007070,,2025-08-26,32856,44.6,,8840,40,60,mg/dL,44.6
512545,501594,500098,3028437,,2025-08-26,32856,119.5,,8840,0,130,mg/dL,119.5
512546,501594,500098,3013721,,2025-08-26,32856,39.5,,8645,0,40,U/L,39.5
512547,501594,500098,3006923,,2025-08-26,32856,26.6,,8645,0,40,U/L,26.6
512548,501594,500098,3016723,,2025-08-26,32856,0.95,,8840,0.6,1.2,mg/dL,0.95
512549,501594,500098,3049187,,2025-08-26,32856,90,,9550,90,130,mL/min/1.73m2,90.0
512550,501595,500098,3004410,,2025-11-18,32856,6.9,,8554,4,5.6,%,6.9
512551,501595,500098,3004501,,2025-11-18,32856,159,,8840,70,99,mg/dL,159.0
512552,501595,500098,3004249,,2025-11-18,32856,120,,8876,90,130,mmHg,120.0
512553,501595,500098,3012888,,2025-11-18,32856,71,,8876,60,85,mmHg,71.0
512554,501595,500098,3025315,,2025-11-18,32856,79,,9529,45,90,kg,79.0
512555,501595,500098,3038553,,2025-11-18,32856,25.8,,9531,18.5,25,kg/m2,25.8
512556,501596,500098,3004410,,2026-02-17,32856,7.1,,8554,4,5.6,%,7.1
512557,501596,500098,3004501,,2026-02-17,32856,137,,8840,70,99,mg/dL,137.0
512558,501596,500098,3004249,,2026-02-17,32856,113,,8876,90,130,mmHg,113.0
512559,501596,500098,3012888,,2026-02-17,32856,68,,8876,60,85,mmHg,68.0
512560,501596,500098,3025315,,2026-02-17,32856,79.4,,9529,45,90,kg,79.4
512561,501596,500098,3038553,,2026-02-17,32856,25.9,,9531,18.5,25,kg/m2,25.9
512562,501597,500098,3004410,,2026-05-21,32856,6.9,,8554,4,5.6,%,6.9
512563,501597,500098,3004501,,2026-05-21,32856,120,,8840,70,99,mg/dL,120.0
512564,501597,500098,3004249,,2026-05-21,32856,129,,8876,90,130,mmHg,129.0
512565,501597,500098,3012888,,2026-05-21,32856,65,,8876,60,85,mmHg,65.0
512566,501597,500098,3025315,,2026-05-21,32856,80.3,,9529,45,90,kg,80.3
512567,501597,500098,3038553,,2026-05-21,32856,26.2,,9531,18.5,25,kg/m2,26.2
512568,501598,500098,3004410,,2026-08-22,32856,6.8,,8554,4,5.6,%,6.8
512569,501598,500098,3004501,,2026-08-22,32856,126,,8840,70,99,mg/dL,126.0
512570,501598,500098,3004249,,2026-08-22,32856,118,,8876,90,130,mmHg,118.0
512571,501598,500098,3012888,,2026-08-22,32856,76,,8876,60,85,mmHg,76.0
512572,501598,500098,3025315,,2026-08-22,32856,80.2,,9529,45,90,kg,80.2
512573,501598,500098,3038553,,2026-08-22,32856,26.2,,9531,18.5,25,kg/m2,26.2
512574,501598,500098,3022192,,2026-08-22,32856,106.2,,8840,0,150,mg/dL,106.2
512575,501598,500098,3007070,,2026-08-22,32856,54.5,,8840,40,60,mg/dL,54.5
512576,501598,500098,3028437,,2026-08-22,32856,78.2,,8840,0,130,mg/dL,78.2
512577,501598,500098,3013721,,2026-08-22,32856,34.6,,8645,0,40,U/L,34.6
512578,501598,500098,3006923,,2026-08-22,32856,10,,8645,0,40,U/L,10.0
512579,501598,500098,3016723,,2026-08-22,32856,0.67,,8840,0.6,1.2,mg/dL,0.67
512580,501598,500098,3049187,,2026-08-22,32856,104,,9550,90,130,mL/min/1.73m2,104.0
512581,501599,500099,3036277,,2021-11-29,32856,167.3,,8582,150,185,cm,167.3
512582,501599,500099,3004410,,2021-11-29,32856,6.5,,8554,4,5.6,%,6.5
512583,501599,500099,3004501,,2021-11-29,32856,126,,8840,70,99,mg/dL,126
512584,501599,500099,3004249,,2021-11-29,32856,131,,8876,90,130,mmHg,131.0
512585,501599,500099,3012888,,2021-11-29,32856,83,,8876,60,85,mmHg,83.0
512586,501599,500099,3025315,,2021-11-29,32856,81.4,,9529,45,90,kg,81.4
512587,501599,500099,3038553,,2021-11-29,32856,29.1,,9531,18.5,25,kg/m2,29.1
512588,501599,500099,3022192,,2021-11-29,32856,286.3,,8840,0,150,mg/dL,286.3
512589,501599,500099,3007070,,2021-11-29,32856,50.5,,8840,40,60,mg/dL,50.5
512590,501599,500099,3028437,,2021-11-29,32856,134.3,,8840,0,130,mg/dL,134.3
512591,501599,500099,3013721,,2021-11-29,32856,45.4,,8645,0,40,U/L,45.4
512592,501599,500099,3006923,,2021-11-29,32856,36.4,,8645,0,40,U/L,36.4
512593,501599,500099,3016723,,2021-11-29,32856,1.21,,8840,0.6,1.2,mg/dL,1.21
512594,501599,500099,3049187,,2021-11-29,32856,73,,9550,90,130,mL/min/1.73m2,73.0
512595,501600,500099,3004410,,2022-03-06,32856,5.7,,8554,4,5.6,%,5.7
512596,501600,500099,3004501,,2022-03-06,32856,70,,8840,70,99,mg/dL,70
512597,501600,500099,3004249,,2022-03-06,32856,144,,8876,90,130,mmHg,144.0
512598,501600,500099,3012888,,2022-03-06,32856,79,,8876,60,85,mmHg,79.0
512599,501600,500099,3025315,,2022-03-06,32856,82.6,,9529,45,90,kg,82.6
512600,501600,500099,3038553,,2022-03-06,32856,29.5,,9531,18.5,25,kg/m2,29.5
512601,501601,500099,3004410,,2022-06-08,32856,6.5,,8554,4,5.6,%,6.5
512602,501601,500099,3004501,,2022-06-08,32856,108,,8840,70,99,mg/dL,108.0
512603,501601,500099,3004249,,2022-06-08,32856,148,,8876,90,130,mmHg,148.0
512604,501601,500099,3012888,,2022-06-08,32856,66,,8876,60,85,mmHg,66.0
512605,501601,500099,3025315,,2022-06-08,32856,84.1,,9529,45,90,kg,84.1
512606,501601,500099,3038553,,2022-06-08,32856,30,,9531,18.5,25,kg/m2,30.0
512607,501602,500099,3004410,,2022-09-11,32856,6,,8554,4,5.6,%,6.0
512608,501602,500099,3004501,,2022-09-11,32856,121,,8840,70,99,mg/dL,121.0
512609,501602,500099,3004249,,2022-09-11,32856,120,,8876,90,130,mmHg,120.0
512610,501602,500099,3012888,,2022-09-11,32856,78,,8876,60,85,mmHg,78.0
512611,501602,500099,3025315,,2022-09-11,32856,84.6,,9529,45,90,kg,84.6
512612,501602,500099,3038553,,2022-09-11,32856,30.2,,9531,18.5,25,kg/m2,30.2
512613,501603,500099,3004410,,2022-12-16,32856,6.3,,8554,4,5.6,%,6.3
512614,501603,500099,3004501,,2022-12-16,32856,99,,8840,70,99,mg/dL,99.0
512615,501603,500099,3004249,,2022-12-16,32856,141,,8876,90,130,mmHg,141.0
512616,501603,500099,3012888,,2022-12-16,32856,83,,8876,60,85,mmHg,83.0
512617,501603,500099,3025315,,2022-12-16,32856,84,,9529,45,90,kg,84.0
512618,501603,500099,3038553,,2022-12-16,32856,30,,9531,18.5,25,kg/m2,30.0
512619,501603,500099,3022192,,2022-12-16,32856,371.5,,8840,0,150,mg/dL,371.5
512620,501603,500099,3007070,,2022-12-16,32856,35.6,,8840,40,60,mg/dL,35.6
512621,501603,500099,3028437,,2022-12-16,32856,149.6,,8840,0,130,mg/dL,149.6
512622,501603,500099,3013721,,2022-12-16,32856,29.2,,8645,0,40,U/L,29.2
512623,501603,500099,3006923,,2022-12-16,32856,6,,8645,0,40,U/L,6.0
512624,501603,500099,3016723,,2022-12-16,32856,1,,8840,0.6,1.2,mg/dL,1.0
512625,501603,500099,3049187,,2022-12-16,32856,91,,9550,90,130,mL/min/1.73m2,91.0
512626,501604,500099,3004410,,2023-03-13,32856,6,,8554,4,5.6,%,6.0
512627,501604,500099,3004501,,2023-03-13,32856,89,,8840,70,99,mg/dL,89.0
512628,501604,500099,3004249,,2023-03-13,32856,139,,8876,90,130,mmHg,139.0
512629,501604,500099,3012888,,2023-03-13,32856,74,,8876,60,85,mmHg,74.0
512630,501604,500099,3025315,,2023-03-13,32856,83.3,,9529,45,90,kg,83.3
512631,501604,500099,3038553,,2023-03-13,32856,29.8,,9531,18.5,25,kg/m2,29.8
512632,501605,500099,3004410,,2023-06-07,32856,5.4,,8554,4,5.6,%,5.4
512633,501605,500099,3004501,,2023-06-07,32856,98,,8840,70,99,mg/dL,98.0
512634,501605,500099,3004249,,2023-06-07,32856,137,,8876,90,130,mmHg,137.0
512635,501605,500099,3012888,,2023-06-07,32856,86,,8876,60,85,mmHg,86.0
512636,501605,500099,3025315,,2023-06-07,32856,83.1,,9529,45,90,kg,83.1
512637,501605,500099,3038553,,2023-06-07,32856,29.7,,9531,18.5,25,kg/m2,29.7
512638,501606,500099,3004410,,2023-09-08,32856,5.6,,8554,4,5.6,%,5.6
512639,501606,500099,3004501,,2023-09-08,32856,127,,8840,70,99,mg/dL,127.0
512640,501606,500099,3004249,,2023-09-08,32856,148,,8876,90,130,mmHg,148.0
512641,501606,500099,3012888,,2023-09-08,32856,87,,8876,60,85,mmHg,87.0
512642,501606,500099,3025315,,2023-09-08,32856,83.4,,9529,45,90,kg,83.4
512643,501606,500099,3038553,,2023-09-08,32856,29.8,,9531,18.5,25,kg/m2,29.8
512644,501607,500099,3004410,,2023-12-14,32856,6,,8554,4,5.6,%,6.0
512645,501607,500099,3004501,,2023-12-14,32856,127,,8840,70,99,mg/dL,127.0
512646,501607,500099,3004249,,2023-12-14,32856,133,,8876,90,130,mmHg,133.0
512647,501607,500099,3012888,,2023-12-14,32856,93,,8876,60,85,mmHg,93.0
512648,501607,500099,3025315,,2023-12-14,32856,82.7,,9529,45,90,kg,82.7
512649,501607,500099,3038553,,2023-12-14,32856,29.5,,9531,18.5,25,kg/m2,29.5
512650,501607,500099,3022192,,2023-12-14,32856,101.5,,8840,0,150,mg/dL,101.5
512651,501607,500099,3007070,,2023-12-14,32856,44.5,,8840,40,60,mg/dL,44.5
512652,501607,500099,3028437,,2023-12-14,32856,113.1,,8840,0,130,mg/dL,113.1
512653,501607,500099,3013721,,2023-12-14,32856,8,,8645,0,40,U/L,8.0
512654,501607,500099,3006923,,2023-12-14,32856,56.6,,8645,0,40,U/L,56.6
512655,501607,500099,3016723,,2023-12-14,32856,1.04,,8840,0.6,1.2,mg/dL,1.04
512656,501607,500099,3049187,,2023-12-14,32856,86,,9550,90,130,mL/min/1.73m2,86.0
512657,501608,500099,3004410,,2024-03-10,32856,5.5,,8554,4,5.6,%,5.5
512658,501608,500099,3004501,,2024-03-10,32856,99,,8840,70,99,mg/dL,99.0
512659,501608,500099,3004249,,2024-03-10,32856,132,,8876,90,130,mmHg,132.0
512660,501608,500099,3012888,,2024-03-10,32856,94,,8876,60,85,mmHg,94.0
512661,501608,500099,3025315,,2024-03-10,32856,82.4,,9529,45,90,kg,82.4
512662,501608,500099,3038553,,2024-03-10,32856,29.4,,9531,18.5,25,kg/m2,29.4
512663,501609,500099,3004410,,2024-06-08,32856,6.5,,8554,4,5.6,%,6.5
512664,501609,500099,3004501,,2024-06-08,32856,97,,8840,70,99,mg/dL,97.0
512665,501609,500099,3004249,,2024-06-08,32856,133,,8876,90,130,mmHg,133.0
512666,501609,500099,3012888,,2024-06-08,32856,77,,8876,60,85,mmHg,77.0
512667,501609,500099,3025315,,2024-06-08,32856,84.1,,9529,45,90,kg,84.1
512668,501609,500099,3038553,,2024-06-08,32856,30,,9531,18.5,25,kg/m2,30.0
512669,501610,500099,3004410,,2024-09-08,32856,6.1,,8554,4,5.6,%,6.1
512670,501610,500099,3004501,,2024-09-08,32856,134,,8840,70,99,mg/dL,134.0
512671,501610,500099,3004249,,2024-09-08,32856,138,,8876,90,130,mmHg,138.0
512672,501610,500099,3012888,,2024-09-08,32856,71,,8876,60,85,mmHg,71.0
512673,501610,500099,3025315,,2024-09-08,32856,81.6,,9529,45,90,kg,81.6
512674,501610,500099,3038553,,2024-09-08,32856,29.2,,9531,18.5,25,kg/m2,29.2
512675,501611,500100,3036277,,2019-10-31,32856,158.1,,8582,150,185,cm,158.1
512676,501611,500100,3004410,,2019-10-31,32856,7.7,,8554,4,5.6,%,7.7
512677,501611,500100,3004501,,2019-10-31,32856,151,,8840,70,99,mg/dL,151.0
512678,501611,500100,3004249,,2019-10-31,32856,117,,8876,90,130,mmHg,117.0
512679,501611,500100,3012888,,2019-10-31,32856,84,,8876,60,85,mmHg,84.0
512680,501611,500100,3025315,,2019-10-31,32856,68.5,,9529,45,90,kg,68.5
512681,501611,500100,3038553,,2019-10-31,32856,27.4,,9531,18.5,25,kg/m2,27.4
512682,501611,500100,3022192,,2019-10-31,32856,52.2,,8840,0,150,mg/dL,52.2
512683,501611,500100,3007070,,2019-10-31,32856,57.8,,8840,40,60,mg/dL,57.8
512684,501611,500100,3028437,,2019-10-31,32856,127.1,,8840,0,130,mg/dL,127.1
512685,501611,500100,3013721,,2019-10-31,32856,30.4,,8645,0,40,U/L,30.4
512686,501611,500100,3006923,,2019-10-31,32856,38.3,,8645,0,40,U/L,38.3
512687,501611,500100,3016723,,2019-10-31,32856,1.06,,8840,0.6,1.2,mg/dL,1.06
512688,501611,500100,3049187,,2019-10-31,32856,59,,9550,90,130,mL/min/1.73m2,59.0
512689,501612,500100,3004410,,2020-02-05,32856,7.2,,8554,4,5.6,%,7.2
512690,501612,500100,3004501,,2020-02-05,32856,134,,8840,70,99,mg/dL,134.0
512691,501612,500100,3004249,,2020-02-05,32856,147,,8876,90,130,mmHg,147.0
512692,501612,500100,3012888,,2020-02-05,32856,71,,8876,60,85,mmHg,71.0
512693,501612,500100,3025315,,2020-02-05,32856,69.8,,9529,45,90,kg,69.8
512694,501612,500100,3038553,,2020-02-05,32856,27.9,,9531,18.5,25,kg/m2,27.9
512695,501613,500100,3004410,,2020-05-09,32856,7.2,,8554,4,5.6,%,7.2
512696,501613,500100,3004501,,2020-05-09,32856,150,,8840,70,99,mg/dL,150.0
512697,501613,500100,3004249,,2020-05-09,32856,118,,8876,90,130,mmHg,118.0
512698,501613,500100,3012888,,2020-05-09,32856,69,,8876,60,85,mmHg,69.0
512699,501613,500100,3025315,,2020-05-09,32856,68.8,,9529,45,90,kg,68.8
512700,501613,500100,3038553,,2020-05-09,32856,27.5,,9531,18.5,25,kg/m2,27.5
512701,501614,500100,3004410,,2020-08-09,32856,6.8,,8554,4,5.6,%,6.8
512702,501614,500100,3004501,,2020-08-09,32856,135,,8840,70,99,mg/dL,135.0
512703,501614,500100,3004249,,2020-08-09,32856,103,,8876,90,130,mmHg,103.0
512704,501614,500100,3012888,,2020-08-09,32856,86,,8876,60,85,mmHg,86.0
512705,501614,500100,3025315,,2020-08-09,32856,68.1,,9529,45,90,kg,68.1
512706,501614,500100,3038553,,2020-08-09,32856,27.2,,9531,18.5,25,kg/m2,27.2
512707,501615,500100,3004410,,2020-11-04,32856,7.5,,8554,4,5.6,%,7.5
512708,501615,500100,3004501,,2020-11-04,32856,163,,8840,70,99,mg/dL,163.0
512709,501615,500100,3004249,,2020-11-04,32856,128,,8876,90,130,mmHg,128.0
512710,501615,500100,3012888,,2020-11-04,32856,79,,8876,60,85,mmHg,79.0
512711,501615,500100,3025315,,2020-11-04,32856,70.4,,9529,45,90,kg,70.4
512712,501615,500100,3038553,,2020-11-04,32856,28.2,,9531,18.5,25,kg/m2,28.2
512713,501615,500100,3022192,,2020-11-04,32856,221.6,,8840,0,150,mg/dL,221.6
512714,501615,500100,3007070,,2020-11-04,32856,49.7,,8840,40,60,mg/dL,49.7
512715,501615,500100,3028437,,2020-11-04,32856,124.8,,8840,0,130,mg/dL,124.8
512716,501615,500100,3013721,,2020-11-04,32856,53.2,,8645,0,40,U/L,53.2
512717,501615,500100,3006923,,2020-11-04,32856,6,,8645,0,40,U/L,6.0
512718,501615,500100,3016723,,2020-11-04,32856,1.08,,8840,0.6,1.2,mg/dL,1.08
512719,501615,500100,3049187,,2020-11-04,32856,57,,9550,90,130,mL/min/1.73m2,57.0
512720,501616,500100,3004410,,2021-01-28,32856,6.8,,8554,4,5.6,%,6.8
512721,501616,500100,3004501,,2021-01-28,32856,157,,8840,70,99,mg/dL,157.0
512722,501616,500100,3004249,,2021-01-28,32856,126,,8876,90,130,mmHg,126.0
512723,501616,500100,3012888,,2021-01-28,32856,74,,8876,60,85,mmHg,74.0
512724,501616,500100,3025315,,2021-01-28,32856,72.1,,9529,45,90,kg,72.1
512725,501616,500100,3038553,,2021-01-28,32856,28.8,,9531,18.5,25,kg/m2,28.8
512726,501617,500100,3004410,,2021-04-26,32856,6.9,,8554,4,5.6,%,6.9
512727,501617,500100,3004501,,2021-04-26,32856,102,,8840,70,99,mg/dL,102.0
512728,501617,500100,3004249,,2021-04-26,32856,109,,8876,90,130,mmHg,109.0
512729,501617,500100,3012888,,2021-04-26,32856,80,,8876,60,85,mmHg,80.0
512730,501617,500100,3025315,,2021-04-26,32856,71.7,,9529,45,90,kg,71.7
512731,501617,500100,3038553,,2021-04-26,32856,28.7,,9531,18.5,25,kg/m2,28.7
512732,501618,500100,3004410,,2021-07-26,32856,6.4,,8554,4,5.6,%,6.4
512733,501618,500100,3004501,,2021-07-26,32856,90,,8840,70,99,mg/dL,90.0
512734,501618,500100,3004249,,2021-07-26,32856,128,,8876,90,130,mmHg,128.0
512735,501618,500100,3012888,,2021-07-26,32856,63,,8876,60,85,mmHg,63.0
512736,501618,500100,3025315,,2021-07-26,32856,72,,9529,45,90,kg,72.0
512737,501618,500100,3038553,,2021-07-26,32856,28.8,,9531,18.5,25,kg/m2,28.8
512738,501619,500100,3004410,,2021-10-24,32856,6.7,,8554,4,5.6,%,6.7
512739,501619,500100,3004501,,2021-10-24,32856,104,,8840,70,99,mg/dL,104.0
512740,501619,500100,3004249,,2021-10-24,32856,125,,8876,90,130,mmHg,125.0
512741,501619,500100,3012888,,2021-10-24,32856,62,,8876,60,85,mmHg,62.0
512742,501619,500100,3025315,,2021-10-24,32856,71.5,,9529,45,90,kg,71.5
512743,501619,500100,3038553,,2021-10-24,32856,28.6,,9531,18.5,25,kg/m2,28.6
512744,501619,500100,3022192,,2021-10-24,32856,243.4,,8840,0,150,mg/dL,243.4
512745,501619,500100,3007070,,2021-10-24,32856,62.9,,8840,40,60,mg/dL,62.9
512746,501619,500100,3028437,,2021-10-24,32856,154.4,,8840,0,130,mg/dL,154.4
512747,501619,500100,3013721,,2021-10-24,32856,8,,8645,0,40,U/L,8.0
512748,501619,500100,3006923,,2021-10-24,32856,53.1,,8645,0,40,U/L,53.1
512749,501619,500100,3016723,,2021-10-24,32856,0.91,,8840,0.6,1.2,mg/dL,0.91
512750,501619,500100,3049187,,2021-10-24,32856,70,,9550,90,130,mL/min/1.73m2,70.0
512751,501620,500100,3004410,,2022-01-30,32856,6.9,,8554,4,5.6,%,6.9
512752,501620,500100,3004501,,2022-01-30,32856,127,,8840,70,99,mg/dL,127.0
512753,501620,500100,3004249,,2022-01-30,32856,115,,8876,90,130,mmHg,115.0
512754,501620,500100,3012888,,2022-01-30,32856,79,,8876,60,85,mmHg,79.0
512755,501620,500100,3025315,,2022-01-30,32856,72.2,,9529,45,90,kg,72.2
512756,501620,500100,3038553,,2022-01-30,32856,28.9,,9531,18.5,25,kg/m2,28.9
512757,501621,500100,3004410,,2022-05-03,32856,7,,8554,4,5.6,%,7.0
512758,501621,500100,3004501,,2022-05-03,32856,122,,8840,70,99,mg/dL,122.0
512759,501621,500100,3004249,,2022-05-03,32856,120,,8876,90,130,mmHg,120.0
512760,501621,500100,3012888,,2022-05-03,32856,67,,8876,60,85,mmHg,67.0
512761,501621,500100,3025315,,2022-05-03,32856,72.5,,9529,45,90,kg,72.5
512762,501621,500100,3038553,,2022-05-03,32856,29,,9531,18.5,25,kg/m2,29.0
512763,501622,500100,3004410,,2022-08-01,32856,7.1,,8554,4,5.6,%,7.1
512764,501622,500100,3004501,,2022-08-01,32856,125,,8840,70,99,mg/dL,125.0
512765,501622,500100,3004249,,2022-08-01,32856,132,,8876,90,130,mmHg,132.0
512766,501622,500100,3012888,,2022-08-01,32856,71,,8876,60,85,mmHg,71.0
512767,501622,500100,3025315,,2022-08-01,32856,73.8,,9529,45,90,kg,73.8
512768,501622,500100,3038553,,2022-08-01,32856,29.5,,9531,18.5,25,kg/m2,29.5
512769,501623,500100,3004410,,2022-10-31,32856,6.8,,8554,4,5.6,%,6.8
512770,501623,500100,3004501,,2022-10-31,32856,156,,8840,70,99,mg/dL,156.0
512771,501623,500100,3004249,,2022-10-31,32856,135,,8876,90,130,mmHg,135.0
512772,501623,500100,3012888,,2022-10-31,32856,90,,8876,60,85,mmHg,90.0
512773,501623,500100,3025315,,2022-10-31,32856,75,,9529,45,90,kg,75.0
512774,501623,500100,3038553,,2022-10-31,32856,30,,9531,18.5,25,kg/m2,30.0
512775,501623,500100,3022192,,2022-10-31,32856,232.3,,8840,0,150,mg/dL,232.3
512776,501623,500100,3007070,,2022-10-31,32856,36.1,,8840,40,60,mg/dL,36.1
512777,501623,500100,3028437,,2022-10-31,32856,133.3,,8840,0,130,mg/dL,133.3
512778,501623,500100,3013721,,2022-10-31,32856,53,,8645,0,40,U/L,53.0
512779,501623,500100,3006923,,2022-10-31,32856,41.1,,8645,0,40,U/L,41.1
512780,501623,500100,3016723,,2022-10-31,32856,0.96,,8840,0.6,1.2,mg/dL,0.96
512781,501623,500100,3049187,,2022-10-31,32856,65,,9550,90,130,mL/min/1.73m2,65.0
512782,501624,500100,3004410,,2023-01-26,32856,6.5,,8554,4,5.6,%,6.5
512783,501624,500100,3004501,,2023-01-26,32856,112,,8840,70,99,mg/dL,112.0
512784,501624,500100,3004249,,2023-01-26,32856,133,,8876,90,130,mmHg,133.0
512785,501624,500100,3012888,,2023-01-26,32856,90,,8876,60,85,mmHg,90.0
512786,501624,500100,3025315,,2023-01-26,32856,73.9,,9529,45,90,kg,73.9
512787,501624,500100,3038553,,2023-01-26,32856,29.6,,9531,18.5,25,kg/m2,29.6
512788,501625,500100,3004410,,2023-04-22,32856,7.7,,8554,4,5.6,%,7.7
512789,501625,500100,3004501,,2023-04-22,32856,162,,8840,70,99,mg/dL,162.0
512790,501625,500100,3004249,,2023-04-22,32856,133,,8876,90,130,mmHg,133.0
512791,501625,500100,3012888,,2023-04-22,32856,77,,8876,60,85,mmHg,77.0
512792,501625,500100,3025315,,2023-04-22,32856,75.7,,9529,45,90,kg,75.7
512793,501625,500100,3038553,,2023-04-22,32856,30.3,,9531,18.5,25,kg/m2,30.3
512794,501626,500100,3004410,,2023-07-22,32856,7.1,,8554,4,5.6,%,7.1
512795,501626,500100,3004501,,2023-07-22,32856,126,,8840,70,99,mg/dL,126.0
512796,501626,500100,3004249,,2023-07-22,32856,115,,8876,90,130,mmHg,115.0
512797,501626,500100,3012888,,2023-07-22,32856,74,,8876,60,85,mmHg,74.0
512798,501626,500100,3025315,,2023-07-22,32856,75.6,,9529,45,90,kg,75.6
512799,501626,500100,3038553,,2023-07-22,32856,30.2,,9531,18.5,25,kg/m2,30.2
512800,501627,500100,3004410,,2023-10-23,32856,6.8,,8554,4,5.6,%,6.8
512801,501627,500100,3004501,,2023-10-23,32856,113,,8840,70,99,mg/dL,113.0
512802,501627,500100,3004249,,2023-10-23,32856,121,,8876,90,130,mmHg,121.0
512803,501627,500100,3012888,,2023-10-23,32856,84,,8876,60,85,mmHg,84.0
512804,501627,500100,3025315,,2023-10-23,32856,75.5,,9529,45,90,kg,75.5
512805,501627,500100,3038553,,2023-10-23,32856,30.2,,9531,18.5,25,kg/m2,30.2
512806,501627,500100,3022192,,2023-10-23,32856,17,,8840,0,150,mg/dL,17.0
512807,501627,500100,3007070,,2023-10-23,32856,43.9,,8840,40,60,mg/dL,43.9
512808,501627,500100,3028437,,2023-10-23,32856,87.2,,8840,0,130,mg/dL,87.2
512809,501627,500100,3013721,,2023-10-23,32856,39.6,,8645,0,40,U/L,39.6
512810,501627,500100,3006923,,2023-10-23,32856,45.1,,8645,0,40,U/L,45.1
512811,501627,500100,3016723,,2023-10-23,32856,1.27,,8840,0.6,1.2,mg/dL,1.27
512812,501627,500100,3049187,,2023-10-23,32856,46,,9550,90,130,mL/min/1.73m2,46.0
512813,501628,500100,3004410,,2024-01-15,32856,7.1,,8554,4,5.6,%,7.1
512814,501628,500100,3004501,,2024-01-15,32856,133,,8840,70,99,mg/dL,133.0
512815,501628,500100,3004249,,2024-01-15,32856,153,,8876,90,130,mmHg,153.0
512816,501628,500100,3012888,,2024-01-15,32856,83,,8876,60,85,mmHg,83.0
512817,501628,500100,3025315,,2024-01-15,32856,73.9,,9529,45,90,kg,73.9
512818,501628,500100,3038553,,2024-01-15,32856,29.6,,9531,18.5,25,kg/m2,29.6
512819,501629,500100,3004410,,2024-04-11,32856,6.9,,8554,4,5.6,%,6.9
512820,501629,500100,3004501,,2024-04-11,32856,152,,8840,70,99,mg/dL,152.0
512821,501629,500100,3004249,,2024-04-11,32856,106,,8876,90,130,mmHg,106.0
512822,501629,500100,3012888,,2024-04-11,32856,83,,8876,60,85,mmHg,83.0
512823,501629,500100,3025315,,2024-04-11,32856,74.2,,9529,45,90,kg,74.2
512824,501629,500100,3038553,,2024-04-11,32856,29.7,,9531,18.5,25,kg/m2,29.7
512825,501630,500100,3004410,,2024-07-08,32856,6.5,,8554,4,5.6,%,6.5
512826,501630,500100,3004501,,2024-07-08,32856,95,,8840,70,99,mg/dL,95.0
512827,501630,500100,3004249,,2024-07-08,32856,118,,8876,90,130,mmHg,118.0
512828,501630,500100,3012888,,2024-07-08,32856,67,,8876,60,85,mmHg,67.0
512829,501630,500100,3025315,,2024-07-08,32856,74.3,,9529,45,90,kg,74.3
512830,501630,500100,3038553,,2024-07-08,32856,29.7,,9531,18.5,25,kg/m2,29.7
512831,501631,500100,3004410,,2024-10-02,32856,6.8,,8554,4,5.6,%,6.8
512832,501631,500100,3004501,,2024-10-02,32856,123,,8840,70,99,mg/dL,123.0
512833,501631,500100,3004249,,2024-10-02,32856,127,,8876,90,130,mmHg,127.0
512834,501631,500100,3012888,,2024-10-02,32856,87,,8876,60,85,mmHg,87.0
512835,501631,500100,3025315,,2024-10-02,32856,76,,9529,45,90,kg,76.0
512836,501631,500100,3038553,,2024-10-02,32856,30.4,,9531,18.5,25,kg/m2,30.4
512837,501631,500100,3022192,,2024-10-02,32856,240.6,,8840,0,150,mg/dL,240.6
512838,501631,500100,3007070,,2024-10-02,32856,42.6,,8840,40,60,mg/dL,42.6
512839,501631,500100,3028437,,2024-10-02,32856,91.4,,8840,0,130,mg/dL,91.4
512840,501631,500100,3013721,,2024-10-02,32856,27.1,,8645,0,40,U/L,27.1
512841,501631,500100,3006923,,2024-10-02,32856,88.6,,8645,0,40,U/L,88.6
512842,501631,500100,3016723,,2024-10-02,32856,0.77,,8840,0.6,1.2,mg/dL,0.77
512843,501631,500100,3049187,,2024-10-02,32856,83,,9550,90,130,mL/min/1.73m2,83.0
512844,501632,500100,3004410,,2024-12-27,32856,7,,8554,4,5.6,%,7.0
512845,501632,500100,3004501,,2024-12-27,32856,106,,8840,70,99,mg/dL,106.0
512846,501632,500100,3004249,,2024-12-27,32856,132,,8876,90,130,mmHg,132.0
512847,501632,500100,3012888,,2024-12-27,32856,66,,8876,60,85,mmHg,66.0
512848,501632,500100,3025315,,2024-12-27,32856,77.1,,9529,45,90,kg,77.1
512849,501632,500100,3038553,,2024-12-27,32856,30.8,,9531,18.5,25,kg/m2,30.8
