rule_id,rule_name,category,severity,table,field,row_key,person_id,detail
ST-0003,PERSON.person_id PK 유일성,Conformance,error,PERSON,person_id,,,PK NULL
ST-0003,PERSON.person_id PK 유일성,Conformance,error,PERSON,person_id,600067,600067,PK 중복: 600067
ST-0003,PERSON.person_id PK 유일성,Conformance,error,PERSON,person_id,600067,600067,PK 중복: 600067
ST-0004,PERSON.person_id 타입(integer),Conformance,error,PERSON,person_id,NOT_A_NUMBER,NOT_A_NUMBER,person_id='NOT_A_NUMBER' 은 integer 아님
ST-0005,PERSON.gender_concept_id 필수,Completeness,error,PERSON,gender_concept_id,600091,600091,gender_concept_id NULL
ST-0006,PERSON.gender_concept_id 타입(integer),Conformance,error,PERSON,gender_concept_id,600065,600065,gender_concept_id='NOT_A_NUMBER' 은 integer 아님
ST-0007,PERSON.gender_concept_id 코드표,Conformance,warning,PERSON,gender_concept_id,600056,600056,gender_concept_id=9999999 코드표(OMOP.gender_concept_id) 밖
ST-0007,PERSON.gender_concept_id 코드표,Conformance,warning,PERSON,gender_concept_id,600065,600065,gender_concept_id=NOT_A_NUMBER 코드표(OMOP.gender_concept_id) 밖
ST-0008,PERSON.year_of_birth 필수,Completeness,error,PERSON,year_of_birth,600061,600061,year_of_birth NULL
ST-0009,PERSON.year_of_birth 타입(integer),Conformance,error,PERSON,year_of_birth,600013,600013,year_of_birth='NOT_A_NUMBER' 은 integer 아님
ST-0010,PERSON.year_of_birth 범위,Plausibility,warning,PERSON,year_of_birth,600078,600078,"year_of_birth=21260 범위 [1900,2026] 밖"
ST-0011,PERSON.month_of_birth 타입(integer),Conformance,error,PERSON,month_of_birth,600001,600001,month_of_birth='NOT_A_NUMBER' 은 integer 아님
ST-0012,PERSON.month_of_birth 범위,Plausibility,warning,PERSON,month_of_birth,600055,600055,"month_of_birth=1120 범위 [1,12] 밖"
ST-0013,PERSON.day_of_birth 타입(integer),Conformance,error,PERSON,day_of_birth,600021,600021,day_of_birth='NOT_A_NUMBER' 은 integer 아님
ST-0014,PERSON.day_of_birth 범위,Plausibility,warning,PERSON,day_of_birth,600006,600006,"day_of_birth=1310 범위 [1,31] 밖"
ST-0015,PERSON.age_at_index 필수,Completeness,error,PERSON,age_at_index,600035,600035,age_at_index NULL
ST-0016,PERSON.age_at_index 타입(integer),Conformance,error,PERSON,age_at_index,600052,600052,age_at_index='NOT_A_NUMBER' 은 integer 아님
ST-0017,PERSON.age_at_index 범위,Plausibility,warning,PERSON,age_at_index,600092,600092,"age_at_index=2100 범위 [0,110] 밖"
ST-0018,PERSON.care_site_id 필수,Completeness,error,PERSON,care_site_id,600039,600039,care_site_id NULL
ST-0019,PERSON.care_site_id 타입(integer),Conformance,error,PERSON,care_site_id,600018,600018,care_site_id='NOT_A_NUMBER' 은 integer 아님
ST-0020,PERSON.observation_period_start_date 타입(date),Conformance,error,PERSON,observation_period_start_date,600027,600027,observation_period_start_date='2026-13-45' 은 date 아님
ST-0021,PERSON.observation_period_start_date 미래 날짜 금지,Plausibility,error,PERSON,observation_period_start_date,600031,600031,observation_period_start_date=2099-01-01 미래 날짜
ST-0022,PERSON.death_date 타입(date),Conformance,error,PERSON,death_date,600064,600064,death_date='2026-13-45' 은 date 아님
ST-0023,PERSON.death_date 미래 날짜 금지,Plausibility,error,PERSON,death_date,600062,600062,death_date=2099-01-01 미래 날짜
ST-0026,VISIT_OCCURRENCE.visit_occurrence_id PK 유일성,Conformance,error,VISIT_OCCURRENCE,visit_occurrence_id,,600039,PK NULL
ST-0026,VISIT_OCCURRENCE.visit_occurrence_id PK 유일성,Conformance,error,VISIT_OCCURRENCE,visit_occurrence_id,602115,600023,PK 중복: 602115
ST-0026,VISIT_OCCURRENCE.visit_occurrence_id PK 유일성,Conformance,error,VISIT_OCCURRENCE,visit_occurrence_id,602115,600099,PK 중복: 602115
ST-0027,VISIT_OCCURRENCE.visit_occurrence_id 타입(integer),Conformance,error,VISIT_OCCURRENCE,visit_occurrence_id,NOT_A_NUMBER,600022,visit_occurrence_id='NOT_A_NUMBER' 은 integer 아님
ST-0028,VISIT_OCCURRENCE.person_id 필수,Completeness,error,VISIT_OCCURRENCE,person_id,600210,,person_id NULL
ST-0029,VISIT_OCCURRENCE.person_id 타입(integer),Conformance,error,VISIT_OCCURRENCE,person_id,601598,NOT_A_NUMBER,person_id='NOT_A_NUMBER' 은 integer 아님
ST-0030,VISIT_OCCURRENCE.person_id -> PERSON.person_id 참조무결성,Conformance,error,VISIT_OCCURRENCE,person_id,600662,600033,person_id=600033 가 PERSON.person_id 에 없음
ST-0030,VISIT_OCCURRENCE.person_id -> PERSON.person_id 참조무결성,Conformance,error,VISIT_OCCURRENCE,person_id,600663,600033,person_id=600033 가 PERSON.person_id 에 없음
ST-0030,VISIT_OCCURRENCE.person_id -> PERSON.person_id 참조무결성,Conformance,error,VISIT_OCCURRENCE,person_id,600664,600033,person_id=600033 가 PERSON.person_id 에 없음
ST-0030,VISIT_OCCURRENCE.person_id -> PERSON.person_id 참조무결성,Conformance,error,VISIT_OCCURRENCE,person_id,600665,600033,person_id=600033 가 PERSON.person_id 에 없음
ST-0030,VISIT_OCCURRENCE.person_id -> PERSON.person_id 참조무결성,Conformance,error,VISIT_OCCURRENCE,person_id,600666,600033,person_id=600033 가 PERSON.person_id 에 없음
ST-0030,VISIT_OCCURRENCE.person_id -> PERSON.person_id 참조무결성,Conformance,error,VISIT_OCCURRENCE,person_id,600667,600033,person_id=600033 가 PERSON.person_id 에 없음
ST-0030,VISIT_OCCURRENCE.person_id -> PERSON.person_id 참조무결성,Conformance,error,VISIT_OCCURRENCE,person_id,600668,600033,person_id=600033 가 PERSON.person_id 에 없음
ST-0030,VISIT_OCCURRENCE.person_id -> PERSON.person_id 참조무결성,Conformance,error,VISIT_OCCURRENCE,person_id,600669,600033,person_id=600033 가 PERSON.person_id 에 없음
ST-0030,VISIT_OCCURRENCE.person_id -> PERSON.person_id 참조무결성,Conformance,error,VISIT_OCCURRENCE,person_id,600670,600033,person_id=600033 가 PERSON.person_id 에 없음
ST-0030,VISIT_OCCURRENCE.person_id -> PERSON.person_id 참조무결성,Conformance,error,VISIT_OCCURRENCE,person_id,600671,600033,person_id=600033 가 PERSON.person_id 에 없음
ST-0030,VISIT_OCCURRENCE.person_id -> PERSON.person_id 참조무결성,Conformance,error,VISIT_OCCURRENCE,person_id,600672,600033,person_id=600033 가 PERSON.person_id 에 없음
ST-0030,VISIT_OCCURRENCE.person_id -> PERSON.person_id 참조무결성,Conformance,error,VISIT_OCCURRENCE,person_id,600673,600033,person_id=600033 가 PERSON.person_id 에 없음
ST-0030,VISIT_OCCURRENCE.person_id -> PERSON.person_id 참조무결성,Conformance,error,VISIT_OCCURRENCE,person_id,600674,600033,person_id=600033 가 PERSON.person_id 에 없음
ST-0030,VISIT_OCCURRENCE.person_id -> PERSON.person_id 참조무결성,Conformance,error,VISIT_OCCURRENCE,person_id,600675,600033,person_id=600033 가 PERSON.person_id 에 없음
ST-0030,VISIT_OCCURRENCE.person_id -> PERSON.person_id 참조무결성,Conformance,error,VISIT_OCCURRENCE,person_id,600676,600033,person_id=600033 가 PERSON.person_id 에 없음
ST-0030,VISIT_OCCURRENCE.person_id -> PERSON.person_id 참조무결성,Conformance,error,VISIT_OCCURRENCE,person_id,600677,600033,person_id=600033 가 PERSON.person_id 에 없음
ST-0030,VISIT_OCCURRENCE.person_id -> PERSON.person_id 참조무결성,Conformance,error,VISIT_OCCURRENCE,person_id,600678,600033,person_id=600033 가 PERSON.person_id 에 없음
ST-0030,VISIT_OCCURRENCE.person_id -> PERSON.person_id 참조무결성,Conformance,error,VISIT_OCCURRENCE,person_id,600679,600033,person_id=600033 가 PERSON.person_id 에 없음
ST-0030,VISIT_OCCURRENCE.person_id -> PERSON.person_id 참조무결성,Conformance,error,VISIT_OCCURRENCE,person_id,600680,600033,person_id=600033 가 PERSON.person_id 에 없음
ST-0030,VISIT_OCCURRENCE.person_id -> PERSON.person_id 참조무결성,Conformance,error,VISIT_OCCURRENCE,person_id,600681,600033,person_id=600033 가 PERSON.person_id 에 없음
ST-0030,VISIT_OCCURRENCE.person_id -> PERSON.person_id 참조무결성,Conformance,error,VISIT_OCCURRENCE,person_id,600682,600033,person_id=600033 가 PERSON.person_id 에 없음
ST-0030,VISIT_OCCURRENCE.person_id -> PERSON.person_id 참조무결성,Conformance,error,VISIT_OCCURRENCE,person_id,601334,999999999,person_id=999999999 가 PERSON.person_id 에 없음
ST-0030,VISIT_OCCURRENCE.person_id -> PERSON.person_id 참조무결성,Conformance,error,VISIT_OCCURRENCE,person_id,601806,600083,person_id=600083 가 PERSON.person_id 에 없음
ST-0030,VISIT_OCCURRENCE.person_id -> PERSON.person_id 참조무결성,Conformance,error,VISIT_OCCURRENCE,person_id,601807,600083,person_id=600083 가 PERSON.person_id 에 없음
ST-0030,VISIT_OCCURRENCE.person_id -> PERSON.person_id 참조무결성,Conformance,error,VISIT_OCCURRENCE,person_id,601808,600083,person_id=600083 가 PERSON.person_id 에 없음
ST-0030,VISIT_OCCURRENCE.person_id -> PERSON.person_id 참조무결성,Conformance,error,VISIT_OCCURRENCE,person_id,601809,600083,person_id=600083 가 PERSON.person_id 에 없음
ST-0030,VISIT_OCCURRENCE.person_id -> PERSON.person_id 참조무결성,Conformance,error,VISIT_OCCURRENCE,person_id,601810,600083,person_id=600083 가 PERSON.person_id 에 없음
ST-0030,VISIT_OCCURRENCE.person_id -> PERSON.person_id 참조무결성,Conformance,error,VISIT_OCCURRENCE,person_id,601811,600083,person_id=600083 가 PERSON.person_id 에 없음
ST-0030,VISIT_OCCURRENCE.person_id -> PERSON.person_id 참조무결성,Conformance,error,VISIT_OCCURRENCE,person_id,601812,600083,person_id=600083 가 PERSON.person_id 에 없음
ST-0030,VISIT_OCCURRENCE.person_id -> PERSON.person_id 참조무결성,Conformance,error,VISIT_OCCURRENCE,person_id,601813,600083,person_id=600083 가 PERSON.person_id 에 없음
ST-0030,VISIT_OCCURRENCE.person_id -> PERSON.person_id 참조무결성,Conformance,error,VISIT_OCCURRENCE,person_id,601814,600083,person_id=600083 가 PERSON.person_id 에 없음
ST-0030,VISIT_OCCURRENCE.person_id -> PERSON.person_id 참조무결성,Conformance,error,VISIT_OCCURRENCE,person_id,601815,600083,person_id=600083 가 PERSON.person_id 에 없음
ST-0030,VISIT_OCCURRENCE.person_id -> PERSON.person_id 참조무결성,Conformance,error,VISIT_OCCURRENCE,person_id,601816,600083,person_id=600083 가 PERSON.person_id 에 없음
ST-0030,VISIT_OCCURRENCE.person_id -> PERSON.person_id 참조무결성,Conformance,error,VISIT_OCCURRENCE,person_id,601817,600083,person_id=600083 가 PERSON.person_id 에 없음
ST-0030,VISIT_OCCURRENCE.person_id -> PERSON.person_id 참조무결성,Conformance,error,VISIT_OCCURRENCE,person_id,601818,600083,person_id=600083 가 PERSON.person_id 에 없음
ST-0030,VISIT_OCCURRENCE.person_id -> PERSON.person_id 참조무결성,Conformance,error,VISIT_OCCURRENCE,person_id,601819,600083,person_id=600083 가 PERSON.person_id 에 없음
ST-0030,VISIT_OCCURRENCE.person_id -> PERSON.person_id 참조무결성,Conformance,error,VISIT_OCCURRENCE,person_id,601820,600083,person_id=600083 가 PERSON.person_id 에 없음
ST-0030,VISIT_OCCURRENCE.person_id -> PERSON.person_id 참조무결성,Conformance,error,VISIT_OCCURRENCE,person_id,601821,600083,person_id=600083 가 PERSON.person_id 에 없음
ST-0030,VISIT_OCCURRENCE.person_id -> PERSON.person_id 참조무결성,Conformance,error,VISIT_OCCURRENCE,person_id,601822,600083,person_id=600083 가 PERSON.person_id 에 없음
ST-0030,VISIT_OCCURRENCE.person_id -> PERSON.person_id 참조무결성,Conformance,error,VISIT_OCCURRENCE,person_id,601823,600083,person_id=600083 가 PERSON.person_id 에 없음
ST-0030,VISIT_OCCURRENCE.person_id -> PERSON.person_id 참조무결성,Conformance,error,VISIT_OCCURRENCE,person_id,601824,600083,person_id=600083 가 PERSON.person_id 에 없음
ST-0030,VISIT_OCCURRENCE.person_id -> PERSON.person_id 참조무결성,Conformance,error,VISIT_OCCURRENCE,person_id,601825,600083,person_id=600083 가 PERSON.person_id 에 없음
ST-0030,VISIT_OCCURRENCE.person_id -> PERSON.person_id 참조무결성,Conformance,error,VISIT_OCCURRENCE,person_id,601826,600083,person_id=600083 가 PERSON.person_id 에 없음
ST-0030,VISIT_OCCURRENCE.person_id -> PERSON.person_id 참조무결성,Conformance,error,VISIT_OCCURRENCE,person_id,601827,600083,person_id=600083 가 PERSON.person_id 에 없음
ST-0030,VISIT_OCCURRENCE.person_id -> PERSON.person_id 참조무결성,Conformance,error,VISIT_OCCURRENCE,person_id,601828,600083,person_id=600083 가 PERSON.person_id 에 없음
ST-0030,VISIT_OCCURRENCE.person_id -> PERSON.person_id 참조무결성,Conformance,error,VISIT_OCCURRENCE,person_id,602072,600097,person_id=600097 가 PERSON.person_id 에 없음
ST-0030,VISIT_OCCURRENCE.person_id -> PERSON.person_id 참조무결성,Conformance,error,VISIT_OCCURRENCE,person_id,602073,600097,person_id=600097 가 PERSON.person_id 에 없음
ST-0030,VISIT_OCCURRENCE.person_id -> PERSON.person_id 참조무결성,Conformance,error,VISIT_OCCURRENCE,person_id,602074,600097,person_id=600097 가 PERSON.person_id 에 없음
ST-0030,VISIT_OCCURRENCE.person_id -> PERSON.person_id 참조무결성,Conformance,error,VISIT_OCCURRENCE,person_id,602075,600097,person_id=600097 가 PERSON.person_id 에 없음
ST-0030,VISIT_OCCURRENCE.person_id -> PERSON.person_id 참조무결성,Conformance,error,VISIT_OCCURRENCE,person_id,602076,600097,person_id=600097 가 PERSON.person_id 에 없음
ST-0030,VISIT_OCCURRENCE.person_id -> PERSON.person_id 참조무결성,Conformance,error,VISIT_OCCURRENCE,person_id,602077,600097,person_id=600097 가 PERSON.person_id 에 없음
ST-0030,VISIT_OCCURRENCE.person_id -> PERSON.person_id 참조무결성,Conformance,error,VISIT_OCCURRENCE,person_id,602078,600097,person_id=600097 가 PERSON.person_id 에 없음
ST-0030,VISIT_OCCURRENCE.person_id -> PERSON.person_id 참조무결성,Conformance,error,VISIT_OCCURRENCE,person_id,602079,600097,person_id=600097 가 PERSON.person_id 에 없음
ST-0030,VISIT_OCCURRENCE.person_id -> PERSON.person_id 참조무결성,Conformance,error,VISIT_OCCURRENCE,person_id,602080,600097,person_id=600097 가 PERSON.person_id 에 없음
ST-0030,VISIT_OCCURRENCE.person_id -> PERSON.person_id 참조무결성,Conformance,error,VISIT_OCCURRENCE,person_id,602081,600097,person_id=600097 가 PERSON.person_id 에 없음
ST-0030,VISIT_OCCURRENCE.person_id -> PERSON.person_id 참조무결성,Conformance,error,VISIT_OCCURRENCE,person_id,602082,600097,person_id=600097 가 PERSON.person_id 에 없음
ST-0030,VISIT_OCCURRENCE.person_id -> PERSON.person_id 참조무결성,Conformance,error,VISIT_OCCURRENCE,person_id,602083,600097,person_id=600097 가 PERSON.person_id 에 없음
ST-0030,VISIT_OCCURRENCE.person_id -> PERSON.person_id 참조무결성,Conformance,error,VISIT_OCCURRENCE,person_id,602084,600097,person_id=600097 가 PERSON.person_id 에 없음
ST-0030,VISIT_OCCURRENCE.person_id -> PERSON.person_id 참조무결성,Conformance,error,VISIT_OCCURRENCE,person_id,602085,600097,person_id=600097 가 PERSON.person_id 에 없음
ST-0030,VISIT_OCCURRENCE.person_id -> PERSON.person_id 참조무결성,Conformance,error,VISIT_OCCURRENCE,person_id,602086,600097,person_id=600097 가 PERSON.person_id 에 없음
ST-0030,VISIT_OCCURRENCE.person_id -> PERSON.person_id 참조무결성,Conformance,error,VISIT_OCCURRENCE,person_id,602087,600097,person_id=600097 가 PERSON.person_id 에 없음
ST-0030,VISIT_OCCURRENCE.person_id -> PERSON.person_id 참조무결성,Conformance,error,VISIT_OCCURRENCE,person_id,602088,600097,person_id=600097 가 PERSON.person_id 에 없음
ST-0030,VISIT_OCCURRENCE.person_id -> PERSON.person_id 참조무결성,Conformance,error,VISIT_OCCURRENCE,person_id,602089,600097,person_id=600097 가 PERSON.person_id 에 없음
ST-0030,VISIT_OCCURRENCE.person_id -> PERSON.person_id 참조무결성,Conformance,error,VISIT_OCCURRENCE,person_id,602090,600097,person_id=600097 가 PERSON.person_id 에 없음
ST-0031,VISIT_OCCURRENCE.visit_concept_id 필수,Completeness,error,VISIT_OCCURRENCE,visit_concept_id,601298,600058,visit_concept_id NULL
ST-0032,VISIT_OCCURRENCE.visit_concept_id 타입(integer),Conformance,error,VISIT_OCCURRENCE,visit_concept_id,601266,600057,visit_concept_id='NOT_A_NUMBER' 은 integer 아님
ST-0033,VISIT_OCCURRENCE.visit_concept_id 코드표,Conformance,warning,VISIT_OCCURRENCE,visit_concept_id,600793,600038,visit_concept_id=9999999 코드표(OMOP.visit_concept_id) 밖
ST-0033,VISIT_OCCURRENCE.visit_concept_id 코드표,Conformance,warning,VISIT_OCCURRENCE,visit_concept_id,601266,600057,visit_concept_id=NOT_A_NUMBER 코드표(OMOP.visit_concept_id) 밖
ST-0034,VISIT_OCCURRENCE.visit_start_date 필수,Completeness,error,VISIT_OCCURRENCE,visit_start_date,600982,600046,visit_start_date NULL
ST-0035,VISIT_OCCURRENCE.visit_start_date 타입(date),Conformance,error,VISIT_OCCURRENCE,visit_start_date,601683,600076,visit_start_date='2026-13-45' 은 date 아님
ST-0036,VISIT_OCCURRENCE.visit_start_date 미래 날짜 금지,Plausibility,error,VISIT_OCCURRENCE,visit_start_date,600557,600028,visit_start_date=2099-01-01 미래 날짜
ST-0037,VISIT_OCCURRENCE.visit_end_date 필수,Completeness,error,VISIT_OCCURRENCE,visit_end_date,602084,600097,visit_end_date NULL
ST-0038,VISIT_OCCURRENCE.visit_end_date 타입(date),Conformance,error,VISIT_OCCURRENCE,visit_end_date,600385,600020,visit_end_date='2026-13-45' 은 date 아님
ST-0039,VISIT_OCCURRENCE.visit_end_date 미래 날짜 금지,Plausibility,error,VISIT_OCCURRENCE,visit_end_date,600539,600028,visit_end_date=2099-01-01 미래 날짜
ST-0040,VISIT_OCCURRENCE.visit_type_concept_id 필수,Completeness,error,VISIT_OCCURRENCE,visit_type_concept_id,600695,600034,visit_type_concept_id NULL
ST-0041,VISIT_OCCURRENCE.visit_type_concept_id 타입(integer),Conformance,error,VISIT_OCCURRENCE,visit_type_concept_id,600161,600008,visit_type_concept_id='NOT_A_NUMBER' 은 integer 아님
ST-0042,VISIT_OCCURRENCE.visit_type_concept_id 코드표,Conformance,warning,VISIT_OCCURRENCE,visit_type_concept_id,600161,600008,visit_type_concept_id=NOT_A_NUMBER 코드표(OMOP.visit_type_concept_id) 밖
ST-0042,VISIT_OCCURRENCE.visit_type_concept_id 코드표,Conformance,warning,VISIT_OCCURRENCE,visit_type_concept_id,601003,600047,visit_type_concept_id=9999999 코드표(OMOP.visit_type_concept_id) 밖
ST-0045,PROCEDURE_OCCURRENCE.procedure_occurrence_id PK 유일성,Conformance,error,PROCEDURE_OCCURRENCE,procedure_occurrence_id,,600011,PK NULL
ST-0045,PROCEDURE_OCCURRENCE.procedure_occurrence_id PK 유일성,Conformance,error,PROCEDURE_OCCURRENCE,procedure_occurrence_id,600774,600010,PK 중복: 600774
ST-0045,PROCEDURE_OCCURRENCE.procedure_occurrence_id PK 유일성,Conformance,error,PROCEDURE_OCCURRENCE,procedure_occurrence_id,600774,600052,PK 중복: 600774
ST-0046,PROCEDURE_OCCURRENCE.procedure_occurrence_id 타입(integer),Conformance,error,PROCEDURE_OCCURRENCE,procedure_occurrence_id,NOT_A_NUMBER,600099,procedure_occurrence_id='NOT_A_NUMBER' 은 integer 아님
ST-0047,PROCEDURE_OCCURRENCE.visit_occurrence_id 타입(integer),Conformance,error,PROCEDURE_OCCURRENCE,visit_occurrence_id,600190,600014,visit_occurrence_id='NOT_A_NUMBER' 은 integer 아님
ST-0048,PROCEDURE_OCCURRENCE.visit_occurrence_id -> VISIT_OCCURRENCE.visit_occurrence_id 참조무결성,Conformance,error,PROCEDURE_OCCURRENCE,visit_occurrence_id,600298,600022,visit_occurrence_id=600435 가 VISIT_OCCURRENCE.visit_occurrence_id 에 없음
ST-0048,PROCEDURE_OCCURRENCE.visit_occurrence_id -> VISIT_OCCURRENCE.visit_occurrence_id 참조무결성,Conformance,error,PROCEDURE_OCCURRENCE,visit_occurrence_id,600321,600023,visit_occurrence_id=600464 가 VISIT_OCCURRENCE.visit_occurrence_id 에 없음
ST-0048,PROCEDURE_OCCURRENCE.visit_occurrence_id -> VISIT_OCCURRENCE.visit_occurrence_id 참조무결성,Conformance,error,PROCEDURE_OCCURRENCE,visit_occurrence_id,600567,600039,visit_occurrence_id=600813 가 VISIT_OCCURRENCE.visit_occurrence_id 에 없음
ST-0048,PROCEDURE_OCCURRENCE.visit_occurrence_id -> VISIT_OCCURRENCE.visit_occurrence_id 참조무결성,Conformance,error,PROCEDURE_OCCURRENCE,visit_occurrence_id,600568,600039,visit_occurrence_id=600813 가 VISIT_OCCURRENCE.visit_occurrence_id 에 없음
ST-0048,PROCEDURE_OCCURRENCE.visit_occurrence_id -> VISIT_OCCURRENCE.visit_occurrence_id 참조무결성,Conformance,error,PROCEDURE_OCCURRENCE,visit_occurrence_id,600569,600039,visit_occurrence_id=600813 가 VISIT_OCCURRENCE.visit_occurrence_id 에 없음
ST-0048,PROCEDURE_OCCURRENCE.visit_occurrence_id -> VISIT_OCCURRENCE.visit_occurrence_id 참조무결성,Conformance,error,PROCEDURE_OCCURRENCE,visit_occurrence_id,600756,600051,visit_occurrence_id=999999999 가 VISIT_OCCURRENCE.visit_occurrence_id 에 없음
ST-0049,PROCEDURE_OCCURRENCE.person_id 필수,Completeness,error,PROCEDURE_OCCURRENCE,person_id,600283,,person_id NULL
ST-0050,PROCEDURE_OCCURRENCE.person_id 타입(integer),Conformance,error,PROCEDURE_OCCURRENCE,person_id,600065,NOT_A_NUMBER,person_id='NOT_A_NUMBER' 은 integer 아님
ST-0051,PROCEDURE_OCCURRENCE.person_id -> PERSON.person_id 참조무결성,Conformance,error,PROCEDURE_OCCURRENCE,person_id,600459,600033,person_id=600033 가 PERSON.person_id 에 없음
ST-0051,PROCEDURE_OCCURRENCE.person_id -> PERSON.person_id 참조무결성,Conformance,error,PROCEDURE_OCCURRENCE,person_id,600460,600033,person_id=600033 가 PERSON.person_id 에 없음
ST-0051,PROCEDURE_OCCURRENCE.person_id -> PERSON.person_id 참조무결성,Conformance,error,PROCEDURE_OCCURRENCE,person_id,600461,600033,person_id=600033 가 PERSON.person_id 에 없음
ST-0051,PROCEDURE_OCCURRENCE.person_id -> PERSON.person_id 참조무결성,Conformance,error,PROCEDURE_OCCURRENCE,person_id,600462,600033,person_id=600033 가 PERSON.person_id 에 없음
ST-0051,PROCEDURE_OCCURRENCE.person_id -> PERSON.person_id 참조무결성,Conformance,error,PROCEDURE_OCCURRENCE,person_id,600463,600033,person_id=600033 가 PERSON.person_id 에 없음
ST-0051,PROCEDURE_OCCURRENCE.person_id -> PERSON.person_id 참조무결성,Conformance,error,PROCEDURE_OCCURRENCE,person_id,600464,600033,person_id=600033 가 PERSON.person_id 에 없음
ST-0051,PROCEDURE_OCCURRENCE.person_id -> PERSON.person_id 참조무결성,Conformance,error,PROCEDURE_OCCURRENCE,person_id,600465,600033,person_id=600033 가 PERSON.person_id 에 없음
ST-0051,PROCEDURE_OCCURRENCE.person_id -> PERSON.person_id 참조무결성,Conformance,error,PROCEDURE_OCCURRENCE,person_id,600466,600033,person_id=600033 가 PERSON.person_id 에 없음
ST-0051,PROCEDURE_OCCURRENCE.person_id -> PERSON.person_id 참조무결성,Conformance,error,PROCEDURE_OCCURRENCE,person_id,600467,600033,person_id=600033 가 PERSON.person_id 에 없음
ST-0051,PROCEDURE_OCCURRENCE.person_id -> PERSON.person_id 참조무결성,Conformance,error,PROCEDURE_OCCURRENCE,person_id,600468,600033,person_id=600033 가 PERSON.person_id 에 없음
ST-0051,PROCEDURE_OCCURRENCE.person_id -> PERSON.person_id 참조무결성,Conformance,error,PROCEDURE_OCCURRENCE,person_id,600469,600033,person_id=600033 가 PERSON.person_id 에 없음
ST-0051,PROCEDURE_OCCURRENCE.person_id -> PERSON.person_id 참조무결성,Conformance,error,PROCEDURE_OCCURRENCE,person_id,600470,600033,person_id=600033 가 PERSON.person_id 에 없음
ST-0051,PROCEDURE_OCCURRENCE.person_id -> PERSON.person_id 참조무결성,Conformance,error,PROCEDURE_OCCURRENCE,person_id,600471,600033,person_id=600033 가 PERSON.person_id 에 없음
ST-0051,PROCEDURE_OCCURRENCE.person_id -> PERSON.person_id 참조무결성,Conformance,error,PROCEDURE_OCCURRENCE,person_id,600472,600033,person_id=600033 가 PERSON.person_id 에 없음
ST-0051,PROCEDURE_OCCURRENCE.person_id -> PERSON.person_id 참조무결성,Conformance,error,PROCEDURE_OCCURRENCE,person_id,601206,600083,person_id=600083 가 PERSON.person_id 에 없음
ST-0051,PROCEDURE_OCCURRENCE.person_id -> PERSON.person_id 참조무결성,Conformance,error,PROCEDURE_OCCURRENCE,person_id,601207,600083,person_id=600083 가 PERSON.person_id 에 없음
ST-0051,PROCEDURE_OCCURRENCE.person_id -> PERSON.person_id 참조무결성,Conformance,error,PROCEDURE_OCCURRENCE,person_id,601208,600083,person_id=600083 가 PERSON.person_id 에 없음
ST-0051,PROCEDURE_OCCURRENCE.person_id -> PERSON.person_id 참조무결성,Conformance,error,PROCEDURE_OCCURRENCE,person_id,601209,600083,person_id=600083 가 PERSON.person_id 에 없음
ST-0051,PROCEDURE_OCCURRENCE.person_id -> PERSON.person_id 참조무결성,Conformance,error,PROCEDURE_OCCURRENCE,person_id,601210,600083,person_id=600083 가 PERSON.person_id 에 없음
ST-0051,PROCEDURE_OCCURRENCE.person_id -> PERSON.person_id 참조무결성,Conformance,error,PROCEDURE_OCCURRENCE,person_id,601211,600083,person_id=600083 가 PERSON.person_id 에 없음
ST-0051,PROCEDURE_OCCURRENCE.person_id -> PERSON.person_id 참조무결성,Conformance,error,PROCEDURE_OCCURRENCE,person_id,601212,600083,person_id=600083 가 PERSON.person_id 에 없음
ST-0051,PROCEDURE_OCCURRENCE.person_id -> PERSON.person_id 참조무결성,Conformance,error,PROCEDURE_OCCURRENCE,person_id,601213,600083,person_id=600083 가 PERSON.person_id 에 없음
ST-0051,PROCEDURE_OCCURRENCE.person_id -> PERSON.person_id 참조무결성,Conformance,error,PROCEDURE_OCCURRENCE,person_id,601214,600083,person_id=600083 가 PERSON.person_id 에 없음
ST-0051,PROCEDURE_OCCURRENCE.person_id -> PERSON.person_id 참조무결성,Conformance,error,PROCEDURE_OCCURRENCE,person_id,601215,600083,person_id=600083 가 PERSON.person_id 에 없음
ST-0051,PROCEDURE_OCCURRENCE.person_id -> PERSON.person_id 참조무결성,Conformance,error,PROCEDURE_OCCURRENCE,person_id,601324,999999999,person_id=999999999 가 PERSON.person_id 에 없음
ST-0051,PROCEDURE_OCCURRENCE.person_id -> PERSON.person_id 참조무결성,Conformance,error,PROCEDURE_OCCURRENCE,person_id,601385,600097,person_id=600097 가 PERSON.person_id 에 없음
ST-0051,PROCEDURE_OCCURRENCE.person_id -> PERSON.person_id 참조무결성,Conformance,error,PROCEDURE_OCCURRENCE,person_id,601386,600097,person_id=600097 가 PERSON.person_id 에 없음
ST-0051,PROCEDURE_OCCURRENCE.person_id -> PERSON.person_id 참조무결성,Conformance,error,PROCEDURE_OCCURRENCE,person_id,601387,600097,person_id=600097 가 PERSON.person_id 에 없음
ST-0051,PROCEDURE_OCCURRENCE.person_id -> PERSON.person_id 참조무결성,Conformance,error,PROCEDURE_OCCURRENCE,person_id,601388,600097,person_id=600097 가 PERSON.person_id 에 없음
ST-0051,PROCEDURE_OCCURRENCE.person_id -> PERSON.person_id 참조무결성,Conformance,error,PROCEDURE_OCCURRENCE,person_id,601389,600097,person_id=600097 가 PERSON.person_id 에 없음
ST-0051,PROCEDURE_OCCURRENCE.person_id -> PERSON.person_id 참조무결성,Conformance,error,PROCEDURE_OCCURRENCE,person_id,601390,600097,person_id=600097 가 PERSON.person_id 에 없음
ST-0051,PROCEDURE_OCCURRENCE.person_id -> PERSON.person_id 참조무결성,Conformance,error,PROCEDURE_OCCURRENCE,person_id,601391,600097,person_id=600097 가 PERSON.person_id 에 없음
ST-0051,PROCEDURE_OCCURRENCE.person_id -> PERSON.person_id 참조무결성,Conformance,error,PROCEDURE_OCCURRENCE,person_id,601392,600097,person_id=600097 가 PERSON.person_id 에 없음
ST-0051,PROCEDURE_OCCURRENCE.person_id -> PERSON.person_id 참조무결성,Conformance,error,PROCEDURE_OCCURRENCE,person_id,601393,600097,person_id=600097 가 PERSON.person_id 에 없음
ST-0051,PROCEDURE_OCCURRENCE.person_id -> PERSON.person_id 참조무결성,Conformance,error,PROCEDURE_OCCURRENCE,person_id,601394,600097,person_id=600097 가 PERSON.person_id 에 없음
ST-0051,PROCEDURE_OCCURRENCE.person_id -> PERSON.person_id 참조무결성,Conformance,error,PROCEDURE_OCCURRENCE,person_id,601395,600097,person_id=600097 가 PERSON.person_id 에 없음
ST-0051,PROCEDURE_OCCURRENCE.person_id -> PERSON.person_id 참조무결성,Conformance,error,PROCEDURE_OCCURRENCE,person_id,601396,600097,person_id=600097 가 PERSON.person_id 에 없음
ST-0051,PROCEDURE_OCCURRENCE.person_id -> PERSON.person_id 참조무결성,Conformance,error,PROCEDURE_OCCURRENCE,person_id,601397,600097,person_id=600097 가 PERSON.person_id 에 없음
ST-0051,PROCEDURE_OCCURRENCE.person_id -> PERSON.person_id 참조무결성,Conformance,error,PROCEDURE_OCCURRENCE,person_id,601398,600097,person_id=600097 가 PERSON.person_id 에 없음
ST-0052,PROCEDURE_OCCURRENCE.procedure_concept_id 필수,Completeness,error,PROCEDURE_OCCURRENCE,procedure_concept_id,600453,600032,procedure_concept_id NULL
ST-0053,PROCEDURE_OCCURRENCE.procedure_concept_id 타입(integer),Conformance,error,PROCEDURE_OCCURRENCE,procedure_concept_id,600238,600018,procedure_concept_id='NOT_A_NUMBER' 은 integer 아님
ST-0054,PROCEDURE_OCCURRENCE.procedure_date 필수,Completeness,error,PROCEDURE_OCCURRENCE,procedure_date,600487,600034,procedure_date NULL
ST-0055,PROCEDURE_OCCURRENCE.procedure_date 타입(date),Conformance,error,PROCEDURE_OCCURRENCE,procedure_date,600778,600052,procedure_date='2026-13-45' 은 date 아님
ST-0056,PROCEDURE_OCCURRENCE.procedure_date 미래 날짜 금지,Plausibility,error,PROCEDURE_OCCURRENCE,procedure_date,601406,600098,procedure_date=2099-01-01 미래 날짜
ST-0057,PROCEDURE_OCCURRENCE.procedure_type_concept_id 필수,Completeness,error,PROCEDURE_OCCURRENCE,procedure_type_concept_id,600502,600035,procedure_type_concept_id NULL
ST-0058,PROCEDURE_OCCURRENCE.procedure_type_concept_id 타입(integer),Conformance,error,PROCEDURE_OCCURRENCE,procedure_type_concept_id,600449,600032,procedure_type_concept_id='NOT_A_NUMBER' 은 integer 아님
ST-0059,PROCEDURE_OCCURRENCE.procedure_type_concept_id 코드표,Conformance,warning,PROCEDURE_OCCURRENCE,procedure_type_concept_id,600449,600032,procedure_type_concept_id=NOT_A_NUMBER 코드표(OMOP.procedure_type_concept_id) 밖
ST-0059,PROCEDURE_OCCURRENCE.procedure_type_concept_id 코드표,Conformance,warning,PROCEDURE_OCCURRENCE,procedure_type_concept_id,601087,600073,procedure_type_concept_id=9999999 코드표(OMOP.procedure_type_concept_id) 밖
ST-0062,DRUG_EXPOSURE.drug_exposure_id PK 유일성,Conformance,error,DRUG_EXPOSURE,drug_exposure_id,,600009,PK NULL
ST-0062,DRUG_EXPOSURE.drug_exposure_id PK 유일성,Conformance,error,DRUG_EXPOSURE,drug_exposure_id,600849,600032,PK 중복: 600849
ST-0062,DRUG_EXPOSURE.drug_exposure_id PK 유일성,Conformance,error,DRUG_EXPOSURE,drug_exposure_id,600849,600054,PK 중복: 600849
ST-0063,DRUG_EXPOSURE.drug_exposure_id 타입(integer),Conformance,error,DRUG_EXPOSURE,drug_exposure_id,NOT_A_NUMBER,600099,drug_exposure_id='NOT_A_NUMBER' 은 integer 아님
ST-0064,DRUG_EXPOSURE.visit_occurrence_id 필수,Completeness,error,DRUG_EXPOSURE,visit_occurrence_id,601581,600056,visit_occurrence_id NULL
ST-0065,DRUG_EXPOSURE.visit_occurrence_id 타입(integer),Conformance,error,DRUG_EXPOSURE,visit_occurrence_id,600372,600016,visit_occurrence_id='NOT_A_NUMBER' 은 integer 아님
ST-0066,DRUG_EXPOSURE.visit_occurrence_id -> VISIT_OCCURRENCE.visit_occurrence_id 참조무결성,Conformance,error,DRUG_EXPOSURE,visit_occurrence_id,600640,600025,visit_occurrence_id=999999999 가 VISIT_OCCURRENCE.visit_occurrence_id 에 없음
ST-0067,DRUG_EXPOSURE.person_id 필수,Completeness,error,DRUG_EXPOSURE,person_id,601164,,person_id NULL
ST-0068,DRUG_EXPOSURE.person_id 타입(integer),Conformance,error,DRUG_EXPOSURE,person_id,601017,NOT_A_NUMBER,person_id='NOT_A_NUMBER' 은 integer 아님
ST-0069,DRUG_EXPOSURE.person_id -> PERSON.person_id 참조무결성,Conformance,error,DRUG_EXPOSURE,person_id,600851,600033,person_id=600033 가 PERSON.person_id 에 없음
ST-0069,DRUG_EXPOSURE.person_id -> PERSON.person_id 참조무결성,Conformance,error,DRUG_EXPOSURE,person_id,600852,600033,person_id=600033 가 PERSON.person_id 에 없음
ST-0069,DRUG_EXPOSURE.person_id -> PERSON.person_id 참조무결성,Conformance,error,DRUG_EXPOSURE,person_id,600853,600033,person_id=600033 가 PERSON.person_id 에 없음
ST-0069,DRUG_EXPOSURE.person_id -> PERSON.person_id 참조무결성,Conformance,error,DRUG_EXPOSURE,person_id,600854,600033,person_id=600033 가 PERSON.person_id 에 없음
ST-0069,DRUG_EXPOSURE.person_id -> PERSON.person_id 참조무결성,Conformance,error,DRUG_EXPOSURE,person_id,600855,600033,person_id=600033 가 PERSON.person_id 에 없음
ST-0069,DRUG_EXPOSURE.person_id -> PERSON.person_id 참조무결성,Conformance,error,DRUG_EXPOSURE,person_id,600856,600033,person_id=600033 가 PERSON.person_id 에 없음
ST-0069,DRUG_EXPOSURE.person_id -> PERSON.person_id 참조무결성,Conformance,error,DRUG_EXPOSURE,person_id,600857,600033,person_id=600033 가 PERSON.person_id 에 없음
ST-0069,DRUG_EXPOSURE.person_id -> PERSON.person_id 참조무결성,Conformance,error,DRUG_EXPOSURE,person_id,600858,600033,person_id=600033 가 PERSON.person_id 에 없음
ST-0069,DRUG_EXPOSURE.person_id -> PERSON.person_id 참조무결성,Conformance,error,DRUG_EXPOSURE,person_id,600859,600033,person_id=600033 가 PERSON.person_id 에 없음
ST-0069,DRUG_EXPOSURE.person_id -> PERSON.person_id 참조무결성,Conformance,error,DRUG_EXPOSURE,person_id,600860,600033,person_id=600033 가 PERSON.person_id 에 없음
ST-0069,DRUG_EXPOSURE.person_id -> PERSON.person_id 참조무결성,Conformance,error,DRUG_EXPOSURE,person_id,600861,600033,person_id=600033 가 PERSON.person_id 에 없음
ST-0069,DRUG_EXPOSURE.person_id -> PERSON.person_id 참조무결성,Conformance,error,DRUG_EXPOSURE,person_id,600862,600033,person_id=600033 가 PERSON.person_id 에 없음
ST-0069,DRUG_EXPOSURE.person_id -> PERSON.person_id 참조무결성,Conformance,error,DRUG_EXPOSURE,person_id,600863,600033,person_id=600033 가 PERSON.person_id 에 없음
ST-0069,DRUG_EXPOSURE.person_id -> PERSON.person_id 참조무결성,Conformance,error,DRUG_EXPOSURE,person_id,600864,600033,person_id=600033 가 PERSON.person_id 에 없음
ST-0069,DRUG_EXPOSURE.person_id -> PERSON.person_id 참조무결성,Conformance,error,DRUG_EXPOSURE,person_id,600865,600033,person_id=600033 가 PERSON.person_id 에 없음
ST-0069,DRUG_EXPOSURE.person_id -> PERSON.person_id 참조무결성,Conformance,error,DRUG_EXPOSURE,person_id,600866,600033,person_id=600033 가 PERSON.person_id 에 없음
ST-0069,DRUG_EXPOSURE.person_id -> PERSON.person_id 참조무결성,Conformance,error,DRUG_EXPOSURE,person_id,600867,600033,person_id=600033 가 PERSON.person_id 에 없음
ST-0069,DRUG_EXPOSURE.person_id -> PERSON.person_id 참조무결성,Conformance,error,DRUG_EXPOSURE,person_id,600868,600033,person_id=600033 가 PERSON.person_id 에 없음
ST-0069,DRUG_EXPOSURE.person_id -> PERSON.person_id 참조무결성,Conformance,error,DRUG_EXPOSURE,person_id,600869,600033,person_id=600033 가 PERSON.person_id 에 없음
ST-0069,DRUG_EXPOSURE.person_id -> PERSON.person_id 참조무결성,Conformance,error,DRUG_EXPOSURE,person_id,600870,600033,person_id=600033 가 PERSON.person_id 에 없음
ST-0069,DRUG_EXPOSURE.person_id -> PERSON.person_id 참조무결성,Conformance,error,DRUG_EXPOSURE,person_id,600871,600033,person_id=600033 가 PERSON.person_id 에 없음
ST-0069,DRUG_EXPOSURE.person_id -> PERSON.person_id 참조무결성,Conformance,error,DRUG_EXPOSURE,person_id,600872,600033,person_id=600033 가 PERSON.person_id 에 없음
ST-0069,DRUG_EXPOSURE.person_id -> PERSON.person_id 참조무결성,Conformance,error,DRUG_EXPOSURE,person_id,600873,600033,person_id=600033 가 PERSON.person_id 에 없음
ST-0069,DRUG_EXPOSURE.person_id -> PERSON.person_id 참조무결성,Conformance,error,DRUG_EXPOSURE,person_id,600874,600033,person_id=600033 가 PERSON.person_id 에 없음
ST-0069,DRUG_EXPOSURE.person_id -> PERSON.person_id 참조무결성,Conformance,error,DRUG_EXPOSURE,person_id,600875,600033,person_id=600033 가 PERSON.person_id 에 없음
ST-0069,DRUG_EXPOSURE.person_id -> PERSON.person_id 참조무결성,Conformance,error,DRUG_EXPOSURE,person_id,600876,600033,person_id=600033 가 PERSON.person_id 에 없음
ST-0069,DRUG_EXPOSURE.person_id -> PERSON.person_id 참조무결성,Conformance,error,DRUG_EXPOSURE,person_id,600877,600033,person_id=600033 가 PERSON.person_id 에 없음
ST-0069,DRUG_EXPOSURE.person_id -> PERSON.person_id 참조무결성,Conformance,error,DRUG_EXPOSURE,person_id,600878,600033,person_id=600033 가 PERSON.person_id 에 없음
ST-0069,DRUG_EXPOSURE.person_id -> PERSON.person_id 참조무결성,Conformance,error,DRUG_EXPOSURE,person_id,600879,600033,person_id=600033 가 PERSON.person_id 에 없음
ST-0069,DRUG_EXPOSURE.person_id -> PERSON.person_id 참조무결성,Conformance,error,DRUG_EXPOSURE,person_id,600880,600033,person_id=600033 가 PERSON.person_id 에 없음
ST-0069,DRUG_EXPOSURE.person_id -> PERSON.person_id 참조무결성,Conformance,error,DRUG_EXPOSURE,person_id,600881,600033,person_id=600033 가 PERSON.person_id 에 없음
ST-0069,DRUG_EXPOSURE.person_id -> PERSON.person_id 참조무결성,Conformance,error,DRUG_EXPOSURE,person_id,600882,600033,person_id=600033 가 PERSON.person_id 에 없음
ST-0069,DRUG_EXPOSURE.person_id -> PERSON.person_id 참조무결성,Conformance,error,DRUG_EXPOSURE,person_id,601849,999999999,person_id=999999999 가 PERSON.person_id 에 없음
ST-0069,DRUG_EXPOSURE.person_id -> PERSON.person_id 참조무결성,Conformance,error,DRUG_EXPOSURE,person_id,602325,600083,person_id=600083 가 PERSON.person_id 에 없음
ST-0069,DRUG_EXPOSURE.person_id -> PERSON.person_id 참조무결성,Conformance,error,DRUG_EXPOSURE,person_id,602326,600083,person_id=600083 가 PERSON.person_id 에 없음
ST-0069,DRUG_EXPOSURE.person_id -> PERSON.person_id 참조무결성,Conformance,error,DRUG_EXPOSURE,person_id,602327,600083,person_id=600083 가 PERSON.person_id 에 없음
ST-0069,DRUG_EXPOSURE.person_id -> PERSON.person_id 참조무결성,Conformance,error,DRUG_EXPOSURE,person_id,602328,600083,person_id=600083 가 PERSON.person_id 에 없음
ST-0069,DRUG_EXPOSURE.person_id -> PERSON.person_id 참조무결성,Conformance,error,DRUG_EXPOSURE,person_id,602329,600083,person_id=600083 가 PERSON.person_id 에 없음
ST-0069,DRUG_EXPOSURE.person_id -> PERSON.person_id 참조무결성,Conformance,error,DRUG_EXPOSURE,person_id,602330,600083,person_id=600083 가 PERSON.person_id 에 없음
ST-0069,DRUG_EXPOSURE.person_id -> PERSON.person_id 참조무결성,Conformance,error,DRUG_EXPOSURE,person_id,602331,600083,person_id=600083 가 PERSON.person_id 에 없음
ST-0069,DRUG_EXPOSURE.person_id -> PERSON.person_id 참조무결성,Conformance,error,DRUG_EXPOSURE,person_id,602332,600083,person_id=600083 가 PERSON.person_id 에 없음
ST-0069,DRUG_EXPOSURE.person_id -> PERSON.person_id 참조무결성,Conformance,error,DRUG_EXPOSURE,person_id,602333,600083,person_id=600083 가 PERSON.person_id 에 없음
ST-0069,DRUG_EXPOSURE.person_id -> PERSON.person_id 참조무결성,Conformance,error,DRUG_EXPOSURE,person_id,602334,600083,person_id=600083 가 PERSON.person_id 에 없음
ST-0069,DRUG_EXPOSURE.person_id -> PERSON.person_id 참조무결성,Conformance,error,DRUG_EXPOSURE,person_id,602335,600083,person_id=600083 가 PERSON.person_id 에 없음
ST-0069,DRUG_EXPOSURE.person_id -> PERSON.person_id 참조무결성,Conformance,error,DRUG_EXPOSURE,person_id,602336,600083,person_id=600083 가 PERSON.person_id 에 없음
ST-0069,DRUG_EXPOSURE.person_id -> PERSON.person_id 참조무결성,Conformance,error,DRUG_EXPOSURE,person_id,602337,600083,person_id=600083 가 PERSON.person_id 에 없음
ST-0069,DRUG_EXPOSURE.person_id -> PERSON.person_id 참조무결성,Conformance,error,DRUG_EXPOSURE,person_id,602338,600083,person_id=600083 가 PERSON.person_id 에 없음
ST-0069,DRUG_EXPOSURE.person_id -> PERSON.person_id 참조무결성,Conformance,error,DRUG_EXPOSURE,person_id,602339,600083,person_id=600083 가 PERSON.person_id 에 없음
ST-0069,DRUG_EXPOSURE.person_id -> PERSON.person_id 참조무결성,Conformance,error,DRUG_EXPOSURE,person_id,602340,600083,person_id=600083 가 PERSON.person_id 에 없음
ST-0069,DRUG_EXPOSURE.person_id -> PERSON.person_id 참조무결성,Conformance,error,DRUG_EXPOSURE,person_id,602341,600083,person_id=600083 가 PERSON.person_id 에 없음
ST-0069,DRUG_EXPOSURE.person_id -> PERSON.person_id 참조무결성,Conformance,error,DRUG_EXPOSURE,person_id,602342,600083,person_id=600083 가 PERSON.person_id 에 없음
ST-0069,DRUG_EXPOSURE.person_id -> PERSON.person_id 참조무결성,Conformance,error,DRUG_EXPOSURE,person_id,602343,600083,person_id=600083 가 PERSON.person_id 에 없음
ST-0069,DRUG_EXPOSURE.person_id -> PERSON.person_id 참조무결성,Conformance,error,DRUG_EXPOSURE,person_id,602344,600083,person_id=600083 가 PERSON.person_id 에 없음
ST-0069,DRUG_EXPOSURE.person_id -> PERSON.person_id 참조무결성,Conformance,error,DRUG_EXPOSURE,person_id,602345,600083,person_id=600083 가 PERSON.person_id 에 없음
ST-0069,DRUG_EXPOSURE.person_id -> PERSON.person_id 참조무결성,Conformance,error,DRUG_EXPOSURE,person_id,602346,600083,person_id=600083 가 PERSON.person_id 에 없음
ST-0069,DRUG_EXPOSURE.person_id -> PERSON.person_id 참조무결성,Conformance,error,DRUG_EXPOSURE,person_id,602347,600083,person_id=600083 가 PERSON.person_id 에 없음
ST-0069,DRUG_EXPOSURE.person_id -> PERSON.person_id 참조무결성,Conformance,error,DRUG_EXPOSURE,person_id,602348,600083,person_id=600083 가 PERSON.person_id 에 없음
ST-0069,DRUG_EXPOSURE.person_id -> PERSON.person_id 참조무결성,Conformance,error,DRUG_EXPOSURE,person_id,602349,600083,person_id=600083 가 PERSON.person_id 에 없음
ST-0069,DRUG_EXPOSURE.person_id -> PERSON.person_id 참조무결성,Conformance,error,DRUG_EXPOSURE,person_id,602350,600083,person_id=600083 가 PERSON.person_id 에 없음
ST-0069,DRUG_EXPOSURE.person_id -> PERSON.person_id 참조무결성,Conformance,error,DRUG_EXPOSURE,person_id,602351,600083,person_id=600083 가 PERSON.person_id 에 없음
ST-0069,DRUG_EXPOSURE.person_id -> PERSON.person_id 참조무결성,Conformance,error,DRUG_EXPOSURE,person_id,602352,600083,person_id=600083 가 PERSON.person_id 에 없음
ST-0069,DRUG_EXPOSURE.person_id -> PERSON.person_id 참조무결성,Conformance,error,DRUG_EXPOSURE,person_id,602353,600083,person_id=600083 가 PERSON.person_id 에 없음
ST-0069,DRUG_EXPOSURE.person_id -> PERSON.person_id 참조무결성,Conformance,error,DRUG_EXPOSURE,person_id,602354,600083,person_id=600083 가 PERSON.person_id 에 없음
ST-0069,DRUG_EXPOSURE.person_id -> PERSON.person_id 참조무결성,Conformance,error,DRUG_EXPOSURE,person_id,602355,600083,person_id=600083 가 PERSON.person_id 에 없음
ST-0069,DRUG_EXPOSURE.person_id -> PERSON.person_id 참조무결성,Conformance,error,DRUG_EXPOSURE,person_id,602356,600083,person_id=600083 가 PERSON.person_id 에 없음
ST-0069,DRUG_EXPOSURE.person_id -> PERSON.person_id 참조무결성,Conformance,error,DRUG_EXPOSURE,person_id,602357,600083,person_id=600083 가 PERSON.person_id 에 없음
ST-0069,DRUG_EXPOSURE.person_id -> PERSON.person_id 참조무결성,Conformance,error,DRUG_EXPOSURE,person_id,602358,600083,person_id=600083 가 PERSON.person_id 에 없음
ST-0069,DRUG_EXPOSURE.person_id -> PERSON.person_id 참조무결성,Conformance,error,DRUG_EXPOSURE,person_id,602359,600083,person_id=600083 가 PERSON.person_id 에 없음
ST-0069,DRUG_EXPOSURE.person_id -> PERSON.person_id 참조무결성,Conformance,error,DRUG_EXPOSURE,person_id,602360,600083,person_id=600083 가 PERSON.person_id 에 없음
ST-0069,DRUG_EXPOSURE.person_id -> PERSON.person_id 참조무결성,Conformance,error,DRUG_EXPOSURE,person_id,602361,600083,person_id=600083 가 PERSON.person_id 에 없음
ST-0069,DRUG_EXPOSURE.person_id -> PERSON.person_id 참조무결성,Conformance,error,DRUG_EXPOSURE,person_id,602664,600097,person_id=600097 가 PERSON.person_id 에 없음
ST-0069,DRUG_EXPOSURE.person_id -> PERSON.person_id 참조무결성,Conformance,error,DRUG_EXPOSURE,person_id,602665,600097,person_id=600097 가 PERSON.person_id 에 없음
ST-0069,DRUG_EXPOSURE.person_id -> PERSON.person_id 참조무결성,Conformance,error,DRUG_EXPOSURE,person_id,602666,600097,person_id=600097 가 PERSON.person_id 에 없음
ST-0069,DRUG_EXPOSURE.person_id -> PERSON.person_id 참조무결성,Conformance,error,DRUG_EXPOSURE,person_id,602667,600097,person_id=600097 가 PERSON.person_id 에 없음
ST-0069,DRUG_EXPOSURE.person_id -> PERSON.person_id 참조무결성,Conformance,error,DRUG_EXPOSURE,person_id,602668,600097,person_id=600097 가 PERSON.person_id 에 없음
ST-0069,DRUG_EXPOSURE.person_id -> PERSON.person_id 참조무결성,Conformance,error,DRUG_EXPOSURE,person_id,602669,600097,person_id=600097 가 PERSON.person_id 에 없음
ST-0069,DRUG_EXPOSURE.person_id -> PERSON.person_id 참조무결성,Conformance,error,DRUG_EXPOSURE,person_id,602670,600097,person_id=600097 가 PERSON.person_id 에 없음
ST-0069,DRUG_EXPOSURE.person_id -> PERSON.person_id 참조무결성,Conformance,error,DRUG_EXPOSURE,person_id,602671,600097,person_id=600097 가 PERSON.person_id 에 없음
ST-0069,DRUG_EXPOSURE.person_id -> PERSON.person_id 참조무결성,Conformance,error,DRUG_EXPOSURE,person_id,602672,600097,person_id=600097 가 PERSON.person_id 에 없음
ST-0069,DRUG_EXPOSURE.person_id -> PERSON.person_id 참조무결성,Conformance,error,DRUG_EXPOSURE,person_id,602673,600097,person_id=600097 가 PERSON.person_id 에 없음
ST-0069,DRUG_EXPOSURE.person_id -> PERSON.person_id 참조무결성,Conformance,error,DRUG_EXPOSURE,person_id,602674,600097,person_id=600097 가 PERSON.person_id 에 없음
ST-0069,DRUG_EXPOSURE.person_id -> PERSON.person_id 참조무결성,Conformance,error,DRUG_EXPOSURE,person_id,602675,600097,person_id=600097 가 PERSON.person_id 에 없음
ST-0069,DRUG_EXPOSURE.person_id -> PERSON.person_id 참조무결성,Conformance,error,DRUG_EXPOSURE,person_id,602676,600097,person_id=600097 가 PERSON.person_id 에 없음
ST-0069,DRUG_EXPOSURE.person_id -> PERSON.person_id 참조무결성,Conformance,error,DRUG_EXPOSURE,person_id,602677,600097,person_id=600097 가 PERSON.person_id 에 없음
ST-0069,DRUG_EXPOSURE.person_id -> PERSON.person_id 참조무결성,Conformance,error,DRUG_EXPOSURE,person_id,602678,600097,person_id=600097 가 PERSON.person_id 에 없음
ST-0069,DRUG_EXPOSURE.person_id -> PERSON.person_id 참조무결성,Conformance,error,DRUG_EXPOSURE,person_id,602679,600097,person_id=600097 가 PERSON.person_id 에 없음
ST-0069,DRUG_EXPOSURE.person_id -> PERSON.person_id 참조무결성,Conformance,error,DRUG_EXPOSURE,person_id,602680,600097,person_id=600097 가 PERSON.person_id 에 없음
ST-0069,DRUG_EXPOSURE.person_id -> PERSON.person_id 참조무결성,Conformance,error,DRUG_EXPOSURE,person_id,602681,600097,person_id=600097 가 PERSON.person_id 에 없음
ST-0069,DRUG_EXPOSURE.person_id -> PERSON.person_id 참조무결성,Conformance,error,DRUG_EXPOSURE,person_id,602682,600097,person_id=600097 가 PERSON.person_id 에 없음
ST-0069,DRUG_EXPOSURE.person_id -> PERSON.person_id 참조무결성,Conformance,error,DRUG_EXPOSURE,person_id,602683,600097,person_id=600097 가 PERSON.person_id 에 없음
ST-0069,DRUG_EXPOSURE.person_id -> PERSON.person_id 참조무결성,Conformance,error,DRUG_EXPOSURE,person_id,602684,600097,person_id=600097 가 PERSON.person_id 에 없음
ST-0069,DRUG_EXPOSURE.person_id -> PERSON.person_id 참조무결성,Conformance,error,DRUG_EXPOSURE,person_id,602685,600097,person_id=600097 가 PERSON.person_id 에 없음
ST-0069,DRUG_EXPOSURE.person_id -> PERSON.person_id 참조무결성,Conformance,error,DRUG_EXPOSURE,person_id,602686,600097,person_id=600097 가 PERSON.person_id 에 없음
ST-0069,DRUG_EXPOSURE.person_id -> PERSON.person_id 참조무결성,Conformance,error,DRUG_EXPOSURE,person_id,602687,600097,person_id=600097 가 PERSON.person_id 에 없음
ST-0070,DRUG_EXPOSURE.sact_id 타입(integer),Conformance,error,DRUG_EXPOSURE,sact_id,600440,600018,sact_id='NOT_A_NUMBER' 은 integer 아님
ST-0071,DRUG_EXPOSURE.sact_id -> SACT.sact_id 참조무결성,Conformance,error,DRUG_EXPOSURE,sact_id,600633,600025,sact_id=999999999 가 SACT.sact_id 에 없음
ST-0071,DRUG_EXPOSURE.sact_id -> SACT.sact_id 참조무결성,Conformance,error,DRUG_EXPOSURE,sact_id,600748,600029,sact_id=600036 가 SACT.sact_id 에 없음
ST-0071,DRUG_EXPOSURE.sact_id -> SACT.sact_id 참조무결성,Conformance,error,DRUG_EXPOSURE,sact_id,600749,600029,sact_id=600036 가 SACT.sact_id 에 없음
ST-0071,DRUG_EXPOSURE.sact_id -> SACT.sact_id 참조무결성,Conformance,error,DRUG_EXPOSURE,sact_id,600750,600029,sact_id=600036 가 SACT.sact_id 에 없음
ST-0071,DRUG_EXPOSURE.sact_id -> SACT.sact_id 참조무결성,Conformance,error,DRUG_EXPOSURE,sact_id,600751,600029,sact_id=600036 가 SACT.sact_id 에 없음
ST-0071,DRUG_EXPOSURE.sact_id -> SACT.sact_id 참조무결성,Conformance,error,DRUG_EXPOSURE,sact_id,600752,600029,sact_id=600036 가 SACT.sact_id 에 없음
ST-0071,DRUG_EXPOSURE.sact_id -> SACT.sact_id 참조무결성,Conformance,error,DRUG_EXPOSURE,sact_id,600753,600029,sact_id=600036 가 SACT.sact_id 에 없음
ST-0071,DRUG_EXPOSURE.sact_id -> SACT.sact_id 참조무결성,Conformance,error,DRUG_EXPOSURE,sact_id,600754,600029,sact_id=600036 가 SACT.sact_id 에 없음
ST-0071,DRUG_EXPOSURE.sact_id -> SACT.sact_id 참조무결성,Conformance,error,DRUG_EXPOSURE,sact_id,600755,600029,sact_id=600036 가 SACT.sact_id 에 없음
ST-0071,DRUG_EXPOSURE.sact_id -> SACT.sact_id 참조무결성,Conformance,error,DRUG_EXPOSURE,sact_id,600756,600029,sact_id=600036 가 SACT.sact_id 에 없음
ST-0071,DRUG_EXPOSURE.sact_id -> SACT.sact_id 참조무결성,Conformance,error,DRUG_EXPOSURE,sact_id,600757,600029,sact_id=600036 가 SACT.sact_id 에 없음
ST-0071,DRUG_EXPOSURE.sact_id -> SACT.sact_id 참조무결성,Conformance,error,DRUG_EXPOSURE,sact_id,600758,600029,sact_id=600036 가 SACT.sact_id 에 없음
ST-0071,DRUG_EXPOSURE.sact_id -> SACT.sact_id 참조무결성,Conformance,error,DRUG_EXPOSURE,sact_id,600759,600029,sact_id=600036 가 SACT.sact_id 에 없음
ST-0071,DRUG_EXPOSURE.sact_id -> SACT.sact_id 참조무결성,Conformance,error,DRUG_EXPOSURE,sact_id,600760,600029,sact_id=600036 가 SACT.sact_id 에 없음
ST-0071,DRUG_EXPOSURE.sact_id -> SACT.sact_id 참조무결성,Conformance,error,DRUG_EXPOSURE,sact_id,600761,600029,sact_id=600036 가 SACT.sact_id 에 없음
ST-0071,DRUG_EXPOSURE.sact_id -> SACT.sact_id 참조무결성,Conformance,error,DRUG_EXPOSURE,sact_id,600762,600029,sact_id=600036 가 SACT.sact_id 에 없음
ST-0071,DRUG_EXPOSURE.sact_id -> SACT.sact_id 참조무결성,Conformance,error,DRUG_EXPOSURE,sact_id,600763,600029,sact_id=600036 가 SACT.sact_id 에 없음
ST-0071,DRUG_EXPOSURE.sact_id -> SACT.sact_id 참조무결성,Conformance,error,DRUG_EXPOSURE,sact_id,600764,600029,sact_id=600036 가 SACT.sact_id 에 없음
ST-0071,DRUG_EXPOSURE.sact_id -> SACT.sact_id 참조무결성,Conformance,error,DRUG_EXPOSURE,sact_id,600765,600029,sact_id=600036 가 SACT.sact_id 에 없음
ST-0071,DRUG_EXPOSURE.sact_id -> SACT.sact_id 참조무결성,Conformance,error,DRUG_EXPOSURE,sact_id,600766,600029,sact_id=600036 가 SACT.sact_id 에 없음
ST-0071,DRUG_EXPOSURE.sact_id -> SACT.sact_id 참조무결성,Conformance,error,DRUG_EXPOSURE,sact_id,600767,600029,sact_id=600036 가 SACT.sact_id 에 없음
ST-0071,DRUG_EXPOSURE.sact_id -> SACT.sact_id 참조무결성,Conformance,error,DRUG_EXPOSURE,sact_id,601246,600046,sact_id=600059 가 SACT.sact_id 에 없음
ST-0071,DRUG_EXPOSURE.sact_id -> SACT.sact_id 참조무결성,Conformance,error,DRUG_EXPOSURE,sact_id,601247,600046,sact_id=600059 가 SACT.sact_id 에 없음
ST-0071,DRUG_EXPOSURE.sact_id -> SACT.sact_id 참조무결성,Conformance,error,DRUG_EXPOSURE,sact_id,601248,600046,sact_id=600059 가 SACT.sact_id 에 없음
ST-0071,DRUG_EXPOSURE.sact_id -> SACT.sact_id 참조무결성,Conformance,error,DRUG_EXPOSURE,sact_id,601249,600046,sact_id=600059 가 SACT.sact_id 에 없음
ST-0071,DRUG_EXPOSURE.sact_id -> SACT.sact_id 참조무결성,Conformance,error,DRUG_EXPOSURE,sact_id,601250,600046,sact_id=600059 가 SACT.sact_id 에 없음
ST-0071,DRUG_EXPOSURE.sact_id -> SACT.sact_id 참조무결성,Conformance,error,DRUG_EXPOSURE,sact_id,601251,600046,sact_id=600059 가 SACT.sact_id 에 없음
ST-0071,DRUG_EXPOSURE.sact_id -> SACT.sact_id 참조무결성,Conformance,error,DRUG_EXPOSURE,sact_id,601252,600046,sact_id=600059 가 SACT.sact_id 에 없음
ST-0071,DRUG_EXPOSURE.sact_id -> SACT.sact_id 참조무결성,Conformance,error,DRUG_EXPOSURE,sact_id,601253,600046,sact_id=600059 가 SACT.sact_id 에 없음
ST-0071,DRUG_EXPOSURE.sact_id -> SACT.sact_id 참조무결성,Conformance,error,DRUG_EXPOSURE,sact_id,601254,600046,sact_id=600059 가 SACT.sact_id 에 없음
ST-0071,DRUG_EXPOSURE.sact_id -> SACT.sact_id 참조무결성,Conformance,error,DRUG_EXPOSURE,sact_id,601255,600046,sact_id=600059 가 SACT.sact_id 에 없음
ST-0071,DRUG_EXPOSURE.sact_id -> SACT.sact_id 참조무결성,Conformance,error,DRUG_EXPOSURE,sact_id,601256,600046,sact_id=600059 가 SACT.sact_id 에 없음
ST-0071,DRUG_EXPOSURE.sact_id -> SACT.sact_id 참조무결성,Conformance,error,DRUG_EXPOSURE,sact_id,601257,600046,sact_id=600059 가 SACT.sact_id 에 없음
ST-0071,DRUG_EXPOSURE.sact_id -> SACT.sact_id 참조무결성,Conformance,error,DRUG_EXPOSURE,sact_id,601258,600046,sact_id=600059 가 SACT.sact_id 에 없음
ST-0071,DRUG_EXPOSURE.sact_id -> SACT.sact_id 참조무결성,Conformance,error,DRUG_EXPOSURE,sact_id,601259,600046,sact_id=600059 가 SACT.sact_id 에 없음
ST-0071,DRUG_EXPOSURE.sact_id -> SACT.sact_id 참조무결성,Conformance,error,DRUG_EXPOSURE,sact_id,601260,600046,sact_id=600059 가 SACT.sact_id 에 없음
ST-0071,DRUG_EXPOSURE.sact_id -> SACT.sact_id 참조무결성,Conformance,error,DRUG_EXPOSURE,sact_id,601261,600046,sact_id=600059 가 SACT.sact_id 에 없음
ST-0071,DRUG_EXPOSURE.sact_id -> SACT.sact_id 참조무결성,Conformance,error,DRUG_EXPOSURE,sact_id,601262,600046,sact_id=600059 가 SACT.sact_id 에 없음
ST-0071,DRUG_EXPOSURE.sact_id -> SACT.sact_id 참조무결성,Conformance,error,DRUG_EXPOSURE,sact_id,601263,600046,sact_id=600059 가 SACT.sact_id 에 없음
ST-0071,DRUG_EXPOSURE.sact_id -> SACT.sact_id 참조무결성,Conformance,error,DRUG_EXPOSURE,sact_id,601264,600046,sact_id=600059 가 SACT.sact_id 에 없음
ST-0071,DRUG_EXPOSURE.sact_id -> SACT.sact_id 참조무결성,Conformance,error,DRUG_EXPOSURE,sact_id,601265,600046,sact_id=600059 가 SACT.sact_id 에 없음
ST-0071,DRUG_EXPOSURE.sact_id -> SACT.sact_id 참조무결성,Conformance,error,DRUG_EXPOSURE,sact_id,601266,600046,sact_id=600059 가 SACT.sact_id 에 없음
ST-0071,DRUG_EXPOSURE.sact_id -> SACT.sact_id 참조무결성,Conformance,error,DRUG_EXPOSURE,sact_id,601267,600046,sact_id=600059 가 SACT.sact_id 에 없음
ST-0071,DRUG_EXPOSURE.sact_id -> SACT.sact_id 참조무결성,Conformance,error,DRUG_EXPOSURE,sact_id,601268,600046,sact_id=600059 가 SACT.sact_id 에 없음
ST-0071,DRUG_EXPOSURE.sact_id -> SACT.sact_id 참조무결성,Conformance,error,DRUG_EXPOSURE,sact_id,601269,600046,sact_id=600059 가 SACT.sact_id 에 없음
ST-0071,DRUG_EXPOSURE.sact_id -> SACT.sact_id 참조무결성,Conformance,error,DRUG_EXPOSURE,sact_id,602651,600095,sact_id=600125 가 SACT.sact_id 에 없음
ST-0071,DRUG_EXPOSURE.sact_id -> SACT.sact_id 참조무결성,Conformance,error,DRUG_EXPOSURE,sact_id,602652,600095,sact_id=600125 가 SACT.sact_id 에 없음
ST-0071,DRUG_EXPOSURE.sact_id -> SACT.sact_id 참조무결성,Conformance,error,DRUG_EXPOSURE,sact_id,602653,600095,sact_id=600125 가 SACT.sact_id 에 없음
ST-0071,DRUG_EXPOSURE.sact_id -> SACT.sact_id 참조무결성,Conformance,error,DRUG_EXPOSURE,sact_id,602654,600095,sact_id=600125 가 SACT.sact_id 에 없음
ST-0071,DRUG_EXPOSURE.sact_id -> SACT.sact_id 참조무결성,Conformance,error,DRUG_EXPOSURE,sact_id,602655,600095,sact_id=600125 가 SACT.sact_id 에 없음
ST-0071,DRUG_EXPOSURE.sact_id -> SACT.sact_id 참조무결성,Conformance,error,DRUG_EXPOSURE,sact_id,602656,600095,sact_id=600125 가 SACT.sact_id 에 없음
ST-0071,DRUG_EXPOSURE.sact_id -> SACT.sact_id 참조무결성,Conformance,error,DRUG_EXPOSURE,sact_id,602657,600095,sact_id=600125 가 SACT.sact_id 에 없음
ST-0071,DRUG_EXPOSURE.sact_id -> SACT.sact_id 참조무결성,Conformance,error,DRUG_EXPOSURE,sact_id,602658,600095,sact_id=600125 가 SACT.sact_id 에 없음
ST-0071,DRUG_EXPOSURE.sact_id -> SACT.sact_id 참조무결성,Conformance,error,DRUG_EXPOSURE,sact_id,602659,600095,sact_id=600125 가 SACT.sact_id 에 없음
ST-0071,DRUG_EXPOSURE.sact_id -> SACT.sact_id 참조무결성,Conformance,error,DRUG_EXPOSURE,sact_id,602660,600095,sact_id=600125 가 SACT.sact_id 에 없음
ST-0071,DRUG_EXPOSURE.sact_id -> SACT.sact_id 참조무결성,Conformance,error,DRUG_EXPOSURE,sact_id,602661,600095,sact_id=600125 가 SACT.sact_id 에 없음
ST-0071,DRUG_EXPOSURE.sact_id -> SACT.sact_id 참조무결성,Conformance,error,DRUG_EXPOSURE,sact_id,602662,600095,sact_id=600125 가 SACT.sact_id 에 없음
ST-0072,DRUG_EXPOSURE.drug_concept_id 필수,Completeness,error,DRUG_EXPOSURE,drug_concept_id,601500,600054,drug_concept_id NULL
ST-0073,DRUG_EXPOSURE.drug_concept_id 타입(integer),Conformance,error,DRUG_EXPOSURE,drug_concept_id,602182,600078,drug_concept_id='NOT_A_NUMBER' 은 integer 아님
ST-0074,DRUG_EXPOSURE.drug_exposure_start_date 필수,Completeness,error,DRUG_EXPOSURE,drug_exposure_start_date,601377,600051,drug_exposure_start_date NULL
ST-0075,DRUG_EXPOSURE.drug_exposure_start_date 타입(date),Conformance,error,DRUG_EXPOSURE,drug_exposure_start_date,600120,600004,drug_exposure_start_date='2026-13-45' 은 date 아님
ST-0076,DRUG_EXPOSURE.drug_exposure_start_date 미래 날짜 금지,Plausibility,error,DRUG_EXPOSURE,drug_exposure_start_date,600206,600007,drug_exposure_start_date=2099-01-01 미래 날짜
ST-0077,DRUG_EXPOSURE.drug_exposure_end_date 필수,Completeness,error,DRUG_EXPOSURE,drug_exposure_end_date,602048,600073,drug_exposure_end_date NULL
ST-0078,DRUG_EXPOSURE.drug_exposure_end_date 타입(date),Conformance,error,DRUG_EXPOSURE,drug_exposure_end_date,600276,600012,drug_exposure_end_date='2026-13-45' 은 date 아님
ST-0079,DRUG_EXPOSURE.drug_exposure_end_date 미래 날짜 금지,Plausibility,error,DRUG_EXPOSURE,drug_exposure_end_date,602331,600083,drug_exposure_end_date=2099-01-01 미래 날짜
ST-0080,DRUG_EXPOSURE.days_supply 타입(integer),Conformance,error,DRUG_EXPOSURE,days_supply,600972,600036,days_supply='NOT_A_NUMBER' 은 integer 아님
ST-0081,DRUG_EXPOSURE.days_supply 범위,Plausibility,warning,DRUG_EXPOSURE,days_supply,601546,600055,"days_supply=5000 범위 [0,400] 밖"
ST-0082,DRUG_EXPOSURE.amount_unit_concept_id 타입(integer),Conformance,error,DRUG_EXPOSURE,amount_unit_concept_id,602408,600085,amount_unit_concept_id='NOT_A_NUMBER' 은 integer 아님
ST-0083,DRUG_EXPOSURE.amount_unit_concept_id 코드표,Conformance,warning,DRUG_EXPOSURE,amount_unit_concept_id,602290,600081,amount_unit_concept_id=9999999 코드표(OMOP.amount_unit_concept_id) 밖
ST-0083,DRUG_EXPOSURE.amount_unit_concept_id 코드표,Conformance,warning,DRUG_EXPOSURE,amount_unit_concept_id,602408,600085,amount_unit_concept_id=NOT_A_NUMBER 코드표(OMOP.amount_unit_concept_id) 밖
ST-0084,DRUG_EXPOSURE.amount_value 타입(float),Conformance,error,DRUG_EXPOSURE,amount_value,600310,600013,amount_value='NOT_A_NUMBER' 은 float 아님
ST-0085,DRUG_EXPOSURE.amount_value 범위,Plausibility,warning,DRUG_EXPOSURE,amount_value,600865,600033,"amount_value=1001000 범위 [0,100000] 밖"
ST-0094,DRUG_EXPOSURE.frequency_per_day 타입(integer),Conformance,error,DRUG_EXPOSURE,frequency_per_day,602603,600093,frequency_per_day='NOT_A_NUMBER' 은 integer 아님
ST-0095,DRUG_EXPOSURE.frequency_per_day 범위,Plausibility,warning,DRUG_EXPOSURE,frequency_per_day,600275,600012,"frequency_per_day=1240 범위 [1,24] 밖"
ST-0096,DRUG_EXPOSURE.dosing_interval_day 타입(integer),Conformance,error,DRUG_EXPOSURE,dosing_interval_day,600449,600019,dosing_interval_day='NOT_A_NUMBER' 은 integer 아님
ST-0097,DRUG_EXPOSURE.dosing_interval_day 범위,Plausibility,warning,DRUG_EXPOSURE,dosing_interval_day,601094,600040,"dosing_interval_day=2800 범위 [1,180] 밖"
ST-0098,DRUG_EXPOSURE.dosing_number 타입(integer),Conformance,error,DRUG_EXPOSURE,dosing_number,600319,600013,dosing_number='NOT_A_NUMBER' 은 integer 아님
ST-0099,DRUG_EXPOSURE.dosing_number 범위,Plausibility,warning,DRUG_EXPOSURE,dosing_number,600298,600013,"dosing_number=6000 범위 [1,500] 밖"
ST-0103,CONDITION_OCCURRENCE.condition_occurrence_id PK 유일성,Conformance,error,CONDITION_OCCURRENCE,condition_occurrence_id,,600030,PK NULL
ST-0103,CONDITION_OCCURRENCE.condition_occurrence_id PK 유일성,Conformance,error,CONDITION_OCCURRENCE,condition_occurrence_id,600173,600045,PK 중복: 600173
ST-0103,CONDITION_OCCURRENCE.condition_occurrence_id PK 유일성,Conformance,error,CONDITION_OCCURRENCE,condition_occurrence_id,600173,600066,PK 중복: 600173
ST-0104,CONDITION_OCCURRENCE.condition_occurrence_id 타입(integer),Conformance,error,CONDITION_OCCURRENCE,condition_occurrence_id,NOT_A_NUMBER,600075,condition_occurrence_id='NOT_A_NUMBER' 은 integer 아님
ST-0105,CONDITION_OCCURRENCE.visit_occurrence_id 타입(integer),Conformance,error,CONDITION_OCCURRENCE,visit_occurrence_id,600060,600017,visit_occurrence_id='NOT_A_NUMBER' 은 integer 아님
ST-0106,CONDITION_OCCURRENCE.visit_occurrence_id -> VISIT_OCCURRENCE.visit_occurrence_id 참조무결성,Conformance,error,CONDITION_OCCURRENCE,visit_occurrence_id,600147,600039,visit_occurrence_id=600813 가 VISIT_OCCURRENCE.visit_occurrence_id 에 없음
ST-0106,CONDITION_OCCURRENCE.visit_occurrence_id -> VISIT_OCCURRENCE.visit_occurrence_id 참조무결성,Conformance,error,CONDITION_OCCURRENCE,visit_occurrence_id,600148,600039,visit_occurrence_id=600813 가 VISIT_OCCURRENCE.visit_occurrence_id 에 없음
ST-0106,CONDITION_OCCURRENCE.visit_occurrence_id -> VISIT_OCCURRENCE.visit_occurrence_id 참조무결성,Conformance,error,CONDITION_OCCURRENCE,visit_occurrence_id,600303,600077,visit_occurrence_id=999999999 가 VISIT_OCCURRENCE.visit_occurrence_id 에 없음
ST-0107,CONDITION_OCCURRENCE.person_id 필수,Completeness,error,CONDITION_OCCURRENCE,person_id,600020,,person_id NULL
ST-0108,CONDITION_OCCURRENCE.person_id 타입(integer),Conformance,error,CONDITION_OCCURRENCE,person_id,600091,NOT_A_NUMBER,person_id='NOT_A_NUMBER' 은 integer 아님
ST-0109,CONDITION_OCCURRENCE.person_id -> PERSON.person_id 참조무결성,Conformance,error,CONDITION_OCCURRENCE,person_id,600121,600033,person_id=600033 가 PERSON.person_id 에 없음
ST-0109,CONDITION_OCCURRENCE.person_id -> PERSON.person_id 참조무결성,Conformance,error,CONDITION_OCCURRENCE,person_id,600122,600033,person_id=600033 가 PERSON.person_id 에 없음
ST-0109,CONDITION_OCCURRENCE.person_id -> PERSON.person_id 참조무결성,Conformance,error,CONDITION_OCCURRENCE,person_id,600123,600033,person_id=600033 가 PERSON.person_id 에 없음
ST-0109,CONDITION_OCCURRENCE.person_id -> PERSON.person_id 참조무결성,Conformance,error,CONDITION_OCCURRENCE,person_id,600124,600033,person_id=600033 가 PERSON.person_id 에 없음
ST-0109,CONDITION_OCCURRENCE.person_id -> PERSON.person_id 참조무결성,Conformance,error,CONDITION_OCCURRENCE,person_id,600327,600083,person_id=600083 가 PERSON.person_id 에 없음
ST-0109,CONDITION_OCCURRENCE.person_id -> PERSON.person_id 참조무결성,Conformance,error,CONDITION_OCCURRENCE,person_id,600328,600083,person_id=600083 가 PERSON.person_id 에 없음
ST-0109,CONDITION_OCCURRENCE.person_id -> PERSON.person_id 참조무결성,Conformance,error,CONDITION_OCCURRENCE,person_id,600329,600083,person_id=600083 가 PERSON.person_id 에 없음
ST-0109,CONDITION_OCCURRENCE.person_id -> PERSON.person_id 참조무결성,Conformance,error,CONDITION_OCCURRENCE,person_id,600336,999999999,person_id=999999999 가 PERSON.person_id 에 없음
ST-0109,CONDITION_OCCURRENCE.person_id -> PERSON.person_id 참조무결성,Conformance,error,CONDITION_OCCURRENCE,person_id,600373,600097,person_id=600097 가 PERSON.person_id 에 없음
ST-0109,CONDITION_OCCURRENCE.person_id -> PERSON.person_id 참조무결성,Conformance,error,CONDITION_OCCURRENCE,person_id,600374,600097,person_id=600097 가 PERSON.person_id 에 없음
ST-0109,CONDITION_OCCURRENCE.person_id -> PERSON.person_id 참조무결성,Conformance,error,CONDITION_OCCURRENCE,person_id,600375,600097,person_id=600097 가 PERSON.person_id 에 없음
ST-0110,CONDITION_OCCURRENCE.condition_concept_id 필수,Completeness,error,CONDITION_OCCURRENCE,condition_concept_id,600170,600044,condition_concept_id NULL
ST-0111,CONDITION_OCCURRENCE.condition_concept_id 타입(integer),Conformance,error,CONDITION_OCCURRENCE,condition_concept_id,600071,600020,condition_concept_id='NOT_A_NUMBER' 은 integer 아님
ST-0112,CONDITION_OCCURRENCE.condition_start_date 필수,Completeness,error,CONDITION_OCCURRENCE,condition_start_date,600371,600095,condition_start_date NULL
ST-0113,CONDITION_OCCURRENCE.condition_start_date 타입(date),Conformance,error,CONDITION_OCCURRENCE,condition_start_date,600184,600047,condition_start_date='2026-13-45' 은 date 아님
ST-0114,CONDITION_OCCURRENCE.condition_start_date 미래 날짜 금지,Plausibility,error,CONDITION_OCCURRENCE,condition_start_date,600174,600045,condition_start_date=2099-01-01 미래 날짜
ST-0115,CONDITION_OCCURRENCE.condition_type_concept_id 필수,Completeness,error,CONDITION_OCCURRENCE,condition_type_concept_id,600024,600005,condition_type_concept_id NULL
ST-0116,CONDITION_OCCURRENCE.condition_type_concept_id 타입(integer),Conformance,error,CONDITION_OCCURRENCE,condition_type_concept_id,600046,600012,condition_type_concept_id='NOT_A_NUMBER' 은 integer 아님
ST-0117,CONDITION_OCCURRENCE.condition_type_concept_id 코드표,Conformance,warning,CONDITION_OCCURRENCE,condition_type_concept_id,600046,600012,condition_type_concept_id=NOT_A_NUMBER 코드표(OMOP.condition_type_concept_id) 밖
ST-0117,CONDITION_OCCURRENCE.condition_type_concept_id 코드표,Conformance,warning,CONDITION_OCCURRENCE,condition_type_concept_id,600370,600095,condition_type_concept_id=9999999 코드표(OMOP.condition_type_concept_id) 밖
ST-0119,MEASUREMENT 컬럼 구성,Conformance,error,MEASUREMENT,unit_source_value,,,컬럼 누락: unit_source_value
ST-0120,MEASUREMENT.measurement_id PK 유일성,Conformance,error,MEASUREMENT,measurement_id,,600038,PK NULL
ST-0120,MEASUREMENT.measurement_id PK 유일성,Conformance,error,MEASUREMENT,measurement_id,600202,600003,PK 중복: 600202
ST-0120,MEASUREMENT.measurement_id PK 유일성,Conformance,error,MEASUREMENT,measurement_id,600202,600073,PK 중복: 600202
ST-0121,MEASUREMENT.measurement_id 타입(integer),Conformance,error,MEASUREMENT,measurement_id,NOT_A_NUMBER,600068,measurement_id='NOT_A_NUMBER' 은 integer 아님
ST-0122,MEASUREMENT.visit_occurrence_id 타입(integer),Conformance,error,MEASUREMENT,visit_occurrence_id,602235,600031,visit_occurrence_id='NOT_A_NUMBER' 은 integer 아님
ST-0123,MEASUREMENT.visit_occurrence_id -> VISIT_OCCURRENCE.visit_occurrence_id 참조무결성,Conformance,error,MEASUREMENT,visit_occurrence_id,601670,600023,visit_occurrence_id=600464 가 VISIT_OCCURRENCE.visit_occurrence_id 에 없음
ST-0123,MEASUREMENT.visit_occurrence_id -> VISIT_OCCURRENCE.visit_occurrence_id 참조무결성,Conformance,error,MEASUREMENT,visit_occurrence_id,601671,600023,visit_occurrence_id=600464 가 VISIT_OCCURRENCE.visit_occurrence_id 에 없음
ST-0123,MEASUREMENT.visit_occurrence_id -> VISIT_OCCURRENCE.visit_occurrence_id 참조무결성,Conformance,error,MEASUREMENT,visit_occurrence_id,602854,600039,visit_occurrence_id=600813 가 VISIT_OCCURRENCE.visit_occurrence_id 에 없음
ST-0123,MEASUREMENT.visit_occurrence_id -> VISIT_OCCURRENCE.visit_occurrence_id 참조무결성,Conformance,error,MEASUREMENT,visit_occurrence_id,602855,600039,visit_occurrence_id=600813 가 VISIT_OCCURRENCE.visit_occurrence_id 에 없음
ST-0123,MEASUREMENT.visit_occurrence_id -> VISIT_OCCURRENCE.visit_occurrence_id 참조무결성,Conformance,error,MEASUREMENT,visit_occurrence_id,602856,600039,visit_occurrence_id=600813 가 VISIT_OCCURRENCE.visit_occurrence_id 에 없음
ST-0123,MEASUREMENT.visit_occurrence_id -> VISIT_OCCURRENCE.visit_occurrence_id 참조무결성,Conformance,error,MEASUREMENT,visit_occurrence_id,602857,600039,visit_occurrence_id=600813 가 VISIT_OCCURRENCE.visit_occurrence_id 에 없음
ST-0123,MEASUREMENT.visit_occurrence_id -> VISIT_OCCURRENCE.visit_occurrence_id 참조무결성,Conformance,error,MEASUREMENT,visit_occurrence_id,602858,600039,visit_occurrence_id=600813 가 VISIT_OCCURRENCE.visit_occurrence_id 에 없음
ST-0123,MEASUREMENT.visit_occurrence_id -> VISIT_OCCURRENCE.visit_occurrence_id 참조무결성,Conformance,error,MEASUREMENT,visit_occurrence_id,602859,600039,visit_occurrence_id=600813 가 VISIT_OCCURRENCE.visit_occurrence_id 에 없음
ST-0123,MEASUREMENT.visit_occurrence_id -> VISIT_OCCURRENCE.visit_occurrence_id 참조무결성,Conformance,error,MEASUREMENT,visit_occurrence_id,602860,600039,visit_occurrence_id=600813 가 VISIT_OCCURRENCE.visit_occurrence_id 에 없음
ST-0123,MEASUREMENT.visit_occurrence_id -> VISIT_OCCURRENCE.visit_occurrence_id 참조무결성,Conformance,error,MEASUREMENT,visit_occurrence_id,602861,600039,visit_occurrence_id=600813 가 VISIT_OCCURRENCE.visit_occurrence_id 에 없음
ST-0123,MEASUREMENT.visit_occurrence_id -> VISIT_OCCURRENCE.visit_occurrence_id 참조무결성,Conformance,error,MEASUREMENT,visit_occurrence_id,602862,600039,visit_occurrence_id=600813 가 VISIT_OCCURRENCE.visit_occurrence_id 에 없음
ST-0123,MEASUREMENT.visit_occurrence_id -> VISIT_OCCURRENCE.visit_occurrence_id 참조무결성,Conformance,error,MEASUREMENT,visit_occurrence_id,602863,600039,visit_occurrence_id=600813 가 VISIT_OCCURRENCE.visit_occurrence_id 에 없음
ST-0123,MEASUREMENT.visit_occurrence_id -> VISIT_OCCURRENCE.visit_occurrence_id 참조무결성,Conformance,error,MEASUREMENT,visit_occurrence_id,602864,600039,visit_occurrence_id=600813 가 VISIT_OCCURRENCE.visit_occurrence_id 에 없음
ST-0123,MEASUREMENT.visit_occurrence_id -> VISIT_OCCURRENCE.visit_occurrence_id 참조무결성,Conformance,error,MEASUREMENT,visit_occurrence_id,602865,600039,visit_occurrence_id=600813 가 VISIT_OCCURRENCE.visit_occurrence_id 에 없음
ST-0123,MEASUREMENT.visit_occurrence_id -> VISIT_OCCURRENCE.visit_occurrence_id 참조무결성,Conformance,error,MEASUREMENT,visit_occurrence_id,602866,600039,visit_occurrence_id=600813 가 VISIT_OCCURRENCE.visit_occurrence_id 에 없음
ST-0123,MEASUREMENT.visit_occurrence_id -> VISIT_OCCURRENCE.visit_occurrence_id 참조무결성,Conformance,error,MEASUREMENT,visit_occurrence_id,607573,600098,visit_occurrence_id=999999999 가 VISIT_OCCURRENCE.visit_occurrence_id 에 없음
ST-0124,MEASUREMENT.person_id 필수,Completeness,error,MEASUREMENT,person_id,604797,,person_id NULL
ST-0125,MEASUREMENT.person_id 타입(integer),Conformance,error,MEASUREMENT,person_id,605436,NOT_A_NUMBER,person_id='NOT_A_NUMBER' 은 integer 아님
ST-0126,MEASUREMENT.person_id -> PERSON.person_id 참조무결성,Conformance,error,MEASUREMENT,person_id,602259,999999999,person_id=999999999 가 PERSON.person_id 에 없음
ST-0126,MEASUREMENT.person_id -> PERSON.person_id 참조무결성,Conformance,error,MEASUREMENT,person_id,602364,600033,person_id=600033 가 PERSON.person_id 에 없음
ST-0126,MEASUREMENT.person_id -> PERSON.person_id 참조무결성,Conformance,error,MEASUREMENT,person_id,602365,600033,person_id=600033 가 PERSON.person_id 에 없음
ST-0126,MEASUREMENT.person_id -> PERSON.person_id 참조무결성,Conformance,error,MEASUREMENT,person_id,602366,600033,person_id=600033 가 PERSON.person_id 에 없음
ST-0126,MEASUREMENT.person_id -> PERSON.person_id 참조무결성,Conformance,error,MEASUREMENT,person_id,602367,600033,person_id=600033 가 PERSON.person_id 에 없음
ST-0126,MEASUREMENT.person_id -> PERSON.person_id 참조무결성,Conformance,error,MEASUREMENT,person_id,602368,600033,person_id=600033 가 PERSON.person_id 에 없음
ST-0126,MEASUREMENT.person_id -> PERSON.person_id 참조무결성,Conformance,error,MEASUREMENT,person_id,602369,600033,person_id=600033 가 PERSON.person_id 에 없음
ST-0126,MEASUREMENT.person_id -> PERSON.person_id 참조무결성,Conformance,error,MEASUREMENT,person_id,602370,600033,person_id=600033 가 PERSON.person_id 에 없음
ST-0126,MEASUREMENT.person_id -> PERSON.person_id 참조무결성,Conformance,error,MEASUREMENT,person_id,602371,600033,person_id=600033 가 PERSON.person_id 에 없음
ST-0126,MEASUREMENT.person_id -> PERSON.person_id 참조무결성,Conformance,error,MEASUREMENT,person_id,602372,600033,person_id=600033 가 PERSON.person_id 에 없음
ST-0126,MEASUREMENT.person_id -> PERSON.person_id 참조무결성,Conformance,error,MEASUREMENT,person_id,602373,600033,person_id=600033 가 PERSON.person_id 에 없음
ST-0126,MEASUREMENT.person_id -> PERSON.person_id 참조무결성,Conformance,error,MEASUREMENT,person_id,602374,600033,person_id=600033 가 PERSON.person_id 에 없음
ST-0126,MEASUREMENT.person_id -> PERSON.person_id 참조무결성,Conformance,error,MEASUREMENT,person_id,602375,600033,person_id=600033 가 PERSON.person_id 에 없음
ST-0126,MEASUREMENT.person_id -> PERSON.person_id 참조무결성,Conformance,error,MEASUREMENT,person_id,602376,600033,person_id=600033 가 PERSON.person_id 에 없음
ST-0126,MEASUREMENT.person_id -> PERSON.person_id 참조무결성,Conformance,error,MEASUREMENT,person_id,602377,600033,person_id=600033 가 PERSON.person_id 에 없음
ST-0126,MEASUREMENT.person_id -> PERSON.person_id 참조무결성,Conformance,error,MEASUREMENT,person_id,602378,600033,person_id=600033 가 PERSON.person_id 에 없음
ST-0126,MEASUREMENT.person_id -> PERSON.person_id 참조무결성,Conformance,error,MEASUREMENT,person_id,602379,600033,person_id=600033 가 PERSON.person_id 에 없음
ST-0126,MEASUREMENT.person_id -> PERSON.person_id 참조무결성,Conformance,error,MEASUREMENT,person_id,602380,600033,person_id=600033 가 PERSON.person_id 에 없음
ST-0126,MEASUREMENT.person_id -> PERSON.person_id 참조무결성,Conformance,error,MEASUREMENT,person_id,602381,600033,person_id=600033 가 PERSON.person_id 에 없음
ST-0126,MEASUREMENT.person_id -> PERSON.person_id 참조무결성,Conformance,error,MEASUREMENT,person_id,602382,600033,person_id=600033 가 PERSON.person_id 에 없음
ST-0126,MEASUREMENT.person_id -> PERSON.person_id 참조무결성,Conformance,error,MEASUREMENT,person_id,602383,600033,person_id=600033 가 PERSON.person_id 에 없음
ST-0126,MEASUREMENT.person_id -> PERSON.person_id 참조무결성,Conformance,error,MEASUREMENT,person_id,602384,600033,person_id=600033 가 PERSON.person_id 에 없음
ST-0126,MEASUREMENT.person_id -> PERSON.person_id 참조무결성,Conformance,error,MEASUREMENT,person_id,602385,600033,person_id=600033 가 PERSON.person_id 에 없음
ST-0126,MEASUREMENT.person_id -> PERSON.person_id 참조무결성,Conformance,error,MEASUREMENT,person_id,602386,600033,person_id=600033 가 PERSON.person_id 에 없음
ST-0126,MEASUREMENT.person_id -> PERSON.person_id 참조무결성,Conformance,error,MEASUREMENT,person_id,602387,600033,person_id=600033 가 PERSON.person_id 에 없음
ST-0126,MEASUREMENT.person_id -> PERSON.person_id 참조무결성,Conformance,error,MEASUREMENT,person_id,602388,600033,person_id=600033 가 PERSON.person_id 에 없음
ST-0126,MEASUREMENT.person_id -> PERSON.person_id 참조무결성,Conformance,error,MEASUREMENT,person_id,602389,600033,person_id=600033 가 PERSON.person_id 에 없음
ST-0126,MEASUREMENT.person_id -> PERSON.person_id 참조무결성,Conformance,error,MEASUREMENT,person_id,602390,600033,person_id=600033 가 PERSON.person_id 에 없음
ST-0126,MEASUREMENT.person_id -> PERSON.person_id 참조무결성,Conformance,error,MEASUREMENT,person_id,602391,600033,person_id=600033 가 PERSON.person_id 에 없음
ST-0126,MEASUREMENT.person_id -> PERSON.person_id 참조무결성,Conformance,error,MEASUREMENT,person_id,602392,600033,person_id=600033 가 PERSON.person_id 에 없음
ST-0126,MEASUREMENT.person_id -> PERSON.person_id 참조무결성,Conformance,error,MEASUREMENT,person_id,602393,600033,person_id=600033 가 PERSON.person_id 에 없음
ST-0126,MEASUREMENT.person_id -> PERSON.person_id 참조무결성,Conformance,error,MEASUREMENT,person_id,602394,600033,person_id=600033 가 PERSON.person_id 에 없음
ST-0126,MEASUREMENT.person_id -> PERSON.person_id 참조무결성,Conformance,error,MEASUREMENT,person_id,602395,600033,person_id=600033 가 PERSON.person_id 에 없음
ST-0126,MEASUREMENT.person_id -> PERSON.person_id 참조무결성,Conformance,error,MEASUREMENT,person_id,602396,600033,person_id=600033 가 PERSON.person_id 에 없음
ST-0126,MEASUREMENT.person_id -> PERSON.person_id 참조무결성,Conformance,error,MEASUREMENT,person_id,602397,600033,person_id=600033 가 PERSON.person_id 에 없음
ST-0126,MEASUREMENT.person_id -> PERSON.person_id 참조무결성,Conformance,error,MEASUREMENT,person_id,602398,600033,person_id=600033 가 PERSON.person_id 에 없음
ST-0126,MEASUREMENT.person_id -> PERSON.person_id 참조무결성,Conformance,error,MEASUREMENT,person_id,602399,600033,person_id=600033 가 PERSON.person_id 에 없음
ST-0126,MEASUREMENT.person_id -> PERSON.person_id 참조무결성,Conformance,error,MEASUREMENT,person_id,602400,600033,person_id=600033 가 PERSON.person_id 에 없음
ST-0126,MEASUREMENT.person_id -> PERSON.person_id 참조무결성,Conformance,error,MEASUREMENT,person_id,602401,600033,person_id=600033 가 PERSON.person_id 에 없음
ST-0126,MEASUREMENT.person_id -> PERSON.person_id 참조무결성,Conformance,error,MEASUREMENT,person_id,602402,600033,person_id=600033 가 PERSON.person_id 에 없음
ST-0126,MEASUREMENT.person_id -> PERSON.person_id 참조무결성,Conformance,error,MEASUREMENT,person_id,602403,600033,person_id=600033 가 PERSON.person_id 에 없음
ST-0126,MEASUREMENT.person_id -> PERSON.person_id 참조무결성,Conformance,error,MEASUREMENT,person_id,602404,600033,person_id=600033 가 PERSON.person_id 에 없음
ST-0126,MEASUREMENT.person_id -> PERSON.person_id 참조무결성,Conformance,error,MEASUREMENT,person_id,602405,600033,person_id=600033 가 PERSON.person_id 에 없음
ST-0126,MEASUREMENT.person_id -> PERSON.person_id 참조무결성,Conformance,error,MEASUREMENT,person_id,602406,600033,person_id=600033 가 PERSON.person_id 에 없음
ST-0126,MEASUREMENT.person_id -> PERSON.person_id 참조무결성,Conformance,error,MEASUREMENT,person_id,602407,600033,person_id=600033 가 PERSON.person_id 에 없음
ST-0126,MEASUREMENT.person_id -> PERSON.person_id 참조무결성,Conformance,error,MEASUREMENT,person_id,602408,600033,person_id=600033 가 PERSON.person_id 에 없음
ST-0126,MEASUREMENT.person_id -> PERSON.person_id 참조무결성,Conformance,error,MEASUREMENT,person_id,602409,600033,person_id=600033 가 PERSON.person_id 에 없음
ST-0126,MEASUREMENT.person_id -> PERSON.person_id 참조무결성,Conformance,error,MEASUREMENT,person_id,602410,600033,person_id=600033 가 PERSON.person_id 에 없음
ST-0126,MEASUREMENT.person_id -> PERSON.person_id 참조무결성,Conformance,error,MEASUREMENT,person_id,602411,600033,person_id=600033 가 PERSON.person_id 에 없음
ST-0126,MEASUREMENT.person_id -> PERSON.person_id 참조무결성,Conformance,error,MEASUREMENT,person_id,602412,600033,person_id=600033 가 PERSON.person_id 에 없음
ST-0126,MEASUREMENT.person_id -> PERSON.person_id 참조무결성,Conformance,error,MEASUREMENT,person_id,602413,600033,person_id=600033 가 PERSON.person_id 에 없음
ST-0126,MEASUREMENT.person_id -> PERSON.person_id 참조무결성,Conformance,error,MEASUREMENT,person_id,602414,600033,person_id=600033 가 PERSON.person_id 에 없음
ST-0126,MEASUREMENT.person_id -> PERSON.person_id 참조무결성,Conformance,error,MEASUREMENT,person_id,602415,600033,person_id=600033 가 PERSON.person_id 에 없음
ST-0126,MEASUREMENT.person_id -> PERSON.person_id 참조무결성,Conformance,error,MEASUREMENT,person_id,602416,600033,person_id=600033 가 PERSON.person_id 에 없음
ST-0126,MEASUREMENT.person_id -> PERSON.person_id 참조무결성,Conformance,error,MEASUREMENT,person_id,602417,600033,person_id=600033 가 PERSON.person_id 에 없음
ST-0126,MEASUREMENT.person_id -> PERSON.person_id 참조무결성,Conformance,error,MEASUREMENT,person_id,602418,600033,person_id=600033 가 PERSON.person_id 에 없음
ST-0126,MEASUREMENT.person_id -> PERSON.person_id 참조무결성,Conformance,error,MEASUREMENT,person_id,602419,600033,person_id=600033 가 PERSON.person_id 에 없음
ST-0126,MEASUREMENT.person_id -> PERSON.person_id 참조무결성,Conformance,error,MEASUREMENT,person_id,602420,600033,person_id=600033 가 PERSON.person_id 에 없음
ST-0126,MEASUREMENT.person_id -> PERSON.person_id 참조무결성,Conformance,error,MEASUREMENT,person_id,602421,600033,person_id=600033 가 PERSON.person_id 에 없음
ST-0126,MEASUREMENT.person_id -> PERSON.person_id 참조무결성,Conformance,error,MEASUREMENT,person_id,602422,600033,person_id=600033 가 PERSON.person_id 에 없음
ST-0126,MEASUREMENT.person_id -> PERSON.person_id 참조무결성,Conformance,error,MEASUREMENT,person_id,602423,600033,person_id=600033 가 PERSON.person_id 에 없음
ST-0126,MEASUREMENT.person_id -> PERSON.person_id 참조무결성,Conformance,error,MEASUREMENT,person_id,602424,600033,person_id=600033 가 PERSON.person_id 에 없음
ST-0126,MEASUREMENT.person_id -> PERSON.person_id 참조무결성,Conformance,error,MEASUREMENT,person_id,602425,600033,person_id=600033 가 PERSON.person_id 에 없음
ST-0126,MEASUREMENT.person_id -> PERSON.person_id 참조무결성,Conformance,error,MEASUREMENT,person_id,602426,600033,person_id=600033 가 PERSON.person_id 에 없음
ST-0126,MEASUREMENT.person_id -> PERSON.person_id 참조무결성,Conformance,error,MEASUREMENT,person_id,602427,600033,person_id=600033 가 PERSON.person_id 에 없음
ST-0126,MEASUREMENT.person_id -> PERSON.person_id 참조무결성,Conformance,error,MEASUREMENT,person_id,602428,600033,person_id=600033 가 PERSON.person_id 에 없음
ST-0126,MEASUREMENT.person_id -> PERSON.person_id 참조무결성,Conformance,error,MEASUREMENT,person_id,602429,600033,person_id=600033 가 PERSON.person_id 에 없음
ST-0126,MEASUREMENT.person_id -> PERSON.person_id 참조무결성,Conformance,error,MEASUREMENT,person_id,602430,600033,person_id=600033 가 PERSON.person_id 에 없음
ST-0126,MEASUREMENT.person_id -> PERSON.person_id 참조무결성,Conformance,error,MEASUREMENT,person_id,602431,600033,person_id=600033 가 PERSON.person_id 에 없음
ST-0126,MEASUREMENT.person_id -> PERSON.person_id 참조무결성,Conformance,error,MEASUREMENT,person_id,602432,600033,person_id=600033 가 PERSON.person_id 에 없음
ST-0126,MEASUREMENT.person_id -> PERSON.person_id 참조무결성,Conformance,error,MEASUREMENT,person_id,602433,600033,person_id=600033 가 PERSON.person_id 에 없음
ST-0126,MEASUREMENT.person_id -> PERSON.person_id 참조무결성,Conformance,error,MEASUREMENT,person_id,602434,600033,person_id=600033 가 PERSON.person_id 에 없음
ST-0126,MEASUREMENT.person_id -> PERSON.person_id 참조무결성,Conformance,error,MEASUREMENT,person_id,602435,600033,person_id=600033 가 PERSON.person_id 에 없음
ST-0126,MEASUREMENT.person_id -> PERSON.person_id 참조무결성,Conformance,error,MEASUREMENT,person_id,602436,600033,person_id=600033 가 PERSON.person_id 에 없음
ST-0126,MEASUREMENT.person_id -> PERSON.person_id 참조무결성,Conformance,error,MEASUREMENT,person_id,606458,600083,person_id=600083 가 PERSON.person_id 에 없음
ST-0126,MEASUREMENT.person_id -> PERSON.person_id 참조무결성,Conformance,error,MEASUREMENT,person_id,606459,600083,person_id=600083 가 PERSON.person_id 에 없음
ST-0126,MEASUREMENT.person_id -> PERSON.person_id 참조무결성,Conformance,error,MEASUREMENT,person_id,606460,600083,person_id=600083 가 PERSON.person_id 에 없음
ST-0126,MEASUREMENT.person_id -> PERSON.person_id 참조무결성,Conformance,error,MEASUREMENT,person_id,606461,600083,person_id=600083 가 PERSON.person_id 에 없음
ST-0126,MEASUREMENT.person_id -> PERSON.person_id 참조무결성,Conformance,error,MEASUREMENT,person_id,606462,600083,person_id=600083 가 PERSON.person_id 에 없음
ST-0126,MEASUREMENT.person_id -> PERSON.person_id 참조무결성,Conformance,error,MEASUREMENT,person_id,606463,600083,person_id=600083 가 PERSON.person_id 에 없음
ST-0126,MEASUREMENT.person_id -> PERSON.person_id 참조무결성,Conformance,error,MEASUREMENT,person_id,606464,600083,person_id=600083 가 PERSON.person_id 에 없음
ST-0126,MEASUREMENT.person_id -> PERSON.person_id 참조무결성,Conformance,error,MEASUREMENT,person_id,606465,600083,person_id=600083 가 PERSON.person_id 에 없음
ST-0126,MEASUREMENT.person_id -> PERSON.person_id 참조무결성,Conformance,error,MEASUREMENT,person_id,606466,600083,person_id=600083 가 PERSON.person_id 에 없음
ST-0126,MEASUREMENT.person_id -> PERSON.person_id 참조무결성,Conformance,error,MEASUREMENT,person_id,606467,600083,person_id=600083 가 PERSON.person_id 에 없음
ST-0126,MEASUREMENT.person_id -> PERSON.person_id 참조무결성,Conformance,error,MEASUREMENT,person_id,606468,600083,person_id=600083 가 PERSON.person_id 에 없음
ST-0126,MEASUREMENT.person_id -> PERSON.person_id 참조무결성,Conformance,error,MEASUREMENT,person_id,606469,600083,person_id=600083 가 PERSON.person_id 에 없음
ST-0126,MEASUREMENT.person_id -> PERSON.person_id 참조무결성,Conformance,error,MEASUREMENT,person_id,606470,600083,person_id=600083 가 PERSON.person_id 에 없음
ST-0126,MEASUREMENT.person_id -> PERSON.person_id 참조무결성,Conformance,error,MEASUREMENT,person_id,606471,600083,person_id=600083 가 PERSON.person_id 에 없음
ST-0126,MEASUREMENT.person_id -> PERSON.person_id 참조무결성,Conformance,error,MEASUREMENT,person_id,606472,600083,person_id=600083 가 PERSON.person_id 에 없음
ST-0126,MEASUREMENT.person_id -> PERSON.person_id 참조무결성,Conformance,error,MEASUREMENT,person_id,606473,600083,person_id=600083 가 PERSON.person_id 에 없음
ST-0126,MEASUREMENT.person_id -> PERSON.person_id 참조무결성,Conformance,error,MEASUREMENT,person_id,606474,600083,person_id=600083 가 PERSON.person_id 에 없음
ST-0126,MEASUREMENT.person_id -> PERSON.person_id 참조무결성,Conformance,error,MEASUREMENT,person_id,606475,600083,person_id=600083 가 PERSON.person_id 에 없음
ST-0126,MEASUREMENT.person_id -> PERSON.person_id 참조무결성,Conformance,error,MEASUREMENT,person_id,606476,600083,person_id=600083 가 PERSON.person_id 에 없음
ST-0126,MEASUREMENT.person_id -> PERSON.person_id 참조무결성,Conformance,error,MEASUREMENT,person_id,606477,600083,person_id=600083 가 PERSON.person_id 에 없음
ST-0126,MEASUREMENT.person_id -> PERSON.person_id 참조무결성,Conformance,error,MEASUREMENT,person_id,606478,600083,person_id=600083 가 PERSON.person_id 에 없음
ST-0126,MEASUREMENT.person_id -> PERSON.person_id 참조무결성,Conformance,error,MEASUREMENT,person_id,606479,600083,person_id=600083 가 PERSON.person_id 에 없음
ST-0126,MEASUREMENT.person_id -> PERSON.person_id 참조무결성,Conformance,error,MEASUREMENT,person_id,606480,600083,person_id=600083 가 PERSON.person_id 에 없음
ST-0126,MEASUREMENT.person_id -> PERSON.person_id 참조무결성,Conformance,error,MEASUREMENT,person_id,606481,600083,person_id=600083 가 PERSON.person_id 에 없음
ST-0126,MEASUREMENT.person_id -> PERSON.person_id 참조무결성,Conformance,error,MEASUREMENT,person_id,606482,600083,person_id=600083 가 PERSON.person_id 에 없음
ST-0126,MEASUREMENT.person_id -> PERSON.person_id 참조무결성,Conformance,error,MEASUREMENT,person_id,606483,600083,person_id=600083 가 PERSON.person_id 에 없음
ST-0126,MEASUREMENT.person_id -> PERSON.person_id 참조무결성,Conformance,error,MEASUREMENT,person_id,606484,600083,person_id=600083 가 PERSON.person_id 에 없음
ST-0126,MEASUREMENT.person_id -> PERSON.person_id 참조무결성,Conformance,error,MEASUREMENT,person_id,606485,600083,person_id=600083 가 PERSON.person_id 에 없음
ST-0126,MEASUREMENT.person_id -> PERSON.person_id 참조무결성,Conformance,error,MEASUREMENT,person_id,606486,600083,person_id=600083 가 PERSON.person_id 에 없음
ST-0126,MEASUREMENT.person_id -> PERSON.person_id 참조무결성,Conformance,error,MEASUREMENT,person_id,606487,600083,person_id=600083 가 PERSON.person_id 에 없음
ST-0126,MEASUREMENT.person_id -> PERSON.person_id 참조무결성,Conformance,error,MEASUREMENT,person_id,606488,600083,person_id=600083 가 PERSON.person_id 에 없음
ST-0126,MEASUREMENT.person_id -> PERSON.person_id 참조무결성,Conformance,error,MEASUREMENT,person_id,606489,600083,person_id=600083 가 PERSON.person_id 에 없음
ST-0126,MEASUREMENT.person_id -> PERSON.person_id 참조무결성,Conformance,error,MEASUREMENT,person_id,606490,600083,person_id=600083 가 PERSON.person_id 에 없음
ST-0126,MEASUREMENT.person_id -> PERSON.person_id 참조무결성,Conformance,error,MEASUREMENT,person_id,606491,600083,person_id=600083 가 PERSON.person_id 에 없음
ST-0126,MEASUREMENT.person_id -> PERSON.person_id 참조무결성,Conformance,error,MEASUREMENT,person_id,606492,600083,person_id=600083 가 PERSON.person_id 에 없음
ST-0126,MEASUREMENT.person_id -> PERSON.person_id 참조무결성,Conformance,error,MEASUREMENT,person_id,606493,600083,person_id=600083 가 PERSON.person_id 에 없음
ST-0126,MEASUREMENT.person_id -> PERSON.person_id 참조무결성,Conformance,error,MEASUREMENT,person_id,606494,600083,person_id=600083 가 PERSON.person_id 에 없음
ST-0126,MEASUREMENT.person_id -> PERSON.person_id 참조무결성,Conformance,error,MEASUREMENT,person_id,606495,600083,person_id=600083 가 PERSON.person_id 에 없음
ST-0126,MEASUREMENT.person_id -> PERSON.person_id 참조무결성,Conformance,error,MEASUREMENT,person_id,606496,600083,person_id=600083 가 PERSON.person_id 에 없음
ST-0126,MEASUREMENT.person_id -> PERSON.person_id 참조무결성,Conformance,error,MEASUREMENT,person_id,606497,600083,person_id=600083 가 PERSON.person_id 에 없음
ST-0126,MEASUREMENT.person_id -> PERSON.person_id 참조무결성,Conformance,error,MEASUREMENT,person_id,606498,600083,person_id=600083 가 PERSON.person_id 에 없음
ST-0126,MEASUREMENT.person_id -> PERSON.person_id 참조무결성,Conformance,error,MEASUREMENT,person_id,606499,600083,person_id=600083 가 PERSON.person_id 에 없음
ST-0126,MEASUREMENT.person_id -> PERSON.person_id 참조무결성,Conformance,error,MEASUREMENT,person_id,606500,600083,person_id=600083 가 PERSON.person_id 에 없음
ST-0126,MEASUREMENT.person_id -> PERSON.person_id 참조무결성,Conformance,error,MEASUREMENT,person_id,606501,600083,person_id=600083 가 PERSON.person_id 에 없음
ST-0126,MEASUREMENT.person_id -> PERSON.person_id 참조무결성,Conformance,error,MEASUREMENT,person_id,606502,600083,person_id=600083 가 PERSON.person_id 에 없음
ST-0126,MEASUREMENT.person_id -> PERSON.person_id 참조무결성,Conformance,error,MEASUREMENT,person_id,606503,600083,person_id=600083 가 PERSON.person_id 에 없음
ST-0126,MEASUREMENT.person_id -> PERSON.person_id 참조무결성,Conformance,error,MEASUREMENT,person_id,606504,600083,person_id=600083 가 PERSON.person_id 에 없음
ST-0126,MEASUREMENT.person_id -> PERSON.person_id 참조무결성,Conformance,error,MEASUREMENT,person_id,606505,600083,person_id=600083 가 PERSON.person_id 에 없음
ST-0126,MEASUREMENT.person_id -> PERSON.person_id 참조무결성,Conformance,error,MEASUREMENT,person_id,606506,600083,person_id=600083 가 PERSON.person_id 에 없음
ST-0126,MEASUREMENT.person_id -> PERSON.person_id 참조무결성,Conformance,error,MEASUREMENT,person_id,606507,600083,person_id=600083 가 PERSON.person_id 에 없음
ST-0126,MEASUREMENT.person_id -> PERSON.person_id 참조무결성,Conformance,error,MEASUREMENT,person_id,606508,600083,person_id=600083 가 PERSON.person_id 에 없음
ST-0126,MEASUREMENT.person_id -> PERSON.person_id 참조무결성,Conformance,error,MEASUREMENT,person_id,606509,600083,person_id=600083 가 PERSON.person_id 에 없음
ST-0126,MEASUREMENT.person_id -> PERSON.person_id 참조무결성,Conformance,error,MEASUREMENT,person_id,606510,600083,person_id=600083 가 PERSON.person_id 에 없음
ST-0126,MEASUREMENT.person_id -> PERSON.person_id 참조무결성,Conformance,error,MEASUREMENT,person_id,606511,600083,person_id=600083 가 PERSON.person_id 에 없음
ST-0126,MEASUREMENT.person_id -> PERSON.person_id 참조무결성,Conformance,error,MEASUREMENT,person_id,606512,600083,person_id=600083 가 PERSON.person_id 에 없음
ST-0126,MEASUREMENT.person_id -> PERSON.person_id 참조무결성,Conformance,error,MEASUREMENT,person_id,606513,600083,person_id=600083 가 PERSON.person_id 에 없음
ST-0126,MEASUREMENT.person_id -> PERSON.person_id 참조무결성,Conformance,error,MEASUREMENT,person_id,606514,600083,person_id=600083 가 PERSON.person_id 에 없음
ST-0126,MEASUREMENT.person_id -> PERSON.person_id 참조무결성,Conformance,error,MEASUREMENT,person_id,606515,600083,person_id=600083 가 PERSON.person_id 에 없음
ST-0126,MEASUREMENT.person_id -> PERSON.person_id 참조무결성,Conformance,error,MEASUREMENT,person_id,606516,600083,person_id=600083 가 PERSON.person_id 에 없음
ST-0126,MEASUREMENT.person_id -> PERSON.person_id 참조무결성,Conformance,error,MEASUREMENT,person_id,606517,600083,person_id=600083 가 PERSON.person_id 에 없음
ST-0126,MEASUREMENT.person_id -> PERSON.person_id 참조무결성,Conformance,error,MEASUREMENT,person_id,606518,600083,person_id=600083 가 PERSON.person_id 에 없음
ST-0126,MEASUREMENT.person_id -> PERSON.person_id 참조무결성,Conformance,error,MEASUREMENT,person_id,606519,600083,person_id=600083 가 PERSON.person_id 에 없음
ST-0126,MEASUREMENT.person_id -> PERSON.person_id 참조무결성,Conformance,error,MEASUREMENT,person_id,606520,600083,person_id=600083 가 PERSON.person_id 에 없음
ST-0126,MEASUREMENT.person_id -> PERSON.person_id 참조무결성,Conformance,error,MEASUREMENT,person_id,606521,600083,person_id=600083 가 PERSON.person_id 에 없음
ST-0126,MEASUREMENT.person_id -> PERSON.person_id 참조무결성,Conformance,error,MEASUREMENT,person_id,606522,600083,person_id=600083 가 PERSON.person_id 에 없음
ST-0126,MEASUREMENT.person_id -> PERSON.person_id 참조무결성,Conformance,error,MEASUREMENT,person_id,606523,600083,person_id=600083 가 PERSON.person_id 에 없음
ST-0126,MEASUREMENT.person_id -> PERSON.person_id 참조무결성,Conformance,error,MEASUREMENT,person_id,606524,600083,person_id=600083 가 PERSON.person_id 에 없음
ST-0126,MEASUREMENT.person_id -> PERSON.person_id 참조무결성,Conformance,error,MEASUREMENT,person_id,606525,600083,person_id=600083 가 PERSON.person_id 에 없음
ST-0126,MEASUREMENT.person_id -> PERSON.person_id 참조무결성,Conformance,error,MEASUREMENT,person_id,606526,600083,person_id=600083 가 PERSON.person_id 에 없음
ST-0126,MEASUREMENT.person_id -> PERSON.person_id 참조무결성,Conformance,error,MEASUREMENT,person_id,606527,600083,person_id=600083 가 PERSON.person_id 에 없음
ST-0126,MEASUREMENT.person_id -> PERSON.person_id 참조무결성,Conformance,error,MEASUREMENT,person_id,606528,600083,person_id=600083 가 PERSON.person_id 에 없음
ST-0126,MEASUREMENT.person_id -> PERSON.person_id 참조무결성,Conformance,error,MEASUREMENT,person_id,606529,600083,person_id=600083 가 PERSON.person_id 에 없음
ST-0126,MEASUREMENT.person_id -> PERSON.person_id 참조무결성,Conformance,error,MEASUREMENT,person_id,606530,600083,person_id=600083 가 PERSON.person_id 에 없음
ST-0126,MEASUREMENT.person_id -> PERSON.person_id 참조무결성,Conformance,error,MEASUREMENT,person_id,606531,600083,person_id=600083 가 PERSON.person_id 에 없음
ST-0126,MEASUREMENT.person_id -> PERSON.person_id 참조무결성,Conformance,error,MEASUREMENT,person_id,606532,600083,person_id=600083 가 PERSON.person_id 에 없음
ST-0126,MEASUREMENT.person_id -> PERSON.person_id 참조무결성,Conformance,error,MEASUREMENT,person_id,606533,600083,person_id=600083 가 PERSON.person_id 에 없음
ST-0126,MEASUREMENT.person_id -> PERSON.person_id 참조무결성,Conformance,error,MEASUREMENT,person_id,606534,600083,person_id=600083 가 PERSON.person_id 에 없음
ST-0126,MEASUREMENT.person_id -> PERSON.person_id 참조무결성,Conformance,error,MEASUREMENT,person_id,606535,600083,person_id=600083 가 PERSON.person_id 에 없음
ST-0126,MEASUREMENT.person_id -> PERSON.person_id 참조무결성,Conformance,error,MEASUREMENT,person_id,606536,600083,person_id=600083 가 PERSON.person_id 에 없음
ST-0126,MEASUREMENT.person_id -> PERSON.person_id 참조무결성,Conformance,error,MEASUREMENT,person_id,606537,600083,person_id=600083 가 PERSON.person_id 에 없음
ST-0126,MEASUREMENT.person_id -> PERSON.person_id 참조무결성,Conformance,error,MEASUREMENT,person_id,606538,600083,person_id=600083 가 PERSON.person_id 에 없음
ST-0126,MEASUREMENT.person_id -> PERSON.person_id 참조무결성,Conformance,error,MEASUREMENT,person_id,606539,600083,person_id=600083 가 PERSON.person_id 에 없음
ST-0126,MEASUREMENT.person_id -> PERSON.person_id 참조무결성,Conformance,error,MEASUREMENT,person_id,606540,600083,person_id=600083 가 PERSON.person_id 에 없음
ST-0126,MEASUREMENT.person_id -> PERSON.person_id 참조무결성,Conformance,error,MEASUREMENT,person_id,606541,600083,person_id=600083 가 PERSON.person_id 에 없음
ST-0126,MEASUREMENT.person_id -> PERSON.person_id 참조무결성,Conformance,error,MEASUREMENT,person_id,606542,600083,person_id=600083 가 PERSON.person_id 에 없음
ST-0126,MEASUREMENT.person_id -> PERSON.person_id 참조무결성,Conformance,error,MEASUREMENT,person_id,606543,600083,person_id=600083 가 PERSON.person_id 에 없음
ST-0126,MEASUREMENT.person_id -> PERSON.person_id 참조무결성,Conformance,error,MEASUREMENT,person_id,606544,600083,person_id=600083 가 PERSON.person_id 에 없음
ST-0126,MEASUREMENT.person_id -> PERSON.person_id 참조무결성,Conformance,error,MEASUREMENT,person_id,606545,600083,person_id=600083 가 PERSON.person_id 에 없음
ST-0126,MEASUREMENT.person_id -> PERSON.person_id 참조무결성,Conformance,error,MEASUREMENT,person_id,606546,600083,person_id=600083 가 PERSON.person_id 에 없음
ST-0126,MEASUREMENT.person_id -> PERSON.person_id 참조무결성,Conformance,error,MEASUREMENT,person_id,606547,600083,person_id=600083 가 PERSON.person_id 에 없음
ST-0126,MEASUREMENT.person_id -> PERSON.person_id 참조무결성,Conformance,error,MEASUREMENT,person_id,606548,600083,person_id=600083 가 PERSON.person_id 에 없음
ST-0126,MEASUREMENT.person_id -> PERSON.person_id 참조무결성,Conformance,error,MEASUREMENT,person_id,606549,600083,person_id=600083 가 PERSON.person_id 에 없음
ST-0126,MEASUREMENT.person_id -> PERSON.person_id 참조무결성,Conformance,error,MEASUREMENT,person_id,606550,600083,person_id=600083 가 PERSON.person_id 에 없음
ST-0126,MEASUREMENT.person_id -> PERSON.person_id 참조무결성,Conformance,error,MEASUREMENT,person_id,606551,600083,person_id=600083 가 PERSON.person_id 에 없음
ST-0126,MEASUREMENT.person_id -> PERSON.person_id 참조무결성,Conformance,error,MEASUREMENT,person_id,606552,600083,person_id=600083 가 PERSON.person_id 에 없음
ST-0126,MEASUREMENT.person_id -> PERSON.person_id 참조무결성,Conformance,error,MEASUREMENT,person_id,606553,600083,person_id=600083 가 PERSON.person_id 에 없음
ST-0126,MEASUREMENT.person_id -> PERSON.person_id 참조무결성,Conformance,error,MEASUREMENT,person_id,606554,600083,person_id=600083 가 PERSON.person_id 에 없음
ST-0126,MEASUREMENT.person_id -> PERSON.person_id 참조무결성,Conformance,error,MEASUREMENT,person_id,606555,600083,person_id=600083 가 PERSON.person_id 에 없음
ST-0126,MEASUREMENT.person_id -> PERSON.person_id 참조무결성,Conformance,error,MEASUREMENT,person_id,606556,600083,person_id=600083 가 PERSON.person_id 에 없음
ST-0126,MEASUREMENT.person_id -> PERSON.person_id 참조무결성,Conformance,error,MEASUREMENT,person_id,606557,600083,person_id=600083 가 PERSON.person_id 에 없음
ST-0126,MEASUREMENT.person_id -> PERSON.person_id 참조무결성,Conformance,error,MEASUREMENT,person_id,606558,600083,person_id=600083 가 PERSON.person_id 에 없음
ST-0126,MEASUREMENT.person_id -> PERSON.person_id 참조무결성,Conformance,error,MEASUREMENT,person_id,606559,600083,person_id=600083 가 PERSON.person_id 에 없음
ST-0126,MEASUREMENT.person_id -> PERSON.person_id 참조무결성,Conformance,error,MEASUREMENT,person_id,606560,600083,person_id=600083 가 PERSON.person_id 에 없음
ST-0126,MEASUREMENT.person_id -> PERSON.person_id 참조무결성,Conformance,error,MEASUREMENT,person_id,606561,600083,person_id=600083 가 PERSON.person_id 에 없음
ST-0126,MEASUREMENT.person_id -> PERSON.person_id 참조무결성,Conformance,error,MEASUREMENT,person_id,606562,600083,person_id=600083 가 PERSON.person_id 에 없음
ST-0126,MEASUREMENT.person_id -> PERSON.person_id 참조무결성,Conformance,error,MEASUREMENT,person_id,606563,600083,person_id=600083 가 PERSON.person_id 에 없음
ST-0126,MEASUREMENT.person_id -> PERSON.person_id 참조무결성,Conformance,error,MEASUREMENT,person_id,606564,600083,person_id=600083 가 PERSON.person_id 에 없음
ST-0126,MEASUREMENT.person_id -> PERSON.person_id 참조무결성,Conformance,error,MEASUREMENT,person_id,606565,600083,person_id=600083 가 PERSON.person_id 에 없음
ST-0126,MEASUREMENT.person_id -> PERSON.person_id 참조무결성,Conformance,error,MEASUREMENT,person_id,606566,600083,person_id=600083 가 PERSON.person_id 에 없음
ST-0126,MEASUREMENT.person_id -> PERSON.person_id 참조무결성,Conformance,error,MEASUREMENT,person_id,606567,600083,person_id=600083 가 PERSON.person_id 에 없음
ST-0126,MEASUREMENT.person_id -> PERSON.person_id 참조무결성,Conformance,error,MEASUREMENT,person_id,606568,600083,person_id=600083 가 PERSON.person_id 에 없음
ST-0126,MEASUREMENT.person_id -> PERSON.person_id 참조무결성,Conformance,error,MEASUREMENT,person_id,606569,600083,person_id=600083 가 PERSON.person_id 에 없음
ST-0126,MEASUREMENT.person_id -> PERSON.person_id 참조무결성,Conformance,error,MEASUREMENT,person_id,606570,600083,person_id=600083 가 PERSON.person_id 에 없음
ST-0126,MEASUREMENT.person_id -> PERSON.person_id 참조무결성,Conformance,error,MEASUREMENT,person_id,606571,600083,person_id=600083 가 PERSON.person_id 에 없음
ST-0126,MEASUREMENT.person_id -> PERSON.person_id 참조무결성,Conformance,error,MEASUREMENT,person_id,607478,600097,person_id=600097 가 PERSON.person_id 에 없음
ST-0126,MEASUREMENT.person_id -> PERSON.person_id 참조무결성,Conformance,error,MEASUREMENT,person_id,607479,600097,person_id=600097 가 PERSON.person_id 에 없음
ST-0126,MEASUREMENT.person_id -> PERSON.person_id 참조무결성,Conformance,error,MEASUREMENT,person_id,607480,600097,person_id=600097 가 PERSON.person_id 에 없음
ST-0126,MEASUREMENT.person_id -> PERSON.person_id 참조무결성,Conformance,error,MEASUREMENT,person_id,607481,600097,person_id=600097 가 PERSON.person_id 에 없음
ST-0126,MEASUREMENT.person_id -> PERSON.person_id 참조무결성,Conformance,error,MEASUREMENT,person_id,607482,600097,person_id=600097 가 PERSON.person_id 에 없음
ST-0126,MEASUREMENT.person_id -> PERSON.person_id 참조무결성,Conformance,error,MEASUREMENT,person_id,607483,600097,person_id=600097 가 PERSON.person_id 에 없음
ST-0126,MEASUREMENT.person_id -> PERSON.person_id 참조무결성,Conformance,error,MEASUREMENT,person_id,607484,600097,person_id=600097 가 PERSON.person_id 에 없음
ST-0126,MEASUREMENT.person_id -> PERSON.person_id 참조무결성,Conformance,error,MEASUREMENT,person_id,607485,600097,person_id=600097 가 PERSON.person_id 에 없음
ST-0126,MEASUREMENT.person_id -> PERSON.person_id 참조무결성,Conformance,error,MEASUREMENT,person_id,607486,600097,person_id=600097 가 PERSON.person_id 에 없음
ST-0126,MEASUREMENT.person_id -> PERSON.person_id 참조무결성,Conformance,error,MEASUREMENT,person_id,607487,600097,person_id=600097 가 PERSON.person_id 에 없음
ST-0126,MEASUREMENT.person_id -> PERSON.person_id 참조무결성,Conformance,error,MEASUREMENT,person_id,607488,600097,person_id=600097 가 PERSON.person_id 에 없음
ST-0126,MEASUREMENT.person_id -> PERSON.person_id 참조무결성,Conformance,error,MEASUREMENT,person_id,607489,600097,person_id=600097 가 PERSON.person_id 에 없음
ST-0126,MEASUREMENT.person_id -> PERSON.person_id 참조무결성,Conformance,error,MEASUREMENT,person_id,607490,600097,person_id=600097 가 PERSON.person_id 에 없음
ST-0126,MEASUREMENT.person_id -> PERSON.person_id 참조무결성,Conformance,error,MEASUREMENT,person_id,607491,600097,person_id=600097 가 PERSON.person_id 에 없음
ST-0126,MEASUREMENT.person_id -> PERSON.person_id 참조무결성,Conformance,error,MEASUREMENT,person_id,607492,600097,person_id=600097 가 PERSON.person_id 에 없음
ST-0126,MEASUREMENT.person_id -> PERSON.person_id 참조무결성,Conformance,error,MEASUREMENT,person_id,607493,600097,person_id=600097 가 PERSON.person_id 에 없음
ST-0126,MEASUREMENT.person_id -> PERSON.person_id 참조무결성,Conformance,error,MEASUREMENT,person_id,607494,600097,person_id=600097 가 PERSON.person_id 에 없음
ST-0126,MEASUREMENT.person_id -> PERSON.person_id 참조무결성,Conformance,error,MEASUREMENT,person_id,607495,600097,person_id=600097 가 PERSON.person_id 에 없음
ST-0126,MEASUREMENT.person_id -> PERSON.person_id 참조무결성,Conformance,error,MEASUREMENT,person_id,607496,600097,person_id=600097 가 PERSON.person_id 에 없음
ST-0126,MEASUREMENT.person_id -> PERSON.person_id 참조무결성,Conformance,error,MEASUREMENT,person_id,607497,600097,person_id=600097 가 PERSON.person_id 에 없음
ST-0126,MEASUREMENT.person_id -> PERSON.person_id 참조무결성,Conformance,error,MEASUREMENT,person_id,607498,600097,person_id=600097 가 PERSON.person_id 에 없음
ST-0126,MEASUREMENT.person_id -> PERSON.person_id 참조무결성,Conformance,error,MEASUREMENT,person_id,607499,600097,person_id=600097 가 PERSON.person_id 에 없음
ST-0126,MEASUREMENT.person_id -> PERSON.person_id 참조무결성,Conformance,error,MEASUREMENT,person_id,607500,600097,person_id=600097 가 PERSON.person_id 에 없음
ST-0126,MEASUREMENT.person_id -> PERSON.person_id 참조무결성,Conformance,error,MEASUREMENT,person_id,607501,600097,person_id=600097 가 PERSON.person_id 에 없음
ST-0126,MEASUREMENT.person_id -> PERSON.person_id 참조무결성,Conformance,error,MEASUREMENT,person_id,607502,600097,person_id=600097 가 PERSON.person_id 에 없음
ST-0126,MEASUREMENT.person_id -> PERSON.person_id 참조무결성,Conformance,error,MEASUREMENT,person_id,607503,600097,person_id=600097 가 PERSON.person_id 에 없음
ST-0126,MEASUREMENT.person_id -> PERSON.person_id 참조무결성,Conformance,error,MEASUREMENT,person_id,607504,600097,person_id=600097 가 PERSON.person_id 에 없음
ST-0126,MEASUREMENT.person_id -> PERSON.person_id 참조무결성,Conformance,error,MEASUREMENT,person_id,607505,600097,person_id=600097 가 PERSON.person_id 에 없음
ST-0126,MEASUREMENT.person_id -> PERSON.person_id 참조무결성,Conformance,error,MEASUREMENT,person_id,607506,600097,person_id=600097 가 PERSON.person_id 에 없음
ST-0126,MEASUREMENT.person_id -> PERSON.person_id 참조무결성,Conformance,error,MEASUREMENT,person_id,607507,600097,person_id=600097 가 PERSON.person_id 에 없음
ST-0126,MEASUREMENT.person_id -> PERSON.person_id 참조무결성,Conformance,error,MEASUREMENT,person_id,607508,600097,person_id=600097 가 PERSON.person_id 에 없음
ST-0126,MEASUREMENT.person_id -> PERSON.person_id 참조무결성,Conformance,error,MEASUREMENT,person_id,607509,600097,person_id=600097 가 PERSON.person_id 에 없음
ST-0126,MEASUREMENT.person_id -> PERSON.person_id 참조무결성,Conformance,error,MEASUREMENT,person_id,607510,600097,person_id=600097 가 PERSON.person_id 에 없음
ST-0126,MEASUREMENT.person_id -> PERSON.person_id 참조무결성,Conformance,error,MEASUREMENT,person_id,607511,600097,person_id=600097 가 PERSON.person_id 에 없음
ST-0126,MEASUREMENT.person_id -> PERSON.person_id 참조무결성,Conformance,error,MEASUREMENT,person_id,607512,600097,person_id=600097 가 PERSON.person_id 에 없음
ST-0126,MEASUREMENT.person_id -> PERSON.person_id 참조무결성,Conformance,error,MEASUREMENT,person_id,607513,600097,person_id=600097 가 PERSON.person_id 에 없음
ST-0126,MEASUREMENT.person_id -> PERSON.person_id 참조무결성,Conformance,error,MEASUREMENT,person_id,607514,600097,person_id=600097 가 PERSON.person_id 에 없음
ST-0126,MEASUREMENT.person_id -> PERSON.person_id 참조무결성,Conformance,error,MEASUREMENT,person_id,607515,600097,person_id=600097 가 PERSON.person_id 에 없음
ST-0126,MEASUREMENT.person_id -> PERSON.person_id 참조무결성,Conformance,error,MEASUREMENT,person_id,607516,600097,person_id=600097 가 PERSON.person_id 에 없음
ST-0126,MEASUREMENT.person_id -> PERSON.person_id 참조무결성,Conformance,error,MEASUREMENT,person_id,607517,600097,person_id=600097 가 PERSON.person_id 에 없음
ST-0126,MEASUREMENT.person_id -> PERSON.person_id 참조무결성,Conformance,error,MEASUREMENT,person_id,607518,600097,person_id=600097 가 PERSON.person_id 에 없음
ST-0126,MEASUREMENT.person_id -> PERSON.person_id 참조무결성,Conformance,error,MEASUREMENT,person_id,607519,600097,person_id=600097 가 PERSON.person_id 에 없음
ST-0126,MEASUREMENT.person_id -> PERSON.person_id 참조무결성,Conformance,error,MEASUREMENT,person_id,607520,600097,person_id=600097 가 PERSON.person_id 에 없음
ST-0126,MEASUREMENT.person_id -> PERSON.person_id 참조무결성,Conformance,error,MEASUREMENT,person_id,607521,600097,person_id=600097 가 PERSON.person_id 에 없음
ST-0126,MEASUREMENT.person_id -> PERSON.person_id 참조무결성,Conformance,error,MEASUREMENT,person_id,607522,600097,person_id=600097 가 PERSON.person_id 에 없음
ST-0126,MEASUREMENT.person_id -> PERSON.person_id 참조무결성,Conformance,error,MEASUREMENT,person_id,607523,600097,person_id=600097 가 PERSON.person_id 에 없음
ST-0126,MEASUREMENT.person_id -> PERSON.person_id 참조무결성,Conformance,error,MEASUREMENT,person_id,607524,600097,person_id=600097 가 PERSON.person_id 에 없음
ST-0126,MEASUREMENT.person_id -> PERSON.person_id 참조무결성,Conformance,error,MEASUREMENT,person_id,607525,600097,person_id=600097 가 PERSON.person_id 에 없음
ST-0126,MEASUREMENT.person_id -> PERSON.person_id 참조무결성,Conformance,error,MEASUREMENT,person_id,607526,600097,person_id=600097 가 PERSON.person_id 에 없음
ST-0126,MEASUREMENT.person_id -> PERSON.person_id 참조무결성,Conformance,error,MEASUREMENT,person_id,607527,600097,person_id=600097 가 PERSON.person_id 에 없음
ST-0126,MEASUREMENT.person_id -> PERSON.person_id 참조무결성,Conformance,error,MEASUREMENT,person_id,607528,600097,person_id=600097 가 PERSON.person_id 에 없음
ST-0126,MEASUREMENT.person_id -> PERSON.person_id 참조무결성,Conformance,error,MEASUREMENT,person_id,607529,600097,person_id=600097 가 PERSON.person_id 에 없음
ST-0126,MEASUREMENT.person_id -> PERSON.person_id 참조무결성,Conformance,error,MEASUREMENT,person_id,607530,600097,person_id=600097 가 PERSON.person_id 에 없음
ST-0126,MEASUREMENT.person_id -> PERSON.person_id 참조무결성,Conformance,error,MEASUREMENT,person_id,607531,600097,person_id=600097 가 PERSON.person_id 에 없음
ST-0126,MEASUREMENT.person_id -> PERSON.person_id 참조무결성,Conformance,error,MEASUREMENT,person_id,607532,600097,person_id=600097 가 PERSON.person_id 에 없음
ST-0126,MEASUREMENT.person_id -> PERSON.person_id 참조무결성,Conformance,error,MEASUREMENT,person_id,607533,600097,person_id=600097 가 PERSON.person_id 에 없음
ST-0126,MEASUREMENT.person_id -> PERSON.person_id 참조무결성,Conformance,error,MEASUREMENT,person_id,607534,600097,person_id=600097 가 PERSON.person_id 에 없음
ST-0126,MEASUREMENT.person_id -> PERSON.person_id 참조무결성,Conformance,error,MEASUREMENT,person_id,607535,600097,person_id=600097 가 PERSON.person_id 에 없음
ST-0126,MEASUREMENT.person_id -> PERSON.person_id 참조무결성,Conformance,error,MEASUREMENT,person_id,607536,600097,person_id=600097 가 PERSON.person_id 에 없음
ST-0126,MEASUREMENT.person_id -> PERSON.person_id 참조무결성,Conformance,error,MEASUREMENT,person_id,607537,600097,person_id=600097 가 PERSON.person_id 에 없음
ST-0126,MEASUREMENT.person_id -> PERSON.person_id 참조무결성,Conformance,error,MEASUREMENT,person_id,607538,600097,person_id=600097 가 PERSON.person_id 에 없음
ST-0126,MEASUREMENT.person_id -> PERSON.person_id 참조무결성,Conformance,error,MEASUREMENT,person_id,607539,600097,person_id=600097 가 PERSON.person_id 에 없음
ST-0126,MEASUREMENT.person_id -> PERSON.person_id 참조무결성,Conformance,error,MEASUREMENT,person_id,607540,600097,person_id=600097 가 PERSON.person_id 에 없음
ST-0126,MEASUREMENT.person_id -> PERSON.person_id 참조무결성,Conformance,error,MEASUREMENT,person_id,607541,600097,person_id=600097 가 PERSON.person_id 에 없음
ST-0126,MEASUREMENT.person_id -> PERSON.person_id 참조무결성,Conformance,error,MEASUREMENT,person_id,607542,600097,person_id=600097 가 PERSON.person_id 에 없음
ST-0126,MEASUREMENT.person_id -> PERSON.person_id 참조무결성,Conformance,error,MEASUREMENT,person_id,607543,600097,person_id=600097 가 PERSON.person_id 에 없음
ST-0126,MEASUREMENT.person_id -> PERSON.person_id 참조무결성,Conformance,error,MEASUREMENT,person_id,607544,600097,person_id=600097 가 PERSON.person_id 에 없음
ST-0126,MEASUREMENT.person_id -> PERSON.person_id 참조무결성,Conformance,error,MEASUREMENT,person_id,607545,600097,person_id=600097 가 PERSON.person_id 에 없음
ST-0126,MEASUREMENT.person_id -> PERSON.person_id 참조무결성,Conformance,error,MEASUREMENT,person_id,607546,600097,person_id=600097 가 PERSON.person_id 에 없음
ST-0126,MEASUREMENT.person_id -> PERSON.person_id 참조무결성,Conformance,error,MEASUREMENT,person_id,607547,600097,person_id=600097 가 PERSON.person_id 에 없음
ST-0126,MEASUREMENT.person_id -> PERSON.person_id 참조무결성,Conformance,error,MEASUREMENT,person_id,607548,600097,person_id=600097 가 PERSON.person_id 에 없음
ST-0126,MEASUREMENT.person_id -> PERSON.person_id 참조무결성,Conformance,error,MEASUREMENT,person_id,607549,600097,person_id=600097 가 PERSON.person_id 에 없음
ST-0126,MEASUREMENT.person_id -> PERSON.person_id 참조무결성,Conformance,error,MEASUREMENT,person_id,607550,600097,person_id=600097 가 PERSON.person_id 에 없음
ST-0127,MEASUREMENT.measurement_concept_id 필수,Completeness,error,MEASUREMENT,measurement_concept_id,601299,600019,measurement_concept_id NULL
ST-0128,MEASUREMENT.measurement_concept_id 타입(integer),Conformance,error,MEASUREMENT,measurement_concept_id,601937,600028,measurement_concept_id='NOT_A_NUMBER' 은 integer 아님
ST-0129,MEASUREMENT.measurement_date 필수,Completeness,error,MEASUREMENT,measurement_date,604933,600062,measurement_date NULL
ST-0130,MEASUREMENT.measurement_date 타입(date),Conformance,error,MEASUREMENT,measurement_date,606639,600084,measurement_date='2026-13-45' 은 date 아님
ST-0131,MEASUREMENT.measurement_date 미래 날짜 금지,Plausibility,error,MEASUREMENT,measurement_date,601578,600022,measurement_date=2099-01-01 미래 날짜
ST-0132,MEASUREMENT.measurement_type_concept_id 필수,Completeness,error,MEASUREMENT,measurement_type_concept_id,605926,600076,measurement_type_concept_id NULL
ST-0133,MEASUREMENT.measurement_type_concept_id 타입(integer),Conformance,error,MEASUREMENT,measurement_type_concept_id,602547,600035,measurement_type_concept_id='NOT_A_NUMBER' 은 integer 아님
ST-0134,MEASUREMENT.measurement_type_concept_id 코드표,Conformance,warning,MEASUREMENT,measurement_type_concept_id,602547,600035,measurement_type_concept_id=NOT_A_NUMBER 코드표(OMOP.measurement_type_concept_id) 밖
ST-0134,MEASUREMENT.measurement_type_concept_id 코드표,Conformance,warning,MEASUREMENT,measurement_type_concept_id,607239,600093,measurement_type_concept_id=9999999 코드표(OMOP.measurement_type_concept_id) 밖
ST-0135,MEASUREMENT.value_as_number 타입(float),Conformance,error,MEASUREMENT,value_as_number,606676,600085,value_as_number='NOT_A_NUMBER' 은 float 아님
ST-0136,MEASUREMENT.value_as_number 범위,Plausibility,warning,MEASUREMENT,value_as_number,600069,600001,"value_as_number=10001000 범위 [-1000000,1000000] 밖"
ST-0138,MEASUREMENT.unit_concept_id 타입(integer),Conformance,error,MEASUREMENT,unit_concept_id,605420,600068,unit_concept_id='NOT_A_NUMBER' 은 integer 아님
ST-0139,MEASUREMENT.unit_concept_id 코드표,Conformance,warning,MEASUREMENT,unit_concept_id,603045,600040,unit_concept_id=9999999 코드표(OMOP.unit_concept_id) 밖
ST-0139,MEASUREMENT.unit_concept_id 코드표,Conformance,warning,MEASUREMENT,unit_concept_id,605420,600068,unit_concept_id=NOT_A_NUMBER 코드표(OMOP.unit_concept_id) 밖
ST-0140,MEASUREMENT.range_low 타입(float),Conformance,error,MEASUREMENT,range_low,603204,600042,range_low='NOT_A_NUMBER' 은 float 아님
ST-0141,MEASUREMENT.range_low 범위,Plausibility,warning,MEASUREMENT,range_low,604311,600055,"range_low=10001000 범위 [-1000000,1000000] 밖"
ST-0142,MEASUREMENT.range_high 타입(float),Conformance,error,MEASUREMENT,range_high,607693,600099,range_high='NOT_A_NUMBER' 은 float 아님
ST-0143,MEASUREMENT.range_high 범위,Plausibility,warning,MEASUREMENT,range_high,604603,600059,"range_high=10001000 범위 [-1000000,1000000] 밖"
ST-0146,OBSERVATION.observation_id PK 유일성,Conformance,error,OBSERVATION,observation_id,,600048,PK NULL
ST-0146,OBSERVATION.observation_id PK 유일성,Conformance,error,OBSERVATION,observation_id,600047,600047,PK 중복: 600047
ST-0146,OBSERVATION.observation_id PK 유일성,Conformance,error,OBSERVATION,observation_id,600047,600100,PK 중복: 600047
ST-0147,OBSERVATION.observation_id 타입(integer),Conformance,error,OBSERVATION,observation_id,NOT_A_NUMBER,600031,observation_id='NOT_A_NUMBER' 은 integer 아님
ST-0148,OBSERVATION.visit_occurrence_id 필수,Completeness,error,OBSERVATION,visit_occurrence_id,600052,600052,visit_occurrence_id NULL
ST-0149,OBSERVATION.visit_occurrence_id 타입(integer),Conformance,error,OBSERVATION,visit_occurrence_id,600076,600076,visit_occurrence_id='NOT_A_NUMBER' 은 integer 아님
ST-0150,OBSERVATION.visit_occurrence_id -> VISIT_OCCURRENCE.visit_occurrence_id 참조무결성,Conformance,error,OBSERVATION,visit_occurrence_id,600004,600004,visit_occurrence_id=999999999 가 VISIT_OCCURRENCE.visit_occurrence_id 에 없음
ST-0150,OBSERVATION.visit_occurrence_id -> VISIT_OCCURRENCE.visit_occurrence_id 참조무결성,Conformance,error,OBSERVATION,visit_occurrence_id,600039,600039,visit_occurrence_id=600813 가 VISIT_OCCURRENCE.visit_occurrence_id 에 없음
ST-0151,OBSERVATION.person_id 필수,Completeness,error,OBSERVATION,person_id,600069,,person_id NULL
ST-0152,OBSERVATION.person_id 타입(integer),Conformance,error,OBSERVATION,person_id,600092,NOT_A_NUMBER,person_id='NOT_A_NUMBER' 은 integer 아님
ST-0153,OBSERVATION.person_id -> PERSON.person_id 참조무결성,Conformance,error,OBSERVATION,person_id,600033,600033,person_id=600033 가 PERSON.person_id 에 없음
ST-0153,OBSERVATION.person_id -> PERSON.person_id 참조무결성,Conformance,error,OBSERVATION,person_id,600073,999999999,person_id=999999999 가 PERSON.person_id 에 없음
ST-0153,OBSERVATION.person_id -> PERSON.person_id 참조무결성,Conformance,error,OBSERVATION,person_id,600083,600083,person_id=600083 가 PERSON.person_id 에 없음
ST-0153,OBSERVATION.person_id -> PERSON.person_id 참조무결성,Conformance,error,OBSERVATION,person_id,600097,600097,person_id=600097 가 PERSON.person_id 에 없음
ST-0154,OBSERVATION.observation_concept_id 필수,Completeness,error,OBSERVATION,observation_concept_id,600054,600054,observation_concept_id NULL
ST-0155,OBSERVATION.observation_concept_id 타입(integer),Conformance,error,OBSERVATION,observation_concept_id,600084,600084,observation_concept_id='NOT_A_NUMBER' 은 integer 아님
ST-0156,OBSERVATION.observation_date 필수,Completeness,error,OBSERVATION,observation_date,600072,600072,observation_date NULL
ST-0157,OBSERVATION.observation_date 타입(date),Conformance,error,OBSERVATION,observation_date,600007,600007,observation_date='2026-13-45' 은 date 아님
ST-0158,OBSERVATION.observation_date 미래 날짜 금지,Plausibility,error,OBSERVATION,observation_date,600024,600024,observation_date=2099-01-01 미래 날짜
ST-0159,OBSERVATION.observation_type_concept_id 필수,Completeness,error,OBSERVATION,observation_type_concept_id,600041,600041,observation_type_concept_id NULL
ST-0160,OBSERVATION.observation_type_concept_id 타입(integer),Conformance,error,OBSERVATION,observation_type_concept_id,600043,600043,observation_type_concept_id='NOT_A_NUMBER' 은 integer 아님
ST-0161,OBSERVATION.observation_type_concept_id 코드표,Conformance,warning,OBSERVATION,observation_type_concept_id,600028,600028,observation_type_concept_id=9999999 코드표(OMOP.observation_type_concept_id) 밖
ST-0161,OBSERVATION.observation_type_concept_id 코드표,Conformance,warning,OBSERVATION,observation_type_concept_id,600043,600043,observation_type_concept_id=NOT_A_NUMBER 코드표(OMOP.observation_type_concept_id) 밖
ST-0162,OBSERVATION.value_as_number 타입(float),Conformance,error,OBSERVATION,value_as_number,600081,600081,value_as_number='NOT_A_NUMBER' 은 float 아님
ST-0163,OBSERVATION.value_as_number 범위,Plausibility,warning,OBSERVATION,value_as_number,600064,600064,"value_as_number=10001000 범위 [-1000000,1000000] 밖"
ST-0169,NOTE.note_id PK 유일성,Conformance,error,NOTE,note_id,,600050,PK NULL
ST-0169,NOTE.note_id PK 유일성,Conformance,error,NOTE,note_id,600363,600073,PK 중복: 600363
ST-0169,NOTE.note_id PK 유일성,Conformance,error,NOTE,note_id,600363,600084,PK 중복: 600363
ST-0170,NOTE.note_id 타입(integer),Conformance,error,NOTE,note_id,NOT_A_NUMBER,600030,note_id='NOT_A_NUMBER' 은 integer 아님
ST-0171,NOTE.visit_occurrence_id 타입(integer),Conformance,error,NOTE,visit_occurrence_id,600368,600074,visit_occurrence_id='NOT_A_NUMBER' 은 integer 아님
ST-0172,NOTE.visit_occurrence_id -> VISIT_OCCURRENCE.visit_occurrence_id 참조무결성,Conformance,error,NOTE,visit_occurrence_id,600102,600022,visit_occurrence_id=600435 가 VISIT_OCCURRENCE.visit_occurrence_id 에 없음
ST-0172,NOTE.visit_occurrence_id -> VISIT_OCCURRENCE.visit_occurrence_id 참조무결성,Conformance,error,NOTE,visit_occurrence_id,600183,600039,visit_occurrence_id=600813 가 VISIT_OCCURRENCE.visit_occurrence_id 에 없음
ST-0172,NOTE.visit_occurrence_id -> VISIT_OCCURRENCE.visit_occurrence_id 참조무결성,Conformance,error,NOTE,visit_occurrence_id,600184,600039,visit_occurrence_id=600813 가 VISIT_OCCURRENCE.visit_occurrence_id 에 없음
ST-0172,NOTE.visit_occurrence_id -> VISIT_OCCURRENCE.visit_occurrence_id 참조무결성,Conformance,error,NOTE,visit_occurrence_id,600357,600071,visit_occurrence_id=999999999 가 VISIT_OCCURRENCE.visit_occurrence_id 에 없음
ST-0173,NOTE.person_id 필수,Completeness,error,NOTE,person_id,600050,,person_id NULL
ST-0174,NOTE.person_id 타입(integer),Conformance,error,NOTE,person_id,600371,NOT_A_NUMBER,person_id='NOT_A_NUMBER' 은 integer 아님
ST-0175,NOTE.person_id -> PERSON.person_id 참조무결성,Conformance,error,NOTE,person_id,600148,600033,person_id=600033 가 PERSON.person_id 에 없음
ST-0175,NOTE.person_id -> PERSON.person_id 참조무결성,Conformance,error,NOTE,person_id,600149,600033,person_id=600033 가 PERSON.person_id 에 없음
ST-0175,NOTE.person_id -> PERSON.person_id 참조무결성,Conformance,error,NOTE,person_id,600150,600033,person_id=600033 가 PERSON.person_id 에 없음
ST-0175,NOTE.person_id -> PERSON.person_id 참조무결성,Conformance,error,NOTE,person_id,600151,600033,person_id=600033 가 PERSON.person_id 에 없음
ST-0175,NOTE.person_id -> PERSON.person_id 참조무결성,Conformance,error,NOTE,person_id,600367,999999999,person_id=999999999 가 PERSON.person_id 에 없음
ST-0175,NOTE.person_id -> PERSON.person_id 참조무결성,Conformance,error,NOTE,person_id,600402,600083,person_id=600083 가 PERSON.person_id 에 없음
ST-0175,NOTE.person_id -> PERSON.person_id 참조무결성,Conformance,error,NOTE,person_id,600403,600083,person_id=600083 가 PERSON.person_id 에 없음
ST-0175,NOTE.person_id -> PERSON.person_id 참조무결성,Conformance,error,NOTE,person_id,600404,600083,person_id=600083 가 PERSON.person_id 에 없음
ST-0175,NOTE.person_id -> PERSON.person_id 참조무결성,Conformance,error,NOTE,person_id,600405,600083,person_id=600083 가 PERSON.person_id 에 없음
ST-0175,NOTE.person_id -> PERSON.person_id 참조무결성,Conformance,error,NOTE,person_id,600459,600097,person_id=600097 가 PERSON.person_id 에 없음
ST-0175,NOTE.person_id -> PERSON.person_id 참조무결성,Conformance,error,NOTE,person_id,600460,600097,person_id=600097 가 PERSON.person_id 에 없음
ST-0175,NOTE.person_id -> PERSON.person_id 참조무결성,Conformance,error,NOTE,person_id,600461,600097,person_id=600097 가 PERSON.person_id 에 없음
ST-0175,NOTE.person_id -> PERSON.person_id 참조무결성,Conformance,error,NOTE,person_id,600462,600097,person_id=600097 가 PERSON.person_id 에 없음
ST-0176,NOTE.note_date 필수,Completeness,error,NOTE,note_date,600018,600003,note_date NULL
ST-0177,NOTE.note_date 타입(date),Conformance,error,NOTE,note_date,600426,600089,note_date='2026-13-45' 은 date 아님
ST-0178,NOTE.note_date 미래 날짜 금지,Plausibility,error,NOTE,note_date,600118,600026,note_date=2099-01-01 미래 날짜
ST-0179,NOTE.note_type_concept_id 필수,Completeness,error,NOTE,note_type_concept_id,600023,600004,note_type_concept_id NULL
ST-0180,NOTE.note_type_concept_id 타입(integer),Conformance,error,NOTE,note_type_concept_id,600141,600031,note_type_concept_id='NOT_A_NUMBER' 은 integer 아님
ST-0181,NOTE.note_type_concept_id 코드표,Conformance,warning,NOTE,note_type_concept_id,600141,600031,note_type_concept_id=NOT_A_NUMBER 코드표(OMOP.note_type_concept_id) 밖
ST-0181,NOTE.note_type_concept_id 코드표,Conformance,warning,NOTE,note_type_concept_id,600246,600051,note_type_concept_id=9999999 코드표(OMOP.note_type_concept_id) 밖
ST-0182,NOTE.note_class_concept_id 필수,Completeness,error,NOTE,note_class_concept_id,600196,600042,note_class_concept_id NULL
ST-0183,NOTE.note_class_concept_id 타입(integer),Conformance,error,NOTE,note_class_concept_id,600339,600067,note_class_concept_id='NOT_A_NUMBER' 은 integer 아님
ST-0184,NOTE.note_class_concept_id 코드표,Conformance,warning,NOTE,note_class_concept_id,600339,600067,note_class_concept_id=NOT_A_NUMBER 코드표(OMOP.note_class_concept_id) 밖
ST-0184,NOTE.note_class_concept_id 코드표,Conformance,warning,NOTE,note_class_concept_id,600458,600096,note_class_concept_id=9999999 코드표(OMOP.note_class_concept_id) 밖
ST-0188,DRUG_INGREDIENT_STRUCTURE.ingredient_concept_id PK 유일성,Conformance,error,DRUG_INGREDIENT_STRUCTURE,ingredient_concept_id,,,PK NULL
ST-0188,DRUG_INGREDIENT_STRUCTURE.ingredient_concept_id PK 유일성,Conformance,error,DRUG_INGREDIENT_STRUCTURE,ingredient_concept_id,1314924,,PK 중복: 1314924
ST-0188,DRUG_INGREDIENT_STRUCTURE.ingredient_concept_id PK 유일성,Conformance,error,DRUG_INGREDIENT_STRUCTURE,ingredient_concept_id,1314924,,PK 중복: 1314924
ST-0189,DRUG_INGREDIENT_STRUCTURE.ingredient_concept_id 타입(integer),Conformance,error,DRUG_INGREDIENT_STRUCTURE,ingredient_concept_id,NOT_A_NUMBER,,ingredient_concept_id='NOT_A_NUMBER' 은 integer 아님
ST-0190,DRUG_INGREDIENT_STRUCTURE.smiles 필수,Completeness,error,DRUG_INGREDIENT_STRUCTURE,smiles,1551099,,smiles NULL
ST-0295,LYMPHOMA 컬럼 구성,Conformance,error,LYMPHOMA,mipi_c_risk_group,,,컬럼 누락: mipi_c_risk_group
ST-0296,LYMPHOMA.lymphoma_id PK 유일성,Conformance,error,LYMPHOMA,lymphoma_id,,600093,PK NULL
ST-0296,LYMPHOMA.lymphoma_id PK 유일성,Conformance,error,LYMPHOMA,lymphoma_id,600005,600005,PK 중복: 600005
ST-0296,LYMPHOMA.lymphoma_id PK 유일성,Conformance,error,LYMPHOMA,lymphoma_id,600005,600018,PK 중복: 600005
ST-0297,LYMPHOMA.lymphoma_id 타입(integer),Conformance,error,LYMPHOMA,lymphoma_id,NOT_A_NUMBER,600077,lymphoma_id='NOT_A_NUMBER' 은 integer 아님
ST-0298,LYMPHOMA.person_id 필수,Completeness,error,LYMPHOMA,person_id,600060,,person_id NULL
ST-0299,LYMPHOMA.person_id 타입(integer),Conformance,error,LYMPHOMA,person_id,600085,NOT_A_NUMBER,person_id='NOT_A_NUMBER' 은 integer 아님
ST-0300,LYMPHOMA.person_id -> PERSON.person_id 참조무결성,Conformance,error,LYMPHOMA,person_id,600017,999999999,person_id=999999999 가 PERSON.person_id 에 없음
ST-0300,LYMPHOMA.person_id -> PERSON.person_id 참조무결성,Conformance,error,LYMPHOMA,person_id,600033,600033,person_id=600033 가 PERSON.person_id 에 없음
ST-0300,LYMPHOMA.person_id -> PERSON.person_id 참조무결성,Conformance,error,LYMPHOMA,person_id,600083,600083,person_id=600083 가 PERSON.person_id 에 없음
ST-0300,LYMPHOMA.person_id -> PERSON.person_id 참조무결성,Conformance,error,LYMPHOMA,person_id,600097,600097,person_id=600097 가 PERSON.person_id 에 없음
ST-0301,LYMPHOMA.visit_occurrence_id 필수,Completeness,error,LYMPHOMA,visit_occurrence_id,600042,600042,visit_occurrence_id NULL
ST-0302,LYMPHOMA.visit_occurrence_id 타입(integer),Conformance,error,LYMPHOMA,visit_occurrence_id,600083,600083,visit_occurrence_id='NOT_A_NUMBER' 은 integer 아님
ST-0303,LYMPHOMA.visit_occurrence_id -> VISIT_OCCURRENCE.visit_occurrence_id 참조무결성,Conformance,error,LYMPHOMA,visit_occurrence_id,600039,600039,visit_occurrence_id=600813 가 VISIT_OCCURRENCE.visit_occurrence_id 에 없음
ST-0303,LYMPHOMA.visit_occurrence_id -> VISIT_OCCURRENCE.visit_occurrence_id 참조무결성,Conformance,error,LYMPHOMA,visit_occurrence_id,600040,600040,visit_occurrence_id=999999999 가 VISIT_OCCURRENCE.visit_occurrence_id 에 없음
ST-0304,LYMPHOMA.diagnosis_date 필수,Completeness,error,LYMPHOMA,diagnosis_date,600044,600044,diagnosis_date NULL
ST-0305,LYMPHOMA.diagnosis_date 타입(date),Conformance,error,LYMPHOMA,diagnosis_date,600003,600003,diagnosis_date='2026-13-45' 은 date 아님
ST-0306,LYMPHOMA.diagnosis_date 미래 날짜 금지,Plausibility,error,LYMPHOMA,diagnosis_date,600008,600008,diagnosis_date=2099-01-01 미래 날짜
ST-0307,LYMPHOMA.histology_icdo3_code 필수,Completeness,error,LYMPHOMA,histology_icdo3_code,600004,600004,histology_icdo3_code NULL
ST-0308,LYMPHOMA.histology_icdo3_code 패턴,Conformance,warning,LYMPHOMA,histology_icdo3_code,600079,600079,histology_icdo3_code='BAD-CODE' 패턴 불일치
ST-0309,LYMPHOMA.double_expressor_yn 타입(integer),Conformance,error,LYMPHOMA,double_expressor_yn,600071,600071,double_expressor_yn='NOT_A_NUMBER' 은 integer 아님
ST-0310,LYMPHOMA.mipi_score 타입(integer),Conformance,error,LYMPHOMA,mipi_score,600074,600074,mipi_score='NOT_A_NUMBER' 은 integer 아님
ST-0311,LYMPHOMA.mipi_score 범위,Plausibility,warning,LYMPHOMA,mipi_score,600094,600094,"mipi_score=1150 범위 [0,15] 밖"
ST-0312,LYMPHOMA.hodgkin_ips_score 타입(integer),Conformance,error,LYMPHOMA,hodgkin_ips_score,600066,600066,hodgkin_ips_score='NOT_A_NUMBER' 은 integer 아님
ST-0313,LYMPHOMA.hodgkin_ips_score 범위,Plausibility,warning,LYMPHOMA,hodgkin_ips_score,600028,600028,"hodgkin_ips_score=1070 범위 [0,7] 밖"
ST-0314,LYMPHOMA.pit_score 타입(integer),Conformance,error,LYMPHOMA,pit_score,600084,600084,pit_score='NOT_A_NUMBER' 은 integer 아님
ST-0315,LYMPHOMA.pit_score 범위,Plausibility,warning,LYMPHOMA,pit_score,600075,600075,"pit_score=1040 범위 [0,4] 밖"
ST-0318,SACT.sact_id PK 유일성,Conformance,error,SACT,sact_id,,600095,PK NULL
ST-0318,SACT.sact_id PK 유일성,Conformance,error,SACT,sact_id,600077,600029,PK 중복: 600077
ST-0318,SACT.sact_id PK 유일성,Conformance,error,SACT,sact_id,600077,600057,PK 중복: 600077
ST-0319,SACT.sact_id 타입(integer),Conformance,error,SACT,sact_id,NOT_A_NUMBER,600046,sact_id='NOT_A_NUMBER' 은 integer 아님
ST-0320,SACT.person_id 필수,Completeness,error,SACT,person_id,600035,,person_id NULL
ST-0321,SACT.person_id 타입(integer),Conformance,error,SACT,person_id,600078,NOT_A_NUMBER,person_id='NOT_A_NUMBER' 은 integer 아님
ST-0322,SACT.person_id -> PERSON.person_id 참조무결성,Conformance,error,SACT,person_id,600018,999999999,person_id=999999999 가 PERSON.person_id 에 없음
ST-0322,SACT.person_id -> PERSON.person_id 참조무결성,Conformance,error,SACT,person_id,600041,600033,person_id=600033 가 PERSON.person_id 에 없음
ST-0322,SACT.person_id -> PERSON.person_id 참조무결성,Conformance,error,SACT,person_id,600110,600083,person_id=600083 가 PERSON.person_id 에 없음
ST-0322,SACT.person_id -> PERSON.person_id 참조무결성,Conformance,error,SACT,person_id,600111,600083,person_id=600083 가 PERSON.person_id 에 없음
ST-0322,SACT.person_id -> PERSON.person_id 참조무결성,Conformance,error,SACT,person_id,600126,600097,person_id=600097 가 PERSON.person_id 에 없음
ST-0323,SACT.regimen_concept_id 필수,Completeness,error,SACT,regimen_concept_id,600029,600022,regimen_concept_id NULL
ST-0324,SACT.regimen_concept_id 타입(integer),Conformance,error,SACT,regimen_concept_id,600105,600078,regimen_concept_id='NOT_A_NUMBER' 은 integer 아님
ST-0325,SACT.regimen_source_value 필수,Completeness,error,SACT,regimen_source_value,600033,600026,regimen_source_value NULL
ST-0326,SACT.regimen_start_date 필수,Completeness,error,SACT,regimen_start_date,600065,600051,regimen_start_date NULL
ST-0327,SACT.regimen_start_date 타입(date),Conformance,error,SACT,regimen_start_date,600084,600061,regimen_start_date='2026-13-45' 은 date 아님
ST-0328,SACT.regimen_start_date 미래 날짜 금지,Plausibility,error,SACT,regimen_start_date,600080,600059,regimen_start_date=2099-01-01 미래 날짜
ST-0329,SACT.regimen_end_date 필수,Completeness,error,SACT,regimen_end_date,600108,600081,regimen_end_date NULL
ST-0330,SACT.regimen_end_date 타입(date),Conformance,error,SACT,regimen_end_date,600057,600044,regimen_end_date='2026-13-45' 은 date 아님
ST-0331,SACT.regimen_end_date 미래 날짜 금지,Plausibility,error,SACT,regimen_end_date,600005,600003,regimen_end_date=2099-01-01 미래 날짜
ST-0332,SACT.line_of_therapy 타입(integer),Conformance,error,SACT,line_of_therapy,600113,600085,line_of_therapy='NOT_A_NUMBER' 은 integer 아님
ST-0333,SACT.line_of_therapy 범위,Plausibility,warning,SACT,line_of_therapy,600058,600045,"line_of_therapy=1200 범위 [1,20] 밖"
ST-0334,SACT.number_of_cycles 타입(integer),Conformance,error,SACT,number_of_cycles,600045,600036,number_of_cycles='NOT_A_NUMBER' 은 integer 아님
ST-0335,SACT.number_of_cycles 범위,Plausibility,warning,SACT,number_of_cycles,600007,600003,"number_of_cycles=2000 범위 [1,100] 밖"
ST-0336,SACT.therapy_intent 타입(integer),Conformance,error,SACT,therapy_intent,600079,600058,therapy_intent='NOT_A_NUMBER' 은 integer 아님
ST-0337,SACT.therapy_intent 코드표,Conformance,error,SACT,therapy_intent,600004,600002,therapy_intent=9999999 코드표(SACT.therapy_intent) 밖
ST-0337,SACT.therapy_intent 코드표,Conformance,error,SACT,therapy_intent,600079,600058,therapy_intent=NOT_A_NUMBER 코드표(SACT.therapy_intent) 밖
ST-0338,SACT.ecog_performance_status 타입(integer),Conformance,error,SACT,ecog_performance_status,600051,600039,ecog_performance_status='NOT_A_NUMBER' 은 integer 아님
ST-0339,SACT.ecog_performance_status 범위,Plausibility,warning,SACT,ecog_performance_status,600009,600004,"ecog_performance_status=1050 범위 [0,5] 밖"
ST-0340,SACT.date_of_progression 타입(date),Conformance,error,SACT,date_of_progression,600010,600004,date_of_progression='2026-13-45' 은 date 아님
ST-0341,SACT.date_of_progression 미래 날짜 금지,Plausibility,error,SACT,date_of_progression,600073,600055,date_of_progression=2099-01-01 미래 날짜
ST-0344,ADVERSE_EVENT.adverse_event_id PK 유일성,Conformance,error,ADVERSE_EVENT,adverse_event_id,,600057,PK NULL
ST-0344,ADVERSE_EVENT.adverse_event_id PK 유일성,Conformance,error,ADVERSE_EVENT,adverse_event_id,600220,600084,PK 중복: 600220
ST-0344,ADVERSE_EVENT.adverse_event_id PK 유일성,Conformance,error,ADVERSE_EVENT,adverse_event_id,600220,600092,PK 중복: 600220
ST-0345,ADVERSE_EVENT.adverse_event_id 타입(integer),Conformance,error,ADVERSE_EVENT,adverse_event_id,NOT_A_NUMBER,600055,adverse_event_id='NOT_A_NUMBER' 은 integer 아님
ST-0346,ADVERSE_EVENT.person_id 필수,Completeness,error,ADVERSE_EVENT,person_id,600083,,person_id NULL
ST-0347,ADVERSE_EVENT.person_id 타입(integer),Conformance,error,ADVERSE_EVENT,person_id,600215,NOT_A_NUMBER,person_id='NOT_A_NUMBER' 은 integer 아님
ST-0348,ADVERSE_EVENT.person_id -> PERSON.person_id 참조무결성,Conformance,error,ADVERSE_EVENT,person_id,600008,999999999,person_id=999999999 가 PERSON.person_id 에 없음
ST-0348,ADVERSE_EVENT.person_id -> PERSON.person_id 참조무결성,Conformance,error,ADVERSE_EVENT,person_id,600074,600033,person_id=600033 가 PERSON.person_id 에 없음
ST-0348,ADVERSE_EVENT.person_id -> PERSON.person_id 참조무결성,Conformance,error,ADVERSE_EVENT,person_id,600075,600033,person_id=600033 가 PERSON.person_id 에 없음
ST-0348,ADVERSE_EVENT.person_id -> PERSON.person_id 참조무결성,Conformance,error,ADVERSE_EVENT,person_id,600076,600033,person_id=600033 가 PERSON.person_id 에 없음
ST-0348,ADVERSE_EVENT.person_id -> PERSON.person_id 참조무결성,Conformance,error,ADVERSE_EVENT,person_id,600217,600083,person_id=600083 가 PERSON.person_id 에 없음
ST-0348,ADVERSE_EVENT.person_id -> PERSON.person_id 참조무결성,Conformance,error,ADVERSE_EVENT,person_id,600218,600083,person_id=600083 가 PERSON.person_id 에 없음
ST-0348,ADVERSE_EVENT.person_id -> PERSON.person_id 참조무결성,Conformance,error,ADVERSE_EVENT,person_id,600245,600097,person_id=600097 가 PERSON.person_id 에 없음
ST-0349,ADVERSE_EVENT.visit_occurrence_id 필수,Completeness,error,ADVERSE_EVENT,visit_occurrence_id,600158,600060,visit_occurrence_id NULL
ST-0350,ADVERSE_EVENT.visit_occurrence_id 타입(integer),Conformance,error,ADVERSE_EVENT,visit_occurrence_id,600253,600099,visit_occurrence_id='NOT_A_NUMBER' 은 integer 아님
ST-0351,ADVERSE_EVENT.visit_occurrence_id -> VISIT_OCCURRENCE.visit_occurrence_id 참조무결성,Conformance,error,ADVERSE_EVENT,visit_occurrence_id,600216,600082,visit_occurrence_id=999999999 가 VISIT_OCCURRENCE.visit_occurrence_id 에 없음
ST-0352,ADVERSE_EVENT.adverse_event_concept_id 필수,Completeness,error,ADVERSE_EVENT,adverse_event_concept_id,600027,600012,adverse_event_concept_id NULL
ST-0353,ADVERSE_EVENT.adverse_event_concept_id 타입(integer),Conformance,error,ADVERSE_EVENT,adverse_event_concept_id,600005,600001,adverse_event_concept_id='NOT_A_NUMBER' 은 integer 아님
ST-0354,ADVERSE_EVENT.adverse_event_start_date 필수,Completeness,error,ADVERSE_EVENT,adverse_event_start_date,600227,600088,adverse_event_start_date NULL
ST-0355,ADVERSE_EVENT.adverse_event_start_date 타입(date),Conformance,error,ADVERSE_EVENT,adverse_event_start_date,600015,600004,adverse_event_start_date='2026-13-45' 은 date 아님
ST-0356,ADVERSE_EVENT.adverse_event_start_date 미래 날짜 금지,Plausibility,error,ADVERSE_EVENT,adverse_event_start_date,600025,600009,adverse_event_start_date=2099-01-01 미래 날짜
ST-0357,ADVERSE_EVENT.severity_concept_id 타입(integer),Conformance,error,ADVERSE_EVENT,severity_concept_id,600228,600089,severity_concept_id='NOT_A_NUMBER' 은 integer 아님
ST-0358,ADVERSE_EVENT.severity_concept_id 코드표,Conformance,warning,ADVERSE_EVENT,severity_concept_id,600143,600056,severity_concept_id=9999999 코드표(OMOP.severity_concept_id) 밖
ST-0358,ADVERSE_EVENT.severity_concept_id 코드표,Conformance,warning,ADVERSE_EVENT,severity_concept_id,600228,600089,severity_concept_id=NOT_A_NUMBER 코드표(OMOP.severity_concept_id) 밖
ST-0359,ADVERSE_EVENT.causality_concept_id 타입(integer),Conformance,error,ADVERSE_EVENT,causality_concept_id,600013,600004,causality_concept_id='NOT_A_NUMBER' 은 integer 아님
ST-0360,ADVERSE_EVENT.causality_concept_id 코드표,Conformance,warning,ADVERSE_EVENT,causality_concept_id,600013,600004,causality_concept_id=NOT_A_NUMBER 코드표(OMOP.causality_concept_id) 밖
ST-0360,ADVERSE_EVENT.causality_concept_id 코드표,Conformance,warning,ADVERSE_EVENT,causality_concept_id,600055,600026,causality_concept_id=9999999 코드표(OMOP.causality_concept_id) 밖
ST-0361,ADVERSE_EVENT.is_serious_yn 타입(integer),Conformance,error,ADVERSE_EVENT,is_serious_yn,600194,600075,is_serious_yn='NOT_A_NUMBER' 은 integer 아님
ST-0362,ADVERSE_EVENT.seriousness_concept_id 타입(integer),Conformance,error,ADVERSE_EVENT,seriousness_concept_id,600016,600004,seriousness_concept_id='NOT_A_NUMBER' 은 integer 아님
ST-0363,ADVERSE_EVENT.seriousness_concept_id 코드표,Conformance,warning,ADVERSE_EVENT,seriousness_concept_id,600016,600004,seriousness_concept_id=NOT_A_NUMBER 코드표(OMOP.seriousness_concept_id) 밖
ST-0363,ADVERSE_EVENT.seriousness_concept_id 코드표,Conformance,warning,ADVERSE_EVENT,seriousness_concept_id,600178,600067,seriousness_concept_id=9999999 코드표(OMOP.seriousness_concept_id) 밖
ST-0364,ADVERSE_EVENT.outcome_concept_id 타입(integer),Conformance,error,ADVERSE_EVENT,outcome_concept_id,600193,600074,outcome_concept_id='NOT_A_NUMBER' 은 integer 아님
ST-0365,ADVERSE_EVENT.outcome_concept_id 코드표,Conformance,warning,ADVERSE_EVENT,outcome_concept_id,600036,600016,outcome_concept_id=9999999 코드표(OMOP.outcome_concept_id) 밖
ST-0365,ADVERSE_EVENT.outcome_concept_id 코드표,Conformance,warning,ADVERSE_EVENT,outcome_concept_id,600193,600074,outcome_concept_id=NOT_A_NUMBER 코드표(OMOP.outcome_concept_id) 밖
ST-0366,ADVERSE_EVENT.action_taken_concept_id 타입(integer),Conformance,error,ADVERSE_EVENT,action_taken_concept_id,600058,600027,action_taken_concept_id='NOT_A_NUMBER' 은 integer 아님
ST-0367,ADVERSE_EVENT.action_taken_concept_id 코드표,Conformance,warning,ADVERSE_EVENT,action_taken_concept_id,600058,600027,action_taken_concept_id=NOT_A_NUMBER 코드표(OMOP.action_taken_concept_id) 밖
ST-0367,ADVERSE_EVENT.action_taken_concept_id 코드표,Conformance,warning,ADVERSE_EVENT,action_taken_concept_id,600076,600033,action_taken_concept_id=9999999 코드표(OMOP.action_taken_concept_id) 밖
SEM3-COM-001,방문 종료일 >= 시작일,Plausibility,error,VISIT_OCCURRENCE,,600557,600028,visit_end_date 2021-07-07 < visit_start_date 2099-01-01
SEM3-COM-001,방문 종료일 >= 시작일,Plausibility,error,VISIT_OCCURRENCE,,600622,600031,visit_end_date 2022-11-20 < visit_start_date 2022-11-21
SEM3-COM-001,방문 종료일 >= 시작일,Plausibility,error,VISIT_OCCURRENCE,,601478,600067,visit_end_date 2020-08-27 < visit_start_date 2020-08-28
SEM3-COM-002,방문일 >= 출생연도,Plausibility,error,"PERSON,VISIT_OCCURRENCE",,601175,600053,visit_start_date 1890-01-01 < year_of_birth 1999
SEM3-COM-002,방문일 >= 출생연도,Plausibility,error,"PERSON,VISIT_OCCURRENCE",,601705,600078,visit_start_date 2024-04-13 < year_of_birth 21260
SEM3-COM-002,방문일 >= 출생연도,Plausibility,error,"PERSON,VISIT_OCCURRENCE",,601706,600078,visit_start_date 2024-05-07 < year_of_birth 21260
SEM3-COM-002,방문일 >= 출생연도,Plausibility,error,"PERSON,VISIT_OCCURRENCE",,601707,600078,visit_start_date 2024-05-28 < year_of_birth 21260
SEM3-COM-002,방문일 >= 출생연도,Plausibility,error,"PERSON,VISIT_OCCURRENCE",,601708,600078,visit_start_date 2024-06-18 < year_of_birth 21260
SEM3-COM-002,방문일 >= 출생연도,Plausibility,error,"PERSON,VISIT_OCCURRENCE",,601709,600078,visit_start_date 2024-07-09 < year_of_birth 21260
SEM3-COM-002,방문일 >= 출생연도,Plausibility,error,"PERSON,VISIT_OCCURRENCE",,601710,600078,visit_start_date 2024-07-30 < year_of_birth 21260
SEM3-COM-002,방문일 >= 출생연도,Plausibility,error,"PERSON,VISIT_OCCURRENCE",,601711,600078,visit_start_date 2024-08-20 < year_of_birth 21260
SEM3-COM-002,방문일 >= 출생연도,Plausibility,error,"PERSON,VISIT_OCCURRENCE",,601712,600078,visit_start_date 2024-06-28 < year_of_birth 21260
SEM3-COM-002,방문일 >= 출생연도,Plausibility,error,"PERSON,VISIT_OCCURRENCE",,601713,600078,visit_start_date 2024-08-30 < year_of_birth 21260
SEM3-COM-002,방문일 >= 출생연도,Plausibility,error,"PERSON,VISIT_OCCURRENCE",,601714,600078,visit_start_date 2024-06-17 < year_of_birth 21260
SEM3-COM-002,방문일 >= 출생연도,Plausibility,error,"PERSON,VISIT_OCCURRENCE",,601715,600078,visit_start_date 2024-09-23 < year_of_birth 21260
SEM3-COM-002,방문일 >= 출생연도,Plausibility,error,"PERSON,VISIT_OCCURRENCE",,601716,600078,visit_start_date 2025-01-15 < year_of_birth 21260
SEM3-COM-002,방문일 >= 출생연도,Plausibility,error,"PERSON,VISIT_OCCURRENCE",,601717,600078,visit_start_date 2025-07-17 < year_of_birth 21260
SEM3-COM-002,방문일 >= 출생연도,Plausibility,error,"PERSON,VISIT_OCCURRENCE",,601718,600078,visit_start_date 2025-12-01 < year_of_birth 21260
SEM3-COM-002,방문일 >= 출생연도,Plausibility,error,"PERSON,VISIT_OCCURRENCE",,601719,600078,visit_start_date 2026-05-06 < year_of_birth 21260
SEM3-COM-003,사망 이후 임상 이벤트 금지,Plausibility,error,"CONDITION_OCCURRENCE,DRUG_EXPOSURE,MEASUREMENT,NOTE,OBSERVATION,PERSON,PROCEDURE_OCCURRENCE,VISIT_OCCURRENCE",,VISIT_OCCURRENCE:600792,600038,이벤트일 2022-01-21 > death_date 2022-01-10
SEM3-COM-003,사망 이후 임상 이벤트 금지,Plausibility,error,"CONDITION_OCCURRENCE,DRUG_EXPOSURE,MEASUREMENT,NOTE,OBSERVATION,PERSON,PROCEDURE_OCCURRENCE,VISIT_OCCURRENCE",,VISIT_OCCURRENCE:600793,600038,이벤트일 2022-02-11 > death_date 2022-01-10
SEM3-COM-003,사망 이후 임상 이벤트 금지,Plausibility,error,"CONDITION_OCCURRENCE,DRUG_EXPOSURE,MEASUREMENT,NOTE,OBSERVATION,PERSON,PROCEDURE_OCCURRENCE,VISIT_OCCURRENCE",,VISIT_OCCURRENCE:600794,600038,이벤트일 2022-03-04 > death_date 2022-01-10
SEM3-COM-003,사망 이후 임상 이벤트 금지,Plausibility,error,"CONDITION_OCCURRENCE,DRUG_EXPOSURE,MEASUREMENT,NOTE,OBSERVATION,PERSON,PROCEDURE_OCCURRENCE,VISIT_OCCURRENCE",,VISIT_OCCURRENCE:600795,600038,이벤트일 2022-03-25 > death_date 2022-01-10
SEM3-COM-003,사망 이후 임상 이벤트 금지,Plausibility,error,"CONDITION_OCCURRENCE,DRUG_EXPOSURE,MEASUREMENT,NOTE,OBSERVATION,PERSON,PROCEDURE_OCCURRENCE,VISIT_OCCURRENCE",,VISIT_OCCURRENCE:600796,600038,이벤트일 2022-01-11 > death_date 2022-01-10
SEM3-COM-003,사망 이후 임상 이벤트 금지,Plausibility,error,"CONDITION_OCCURRENCE,DRUG_EXPOSURE,MEASUREMENT,NOTE,OBSERVATION,PERSON,PROCEDURE_OCCURRENCE,VISIT_OCCURRENCE",,VISIT_OCCURRENCE:600797,600038,이벤트일 2022-01-24 > death_date 2022-01-10
SEM3-COM-003,사망 이후 임상 이벤트 금지,Plausibility,error,"CONDITION_OCCURRENCE,DRUG_EXPOSURE,MEASUREMENT,NOTE,OBSERVATION,PERSON,PROCEDURE_OCCURRENCE,VISIT_OCCURRENCE",,VISIT_OCCURRENCE:600798,600038,이벤트일 2022-02-22 > death_date 2022-01-10
SEM3-COM-003,사망 이후 임상 이벤트 금지,Plausibility,error,"CONDITION_OCCURRENCE,DRUG_EXPOSURE,MEASUREMENT,NOTE,OBSERVATION,PERSON,PROCEDURE_OCCURRENCE,VISIT_OCCURRENCE",,VISIT_OCCURRENCE:600799,600038,이벤트일 2022-01-20 > death_date 2022-01-10
SEM3-COM-003,사망 이후 임상 이벤트 금지,Plausibility,error,"CONDITION_OCCURRENCE,DRUG_EXPOSURE,MEASUREMENT,NOTE,OBSERVATION,PERSON,PROCEDURE_OCCURRENCE,VISIT_OCCURRENCE",,VISIT_OCCURRENCE:600800,600038,이벤트일 2022-04-20 > death_date 2022-01-10
SEM3-COM-003,사망 이후 임상 이벤트 금지,Plausibility,error,"CONDITION_OCCURRENCE,DRUG_EXPOSURE,MEASUREMENT,NOTE,OBSERVATION,PERSON,PROCEDURE_OCCURRENCE,VISIT_OCCURRENCE",,VISIT_OCCURRENCE:600801,600038,이벤트일 2022-07-28 > death_date 2022-01-10
SEM3-COM-003,사망 이후 임상 이벤트 금지,Plausibility,error,"CONDITION_OCCURRENCE,DRUG_EXPOSURE,MEASUREMENT,NOTE,OBSERVATION,PERSON,PROCEDURE_OCCURRENCE,VISIT_OCCURRENCE",,VISIT_OCCURRENCE:600802,600038,이벤트일 2023-01-06 > death_date 2022-01-10
SEM3-COM-003,사망 이후 임상 이벤트 금지,Plausibility,error,"CONDITION_OCCURRENCE,DRUG_EXPOSURE,MEASUREMENT,NOTE,OBSERVATION,PERSON,PROCEDURE_OCCURRENCE,VISIT_OCCURRENCE",,VISIT_OCCURRENCE:600803,600038,이벤트일 2023-04-09 > death_date 2022-01-10
SEM3-COM-003,사망 이후 임상 이벤트 금지,Plausibility,error,"CONDITION_OCCURRENCE,DRUG_EXPOSURE,MEASUREMENT,NOTE,OBSERVATION,PERSON,PROCEDURE_OCCURRENCE,VISIT_OCCURRENCE",,VISIT_OCCURRENCE:600804,600038,이벤트일 2023-09-27 > death_date 2022-01-10
SEM3-COM-003,사망 이후 임상 이벤트 금지,Plausibility,error,"CONDITION_OCCURRENCE,DRUG_EXPOSURE,MEASUREMENT,NOTE,OBSERVATION,PERSON,PROCEDURE_OCCURRENCE,VISIT_OCCURRENCE",,VISIT_OCCURRENCE:600805,600038,이벤트일 2024-03-22 > death_date 2022-01-10
SEM3-COM-003,사망 이후 임상 이벤트 금지,Plausibility,error,"CONDITION_OCCURRENCE,DRUG_EXPOSURE,MEASUREMENT,NOTE,OBSERVATION,PERSON,PROCEDURE_OCCURRENCE,VISIT_OCCURRENCE",,VISIT_OCCURRENCE:600806,600038,이벤트일 2024-06-18 > death_date 2022-01-10
SEM3-COM-003,사망 이후 임상 이벤트 금지,Plausibility,error,"CONDITION_OCCURRENCE,DRUG_EXPOSURE,MEASUREMENT,NOTE,OBSERVATION,PERSON,PROCEDURE_OCCURRENCE,VISIT_OCCURRENCE",,VISIT_OCCURRENCE:600807,600038,이벤트일 2024-09-13 > death_date 2022-01-10
SEM3-COM-003,사망 이후 임상 이벤트 금지,Plausibility,error,"CONDITION_OCCURRENCE,DRUG_EXPOSURE,MEASUREMENT,NOTE,OBSERVATION,PERSON,PROCEDURE_OCCURRENCE,VISIT_OCCURRENCE",,VISIT_OCCURRENCE:600808,600038,이벤트일 2025-02-03 > death_date 2022-01-10
SEM3-COM-003,사망 이후 임상 이벤트 금지,Plausibility,error,"CONDITION_OCCURRENCE,DRUG_EXPOSURE,MEASUREMENT,NOTE,OBSERVATION,PERSON,PROCEDURE_OCCURRENCE,VISIT_OCCURRENCE",,VISIT_OCCURRENCE:600809,600038,이벤트일 2025-05-29 > death_date 2022-01-10
SEM3-COM-003,사망 이후 임상 이벤트 금지,Plausibility,error,"CONDITION_OCCURRENCE,DRUG_EXPOSURE,MEASUREMENT,NOTE,OBSERVATION,PERSON,PROCEDURE_OCCURRENCE,VISIT_OCCURRENCE",,VISIT_OCCURRENCE:600810,600038,이벤트일 2025-11-22 > death_date 2022-01-10
SEM3-COM-003,사망 이후 임상 이벤트 금지,Plausibility,error,"CONDITION_OCCURRENCE,DRUG_EXPOSURE,MEASUREMENT,NOTE,OBSERVATION,PERSON,PROCEDURE_OCCURRENCE,VISIT_OCCURRENCE",,VISIT_OCCURRENCE:600811,600038,이벤트일 2026-03-07 > death_date 2022-01-10
SEM3-COM-003,사망 이후 임상 이벤트 금지,Plausibility,error,"CONDITION_OCCURRENCE,DRUG_EXPOSURE,MEASUREMENT,NOTE,OBSERVATION,PERSON,PROCEDURE_OCCURRENCE,VISIT_OCCURRENCE",,VISIT_OCCURRENCE:600812,600038,이벤트일 2026-07-04 > death_date 2022-01-10
SEM3-COM-003,사망 이후 임상 이벤트 금지,Plausibility,error,"CONDITION_OCCURRENCE,DRUG_EXPOSURE,MEASUREMENT,NOTE,OBSERVATION,PERSON,PROCEDURE_OCCURRENCE,VISIT_OCCURRENCE",,VISIT_OCCURRENCE:601389,600063,이벤트일 2022-07-09 > death_date 2022-07-04
SEM3-COM-003,사망 이후 임상 이벤트 금지,Plausibility,error,"CONDITION_OCCURRENCE,DRUG_EXPOSURE,MEASUREMENT,NOTE,OBSERVATION,PERSON,PROCEDURE_OCCURRENCE,VISIT_OCCURRENCE",,VISIT_OCCURRENCE:601390,600063,이벤트일 2022-07-29 > death_date 2022-07-04
SEM3-COM-003,사망 이후 임상 이벤트 금지,Plausibility,error,"CONDITION_OCCURRENCE,DRUG_EXPOSURE,MEASUREMENT,NOTE,OBSERVATION,PERSON,PROCEDURE_OCCURRENCE,VISIT_OCCURRENCE",,VISIT_OCCURRENCE:601391,600063,이벤트일 2022-08-19 > death_date 2022-07-04
SEM3-COM-003,사망 이후 임상 이벤트 금지,Plausibility,error,"CONDITION_OCCURRENCE,DRUG_EXPOSURE,MEASUREMENT,NOTE,OBSERVATION,PERSON,PROCEDURE_OCCURRENCE,VISIT_OCCURRENCE",,VISIT_OCCURRENCE:601392,600063,이벤트일 2022-09-09 > death_date 2022-07-04
SEM3-COM-003,사망 이후 임상 이벤트 금지,Plausibility,error,"CONDITION_OCCURRENCE,DRUG_EXPOSURE,MEASUREMENT,NOTE,OBSERVATION,PERSON,PROCEDURE_OCCURRENCE,VISIT_OCCURRENCE",,VISIT_OCCURRENCE:601393,600063,이벤트일 2022-09-30 > death_date 2022-07-04
SEM3-COM-003,사망 이후 임상 이벤트 금지,Plausibility,error,"CONDITION_OCCURRENCE,DRUG_EXPOSURE,MEASUREMENT,NOTE,OBSERVATION,PERSON,PROCEDURE_OCCURRENCE,VISIT_OCCURRENCE",,VISIT_OCCURRENCE:601394,600063,이벤트일 2022-10-21 > death_date 2022-07-04
SEM3-COM-003,사망 이후 임상 이벤트 금지,Plausibility,error,"CONDITION_OCCURRENCE,DRUG_EXPOSURE,MEASUREMENT,NOTE,OBSERVATION,PERSON,PROCEDURE_OCCURRENCE,VISIT_OCCURRENCE",,VISIT_OCCURRENCE:601395,600063,이벤트일 2022-11-11 > death_date 2022-07-04
SEM3-COM-003,사망 이후 임상 이벤트 금지,Plausibility,error,"CONDITION_OCCURRENCE,DRUG_EXPOSURE,MEASUREMENT,NOTE,OBSERVATION,PERSON,PROCEDURE_OCCURRENCE,VISIT_OCCURRENCE",,VISIT_OCCURRENCE:601396,600063,이벤트일 2022-09-12 > death_date 2022-07-04
SEM3-COM-003,사망 이후 임상 이벤트 금지,Plausibility,error,"CONDITION_OCCURRENCE,DRUG_EXPOSURE,MEASUREMENT,NOTE,OBSERVATION,PERSON,PROCEDURE_OCCURRENCE,VISIT_OCCURRENCE",,VISIT_OCCURRENCE:601397,600063,이벤트일 2022-11-19 > death_date 2022-07-04
SEM3-COM-003,사망 이후 임상 이벤트 금지,Plausibility,error,"CONDITION_OCCURRENCE,DRUG_EXPOSURE,MEASUREMENT,NOTE,OBSERVATION,PERSON,PROCEDURE_OCCURRENCE,VISIT_OCCURRENCE",,VISIT_OCCURRENCE:601398,600063,이벤트일 2022-09-08 > death_date 2022-07-04
SEM3-COM-003,사망 이후 임상 이벤트 금지,Plausibility,error,"CONDITION_OCCURRENCE,DRUG_EXPOSURE,MEASUREMENT,NOTE,OBSERVATION,PERSON,PROCEDURE_OCCURRENCE,VISIT_OCCURRENCE",,VISIT_OCCURRENCE:601399,600063,이벤트일 2022-12-15 > death_date 2022-07-04
SEM3-COM-003,사망 이후 임상 이벤트 금지,Plausibility,error,"CONDITION_OCCURRENCE,DRUG_EXPOSURE,MEASUREMENT,NOTE,OBSERVATION,PERSON,PROCEDURE_OCCURRENCE,VISIT_OCCURRENCE",,VISIT_OCCURRENCE:601400,600063,이벤트일 2023-03-21 > death_date 2022-07-04
SEM3-COM-003,사망 이후 임상 이벤트 금지,Plausibility,error,"CONDITION_OCCURRENCE,DRUG_EXPOSURE,MEASUREMENT,NOTE,OBSERVATION,PERSON,PROCEDURE_OCCURRENCE,VISIT_OCCURRENCE",,VISIT_OCCURRENCE:601401,600063,이벤트일 2023-06-24 > death_date 2022-07-04
SEM3-COM-003,사망 이후 임상 이벤트 금지,Plausibility,error,"CONDITION_OCCURRENCE,DRUG_EXPOSURE,MEASUREMENT,NOTE,OBSERVATION,PERSON,PROCEDURE_OCCURRENCE,VISIT_OCCURRENCE",,VISIT_OCCURRENCE:601402,600063,이벤트일 2023-11-06 > death_date 2022-07-04
SEM3-COM-003,사망 이후 임상 이벤트 금지,Plausibility,error,"CONDITION_OCCURRENCE,DRUG_EXPOSURE,MEASUREMENT,NOTE,OBSERVATION,PERSON,PROCEDURE_OCCURRENCE,VISIT_OCCURRENCE",,VISIT_OCCURRENCE:601403,600063,이벤트일 2024-02-17 > death_date 2022-07-04
SEM3-COM-003,사망 이후 임상 이벤트 금지,Plausibility,error,"CONDITION_OCCURRENCE,DRUG_EXPOSURE,MEASUREMENT,NOTE,OBSERVATION,PERSON,PROCEDURE_OCCURRENCE,VISIT_OCCURRENCE",,VISIT_OCCURRENCE:601404,600063,이벤트일 2024-08-09 > death_date 2022-07-04
SEM3-COM-003,사망 이후 임상 이벤트 금지,Plausibility,error,"CONDITION_OCCURRENCE,DRUG_EXPOSURE,MEASUREMENT,NOTE,OBSERVATION,PERSON,PROCEDURE_OCCURRENCE,VISIT_OCCURRENCE",,VISIT_OCCURRENCE:601405,600063,이벤트일 2025-01-13 > death_date 2022-07-04
SEM3-COM-003,사망 이후 임상 이벤트 금지,Plausibility,error,"CONDITION_OCCURRENCE,DRUG_EXPOSURE,MEASUREMENT,NOTE,OBSERVATION,PERSON,PROCEDURE_OCCURRENCE,VISIT_OCCURRENCE",,VISIT_OCCURRENCE:601406,600063,이벤트일 2025-05-06 > death_date 2022-07-04
SEM3-COM-003,사망 이후 임상 이벤트 금지,Plausibility,error,"CONDITION_OCCURRENCE,DRUG_EXPOSURE,MEASUREMENT,NOTE,OBSERVATION,PERSON,PROCEDURE_OCCURRENCE,VISIT_OCCURRENCE",,VISIT_OCCURRENCE:601407,600063,이벤트일 2025-08-06 > death_date 2022-07-04
SEM3-COM-003,사망 이후 임상 이벤트 금지,Plausibility,error,"CONDITION_OCCURRENCE,DRUG_EXPOSURE,MEASUREMENT,NOTE,OBSERVATION,PERSON,PROCEDURE_OCCURRENCE,VISIT_OCCURRENCE",,VISIT_OCCURRENCE:601408,600063,이벤트일 2025-11-23 > death_date 2022-07-04
SEM3-COM-003,사망 이후 임상 이벤트 금지,Plausibility,error,"CONDITION_OCCURRENCE,DRUG_EXPOSURE,MEASUREMENT,NOTE,OBSERVATION,PERSON,PROCEDURE_OCCURRENCE,VISIT_OCCURRENCE",,VISIT_OCCURRENCE:601409,600063,이벤트일 2026-03-26 > death_date 2022-07-04
SEM3-COM-003,사망 이후 임상 이벤트 금지,Plausibility,error,"CONDITION_OCCURRENCE,DRUG_EXPOSURE,MEASUREMENT,NOTE,OBSERVATION,PERSON,PROCEDURE_OCCURRENCE,VISIT_OCCURRENCE",,VISIT_OCCURRENCE:601410,600063,이벤트일 2026-07-31 > death_date 2022-07-04
SEM3-COM-003,사망 이후 임상 이벤트 금지,Plausibility,error,"CONDITION_OCCURRENCE,DRUG_EXPOSURE,MEASUREMENT,NOTE,OBSERVATION,PERSON,PROCEDURE_OCCURRENCE,VISIT_OCCURRENCE",,PROCEDURE_OCCURRENCE:600553,600038,이벤트일 2022-01-20 > death_date 2022-01-10
SEM3-COM-003,사망 이후 임상 이벤트 금지,Plausibility,error,"CONDITION_OCCURRENCE,DRUG_EXPOSURE,MEASUREMENT,NOTE,OBSERVATION,PERSON,PROCEDURE_OCCURRENCE,VISIT_OCCURRENCE",,PROCEDURE_OCCURRENCE:600554,600038,이벤트일 2022-04-20 > death_date 2022-01-10
SEM3-COM-003,사망 이후 임상 이벤트 금지,Plausibility,error,"CONDITION_OCCURRENCE,DRUG_EXPOSURE,MEASUREMENT,NOTE,OBSERVATION,PERSON,PROCEDURE_OCCURRENCE,VISIT_OCCURRENCE",,PROCEDURE_OCCURRENCE:600555,600038,이벤트일 2022-07-28 > death_date 2022-01-10
SEM3-COM-003,사망 이후 임상 이벤트 금지,Plausibility,error,"CONDITION_OCCURRENCE,DRUG_EXPOSURE,MEASUREMENT,NOTE,OBSERVATION,PERSON,PROCEDURE_OCCURRENCE,VISIT_OCCURRENCE",,PROCEDURE_OCCURRENCE:600556,600038,이벤트일 2023-01-06 > death_date 2022-01-10
SEM3-COM-003,사망 이후 임상 이벤트 금지,Plausibility,error,"CONDITION_OCCURRENCE,DRUG_EXPOSURE,MEASUREMENT,NOTE,OBSERVATION,PERSON,PROCEDURE_OCCURRENCE,VISIT_OCCURRENCE",,PROCEDURE_OCCURRENCE:600557,600038,이벤트일 2023-04-09 > death_date 2022-01-10
SEM3-COM-003,사망 이후 임상 이벤트 금지,Plausibility,error,"CONDITION_OCCURRENCE,DRUG_EXPOSURE,MEASUREMENT,NOTE,OBSERVATION,PERSON,PROCEDURE_OCCURRENCE,VISIT_OCCURRENCE",,PROCEDURE_OCCURRENCE:600558,600038,이벤트일 2023-09-27 > death_date 2022-01-10
SEM3-COM-003,사망 이후 임상 이벤트 금지,Plausibility,error,"CONDITION_OCCURRENCE,DRUG_EXPOSURE,MEASUREMENT,NOTE,OBSERVATION,PERSON,PROCEDURE_OCCURRENCE,VISIT_OCCURRENCE",,PROCEDURE_OCCURRENCE:600559,600038,이벤트일 2024-03-22 > death_date 2022-01-10
SEM3-COM-003,사망 이후 임상 이벤트 금지,Plausibility,error,"CONDITION_OCCURRENCE,DRUG_EXPOSURE,MEASUREMENT,NOTE,OBSERVATION,PERSON,PROCEDURE_OCCURRENCE,VISIT_OCCURRENCE",,PROCEDURE_OCCURRENCE:600560,600038,이벤트일 2024-06-18 > death_date 2022-01-10
SEM3-COM-003,사망 이후 임상 이벤트 금지,Plausibility,error,"CONDITION_OCCURRENCE,DRUG_EXPOSURE,MEASUREMENT,NOTE,OBSERVATION,PERSON,PROCEDURE_OCCURRENCE,VISIT_OCCURRENCE",,PROCEDURE_OCCURRENCE:600561,600038,이벤트일 2024-09-13 > death_date 2022-01-10
SEM3-COM-003,사망 이후 임상 이벤트 금지,Plausibility,error,"CONDITION_OCCURRENCE,DRUG_EXPOSURE,MEASUREMENT,NOTE,OBSERVATION,PERSON,PROCEDURE_OCCURRENCE,VISIT_OCCURRENCE",,PROCEDURE_OCCURRENCE:600562,600038,이벤트일 2025-02-03 > death_date 2022-01-10
SEM3-COM-003,사망 이후 임상 이벤트 금지,Plausibility,error,"CONDITION_OCCURRENCE,DRUG_EXPOSURE,MEASUREMENT,NOTE,OBSERVATION,PERSON,PROCEDURE_OCCURRENCE,VISIT_OCCURRENCE",,PROCEDURE_OCCURRENCE:600563,600038,이벤트일 2025-05-29 > death_date 2022-01-10
SEM3-COM-003,사망 이후 임상 이벤트 금지,Plausibility,error,"CONDITION_OCCURRENCE,DRUG_EXPOSURE,MEASUREMENT,NOTE,OBSERVATION,PERSON,PROCEDURE_OCCURRENCE,VISIT_OCCURRENCE",,PROCEDURE_OCCURRENCE:600564,600038,이벤트일 2025-11-22 > death_date 2022-01-10
SEM3-COM-003,사망 이후 임상 이벤트 금지,Plausibility,error,"CONDITION_OCCURRENCE,DRUG_EXPOSURE,MEASUREMENT,NOTE,OBSERVATION,PERSON,PROCEDURE_OCCURRENCE,VISIT_OCCURRENCE",,PROCEDURE_OCCURRENCE:600565,600038,이벤트일 2026-03-07 > death_date 2022-01-10
SEM3-COM-003,사망 이후 임상 이벤트 금지,Plausibility,error,"CONDITION_OCCURRENCE,DRUG_EXPOSURE,MEASUREMENT,NOTE,OBSERVATION,PERSON,PROCEDURE_OCCURRENCE,VISIT_OCCURRENCE",,PROCEDURE_OCCURRENCE:600566,600038,이벤트일 2026-07-04 > death_date 2022-01-10
SEM3-COM-003,사망 이후 임상 이벤트 금지,Plausibility,error,"CONDITION_OCCURRENCE,DRUG_EXPOSURE,MEASUREMENT,NOTE,OBSERVATION,PERSON,PROCEDURE_OCCURRENCE,VISIT_OCCURRENCE",,PROCEDURE_OCCURRENCE:600925,600063,이벤트일 2022-07-09 > death_date 2022-07-04
SEM3-COM-003,사망 이후 임상 이벤트 금지,Plausibility,error,"CONDITION_OCCURRENCE,DRUG_EXPOSURE,MEASUREMENT,NOTE,OBSERVATION,PERSON,PROCEDURE_OCCURRENCE,VISIT_OCCURRENCE",,PROCEDURE_OCCURRENCE:600926,600063,이벤트일 2022-07-10 > death_date 2022-07-04
SEM3-COM-003,사망 이후 임상 이벤트 금지,Plausibility,error,"CONDITION_OCCURRENCE,DRUG_EXPOSURE,MEASUREMENT,NOTE,OBSERVATION,PERSON,PROCEDURE_OCCURRENCE,VISIT_OCCURRENCE",,PROCEDURE_OCCURRENCE:600927,600063,이벤트일 2022-07-11 > death_date 2022-07-04
SEM3-COM-003,사망 이후 임상 이벤트 금지,Plausibility,error,"CONDITION_OCCURRENCE,DRUG_EXPOSURE,MEASUREMENT,NOTE,OBSERVATION,PERSON,PROCEDURE_OCCURRENCE,VISIT_OCCURRENCE",,PROCEDURE_OCCURRENCE:600928,600063,이벤트일 2022-09-08 > death_date 2022-07-04
SEM3-COM-003,사망 이후 임상 이벤트 금지,Plausibility,error,"CONDITION_OCCURRENCE,DRUG_EXPOSURE,MEASUREMENT,NOTE,OBSERVATION,PERSON,PROCEDURE_OCCURRENCE,VISIT_OCCURRENCE",,PROCEDURE_OCCURRENCE:600929,600063,이벤트일 2022-12-15 > death_date 2022-07-04
SEM3-COM-003,사망 이후 임상 이벤트 금지,Plausibility,error,"CONDITION_OCCURRENCE,DRUG_EXPOSURE,MEASUREMENT,NOTE,OBSERVATION,PERSON,PROCEDURE_OCCURRENCE,VISIT_OCCURRENCE",,PROCEDURE_OCCURRENCE:600930,600063,이벤트일 2023-03-21 > death_date 2022-07-04
SEM3-COM-003,사망 이후 임상 이벤트 금지,Plausibility,error,"CONDITION_OCCURRENCE,DRUG_EXPOSURE,MEASUREMENT,NOTE,OBSERVATION,PERSON,PROCEDURE_OCCURRENCE,VISIT_OCCURRENCE",,PROCEDURE_OCCURRENCE:600931,600063,이벤트일 2023-06-24 > death_date 2022-07-04
SEM3-COM-003,사망 이후 임상 이벤트 금지,Plausibility,error,"CONDITION_OCCURRENCE,DRUG_EXPOSURE,MEASUREMENT,NOTE,OBSERVATION,PERSON,PROCEDURE_OCCURRENCE,VISIT_OCCURRENCE",,PROCEDURE_OCCURRENCE:600932,600063,이벤트일 2023-11-06 > death_date 2022-07-04
SEM3-COM-003,사망 이후 임상 이벤트 금지,Plausibility,error,"CONDITION_OCCURRENCE,DRUG_EXPOSURE,MEASUREMENT,NOTE,OBSERVATION,PERSON,PROCEDURE_OCCURRENCE,VISIT_OCCURRENCE",,PROCEDURE_OCCURRENCE:600933,600063,이벤트일 2024-02-17 > death_date 2022-07-04
SEM3-COM-003,사망 이후 임상 이벤트 금지,Plausibility,error,"CONDITION_OCCURRENCE,DRUG_EXPOSURE,MEASUREMENT,NOTE,OBSERVATION,PERSON,PROCEDURE_OCCURRENCE,VISIT_OCCURRENCE",,PROCEDURE_OCCURRENCE:600934,600063,이벤트일 2024-08-09 > death_date 2022-07-04
SEM3-COM-003,사망 이후 임상 이벤트 금지,Plausibility,error,"CONDITION_OCCURRENCE,DRUG_EXPOSURE,MEASUREMENT,NOTE,OBSERVATION,PERSON,PROCEDURE_OCCURRENCE,VISIT_OCCURRENCE",,PROCEDURE_OCCURRENCE:600935,600063,이벤트일 2025-01-13 > death_date 2022-07-04
SEM3-COM-003,사망 이후 임상 이벤트 금지,Plausibility,error,"CONDITION_OCCURRENCE,DRUG_EXPOSURE,MEASUREMENT,NOTE,OBSERVATION,PERSON,PROCEDURE_OCCURRENCE,VISIT_OCCURRENCE",,PROCEDURE_OCCURRENCE:600936,600063,이벤트일 2025-05-06 > death_date 2022-07-04
SEM3-COM-003,사망 이후 임상 이벤트 금지,Plausibility,error,"CONDITION_OCCURRENCE,DRUG_EXPOSURE,MEASUREMENT,NOTE,OBSERVATION,PERSON,PROCEDURE_OCCURRENCE,VISIT_OCCURRENCE",,PROCEDURE_OCCURRENCE:600937,600063,이벤트일 2025-08-06 > death_date 2022-07-04
SEM3-COM-003,사망 이후 임상 이벤트 금지,Plausibility,error,"CONDITION_OCCURRENCE,DRUG_EXPOSURE,MEASUREMENT,NOTE,OBSERVATION,PERSON,PROCEDURE_OCCURRENCE,VISIT_OCCURRENCE",,PROCEDURE_OCCURRENCE:600938,600063,이벤트일 2025-11-23 > death_date 2022-07-04
SEM3-COM-003,사망 이후 임상 이벤트 금지,Plausibility,error,"CONDITION_OCCURRENCE,DRUG_EXPOSURE,MEASUREMENT,NOTE,OBSERVATION,PERSON,PROCEDURE_OCCURRENCE,VISIT_OCCURRENCE",,PROCEDURE_OCCURRENCE:600939,600063,이벤트일 2026-03-26 > death_date 2022-07-04
SEM3-COM-003,사망 이후 임상 이벤트 금지,Plausibility,error,"CONDITION_OCCURRENCE,DRUG_EXPOSURE,MEASUREMENT,NOTE,OBSERVATION,PERSON,PROCEDURE_OCCURRENCE,VISIT_OCCURRENCE",,PROCEDURE_OCCURRENCE:600940,600063,이벤트일 2026-07-31 > death_date 2022-07-04
SEM3-COM-003,사망 이후 임상 이벤트 금지,Plausibility,error,"CONDITION_OCCURRENCE,DRUG_EXPOSURE,MEASUREMENT,NOTE,OBSERVATION,PERSON,PROCEDURE_OCCURRENCE,VISIT_OCCURRENCE",,DRUG_EXPOSURE:601025,600038,이벤트일 2022-01-21 > death_date 2022-01-10
SEM3-COM-003,사망 이후 임상 이벤트 금지,Plausibility,error,"CONDITION_OCCURRENCE,DRUG_EXPOSURE,MEASUREMENT,NOTE,OBSERVATION,PERSON,PROCEDURE_OCCURRENCE,VISIT_OCCURRENCE",,DRUG_EXPOSURE:601026,600038,이벤트일 2022-01-21 > death_date 2022-01-10
SEM3-COM-003,사망 이후 임상 이벤트 금지,Plausibility,error,"CONDITION_OCCURRENCE,DRUG_EXPOSURE,MEASUREMENT,NOTE,OBSERVATION,PERSON,PROCEDURE_OCCURRENCE,VISIT_OCCURRENCE",,DRUG_EXPOSURE:601027,600038,이벤트일 2022-01-21 > death_date 2022-01-10
SEM3-COM-003,사망 이후 임상 이벤트 금지,Plausibility,error,"CONDITION_OCCURRENCE,DRUG_EXPOSURE,MEASUREMENT,NOTE,OBSERVATION,PERSON,PROCEDURE_OCCURRENCE,VISIT_OCCURRENCE",,DRUG_EXPOSURE:601028,600038,이벤트일 2022-01-21 > death_date 2022-01-10
SEM3-COM-003,사망 이후 임상 이벤트 금지,Plausibility,error,"CONDITION_OCCURRENCE,DRUG_EXPOSURE,MEASUREMENT,NOTE,OBSERVATION,PERSON,PROCEDURE_OCCURRENCE,VISIT_OCCURRENCE",,DRUG_EXPOSURE:601029,600038,이벤트일 2022-01-21 > death_date 2022-01-10
SEM3-COM-003,사망 이후 임상 이벤트 금지,Plausibility,error,"CONDITION_OCCURRENCE,DRUG_EXPOSURE,MEASUREMENT,NOTE,OBSERVATION,PERSON,PROCEDURE_OCCURRENCE,VISIT_OCCURRENCE",,DRUG_EXPOSURE:601030,600038,이벤트일 2022-02-11 > death_date 2022-01-10
SEM3-COM-003,사망 이후 임상 이벤트 금지,Plausibility,error,"CONDITION_OCCURRENCE,DRUG_EXPOSURE,MEASUREMENT,NOTE,OBSERVATION,PERSON,PROCEDURE_OCCURRENCE,VISIT_OCCURRENCE",,DRUG_EXPOSURE:601031,600038,이벤트일 2022-02-11 > death_date 2022-01-10
SEM3-COM-003,사망 이후 임상 이벤트 금지,Plausibility,error,"CONDITION_OCCURRENCE,DRUG_EXPOSURE,MEASUREMENT,NOTE,OBSERVATION,PERSON,PROCEDURE_OCCURRENCE,VISIT_OCCURRENCE",,DRUG_EXPOSURE:601032,600038,이벤트일 2022-02-11 > death_date 2022-01-10
SEM3-COM-003,사망 이후 임상 이벤트 금지,Plausibility,error,"CONDITION_OCCURRENCE,DRUG_EXPOSURE,MEASUREMENT,NOTE,OBSERVATION,PERSON,PROCEDURE_OCCURRENCE,VISIT_OCCURRENCE",,DRUG_EXPOSURE:601033,600038,이벤트일 2022-02-11 > death_date 2022-01-10
SEM3-COM-003,사망 이후 임상 이벤트 금지,Plausibility,error,"CONDITION_OCCURRENCE,DRUG_EXPOSURE,MEASUREMENT,NOTE,OBSERVATION,PERSON,PROCEDURE_OCCURRENCE,VISIT_OCCURRENCE",,DRUG_EXPOSURE:601034,600038,이벤트일 2022-02-11 > death_date 2022-01-10
SEM3-COM-003,사망 이후 임상 이벤트 금지,Plausibility,error,"CONDITION_OCCURRENCE,DRUG_EXPOSURE,MEASUREMENT,NOTE,OBSERVATION,PERSON,PROCEDURE_OCCURRENCE,VISIT_OCCURRENCE",,DRUG_EXPOSURE:601035,600038,이벤트일 2022-03-04 > death_date 2022-01-10
SEM3-COM-003,사망 이후 임상 이벤트 금지,Plausibility,error,"CONDITION_OCCURRENCE,DRUG_EXPOSURE,MEASUREMENT,NOTE,OBSERVATION,PERSON,PROCEDURE_OCCURRENCE,VISIT_OCCURRENCE",,DRUG_EXPOSURE:601036,600038,이벤트일 2022-03-04 > death_date 2022-01-10
SEM3-COM-003,사망 이후 임상 이벤트 금지,Plausibility,error,"CONDITION_OCCURRENCE,DRUG_EXPOSURE,MEASUREMENT,NOTE,OBSERVATION,PERSON,PROCEDURE_OCCURRENCE,VISIT_OCCURRENCE",,DRUG_EXPOSURE:601037,600038,이벤트일 2022-03-04 > death_date 2022-01-10
SEM3-COM-003,사망 이후 임상 이벤트 금지,Plausibility,error,"CONDITION_OCCURRENCE,DRUG_EXPOSURE,MEASUREMENT,NOTE,OBSERVATION,PERSON,PROCEDURE_OCCURRENCE,VISIT_OCCURRENCE",,DRUG_EXPOSURE:601038,600038,이벤트일 2022-03-04 > death_date 2022-01-10
SEM3-COM-003,사망 이후 임상 이벤트 금지,Plausibility,error,"CONDITION_OCCURRENCE,DRUG_EXPOSURE,MEASUREMENT,NOTE,OBSERVATION,PERSON,PROCEDURE_OCCURRENCE,VISIT_OCCURRENCE",,DRUG_EXPOSURE:601039,600038,이벤트일 2022-03-04 > death_date 2022-01-10
SEM3-COM-003,사망 이후 임상 이벤트 금지,Plausibility,error,"CONDITION_OCCURRENCE,DRUG_EXPOSURE,MEASUREMENT,NOTE,OBSERVATION,PERSON,PROCEDURE_OCCURRENCE,VISIT_OCCURRENCE",,DRUG_EXPOSURE:601040,600038,이벤트일 2022-03-25 > death_date 2022-01-10
SEM3-COM-003,사망 이후 임상 이벤트 금지,Plausibility,error,"CONDITION_OCCURRENCE,DRUG_EXPOSURE,MEASUREMENT,NOTE,OBSERVATION,PERSON,PROCEDURE_OCCURRENCE,VISIT_OCCURRENCE",,DRUG_EXPOSURE:601041,600038,이벤트일 2022-03-25 > death_date 2022-01-10
SEM3-COM-003,사망 이후 임상 이벤트 금지,Plausibility,error,"CONDITION_OCCURRENCE,DRUG_EXPOSURE,MEASUREMENT,NOTE,OBSERVATION,PERSON,PROCEDURE_OCCURRENCE,VISIT_OCCURRENCE",,DRUG_EXPOSURE:601042,600038,이벤트일 2022-03-25 > death_date 2022-01-10
SEM3-COM-003,사망 이후 임상 이벤트 금지,Plausibility,error,"CONDITION_OCCURRENCE,DRUG_EXPOSURE,MEASUREMENT,NOTE,OBSERVATION,PERSON,PROCEDURE_OCCURRENCE,VISIT_OCCURRENCE",,DRUG_EXPOSURE:601043,600038,이벤트일 2022-03-25 > death_date 2022-01-10
SEM3-COM-003,사망 이후 임상 이벤트 금지,Plausibility,error,"CONDITION_OCCURRENCE,DRUG_EXPOSURE,MEASUREMENT,NOTE,OBSERVATION,PERSON,PROCEDURE_OCCURRENCE,VISIT_OCCURRENCE",,DRUG_EXPOSURE:601044,600038,이벤트일 2022-03-25 > death_date 2022-01-10
SEM3-COM-003,사망 이후 임상 이벤트 금지,Plausibility,error,"CONDITION_OCCURRENCE,DRUG_EXPOSURE,MEASUREMENT,NOTE,OBSERVATION,PERSON,PROCEDURE_OCCURRENCE,VISIT_OCCURRENCE",,DRUG_EXPOSURE:601775,600063,이벤트일 2022-07-29 > death_date 2022-07-04
SEM3-COM-003,사망 이후 임상 이벤트 금지,Plausibility,error,"CONDITION_OCCURRENCE,DRUG_EXPOSURE,MEASUREMENT,NOTE,OBSERVATION,PERSON,PROCEDURE_OCCURRENCE,VISIT_OCCURRENCE",,DRUG_EXPOSURE:601776,600063,이벤트일 2022-07-29 > death_date 2022-07-04
SEM3-COM-003,사망 이후 임상 이벤트 금지,Plausibility,error,"CONDITION_OCCURRENCE,DRUG_EXPOSURE,MEASUREMENT,NOTE,OBSERVATION,PERSON,PROCEDURE_OCCURRENCE,VISIT_OCCURRENCE",,DRUG_EXPOSURE:601777,600063,이벤트일 2022-07-29 > death_date 2022-07-04
SEM3-COM-003,사망 이후 임상 이벤트 금지,Plausibility,error,"CONDITION_OCCURRENCE,DRUG_EXPOSURE,MEASUREMENT,NOTE,OBSERVATION,PERSON,PROCEDURE_OCCURRENCE,VISIT_OCCURRENCE",,DRUG_EXPOSURE:601778,600063,이벤트일 2022-07-29 > death_date 2022-07-04
SEM3-COM-003,사망 이후 임상 이벤트 금지,Plausibility,error,"CONDITION_OCCURRENCE,DRUG_EXPOSURE,MEASUREMENT,NOTE,OBSERVATION,PERSON,PROCEDURE_OCCURRENCE,VISIT_OCCURRENCE",,DRUG_EXPOSURE:601779,600063,이벤트일 2022-07-29 > death_date 2022-07-04
SEM3-COM-003,사망 이후 임상 이벤트 금지,Plausibility,error,"CONDITION_OCCURRENCE,DRUG_EXPOSURE,MEASUREMENT,NOTE,OBSERVATION,PERSON,PROCEDURE_OCCURRENCE,VISIT_OCCURRENCE",,DRUG_EXPOSURE:601780,600063,이벤트일 2022-08-19 > death_date 2022-07-04
SEM3-COM-003,사망 이후 임상 이벤트 금지,Plausibility,error,"CONDITION_OCCURRENCE,DRUG_EXPOSURE,MEASUREMENT,NOTE,OBSERVATION,PERSON,PROCEDURE_OCCURRENCE,VISIT_OCCURRENCE",,DRUG_EXPOSURE:601781,600063,이벤트일 2022-08-19 > death_date 2022-07-04
SEM3-COM-003,사망 이후 임상 이벤트 금지,Plausibility,error,"CONDITION_OCCURRENCE,DRUG_EXPOSURE,MEASUREMENT,NOTE,OBSERVATION,PERSON,PROCEDURE_OCCURRENCE,VISIT_OCCURRENCE",,DRUG_EXPOSURE:601782,600063,이벤트일 2022-08-19 > death_date 2022-07-04
SEM3-COM-003,사망 이후 임상 이벤트 금지,Plausibility,error,"CONDITION_OCCURRENCE,DRUG_EXPOSURE,MEASUREMENT,NOTE,OBSERVATION,PERSON,PROCEDURE_OCCURRENCE,VISIT_OCCURRENCE",,DRUG_EXPOSURE:601783,600063,이벤트일 2022-08-19 > death_date 2022-07-04
SEM3-COM-003,사망 이후 임상 이벤트 금지,Plausibility,error,"CONDITION_OCCURRENCE,DRUG_EXPOSURE,MEASUREMENT,NOTE,OBSERVATION,PERSON,PROCEDURE_OCCURRENCE,VISIT_OCCURRENCE",,DRUG_EXPOSURE:601784,600063,이벤트일 2022-08-19 > death_date 2022-07-04
SEM3-COM-003,사망 이후 임상 이벤트 금지,Plausibility,error,"CONDITION_OCCURRENCE,DRUG_EXPOSURE,MEASUREMENT,NOTE,OBSERVATION,PERSON,PROCEDURE_OCCURRENCE,VISIT_OCCURRENCE",,DRUG_EXPOSURE:601785,600063,이벤트일 2022-09-09 > death_date 2022-07-04
SEM3-COM-003,사망 이후 임상 이벤트 금지,Plausibility,error,"CONDITION_OCCURRENCE,DRUG_EXPOSURE,MEASUREMENT,NOTE,OBSERVATION,PERSON,PROCEDURE_OCCURRENCE,VISIT_OCCURRENCE",,DRUG_EXPOSURE:601786,600063,이벤트일 2022-09-09 > death_date 2022-07-04
SEM3-COM-003,사망 이후 임상 이벤트 금지,Plausibility,error,"CONDITION_OCCURRENCE,DRUG_EXPOSURE,MEASUREMENT,NOTE,OBSERVATION,PERSON,PROCEDURE_OCCURRENCE,VISIT_OCCURRENCE",,DRUG_EXPOSURE:601787,600063,이벤트일 2022-09-09 > death_date 2022-07-04
SEM3-COM-003,사망 이후 임상 이벤트 금지,Plausibility,error,"CONDITION_OCCURRENCE,DRUG_EXPOSURE,MEASUREMENT,NOTE,OBSERVATION,PERSON,PROCEDURE_OCCURRENCE,VISIT_OCCURRENCE",,DRUG_EXPOSURE:601788,600063,이벤트일 2022-09-09 > death_date 2022-07-04
SEM3-COM-003,사망 이후 임상 이벤트 금지,Plausibility,error,"CONDITION_OCCURRENCE,DRUG_EXPOSURE,MEASUREMENT,NOTE,OBSERVATION,PERSON,PROCEDURE_OCCURRENCE,VISIT_OCCURRENCE",,DRUG_EXPOSURE:601789,600063,이벤트일 2022-09-09 > death_date 2022-07-04
SEM3-COM-003,사망 이후 임상 이벤트 금지,Plausibility,error,"CONDITION_OCCURRENCE,DRUG_EXPOSURE,MEASUREMENT,NOTE,OBSERVATION,PERSON,PROCEDURE_OCCURRENCE,VISIT_OCCURRENCE",,DRUG_EXPOSURE:601790,600063,이벤트일 2022-09-30 > death_date 2022-07-04
SEM3-COM-003,사망 이후 임상 이벤트 금지,Plausibility,error,"CONDITION_OCCURRENCE,DRUG_EXPOSURE,MEASUREMENT,NOTE,OBSERVATION,PERSON,PROCEDURE_OCCURRENCE,VISIT_OCCURRENCE",,DRUG_EXPOSURE:601791,600063,이벤트일 2022-09-30 > death_date 2022-07-04
SEM3-COM-003,사망 이후 임상 이벤트 금지,Plausibility,error,"CONDITION_OCCURRENCE,DRUG_EXPOSURE,MEASUREMENT,NOTE,OBSERVATION,PERSON,PROCEDURE_OCCURRENCE,VISIT_OCCURRENCE",,DRUG_EXPOSURE:601792,600063,이벤트일 2022-09-30 > death_date 2022-07-04
SEM3-COM-003,사망 이후 임상 이벤트 금지,Plausibility,error,"CONDITION_OCCURRENCE,DRUG_EXPOSURE,MEASUREMENT,NOTE,OBSERVATION,PERSON,PROCEDURE_OCCURRENCE,VISIT_OCCURRENCE",,DRUG_EXPOSURE:601793,600063,이벤트일 2022-09-30 > death_date 2022-07-04
SEM3-COM-003,사망 이후 임상 이벤트 금지,Plausibility,error,"CONDITION_OCCURRENCE,DRUG_EXPOSURE,MEASUREMENT,NOTE,OBSERVATION,PERSON,PROCEDURE_OCCURRENCE,VISIT_OCCURRENCE",,DRUG_EXPOSURE:601794,600063,이벤트일 2022-09-30 > death_date 2022-07-04
SEM3-COM-003,사망 이후 임상 이벤트 금지,Plausibility,error,"CONDITION_OCCURRENCE,DRUG_EXPOSURE,MEASUREMENT,NOTE,OBSERVATION,PERSON,PROCEDURE_OCCURRENCE,VISIT_OCCURRENCE",,DRUG_EXPOSURE:601795,600063,이벤트일 2022-10-21 > death_date 2022-07-04
SEM3-COM-003,사망 이후 임상 이벤트 금지,Plausibility,error,"CONDITION_OCCURRENCE,DRUG_EXPOSURE,MEASUREMENT,NOTE,OBSERVATION,PERSON,PROCEDURE_OCCURRENCE,VISIT_OCCURRENCE",,DRUG_EXPOSURE:601796,600063,이벤트일 2022-10-21 > death_date 2022-07-04
SEM3-COM-003,사망 이후 임상 이벤트 금지,Plausibility,error,"CONDITION_OCCURRENCE,DRUG_EXPOSURE,MEASUREMENT,NOTE,OBSERVATION,PERSON,PROCEDURE_OCCURRENCE,VISIT_OCCURRENCE",,DRUG_EXPOSURE:601797,600063,이벤트일 2022-10-21 > death_date 2022-07-04
SEM3-COM-003,사망 이후 임상 이벤트 금지,Plausibility,error,"CONDITION_OCCURRENCE,DRUG_EXPOSURE,MEASUREMENT,NOTE,OBSERVATION,PERSON,PROCEDURE_OCCURRENCE,VISIT_OCCURRENCE",,DRUG_EXPOSURE:601798,600063,이벤트일 2022-10-21 > death_date 2022-07-04
SEM3-COM-003,사망 이후 임상 이벤트 금지,Plausibility,error,"CONDITION_OCCURRENCE,DRUG_EXPOSURE,MEASUREMENT,NOTE,OBSERVATION,PERSON,PROCEDURE_OCCURRENCE,VISIT_OCCURRENCE",,DRUG_EXPOSURE:601799,600063,이벤트일 2022-10-21 > death_date 2022-07-04
SEM3-COM-003,사망 이후 임상 이벤트 금지,Plausibility,error,"CONDITION_OCCURRENCE,DRUG_EXPOSURE,MEASUREMENT,NOTE,OBSERVATION,PERSON,PROCEDURE_OCCURRENCE,VISIT_OCCURRENCE",,DRUG_EXPOSURE:601800,600063,이벤트일 2022-11-11 > death_date 2022-07-04
SEM3-COM-003,사망 이후 임상 이벤트 금지,Plausibility,error,"CONDITION_OCCURRENCE,DRUG_EXPOSURE,MEASUREMENT,NOTE,OBSERVATION,PERSON,PROCEDURE_OCCURRENCE,VISIT_OCCURRENCE",,DRUG_EXPOSURE:601801,600063,이벤트일 2022-11-11 > death_date 2022-07-04
SEM3-COM-003,사망 이후 임상 이벤트 금지,Plausibility,error,"CONDITION_OCCURRENCE,DRUG_EXPOSURE,MEASUREMENT,NOTE,OBSERVATION,PERSON,PROCEDURE_OCCURRENCE,VISIT_OCCURRENCE",,DRUG_EXPOSURE:601802,600063,이벤트일 2022-11-11 > death_date 2022-07-04
SEM3-COM-003,사망 이후 임상 이벤트 금지,Plausibility,error,"CONDITION_OCCURRENCE,DRUG_EXPOSURE,MEASUREMENT,NOTE,OBSERVATION,PERSON,PROCEDURE_OCCURRENCE,VISIT_OCCURRENCE",,DRUG_EXPOSURE:601803,600063,이벤트일 2022-11-11 > death_date 2022-07-04
SEM3-COM-003,사망 이후 임상 이벤트 금지,Plausibility,error,"CONDITION_OCCURRENCE,DRUG_EXPOSURE,MEASUREMENT,NOTE,OBSERVATION,PERSON,PROCEDURE_OCCURRENCE,VISIT_OCCURRENCE",,DRUG_EXPOSURE:601804,600063,이벤트일 2022-11-11 > death_date 2022-07-04
SEM3-COM-003,사망 이후 임상 이벤트 금지,Plausibility,error,"CONDITION_OCCURRENCE,DRUG_EXPOSURE,MEASUREMENT,NOTE,OBSERVATION,PERSON,PROCEDURE_OCCURRENCE,VISIT_OCCURRENCE",,MEASUREMENT:604968,600063,이벤트일 2022-07-09 > death_date 2022-07-04
SEM3-COM-003,사망 이후 임상 이벤트 금지,Plausibility,error,"CONDITION_OCCURRENCE,DRUG_EXPOSURE,MEASUREMENT,NOTE,OBSERVATION,PERSON,PROCEDURE_OCCURRENCE,VISIT_OCCURRENCE",,MEASUREMENT:604969,600063,이벤트일 2022-07-09 > death_date 2022-07-04
SEM3-COM-003,사망 이후 임상 이벤트 금지,Plausibility,error,"CONDITION_OCCURRENCE,DRUG_EXPOSURE,MEASUREMENT,NOTE,OBSERVATION,PERSON,PROCEDURE_OCCURRENCE,VISIT_OCCURRENCE",,MEASUREMENT:604970,600063,이벤트일 2022-07-09 > death_date 2022-07-04
SEM3-COM-003,사망 이후 임상 이벤트 금지,Plausibility,error,"CONDITION_OCCURRENCE,DRUG_EXPOSURE,MEASUREMENT,NOTE,OBSERVATION,PERSON,PROCEDURE_OCCURRENCE,VISIT_OCCURRENCE",,MEASUREMENT:604971,600063,이벤트일 2022-07-09 > death_date 2022-07-04
SEM3-COM-003,사망 이후 임상 이벤트 금지,Plausibility,error,"CONDITION_OCCURRENCE,DRUG_EXPOSURE,MEASUREMENT,NOTE,OBSERVATION,PERSON,PROCEDURE_OCCURRENCE,VISIT_OCCURRENCE",,MEASUREMENT:604972,600063,이벤트일 2022-07-09 > death_date 2022-07-04
SEM3-COM-003,사망 이후 임상 이벤트 금지,Plausibility,error,"CONDITION_OCCURRENCE,DRUG_EXPOSURE,MEASUREMENT,NOTE,OBSERVATION,PERSON,PROCEDURE_OCCURRENCE,VISIT_OCCURRENCE",,MEASUREMENT:604973,600063,이벤트일 2022-07-09 > death_date 2022-07-04
SEM3-COM-003,사망 이후 임상 이벤트 금지,Plausibility,error,"CONDITION_OCCURRENCE,DRUG_EXPOSURE,MEASUREMENT,NOTE,OBSERVATION,PERSON,PROCEDURE_OCCURRENCE,VISIT_OCCURRENCE",,MEASUREMENT:604974,600063,이벤트일 2022-07-09 > death_date 2022-07-04
SEM3-COM-003,사망 이후 임상 이벤트 금지,Plausibility,error,"CONDITION_OCCURRENCE,DRUG_EXPOSURE,MEASUREMENT,NOTE,OBSERVATION,PERSON,PROCEDURE_OCCURRENCE,VISIT_OCCURRENCE",,MEASUREMENT:604975,600063,이벤트일 2022-07-09 > death_date 2022-07-04
SEM3-COM-003,사망 이후 임상 이벤트 금지,Plausibility,error,"CONDITION_OCCURRENCE,DRUG_EXPOSURE,MEASUREMENT,NOTE,OBSERVATION,PERSON,PROCEDURE_OCCURRENCE,VISIT_OCCURRENCE",,MEASUREMENT:604976,600063,이벤트일 2022-07-09 > death_date 2022-07-04
SEM3-COM-003,사망 이후 임상 이벤트 금지,Plausibility,error,"CONDITION_OCCURRENCE,DRUG_EXPOSURE,MEASUREMENT,NOTE,OBSERVATION,PERSON,PROCEDURE_OCCURRENCE,VISIT_OCCURRENCE",,MEASUREMENT:604977,600063,이벤트일 2022-07-09 > death_date 2022-07-04
SEM3-COM-003,사망 이후 임상 이벤트 금지,Plausibility,error,"CONDITION_OCCURRENCE,DRUG_EXPOSURE,MEASUREMENT,NOTE,OBSERVATION,PERSON,PROCEDURE_OCCURRENCE,VISIT_OCCURRENCE",,MEASUREMENT:604978,600063,이벤트일 2022-07-09 > death_date 2022-07-04
SEM3-COM-003,사망 이후 임상 이벤트 금지,Plausibility,error,"CONDITION_OCCURRENCE,DRUG_EXPOSURE,MEASUREMENT,NOTE,OBSERVATION,PERSON,PROCEDURE_OCCURRENCE,VISIT_OCCURRENCE",,MEASUREMENT:604979,600063,이벤트일 2022-07-09 > death_date 2022-07-04
SEM3-COM-003,사망 이후 임상 이벤트 금지,Plausibility,error,"CONDITION_OCCURRENCE,DRUG_EXPOSURE,MEASUREMENT,NOTE,OBSERVATION,PERSON,PROCEDURE_OCCURRENCE,VISIT_OCCURRENCE",,MEASUREMENT:604980,600063,이벤트일 2022-07-09 > death_date 2022-07-04
SEM3-COM-003,사망 이후 임상 이벤트 금지,Plausibility,error,"CONDITION_OCCURRENCE,DRUG_EXPOSURE,MEASUREMENT,NOTE,OBSERVATION,PERSON,PROCEDURE_OCCURRENCE,VISIT_OCCURRENCE",,MEASUREMENT:604981,600063,이벤트일 2022-07-29 > death_date 2022-07-04
SEM3-COM-003,사망 이후 임상 이벤트 금지,Plausibility,error,"CONDITION_OCCURRENCE,DRUG_EXPOSURE,MEASUREMENT,NOTE,OBSERVATION,PERSON,PROCEDURE_OCCURRENCE,VISIT_OCCURRENCE",,MEASUREMENT:604982,600063,이벤트일 2022-07-29 > death_date 2022-07-04
SEM3-COM-003,사망 이후 임상 이벤트 금지,Plausibility,error,"CONDITION_OCCURRENCE,DRUG_EXPOSURE,MEASUREMENT,NOTE,OBSERVATION,PERSON,PROCEDURE_OCCURRENCE,VISIT_OCCURRENCE",,MEASUREMENT:604983,600063,이벤트일 2022-07-29 > death_date 2022-07-04
SEM3-COM-003,사망 이후 임상 이벤트 금지,Plausibility,error,"CONDITION_OCCURRENCE,DRUG_EXPOSURE,MEASUREMENT,NOTE,OBSERVATION,PERSON,PROCEDURE_OCCURRENCE,VISIT_OCCURRENCE",,MEASUREMENT:604984,600063,이벤트일 2022-07-29 > death_date 2022-07-04
SEM3-COM-003,사망 이후 임상 이벤트 금지,Plausibility,error,"CONDITION_OCCURRENCE,DRUG_EXPOSURE,MEASUREMENT,NOTE,OBSERVATION,PERSON,PROCEDURE_OCCURRENCE,VISIT_OCCURRENCE",,MEASUREMENT:604985,600063,이벤트일 2022-07-29 > death_date 2022-07-04
SEM3-COM-003,사망 이후 임상 이벤트 금지,Plausibility,error,"CONDITION_OCCURRENCE,DRUG_EXPOSURE,MEASUREMENT,NOTE,OBSERVATION,PERSON,PROCEDURE_OCCURRENCE,VISIT_OCCURRENCE",,MEASUREMENT:604986,600063,이벤트일 2022-07-29 > death_date 2022-07-04
SEM3-COM-003,사망 이후 임상 이벤트 금지,Plausibility,error,"CONDITION_OCCURRENCE,DRUG_EXPOSURE,MEASUREMENT,NOTE,OBSERVATION,PERSON,PROCEDURE_OCCURRENCE,VISIT_OCCURRENCE",,MEASUREMENT:604987,600063,이벤트일 2022-07-29 > death_date 2022-07-04
SEM3-COM-003,사망 이후 임상 이벤트 금지,Plausibility,error,"CONDITION_OCCURRENCE,DRUG_EXPOSURE,MEASUREMENT,NOTE,OBSERVATION,PERSON,PROCEDURE_OCCURRENCE,VISIT_OCCURRENCE",,MEASUREMENT:604988,600063,이벤트일 2022-08-19 > death_date 2022-07-04
SEM3-COM-003,사망 이후 임상 이벤트 금지,Plausibility,error,"CONDITION_OCCURRENCE,DRUG_EXPOSURE,MEASUREMENT,NOTE,OBSERVATION,PERSON,PROCEDURE_OCCURRENCE,VISIT_OCCURRENCE",,MEASUREMENT:604989,600063,이벤트일 2022-08-19 > death_date 2022-07-04
SEM3-COM-003,사망 이후 임상 이벤트 금지,Plausibility,error,"CONDITION_OCCURRENCE,DRUG_EXPOSURE,MEASUREMENT,NOTE,OBSERVATION,PERSON,PROCEDURE_OCCURRENCE,VISIT_OCCURRENCE",,MEASUREMENT:604990,600063,이벤트일 2022-08-19 > death_date 2022-07-04
SEM3-COM-003,사망 이후 임상 이벤트 금지,Plausibility,error,"CONDITION_OCCURRENCE,DRUG_EXPOSURE,MEASUREMENT,NOTE,OBSERVATION,PERSON,PROCEDURE_OCCURRENCE,VISIT_OCCURRENCE",,MEASUREMENT:604991,600063,이벤트일 2022-08-19 > death_date 2022-07-04
SEM3-COM-003,사망 이후 임상 이벤트 금지,Plausibility,error,"CONDITION_OCCURRENCE,DRUG_EXPOSURE,MEASUREMENT,NOTE,OBSERVATION,PERSON,PROCEDURE_OCCURRENCE,VISIT_OCCURRENCE",,MEASUREMENT:604992,600063,이벤트일 2022-08-19 > death_date 2022-07-04
SEM3-COM-003,사망 이후 임상 이벤트 금지,Plausibility,error,"CONDITION_OCCURRENCE,DRUG_EXPOSURE,MEASUREMENT,NOTE,OBSERVATION,PERSON,PROCEDURE_OCCURRENCE,VISIT_OCCURRENCE",,MEASUREMENT:604993,600063,이벤트일 2022-08-19 > death_date 2022-07-04
SEM3-COM-003,사망 이후 임상 이벤트 금지,Plausibility,error,"CONDITION_OCCURRENCE,DRUG_EXPOSURE,MEASUREMENT,NOTE,OBSERVATION,PERSON,PROCEDURE_OCCURRENCE,VISIT_OCCURRENCE",,MEASUREMENT:604994,600063,이벤트일 2022-08-19 > death_date 2022-07-04
SEM3-COM-003,사망 이후 임상 이벤트 금지,Plausibility,error,"CONDITION_OCCURRENCE,DRUG_EXPOSURE,MEASUREMENT,NOTE,OBSERVATION,PERSON,PROCEDURE_OCCURRENCE,VISIT_OCCURRENCE",,MEASUREMENT:604995,600063,이벤트일 2022-09-09 > death_date 2022-07-04
SEM3-COM-003,사망 이후 임상 이벤트 금지,Plausibility,error,"CONDITION_OCCURRENCE,DRUG_EXPOSURE,MEASUREMENT,NOTE,OBSERVATION,PERSON,PROCEDURE_OCCURRENCE,VISIT_OCCURRENCE",,MEASUREMENT:604996,600063,이벤트일 2022-09-09 > death_date 2022-07-04
SEM3-COM-003,사망 이후 임상 이벤트 금지,Plausibility,error,"CONDITION_OCCURRENCE,DRUG_EXPOSURE,MEASUREMENT,NOTE,OBSERVATION,PERSON,PROCEDURE_OCCURRENCE,VISIT_OCCURRENCE",,MEASUREMENT:604997,600063,이벤트일 2022-09-09 > death_date 2022-07-04
SEM3-COM-003,사망 이후 임상 이벤트 금지,Plausibility,error,"CONDITION_OCCURRENCE,DRUG_EXPOSURE,MEASUREMENT,NOTE,OBSERVATION,PERSON,PROCEDURE_OCCURRENCE,VISIT_OCCURRENCE",,MEASUREMENT:604998,600063,이벤트일 2022-09-09 > death_date 2022-07-04
SEM3-COM-003,사망 이후 임상 이벤트 금지,Plausibility,error,"CONDITION_OCCURRENCE,DRUG_EXPOSURE,MEASUREMENT,NOTE,OBSERVATION,PERSON,PROCEDURE_OCCURRENCE,VISIT_OCCURRENCE",,MEASUREMENT:604999,600063,이벤트일 2022-09-09 > death_date 2022-07-04
SEM3-COM-003,사망 이후 임상 이벤트 금지,Plausibility,error,"CONDITION_OCCURRENCE,DRUG_EXPOSURE,MEASUREMENT,NOTE,OBSERVATION,PERSON,PROCEDURE_OCCURRENCE,VISIT_OCCURRENCE",,MEASUREMENT:605000,600063,이벤트일 2022-09-09 > death_date 2022-07-04
SEM3-COM-003,사망 이후 임상 이벤트 금지,Plausibility,error,"CONDITION_OCCURRENCE,DRUG_EXPOSURE,MEASUREMENT,NOTE,OBSERVATION,PERSON,PROCEDURE_OCCURRENCE,VISIT_OCCURRENCE",,MEASUREMENT:605001,600063,이벤트일 2022-09-09 > death_date 2022-07-04
SEM3-COM-003,사망 이후 임상 이벤트 금지,Plausibility,error,"CONDITION_OCCURRENCE,DRUG_EXPOSURE,MEASUREMENT,NOTE,OBSERVATION,PERSON,PROCEDURE_OCCURRENCE,VISIT_OCCURRENCE",,MEASUREMENT:605002,600063,이벤트일 2022-09-30 > death_date 2022-07-04
SEM3-COM-003,사망 이후 임상 이벤트 금지,Plausibility,error,"CONDITION_OCCURRENCE,DRUG_EXPOSURE,MEASUREMENT,NOTE,OBSERVATION,PERSON,PROCEDURE_OCCURRENCE,VISIT_OCCURRENCE",,MEASUREMENT:605003,600063,이벤트일 2022-09-30 > death_date 2022-07-04
SEM3-COM-003,사망 이후 임상 이벤트 금지,Plausibility,error,"CONDITION_OCCURRENCE,DRUG_EXPOSURE,MEASUREMENT,NOTE,OBSERVATION,PERSON,PROCEDURE_OCCURRENCE,VISIT_OCCURRENCE",,MEASUREMENT:605004,600063,이벤트일 2022-09-30 > death_date 2022-07-04
SEM3-COM-003,사망 이후 임상 이벤트 금지,Plausibility,error,"CONDITION_OCCURRENCE,DRUG_EXPOSURE,MEASUREMENT,NOTE,OBSERVATION,PERSON,PROCEDURE_OCCURRENCE,VISIT_OCCURRENCE",,MEASUREMENT:605005,600063,이벤트일 2022-09-30 > death_date 2022-07-04
SEM3-COM-003,사망 이후 임상 이벤트 금지,Plausibility,error,"CONDITION_OCCURRENCE,DRUG_EXPOSURE,MEASUREMENT,NOTE,OBSERVATION,PERSON,PROCEDURE_OCCURRENCE,VISIT_OCCURRENCE",,MEASUREMENT:605006,600063,이벤트일 2022-09-30 > death_date 2022-07-04
SEM3-COM-003,사망 이후 임상 이벤트 금지,Plausibility,error,"CONDITION_OCCURRENCE,DRUG_EXPOSURE,MEASUREMENT,NOTE,OBSERVATION,PERSON,PROCEDURE_OCCURRENCE,VISIT_OCCURRENCE",,MEASUREMENT:605007,600063,이벤트일 2022-09-30 > death_date 2022-07-04
SEM3-COM-003,사망 이후 임상 이벤트 금지,Plausibility,error,"CONDITION_OCCURRENCE,DRUG_EXPOSURE,MEASUREMENT,NOTE,OBSERVATION,PERSON,PROCEDURE_OCCURRENCE,VISIT_OCCURRENCE",,MEASUREMENT:605008,600063,이벤트일 2022-09-30 > death_date 2022-07-04
SEM3-COM-003,사망 이후 임상 이벤트 금지,Plausibility,error,"CONDITION_OCCURRENCE,DRUG_EXPOSURE,MEASUREMENT,NOTE,OBSERVATION,PERSON,PROCEDURE_OCCURRENCE,VISIT_OCCURRENCE",,MEASUREMENT:605009,600063,이벤트일 2022-10-21 > death_date 2022-07-04
SEM3-COM-003,사망 이후 임상 이벤트 금지,Plausibility,error,"CONDITION_OCCURRENCE,DRUG_EXPOSURE,MEASUREMENT,NOTE,OBSERVATION,PERSON,PROCEDURE_OCCURRENCE,VISIT_OCCURRENCE",,MEASUREMENT:605010,600063,이벤트일 2022-10-21 > death_date 2022-07-04
SEM3-COM-003,사망 이후 임상 이벤트 금지,Plausibility,error,"CONDITION_OCCURRENCE,DRUG_EXPOSURE,MEASUREMENT,NOTE,OBSERVATION,PERSON,PROCEDURE_OCCURRENCE,VISIT_OCCURRENCE",,MEASUREMENT:605011,600063,이벤트일 2022-10-21 > death_date 2022-07-04
SEM3-COM-003,사망 이후 임상 이벤트 금지,Plausibility,error,"CONDITION_OCCURRENCE,DRUG_EXPOSURE,MEASUREMENT,NOTE,OBSERVATION,PERSON,PROCEDURE_OCCURRENCE,VISIT_OCCURRENCE",,MEASUREMENT:605012,600063,이벤트일 2022-10-21 > death_date 2022-07-04
SEM3-COM-003,사망 이후 임상 이벤트 금지,Plausibility,error,"CONDITION_OCCURRENCE,DRUG_EXPOSURE,MEASUREMENT,NOTE,OBSERVATION,PERSON,PROCEDURE_OCCURRENCE,VISIT_OCCURRENCE",,MEASUREMENT:605013,600063,이벤트일 2022-10-21 > death_date 2022-07-04
SEM3-COM-003,사망 이후 임상 이벤트 금지,Plausibility,error,"CONDITION_OCCURRENCE,DRUG_EXPOSURE,MEASUREMENT,NOTE,OBSERVATION,PERSON,PROCEDURE_OCCURRENCE,VISIT_OCCURRENCE",,MEASUREMENT:605014,600063,이벤트일 2022-10-21 > death_date 2022-07-04
SEM3-COM-003,사망 이후 임상 이벤트 금지,Plausibility,error,"CONDITION_OCCURRENCE,DRUG_EXPOSURE,MEASUREMENT,NOTE,OBSERVATION,PERSON,PROCEDURE_OCCURRENCE,VISIT_OCCURRENCE",,MEASUREMENT:605015,600063,이벤트일 2022-10-21 > death_date 2022-07-04
SEM3-COM-003,사망 이후 임상 이벤트 금지,Plausibility,error,"CONDITION_OCCURRENCE,DRUG_EXPOSURE,MEASUREMENT,NOTE,OBSERVATION,PERSON,PROCEDURE_OCCURRENCE,VISIT_OCCURRENCE",,MEASUREMENT:605016,600063,이벤트일 2022-11-11 > death_date 2022-07-04
SEM3-COM-003,사망 이후 임상 이벤트 금지,Plausibility,error,"CONDITION_OCCURRENCE,DRUG_EXPOSURE,MEASUREMENT,NOTE,OBSERVATION,PERSON,PROCEDURE_OCCURRENCE,VISIT_OCCURRENCE",,MEASUREMENT:605017,600063,이벤트일 2022-11-11 > death_date 2022-07-04
SEM3-COM-003,사망 이후 임상 이벤트 금지,Plausibility,error,"CONDITION_OCCURRENCE,DRUG_EXPOSURE,MEASUREMENT,NOTE,OBSERVATION,PERSON,PROCEDURE_OCCURRENCE,VISIT_OCCURRENCE",,MEASUREMENT:605018,600063,이벤트일 2022-11-11 > death_date 2022-07-04
SEM3-COM-003,사망 이후 임상 이벤트 금지,Plausibility,error,"CONDITION_OCCURRENCE,DRUG_EXPOSURE,MEASUREMENT,NOTE,OBSERVATION,PERSON,PROCEDURE_OCCURRENCE,VISIT_OCCURRENCE",,MEASUREMENT:605019,600063,이벤트일 2022-11-11 > death_date 2022-07-04
SEM3-COM-003,사망 이후 임상 이벤트 금지,Plausibility,error,"CONDITION_OCCURRENCE,DRUG_EXPOSURE,MEASUREMENT,NOTE,OBSERVATION,PERSON,PROCEDURE_OCCURRENCE,VISIT_OCCURRENCE",,MEASUREMENT:605020,600063,이벤트일 2022-11-11 > death_date 2022-07-04
SEM3-COM-003,사망 이후 임상 이벤트 금지,Plausibility,error,"CONDITION_OCCURRENCE,DRUG_EXPOSURE,MEASUREMENT,NOTE,OBSERVATION,PERSON,PROCEDURE_OCCURRENCE,VISIT_OCCURRENCE",,MEASUREMENT:605021,600063,이벤트일 2022-11-11 > death_date 2022-07-04
SEM3-COM-003,사망 이후 임상 이벤트 금지,Plausibility,error,"CONDITION_OCCURRENCE,DRUG_EXPOSURE,MEASUREMENT,NOTE,OBSERVATION,PERSON,PROCEDURE_OCCURRENCE,VISIT_OCCURRENCE",,MEASUREMENT:605022,600063,이벤트일 2022-11-11 > death_date 2022-07-04
SEM3-COM-003,사망 이후 임상 이벤트 금지,Plausibility,error,"CONDITION_OCCURRENCE,DRUG_EXPOSURE,MEASUREMENT,NOTE,OBSERVATION,PERSON,PROCEDURE_OCCURRENCE,VISIT_OCCURRENCE",,MEASUREMENT:605023,600063,이벤트일 2023-03-21 > death_date 2022-07-04
SEM3-COM-003,사망 이후 임상 이벤트 금지,Plausibility,error,"CONDITION_OCCURRENCE,DRUG_EXPOSURE,MEASUREMENT,NOTE,OBSERVATION,PERSON,PROCEDURE_OCCURRENCE,VISIT_OCCURRENCE",,MEASUREMENT:605024,600063,이벤트일 2023-03-21 > death_date 2022-07-04
SEM3-COM-003,사망 이후 임상 이벤트 금지,Plausibility,error,"CONDITION_OCCURRENCE,DRUG_EXPOSURE,MEASUREMENT,NOTE,OBSERVATION,PERSON,PROCEDURE_OCCURRENCE,VISIT_OCCURRENCE",,MEASUREMENT:605025,600063,이벤트일 2023-06-24 > death_date 2022-07-04
SEM3-COM-003,사망 이후 임상 이벤트 금지,Plausibility,error,"CONDITION_OCCURRENCE,DRUG_EXPOSURE,MEASUREMENT,NOTE,OBSERVATION,PERSON,PROCEDURE_OCCURRENCE,VISIT_OCCURRENCE",,MEASUREMENT:605026,600063,이벤트일 2023-06-24 > death_date 2022-07-04
SEM3-COM-003,사망 이후 임상 이벤트 금지,Plausibility,error,"CONDITION_OCCURRENCE,DRUG_EXPOSURE,MEASUREMENT,NOTE,OBSERVATION,PERSON,PROCEDURE_OCCURRENCE,VISIT_OCCURRENCE",,MEASUREMENT:605027,600063,이벤트일 2023-11-06 > death_date 2022-07-04
SEM3-COM-003,사망 이후 임상 이벤트 금지,Plausibility,error,"CONDITION_OCCURRENCE,DRUG_EXPOSURE,MEASUREMENT,NOTE,OBSERVATION,PERSON,PROCEDURE_OCCURRENCE,VISIT_OCCURRENCE",,MEASUREMENT:605028,600063,이벤트일 2023-11-06 > death_date 2022-07-04
SEM3-COM-003,사망 이후 임상 이벤트 금지,Plausibility,error,"CONDITION_OCCURRENCE,DRUG_EXPOSURE,MEASUREMENT,NOTE,OBSERVATION,PERSON,PROCEDURE_OCCURRENCE,VISIT_OCCURRENCE",,MEASUREMENT:605029,600063,이벤트일 2024-02-17 > death_date 2022-07-04
SEM3-COM-003,사망 이후 임상 이벤트 금지,Plausibility,error,"CONDITION_OCCURRENCE,DRUG_EXPOSURE,MEASUREMENT,NOTE,OBSERVATION,PERSON,PROCEDURE_OCCURRENCE,VISIT_OCCURRENCE",,MEASUREMENT:605030,600063,이벤트일 2024-02-17 > death_date 2022-07-04
SEM3-COM-003,사망 이후 임상 이벤트 금지,Plausibility,error,"CONDITION_OCCURRENCE,DRUG_EXPOSURE,MEASUREMENT,NOTE,OBSERVATION,PERSON,PROCEDURE_OCCURRENCE,VISIT_OCCURRENCE",,MEASUREMENT:605031,600063,이벤트일 2024-08-09 > death_date 2022-07-04
SEM3-COM-003,사망 이후 임상 이벤트 금지,Plausibility,error,"CONDITION_OCCURRENCE,DRUG_EXPOSURE,MEASUREMENT,NOTE,OBSERVATION,PERSON,PROCEDURE_OCCURRENCE,VISIT_OCCURRENCE",,MEASUREMENT:605032,600063,이벤트일 2024-08-09 > death_date 2022-07-04
SEM3-COM-003,사망 이후 임상 이벤트 금지,Plausibility,error,"CONDITION_OCCURRENCE,DRUG_EXPOSURE,MEASUREMENT,NOTE,OBSERVATION,PERSON,PROCEDURE_OCCURRENCE,VISIT_OCCURRENCE",,MEASUREMENT:605033,600063,이벤트일 2025-01-13 > death_date 2022-07-04
SEM3-COM-003,사망 이후 임상 이벤트 금지,Plausibility,error,"CONDITION_OCCURRENCE,DRUG_EXPOSURE,MEASUREMENT,NOTE,OBSERVATION,PERSON,PROCEDURE_OCCURRENCE,VISIT_OCCURRENCE",,MEASUREMENT:605034,600063,이벤트일 2025-01-13 > death_date 2022-07-04
SEM3-COM-003,사망 이후 임상 이벤트 금지,Plausibility,error,"CONDITION_OCCURRENCE,DRUG_EXPOSURE,MEASUREMENT,NOTE,OBSERVATION,PERSON,PROCEDURE_OCCURRENCE,VISIT_OCCURRENCE",,MEASUREMENT:605035,600063,이벤트일 2025-05-06 > death_date 2022-07-04
SEM3-COM-003,사망 이후 임상 이벤트 금지,Plausibility,error,"CONDITION_OCCURRENCE,DRUG_EXPOSURE,MEASUREMENT,NOTE,OBSERVATION,PERSON,PROCEDURE_OCCURRENCE,VISIT_OCCURRENCE",,MEASUREMENT:605036,600063,이벤트일 2025-05-06 > death_date 2022-07-04
SEM3-COM-003,사망 이후 임상 이벤트 금지,Plausibility,error,"CONDITION_OCCURRENCE,DRUG_EXPOSURE,MEASUREMENT,NOTE,OBSERVATION,PERSON,PROCEDURE_OCCURRENCE,VISIT_OCCURRENCE",,MEASUREMENT:605037,600063,이벤트일 2025-08-06 > death_date 2022-07-04
SEM3-COM-003,사망 이후 임상 이벤트 금지,Plausibility,error,"CONDITION_OCCURRENCE,DRUG_EXPOSURE,MEASUREMENT,NOTE,OBSERVATION,PERSON,PROCEDURE_OCCURRENCE,VISIT_OCCURRENCE",,MEASUREMENT:605038,600063,이벤트일 2025-08-06 > death_date 2022-07-04
SEM3-COM-003,사망 이후 임상 이벤트 금지,Plausibility,error,"CONDITION_OCCURRENCE,DRUG_EXPOSURE,MEASUREMENT,NOTE,OBSERVATION,PERSON,PROCEDURE_OCCURRENCE,VISIT_OCCURRENCE",,MEASUREMENT:605039,600063,이벤트일 2025-11-23 > death_date 2022-07-04
SEM3-COM-003,사망 이후 임상 이벤트 금지,Plausibility,error,"CONDITION_OCCURRENCE,DRUG_EXPOSURE,MEASUREMENT,NOTE,OBSERVATION,PERSON,PROCEDURE_OCCURRENCE,VISIT_OCCURRENCE",,MEASUREMENT:605040,600063,이벤트일 2025-11-23 > death_date 2022-07-04
SEM3-COM-003,사망 이후 임상 이벤트 금지,Plausibility,error,"CONDITION_OCCURRENCE,DRUG_EXPOSURE,MEASUREMENT,NOTE,OBSERVATION,PERSON,PROCEDURE_OCCURRENCE,VISIT_OCCURRENCE",,MEASUREMENT:605041,600063,이벤트일 2026-03-26 > death_date 2022-07-04
SEM3-COM-003,사망 이후 임상 이벤트 금지,Plausibility,error,"CONDITION_OCCURRENCE,DRUG_EXPOSURE,MEASUREMENT,NOTE,OBSERVATION,PERSON,PROCEDURE_OCCURRENCE,VISIT_OCCURRENCE",,MEASUREMENT:605042,600063,이벤트일 2026-03-26 > death_date 2022-07-04
SEM3-COM-003,사망 이후 임상 이벤트 금지,Plausibility,error,"CONDITION_OCCURRENCE,DRUG_EXPOSURE,MEASUREMENT,NOTE,OBSERVATION,PERSON,PROCEDURE_OCCURRENCE,VISIT_OCCURRENCE",,MEASUREMENT:605043,600063,이벤트일 2026-07-31 > death_date 2022-07-04
SEM3-COM-003,사망 이후 임상 이벤트 금지,Plausibility,error,"CONDITION_OCCURRENCE,DRUG_EXPOSURE,MEASUREMENT,NOTE,OBSERVATION,PERSON,PROCEDURE_OCCURRENCE,VISIT_OCCURRENCE",,MEASUREMENT:605044,600063,이벤트일 2026-07-31 > death_date 2022-07-04
SEM3-COM-003,사망 이후 임상 이벤트 금지,Plausibility,error,"CONDITION_OCCURRENCE,DRUG_EXPOSURE,MEASUREMENT,NOTE,OBSERVATION,PERSON,PROCEDURE_OCCURRENCE,VISIT_OCCURRENCE",,None,600038,이벤트일 2022-01-21 > death_date 2022-01-10
SEM3-COM-003,사망 이후 임상 이벤트 금지,Plausibility,error,"CONDITION_OCCURRENCE,DRUG_EXPOSURE,MEASUREMENT,NOTE,OBSERVATION,PERSON,PROCEDURE_OCCURRENCE,VISIT_OCCURRENCE",,MEASUREMENT:602803,600038,이벤트일 2022-01-21 > death_date 2022-01-10
SEM3-COM-003,사망 이후 임상 이벤트 금지,Plausibility,error,"CONDITION_OCCURRENCE,DRUG_EXPOSURE,MEASUREMENT,NOTE,OBSERVATION,PERSON,PROCEDURE_OCCURRENCE,VISIT_OCCURRENCE",,MEASUREMENT:602804,600038,이벤트일 2022-01-21 > death_date 2022-01-10
SEM3-COM-003,사망 이후 임상 이벤트 금지,Plausibility,error,"CONDITION_OCCURRENCE,DRUG_EXPOSURE,MEASUREMENT,NOTE,OBSERVATION,PERSON,PROCEDURE_OCCURRENCE,VISIT_OCCURRENCE",,MEASUREMENT:602805,600038,이벤트일 2022-01-21 > death_date 2022-01-10
SEM3-COM-003,사망 이후 임상 이벤트 금지,Plausibility,error,"CONDITION_OCCURRENCE,DRUG_EXPOSURE,MEASUREMENT,NOTE,OBSERVATION,PERSON,PROCEDURE_OCCURRENCE,VISIT_OCCURRENCE",,MEASUREMENT:602806,600038,이벤트일 2022-01-21 > death_date 2022-01-10
SEM3-COM-003,사망 이후 임상 이벤트 금지,Plausibility,error,"CONDITION_OCCURRENCE,DRUG_EXPOSURE,MEASUREMENT,NOTE,OBSERVATION,PERSON,PROCEDURE_OCCURRENCE,VISIT_OCCURRENCE",,MEASUREMENT:602807,600038,이벤트일 2022-01-21 > death_date 2022-01-10
SEM3-COM-003,사망 이후 임상 이벤트 금지,Plausibility,error,"CONDITION_OCCURRENCE,DRUG_EXPOSURE,MEASUREMENT,NOTE,OBSERVATION,PERSON,PROCEDURE_OCCURRENCE,VISIT_OCCURRENCE",,MEASUREMENT:602808,600038,이벤트일 2022-01-21 > death_date 2022-01-10
SEM3-COM-003,사망 이후 임상 이벤트 금지,Plausibility,error,"CONDITION_OCCURRENCE,DRUG_EXPOSURE,MEASUREMENT,NOTE,OBSERVATION,PERSON,PROCEDURE_OCCURRENCE,VISIT_OCCURRENCE",,MEASUREMENT:602809,600038,이벤트일 2022-02-11 > death_date 2022-01-10
SEM3-COM-003,사망 이후 임상 이벤트 금지,Plausibility,error,"CONDITION_OCCURRENCE,DRUG_EXPOSURE,MEASUREMENT,NOTE,OBSERVATION,PERSON,PROCEDURE_OCCURRENCE,VISIT_OCCURRENCE",,MEASUREMENT:602810,600038,이벤트일 2022-02-11 > death_date 2022-01-10
SEM3-COM-003,사망 이후 임상 이벤트 금지,Plausibility,error,"CONDITION_OCCURRENCE,DRUG_EXPOSURE,MEASUREMENT,NOTE,OBSERVATION,PERSON,PROCEDURE_OCCURRENCE,VISIT_OCCURRENCE",,MEASUREMENT:602811,600038,이벤트일 2022-02-11 > death_date 2022-01-10
SEM3-COM-003,사망 이후 임상 이벤트 금지,Plausibility,error,"CONDITION_OCCURRENCE,DRUG_EXPOSURE,MEASUREMENT,NOTE,OBSERVATION,PERSON,PROCEDURE_OCCURRENCE,VISIT_OCCURRENCE",,MEASUREMENT:602812,600038,이벤트일 2022-02-11 > death_date 2022-01-10
SEM3-COM-003,사망 이후 임상 이벤트 금지,Plausibility,error,"CONDITION_OCCURRENCE,DRUG_EXPOSURE,MEASUREMENT,NOTE,OBSERVATION,PERSON,PROCEDURE_OCCURRENCE,VISIT_OCCURRENCE",,MEASUREMENT:602813,600038,이벤트일 2022-02-11 > death_date 2022-01-10
SEM3-COM-003,사망 이후 임상 이벤트 금지,Plausibility,error,"CONDITION_OCCURRENCE,DRUG_EXPOSURE,MEASUREMENT,NOTE,OBSERVATION,PERSON,PROCEDURE_OCCURRENCE,VISIT_OCCURRENCE",,MEASUREMENT:602814,600038,이벤트일 2022-02-11 > death_date 2022-01-10
SEM3-COM-003,사망 이후 임상 이벤트 금지,Plausibility,error,"CONDITION_OCCURRENCE,DRUG_EXPOSURE,MEASUREMENT,NOTE,OBSERVATION,PERSON,PROCEDURE_OCCURRENCE,VISIT_OCCURRENCE",,MEASUREMENT:602815,600038,이벤트일 2022-02-11 > death_date 2022-01-10
SEM3-COM-003,사망 이후 임상 이벤트 금지,Plausibility,error,"CONDITION_OCCURRENCE,DRUG_EXPOSURE,MEASUREMENT,NOTE,OBSERVATION,PERSON,PROCEDURE_OCCURRENCE,VISIT_OCCURRENCE",,MEASUREMENT:602816,600038,이벤트일 2022-03-04 > death_date 2022-01-10
SEM3-COM-003,사망 이후 임상 이벤트 금지,Plausibility,error,"CONDITION_OCCURRENCE,DRUG_EXPOSURE,MEASUREMENT,NOTE,OBSERVATION,PERSON,PROCEDURE_OCCURRENCE,VISIT_OCCURRENCE",,MEASUREMENT:602817,600038,이벤트일 2022-03-04 > death_date 2022-01-10
SEM3-COM-003,사망 이후 임상 이벤트 금지,Plausibility,error,"CONDITION_OCCURRENCE,DRUG_EXPOSURE,MEASUREMENT,NOTE,OBSERVATION,PERSON,PROCEDURE_OCCURRENCE,VISIT_OCCURRENCE",,MEASUREMENT:602818,600038,이벤트일 2022-03-04 > death_date 2022-01-10
SEM3-COM-003,사망 이후 임상 이벤트 금지,Plausibility,error,"CONDITION_OCCURRENCE,DRUG_EXPOSURE,MEASUREMENT,NOTE,OBSERVATION,PERSON,PROCEDURE_OCCURRENCE,VISIT_OCCURRENCE",,MEASUREMENT:602819,600038,이벤트일 2022-03-04 > death_date 2022-01-10
SEM3-COM-003,사망 이후 임상 이벤트 금지,Plausibility,error,"CONDITION_OCCURRENCE,DRUG_EXPOSURE,MEASUREMENT,NOTE,OBSERVATION,PERSON,PROCEDURE_OCCURRENCE,VISIT_OCCURRENCE",,MEASUREMENT:602820,600038,이벤트일 2022-03-04 > death_date 2022-01-10
SEM3-COM-003,사망 이후 임상 이벤트 금지,Plausibility,error,"CONDITION_OCCURRENCE,DRUG_EXPOSURE,MEASUREMENT,NOTE,OBSERVATION,PERSON,PROCEDURE_OCCURRENCE,VISIT_OCCURRENCE",,MEASUREMENT:602821,600038,이벤트일 2022-03-04 > death_date 2022-01-10
SEM3-COM-003,사망 이후 임상 이벤트 금지,Plausibility,error,"CONDITION_OCCURRENCE,DRUG_EXPOSURE,MEASUREMENT,NOTE,OBSERVATION,PERSON,PROCEDURE_OCCURRENCE,VISIT_OCCURRENCE",,MEASUREMENT:602822,600038,이벤트일 2022-03-04 > death_date 2022-01-10
SEM3-COM-003,사망 이후 임상 이벤트 금지,Plausibility,error,"CONDITION_OCCURRENCE,DRUG_EXPOSURE,MEASUREMENT,NOTE,OBSERVATION,PERSON,PROCEDURE_OCCURRENCE,VISIT_OCCURRENCE",,MEASUREMENT:602823,600038,이벤트일 2022-03-25 > death_date 2022-01-10
SEM3-COM-003,사망 이후 임상 이벤트 금지,Plausibility,error,"CONDITION_OCCURRENCE,DRUG_EXPOSURE,MEASUREMENT,NOTE,OBSERVATION,PERSON,PROCEDURE_OCCURRENCE,VISIT_OCCURRENCE",,MEASUREMENT:602824,600038,이벤트일 2022-03-25 > death_date 2022-01-10
SEM3-COM-003,사망 이후 임상 이벤트 금지,Plausibility,error,"CONDITION_OCCURRENCE,DRUG_EXPOSURE,MEASUREMENT,NOTE,OBSERVATION,PERSON,PROCEDURE_OCCURRENCE,VISIT_OCCURRENCE",,MEASUREMENT:602825,600038,이벤트일 2022-03-25 > death_date 2022-01-10
SEM3-COM-003,사망 이후 임상 이벤트 금지,Plausibility,error,"CONDITION_OCCURRENCE,DRUG_EXPOSURE,MEASUREMENT,NOTE,OBSERVATION,PERSON,PROCEDURE_OCCURRENCE,VISIT_OCCURRENCE",,MEASUREMENT:602826,600038,이벤트일 2022-03-25 > death_date 2022-01-10
SEM3-COM-003,사망 이후 임상 이벤트 금지,Plausibility,error,"CONDITION_OCCURRENCE,DRUG_EXPOSURE,MEASUREMENT,NOTE,OBSERVATION,PERSON,PROCEDURE_OCCURRENCE,VISIT_OCCURRENCE",,MEASUREMENT:602827,600038,이벤트일 2022-03-25 > death_date 2022-01-10
SEM3-COM-003,사망 이후 임상 이벤트 금지,Plausibility,error,"CONDITION_OCCURRENCE,DRUG_EXPOSURE,MEASUREMENT,NOTE,OBSERVATION,PERSON,PROCEDURE_OCCURRENCE,VISIT_OCCURRENCE",,MEASUREMENT:602828,600038,이벤트일 2022-03-25 > death_date 2022-01-10
SEM3-COM-003,사망 이후 임상 이벤트 금지,Plausibility,error,"CONDITION_OCCURRENCE,DRUG_EXPOSURE,MEASUREMENT,NOTE,OBSERVATION,PERSON,PROCEDURE_OCCURRENCE,VISIT_OCCURRENCE",,MEASUREMENT:602829,600038,이벤트일 2022-03-25 > death_date 2022-01-10
SEM3-COM-003,사망 이후 임상 이벤트 금지,Plausibility,error,"CONDITION_OCCURRENCE,DRUG_EXPOSURE,MEASUREMENT,NOTE,OBSERVATION,PERSON,PROCEDURE_OCCURRENCE,VISIT_OCCURRENCE",,MEASUREMENT:602830,600038,이벤트일 2022-07-28 > death_date 2022-01-10
SEM3-COM-003,사망 이후 임상 이벤트 금지,Plausibility,error,"CONDITION_OCCURRENCE,DRUG_EXPOSURE,MEASUREMENT,NOTE,OBSERVATION,PERSON,PROCEDURE_OCCURRENCE,VISIT_OCCURRENCE",,MEASUREMENT:602831,600038,이벤트일 2022-07-28 > death_date 2022-01-10
SEM3-COM-003,사망 이후 임상 이벤트 금지,Plausibility,error,"CONDITION_OCCURRENCE,DRUG_EXPOSURE,MEASUREMENT,NOTE,OBSERVATION,PERSON,PROCEDURE_OCCURRENCE,VISIT_OCCURRENCE",,MEASUREMENT:602832,600038,이벤트일 2023-01-06 > death_date 2022-01-10
SEM3-COM-003,사망 이후 임상 이벤트 금지,Plausibility,error,"CONDITION_OCCURRENCE,DRUG_EXPOSURE,MEASUREMENT,NOTE,OBSERVATION,PERSON,PROCEDURE_OCCURRENCE,VISIT_OCCURRENCE",,MEASUREMENT:602833,600038,이벤트일 2023-01-06 > death_date 2022-01-10
SEM3-COM-003,사망 이후 임상 이벤트 금지,Plausibility,error,"CONDITION_OCCURRENCE,DRUG_EXPOSURE,MEASUREMENT,NOTE,OBSERVATION,PERSON,PROCEDURE_OCCURRENCE,VISIT_OCCURRENCE",,MEASUREMENT:602834,600038,이벤트일 2023-04-09 > death_date 2022-01-10
SEM3-COM-003,사망 이후 임상 이벤트 금지,Plausibility,error,"CONDITION_OCCURRENCE,DRUG_EXPOSURE,MEASUREMENT,NOTE,OBSERVATION,PERSON,PROCEDURE_OCCURRENCE,VISIT_OCCURRENCE",,MEASUREMENT:602835,600038,이벤트일 2023-04-09 > death_date 2022-01-10
SEM3-COM-003,사망 이후 임상 이벤트 금지,Plausibility,error,"CONDITION_OCCURRENCE,DRUG_EXPOSURE,MEASUREMENT,NOTE,OBSERVATION,PERSON,PROCEDURE_OCCURRENCE,VISIT_OCCURRENCE",,MEASUREMENT:602836,600038,이벤트일 2023-09-27 > death_date 2022-01-10
SEM3-COM-003,사망 이후 임상 이벤트 금지,Plausibility,error,"CONDITION_OCCURRENCE,DRUG_EXPOSURE,MEASUREMENT,NOTE,OBSERVATION,PERSON,PROCEDURE_OCCURRENCE,VISIT_OCCURRENCE",,MEASUREMENT:602837,600038,이벤트일 2023-09-27 > death_date 2022-01-10
SEM3-COM-003,사망 이후 임상 이벤트 금지,Plausibility,error,"CONDITION_OCCURRENCE,DRUG_EXPOSURE,MEASUREMENT,NOTE,OBSERVATION,PERSON,PROCEDURE_OCCURRENCE,VISIT_OCCURRENCE",,MEASUREMENT:602838,600038,이벤트일 2024-03-22 > death_date 2022-01-10
SEM3-COM-003,사망 이후 임상 이벤트 금지,Plausibility,error,"CONDITION_OCCURRENCE,DRUG_EXPOSURE,MEASUREMENT,NOTE,OBSERVATION,PERSON,PROCEDURE_OCCURRENCE,VISIT_OCCURRENCE",,MEASUREMENT:602839,600038,이벤트일 2024-03-22 > death_date 2022-01-10
SEM3-COM-003,사망 이후 임상 이벤트 금지,Plausibility,error,"CONDITION_OCCURRENCE,DRUG_EXPOSURE,MEASUREMENT,NOTE,OBSERVATION,PERSON,PROCEDURE_OCCURRENCE,VISIT_OCCURRENCE",,MEASUREMENT:602840,600038,이벤트일 2024-06-18 > death_date 2022-01-10
SEM3-COM-003,사망 이후 임상 이벤트 금지,Plausibility,error,"CONDITION_OCCURRENCE,DRUG_EXPOSURE,MEASUREMENT,NOTE,OBSERVATION,PERSON,PROCEDURE_OCCURRENCE,VISIT_OCCURRENCE",,MEASUREMENT:602841,600038,이벤트일 2024-06-18 > death_date 2022-01-10
SEM3-COM-003,사망 이후 임상 이벤트 금지,Plausibility,error,"CONDITION_OCCURRENCE,DRUG_EXPOSURE,MEASUREMENT,NOTE,OBSERVATION,PERSON,PROCEDURE_OCCURRENCE,VISIT_OCCURRENCE",,MEASUREMENT:602842,600038,이벤트일 2024-09-13 > death_date 2022-01-10
SEM3-COM-003,사망 이후 임상 이벤트 금지,Plausibility,error,"CONDITION_OCCURRENCE,DRUG_EXPOSURE,MEASUREMENT,NOTE,OBSERVATION,PERSON,PROCEDURE_OCCURRENCE,VISIT_OCCURRENCE",,MEASUREMENT:602843,600038,이벤트일 2024-09-13 > death_date 2022-01-10
SEM3-COM-003,사망 이후 임상 이벤트 금지,Plausibility,error,"CONDITION_OCCURRENCE,DRUG_EXPOSURE,MEASUREMENT,NOTE,OBSERVATION,PERSON,PROCEDURE_OCCURRENCE,VISIT_OCCURRENCE",,MEASUREMENT:602844,600038,이벤트일 2025-02-03 > death_date 2022-01-10
SEM3-COM-003,사망 이후 임상 이벤트 금지,Plausibility,error,"CONDITION_OCCURRENCE,DRUG_EXPOSURE,MEASUREMENT,NOTE,OBSERVATION,PERSON,PROCEDURE_OCCURRENCE,VISIT_OCCURRENCE",,MEASUREMENT:602845,600038,이벤트일 2025-02-03 > death_date 2022-01-10
SEM3-COM-003,사망 이후 임상 이벤트 금지,Plausibility,error,"CONDITION_OCCURRENCE,DRUG_EXPOSURE,MEASUREMENT,NOTE,OBSERVATION,PERSON,PROCEDURE_OCCURRENCE,VISIT_OCCURRENCE",,MEASUREMENT:602846,600038,이벤트일 2025-05-29 > death_date 2022-01-10
SEM3-COM-003,사망 이후 임상 이벤트 금지,Plausibility,error,"CONDITION_OCCURRENCE,DRUG_EXPOSURE,MEASUREMENT,NOTE,OBSERVATION,PERSON,PROCEDURE_OCCURRENCE,VISIT_OCCURRENCE",,MEASUREMENT:602847,600038,이벤트일 2025-05-29 > death_date 2022-01-10
SEM3-COM-003,사망 이후 임상 이벤트 금지,Plausibility,error,"CONDITION_OCCURRENCE,DRUG_EXPOSURE,MEASUREMENT,NOTE,OBSERVATION,PERSON,PROCEDURE_OCCURRENCE,VISIT_OCCURRENCE",,MEASUREMENT:602848,600038,이벤트일 2025-11-22 > death_date 2022-01-10
SEM3-COM-003,사망 이후 임상 이벤트 금지,Plausibility,error,"CONDITION_OCCURRENCE,DRUG_EXPOSURE,MEASUREMENT,NOTE,OBSERVATION,PERSON,PROCEDURE_OCCURRENCE,VISIT_OCCURRENCE",,MEASUREMENT:602849,600038,이벤트일 2025-11-22 > death_date 2022-01-10
SEM3-COM-003,사망 이후 임상 이벤트 금지,Plausibility,error,"CONDITION_OCCURRENCE,DRUG_EXPOSURE,MEASUREMENT,NOTE,OBSERVATION,PERSON,PROCEDURE_OCCURRENCE,VISIT_OCCURRENCE",,MEASUREMENT:602850,600038,이벤트일 2026-03-07 > death_date 2022-01-10
SEM3-COM-003,사망 이후 임상 이벤트 금지,Plausibility,error,"CONDITION_OCCURRENCE,DRUG_EXPOSURE,MEASUREMENT,NOTE,OBSERVATION,PERSON,PROCEDURE_OCCURRENCE,VISIT_OCCURRENCE",,MEASUREMENT:602851,600038,이벤트일 2026-03-07 > death_date 2022-01-10
SEM3-COM-003,사망 이후 임상 이벤트 금지,Plausibility,error,"CONDITION_OCCURRENCE,DRUG_EXPOSURE,MEASUREMENT,NOTE,OBSERVATION,PERSON,PROCEDURE_OCCURRENCE,VISIT_OCCURRENCE",,MEASUREMENT:602852,600038,이벤트일 2026-07-04 > death_date 2022-01-10
SEM3-COM-003,사망 이후 임상 이벤트 금지,Plausibility,error,"CONDITION_OCCURRENCE,DRUG_EXPOSURE,MEASUREMENT,NOTE,OBSERVATION,PERSON,PROCEDURE_OCCURRENCE,VISIT_OCCURRENCE",,MEASUREMENT:602853,600038,이벤트일 2026-07-04 > death_date 2022-01-10
SEM3-COM-003,사망 이후 임상 이벤트 금지,Plausibility,error,"CONDITION_OCCURRENCE,DRUG_EXPOSURE,MEASUREMENT,NOTE,OBSERVATION,PERSON,PROCEDURE_OCCURRENCE,VISIT_OCCURRENCE",,CONDITION_OCCURRENCE:600144,600038,이벤트일 2022-01-11 > death_date 2022-01-10
SEM3-COM-003,사망 이후 임상 이벤트 금지,Plausibility,error,"CONDITION_OCCURRENCE,DRUG_EXPOSURE,MEASUREMENT,NOTE,OBSERVATION,PERSON,PROCEDURE_OCCURRENCE,VISIT_OCCURRENCE",,CONDITION_OCCURRENCE:600145,600038,이벤트일 2022-01-24 > death_date 2022-01-10
SEM3-COM-003,사망 이후 임상 이벤트 금지,Plausibility,error,"CONDITION_OCCURRENCE,DRUG_EXPOSURE,MEASUREMENT,NOTE,OBSERVATION,PERSON,PROCEDURE_OCCURRENCE,VISIT_OCCURRENCE",,CONDITION_OCCURRENCE:600146,600038,이벤트일 2022-02-22 > death_date 2022-01-10
SEM3-COM-003,사망 이후 임상 이벤트 금지,Plausibility,error,"CONDITION_OCCURRENCE,DRUG_EXPOSURE,MEASUREMENT,NOTE,OBSERVATION,PERSON,PROCEDURE_OCCURRENCE,VISIT_OCCURRENCE",,CONDITION_OCCURRENCE:600251,600063,이벤트일 2022-07-09 > death_date 2022-07-04
SEM3-COM-003,사망 이후 임상 이벤트 금지,Plausibility,error,"CONDITION_OCCURRENCE,DRUG_EXPOSURE,MEASUREMENT,NOTE,OBSERVATION,PERSON,PROCEDURE_OCCURRENCE,VISIT_OCCURRENCE",,CONDITION_OCCURRENCE:600252,600063,이벤트일 2022-07-09 > death_date 2022-07-04
SEM3-COM-003,사망 이후 임상 이벤트 금지,Plausibility,error,"CONDITION_OCCURRENCE,DRUG_EXPOSURE,MEASUREMENT,NOTE,OBSERVATION,PERSON,PROCEDURE_OCCURRENCE,VISIT_OCCURRENCE",,CONDITION_OCCURRENCE:600253,600063,이벤트일 2022-09-12 > death_date 2022-07-04
SEM3-COM-003,사망 이후 임상 이벤트 금지,Plausibility,error,"CONDITION_OCCURRENCE,DRUG_EXPOSURE,MEASUREMENT,NOTE,OBSERVATION,PERSON,PROCEDURE_OCCURRENCE,VISIT_OCCURRENCE",,CONDITION_OCCURRENCE:600254,600063,이벤트일 2022-11-19 > death_date 2022-07-04
SEM3-COM-003,사망 이후 임상 이벤트 금지,Plausibility,error,"CONDITION_OCCURRENCE,DRUG_EXPOSURE,MEASUREMENT,NOTE,OBSERVATION,PERSON,PROCEDURE_OCCURRENCE,VISIT_OCCURRENCE",,OBSERVATION:600063,600063,이벤트일 2022-07-09 > death_date 2022-07-04
SEM3-COM-003,사망 이후 임상 이벤트 금지,Plausibility,error,"CONDITION_OCCURRENCE,DRUG_EXPOSURE,MEASUREMENT,NOTE,OBSERVATION,PERSON,PROCEDURE_OCCURRENCE,VISIT_OCCURRENCE",,NOTE:600181,600038,이벤트일 2022-01-20 > death_date 2022-01-10
SEM3-COM-003,사망 이후 임상 이벤트 금지,Plausibility,error,"CONDITION_OCCURRENCE,DRUG_EXPOSURE,MEASUREMENT,NOTE,OBSERVATION,PERSON,PROCEDURE_OCCURRENCE,VISIT_OCCURRENCE",,NOTE:600182,600038,이벤트일 2022-04-20 > death_date 2022-01-10
SEM3-COM-003,사망 이후 임상 이벤트 금지,Plausibility,error,"CONDITION_OCCURRENCE,DRUG_EXPOSURE,MEASUREMENT,NOTE,OBSERVATION,PERSON,PROCEDURE_OCCURRENCE,VISIT_OCCURRENCE",,NOTE:600316,600063,이벤트일 2022-07-11 > death_date 2022-07-04
SEM3-COM-003,사망 이후 임상 이벤트 금지,Plausibility,error,"CONDITION_OCCURRENCE,DRUG_EXPOSURE,MEASUREMENT,NOTE,OBSERVATION,PERSON,PROCEDURE_OCCURRENCE,VISIT_OCCURRENCE",,NOTE:600317,600063,이벤트일 2022-07-10 > death_date 2022-07-04
SEM3-COM-003,사망 이후 임상 이벤트 금지,Plausibility,error,"CONDITION_OCCURRENCE,DRUG_EXPOSURE,MEASUREMENT,NOTE,OBSERVATION,PERSON,PROCEDURE_OCCURRENCE,VISIT_OCCURRENCE",,NOTE:600318,600063,이벤트일 2022-09-08 > death_date 2022-07-04
SEM3-COM-003,사망 이후 임상 이벤트 금지,Plausibility,error,"CONDITION_OCCURRENCE,DRUG_EXPOSURE,MEASUREMENT,NOTE,OBSERVATION,PERSON,PROCEDURE_OCCURRENCE,VISIT_OCCURRENCE",,NOTE:600319,600063,이벤트일 2022-12-15 > death_date 2022-07-04
SEM3-COM-004,이벤트-방문 환자 일치,Conformance,error,"ADVERSE_EVENT,CONDITION_OCCURRENCE,DRUG_EXPOSURE,MEASUREMENT,NOTE,OBSERVATION,PROCEDURE_OCCURRENCE,VISIT_OCCURRENCE",,PROCEDURE_OCCURRENCE:601324,999999999,visit 601984 의 person_id=600092
SEM3-COM-004,이벤트-방문 환자 일치,Conformance,error,"ADVERSE_EVENT,CONDITION_OCCURRENCE,DRUG_EXPOSURE,MEASUREMENT,NOTE,OBSERVATION,PROCEDURE_OCCURRENCE,VISIT_OCCURRENCE",,DRUG_EXPOSURE:601849,999999999,visit 601443 의 person_id=600066
SEM3-COM-004,이벤트-방문 환자 일치,Conformance,error,"ADVERSE_EVENT,CONDITION_OCCURRENCE,DRUG_EXPOSURE,MEASUREMENT,NOTE,OBSERVATION,PROCEDURE_OCCURRENCE,VISIT_OCCURRENCE",,DRUG_EXPOSURE:602722,600099,visit 602115 의 person_id=600023
SEM3-COM-004,이벤트-방문 환자 일치,Conformance,error,"ADVERSE_EVENT,CONDITION_OCCURRENCE,DRUG_EXPOSURE,MEASUREMENT,NOTE,OBSERVATION,PROCEDURE_OCCURRENCE,VISIT_OCCURRENCE",,DRUG_EXPOSURE:602723,600099,visit 602115 의 person_id=600023
SEM3-COM-004,이벤트-방문 환자 일치,Conformance,error,"ADVERSE_EVENT,CONDITION_OCCURRENCE,DRUG_EXPOSURE,MEASUREMENT,NOTE,OBSERVATION,PROCEDURE_OCCURRENCE,VISIT_OCCURRENCE",,DRUG_EXPOSURE:602724,600099,visit 602115 의 person_id=600023
SEM3-COM-004,이벤트-방문 환자 일치,Conformance,error,"ADVERSE_EVENT,CONDITION_OCCURRENCE,DRUG_EXPOSURE,MEASUREMENT,NOTE,OBSERVATION,PROCEDURE_OCCURRENCE,VISIT_OCCURRENCE",,MEASUREMENT:602259,999999999,visit 600627 의 person_id=600032
SEM3-COM-004,이벤트-방문 환자 일치,Conformance,error,"ADVERSE_EVENT,CONDITION_OCCURRENCE,DRUG_EXPOSURE,MEASUREMENT,NOTE,OBSERVATION,PROCEDURE_OCCURRENCE,VISIT_OCCURRENCE",,MEASUREMENT:607051,600001,visit 601951 의 person_id=600091
SEM3-COM-004,이벤트-방문 환자 일치,Conformance,error,"ADVERSE_EVENT,CONDITION_OCCURRENCE,DRUG_EXPOSURE,MEASUREMENT,NOTE,OBSERVATION,PROCEDURE_OCCURRENCE,VISIT_OCCURRENCE",,MEASUREMENT:607583,600001,visit 602094 의 person_id=600098
SEM3-COM-004,이벤트-방문 환자 일치,Conformance,error,"ADVERSE_EVENT,CONDITION_OCCURRENCE,DRUG_EXPOSURE,MEASUREMENT,NOTE,OBSERVATION,PROCEDURE_OCCURRENCE,VISIT_OCCURRENCE",,MEASUREMENT:607646,600099,visit 602115 의 person_id=600023
SEM3-COM-004,이벤트-방문 환자 일치,Conformance,error,"ADVERSE_EVENT,CONDITION_OCCURRENCE,DRUG_EXPOSURE,MEASUREMENT,NOTE,OBSERVATION,PROCEDURE_OCCURRENCE,VISIT_OCCURRENCE",,MEASUREMENT:607647,600099,visit 602115 의 person_id=600023
SEM3-COM-004,이벤트-방문 환자 일치,Conformance,error,"ADVERSE_EVENT,CONDITION_OCCURRENCE,DRUG_EXPOSURE,MEASUREMENT,NOTE,OBSERVATION,PROCEDURE_OCCURRENCE,VISIT_OCCURRENCE",,MEASUREMENT:607648,600099,visit 602115 의 person_id=600023
SEM3-COM-004,이벤트-방문 환자 일치,Conformance,error,"ADVERSE_EVENT,CONDITION_OCCURRENCE,DRUG_EXPOSURE,MEASUREMENT,NOTE,OBSERVATION,PROCEDURE_OCCURRENCE,VISIT_OCCURRENCE",,MEASUREMENT:607649,600099,visit 602115 의 person_id=600023
SEM3-COM-004,이벤트-방문 환자 일치,Conformance,error,"ADVERSE_EVENT,CONDITION_OCCURRENCE,DRUG_EXPOSURE,MEASUREMENT,NOTE,OBSERVATION,PROCEDURE_OCCURRENCE,VISIT_OCCURRENCE",,MEASUREMENT:607650,600099,visit 602115 의 person_id=600023
SEM3-COM-004,이벤트-방문 환자 일치,Conformance,error,"ADVERSE_EVENT,CONDITION_OCCURRENCE,DRUG_EXPOSURE,MEASUREMENT,NOTE,OBSERVATION,PROCEDURE_OCCURRENCE,VISIT_OCCURRENCE",,MEASUREMENT:607651,600099,visit 602115 의 person_id=600023
SEM3-COM-004,이벤트-방문 환자 일치,Conformance,error,"ADVERSE_EVENT,CONDITION_OCCURRENCE,DRUG_EXPOSURE,MEASUREMENT,NOTE,OBSERVATION,PROCEDURE_OCCURRENCE,VISIT_OCCURRENCE",,MEASUREMENT:607652,600099,visit 602115 의 person_id=600023
SEM3-COM-004,이벤트-방문 환자 일치,Conformance,error,"ADVERSE_EVENT,CONDITION_OCCURRENCE,DRUG_EXPOSURE,MEASUREMENT,NOTE,OBSERVATION,PROCEDURE_OCCURRENCE,VISIT_OCCURRENCE",,CONDITION_OCCURRENCE:600241,600060,visit 601334 의 person_id=999999999
SEM3-COM-004,이벤트-방문 환자 일치,Conformance,error,"ADVERSE_EVENT,CONDITION_OCCURRENCE,DRUG_EXPOSURE,MEASUREMENT,NOTE,OBSERVATION,PROCEDURE_OCCURRENCE,VISIT_OCCURRENCE",,CONDITION_OCCURRENCE:600336,999999999,visit 601870 의 person_id=600086
SEM3-COM-004,이벤트-방문 환자 일치,Conformance,error,"ADVERSE_EVENT,CONDITION_OCCURRENCE,DRUG_EXPOSURE,MEASUREMENT,NOTE,OBSERVATION,PROCEDURE_OCCURRENCE,VISIT_OCCURRENCE",,OBSERVATION:600073,999999999,visit 601605 의 person_id=600073
SEM3-COM-004,이벤트-방문 환자 일치,Conformance,error,"ADVERSE_EVENT,CONDITION_OCCURRENCE,DRUG_EXPOSURE,MEASUREMENT,NOTE,OBSERVATION,PROCEDURE_OCCURRENCE,VISIT_OCCURRENCE",,NOTE:600367,999999999,visit 601622 의 person_id=600074
SEM3-COM-004,이벤트-방문 환자 일치,Conformance,error,"ADVERSE_EVENT,CONDITION_OCCURRENCE,DRUG_EXPOSURE,MEASUREMENT,NOTE,OBSERVATION,PROCEDURE_OCCURRENCE,VISIT_OCCURRENCE",,ADVERSE_EVENT:600008,999999999,visit 600053 의 person_id=600003
SEM3-COM-004,이벤트-방문 환자 일치,Conformance,error,"ADVERSE_EVENT,CONDITION_OCCURRENCE,DRUG_EXPOSURE,MEASUREMENT,NOTE,OBSERVATION,PROCEDURE_OCCURRENCE,VISIT_OCCURRENCE",,ADVERSE_EVENT:600157,600060,visit 601334 의 person_id=999999999
SEM3-COM-005,"약물 종료일 >= 시작일, days_supply 일치",Plausibility,error,DRUG_EXPOSURE,,600206,600007,end < start
SEM3-COM-005,"약물 종료일 >= 시작일, days_supply 일치",Plausibility,error,DRUG_EXPOSURE,,600562,600022,days_supply=99 이나 기간=1
SEM3-COM-005,"약물 종료일 >= 시작일, days_supply 일치",Plausibility,error,DRUG_EXPOSURE,,601307,600048,days_supply=99 이나 기간=5
SEM3-COM-005,"약물 종료일 >= 시작일, days_supply 일치",Plausibility,error,DRUG_EXPOSURE,,601404,600051,end < start
SEM3-COM-005,"약물 종료일 >= 시작일, days_supply 일치",Plausibility,error,DRUG_EXPOSURE,,601546,600055,days_supply=5000 이나 기간=1
SEM3-COM-005,"약물 종료일 >= 시작일, days_supply 일치",Plausibility,error,DRUG_EXPOSURE,,602331,600083,days_supply=1 이나 기간=27560
SEM3-COM-006,투여 빈도/간격 조건부 필수,Completeness,warning,DRUG_EXPOSURE,,600319,600013,"dosing_interval_day>1, dosing_number 없음"
SEM3-COM-006,투여 빈도/간격 조건부 필수,Completeness,warning,DRUG_EXPOSURE,,600793,600031,"dosing_interval_day>1, dosing_number 없음"
SEM3-COM-006,투여 빈도/간격 조건부 필수,Completeness,warning,DRUG_EXPOSURE,,602056,600073,"frequency_per_day 있음, days_supply 없음"
SEM3-COM-007,정상범위 하한 <= 상한,Plausibility,error,MEASUREMENT,,604311,600055,range_low 10001000.0 > range_high 40.0
SEM3-COM-007,정상범위 하한 <= 상한,Plausibility,error,MEASUREMENT,,605427,600068,range_low 117.0 > range_high 17.0
SEM3-COM-007,정상범위 하한 <= 상한,Plausibility,error,MEASUREMENT,,606068,600077,range_low 350.0 > range_high 250.0
SEM3-COM-008,특화 테이블 누락 환자,Completeness,warning,PERSON,,600017,600017,LYMPHOMA 에 행 없음
SEM3-COM-008,특화 테이블 누락 환자,Completeness,warning,PERSON,,600060,600060,LYMPHOMA 에 행 없음
SEM3-COM-008,특화 테이블 누락 환자,Completeness,warning,PERSON,,None,,LYMPHOMA 에 행 없음
SEM3-COM-008,특화 테이블 누락 환자,Completeness,warning,PERSON,,600085,600085,LYMPHOMA 에 행 없음
SEM3-COM-008,특화 테이블 누락 환자,Completeness,warning,PERSON,,600086,600086,LYMPHOMA 에 행 없음
SEM3-COM-008,특화 테이블 누락 환자,Completeness,warning,PERSON,,None,,LYMPHOMA 에 행 없음
SEM3-COM-009,특화 테이블 방문 환자 일치,Conformance,error,VISIT_OCCURRENCE,,LYMPHOMA:600017,999999999,visit 600315 의 person_id=600017
SEM3-COM-009,특화 테이블 방문 환자 일치,Conformance,error,VISIT_OCCURRENCE,,LYMPHOMA:600062,600062,visit 600358 의 person_id=600019
SEM3-COM-010,이상사례 발생일 사망 이후 금지,Plausibility,error,"ADVERSE_EVENT,PERSON",,600090,600038,adverse_event_start_date 2022-01-11 > death_date 2022-01-10
SEM3-COM-010,이상사례 발생일 사망 이후 금지,Plausibility,error,"ADVERSE_EVENT,PERSON",,600091,600038,adverse_event_start_date 2022-01-24 > death_date 2022-01-10
SEM3-COM-010,이상사례 발생일 사망 이후 금지,Plausibility,error,"ADVERSE_EVENT,PERSON",,600092,600038,adverse_event_start_date 2022-02-22 > death_date 2022-01-10
SEM3-COM-010,이상사례 발생일 사망 이후 금지,Plausibility,error,"ADVERSE_EVENT,PERSON",,600165,600063,adverse_event_start_date 2022-09-12 > death_date 2022-07-04
SEM3-COM-010,이상사례 발생일 사망 이후 금지,Plausibility,error,"ADVERSE_EVENT,PERSON",,600166,600063,adverse_event_start_date 2022-11-19 > death_date 2022-07-04
SEM3-SACT-001,항암요법 기간 및 line 번호,Plausibility,error,SACT,,600058,600045,line_of_therapy=1200 이나 시작일 순서=1
SEM3-SACT-001,항암요법 기간 및 line 번호,Plausibility,error,SACT,,600062,600049,line_of_therapy=9 이나 시작일 순서=1
SEM3-SACT-001,항암요법 기간 및 line 번호,Plausibility,error,SACT,,600065,600051,line_of_therapy=1 이나 시작일 순서=2
SEM3-SACT-001,항암요법 기간 및 line 번호,Plausibility,error,SACT,,600066,600051,line_of_therapy=2 이나 시작일 순서=1
SEM3-SACT-001,항암요법 기간 및 line 번호,Plausibility,error,SACT,,600079,600058,line_of_therapy=2 이나 시작일 순서=1
SEM3-SACT-001,항암요법 기간 및 line 번호,Plausibility,error,SACT,,600080,600059,regimen_end_date < regimen_start_date
SEM3-SACT-001,항암요법 기간 및 line 번호,Plausibility,error,SACT,,600081,600059,line_of_therapy=2 이나 시작일 순서=1
SEM3-SACT-001,항암요법 기간 및 line 번호,Plausibility,error,SACT,,600100,600073,regimen_end_date < regimen_start_date
SEM3-SACT-001,항암요법 기간 및 line 번호,Plausibility,error,SACT,,600078,,line_of_therapy=1 이나 시작일 순서=2
SEM3-SACT-002,항암요법 기간이 연결 약물 기간과 일치,Plausibility,warning,"DRUG_EXPOSURE,SACT",,600077,600029,regimen_start_date 2022-01-08 <> MIN(drug start) 2019-06-28
SEM3-SACT-002,항암요법 기간이 연결 약물 기간과 일치,Plausibility,warning,"DRUG_EXPOSURE,SACT",,600050,600038,regimen_start_date 2021-12-07 <> MIN(drug start) 2021-12-10
SEM3-SACT-002,항암요법 기간이 연결 약물 기간과 일치,Plausibility,warning,"DRUG_EXPOSURE,SACT",,600080,600059,regimen_start_date 2099-01-01 <> MIN(drug start) 2023-04-21
SEM3-SACT-002,항암요법 기간이 연결 약물 기간과 일치,Plausibility,warning,"DRUG_EXPOSURE,SACT",,600100,600073,regimen_end_date 2023-10-27 < MAX(drug end) 2024-02-14
SEM3-SACT-002,항암요법 기간이 연결 약물 기간과 일치,Plausibility,warning,"DRUG_EXPOSURE,SACT",,600106,600079,regimen_start_date 2024-01-10 <> MIN(drug start) 2023-09-11
SEM3-SACT-002,항암요법 기간이 연결 약물 기간과 일치,Plausibility,warning,"DRUG_EXPOSURE,SACT",,600110,600083,regimen_end_date 2023-10-16 < MAX(drug end) 2099-01-01
SEM3-SACT-002,항암요법 기간이 연결 약물 기간과 일치,Plausibility,warning,"DRUG_EXPOSURE,SACT",,None,600046,연결된 DRUG_EXPOSURE 없음
SEM3-SACT-002,항암요법 기간이 연결 약물 기간과 일치,Plausibility,warning,"DRUG_EXPOSURE,SACT",,None,600095,연결된 DRUG_EXPOSURE 없음
SEM3-SACT-003,진행일 >= 항암 시작일,Plausibility,error,SACT,,600053,600041,date_of_progression 2019-06-03 < regimen_start_date 2019-06-13
SEM3-SACT-003,진행일 >= 항암 시작일,Plausibility,error,SACT,,600080,600059,date_of_progression 2024-08-03 < regimen_start_date 2099-01-01
SEM3-SACT-004,약물-항암요법 환자 일치,Conformance,error,"DRUG_EXPOSURE,SACT",,600297,600013,SACT 600018 의 person_id=999999999
SEM3-SACT-004,약물-항암요법 환자 일치,Conformance,error,"DRUG_EXPOSURE,SACT",,600298,600013,SACT 600018 의 person_id=999999999
SEM3-SACT-004,약물-항암요법 환자 일치,Conformance,error,"DRUG_EXPOSURE,SACT",,600299,600013,SACT 600018 의 person_id=999999999
SEM3-SACT-004,약물-항암요법 환자 일치,Conformance,error,"DRUG_EXPOSURE,SACT",,600300,600013,SACT 600018 의 person_id=999999999
SEM3-SACT-004,약물-항암요법 환자 일치,Conformance,error,"DRUG_EXPOSURE,SACT",,600301,600013,SACT 600018 의 person_id=999999999
SEM3-SACT-004,약물-항암요법 환자 일치,Conformance,error,"DRUG_EXPOSURE,SACT",,600302,600013,SACT 600018 의 person_id=999999999
SEM3-SACT-004,약물-항암요법 환자 일치,Conformance,error,"DRUG_EXPOSURE,SACT",,600303,600013,SACT 600018 의 person_id=999999999
SEM3-SACT-004,약물-항암요법 환자 일치,Conformance,error,"DRUG_EXPOSURE,SACT",,600304,600013,SACT 600018 의 person_id=999999999
SEM3-SACT-004,약물-항암요법 환자 일치,Conformance,error,"DRUG_EXPOSURE,SACT",,600305,600013,SACT 600018 의 person_id=999999999
SEM3-SACT-004,약물-항암요법 환자 일치,Conformance,error,"DRUG_EXPOSURE,SACT",,600306,600013,SACT 600018 의 person_id=999999999
SEM3-SACT-004,약물-항암요법 환자 일치,Conformance,error,"DRUG_EXPOSURE,SACT",,600307,600013,SACT 600018 의 person_id=999999999
SEM3-SACT-004,약물-항암요법 환자 일치,Conformance,error,"DRUG_EXPOSURE,SACT",,600308,600013,SACT 600018 의 person_id=999999999
SEM3-SACT-004,약물-항암요법 환자 일치,Conformance,error,"DRUG_EXPOSURE,SACT",,600309,600013,SACT 600018 의 person_id=999999999
SEM3-SACT-004,약물-항암요법 환자 일치,Conformance,error,"DRUG_EXPOSURE,SACT",,600310,600013,SACT 600018 의 person_id=999999999
SEM3-SACT-004,약물-항암요법 환자 일치,Conformance,error,"DRUG_EXPOSURE,SACT",,600311,600013,SACT 600018 의 person_id=999999999
SEM3-SACT-004,약물-항암요법 환자 일치,Conformance,error,"DRUG_EXPOSURE,SACT",,600312,600013,SACT 600018 의 person_id=999999999
SEM3-SACT-004,약물-항암요법 환자 일치,Conformance,error,"DRUG_EXPOSURE,SACT",,600313,600013,SACT 600018 의 person_id=999999999
SEM3-SACT-004,약물-항암요법 환자 일치,Conformance,error,"DRUG_EXPOSURE,SACT",,600314,600013,SACT 600018 의 person_id=999999999
SEM3-SACT-004,약물-항암요법 환자 일치,Conformance,error,"DRUG_EXPOSURE,SACT",,600315,600013,SACT 600018 의 person_id=999999999
SEM3-SACT-004,약물-항암요법 환자 일치,Conformance,error,"DRUG_EXPOSURE,SACT",,600316,600013,SACT 600018 의 person_id=999999999
SEM3-SACT-004,약물-항암요법 환자 일치,Conformance,error,"DRUG_EXPOSURE,SACT",,600317,600013,SACT 600018 의 person_id=999999999
SEM3-SACT-004,약물-항암요법 환자 일치,Conformance,error,"DRUG_EXPOSURE,SACT",,600318,600013,SACT 600018 의 person_id=999999999
SEM3-SACT-004,약물-항암요법 환자 일치,Conformance,error,"DRUG_EXPOSURE,SACT",,600319,600013,SACT 600018 의 person_id=999999999
SEM3-SACT-004,약물-항암요법 환자 일치,Conformance,error,"DRUG_EXPOSURE,SACT",,600320,600013,SACT 600018 의 person_id=999999999
SEM3-SACT-004,약물-항암요법 환자 일치,Conformance,error,"DRUG_EXPOSURE,SACT",,601849,999999999,SACT 600091 의 person_id=600066
SEM3-SACT-004,약물-항암요법 환자 일치,Conformance,error,"DRUG_EXPOSURE,SACT",,601586,600057,SACT 600077 의 person_id=600029
SEM3-SACT-004,약물-항암요법 환자 일치,Conformance,error,"DRUG_EXPOSURE,SACT",,601587,600057,SACT 600077 의 person_id=600029
SEM3-SACT-004,약물-항암요법 환자 일치,Conformance,error,"DRUG_EXPOSURE,SACT",,601588,600057,SACT 600077 의 person_id=600029
SEM3-SACT-004,약물-항암요법 환자 일치,Conformance,error,"DRUG_EXPOSURE,SACT",,601589,600057,SACT 600077 의 person_id=600029
SEM3-SACT-004,약물-항암요법 환자 일치,Conformance,error,"DRUG_EXPOSURE,SACT",,601590,600057,SACT 600077 의 person_id=600029
SEM3-SACT-004,약물-항암요법 환자 일치,Conformance,error,"DRUG_EXPOSURE,SACT",,601591,600057,SACT 600077 의 person_id=600029
SEM3-SACT-004,약물-항암요법 환자 일치,Conformance,error,"DRUG_EXPOSURE,SACT",,601592,600057,SACT 600077 의 person_id=600029
SEM3-SACT-004,약물-항암요법 환자 일치,Conformance,error,"DRUG_EXPOSURE,SACT",,601593,600057,SACT 600077 의 person_id=600029
SEM3-SACT-004,약물-항암요법 환자 일치,Conformance,error,"DRUG_EXPOSURE,SACT",,601594,600057,SACT 600077 의 person_id=600029
SEM3-SACT-004,약물-항암요법 환자 일치,Conformance,error,"DRUG_EXPOSURE,SACT",,601595,600057,SACT 600077 의 person_id=600029
SEM3-SACT-004,약물-항암요법 환자 일치,Conformance,error,"DRUG_EXPOSURE,SACT",,601596,600057,SACT 600077 의 person_id=600029
SEM3-SACT-004,약물-항암요법 환자 일치,Conformance,error,"DRUG_EXPOSURE,SACT",,601597,600057,SACT 600077 의 person_id=600029
SEM3-SACT-004,약물-항암요법 환자 일치,Conformance,error,"DRUG_EXPOSURE,SACT",,601598,600057,SACT 600077 의 person_id=600029
SEM3-SACT-004,약물-항암요법 환자 일치,Conformance,error,"DRUG_EXPOSURE,SACT",,601599,600057,SACT 600077 의 person_id=600029
SEM3-SACT-004,약물-항암요법 환자 일치,Conformance,error,"DRUG_EXPOSURE,SACT",,601600,600057,SACT 600077 의 person_id=600029
SEM3-SACT-004,약물-항암요법 환자 일치,Conformance,error,"DRUG_EXPOSURE,SACT",,601601,600057,SACT 600077 의 person_id=600029
SEM3-SACT-004,약물-항암요법 환자 일치,Conformance,error,"DRUG_EXPOSURE,SACT",,601602,600057,SACT 600077 의 person_id=600029
SEM3-SACT-004,약물-항암요법 환자 일치,Conformance,error,"DRUG_EXPOSURE,SACT",,601603,600057,SACT 600077 의 person_id=600029
SEM3-SACT-004,약물-항암요법 환자 일치,Conformance,error,"DRUG_EXPOSURE,SACT",,601604,600057,SACT 600077 의 person_id=600029
SEM3-SACT-004,약물-항암요법 환자 일치,Conformance,error,"DRUG_EXPOSURE,SACT",,601605,600057,SACT 600077 의 person_id=600029
SEM3-SACT-004,약물-항암요법 환자 일치,Conformance,error,"DRUG_EXPOSURE,SACT",,602599,600093,SACT 600106 의 person_id=600079
SEM3-SACT-005,항종양제(ATC L01) 투여는 sact_id 필수,Completeness,error,"DRUG_EXPOSURE,SACT",,600440,600018,항종양제(vincristine) 인데 sact_id 없음
SEM3-SACT-005,항종양제(ATC L01) 투여는 sact_id 필수,Completeness,error,"DRUG_EXPOSURE,SACT",,600733,600028,항종양제(doxorubicin) 인데 sact_id 없음
SEM3-SACT-005,항종양제(ATC L01) 투여는 sact_id 필수,Completeness,error,"DRUG_EXPOSURE,SACT",,602530,600090,항종양제(cyclophosphamide) 인데 sact_id 없음
SEM3-LY-001,DLBCL 이면 cell_of_origin 필수,Completeness,error,LYMPHOMA,,LYMPHOMA:600022,600022,DLBCL(9680/3) 인데 cell_of_origin 없음
SEM3-LY-001,DLBCL 이면 cell_of_origin 필수,Completeness,error,LYMPHOMA,,LYMPHOMA:600098,600098,DLBCL(9680/3) 인데 cell_of_origin 없음
SEM3-LY-002,DLBCL 이 아닌데 cell_of_origin 있음,Plausibility,warning,LYMPHOMA,,LYMPHOMA:600080,600080,histology_icdo3_code=9699/3 인데 cell_of_origin=GCB
