note_id,visit_occurrence_id,person_id,note_date,note_text,note_type_concept_id,note_class_concept_id,file_id
400001,400001,400001,2021-10-08,"Abdomen ultrasonography. Liver: diffusely increased parenchymal echogenicity with moderate posterior attenuation, compatible with moderate hepatic steatosis. Liver contour smooth. Spleen normal in size. No focal hepatic lesion. Gallbladder and bile ducts unremarkable. Impression: 중등도 지방간.",44814637,36716164,
400002,400001,400001,2021-10-08,"Outpatient note. MASLD confirmed on ultrasound (moderate steatosis). BMI 29.7. Cardiometabolic risk: HTN, dyslipidemia. FIB-4 1.77, APRI 0.58. Lifestyle modification counselled; FibroScan scheduled.",44814645,36716177,
400003,400002,400001,2021-11-05,"Transient elastography (FibroScan). Liver stiffness measurement 6.7 kPa (IQR/median 11%, 10 valid measurements), CAP 304 dB/m. Interpretation: fibrosis stage F1, steatosis S2.",44814637,36716164,
400004,400006,400001,2022-10-11,"Transient elastography (FibroScan). Liver stiffness measurement 6.6 kPa (IQR/median 25%, 10 valid measurements), CAP 279 dB/m. Interpretation: fibrosis stage F1, steatosis S2.",44814637,36716164,
400005,400010,400001,2023-10-18,"Transient elastography (FibroScan). Liver stiffness measurement 5.6 kPa (IQR/median 24%, 10 valid measurements), CAP 284 dB/m. Interpretation: fibrosis stage F1, steatosis S2.",44814637,36716164,
400006,400014,400002,2019-04-06,"Abdomen ultrasonography. Liver: diffusely increased parenchymal echogenicity with moderate posterior attenuation, compatible with moderate hepatic steatosis. Liver contour smooth. Spleen normal in size. No focal hepatic lesion. Gallbladder and bile ducts unremarkable. Impression: 중등도 지방간.",44814637,36716164,
400007,999999999,400002,2019-04-06,"Outpatient note. MASLD confirmed on ultrasound (moderate steatosis). BMI 29.2. Cardiometabolic risk: HTN, dyslipidemia, obesity. FIB-4 1.55, APRI 0.46. Lifestyle modification counselled; FibroScan scheduled.",44814645,36716177,
400008,400015,400002,2019-05-06,"Transient elastography (FibroScan). Liver stiffness measurement 8.1 kPa (IQR/median 13%, 10 valid measurements), CAP 302 dB/m. Interpretation: fibrosis stage F2, steatosis S2.",44814637,36716164,
400009,400032,400002,2023-04-12,"Transient elastography (FibroScan). Liver stiffness measurement 8.4 kPa (IQR/median 18%, 10 valid measurements), CAP 289 dB/m. Interpretation: fibrosis stage F2, steatosis S2.",44814637,36716164,
400010,400038,400003,2021-11-28,"Abdomen ultrasonography. Liver: diffusely increased parenchymal echogenicity with mild posterior attenuation, compatible with mild hepatic steatosis. Liver contour smooth. Spleen normal in size. No focal hepatic lesion. Gallbladder and bile ducts unremarkable. Impression: 경도 지방간.",44814637,36716164,
400011,400038,400003,2021-11-28,"Outpatient note. MASLD confirmed on ultrasound (mild steatosis). BMI 21.6. Cardiometabolic risk: T2DM. FIB-4 4.97, APRI 1.22. Lifestyle modification counselled; FibroScan scheduled.",44814645,36716177,
400012,400039,400003,2022-01-01,"Transient elastography (FibroScan). Liver stiffness measurement 12.2 kPa (IQR/median 14%, 10 valid measurements), CAP 280 dB/m. Interpretation: fibrosis stage F3, steatosis S1.",44814637,36716164,
400013,400048,400003,2023-11-27,"Transient elastography (FibroScan). Liver stiffness measurement 10.4 kPa (IQR/median 6%, 10 valid measurements), CAP 240 dB/m. Interpretation: fibrosis stage F3, steatosis S1.",44814637,36716164,
400014,400054,400004,2021-09-17,"Abdomen ultrasonography. Liver: diffusely increased parenchymal echogenicity with mild posterior attenuation, compatible with mild hepatic steatosis. Liver contour smooth. Spleen normal in size. No focal hepatic lesion. Gallbladder and bile ducts unremarkable. Impression: 경도 지방간.",44814637,36716164,
400015,400054,400004,2021-09-17,"Outpatient note. MASLD confirmed on ultrasound (mild steatosis). BMI 23.8. Cardiometabolic risk: HTN. FIB-4 0.8, APRI 0.34. Lifestyle modification counselled; FibroScan scheduled.",44814645,36716177,
400016,400055,400004,,"Transient elastography (FibroScan). Liver stiffness measurement 4.3 kPa (IQR/median 10%, 10 valid measurements), CAP 252 dB/m. Interpretation: fibrosis stage F0, steatosis S1.",44814637,36716164,
400017,400071,400005,2019-12-20,"Abdomen ultrasonography. Liver: diffusely increased parenchymal echogenicity with mild posterior attenuation, compatible with mild hepatic steatosis. Liver contour smooth. Spleen normal in size. No focal hepatic lesion. Gallbladder and bile ducts unremarkable. Impression: 경도 지방간.",44814637,36716164,
400018,400071,400005,2019-12-20,"Outpatient note. MASLD confirmed on ultrasound (mild steatosis). BMI 28.2. Cardiometabolic risk: T2DM, HTN, dyslipidemia, obesity. FIB-4 1.13, APRI 0.41. Lifestyle modification counselled; FibroScan scheduled.",44814645,36716177,
400019,400072,400005,2020-01-17,"Transient elastography (FibroScan). Liver stiffness measurement 6.7 kPa (IQR/median 12%, 10 valid measurements), CAP 262 dB/m. Interpretation: fibrosis stage F1, steatosis S1.",44814637,36716164,
400020,400076,400005,2020-12-12,"Transient elastography (FibroScan). Liver stiffness measurement 5.5 kPa (IQR/median 22%, 10 valid measurements), CAP 259 dB/m. Interpretation: fibrosis stage F1, steatosis S1.",44814637,36716164,
400021,400084,400006,2020-06-09,"Abdomen ultrasonography. Liver: diffusely increased parenchymal echogenicity with mild posterior attenuation, compatible with mild hepatic steatosis. Liver contour smooth. Spleen normal in size. No focal hepatic lesion. Gallbladder and bile ducts unremarkable. Impression: 경도 지방간.",,36716164,
400022,400084,400006,2020-06-09,"Outpatient note. MASLD confirmed on ultrasound (mild steatosis). BMI 30.7. Cardiometabolic risk: dyslipidemia, obesity. FIB-4 1.33, APRI 0.61. Lifestyle modification counselled; FibroScan scheduled.",44814645,36716177,
400023,400085,400006,2020-07-11,"Transient elastography (FibroScan). Liver stiffness measurement 7.4 kPa (IQR/median 15%, 10 valid measurements), CAP 243 dB/m. Interpretation: fibrosis stage F2, steatosis S1.",44814637,36716164,
400024,400089,400006,2021-06-20,"Transient elastography (FibroScan). Liver stiffness measurement 7.9 kPa (IQR/median 10%, 10 valid measurements), CAP 265 dB/m. Interpretation: fibrosis stage F2, steatosis S1.",44814637,36716164,
400025,400101,400006,2024-08-10,"Transient elastography (FibroScan). Liver stiffness measurement 9.1 kPa (IQR/median 8%, 10 valid measurements), CAP 244 dB/m. Interpretation: fibrosis stage F2, steatosis S1.",44814637,36716164,
400026,400107,400007,2020-07-05,"Abdomen ultrasonography. Liver: diffusely increased parenchymal echogenicity with mild posterior attenuation, compatible with mild hepatic steatosis. Liver contour smooth. Spleen normal in size. No focal hepatic lesion. Gallbladder and bile ducts unremarkable. Impression: 경도 지방간.",44814637,36716164,
400027,400107,999999999,2020-07-05,"Outpatient note. MASLD confirmed on ultrasound (mild steatosis). BMI 36.6. Cardiometabolic risk: obesity. FIB-4 1.54, APRI 0.48. Lifestyle modification counselled; FibroScan scheduled.",44814645,36716177,
400028,400108,400007,2020-08-07,"Transient elastography (FibroScan). Liver stiffness measurement 8.0 kPa (IQR/median 21%, 10 valid measurements), CAP 255 dB/m. Interpretation: fibrosis stage F2, steatosis S1.",44814637,36716164,
400029,400113,400007,2021-07-06,"Transient elastography (FibroScan). Liver stiffness measurement 8.6 kPa (IQR/median 14%, 10 valid measurements), CAP 252 dB/m. Interpretation: fibrosis stage F2, steatosis S1.",44814637,36716164,
400030,400123,400008,2021-11-01,"Abdomen ultrasonography. Liver: diffusely increased parenchymal echogenicity with mild posterior attenuation, compatible with mild hepatic steatosis. Liver contour smooth. Spleen normal in size. No focal hepatic lesion. Gallbladder and bile ducts unremarkable. Impression: 경도 지방간.",44814637,36716164,
400031,400123,400008,2021-11-01,"Outpatient note. MASLD confirmed on ultrasound (mild steatosis). BMI 24.4. Cardiometabolic risk: T2DM, HTN, dyslipidemia. FIB-4 1.2, APRI 0.37. Lifestyle modification counselled; FibroScan scheduled.",44814645,36716177,
400032,400128,400008,2022-11-06,"Transient elastography (FibroScan). Liver stiffness measurement 6.8 kPa (IQR/median 14%, 10 valid measurements), CAP 230 dB/m. Interpretation: fibrosis stage F1, steatosis S1.",44814637,NOT_A_NUMBER,
400033,400132,400008,2023-11-14,"Transient elastography (FibroScan). Liver stiffness measurement 6.1 kPa (IQR/median 5%, 10 valid measurements), CAP 260 dB/m. Interpretation: fibrosis stage F1, steatosis S1.",44814637,36716164,
400034,400136,400008,2024-10-29,"Transient elastography (FibroScan). Liver stiffness measurement 6.2 kPa (IQR/median 12%, 10 valid measurements), CAP 229 dB/m. Interpretation: fibrosis stage F1, steatosis S1.",44814637,36716164,
400035,400138,400009,2019-08-25,"Abdomen ultrasonography. Liver: diffusely increased parenchymal echogenicity with mild posterior attenuation, compatible with mild hepatic steatosis. Liver contour smooth. Spleen normal in size. No focal hepatic lesion. Gallbladder and bile ducts unremarkable. Impression: 경도 지방간.",44814637,36716164,
400036,400138,400009,2019-08-25,"Outpatient note. MASLD confirmed on ultrasound (mild steatosis). BMI 34.2. Cardiometabolic risk: T2DM, HTN, dyslipidemia, obesity. FIB-4 1.19, APRI 0.48. Lifestyle modification counselled; FibroScan scheduled.",44814645,36716177,
400037,400139,400009,2019-09-24,"Transient elastography (FibroScan). Liver stiffness measurement 5.3 kPa (IQR/median 23%, 10 valid measurements), CAP 278 dB/m. Interpretation: fibrosis stage F0, steatosis S1.",44814637,36716164,
400038,400149,400010,2019-02-21,"Abdomen ultrasonography. Liver: diffusely increased parenchymal echogenicity with mild posterior attenuation, compatible with mild hepatic steatosis. Liver contour smooth. Spleen normal in size. No focal hepatic lesion. Gallbladder and bile ducts unremarkable. Impression: 경도 지방간.",44814637,36716164,
400039,400149,400010,2019-02-21,"Outpatient note. MASLD confirmed on ultrasound (mild steatosis). BMI 26.3. Cardiometabolic risk: HTN, obesity. FIB-4 1.08, APRI 0.38. Lifestyle modification counselled; FibroScan scheduled.",44814645,36716177,
400040,400150,400010,2019-03-27,"Transient elastography (FibroScan). Liver stiffness measurement 6.2 kPa (IQR/median 6%, 10 valid measurements), CAP 241 dB/m. Interpretation: fibrosis stage F1, steatosis S1.",44814637,36716164,
400041,400154,400010,2020-02-12,"Transient elastography (FibroScan). Liver stiffness measurement 6.3 kPa (IQR/median 21%, 10 valid measurements), CAP 267 dB/m. Interpretation: fibrosis stage F1, steatosis S1.",44814637,36716164,
400042,400158,400010,2021-02-21,"Transient elastography (FibroScan). Liver stiffness measurement 5.5 kPa (IQR/median 16%, 10 valid measurements), CAP 220 dB/m. Interpretation: fibrosis stage F1, steatosis S1.",44814637,36716164,
400043,400166,400011,2019-04-01,"Abdomen ultrasonography. Liver: diffusely increased parenchymal echogenicity with moderate posterior attenuation, compatible with moderate hepatic steatosis. Liver contour smooth. Spleen normal in size. No focal hepatic lesion. Gallbladder and bile ducts unremarkable. Impression: 중등도 지방간.",44814637,36716164,
,400166,400011,2019-04-01,"Outpatient note. MASLD confirmed on ultrasound (moderate steatosis). BMI 23.0. Cardiometabolic risk: HTN, dyslipidemia. FIB-4 0.89, APRI 0.27. Lifestyle modification counselled; FibroScan scheduled.",44814645,36716177,
400045,400167,,2019-05-03,"Transient elastography (FibroScan). Liver stiffness measurement 4.9 kPa (IQR/median 16%, 10 valid measurements), CAP 294 dB/m. Interpretation: fibrosis stage F0, steatosis S2.",44814637,36716164,
400046,400169,400011,2019-05-23,"Liver, percutaneous needle biopsy: Metabolic dysfunction-associated steatohepatitis. Steatosis grade 2 (53%), lobular inflammation 0, hepatocellular ballooning 2; NAS 4/8. Fibrosis stage F0 (Kleiner). Portal tracts: unremarkable. Iron stain negative.",44814640,36716165,
400047,400189,400012,2023-07-17,"Abdomen ultrasonography. Liver: diffusely increased parenchymal echogenicity with moderate posterior attenuation, compatible with moderate hepatic steatosis. Liver contour smooth. Spleen normal in size. No focal hepatic lesion. Gallbladder and bile ducts unremarkable. Impression: 중등도 지방간.",44814637,36716164,
400048,400189,400012,2023-07-17,"Outpatient note. MASLD confirmed on ultrasound (moderate steatosis). BMI 27.3. Cardiometabolic risk: T2DM, dyslipidemia, obesity. FIB-4 1.79, APRI 0.51. Lifestyle modification counselled; FibroScan scheduled.",44814645,36716177,
400049,400190,400012,2023-08-19,"Transient elastography (FibroScan). Liver stiffness measurement 6.1 kPa (IQR/median 21%, 10 valid measurements), CAP 284 dB/m. Interpretation: fibrosis stage F1, steatosis S2.",44814637,36716164,
400050,400198,400012,2025-08-02,"Transient elastography (FibroScan). Liver stiffness measurement 6.9 kPa (IQR/median 23%, 10 valid measurements), CAP 267 dB/m. Interpretation: fibrosis stage F1, steatosis S2.",44814637,36716164,
400051,400202,400012,2026-08-03,"Transient elastography (FibroScan). Liver stiffness measurement 6.9 kPa (IQR/median 6%, 10 valid measurements), CAP 303 dB/m. Interpretation: fibrosis stage F1, steatosis S2.",44814637,36716164,
400052,400203,400013,2023-01-12,"Abdomen ultrasonography. Liver: diffusely increased parenchymal echogenicity with mild posterior attenuation, compatible with mild hepatic steatosis. Liver contour smooth. Spleen normal in size. No focal hepatic lesion. Gallbladder and bile ducts unremarkable. Impression: 경도 지방간.",44814637,36716164,
400053,400203,400013,2023-01-12,"Outpatient note. MASLD confirmed on ultrasound (mild steatosis). BMI 30.7. Cardiometabolic risk: obesity. FIB-4 1.23, APRI 0.24. Lifestyle modification counselled; FibroScan scheduled.",44814645,36716177,
400054,400204,400013,2023-02-16,"Transient elastography (FibroScan). Liver stiffness measurement 4.9 kPa (IQR/median 8%, 10 valid measurements), CAP 279 dB/m. Interpretation: fibrosis stage F0, steatosis S1.",44814637,36716164,
400055,400212,400014,2023-12-25,"Abdomen ultrasonography. Liver: diffusely increased parenchymal echogenicity with mild posterior attenuation, compatible with mild hepatic steatosis. Liver contour smooth. Spleen normal in size. No focal hepatic lesion. Gallbladder and bile ducts unremarkable. Impression: 경도 지방간.",44814637,36716164,
400056,400212,400014,2023-12-25,"Outpatient note. MASLD confirmed on ultrasound (mild steatosis). BMI 32.3. Cardiometabolic risk: HTN, dyslipidemia, obesity. FIB-4 1.18, APRI 0.31. Lifestyle modification counselled; FibroScan scheduled.",44814645,36716177,
400057,400215,400014,2024-03-23,"Liver, percutaneous needle biopsy: Metabolic dysfunction-associated steatohepatitis. Steatosis grade 1 (14%), lobular inflammation 1, hepatocellular ballooning 0; NAS 2/8. Fibrosis stage F1 (Kleiner). Portal tracts: mild periportal fibrosis. Iron stain negative.",44814640,36716165,
400058,400219,400014,2025-01-11,"Transient elastography (FibroScan). Liver stiffness measurement 5.6 kPa (IQR/median 14%, 10 valid measurements), CAP 218 dB/m. Interpretation: fibrosis stage F1, steatosis S1.",44814637,36716164,
400059,400223,400014,2026-01-25,"Transient elastography (FibroScan). Liver stiffness measurement 5.7 kPa (IQR/median 13%, 10 valid measurements), CAP 255 dB/m. Interpretation: fibrosis stage F1, steatosis S1.",44814637,36716164,
400060,400226,400015,2020-08-16,"Abdomen ultrasonography. Liver: diffusely increased parenchymal echogenicity with mild posterior attenuation, compatible with mild hepatic steatosis. Liver contour smooth. Spleen normal in size. No focal hepatic lesion. Gallbladder and bile ducts unremarkable. Impression: 경도 지방간.",44814637,36716164,
400061,400226,400015,2020-08-16,"Outpatient note. MASLD confirmed on ultrasound (mild steatosis). BMI 28.1. Cardiometabolic risk: T2DM, obesity. FIB-4 0.86, APRI 0.36. Lifestyle modification counselled; FibroScan scheduled.",44814645,36716177,
400062,400227,400015,2020-09-19,"Transient elastography (FibroScan). Liver stiffness measurement 5.8 kPa (IQR/median 21%, 10 valid measurements), CAP 238 dB/m. Interpretation: fibrosis stage F1, steatosis S1.",44814637,36716164,
400063,400231,400015,2021-08-16,"Transient elastography (FibroScan). Liver stiffness measurement 5.8 kPa (IQR/median 20%, 10 valid measurements), CAP 261 dB/m. Interpretation: fibrosis stage F1, steatosis S1.",44814637,36716164,
400064,400235,400015,2022-08-06,"Transient elastography (FibroScan). Liver stiffness measurement 6.7 kPa (IQR/median 5%, 10 valid measurements), CAP 253 dB/m. Interpretation: fibrosis stage F1, steatosis S1.",44814637,36716164,
400065,400249,400016,2022-04-30,"Abdomen ultrasonography. Liver: diffusely increased parenchymal echogenicity with mild posterior attenuation, compatible with mild hepatic steatosis. Liver contour smooth. Spleen normal in size. No focal hepatic lesion. Gallbladder and bile ducts unremarkable. Impression: 경도 지방간.",44814637,36716164,
400066,400249,400016,2022-04-30,"Outpatient note. MASLD confirmed on ultrasound (mild steatosis). BMI 24.1. Cardiometabolic risk: dyslipidemia. FIB-4 1.08, APRI 0.33. Lifestyle modification counselled; FibroScan scheduled.",44814645,36716177,
400067,400250,400016,2022-06-04,"Transient elastography (FibroScan). Liver stiffness measurement 4.6 kPa (IQR/median 13%, 10 valid measurements), CAP 249 dB/m. Interpretation: fibrosis stage F0, steatosis S1.",44814637,36716164,
400068,400262,400017,2019-09-23,"Abdomen ultrasonography. Liver: diffusely increased parenchymal echogenicity with mild posterior attenuation, compatible with mild hepatic steatosis. Liver contour smooth. Spleen normal in size. No focal hepatic lesion. Gallbladder and bile ducts unremarkable. Impression: 경도 지방간.",44814637,36716164,
400069,400262,400017,2019-09-23,"Outpatient note. MASLD confirmed on ultrasound (mild steatosis). BMI 32.2. Cardiometabolic risk: HTN. FIB-4 1.97, APRI 0.67. Lifestyle modification counselled; FibroScan scheduled.",44814645,36716177,
400070,400263,400017,2019-10-26,"Transient elastography (FibroScan). Liver stiffness measurement 7.5 kPa (IQR/median 22%, 10 valid measurements), CAP 280 dB/m. Interpretation: fibrosis stage F2, steatosis S1.",44814637,36716164,
400071,400279,400017,2023-10-09,"Transient elastography (FibroScan). Liver stiffness measurement 7.7 kPa (IQR/median 18%, 10 valid measurements), CAP 252 dB/m. Interpretation: fibrosis stage F2, steatosis S1.",44814637,36716164,
400072,400283,400018,2019-11-09,"Abdomen ultrasonography. Liver: diffusely increased parenchymal echogenicity with moderate posterior attenuation, compatible with moderate hepatic steatosis. Liver contour smooth. Spleen normal in size. No focal hepatic lesion. Gallbladder and bile ducts unremarkable. Impression: 중등도 지방간.",44814637,36716164,
400073,400283,400018,2019-11-09,"Outpatient note. MASLD confirmed on ultrasound (moderate steatosis). BMI 25.1. Cardiometabolic risk: T2DM, dyslipidemia, obesity. FIB-4 2.24, APRI 0.62. Lifestyle modification counselled; FibroScan scheduled.",44814645,36716177,
400074,400284,400018,2019-12-11,"Transient elastography (FibroScan). Liver stiffness measurement 8.2 kPa (IQR/median 10%, 10 valid measurements), CAP 268 dB/m. Interpretation: fibrosis stage F2, steatosis S2.",44814637,36716164,
400075,400294,400019,2023-01-28,"Abdomen ultrasonography. Liver: diffusely increased parenchymal echogenicity with moderate posterior attenuation, compatible with moderate hepatic steatosis. Liver contour smooth. Spleen normal in size. No focal hepatic lesion. Gallbladder and bile ducts unremarkable. Impression: 중등도 지방간.",44814637,36716164,
400076,400294,400019,2023-01-28,"Outpatient note. MASLD confirmed on ultrasound (moderate steatosis). BMI 28.4. Cardiometabolic risk: BMI/lab criteria. FIB-4 0.99, APRI 0.38. Lifestyle modification counselled; FibroScan scheduled.",44814645,36716177,
400077,400295,400019,2023-03-02,"Transient elastography (FibroScan). Liver stiffness measurement 3.6 kPa (IQR/median 9%, 10 valid measurements), CAP 301 dB/m. Interpretation: fibrosis stage F0, steatosis S2.",44814637,36716164,
400078,400297,400019,2023-04-24,"Liver, percutaneous needle biopsy: Metabolic dysfunction-associated steatohepatitis. Steatosis grade 2 (63%), lobular inflammation 1, hepatocellular ballooning 1; NAS 4/8. Fibrosis stage F0 (Kleiner). Portal tracts: unremarkable. Iron stain negative.",44814640,36716165,
400079,400304,400020,2021-04-25,"Abdomen ultrasonography. Liver: diffusely increased parenchymal echogenicity with moderate posterior attenuation, compatible with moderate hepatic steatosis. Liver contour smooth. Spleen normal in size. No focal hepatic lesion. Gallbladder and bile ducts unremarkable. Impression: 중등도 지방간.",44814637,36716164,
400080,400304,400020,2021-04-25,"Outpatient note. MASLD confirmed on ultrasound (moderate steatosis). BMI 24.1. Cardiometabolic risk: HTN. FIB-4 1.23, APRI 0.32. Lifestyle modification counselled; FibroScan scheduled.",44814645,36716177,
400081,400313,400020,2023-04-25,"Transient elastography (FibroScan). Liver stiffness measurement 7.0 kPa (IQR/median 6%, 10 valid measurements), CAP 276 dB/m. Interpretation: fibrosis stage F1, steatosis S2.",44814637,36716164,
400082,400321,400020,2025-05-16,"Transient elastography (FibroScan). Liver stiffness measurement 6.0 kPa (IQR/median 20%, 10 valid measurements), CAP 291 dB/m. Interpretation: fibrosis stage F1, steatosis S2.",44814637,36716164,
400083,400327,400021,2019-01-03,"Abdomen ultrasonography. Liver: diffusely increased parenchymal echogenicity with mild posterior attenuation, compatible with mild hepatic steatosis. Liver contour smooth. Spleen normal in size. No focal hepatic lesion. Gallbladder and bile ducts unremarkable. Impression: 경도 지방간.",44814637,36716164,
400084,400327,400021,2019-01-03,"Outpatient note. MASLD confirmed on ultrasound (mild steatosis). BMI 30.5. Cardiometabolic risk: dyslipidemia, obesity. FIB-4 2.43, APRI 1.14. Lifestyle modification counselled; FibroScan scheduled.",44814645,36716177,
400085,400332,400021,2019-12-26,"Transient elastography (FibroScan). Liver stiffness measurement 11.0 kPa (IQR/median 19%, 10 valid measurements), CAP 239 dB/m. Interpretation: fibrosis stage F3, steatosis S1.",44814637,36716164,
400086,400340,400021,2022-01-14,"Transient elastography (FibroScan). Liver stiffness measurement 10.4 kPa (IQR/median 25%, 10 valid measurements), CAP 256 dB/m. Interpretation: fibrosis stage F3, steatosis S1.",44814637,36716164,
400087,400344,400021,2023-01-24,"Transient elastography (FibroScan). Liver stiffness measurement 12.4 kPa (IQR/median 15%, 10 valid measurements), CAP 256 dB/m. Interpretation: fibrosis stage F3, steatosis S1.",44814637,36716164,
400088,400348,400022,2023-10-16,"Abdomen ultrasonography. Liver: diffusely increased parenchymal echogenicity with mild posterior attenuation, compatible with mild hepatic steatosis. Liver contour smooth. Spleen normal in size. No focal hepatic lesion. Gallbladder and bile ducts unremarkable. Impression: 경도 지방간.",44814637,36716164,
400089,400348,400022,2023-10-16,"Outpatient note. MASLD confirmed on ultrasound (mild steatosis). BMI 26.9. Cardiometabolic risk: dyslipidemia, obesity. FIB-4 1.0, APRI 0.42. Lifestyle modification counselled; FibroScan scheduled.",44814645,36716177,
400090,400349,400022,2023-11-17,"Transient elastography (FibroScan). Liver stiffness measurement 6.7 kPa (IQR/median 8%, 10 valid measurements), CAP 310 dB/m. Interpretation: fibrosis stage F1, steatosis S1.",44814637,36716164,
400091,400357,400022,2025-10-09,"Transient elastography (FibroScan). Liver stiffness measurement 5.6 kPa (IQR/median 25%, 10 valid measurements), CAP 237 dB/m. Interpretation: fibrosis stage F1, steatosis S1.",44814637,36716164,
400092,400361,400023,2020-07-19,"Abdomen ultrasonography. Liver: diffusely increased parenchymal echogenicity with mild posterior attenuation, compatible with mild hepatic steatosis. Liver contour smooth. Spleen normal in size. No focal hepatic lesion. Gallbladder and bile ducts unremarkable. Impression: 경도 지방간.",44814637,36716164,
400093,400361,400023,2020-07-19,"Outpatient note. MASLD confirmed on ultrasound (mild steatosis). BMI 23.7. Cardiometabolic risk: BMI/lab criteria. FIB-4 2.25, APRI 0.6. Lifestyle modification counselled; FibroScan scheduled.",44814645,36716177,
400094,400362,400023,2020-08-21,"Transient elastography (FibroScan). Liver stiffness measurement 7.4 kPa (IQR/median 21%, 10 valid measurements), CAP 253 dB/m. Interpretation: fibrosis stage F2, steatosis S1.",44814637,36716164,
400095,400364,400023,2021-08-11,"Transient elastography (FibroScan). Liver stiffness measurement 7.7 kPa (IQR/median 10%, 10 valid measurements), CAP 256 dB/m. Interpretation: fibrosis stage F2, steatosis S1.",44814637,36716164,
400096,400367,400024,2023-06-24,"Abdomen ultrasonography. Liver: diffusely increased parenchymal echogenicity with moderate posterior attenuation, compatible with moderate hepatic steatosis. Liver contour nodular and irregular. Spleen enlarged (17 cm). No focal hepatic lesion. Gallbladder and bile ducts unremarkable. Impression: 중등도 지방간, 간경변 형태.",44814637,36716164,
400097,400367,400024,2023-06-24,"Outpatient note. MASLD confirmed on ultrasound (moderate steatosis). BMI 24.1. Cardiometabolic risk: HTN. FIB-4 5.8, APRI 2.14. Lifestyle modification counselled; FibroScan scheduled.",44814645,36716177,
400098,400368,400024,2023-07-29,"Transient elastography (FibroScan). Liver stiffness measurement 30.4 kPa (IQR/median 15%, 10 valid measurements), CAP 286 dB/m. Interpretation: fibrosis stage F4, steatosis S2.",44814637,36716164,
400099,400376,400024,2025-07-10,"Transient elastography (FibroScan). Liver stiffness measurement 14.8 kPa (IQR/median 22%, 10 valid measurements), CAP 281 dB/m. Interpretation: fibrosis stage F4, steatosis S2.",44814637,36716164,
400100,400381,400025,2019-02-06,"Abdomen ultrasonography. Liver: diffusely increased parenchymal echogenicity with mild posterior attenuation, compatible with mild hepatic steatosis. Liver contour smooth. Spleen normal in size. No focal hepatic lesion. Gallbladder and bile ducts unremarkable. Impression: 경도 지방간.",44814637,36716164,
400101,400381,400025,2019-02-06,"Outpatient note. MASLD confirmed on ultrasound (mild steatosis). BMI 27.2. Cardiometabolic risk: T2DM, HTN, dyslipidemia, obesity. FIB-4 1.03, APRI 0.23. Lifestyle modification counselled; FibroScan scheduled.",44814645,36716177,
400102,400382,400025,2019-03-06,"Transient elastography (FibroScan). Liver stiffness measurement 4.7 kPa (IQR/median 15%, 10 valid measurements), CAP 238 dB/m. Interpretation: fibrosis stage F0, steatosis S1.",44814637,36716164,
400103,400404,400026,2021-10-28,"Abdomen ultrasonography. Liver: diffusely increased parenchymal echogenicity with moderate posterior attenuation, compatible with moderate hepatic steatosis. Liver contour nodular and irregular. Spleen enlarged (14 cm). No focal hepatic lesion. Gallbladder and bile ducts unremarkable. Impression: 중등도 지방간, 간경변 형태.",44814637,36716164,
400104,400404,400026,2021-10-28,"Outpatient note. MASLD confirmed on ultrasound (moderate steatosis). BMI 27.8. Cardiometabolic risk: dyslipidemia, obesity. FIB-4 3.55, APRI 1.67. Lifestyle modification counselled; FibroScan scheduled.",44814645,36716177,
400105,400405,400026,2021-11-28,"Transient elastography (FibroScan). Liver stiffness measurement 18.9 kPa (IQR/median 7%, 10 valid measurements), CAP 302 dB/m. Interpretation: fibrosis stage F4, steatosis S2.",44814637,36716164,
400106,400410,400027,2020-01-28,"Abdomen ultrasonography. Liver: diffusely increased parenchymal echogenicity with moderate posterior attenuation, compatible with moderate hepatic steatosis. Liver contour smooth. Spleen normal in size. No focal hepatic lesion. Gallbladder and bile ducts unremarkable. Impression: 중등도 지방간.",44814637,36716164,
400107,400410,400027,2020-01-28,"Outpatient note. MASLD confirmed on ultrasound (moderate steatosis). BMI 29.3. Cardiometabolic risk: T2DM, dyslipidemia. FIB-4 1.95, APRI 0.78. Lifestyle modification counselled; FibroScan scheduled.",44814645,36716177,
400108,400411,400027,2020-03-03,"Transient elastography (FibroScan). Liver stiffness measurement 5.5 kPa (IQR/median 8%, 10 valid measurements), CAP 284 dB/m. Interpretation: fibrosis stage F1, steatosis S2.",44814637,36716164,
400109,400415,400027,2021-02-06,"Transient elastography (FibroScan). Liver stiffness measurement 5.9 kPa (IQR/median 6%, 10 valid measurements), CAP 279 dB/m. Interpretation: fibrosis stage F1, steatosis S2.",44814637,36716164,
400110,400430,400028,2021-07-06,"Abdomen ultrasonography. Liver: diffusely increased parenchymal echogenicity with moderate posterior attenuation, compatible with moderate hepatic steatosis. Liver contour smooth. Spleen normal in size. No focal hepatic lesion. Gallbladder and bile ducts unremarkable. Impression: 중등도 지방간.",44814637,36716164,
400111,400430,400028,2021-07-06,"Outpatient note. MASLD confirmed on ultrasound (moderate steatosis). BMI 28.1. Cardiometabolic risk: dyslipidemia, obesity. FIB-4 1.13, APRI 0.41. Lifestyle modification counselled; FibroScan scheduled.",44814645,36716177,
400112,400431,400028,2021-08-04,"Transient elastography (FibroScan). Liver stiffness measurement 9.1 kPa (IQR/median 12%, 10 valid measurements), CAP 296 dB/m. Interpretation: fibrosis stage F2, steatosis S2.",44814637,36716164,
400113,400443,400028,2024-07-18,"Transient elastography (FibroScan). Liver stiffness measurement 8.3 kPa (IQR/median 6%, 10 valid measurements), CAP 297 dB/m. Interpretation: fibrosis stage F2, steatosis S2.",44814637,36716164,
400114,400447,400028,2025-06-30,"Transient elastography (FibroScan). Liver stiffness measurement 8.4 kPa (IQR/median 22%, 10 valid measurements), CAP 311 dB/m. Interpretation: fibrosis stage F2, steatosis S2.",44814637,36716164,
400115,400451,400029,2020-07-22,"Abdomen ultrasonography. Liver: diffusely increased parenchymal echogenicity with mild posterior attenuation, compatible with mild hepatic steatosis. Liver contour nodular and irregular. Spleen enlarged (15 cm). No focal hepatic lesion. Gallbladder and bile ducts unremarkable. Impression: 경도 지방간, 간경변 형태.",44814637,36716164,
400116,400451,400029,2020-07-22,"Outpatient note. MASLD confirmed on ultrasound (mild steatosis). BMI 29.0. Cardiometabolic risk: HTN, obesity. FIB-4 5.54, APRI 1.87. Lifestyle modification counselled; FibroScan scheduled.",44814645,36716177,
400117,400452,400029,2020-08-22,"Transient elastography (FibroScan). Liver stiffness measurement 33.0 kPa (IQR/median 21%, 10 valid measurements), CAP 234 dB/m. Interpretation: fibrosis stage F4, steatosis S1.",44814637,36716164,
400118,400454,400029,2020-09-12,"Liver, percutaneous needle biopsy: Metabolic dysfunction-associated steatohepatitis. Steatosis grade 1 (13%), lobular inflammation 2, hepatocellular ballooning 2; NAS 5/8. Fibrosis stage F4 (Kleiner). Portal tracts: bridging fibrosis. Iron stain negative.",44814640,36716165,
400119,400464,400029,2022-11-23,"Discharge summary. Admitted for living donor liver transplantation for decompensated MASLD cirrhosis (MELD 19). Procedure 2022-11-09, uneventful graft reperfusion. Postoperative course: uneventful. Discharged on POD 14 with immunosuppression and outpatient follow-up.",44814641,36716213,
400120,400465,400030,2022-05-17,"Abdomen ultrasonography. Liver: diffusely increased parenchymal echogenicity with moderate posterior attenuation, compatible with moderate hepatic steatosis. Liver contour smooth. Spleen normal in size. No focal hepatic lesion. Gallbladder and bile ducts unremarkable. Impression: 중등도 지방간.",44814637,36716164,
400121,400465,400030,2022-05-17,"Outpatient note. MASLD confirmed on ultrasound (moderate steatosis). BMI 31.1. Cardiometabolic risk: T2DM, HTN. FIB-4 1.08, APRI 0.46. Lifestyle modification counselled; FibroScan scheduled.",44814645,36716177,
400122,400466,400030,2022-06-17,"Transient elastography (FibroScan). Liver stiffness measurement 8.9 kPa (IQR/median 20%, 10 valid measurements), CAP 265 dB/m. Interpretation: fibrosis stage F2, steatosis S2.",44814637,36716164,
400123,400478,400030,2025-06-06,"Transient elastography (FibroScan). Liver stiffness measurement 8.2 kPa (IQR/median 20%, 10 valid measurements), CAP 302 dB/m. Interpretation: fibrosis stage F2, steatosis S2.",44814637,36716164,
400124,400482,400030,2026-06-05,"Transient elastography (FibroScan). Liver stiffness measurement 8.2 kPa (IQR/median 7%, 10 valid measurements), CAP 271 dB/m. Interpretation: fibrosis stage F2, steatosis S2.",44814637,36716164,
400125,400483,400031,2019-08-05,"Abdomen ultrasonography. Liver: diffusely increased parenchymal echogenicity with moderate posterior attenuation, compatible with moderate hepatic steatosis. Liver contour smooth. Spleen normal in size. No focal hepatic lesion. Gallbladder and bile ducts unremarkable. Impression: 중등도 지방간.",44814637,36716164,
400126,400483,400031,2019-08-05,"Outpatient note. MASLD confirmed on ultrasound (moderate steatosis). BMI 29.5. Cardiometabolic risk: T2DM, dyslipidemia. FIB-4 0.95, APRI 0.27. Lifestyle modification counselled; FibroScan scheduled.",44814645,36716177,
400127,400484,400031,2019-09-09,"Transient elastography (FibroScan). Liver stiffness measurement 6.0 kPa (IQR/median 14%, 10 valid measurements), CAP 298 dB/m. Interpretation: fibrosis stage F1, steatosis S2.",44814637,36716164,
400128,400486,400031,2019-10-05,"Liver, percutaneous needle biopsy: Metabolic dysfunction-associated steatohepatitis. Steatosis grade 2 (40%), lobular inflammation 1, hepatocellular ballooning 0; NAS 3/8. Fibrosis stage F1 (Kleiner). Portal tracts: mild periportal fibrosis. Iron stain negative.",44814640,36716165,
400129,400490,400031,2020-08-18,"Transient elastography (FibroScan). Liver stiffness measurement 5.6 kPa (IQR/median 8%, 10 valid measurements), CAP 267 dB/m. Interpretation: fibrosis stage F1, steatosis S2.",44814637,36716164,
400130,400503,400031,2023-07-31,"Transient elastography (FibroScan). Liver stiffness measurement 6.4 kPa (IQR/median 9%, 10 valid measurements), CAP 285 dB/m. Interpretation: fibrosis stage F1, steatosis S2.",44814637,36716164,
400131,400507,400031,2024-07-25,"Transient elastography (FibroScan). Liver stiffness measurement 5.8 kPa (IQR/median 13%, 10 valid measurements), CAP 312 dB/m. Interpretation: fibrosis stage F1, steatosis S2.",44814637,36716164,
400132,400509,400032,2021-07-22,"Abdomen ultrasonography. Liver: diffusely increased parenchymal echogenicity with mild posterior attenuation, compatible with mild hepatic steatosis. Liver contour smooth. Spleen normal in size. No focal hepatic lesion. Gallbladder and bile ducts unremarkable. Impression: 경도 지방간.",44814637,36716164,
400133,400509,400032,2021-07-22,"Outpatient note. MASLD confirmed on ultrasound (mild steatosis). BMI 26.3. Cardiometabolic risk: HTN, dyslipidemia, obesity. FIB-4 0.95, APRI 0.27. Lifestyle modification counselled; FibroScan scheduled.",44814645,36716177,
400134,400510,400032,2021-08-26,"Transient elastography (FibroScan). Liver stiffness measurement 4.2 kPa (IQR/median 21%, 10 valid measurements), CAP 274 dB/m. Interpretation: fibrosis stage F0, steatosis S1.",44814637,36716164,
400135,400512,400032,2021-10-23,"Liver, percutaneous needle biopsy: Metabolic dysfunction-associated steatohepatitis. Steatosis grade 1 (23%), lobular inflammation 1, hepatocellular ballooning 0; NAS 2/8. Fibrosis stage F0 (Kleiner). Portal tracts: unremarkable. Iron stain negative.",44814640,36716165,
400136,400522,400033,2024-07-11,"Abdomen ultrasonography. Liver: diffusely increased parenchymal echogenicity with moderate posterior attenuation, compatible with moderate hepatic steatosis. Liver contour smooth. Spleen normal in size. No focal hepatic lesion. Gallbladder and bile ducts unremarkable. Impression: 중등도 지방간.",44814637,36716164,
400137,NOT_A_NUMBER,400033,2024-07-11,"Outpatient note. MASLD confirmed on ultrasound (moderate steatosis). BMI 32.4. Cardiometabolic risk: dyslipidemia, obesity. FIB-4 0.39, APRI 0.38. Lifestyle modification counselled; FibroScan scheduled.",44814645,36716177,
400138,400525,400033,2024-09-14,"Liver, percutaneous needle biopsy: Metabolic dysfunction-associated steatohepatitis. Steatosis grade 2 (39%), lobular inflammation 3, hepatocellular ballooning 1; NAS 6/8. Fibrosis stage F1 (Kleiner). Portal tracts: mild periportal fibrosis. Iron stain negative.",44814640,36716165,
400139,400533,400033,2026-07-22,"Transient elastography (FibroScan). Liver stiffness measurement 5.6 kPa (IQR/median 17%, 10 valid measurements), CAP 304 dB/m. Interpretation: fibrosis stage F1, steatosis S2.",44814637,36716164,
400140,400534,400034,2019-11-20,"Abdomen ultrasonography. Liver: diffusely increased parenchymal echogenicity with mild posterior attenuation, compatible with mild hepatic steatosis. Liver contour smooth. Spleen normal in size. No focal hepatic lesion. Gallbladder and bile ducts unremarkable. Impression: 경도 지방간.",44814637,36716164,
400141,400534,400034,2019-11-20,"Outpatient note. MASLD confirmed on ultrasound (mild steatosis). BMI 33.7. Cardiometabolic risk: T2DM, dyslipidemia. FIB-4 0.39, APRI 0.19. Lifestyle modification counselled; FibroScan scheduled.",44814645,36716177,
400142,400535,400034,2019-12-25,"Transient elastography (FibroScan). Liver stiffness measurement 4.3 kPa (IQR/median 16%, 10 valid measurements), CAP 262 dB/m. Interpretation: fibrosis stage F0, steatosis S1.",44814637,36716164,
400143,400547,400035,2023-06-07,"Abdomen ultrasonography. Liver: diffusely increased parenchymal echogenicity with mild posterior attenuation, compatible with mild hepatic steatosis. Liver contour smooth. Spleen normal in size. No focal hepatic lesion. Gallbladder and bile ducts unremarkable. Impression: 경도 지방간.",44814637,36716164,
400144,400547,400035,2023-06-07,"Outpatient note. MASLD confirmed on ultrasound (mild steatosis). BMI 30.0. Cardiometabolic risk: HTN, dyslipidemia, obesity. FIB-4 5.78, APRI 1.28. Lifestyle modification counselled; FibroScan scheduled.",44814645,36716177,
400145,400552,400035,2024-06-10,"Transient elastography (FibroScan). Liver stiffness measurement 12.0 kPa (IQR/median 21%, 10 valid measurements), CAP 266 dB/m. Interpretation: fibrosis stage F3, steatosis S1.",44814637,36716164,
400146,400554,400035,2024-12-24,"Transient elastography (FibroScan). Liver stiffness measurement 32.9 kPa (IQR/median 21%, 10 valid measurements), CAP 266 dB/m. Interpretation: fibrosis stage F4, steatosis S1.",44814637,36716164,
400147,400556,400035,2025-06-18,"Transient elastography (FibroScan). Liver stiffness measurement 30.1 kPa (IQR/median 8%, 10 valid measurements), CAP 234 dB/m. Interpretation: fibrosis stage F4, steatosis S1.",44814637,36716164,
400148,400561,400036,2019-06-08,"Abdomen ultrasonography. Liver: diffusely increased parenchymal echogenicity with moderate posterior attenuation, compatible with moderate hepatic steatosis. Liver contour nodular and irregular. Spleen enlarged (13 cm). No focal hepatic lesion. Gallbladder and bile ducts unremarkable. Impression: 중등도 지방간, 간경변 형태.",44814637,36716164,
400149,400561,400036,2019-06-08,"Outpatient note. MASLD confirmed on ultrasound (moderate steatosis). BMI 28.7. Cardiometabolic risk: dyslipidemia, obesity. FIB-4 3.84, APRI 1.84. Lifestyle modification counselled; FibroScan scheduled.",44814645,36716177,
400150,400574,400036,2022-06-27,"Transient elastography (FibroScan). Liver stiffness measurement 25.9 kPa (IQR/median 25%, 10 valid measurements), CAP 294 dB/m. Interpretation: fibrosis stage F4, steatosis S2.",44814637,36716164,
400151,400578,400037,2024-02-15,"Abdomen ultrasonography. Liver: diffusely increased parenchymal echogenicity with moderate posterior attenuation, compatible with moderate hepatic steatosis. Liver contour smooth. Spleen normal in size. No focal hepatic lesion. Gallbladder and bile ducts unremarkable. Impression: 중등도 지방간.",44814637,36716164,
400152,400578,400037,2024-02-15,"Outpatient note. MASLD confirmed on ultrasound (moderate steatosis). BMI 24.5. Cardiometabolic risk: dyslipidemia. FIB-4 3.43, APRI 1.08. Lifestyle modification counselled; FibroScan scheduled.",44814645,36716177,
400153,400583,400037,2025-03-03,"Transient elastography (FibroScan). Liver stiffness measurement 10.4 kPa (IQR/median 10%, 10 valid measurements), CAP 313 dB/m. Interpretation: fibrosis stage F3, steatosis S2.",44814637,36716164,
400154,400589,400038,2021-03-11,"Abdomen ultrasonography. Liver: diffusely increased parenchymal echogenicity with mild posterior attenuation, compatible with mild hepatic steatosis. Liver contour smooth. Spleen normal in size. No focal hepatic lesion. Gallbladder and bile ducts unremarkable. Impression: 경도 지방간.",44814637,36716164,
400155,400589,400038,2021-03-11,"Outpatient note. MASLD confirmed on ultrasound (mild steatosis). BMI 27.0. Cardiometabolic risk: T2DM, obesity. FIB-4 2.16, APRI 0.55. Lifestyle modification counselled; FibroScan scheduled.",44814645,36716177,
400156,400594,400038,2022-03-15,"Transient elastography (FibroScan). Liver stiffness measurement 9.3 kPa (IQR/median 9%, 10 valid measurements), CAP 263 dB/m. Interpretation: fibrosis stage F2, steatosis S1.",44814637,36716164,
400157,400598,400038,2023-03-23,"Transient elastography (FibroScan). Liver stiffness measurement 7.1 kPa (IQR/median 14%, 10 valid measurements), CAP 246 dB/m. Interpretation: fibrosis stage F2, steatosis S1.",44814637,36716164,
400158,400602,400039,2020-10-10,"Abdomen ultrasonography. Liver: diffusely increased parenchymal echogenicity with mild posterior attenuation, compatible with mild hepatic steatosis. Liver contour smooth. Spleen normal in size. No focal hepatic lesion. Gallbladder and bile ducts unremarkable. Impression: 경도 지방간.",44814637,36716164,
400159,400602,400039,2020-10-10,"Outpatient note. MASLD confirmed on ultrasound (mild steatosis). BMI 31.3. Cardiometabolic risk: dyslipidemia, obesity. FIB-4 1.45, APRI 0.42. Lifestyle modification counselled; FibroScan scheduled.",44814645,36716177,
400160,400607,400039,2021-11-03,"Transient elastography (FibroScan). Liver stiffness measurement 7.4 kPa (IQR/median 13%, 10 valid measurements), CAP 251 dB/m. Interpretation: fibrosis stage F2, steatosis S1.",44814637,36716164,
400161,400611,400039,2022-11-06,"Transient elastography (FibroScan). Liver stiffness measurement 7.3 kPa (IQR/median 22%, 10 valid measurements), CAP 271 dB/m. Interpretation: fibrosis stage F2, steatosis S1.",44814637,36716164,
400162,400615,400039,2023-11-20,"Transient elastography (FibroScan). Liver stiffness measurement 9.4 kPa (IQR/median 7%, 10 valid measurements), CAP 269 dB/m. Interpretation: fibrosis stage F2, steatosis S1.",44814637,36716164,
400163,400619,400040,2023-06-15,"Abdomen ultrasonography. Liver: diffusely increased parenchymal echogenicity with mild posterior attenuation, compatible with mild hepatic steatosis. Liver contour smooth. Spleen normal in size. No focal hepatic lesion. Gallbladder and bile ducts unremarkable. Impression: 경도 지방간.",44814637,36716164,
400164,400619,400040,2023-06-15,"Outpatient note. MASLD confirmed on ultrasound (mild steatosis). BMI 29.1. Cardiometabolic risk: HTN. FIB-4 2.81, APRI 0.71. Lifestyle modification counselled; FibroScan scheduled.",44814645,36716177,
400165,400624,400040,2024-06-17,"Transient elastography (FibroScan). Liver stiffness measurement 7.0 kPa (IQR/median 7%, 10 valid measurements), CAP 274 dB/m. Interpretation: fibrosis stage F1, steatosis S1.",44814637,36716164,
400166,400632,400040,2026-06-13,"Transient elastography (FibroScan). Liver stiffness measurement 6.4 kPa (IQR/median 24%, 10 valid measurements), CAP 236 dB/m. Interpretation: fibrosis stage F1, steatosis S1.",44814637,36716164,
400167,400633,400041,2020-07-13,"Abdomen ultrasonography. Liver: diffusely increased parenchymal echogenicity with moderate posterior attenuation, compatible with moderate hepatic steatosis. Liver contour smooth. Spleen normal in size. No focal hepatic lesion. Gallbladder and bile ducts unremarkable. Impression: 중등도 지방간.",44814637,36716164,
400168,400633,400041,2020-07-13,"Outpatient note. MASLD confirmed on ultrasound (moderate steatosis). BMI 32.0. Cardiometabolic risk: HTN, dyslipidemia, obesity. FIB-4 0.71, APRI 0.21. Lifestyle modification counselled; FibroScan scheduled.",44814645,36716177,
400169,400634,400041,2020-08-11,"Transient elastography (FibroScan). Liver stiffness measurement 4.7 kPa (IQR/median 24%, 10 valid measurements), CAP 275 dB/m. Interpretation: fibrosis stage F0, steatosis S2.",44814637,36716164,
400170,400644,400042,2021-10-20,"Abdomen ultrasonography. Liver: diffusely increased parenchymal echogenicity with mild posterior attenuation, compatible with mild hepatic steatosis. Liver contour smooth. Spleen normal in size. No focal hepatic lesion. Gallbladder and bile ducts unremarkable. Impression: 경도 지방간.",44814637,36716164,
400171,400644,400042,2021-10-20,"Outpatient note. MASLD confirmed on ultrasound (mild steatosis). BMI 29.4. Cardiometabolic risk: HTN, obesity. FIB-4 1.3, APRI 0.54. Lifestyle modification counselled; FibroScan scheduled.",44814645,36716177,
400172,400645,400042,2021-11-21,"Transient elastography (FibroScan). Liver stiffness measurement 6.8 kPa (IQR/median 12%, 10 valid measurements), CAP 249 dB/m. Interpretation: fibrosis stage F1, steatosis S1.",44814637,36716164,
400173,400647,400042,2022-01-13,"Liver, percutaneous needle biopsy: Metabolic dysfunction-associated steatohepatitis. Steatosis grade 1 (16%), lobular inflammation 2, hepatocellular ballooning 1; NAS 4/8. Fibrosis stage F1 (Kleiner). Portal tracts: mild periportal fibrosis. Iron stain negative.",44814640,36716165,
400174,400657,400043,2024-04-24,"Abdomen ultrasonography. Liver: diffusely increased parenchymal echogenicity with moderate posterior attenuation, compatible with moderate hepatic steatosis. Liver contour nodular and irregular. Spleen enlarged (13 cm). No focal hepatic lesion. Gallbladder and bile ducts unremarkable. Impression: 중등도 지방간, 간경변 형태.",44814637,,
400175,400657,400043,2024-04-24,"Outpatient note. MASLD confirmed on ultrasound (moderate steatosis). BMI 25.5. Cardiometabolic risk: dyslipidemia, obesity. FIB-4 6.62, APRI 2.63. Lifestyle modification counselled; FibroScan scheduled.",44814645,36716177,
400176,400658,400043,2024-05-24,"Transient elastography (FibroScan). Liver stiffness measurement 15.5 kPa (IQR/median 15%, 10 valid measurements), CAP 267 dB/m. Interpretation: fibrosis stage F4, steatosis S2.",44814637,36716164,
400177,400660,400043,2024-07-21,"Liver, percutaneous needle biopsy: Metabolic dysfunction-associated steatohepatitis. Steatosis grade 2 (66%), lobular inflammation 3, hepatocellular ballooning 2; NAS 7/8. Fibrosis stage F4 (Kleiner). Portal tracts: bridging fibrosis. Iron stain negative.",44814640,36716165,
400178,400669,400044,2021-11-17,"Abdomen ultrasonography. Liver: diffusely increased parenchymal echogenicity with mild posterior attenuation, compatible with mild hepatic steatosis. Liver contour smooth. Spleen normal in size. No focal hepatic lesion. Gallbladder and bile ducts unremarkable. Impression: 경도 지방간.",44814637,36716164,
400179,400669,400044,2021-11-17,"Outpatient note. MASLD confirmed on ultrasound (mild steatosis). BMI 22.8. Cardiometabolic risk: T2DM. FIB-4 2.07, APRI 0.69. Lifestyle modification counselled; FibroScan scheduled.",44814645,36716177,
400180,400670,400044,2021-12-18,"Transient elastography (FibroScan). Liver stiffness measurement 7.9 kPa (IQR/median 23%, 10 valid measurements), CAP 253 dB/m. Interpretation: fibrosis stage F2, steatosis S1.",44814637,36716164,
400181,400674,400044,2022-11-01,"Transient elastography (FibroScan). Liver stiffness measurement 7.8 kPa (IQR/median 6%, 10 valid measurements), CAP 265 dB/m. Interpretation: fibrosis stage F2, steatosis S1.",44814637,36716164,
400182,400682,400044,2024-10-15,"Transient elastography (FibroScan). Liver stiffness measurement 8.8 kPa (IQR/median 16%, 10 valid measurements), CAP 272 dB/m. Interpretation: fibrosis stage F2, steatosis S1.",44814637,36716164,
400183,400684,400045,2024-04-07,"Abdomen ultrasonography. Liver: diffusely increased parenchymal echogenicity with mild posterior attenuation, compatible with mild hepatic steatosis. Liver contour nodular and irregular. Spleen enlarged (15 cm). No focal hepatic lesion. Gallbladder and bile ducts unremarkable. Impression: 경도 지방간, 간경변 형태.",44814637,36716164,
400184,400684,400045,2024-04-07,"Outpatient note. MASLD confirmed on ultrasound (mild steatosis). BMI 26.8. Cardiometabolic risk: HTN, obesity. FIB-4 4.09, APRI 2.0. Lifestyle modification counselled; FibroScan scheduled.",44814645,36716177,
400185,400693,400045,2026-03-27,"Transient elastography (FibroScan). Liver stiffness measurement 13.9 kPa (IQR/median 14%, 10 valid measurements), CAP 250 dB/m. Interpretation: fibrosis stage F4, steatosis S1.",44814637,36716164,
400186,400695,400046,2024-07-11,"Abdomen ultrasonography. Liver: diffusely increased parenchymal echogenicity with mild posterior attenuation, compatible with mild hepatic steatosis. Liver contour smooth. Spleen normal in size. No focal hepatic lesion. Gallbladder and bile ducts unremarkable. Impression: 경도 지방간.",44814637,36716164,
400187,400695,400046,2024-07-11,"Outpatient note. MASLD confirmed on ultrasound (mild steatosis). BMI 28.6. Cardiometabolic risk: T2DM, HTN, dyslipidemia, obesity. FIB-4 0.44, APRI 0.23. Lifestyle modification counselled; FibroScan scheduled.",44814645,36716177,
400188,400705,400047,2020-05-24,"Abdomen ultrasonography. Liver: diffusely increased parenchymal echogenicity with mild posterior attenuation, compatible with mild hepatic steatosis. Liver contour smooth. Spleen normal in size. No focal hepatic lesion. Gallbladder and bile ducts unremarkable. Impression: 경도 지방간.",44814637,36716164,
400189,400705,400047,2020-05-24,"Outpatient note. MASLD confirmed on ultrasound (mild steatosis). BMI 21.2. Cardiometabolic risk: T2DM, HTN, dyslipidemia. FIB-4 0.76, APRI 0.26. Lifestyle modification counselled; FibroScan scheduled.",44814645,36716177,
400190,400706,400047,2020-06-27,"Transient elastography (FibroScan). Liver stiffness measurement 5.7 kPa (IQR/median 22%, 10 valid measurements), CAP 232 dB/m. Interpretation: fibrosis stage F1, steatosis S1.",44814637,36716164,
400191,400715,400047,2022-05-11,"Transient elastography (FibroScan). Liver stiffness measurement 6.5 kPa (IQR/median 11%, 10 valid measurements), CAP 280 dB/m. Interpretation: fibrosis stage F1, steatosis S1.",44814637,36716164,
400192,400728,400047,2025-04-26,"Transient elastography (FibroScan). Liver stiffness measurement 6.3 kPa (IQR/median 16%, 10 valid measurements), CAP 241 dB/m. Interpretation: fibrosis stage F1, steatosis S1.",44814637,36716164,
400193,400730,400048,2019-01-06,"Abdomen ultrasonography. Liver: diffusely increased parenchymal echogenicity with mild posterior attenuation, compatible with mild hepatic steatosis. Liver contour smooth. Spleen normal in size. No focal hepatic lesion. Gallbladder and bile ducts unremarkable. Impression: 경도 지방간.",44814637,36716164,
400194,400730,400048,2019-01-06,"Outpatient note. MASLD confirmed on ultrasound (mild steatosis). BMI 19.0. Cardiometabolic risk: T2DM, HTN, dyslipidemia. FIB-4 0.89, APRI 0.22. Lifestyle modification counselled; FibroScan scheduled.",44814645,36716177,
400195,400731,400048,2019-02-04,"Transient elastography (FibroScan). Liver stiffness measurement 5.8 kPa (IQR/median 7%, 10 valid measurements), CAP 274 dB/m. Interpretation: fibrosis stage F1, steatosis S1.",44814637,36716164,
400196,400733,400048,2019-03-03,"Liver, percutaneous needle biopsy: Metabolic dysfunction-associated steatohepatitis. Steatosis grade 1 (15%), lobular inflammation 1, hepatocellular ballooning 0; NAS 2/8. Fibrosis stage F1 (Kleiner). Portal tracts: mild periportal fibrosis. Iron stain negative.",44814640,36716165,
400197,400737,400048,2020-01-08,"Transient elastography (FibroScan). Liver stiffness measurement 6.2 kPa (IQR/median 5%, 10 valid measurements), CAP 279 dB/m. Interpretation: fibrosis stage F1, steatosis S1.",44814637,36716164,
400198,400745,400048,2022-01-18,"Transient elastography (FibroScan). Liver stiffness measurement 6.4 kPa (IQR/median 25%, 10 valid measurements), CAP 258 dB/m. Interpretation: fibrosis stage F1, steatosis S1.",44814637,36716164,
400199,400747,400049,2022-06-19,"Abdomen ultrasonography. Liver: diffusely increased parenchymal echogenicity with mild posterior attenuation, compatible with mild hepatic steatosis. Liver contour smooth. Spleen normal in size. No focal hepatic lesion. Gallbladder and bile ducts unremarkable. Impression: 경도 지방간.",44814637,36716164,
400200,400747,400049,2022-06-19,"Outpatient note. MASLD confirmed on ultrasound (mild steatosis). BMI 29.6. Cardiometabolic risk: dyslipidemia, obesity. FIB-4 2.22, APRI 0.76. Lifestyle modification counselled; FibroScan scheduled.",44814645,36716177,
400201,400748,400049,2022-07-18,"Transient elastography (FibroScan). Liver stiffness measurement 7.1 kPa (IQR/median 5%, 10 valid measurements), CAP 277 dB/m. Interpretation: fibrosis stage F2, steatosis S1.",44814637,36716164,
400202,400760,400049,2025-07-07,"Transient elastography (FibroScan). Liver stiffness measurement 8.8 kPa (IQR/median 21%, 10 valid measurements), CAP 258 dB/m. Interpretation: fibrosis stage F2, steatosis S1.",44814637,36716164,
400131,400764,400050,2020-01-08,"Abdomen ultrasonography. Liver: diffusely increased parenchymal echogenicity with moderate posterior attenuation, compatible with moderate hepatic steatosis. Liver contour smooth. Spleen normal in size. No focal hepatic lesion. Gallbladder and bile ducts unremarkable. Impression: 중등도 지방간.",44814637,36716164,
400204,400764,400050,2020-01-08,"Outpatient note. MASLD confirmed on ultrasound (moderate steatosis). BMI 27.5. Cardiometabolic risk: HTN, dyslipidemia, obesity. FIB-4 0.62, APRI 0.26. Lifestyle modification counselled; FibroScan scheduled.",44814645,36716177,
400205,400773,400050,2022-01-31,"Transient elastography (FibroScan). Liver stiffness measurement 9.1 kPa (IQR/median 8%, 10 valid measurements), CAP 279 dB/m. Interpretation: fibrosis stage F2, steatosis S2.",44814637,36716164,
400206,400787,400051,2020-05-30,"Abdomen ultrasonography. Liver: diffusely increased parenchymal echogenicity with mild posterior attenuation, compatible with mild hepatic steatosis. Liver contour smooth. Spleen normal in size. No focal hepatic lesion. Gallbladder and bile ducts unremarkable. Impression: 경도 지방간.",44814637,36716164,
400207,400787,400051,2020-05-30,"Outpatient note. MASLD confirmed on ultrasound (mild steatosis). BMI 28.0. Cardiometabolic risk: T2DM, HTN, dyslipidemia, obesity. FIB-4 1.0, APRI 0.3. Lifestyle modification counselled; FibroScan scheduled.",44814645,36716177,
400208,400788,400051,2020-06-28,"Transient elastography (FibroScan). Liver stiffness measurement 4.5 kPa (IQR/median 15%, 10 valid measurements), CAP 275 dB/m. Interpretation: fibrosis stage F0, steatosis S1.",44814637,36716164,
400209,400790,400051,2020-08-06,"Liver, percutaneous needle biopsy: Metabolic dysfunction-associated steatohepatitis. Steatosis grade 1 (17%), lobular inflammation 3, hepatocellular ballooning 2; NAS 6/8. Fibrosis stage F0 (Kleiner). Portal tracts: unremarkable. Iron stain negative.",44814640,36716165,
400210,400801,400052,2022-07-24,"Abdomen ultrasonography. Liver: diffusely increased parenchymal echogenicity with moderate posterior attenuation, compatible with moderate hepatic steatosis. Liver contour smooth. Spleen normal in size. No focal hepatic lesion. Gallbladder and bile ducts unremarkable. Impression: 중등도 지방간.",44814637,36716164,
400211,400801,400052,2022-07-24,"Outpatient note. MASLD confirmed on ultrasound (moderate steatosis). BMI 25.7. Cardiometabolic risk: HTN. FIB-4 1.94, APRI 0.79. Lifestyle modification counselled; FibroScan scheduled.",44814645,36716177,
400212,400806,400052,2023-08-17,"Transient elastography (FibroScan). Liver stiffness measurement 10.2 kPa (IQR/median 25%, 10 valid measurements), CAP 297 dB/m. Interpretation: fibrosis stage F3, steatosis S2.",44814637,36716164,
400213,400810,400052,2024-08-10,"Transient elastography (FibroScan). Liver stiffness measurement 29.5 kPa (IQR/median 17%, 10 valid measurements), CAP 294 dB/m. Interpretation: fibrosis stage F4, steatosis S2.",44814637,36716164,
400214,400818,400053,2020-10-25,"Abdomen ultrasonography. Liver: diffusely increased parenchymal echogenicity with marked posterior attenuation and poor visualization of the diaphragm, compatible with severe hepatic steatosis. Liver contour nodular and irregular. Spleen enlarged (15 cm). No focal hepatic lesion. Gallbladder and bile ducts unremarkable. Impression: 고도 지방간, 간경변 형태.",44814637,36716164,
400215,400818,400053,2020-10-25,"Outpatient note. MASLD confirmed on ultrasound (severe steatosis). BMI 27.3. Cardiometabolic risk: HTN, obesity. FIB-4 5.2, APRI 1.73. Lifestyle modification counselled; FibroScan scheduled.",44814645,36716177,
400216,400819,400053,2020-11-23,"Transient elastography (FibroScan). Liver stiffness measurement 28.5 kPa (IQR/median 8%, 10 valid measurements), CAP 315 dB/m. Interpretation: fibrosis stage F4, steatosis S3.",44814637,36716164,
400217,400823,400053,2021-11-01,"Transient elastography (FibroScan). Liver stiffness measurement 12.9 kPa (IQR/median 19%, 10 valid measurements), CAP 331 dB/m. Interpretation: fibrosis stage F4, steatosis S3.",44814637,36716164,
400218,400831,400054,2019-10-27,"Abdomen ultrasonography. Liver: diffusely increased parenchymal echogenicity with mild posterior attenuation, compatible with mild hepatic steatosis. Liver contour smooth. Spleen normal in size. No focal hepatic lesion. Gallbladder and bile ducts unremarkable. Impression: 경도 지방간.",44814637,36716164,
400219,400831,400054,2019-10-27,"Outpatient note. MASLD confirmed on ultrasound (mild steatosis). BMI 28.6. Cardiometabolic risk: T2DM, dyslipidemia, obesity. FIB-4 0.72, APRI 0.44. Lifestyle modification counselled; FibroScan scheduled.",44814645,36716177,
400220,400832,400054,2019-12-01,"Transient elastography (FibroScan). Liver stiffness measurement 6.7 kPa (IQR/median 13%, 10 valid measurements), CAP 286 dB/m. Interpretation: fibrosis stage F1, steatosis S1.",44814637,36716164,
400221,400840,400054,2021-10-23,"Transient elastography (FibroScan). Liver stiffness measurement 6.5 kPa (IQR/median 18%, 10 valid measurements), CAP 264 dB/m. Interpretation: fibrosis stage F1, steatosis S1.",44814637,36716164,
400222,400843,400055,2023-03-11,"Abdomen ultrasonography. Liver: diffusely increased parenchymal echogenicity with moderate posterior attenuation, compatible with moderate hepatic steatosis. Liver contour smooth. Spleen normal in size. No focal hepatic lesion. Gallbladder and bile ducts unremarkable. Impression: 중등도 지방간.",44814637,36716164,
400223,400843,400055,2023-03-11,"Outpatient note. MASLD confirmed on ultrasound (moderate steatosis). BMI 30.5. Cardiometabolic risk: T2DM, HTN, dyslipidemia, obesity. FIB-4 1.17, APRI 0.56. Lifestyle modification counselled; FibroScan scheduled.",44814645,36716177,
400224,400844,400055,2023-04-08,"Transient elastography (FibroScan). Liver stiffness measurement 5.5 kPa (IQR/median 22%, 10 valid measurements), CAP 291 dB/m. Interpretation: fibrosis stage F1, steatosis S2.",44814637,36716164,
400225,400852,400055,2025-04-22,"Transient elastography (FibroScan). Liver stiffness measurement 6.5 kPa (IQR/median 21%, 10 valid measurements), CAP 326 dB/m. Interpretation: fibrosis stage F1, steatosis S2.",44814637,36716164,
400226,400858,400056,2021-05-19,"Abdomen ultrasonography. Liver: diffusely increased parenchymal echogenicity with marked posterior attenuation and poor visualization of the diaphragm, compatible with severe hepatic steatosis. Liver contour smooth. Spleen normal in size. No focal hepatic lesion. Gallbladder and bile ducts unremarkable. Impression: 고도 지방간.",44814637,36716164,
400227,400858,400056,2021-05-19,"Outpatient note. MASLD confirmed on ultrasound (severe steatosis). BMI 27.5. Cardiometabolic risk: HTN. FIB-4 1.39, APRI 0.43. Lifestyle modification counselled; FibroScan scheduled.",44814645,36716177,
400228,400859,400056,2021-06-22,"Transient elastography (FibroScan). Liver stiffness measurement 5.1 kPa (IQR/median 24%, 10 valid measurements), CAP 361 dB/m. Interpretation: fibrosis stage F0, steatosis S3.",44814637,36716164,
400229,400869,400057,2022-08-17,"Abdomen ultrasonography. Liver: diffusely increased parenchymal echogenicity with moderate posterior attenuation, compatible with moderate hepatic steatosis. Liver contour smooth. Spleen normal in size. No focal hepatic lesion. Gallbladder and bile ducts unremarkable. Impression: 중등도 지방간.",44814637,36716164,
400230,400869,400057,2022-08-17,"Outpatient note. MASLD confirmed on ultrasound (moderate steatosis). BMI 24.6. Cardiometabolic risk: T2DM, dyslipidemia. FIB-4 1.09, APRI 0.43. Lifestyle modification counselled; FibroScan scheduled.",44814645,36716177,
400231,400870,400057,2022-09-18,"Transient elastography (FibroScan). Liver stiffness measurement 5.6 kPa (IQR/median 19%, 10 valid measurements), CAP 295 dB/m. Interpretation: fibrosis stage F1, steatosis S2.",44814637,36716164,
400232,400874,400057,2023-08-25,"Transient elastography (FibroScan). Liver stiffness measurement 5.6 kPa (IQR/median 24%, 10 valid measurements), CAP 304 dB/m. Interpretation: fibrosis stage F1, steatosis S2.",44814637,36716164,
400233,400878,400057,2024-09-10,"Transient elastography (FibroScan). Liver stiffness measurement 6.9 kPa (IQR/median 21%, 10 valid measurements), CAP 288 dB/m. Interpretation: fibrosis stage F1, steatosis S2.",44814637,36716164,
400234,400882,400058,2023-10-17,"Abdomen ultrasonography. Liver: diffusely increased parenchymal echogenicity with marked posterior attenuation and poor visualization of the diaphragm, compatible with severe hepatic steatosis. Liver contour smooth. Spleen normal in size. No focal hepatic lesion. Gallbladder and bile ducts unremarkable. Impression: 고도 지방간.",44814637,36716164,
400235,400882,400058,2023-10-17,"Outpatient note. MASLD confirmed on ultrasound (severe steatosis). BMI 32.9. Cardiometabolic risk: T2DM, HTN, dyslipidemia, obesity. FIB-4 0.65, APRI 0.21. Lifestyle modification counselled; FibroScan scheduled.",44814645,36716177,
400236,400883,400058,2023-11-14,"Transient elastography (FibroScan). Liver stiffness measurement 5.7 kPa (IQR/median 18%, 10 valid measurements), CAP 386 dB/m. Interpretation: fibrosis stage F1, steatosis S3.",44814637,36716164,
400237,400894,400059,2022-04-04,"Abdomen ultrasonography. Liver: diffusely increased parenchymal echogenicity with marked posterior attenuation and poor visualization of the diaphragm, compatible with severe hepatic steatosis. Liver contour smooth. Spleen normal in size. No focal hepatic lesion. Gallbladder and bile ducts unremarkable. Impression: 고도 지방간.",44814637,36716164,
400238,400894,400059,2022-04-04,"Outpatient note. MASLD confirmed on ultrasound (severe steatosis). BMI 25.4. Cardiometabolic risk: HTN, dyslipidemia, obesity. FIB-4 2.6, APRI 1.08. Lifestyle modification counselled; FibroScan scheduled.",44814645,36716177,
400239,400895,400059,2022-05-08,"Transient elastography (FibroScan). Liver stiffness measurement 11.1 kPa (IQR/median 21%, 10 valid measurements), CAP 340 dB/m. Interpretation: fibrosis stage F3, steatosis S3.",44814637,36716164,
400240,400903,400059,2024-03-28,"Transient elastography (FibroScan). Liver stiffness measurement 11.6 kPa (IQR/median 5%, 10 valid measurements), CAP 319 dB/m. Interpretation: fibrosis stage F3, steatosis S3.",44814637,36716164,
400241,400907,400059,2025-04-04,"Transient elastography (FibroScan). Liver stiffness measurement 11.4 kPa (IQR/median 16%, 10 valid measurements), CAP 331 dB/m. Interpretation: fibrosis stage F3, steatosis S3.",44814637,36716164,
400242,400909,400060,2019-09-13,"Abdomen ultrasonography. Liver: diffusely increased parenchymal echogenicity with marked posterior attenuation and poor visualization of the diaphragm, compatible with severe hepatic steatosis. Liver contour smooth. Spleen normal in size. No focal hepatic lesion. Gallbladder and bile ducts unremarkable. Impression: 고도 지방간.",44814637,36716164,
400243,400909,400060,2019-09-13,"Outpatient note. MASLD confirmed on ultrasound (severe steatosis). BMI 21.6. Cardiometabolic risk: HTN, dyslipidemia. FIB-4 1.83, APRI 0.48. Lifestyle modification counselled; FibroScan scheduled.",44814645,36716177,
400244,400910,400060,2019-10-18,"Transient elastography (FibroScan). Liver stiffness measurement 6.3 kPa (IQR/median 25%, 10 valid measurements), CAP 305 dB/m. Interpretation: fibrosis stage F1, steatosis S3.",44814637,36716164,
400245,400922,400060,2022-09-22,"Transient elastography (FibroScan). Liver stiffness measurement 6.9 kPa (IQR/median 15%, 10 valid measurements), CAP 325 dB/m. Interpretation: fibrosis stage F1, steatosis S3.",44814637,36716164,
400246,400926,400060,2023-09-30,"Transient elastography (FibroScan). Liver stiffness measurement 5.9 kPa (IQR/median 10%, 10 valid measurements), CAP 360 dB/m. Interpretation: fibrosis stage F1, steatosis S3.",44814637,36716164,
400247,400928,400061,2022-10-24,"Abdomen ultrasonography. Liver: diffusely increased parenchymal echogenicity with mild posterior attenuation, compatible with mild hepatic steatosis. Liver contour smooth. Spleen normal in size. No focal hepatic lesion. Gallbladder and bile ducts unremarkable. Impression: 경도 지방간.",44814637,36716164,
400248,400928,400061,2022-10-24,"Outpatient note. MASLD confirmed on ultrasound (mild steatosis). BMI 25.7. Cardiometabolic risk: HTN, dyslipidemia, obesity. FIB-4 1.59, APRI 0.5. Lifestyle modification counselled; FibroScan scheduled.",44814645,36716177,
400249,400929,400061,2022-11-24,"Transient elastography (FibroScan). Liver stiffness measurement 5.0 kPa (IQR/median 12%, 10 valid measurements), CAP 267 dB/m. Interpretation: fibrosis stage F0, steatosis S1.",44814637,36716164,
400250,400931,400061,2023-01-01,"Liver, percutaneous needle biopsy: Metabolic dysfunction-associated steatohepatitis. Steatosis grade 1 (27%), lobular inflammation 0, hepatocellular ballooning 2; NAS 3/8. Fibrosis stage F0 (Kleiner). Portal tracts: unremarkable. Iron stain negative.",44814640,36716165,
400251,400943,400062,2023-05-10,"Abdomen ultrasonography. Liver: diffusely increased parenchymal echogenicity with moderate posterior attenuation, compatible with moderate hepatic steatosis. Liver contour smooth. Spleen normal in size. No focal hepatic lesion. Gallbladder and bile ducts unremarkable. Impression: 중등도 지방간.",44814637,36716164,
400252,400943,400062,2023-05-10,"Outpatient note. MASLD confirmed on ultrasound (moderate steatosis). BMI 28.0. Cardiometabolic risk: HTN, dyslipidemia, obesity. FIB-4 1.46, APRI 0.7. Lifestyle modification counselled; FibroScan scheduled.",44814645,36716177,
400253,400944,400062,2023-06-12,"Transient elastography (FibroScan). Liver stiffness measurement 9.3 kPa (IQR/median 25%, 10 valid measurements), CAP 315 dB/m. Interpretation: fibrosis stage F2, steatosis S2.",44814637,36716164,
400254,400952,400062,2025-06-20,"Transient elastography (FibroScan). Liver stiffness measurement 9.1 kPa (IQR/median 21%, 10 valid measurements), CAP 280 dB/m. Interpretation: fibrosis stage F2, steatosis S2.",44814637,36716164,
400255,400957,400063,2020-05-28,"Abdomen ultrasonography. Liver: diffusely increased parenchymal echogenicity with mild posterior attenuation, compatible with mild hepatic steatosis. Liver contour smooth. Spleen normal in size. No focal hepatic lesion. Gallbladder and bile ducts unremarkable. Impression: 경도 지방간.",44814637,36716164,
400256,400957,400063,2020-05-28,"Outpatient note. MASLD confirmed on ultrasound (mild steatosis). BMI 23.0. Cardiometabolic risk: dyslipidemia. FIB-4 0.25, APRI 0.08. Lifestyle modification counselled; FibroScan scheduled.",44814645,36716177,
400257,400958,400063,2020-06-29,"Transient elastography (FibroScan). Liver stiffness measurement 7.1 kPa (IQR/median 16%, 10 valid measurements), CAP 233 dB/m. Interpretation: fibrosis stage F2, steatosis S1.",44814637,36716164,
400258,400962,400063,2021-05-31,"Transient elastography (FibroScan). Liver stiffness measurement 8.8 kPa (IQR/median 7%, 10 valid measurements), CAP 265 dB/m. Interpretation: fibrosis stage F2, steatosis S1.",44814637,36716164,
400259,400966,400063,2022-06-05,"Transient elastography (FibroScan). Liver stiffness measurement 8.6 kPa (IQR/median 23%, 10 valid measurements), CAP 250 dB/m. Interpretation: fibrosis stage F2, steatosis S1.",44814637,36716164,
400260,400970,400063,2023-06-01,"Transient elastography (FibroScan). Liver stiffness measurement 7.6 kPa (IQR/median 8%, 10 valid measurements), CAP 259 dB/m. Interpretation: fibrosis stage F2, steatosis S1.",44814637,36716164,
400261,400974,400063,2024-06-17,"Transient elastography (FibroScan). Liver stiffness measurement 7.9 kPa (IQR/median 21%, 10 valid measurements), CAP 255 dB/m. Interpretation: fibrosis stage F2, steatosis S1.",44814637,36716164,
400262,400978,400063,2025-06-10,"Transient elastography (FibroScan). Liver stiffness measurement 7.6 kPa (IQR/median 10%, 10 valid measurements), CAP 271 dB/m. Interpretation: fibrosis stage F2, steatosis S1.",44814637,36716164,
400263,400980,400064,2019-03-25,"Abdomen ultrasonography. Liver: diffusely increased parenchymal echogenicity with mild posterior attenuation, compatible with mild hepatic steatosis. Liver contour smooth. Spleen normal in size. No focal hepatic lesion. Gallbladder and bile ducts unremarkable. Impression: 경도 지방간.",44814637,36716164,
400264,400980,400064,2019-03-25,"Outpatient note. MASLD confirmed on ultrasound (mild steatosis). BMI 23.9. Cardiometabolic risk: HTN. FIB-4 1.64, APRI 0.64. Lifestyle modification counselled; FibroScan scheduled.",44814645,36716177,
400265,400981,400064,2019-04-29,"Transient elastography (FibroScan). Liver stiffness measurement 9.8 kPa (IQR/median 18%, 10 valid measurements), CAP 274 dB/m. Interpretation: fibrosis stage F3, steatosis S1.",44814637,36716164,
400266,400985,400064,2020-04-08,"Transient elastography (FibroScan). Liver stiffness measurement 10.7 kPa (IQR/median 7%, 10 valid measurements), CAP 269 dB/m. Interpretation: fibrosis stage F3, steatosis S1.",44814637,9999999,
400267,400993,400064,2022-03-20,"Transient elastography (FibroScan). Liver stiffness measurement 11.5 kPa (IQR/median 7%, 10 valid measurements), CAP 268 dB/m. Interpretation: fibrosis stage F3, steatosis S1.",44814637,36716164,
400268,400997,400064,2023-03-04,"Transient elastography (FibroScan). Liver stiffness measurement 25.8 kPa (IQR/median 21%, 10 valid measurements), CAP 232 dB/m. Interpretation: fibrosis stage F4, steatosis S1.",44814637,36716164,
400269,401003,400065,2024-06-06,"Abdomen ultrasonography. Liver: diffusely increased parenchymal echogenicity with mild posterior attenuation, compatible with mild hepatic steatosis. Liver contour nodular and irregular. Spleen enlarged (17 cm). No focal hepatic lesion. Gallbladder and bile ducts unremarkable. Impression: 경도 지방간, 간경변 형태.",44814637,36716164,
400270,401003,400065,2024-06-06,"Outpatient note. MASLD confirmed on ultrasound (mild steatosis). BMI 32.6. Cardiometabolic risk: T2DM, dyslipidemia, obesity. FIB-4 2.24, APRI 1.15. Lifestyle modification counselled; FibroScan scheduled.",44814645,36716177,
400271,401004,400065,2024-07-06,"Transient elastography (FibroScan). Liver stiffness measurement 13.0 kPa (IQR/median 5%, 10 valid measurements), CAP 253 dB/m. Interpretation: fibrosis stage F4, steatosis S1.",44814637,36716164,
400272,401009,400065,2025-06-08,"Transient elastography (FibroScan). Liver stiffness measurement 15.7 kPa (IQR/median 16%, 10 valid measurements), CAP 222 dB/m. Interpretation: fibrosis stage F4, steatosis S1.",44814637,36716164,
400273,401014,400066,2019-01-14,"Abdomen ultrasonography. Liver: diffusely increased parenchymal echogenicity with moderate posterior attenuation, compatible with moderate hepatic steatosis. Liver contour smooth. Spleen normal in size. No focal hepatic lesion. Gallbladder and bile ducts unremarkable. Impression: 중등도 지방간.",44814637,36716164,
400274,401014,400066,2019-01-14,"Outpatient note. MASLD confirmed on ultrasound (moderate steatosis). BMI 27.1. Cardiometabolic risk: HTN, dyslipidemia, obesity. FIB-4 1.83, APRI 0.62. Lifestyle modification counselled; FibroScan scheduled.",44814645,36716177,
400275,401015,400066,2019-02-16,"Transient elastography (FibroScan). Liver stiffness measurement 7.1 kPa (IQR/median 9%, 10 valid measurements), CAP 270 dB/m. Interpretation: fibrosis stage F2, steatosis S2.",44814637,36716164,
400276,401017,400066,2019-03-18,"Liver, percutaneous needle biopsy: Metabolic dysfunction-associated steatohepatitis. Steatosis grade 2 (57%), lobular inflammation 2, hepatocellular ballooning 1; NAS 5/8. Fibrosis stage F2 (Kleiner). Portal tracts: mild periportal fibrosis. Iron stain negative.",44814640,36716165,
400277,401025,400066,2020-12-30,"Transient elastography (FibroScan). Liver stiffness measurement 9.2 kPa (IQR/median 25%, 10 valid measurements), CAP 282 dB/m. Interpretation: fibrosis stage F2, steatosis S2.",44814637,36716164,
400278,401027,400067,2019-01-06,"Abdomen ultrasonography. Liver: diffusely increased parenchymal echogenicity with marked posterior attenuation and poor visualization of the diaphragm, compatible with severe hepatic steatosis. Liver contour smooth. Spleen normal in size. No focal hepatic lesion. Gallbladder and bile ducts unremarkable. Impression: 고도 지방간.",44814637,36716164,
400279,401027,400067,2019-01-06,"Outpatient note. MASLD confirmed on ultrasound (severe steatosis). BMI 26.9. Cardiometabolic risk: dyslipidemia, obesity. FIB-4 1.08, APRI 0.34. Lifestyle modification counselled; FibroScan scheduled.",44814645,36716177,
400280,401028,400067,2019-02-04,"Transient elastography (FibroScan). Liver stiffness measurement 6.6 kPa (IQR/median 20%, 10 valid measurements), CAP 355 dB/m. Interpretation: fibrosis stage F1, steatosis S3.",44814637,36716164,
400281,401032,400067,2019-12-28,"Transient elastography (FibroScan). Liver stiffness measurement 6.8 kPa (IQR/median 11%, 10 valid measurements), CAP 317 dB/m. Interpretation: fibrosis stage F1, steatosis S3.",44814637,36716164,
400282,401040,400067,2022-01-09,"Transient elastography (FibroScan). Liver stiffness measurement 6.9 kPa (IQR/median 9%, 10 valid measurements), CAP 323 dB/m. Interpretation: fibrosis stage F1, steatosis S3.",44814637,36716164,
400283,401042,400068,2021-09-10,"Abdomen ultrasonography. Liver: diffusely increased parenchymal echogenicity with mild posterior attenuation, compatible with mild hepatic steatosis. Liver contour smooth. Spleen normal in size. No focal hepatic lesion. Gallbladder and bile ducts unremarkable. Impression: 경도 지방간.",44814637,36716164,
400284,401042,400068,2021-09-10,"Outpatient note. MASLD confirmed on ultrasound (mild steatosis). BMI 27.9. Cardiometabolic risk: T2DM, obesity. FIB-4 0.89, APRI 0.56. Lifestyle modification counselled; FibroScan scheduled.",44814645,36716177,
400285,401043,400068,2021-10-13,"Transient elastography (FibroScan). Liver stiffness measurement 12.3 kPa (IQR/median 13%, 10 valid measurements), CAP 257 dB/m. Interpretation: fibrosis stage F3, steatosis S1.",44814637,36716164,
400286,401047,400068,2022-09-04,"Transient elastography (FibroScan). Liver stiffness measurement 10.0 kPa (IQR/median 17%, 10 valid measurements), CAP 256 dB/m. Interpretation: fibrosis stage F3, steatosis S1.",44814637,36716164,
400287,401053,400068,2024-03-10,"Transient elastography (FibroScan). Liver stiffness measurement 25.6 kPa (IQR/median 10%, 10 valid measurements), CAP 247 dB/m. Interpretation: fibrosis stage F4, steatosis S1.",44814637,36716164,
400288,401055,400068,2024-09-17,"Transient elastography (FibroScan). Liver stiffness measurement 15.1 kPa (IQR/median 13%, 10 valid measurements), CAP 253 dB/m. Interpretation: fibrosis stage F4, steatosis S1.",44814637,36716164,
400289,401063,400069,2024-04-22,"Abdomen ultrasonography. Liver: diffusely increased parenchymal echogenicity with mild posterior attenuation, compatible with mild hepatic steatosis. Liver contour smooth. Spleen normal in size. No focal hepatic lesion. Gallbladder and bile ducts unremarkable. Impression: 경도 지방간.",44814637,36716164,
400290,401063,400069,2024-04-22,"Outpatient note. MASLD confirmed on ultrasound (mild steatosis). BMI 27.0. Cardiometabolic risk: T2DM, obesity. FIB-4 0.49, APRI 0.24. Lifestyle modification counselled; FibroScan scheduled.",44814645,36716177,
400291,401064,400069,2024-05-26,"Transient elastography (FibroScan). Liver stiffness measurement 5.6 kPa (IQR/median 13%, 10 valid measurements), CAP 226 dB/m. Interpretation: fibrosis stage F1, steatosis S1.",44814637,36716164,
400292,401066,400069,2024-07-16,"Liver, percutaneous needle biopsy: Metabolic dysfunction-associated steatohepatitis. Steatosis grade 1 (13%), lobular inflammation 0, hepatocellular ballooning 2; NAS 3/8. Fibrosis stage F1 (Kleiner). Portal tracts: mild periportal fibrosis. Iron stain negative.",44814640,36716165,
400293,401070,400069,2025-04-26,"Transient elastography (FibroScan). Liver stiffness measurement 6.9 kPa (IQR/median 17%, 10 valid measurements), CAP 214 dB/m. Interpretation: fibrosis stage F1, steatosis S1.",44814637,36716164,
400294,401076,400070,2021-09-04,"Abdomen ultrasonography. Liver: diffusely increased parenchymal echogenicity with moderate posterior attenuation, compatible with moderate hepatic steatosis. Liver contour smooth. Spleen normal in size. No focal hepatic lesion. Gallbladder and bile ducts unremarkable. Impression: 중등도 지방간.",44814637,36716164,
400295,401076,400070,2021-09-04,"Outpatient note. MASLD confirmed on ultrasound (moderate steatosis). BMI 34.1. Cardiometabolic risk: T2DM, HTN, dyslipidemia, obesity. FIB-4 1.15, APRI 0.34. Lifestyle modification counselled; FibroScan scheduled.",44814645,36716177,
400296,401086,400070,2023-09-08,"Transient elastography (FibroScan). Liver stiffness measurement 6.3 kPa (IQR/median 21%, 10 valid measurements), CAP 294 dB/m. Interpretation: fibrosis stage F1, steatosis S2.",44814637,36716164,
400297,401090,400071,2019-11-05,"Abdomen ultrasonography. Liver: diffusely increased parenchymal echogenicity with moderate posterior attenuation, compatible with moderate hepatic steatosis. Liver contour smooth. Spleen normal in size. No focal hepatic lesion. Gallbladder and bile ducts unremarkable. Impression: 중등도 지방간.",44814637,36716164,
400298,401090,400071,2019-11-05,"Outpatient note. MASLD confirmed on ultrasound (moderate steatosis). BMI 29.9. Cardiometabolic risk: dyslipidemia, obesity. FIB-4 2.02, APRI 1.0. Lifestyle modification counselled; FibroScan scheduled.",44814645,36716177,
400299,401091,400071,2019-12-04,"Transient elastography (FibroScan). Liver stiffness measurement 10.2 kPa (IQR/median 7%, 10 valid measurements), CAP 310 dB/m. Interpretation: fibrosis stage F3, steatosis S2.",44814637,36716164,
400300,401095,400071,2020-11-24,"Transient elastography (FibroScan). Liver stiffness measurement 9.9 kPa (IQR/median 14%, 10 valid measurements), CAP 305 dB/m. Interpretation: fibrosis stage F3, steatosis S2.",44814637,36716164,
400301,401099,400071,2021-12-02,"Transient elastography (FibroScan). Liver stiffness measurement 16.3 kPa (IQR/median 19%, 10 valid measurements), CAP 286 dB/m. Interpretation: fibrosis stage F4, steatosis S2.",44814637,36716164,
400302,401103,400072,2023-09-29,"Abdomen ultrasonography. Liver: diffusely increased parenchymal echogenicity with moderate posterior attenuation, compatible with moderate hepatic steatosis. Liver contour smooth. Spleen normal in size. No focal hepatic lesion. Gallbladder and bile ducts unremarkable. Impression: 중등도 지방간.",44814637,36716164,
400303,401103,400072,2023-09-29,"Outpatient note. MASLD confirmed on ultrasound (moderate steatosis). BMI 24.0. Cardiometabolic risk: HTN, dyslipidemia. FIB-4 1.53, APRI 0.44. Lifestyle modification counselled; FibroScan scheduled.",44814645,36716177,
400304,401104,400072,2023-11-03,"Transient elastography (FibroScan). Liver stiffness measurement 6.9 kPa (IQR/median 22%, 10 valid measurements), CAP 265 dB/m. Interpretation: fibrosis stage F1, steatosis S2.",44814637,36716164,
400305,401116,400073,2019-06-19,"Abdomen ultrasonography. Liver: diffusely increased parenchymal echogenicity with mild posterior attenuation, compatible with mild hepatic steatosis. Liver contour smooth. Spleen normal in size. No focal hepatic lesion. Gallbladder and bile ducts unremarkable. Impression: 경도 지방간.",44814637,36716164,
400306,401116,400073,2019-06-19,"Outpatient note. MASLD confirmed on ultrasound (mild steatosis). BMI 20.6. Cardiometabolic risk: BMI/lab criteria. FIB-4 1.09, APRI 0.4. Lifestyle modification counselled; FibroScan scheduled.",44814645,36716177,
400307,401117,400073,2019-07-23,"Transient elastography (FibroScan). Liver stiffness measurement 5.5 kPa (IQR/median 5%, 10 valid measurements), CAP 255 dB/m. Interpretation: fibrosis stage F1, steatosis S1.",44814637,36716164,
400308,401119,400073,2020-07-13,"Transient elastography (FibroScan). Liver stiffness measurement 6.7 kPa (IQR/median 14%, 10 valid measurements), CAP 276 dB/m. Interpretation: fibrosis stage F1, steatosis S1.",44814637,36716164,
400309,401123,400073,2022-07-10,"Transient elastography (FibroScan). Liver stiffness measurement 6.1 kPa (IQR/median 6%, 10 valid measurements), CAP 242 dB/m. Interpretation: fibrosis stage F1, steatosis S1.",44814637,36716164,
400310,401126,400074,2023-05-22,"Abdomen ultrasonography. Liver: diffusely increased parenchymal echogenicity with mild posterior attenuation, compatible with mild hepatic steatosis. Liver contour smooth. Spleen normal in size. No focal hepatic lesion. Gallbladder and bile ducts unremarkable. Impression: 경도 지방간.",44814637,36716164,
400311,401126,NOT_A_NUMBER,2023-05-22,"Outpatient note. MASLD confirmed on ultrasound (mild steatosis). BMI 30.0. Cardiometabolic risk: BMI/lab criteria. FIB-4 0.22, APRI 0.1. Lifestyle modification counselled; FibroScan scheduled.",44814645,36716177,
400312,401127,400074,2023-06-19,"Transient elastography (FibroScan). Liver stiffness measurement 5.4 kPa (IQR/median 12%, 10 valid measurements), CAP 229 dB/m. Interpretation: fibrosis stage F0, steatosis S1.",44814637,36716164,
400313,401139,400075,2022-09-14,"Abdomen ultrasonography. Liver: diffusely increased parenchymal echogenicity with moderate posterior attenuation, compatible with moderate hepatic steatosis. Liver contour smooth. Spleen normal in size. No focal hepatic lesion. Gallbladder and bile ducts unremarkable. Impression: 중등도 지방간.",44814637,36716164,
400314,401139,400075,2022-09-14,"Outpatient note. MASLD confirmed on ultrasound (moderate steatosis). BMI 28.7. Cardiometabolic risk: HTN, obesity. FIB-4 0.63, APRI 0.32. Lifestyle modification counselled; FibroScan scheduled.",44814645,36716177,
400315,401140,400075,2022-10-12,"Transient elastography (FibroScan). Liver stiffness measurement 6.5 kPa (IQR/median 23%, 10 valid measurements), CAP 264 dB/m. Interpretation: fibrosis stage F1, steatosis S2.",44814637,36716164,
400316,401144,400075,2023-09-26,"Transient elastography (FibroScan). Liver stiffness measurement 7.0 kPa (IQR/median 21%, 10 valid measurements), CAP 300 dB/m. Interpretation: fibrosis stage F1, steatosis S2.",44814637,36716164,
400317,401152,400075,2025-10-06,"Transient elastography (FibroScan). Liver stiffness measurement 6.4 kPa (IQR/median 6%, 10 valid measurements), CAP 308 dB/m. Interpretation: fibrosis stage F1, steatosis S2.",44814637,36716164,
400318,401156,400076,2020-01-28,"Abdomen ultrasonography. Liver: diffusely increased parenchymal echogenicity with mild posterior attenuation, compatible with mild hepatic steatosis. Liver contour smooth. Spleen normal in size. No focal hepatic lesion. Gallbladder and bile ducts unremarkable. Impression: 경도 지방간.",44814637,36716164,
400319,401156,400076,2020-01-28,"Outpatient note. MASLD confirmed on ultrasound (mild steatosis). BMI 28.0. Cardiometabolic risk: T2DM, dyslipidemia. FIB-4 0.67, APRI 0.31. Lifestyle modification counselled; FibroScan scheduled.",44814645,36716177,
400320,401157,400076,2020-03-02,"Transient elastography (FibroScan). Liver stiffness measurement 6.3 kPa (IQR/median 21%, 10 valid measurements), CAP 244 dB/m. Interpretation: fibrosis stage F1, steatosis S1.",44814637,36716164,
400321,401161,400076,2021-01-21,"Transient elastography (FibroScan). Liver stiffness measurement 6.0 kPa (IQR/median 16%, 10 valid measurements), CAP 238 dB/m. Interpretation: fibrosis stage F1, steatosis S1.",44814637,36716164,
400322,401165,400076,2022-01-26,"Transient elastography (FibroScan). Liver stiffness measurement 6.7 kPa (IQR/median 22%, 10 valid measurements), CAP 281 dB/m. Interpretation: fibrosis stage F1, steatosis S1.",44814637,36716164,
400323,401169,400077,2021-05-04,"Abdomen ultrasonography. Liver: diffusely increased parenchymal echogenicity with moderate posterior attenuation, compatible with moderate hepatic steatosis. Liver contour smooth. Spleen normal in size. No focal hepatic lesion. Gallbladder and bile ducts unremarkable. Impression: 중등도 지방간.",9999999,36716164,
400324,401169,400077,2021-05-04,"Outpatient note. MASLD confirmed on ultrasound (moderate steatosis). BMI 30.2. Cardiometabolic risk: T2DM, obesity. FIB-4 0.76, APRI 0.33. Lifestyle modification counselled; FibroScan scheduled.",44814645,36716177,
400325,401170,400077,2021-06-01,"Transient elastography (FibroScan). Liver stiffness measurement 4.9 kPa (IQR/median 6%, 10 valid measurements), CAP 269 dB/m. Interpretation: fibrosis stage F0, steatosis S2.",44814637,36716164,
400326,401192,400078,2022-04-03,"Abdomen ultrasonography. Liver: diffusely increased parenchymal echogenicity with marked posterior attenuation and poor visualization of the diaphragm, compatible with severe hepatic steatosis. Liver contour smooth. Spleen normal in size. No focal hepatic lesion. Gallbladder and bile ducts unremarkable. Impression: 고도 지방간.",44814637,36716164,
400327,401192,400078,2022-04-03,"Outpatient note. MASLD confirmed on ultrasound (severe steatosis). BMI 21.9. Cardiometabolic risk: T2DM, dyslipidemia. FIB-4 1.22, APRI 0.76. Lifestyle modification counselled; FibroScan scheduled.",44814645,36716177,
400328,401193,400078,2022-05-06,"Transient elastography (FibroScan). Liver stiffness measurement 11.4 kPa (IQR/median 6%, 10 valid measurements), CAP 338 dB/m. Interpretation: fibrosis stage F3, steatosis S3.",44814637,36716164,
400329,401208,400079,2023-05-10,"Abdomen ultrasonography. Liver: diffusely increased parenchymal echogenicity with moderate posterior attenuation, compatible with moderate hepatic steatosis. Liver contour nodular and irregular. Spleen enlarged (15 cm). No focal hepatic lesion. Gallbladder and bile ducts unremarkable. Impression: 중등도 지방간, 간경변 형태.",44814637,36716164,
400330,401208,400079,2023-05-10,"Outpatient note. MASLD confirmed on ultrasound (moderate steatosis). BMI 33.3. Cardiometabolic risk: T2DM, HTN. FIB-4 5.57, APRI 1.54. Lifestyle modification counselled; FibroScan scheduled.",44814645,36716177,
400331,401217,400079,2025-05-21,"Transient elastography (FibroScan). Liver stiffness measurement 25.7 kPa (IQR/median 11%, 10 valid measurements), CAP 272 dB/m. Interpretation: fibrosis stage F4, steatosis S2.",44814637,36716164,
400332,401219,400080,2019-04-20,"Abdomen ultrasonography. Liver: diffusely increased parenchymal echogenicity with moderate posterior attenuation, compatible with moderate hepatic steatosis. Liver contour smooth. Spleen normal in size. No focal hepatic lesion. Gallbladder and bile ducts unremarkable. Impression: 중등도 지방간.",44814637,36716164,
400333,401219,400080,2019-04-20,"Outpatient note. MASLD confirmed on ultrasound (moderate steatosis). BMI 27.9. Cardiometabolic risk: HTN, obesity. FIB-4 0.66, APRI 0.33. Lifestyle modification counselled; FibroScan scheduled.",44814645,36716177,
400334,401220,400080,2019-05-24,"Transient elastography (FibroScan). Liver stiffness measurement 6.0 kPa (IQR/median 19%, 10 valid measurements), CAP 281 dB/m. Interpretation: fibrosis stage F1, steatosis S2.",44814637,36716164,
400335,401228,400080,2021-04-19,"Transient elastography (FibroScan). Liver stiffness measurement 6.4 kPa (IQR/median 8%, 10 valid measurements), CAP 267 dB/m. Interpretation: fibrosis stage F1, steatosis S2.",44814637,36716164,
400336,401238,400081,2021-10-19,"Abdomen ultrasonography. Liver: diffusely increased parenchymal echogenicity with mild posterior attenuation, compatible with mild hepatic steatosis. Liver contour smooth. Spleen normal in size. No focal hepatic lesion. Gallbladder and bile ducts unremarkable. Impression: 경도 지방간.",44814637,36716164,
400337,401238,400081,2021-10-19,"Outpatient note. MASLD confirmed on ultrasound (mild steatosis). BMI 32.2. Cardiometabolic risk: HTN, dyslipidemia, obesity. FIB-4 2.54, APRI 0.85. Lifestyle modification counselled; FibroScan scheduled.",44814645,36716177,
400338,401239,400081,2021-11-18,"Transient elastography (FibroScan). Liver stiffness measurement 11.5 kPa (IQR/median 15%, 10 valid measurements), CAP 280 dB/m. Interpretation: fibrosis stage F3, steatosis S1.",44814637,36716164,
400339,401251,400082,2023-05-26,"Abdomen ultrasonography. Liver: diffusely increased parenchymal echogenicity with moderate posterior attenuation, compatible with moderate hepatic steatosis. Liver contour smooth. Spleen normal in size. No focal hepatic lesion. Gallbladder and bile ducts unremarkable. Impression: 중등도 지방간.",44814637,36716164,
400340,401251,400082,2023-05-26,"Outpatient note. MASLD confirmed on ultrasound (moderate steatosis). BMI 30.9. Cardiometabolic risk: HTN, dyslipidemia. FIB-4 1.75, APRI 0.61. Lifestyle modification counselled; FibroScan scheduled.",44814645,36716177,
400341,401252,400082,2023-06-24,"Transient elastography (FibroScan). Liver stiffness measurement 9.9 kPa (IQR/median 25%, 10 valid measurements), CAP 291 dB/m. Interpretation: fibrosis stage F3, steatosis S2.",44814637,36716164,
400342,401256,400082,2024-06-08,"Transient elastography (FibroScan). Liver stiffness measurement 11.1 kPa (IQR/median 20%, 10 valid measurements), CAP 349 dB/m. Interpretation: fibrosis stage F3, steatosis S2.",44814637,36716164,
400343,401265,400083,2024-07-05,"Abdomen ultrasonography. Liver: diffusely increased parenchymal echogenicity with mild posterior attenuation, compatible with mild hepatic steatosis. Liver contour smooth. Spleen normal in size. No focal hepatic lesion. Gallbladder and bile ducts unremarkable. Impression: 경도 지방간.",44814637,36716164,
400344,401265,400083,2024-07-05,"Outpatient note. MASLD confirmed on ultrasound (mild steatosis). BMI 27.2. Cardiometabolic risk: T2DM, HTN, dyslipidemia, obesity. FIB-4 1.96, APRI 0.53. Lifestyle modification counselled; FibroScan scheduled.",44814645,36716177,
400345,401266,400083,2024-08-03,"Transient elastography (FibroScan). Liver stiffness measurement 8.4 kPa (IQR/median 20%, 10 valid measurements), CAP 253 dB/m. Interpretation: fibrosis stage F2, steatosis S1.",44814637,36716164,
400346,401270,400083,2025-07-28,"Transient elastography (FibroScan). Liver stiffness measurement 8.7 kPa (IQR/median 21%, 10 valid measurements), CAP 264 dB/m. Interpretation: fibrosis stage F2, steatosis S1.",44814637,36716164,
400347,401274,400083,2026-08-14,"Transient elastography (FibroScan). Liver stiffness measurement 7.7 kPa (IQR/median 25%, 10 valid measurements), CAP 248 dB/m. Interpretation: fibrosis stage F2, steatosis S1.",44814637,36716164,
400348,401275,400084,2023-09-10,"Abdomen ultrasonography. Liver: diffusely increased parenchymal echogenicity with marked posterior attenuation and poor visualization of the diaphragm, compatible with severe hepatic steatosis. Liver contour smooth. Spleen normal in size. No focal hepatic lesion. Gallbladder and bile ducts unremarkable. Impression: 고도 지방간.",44814637,36716164,
400349,401275,400084,2023-09-10,"Outpatient note. MASLD confirmed on ultrasound (severe steatosis). BMI 26.7. Cardiometabolic risk: T2DM, dyslipidemia, obesity. FIB-4 1.86, APRI 0.94. Lifestyle modification counselled; FibroScan scheduled.",NOT_A_NUMBER,36716177,
400350,401276,400084,2023-10-12,"Transient elastography (FibroScan). Liver stiffness measurement 10.4 kPa (IQR/median 24%, 10 valid measurements), CAP 322 dB/m. Interpretation: fibrosis stage F3, steatosis S3.",44814637,36716164,
400351,401284,400084,2025-10-02,"Transient elastography (FibroScan). Liver stiffness measurement 11.7 kPa (IQR/median 21%, 10 valid measurements), CAP 339 dB/m. Interpretation: fibrosis stage F3, steatosis S3.",44814637,36716164,
400352,401288,400085,2023-08-18,"Abdomen ultrasonography. Liver: diffusely increased parenchymal echogenicity with mild posterior attenuation, compatible with mild hepatic steatosis. Liver contour smooth. Spleen normal in size. No focal hepatic lesion. Gallbladder and bile ducts unremarkable. Impression: 경도 지방간.",44814637,36716164,
400353,401288,400085,2023-08-18,"Outpatient note. MASLD confirmed on ultrasound (mild steatosis). BMI 27.9. Cardiometabolic risk: HTN, obesity. FIB-4 2.87, APRI 0.95. Lifestyle modification counselled; FibroScan scheduled.",44814645,36716177,
400354,401295,400085,2025-02-01,"Transient elastography (FibroScan). Liver stiffness measurement 21.7 kPa (IQR/median 13%, 10 valid measurements), CAP 226 dB/m. Interpretation: fibrosis stage F4, steatosis S1.",44814637,36716164,
400355,401301,400086,2019-01-02,"Abdomen ultrasonography. Liver: diffusely increased parenchymal echogenicity with mild posterior attenuation, compatible with mild hepatic steatosis. Liver contour smooth. Spleen normal in size. No focal hepatic lesion. Gallbladder and bile ducts unremarkable. Impression: 경도 지방간.",44814637,36716164,
400356,401301,400086,2019-01-02,"Outpatient note. MASLD confirmed on ultrasound (mild steatosis). BMI 31.8. Cardiometabolic risk: HTN, dyslipidemia, obesity. FIB-4 0.73, APRI 0.29. Lifestyle modification counselled; FibroScan scheduled.",44814645,36716177,
400357,401302,400086,2019-01-31,"Transient elastography (FibroScan). Liver stiffness measurement 4.5 kPa (IQR/median 11%, 10 valid measurements), CAP 233 dB/m. Interpretation: fibrosis stage F0, steatosis S1.",44814637,36716164,
400358,401314,400087,2021-05-19,"Abdomen ultrasonography. Liver: diffusely increased parenchymal echogenicity with marked posterior attenuation and poor visualization of the diaphragm, compatible with severe hepatic steatosis. Liver contour smooth. Spleen normal in size. No focal hepatic lesion. Gallbladder and bile ducts unremarkable. Impression: 고도 지방간.",44814637,36716164,
400359,401314,400087,2021-05-19,"Outpatient note. MASLD confirmed on ultrasound (severe steatosis). BMI 24.0. Cardiometabolic risk: HTN, dyslipidemia. FIB-4 0.76, APRI 0.35. Lifestyle modification counselled; FibroScan scheduled.",44814645,36716177,
400360,401315,400087,2021-06-18,"Transient elastography (FibroScan). Liver stiffness measurement 4.0 kPa (IQR/median 23%, 10 valid measurements), CAP 354 dB/m. Interpretation: fibrosis stage F0, steatosis S3.",44814637,36716164,
400361,401329,400088,2020-10-01,"Abdomen ultrasonography. Liver: diffusely increased parenchymal echogenicity with moderate posterior attenuation, compatible with moderate hepatic steatosis. Liver contour smooth. Spleen normal in size. No focal hepatic lesion. Gallbladder and bile ducts unremarkable. Impression: 중등도 지방간.",44814637,36716164,
400362,401329,400088,2020-10-01,"Outpatient note. MASLD confirmed on ultrasound (moderate steatosis). BMI 23.3. Cardiometabolic risk: T2DM, HTN, dyslipidemia. FIB-4 1.66, APRI 0.52. Lifestyle modification counselled; FibroScan scheduled.",44814645,36716177,
400363,401330,400088,2020-11-05,"Transient elastography (FibroScan). Liver stiffness measurement 5.7 kPa (IQR/median 9%, 10 valid measurements), CAP 287 dB/m. Interpretation: fibrosis stage F1, steatosis S2.",44814637,36716164,
400364,401332,400088,2020-12-14,"Liver, percutaneous needle biopsy: Metabolic dysfunction-associated steatohepatitis. Steatosis grade 2 (36%), lobular inflammation 3, hepatocellular ballooning 0; NAS 5/8. Fibrosis stage F1 (Kleiner). Portal tracts: mild periportal fibrosis. Iron stain negative.",44814640,36716165,
400365,401340,400088,2022-10-08,"Transient elastography (FibroScan). Liver stiffness measurement 6.3 kPa (IQR/median 14%, 10 valid measurements), CAP 309 dB/m. Interpretation: fibrosis stage F1, steatosis S2.",44814637,36716164,
400366,401344,400088,2023-09-15,"Transient elastography (FibroScan). Liver stiffness measurement 6.0 kPa (IQR/median 9%, 10 valid measurements), CAP 291 dB/m. Interpretation: fibrosis stage F1, steatosis S2.",44814637,36716164,
400367,401348,400088,2024-09-18,"Transient elastography (FibroScan). Liver stiffness measurement 6.5 kPa (IQR/median 12%, 10 valid measurements), CAP 323 dB/m. Interpretation: fibrosis stage F1, steatosis S2.",44814637,36716164,
400368,401350,400089,2021-06-10,"Abdomen ultrasonography. Liver: diffusely increased parenchymal echogenicity with marked posterior attenuation and poor visualization of the diaphragm, compatible with severe hepatic steatosis. Liver contour nodular and irregular. Spleen enlarged (17 cm). No focal hepatic lesion. Gallbladder and bile ducts unremarkable. Impression: 고도 지방간, 간경변 형태.",44814637,36716164,
400369,401350,400089,2021-06-10,"Outpatient note. MASLD confirmed on ultrasound (severe steatosis). BMI 21.0. Cardiometabolic risk: T2DM. FIB-4 6.35, APRI 2.03. Lifestyle modification counselled; FibroScan scheduled.",44814645,36716177,
400370,401351,400089,2021-07-08,"Transient elastography (FibroScan). Liver stiffness measurement 28.3 kPa (IQR/median 25%, 10 valid measurements), CAP 322 dB/m. Interpretation: fibrosis stage F4, steatosis S3.",44814637,36716164,
400371,401355,400089,2022-06-14,"Transient elastography (FibroScan). Liver stiffness measurement 30.5 kPa (IQR/median 11%, 10 valid measurements), CAP 330 dB/m. Interpretation: fibrosis stage F4, steatosis S3.",44814637,36716164,
400372,401359,400089,2023-06-14,"Transient elastography (FibroScan). Liver stiffness measurement 29.9 kPa (IQR/median 5%, 10 valid measurements), CAP 353 dB/m. Interpretation: fibrosis stage F4, steatosis S3.",44814637,36716164,
400373,401363,400090,2021-05-19,"Abdomen ultrasonography. Liver: diffusely increased parenchymal echogenicity with mild posterior attenuation, compatible with mild hepatic steatosis. Liver contour smooth. Spleen normal in size. No focal hepatic lesion. Gallbladder and bile ducts unremarkable. Impression: 경도 지방간.",44814637,36716164,
400374,401363,400090,2021-05-19,"Outpatient note. MASLD confirmed on ultrasound (mild steatosis). BMI 24.8. Cardiometabolic risk: HTN, dyslipidemia. FIB-4 1.01, APRI 0.41. Lifestyle modification counselled; FibroScan scheduled.",44814645,36716177,
400375,401364,400090,2021-06-19,"Transient elastography (FibroScan). Liver stiffness measurement 8.6 kPa (IQR/median 6%, 10 valid measurements), CAP 287 dB/m. Interpretation: fibrosis stage F2, steatosis S1.",44814637,36716164,
400376,401368,400090,2022-05-27,"Transient elastography (FibroScan). Liver stiffness measurement 8.4 kPa (IQR/median 12%, 10 valid measurements), CAP 260 dB/m. Interpretation: fibrosis stage F2, steatosis S1.",44814637,36716164,
400377,401380,400091,2020-01-17,"Abdomen ultrasonography. Liver: diffusely increased parenchymal echogenicity with moderate posterior attenuation, compatible with moderate hepatic steatosis. Liver contour smooth. Spleen normal in size. No focal hepatic lesion. Gallbladder and bile ducts unremarkable. Impression: 중등도 지방간.",44814637,36716164,
400378,401380,400091,2020-01-17,"Outpatient note. MASLD confirmed on ultrasound (moderate steatosis). BMI 19.7. Cardiometabolic risk: T2DM. FIB-4 0.77, APRI 0.38. Lifestyle modification counselled; FibroScan scheduled.",44814645,36716177,
400379,401390,400091,2022-02-01,"Transient elastography (FibroScan). Liver stiffness measurement 5.8 kPa (IQR/median 25%, 10 valid measurements), CAP 301 dB/m. Interpretation: fibrosis stage F1, steatosis S2.",44814637,36716164,
400380,401405,400092,2026-13-45,"Abdomen ultrasonography. Liver: diffusely increased parenchymal echogenicity with moderate posterior attenuation, compatible with moderate hepatic steatosis. Liver contour smooth. Spleen normal in size. No focal hepatic lesion. Gallbladder and bile ducts unremarkable. Impression: 중등도 지방간.",44814637,36716164,
400381,401405,400092,2023-07-17,"Outpatient note. MASLD confirmed on ultrasound (moderate steatosis). BMI 24.2. Cardiometabolic risk: dyslipidemia. FIB-4 1.59, APRI 0.63. Lifestyle modification counselled; FibroScan scheduled.",44814645,36716177,
400382,401406,400092,2023-08-20,"Transient elastography (FibroScan). Liver stiffness measurement 9.7 kPa (IQR/median 12%, 10 valid measurements), CAP 301 dB/m. Interpretation: fibrosis stage F3, steatosis S2.",44814637,36716164,
400383,401416,400092,2026-01-17,"Transient elastography (FibroScan). Liver stiffness measurement 16.8 kPa (IQR/median 11%, 10 valid measurements), CAP 276 dB/m. Interpretation: fibrosis stage F4, steatosis S2.",44814637,36716164,
400384,401418,400092,2026-07-29,"Transient elastography (FibroScan). Liver stiffness measurement 26.4 kPa (IQR/median 24%, 10 valid measurements), CAP 282 dB/m. Interpretation: fibrosis stage F4, steatosis S2.",44814637,36716164,
400385,401419,400093,2019-07-12,"Abdomen ultrasonography. Liver: diffusely increased parenchymal echogenicity with moderate posterior attenuation, compatible with moderate hepatic steatosis. Liver contour smooth. Spleen normal in size. No focal hepatic lesion. Gallbladder and bile ducts unremarkable. Impression: 중등도 지방간.",44814637,36716164,
400386,401419,400093,2019-07-12,"Outpatient note. MASLD confirmed on ultrasound (moderate steatosis). BMI 31.0. Cardiometabolic risk: T2DM, obesity. FIB-4 0.88, APRI 0.43. Lifestyle modification counselled; FibroScan scheduled.",44814645,36716177,
400387,401420,400093,2019-08-12,"Transient elastography (FibroScan). Liver stiffness measurement 6.1 kPa (IQR/median 13%, 10 valid measurements), CAP 285 dB/m. Interpretation: fibrosis stage F1, steatosis S2.",44814637,36716164,
400388,401422,400093,2019-09-19,"Liver, percutaneous needle biopsy: Metabolic dysfunction-associated steatohepatitis. Steatosis grade 2 (56%), lobular inflammation 3, hepatocellular ballooning 0; NAS 5/8. Fibrosis stage F1 (Kleiner). Portal tracts: mild periportal fibrosis. Iron stain negative.",44814640,36716165,
400389,401426,400093,2099-01-01,"Transient elastography (FibroScan). Liver stiffness measurement 6.5 kPa (IQR/median 11%, 10 valid measurements), CAP 266 dB/m. Interpretation: fibrosis stage F1, steatosis S2.",44814637,36716164,
400390,401430,400093,2021-08-15,"Transient elastography (FibroScan). Liver stiffness measurement 6.7 kPa (IQR/median 21%, 10 valid measurements), CAP 283 dB/m. Interpretation: fibrosis stage F1, steatosis S2.",44814637,36716164,
400391,401432,400094,2023-02-27,"Abdomen ultrasonography. Liver: diffusely increased parenchymal echogenicity with mild posterior attenuation, compatible with mild hepatic steatosis. Liver contour nodular and irregular. Spleen enlarged (17 cm). No focal hepatic lesion. Gallbladder and bile ducts unremarkable. Impression: 경도 지방간, 간경변 형태.",44814637,36716164,
400392,401432,400094,2023-02-27,"Outpatient note. MASLD confirmed on ultrasound (mild steatosis). BMI 24.2. Cardiometabolic risk: T2DM, dyslipidemia. FIB-4 10.46, APRI 2.84. Lifestyle modification counselled; FibroScan scheduled.",44814645,36716177,
400393,401433,400094,2023-03-30,"Transient elastography (FibroScan). Liver stiffness measurement 21.0 kPa (IQR/median 13%, 10 valid measurements), CAP 272 dB/m. Interpretation: fibrosis stage F4, steatosis S1.",44814637,36716164,
400394,401437,400094,2024-02-25,"Transient elastography (FibroScan). Liver stiffness measurement 13.9 kPa (IQR/median 22%, 10 valid measurements), CAP 255 dB/m. Interpretation: fibrosis stage F4, steatosis S1.",44814637,36716164,
400395,401445,400095,2021-08-13,"Abdomen ultrasonography. Liver: diffusely increased parenchymal echogenicity with moderate posterior attenuation, compatible with moderate hepatic steatosis. Liver contour nodular and irregular. Spleen enlarged (16 cm). No focal hepatic lesion. Gallbladder and bile ducts unremarkable. Impression: 중등도 지방간, 간경변 형태.",44814637,36716164,
400396,401445,400095,2021-08-13,"Outpatient note. MASLD confirmed on ultrasound (moderate steatosis). BMI 23.1. Cardiometabolic risk: HTN, dyslipidemia. FIB-4 4.84, APRI 1.52. Lifestyle modification counselled; FibroScan scheduled.",44814645,36716177,
400397,401446,400095,2021-09-12,"Transient elastography (FibroScan). Liver stiffness measurement 20.8 kPa (IQR/median 24%, 10 valid measurements), CAP 277 dB/m. Interpretation: fibrosis stage F4, steatosis S2.",44814637,36716164,
400398,401458,400096,2024-08-18,"Abdomen ultrasonography. Liver: diffusely increased parenchymal echogenicity with moderate posterior attenuation, compatible with moderate hepatic steatosis. Liver contour smooth. Spleen normal in size. No focal hepatic lesion. Gallbladder and bile ducts unremarkable. Impression: 중등도 지방간.",44814637,36716164,
400399,401458,400096,2024-08-18,"Outpatient note. MASLD confirmed on ultrasound (moderate steatosis). BMI 24.3. Cardiometabolic risk: HTN. FIB-4 0.31, APRI 0.13. Lifestyle modification counselled; FibroScan scheduled.",44814645,36716177,
400400,401459,400096,2024-09-19,"Transient elastography (FibroScan). Liver stiffness measurement 6.3 kPa (IQR/median 11%, 10 valid measurements), CAP 268 dB/m. Interpretation: fibrosis stage F1, steatosis S2.",44814637,36716164,
400401,401468,400097,2022-01-01,"Abdomen ultrasonography. Liver: diffusely increased parenchymal echogenicity with marked posterior attenuation and poor visualization of the diaphragm, compatible with severe hepatic steatosis. Liver contour smooth. Spleen normal in size. No focal hepatic lesion. Gallbladder and bile ducts unremarkable. Impression: 고도 지방간.",44814637,36716164,
400402,401468,400097,2022-01-01,"Outpatient note. MASLD confirmed on ultrasound (severe steatosis). BMI 22.9. Cardiometabolic risk: HTN. FIB-4 3.46, APRI 1.27. Lifestyle modification counselled; FibroScan scheduled.",44814645,36716177,
400403,401469,400097,2022-01-30,"Transient elastography (FibroScan). Liver stiffness measurement 11.5 kPa (IQR/median 11%, 10 valid measurements), CAP 307 dB/m. Interpretation: fibrosis stage F3, steatosis S3.",44814637,36716164,
400404,401473,400097,2023-01-29,"Transient elastography (FibroScan). Liver stiffness measurement 11.7 kPa (IQR/median 25%, 10 valid measurements), CAP 329 dB/m. Interpretation: fibrosis stage F3, steatosis S3.",44814637,36716164,
400405,401479,400097,2024-07-27,"Transient elastography (FibroScan). Liver stiffness measurement 25.0 kPa (IQR/median 6%, 10 valid measurements), CAP 330 dB/m. Interpretation: fibrosis stage F4, steatosis S3.",44814637,36716164,
400406,401486,400098,2022-03-01,"Abdomen ultrasonography. Liver: diffusely increased parenchymal echogenicity with mild posterior attenuation, compatible with mild hepatic steatosis. Liver contour nodular and irregular. Spleen enlarged (15 cm). No focal hepatic lesion. Gallbladder and bile ducts unremarkable. Impression: 경도 지방간, 간경변 형태.",44814637,36716164,
400407,401486,400098,2022-03-01,"Outpatient note. MASLD confirmed on ultrasound (mild steatosis). BMI 27.0. Cardiometabolic risk: T2DM, HTN, dyslipidemia. FIB-4 7.36, APRI 2.27. Lifestyle modification counselled; FibroScan scheduled.",44814645,36716177,
400408,401487,400098,2022-04-02,"Transient elastography (FibroScan). Liver stiffness measurement 22.8 kPa (IQR/median 23%, 10 valid measurements), CAP 261 dB/m. Interpretation: fibrosis stage F4, steatosis S1.",44814637,36716164,
400409,401491,400098,2023-02-22,"Transient elastography (FibroScan). Liver stiffness measurement 21.0 kPa (IQR/median 22%, 10 valid measurements), CAP 258 dB/m. Interpretation: fibrosis stage F4, steatosis S1.",44814637,36716164,
400410,401495,400098,2024-02-25,"Transient elastography (FibroScan). Liver stiffness measurement 27.1 kPa (IQR/median 9%, 10 valid measurements), CAP 269 dB/m. Interpretation: fibrosis stage F4, steatosis S1.",44814637,36716164,
400411,401497,400098,2024-06-30,"Discharge summary. Admitted for living donor liver transplantation for decompensated MASLD cirrhosis (MELD 25). Procedure 2024-06-16, uneventful graft reperfusion. Postoperative course: transient acute kidney injury, recovered. Discharged on POD 14 with immunosuppression and outpatient follow-up.",44814641,36716213,
400412,401498,400099,2023-04-07,"Abdomen ultrasonography. Liver: diffusely increased parenchymal echogenicity with moderate posterior attenuation, compatible with moderate hepatic steatosis. Liver contour smooth. Spleen normal in size. No focal hepatic lesion. Gallbladder and bile ducts unremarkable. Impression: 중등도 지방간.",44814637,36716164,
400413,401498,400099,2023-04-07,"Outpatient note. MASLD confirmed on ultrasound (moderate steatosis). BMI 29.3. Cardiometabolic risk: obesity. FIB-4 1.11, APRI 0.48. Lifestyle modification counselled; FibroScan scheduled.",44814645,36716177,
NOT_A_NUMBER,401499,400099,2023-05-07,"Transient elastography (FibroScan). Liver stiffness measurement 10.0 kPa (IQR/median 24%, 10 valid measurements), CAP 270 dB/m. Interpretation: fibrosis stage F3, steatosis S2.",44814637,36716164,
400415,401503,400099,2025-04-21,"Transient elastography (FibroScan). Liver stiffness measurement 11.1 kPa (IQR/median 5%, 10 valid measurements), CAP 298 dB/m. Interpretation: fibrosis stage F3, steatosis S2.",44814637,36716164,
400416,401504,400099,2025-10-27,"Transient elastography (FibroScan). Liver stiffness measurement 31.2 kPa (IQR/median 15%, 10 valid measurements), CAP 263 dB/m. Interpretation: fibrosis stage F4, steatosis S2.",44814637,36716164,
400417,401505,400100,2023-06-02,"Abdomen ultrasonography. Liver: diffusely increased parenchymal echogenicity with mild posterior attenuation, compatible with mild hepatic steatosis. Liver contour smooth. Spleen normal in size. No focal hepatic lesion. Gallbladder and bile ducts unremarkable. Impression: 경도 지방간.",44814637,36716164,
400418,401505,400100,2023-06-02,"Outpatient note. MASLD confirmed on ultrasound (mild steatosis). BMI 21.8. Cardiometabolic risk: HTN. FIB-4 0.57, APRI 0.2. Lifestyle modification counselled; FibroScan scheduled.",44814645,36716177,
400419,401510,400100,2024-06-08,"Transient elastography (FibroScan). Liver stiffness measurement 6.9 kPa (IQR/median 22%, 10 valid measurements), CAP 253 dB/m. Interpretation: fibrosis stage F1, steatosis S1.",44814637,36716164,
400420,401518,400100,2026-05-29,"Transient elastography (FibroScan). Liver stiffness measurement 6.3 kPa (IQR/median 16%, 10 valid measurements), CAP 256 dB/m. Interpretation: fibrosis stage F1, steatosis S1.",44814637,36716164,
